local_t_yr,phase,pos_noNN_err,pos_encounterNN_err,pos_gain_instant_pct,vel_noNN_err,vel_encounterNN_err,vel_gain_instant_pct
0.0,pre_correction_window,1.2621656163383514e-15,1.2621656163383514e-15,0.0,1.1722761033141078e-17,1.1722761033141078e-17,0.0
0.004,pre_correction_window,0.053061693827401245,0.053061693827401245,0.0,0.05025531646520492,0.05025531646520492,0.0
0.008,pre_correction_window,0.05027155004915993,0.05027155004915993,0.0,0.04770187354441322,0.04770187354441322,0.0
0.012,pre_correction_window,0.04748132413456871,0.04748132413456871,0.0,0.04514298040732898,0.04514298040732898,0.0
0.016,pre_correction_window,0.04469100596368226,0.04469100596368226,0.0,0.04257818545991284,0.04257818545991284,0.0
0.02,pre_correction_window,0.041900584876190916,0.041900584876190916,0.0,0.04000700885391933,0.04000700885391933,0.0
0.024,pre_correction_window,0.03911004967591638,0.03911004967591638,0.0,0.03742894150215686,0.03742894150215686,0.0
0.028,pre_correction_window,0.03631938865485336,0.03631938865485336,0.0,0.03484344451768369,0.03484344451768369,0.0
0.032,pre_correction_window,0.03352858964967438,0.03352858964967438,0.0,0.032249949403369414,0.032249949403369414,0.0
0.036000000000000004,pre_correction_window,0.030737640153140088,0.030737640153140088,0.0,0.029647859560390854,0.029647859560390854,0.0
0.04,pre_correction_window,0.027946527520954643,0.027946527520954643,0.0,0.027036554142645355,0.027036554142645355,0.0
0.044,pre_correction_window,0.025155239350801613,0.025155239350801613,0.0,0.02441539619657489,0.02441539619657489,0.0
0.048,pre_correction_window,0.022363764187179554,0.022363764187179554,0.0,0.021783748953314343,0.021783748953314343,0.0
0.052000000000000005,pre_correction_window,0.019572092881292188,0.019572092881292188,0.0,0.01914100851202104,0.01914100851202104,0.0
0.056,pre_correction_window,0.016780221373977562,0.016780221373977562,0.0,0.01648667197516713,0.01648667197516713,0.0
0.06,pre_correction_window,0.01398815689673355,0.01398815689673355,0.0,0.01382048999579579,0.01382048999579579,0.0
0.064,pre_correction_window,0.011195933567653716,0.011195933567653716,0.0,0.011142848035379207,0.011142848035379207,0.0
0.068,pre_correction_window,0.008403659248599139,0.008403659248599139,0.0,0.00845589083015128,0.00845589083015128,0.0
0.07200000000000001,pre_correction_window,0.0056117025647518465,0.0056117025647518465,0.0,0.005767833528247112,0.005767833528247112,0.0
0.076,pre_correction_window,0.0028219905540944603,0.0028219905540944603,0.0,0.003119661836965011,0.003119661836965011,0.0
0.08,pre_correction_window,0.00021194780363985582,0.00021194780363985582,0.0,0.0010938863087256445,0.0010938863087256445,0.0
0.084,pre_correction_window,0.05324265492786875,0.05324265492786875,0.0,0.0604699271387606,0.0604699271387606,0.0
0.088,pre_correction_window,0.050449630941300415,0.050449630941300415,0.0,0.057800950911862076,0.057800950911862076,0.0
0.092,pre_correction_window,0.04765589475177528,0.04765589475177528,0.0,0.05510087209838406,0.05510087209838406,0.0
0.096,pre_correction_window,0.04486140773620558,0.04486140773620558,0.0,0.05236751298930652,0.05236751298930652,0.0
0.1,pre_correction_window,0.04206612952050586,0.04206612952050586,0.0,0.04959858323238409,0.04959858323238409,0.0
0.10400000000000001,pre_correction_window,0.0392700181733196,0.0392700181733196,0.0,0.04679168297747352,0.04679168297747352,0.0
0.108,pre_correction_window,0.03647303056244097,0.03647303056244097,0.0,0.04394431052079538,0.04394431052079538,0.0
0.112,pre_correction_window,0.033675122974494744,0.033675122974494744,0.0,0.04105387704104065,0.04105387704104065,0.0
0.116,pre_correction_window,0.030876252171729436,0.030876252171729436,0.0,0.038117732780906376,0.038117732780906376,0.0
0.12,pre_correction_window,0.02807637719891612,0.02807637719891612,0.0,0.035133212279669056,0.035133212279669056,0.0
0.124,pre_correction_window,0.025275462531428334,0.025275462531428334,0.0,0.03209771256414905,0.03209771256414905,0.0
0.128,pre_correction_window,0.02247348374611361,0.02247348374611361,0.0,0.029008831112441024,0.029008831112441024,0.0
0.132,pre_correction_window,0.019670438245419357,0.019670438245419357,0.0,0.02586461861618317,0.02586461861618317,0.0
0.136,pre_correction_window,0.016866366934519005,0.016866366934519005,0.0,0.02266406821250573,0.02266406821250573,0.0
0.14,pre_correction_window,0.014061402174044134,0.014061402174044134,0.0,0.019408135965892404,0.019408135965892404,0.0
0.14400000000000002,pre_correction_window,0.01125588789823852,0.01125588789823852,0.0,0.016102093720213845,0.016102093720213845,0.0
0.148,pre_correction_window,0.008450739647704212,0.008450739647704212,0.0,0.012761741137436432,0.012761741137436432,0.0
0.152,pre_correction_window,0.005648877612632712,0.005648877612632712,0.0,0.009433202217610574,0.009433202217610574,0.0
0.156,pre_correction_window,0.002865056957948863,0.002865056957948863,0.0,0.006274999963657852,0.006274999963657852,0.0
0.16,pre_correction_window,0.0005854244108013183,0.0005854244108013183,0.0,0.003993557267416283,0.003993557267416283,0.0
0.164,pre_correction_window,0.05397236072394156,0.05397236072394156,0.0,0.09373881956720127,0.09373881956720127,0.0
0.168,pre_correction_window,0.0511559358967072,0.0511559358967072,0.0,0.09021030902722742,0.09021030902722742,0.0
0.17200000000000001,pre_correction_window,0.048336768363568164,0.048336768363568164,0.0,0.08656236045321188,0.08656236045321188,0.0
0.176,pre_correction_window,0.04551470864147825,0.04551470864147825,0.0,0.08278923040686478,0.08278923040686478,0.0
0.18,pre_correction_window,0.04268960427174868,0.04268960427174868,0.0,0.07888534115559696,0.07888534115559696,0.0
0.184,pre_correction_window,0.0398613019027517,0.0398613019027517,0.0,0.0748454246103195,0.0748454246103195,0.0
0.188,pre_correction_window,0.037029650427001945,0.037029650427001945,0.0,0.07066471935948289,0.07066471935948289,0.0
0.192,pre_correction_window,0.03419450574244407,0.03419450574244407,0.0,0.06633924564269933,0.06633924564269933,0.0
0.196,pre_correction_window,0.031355738108805396,0.031355738108805396,0.0,0.061866199478628384,0.061866199478628384,0.0
0.2,pre_correction_window,0.028513243831299766,0.028513243831299766,0.0,0.057244537472970564,0.057244537472970564,0.0
0.20400000000000001,pre_correction_window,0.025666964528435164,0.025666964528435164,0.0,0.052475882510111156,0.052475882510111156,0.0
0.20800000000000002,pre_correction_window,0.02281692048713008,0.02281692048713008,0.0,0.047565999839091745,0.047565999839091745,0.0
0.212,pre_correction_window,0.019963272049625728,0.019963272049625728,0.0,0.04252734926983235,0.04252734926983235,0.0
0.216,pre_correction_window,0.017106441637485353,0.017106441637485353,0.0,0.03738380369566615,0.03738380369566615,0.0
0.22,pre_correction_window,0.014247381425525864,0.014247381425525864,0.0,0.032180046611950924,0.032180046611950924,0.0
0.224,pre_correction_window,0.011388242377828543,0.011388242377828543,0.0,0.027001838668325503,0.027001838668325503,0.0
0.228,pre_correction_window,0.008534382710699156,0.008534382710699156,0.0,0.022023091481047544,0.022023091481047544,0.0
0.232,pre_correction_window,0.00570236477906426,0.00570236477906426,0.0,0.01761795701077782,0.01761795701077782,0.0
0.23600000000000002,pre_correction_window,0.0029731003528133985,0.0029731003528133985,0.0,0.014575823280946221,0.014575823280946221,0.0
0.24,pre_correction_window,0.001382423798931579,0.001382423798931579,0.0,0.01408698926669822,0.01408698926669822,0.0
0.244,pre_correction_window,0.05591052906692287,0.05591052906692287,0.0,0.1175495446573557,0.1175495446573557,0.0
0.248,pre_correction_window,0.05300800004583468,0.05300800004583468,0.0,0.1114300832132073,0.1114300832132073,0.0
0.252,pre_correction_window,0.05009758093123825,0.05009758093123825,0.0,0.1051338776118101,0.1051338776118101,0.0
0.256,pre_correction_window,0.04717917031699022,0.04717917031699022,0.0,0.09867607157093146,0.09867607157093146,0.0
0.26,pre_correction_window,0.044252718577875605,0.044252718577875605,0.0,0.0920759709285586,0.0920759709285586,0.0
0.264,pre_correction_window,0.04131823648989396,0.04131823648989396,0.0,0.08535771119821028,0.08535771119821028,0.0
0.268,pre_correction_window,0.03837580552570685,0.03837580552570685,0.0,0.07855122075160706,0.07855122075160706,0.0
0.272,pre_correction_window,0.03542559108230031,0.03542559108230031,0.0,0.07169371353719643,0.07169371353719643,0.0
0.276,pre_correction_window,0.032467860971478656,0.032467860971478656,0.0,0.06483212373004021,0.06483212373004021,0.0
0.28,pre_correction_window,0.029503013538719907,0.029503013538719907,0.0,0.05802721445968002,0.05802721445968002,0.0
0.28400000000000003,pre_correction_window,0.026531623839123372,0.026531623839123372,0.0,0.0513606611736272,0.0513606611736272,0.0
0.28800000000000003,pre_correction_window,0.02355452494755165,0.02355452494755165,0.0,0.04494735529611473,0.04494735529611473,0.0
0.292,pre_correction_window,0.020572961349282798,0.020572961349282798,0.0,0.03895636908882732,0.03895636908882732,0.0
0.296,pre_correction_window,0.017588901418562418,0.017588901418562418,0.0,0.033643654865123634,0.033643654865123634,0.0
0.3,pre_correction_window,0.014605737453108197,0.014605737453108197,0.0,0.02938908159203413,0.02938908159203413,0.0
0.304,pre_correction_window,0.011630065410461738,0.011630065410461738,0.0,0.02668847393807975,0.02668847393807975,0.0
0.308,pre_correction_window,0.00867709638568667,0.00867709638568667,0.0,0.02599075200380007,0.02599075200380007,0.0
0.312,pre_correction_window,0.005792253791651369,0.005792253791651369,0.0,0.027391355527275365,0.027391355527275365,0.0
0.316,pre_correction_window,0.0031853271730997346,0.0031853271730997346,0.0,0.03053604100213592,0.03053604100213592,0.0
0.32,pre_correction_window,0.002276982458181675,0.002276982458181675,0.0,0.03488688586626159,0.03488688586626159,0.0
0.324,pre_correction_window,0.057095541187890585,0.057095541187890585,0.0,0.09523263316991354,0.09523263316991354,0.0
0.328,pre_correction_window,0.054058677379324155,0.054058677379324155,0.0,0.08880032995831923,0.08880032995831923,0.0
0.332,pre_correction_window,0.051017090977648206,0.051017090977648206,0.0,0.08250003234896072,0.08250003234896072,0.0
0.336,pre_correction_window,0.047971322953617355,0.047971322953617355,0.0,0.07635108346473231,0.07635108346473231,0.0
0.34,pre_correction_window,0.04492194505819644,0.04492194505819644,0.0,0.07037402618679388,0.07037402618679388,0.0
0.34400000000000003,pre_correction_window,0.04186957223242293,0.04186957223242293,0.0,0.06459168550682677,0.06459168550682677,0.0
0.34800000000000003,pre_correction_window,0.03881488265229773,0.03881488265229773,0.0,0.059030663622339746,0.059030663622339746,0.0
0.352,pre_correction_window,0.035758649588716024,0.035758649588716024,0.0,0.05372338627888324,0.05372338627888324,0.0
0.356,pre_correction_window,0.032701792397576604,0.032701792397576604,0.0,0.04871085622983059,0.04871085622983059,0.0
0.36,pre_correction_window,0.029645459986409044,0.029645459986409044,0.0,0.04404621327361751,0.04404621327361751,0.0
0.364,pre_correction_window,0.02659117230471822,0.02659117230471822,0.0,0.0397989276727995,0.0397989276727995,0.0
0.368,pre_correction_window,0.023541071619907095,0.023541071619907095,0.0,0.03605867274192816,0.03605867274192816,0.0
0.372,pre_correction_window,0.020498395885407555,0.020498395885407555,0.0,0.03293622968944546,0.03293622968944546,0.0
0.376,pre_correction_window,0.01746843914529063,0.01746843914529063,0.0,0.030556253461801446,0.030556253461801446,0.0
0.38,pre_correction_window,0.01446069262463714,0.01446069262463714,0.0,0.0290357331188038,0.0290357331188038,0.0
0.384,pre_correction_window,0.01149423891878404,0.01149423891878404,0.0,0.028448384650519586,0.028448384650519586,0.0
0.388,pre_correction_window,0.008613731359138191,0.008613731359138191,0.0,0.028791083587785267,0.028791083587785267,0.0
0.392,pre_correction_window,0.005947750618102328,0.005947750618102328,0.0,0.029977400167136806,0.029977400167136806,0.0
0.396,pre_correction_window,0.00395966395123886,0.00395966395123886,0.0,0.03186506658297923,0.03186506658297923,0.0
0.4,pre_correction_window,0.0038891381025209586,0.0038891381025209586,0.0,0.034296538499429804,0.034296538499429804,0.0
0.404,pre_correction_window,0.05689185039175567,0.05689185039175567,0.0,0.07075292443972496,0.07075292443972496,0.0
0.40800000000000003,pre_correction_window,0.05381356224143089,0.05381356224143089,0.0,0.06652272988323465,0.06652272988323465,0.0
0.41200000000000003,pre_correction_window,0.05073589790562404,0.05073589790562404,0.0,0.06241495133704907,0.06241495133704907,0.0
0.41600000000000004,pre_correction_window,0.047659320035251154,0.047659320035251154,0.0,0.058435235628521966,0.058435235628521966,0.0
0.42,pre_correction_window,0.04458437538795765,0.04458437538795765,0.0,0.054591124140345025,0.054591124140345025,0.0
0.424,pre_correction_window,0.0415117299888962,0.0415117299888962,0.0,0.05089258444675441,0.05089258444675441,0.0
0.428,pre_correction_window,0.0384422206372119,0.0384422206372119,0.0,0.047352670563716164,0.047352670563716164,0.0
0.432,pre_correction_window,0.03537693255649638,0.03537693255649638,0.0,0.04398832611883538,0.04398832611883538,0.0
0.436,pre_correction_window,0.032317320260782906,0.032317320260782906,0.0,0.04082131963548883,0.04082131963548883,0.0
0.44,pre_correction_window,0.029265402611776046,0.029265402611776046,0.0,0.03787924229839135,0.03787924229839135,0.0
0.444,pre_correction_window,0.02622409096378928,0.02622409096378928,0.0,0.03519638130997098,0.03519638130997098,0.0
0.448,pre_correction_window,0.023197768634364832,0.023197768634364832,0.0,0.032814081398150785,0.032814081398150785,0.0
0.452,pre_correction_window,0.020193374639950114,0.020193374639950114,0.0,0.030779931644210716,0.030779931644210716,0.0
0.456,pre_correction_window,0.01722257466366885,0.01722257466366885,0.0,0.029144884177187736,0.029144884177187736,0.0
0.46,pre_correction_window,0.014306484648107421,0.014306484648107421,0.0,0.027957549719396364,0.027957549719396364,0.0
0.464,pre_correction_window,0.011487004267755238,0.011487004267755238,0.0,0.027255877435624916,0.027255877435624916,0.0
0.468,pre_correction_window,0.00885701902274805,0.00885701902274805,0.0,0.02705826044031336,0.02705826044031336,0.0
0.47200000000000003,pre_correction_window,0.006645554436449335,0.006645554436449335,0.0,0.027357685303808953,0.027357685303808953,0.0
0.47600000000000003,pre_correction_window,0.0053945757314511665,0.0053945757314511665,0.0,0.02812197985968011,0.02812197985968011,0.0
0.48,pre_correction_window,0.005767184851475261,0.005767184851475261,0.0,0.02930017273611336,0.02930017273611336,0.0
0.484,pre_correction_window,0.056411293099956794,0.011530559367375544,79.55983858241963,0.06101519329799078,0.027072351056303987,55.630147848445034
0.488,pre_correction_window,0.053338574517559134,0.008984271942214545,83.15614539106794,0.05781002496877449,0.026786724079952126,53.664223299642735
0.492,pre_correction_window,0.050268739173558785,0.006906584764389828,86.26067636082132,0.05467176378036018,0.0269548675231047,50.69691252070463
0.496,pre_correction_window,0.04720241724004056,0.005822720323209625,87.6643598703874,0.05160504202580011,0.027555890719368262,46.60232869185223
0.5,post_correction,0.04414040265176037,0.0013956849613973867,96.83807831929299,0.04861581682230283,0.0013959184806301467,97.12867422194631
0.504,post_correction,0.04108371441615122,0.05971622258556931,-45.3525403781239,0.0457116883930218,0.06200715885798247,-35.648367054077745
0.508,post_correction,0.038033686848112015,0.05662059831615887,-48.86960220888895,0.042902298532364345,0.05851521349388802,-36.39179133897851
0.512,post_correction,0.034992105887757766,0.05352482254264173,-52.96256451192258,0.040199821131703124,0.055051785543674556,-36.94534949126577
0.516,post_correction,0.03196142118913999,0.050428936758174475,-57.78064579715706,0.03761954816978171,0.051615812377005965,-37.2047642466554
0.52,post_correction,0.028945087327794286,0.04733298477913198,-63.52683356280935,0.03518055320753143,0.04820627646914956,-37.02535086580044
0.524,post_correction,0.02594813416412921,0.04423701426848806,-70.48244775010244,0.03290636979927679,0.04482220458557295,-36.21133190619539
0.528,post_correction,0.022978163155413258,0.04114107888300776,-79.04424563769204,0.030825540686412294,0.04146266732142322,-34.50751032470846
0.532,post_correction,0.02004717791305941,0.038045241405163535,-89.77853925454305,0.028971764986915675,0.038126779211066636,-31.599780780651713
0.536,post_correction,0.017175145936369207,0.03494957847567061,-103.48926643856444,0.027383209057240246,0.03481369977151842,-27.13520792521401
0.54,post_correction,0.014397373686662851,0.031854188020271276,-121.24999123819171,0.026100431834679565,0.031522636129579104,-20.774385378923395
0.544,post_correction,0.011780690859323165,0.02875920140419778,-144.12151840346382,0.02516249067157918,0.02825284845981796,-12.28160530121651
0.548,post_correction,0.009459670911518005,0.025664804305534215,-171.3075808407351,0.024601370413119966,0.025003660697705942,-1.635235264664092
0.552,post_correction,0.00770616423533271,0.02257127466618305,-192.89895695051385,0.02443592423857901,0.02177448184522738,10.891515161721571
0.556,post_correction,0.0069628791723463455,0.01947905666974974,-179.7557761322706,0.02466745457582124,0.018564850392919118,24.73949699246158
0.56,post_correction,0.007534819340081512,0.01638891819757529,-117.50910616256382,0.02527891709976077,0.015374534819549018,39.18040571566052
0.5640000000000001,post_correction,0.05600755937339735,0.01330232698057996,76.24905078992187,0.05701281021868421,0.012203790655734306,78.59465160737703
0.5680000000000001,post_correction,0.05294931051445171,0.010222505072508797,80.69379001692815,0.05418347513777774,0.009054150858923771,83.2898299049648
0.5720000000000001,post_correction,0.0498955994577472,0.007158186512014971,85.6536716868655,0.05139485022039162,0.005931697479555105,88.45857619174144
0.5760000000000001,post_correction,0.04684734483384821,0.004143859638276564,91.15454749255599,0.04865092583864082,0.0028713814880304287,94.09799209668927
0.58,post_correction,0.04380571577430582,0.0015148479972608823,96.54189420151098,0.04595668158445755,0.0009290534601608839,97.97841482863923
0.584,post_correction,0.04077222402448744,0.059749188986932183,-46.54385532427012,0.04331833578258262,0.05658913693215881,-30.6355286042916
0.588,post_correction,0.03774885918823546,0.05665440933601608,-50.08244104413251,0.04074366455479405,0.05351226901536601,-31.338870963361973
0.592,post_correction,0.034738292241560983,0.053559551861130685,-54.18015223284896,0.03824240700576149,0.05044794639763723,-31.91624258911551
0.596,post_correction,0.03174419031605495,0.050464643687558916,-58.9728488429453,0.03582677249270958,0.04739575939663508,-32.291457195257216
0.6,post_correction,0.028771718831501848,0.04736971597644875,-64.63985434399613,0.03351205914389876,0.044355320320153345,-32.35629636989562
0.604,post_correction,0.025828370594388105,0.04427480552452673,-71.41927464114441,0.031317372720626034,0.04132626477710345,-31.959552117491103
0.608,post_correction,0.02292538818076193,0.04117995706931513,-79.62599692803329,0.02926638944319242,0.038308253951582744,-30.89504609354376
0.612,post_correction,0.020080307523577427,0.03808522670220256,-89.66455895899273,0.02738801815397835,0.03530097838356737,-28.892051206850798
0.616,post_correction,0.01732170316337143,0.034990687076014756,-102.00488800666128,0.025716670186304653,0.03230416419637582,-25.6156569351631
0.62,post_correction,0.014698364129381969,0.03189643562592103,-117.0067045907523,0.02429164947973121,0.029317583464922387,-20.68996586413278
0.624,post_correction,0.012297180880770446,0.02880260806836861,-134.22122800038102,0.023155019965774196,0.02634107192697707,-13.75965974511025
0.628,post_correction,0.010275110297821997,0.025709401618891504,-150.21046853717078,0.022347418437929166,0.02337456044484615,-4.596244571917378
0.632,post_correction,0.00889458922819587,0.02261711721723646,-154.2795022567219,0.02190196178223195,0.020418133948985343,6.774862672120851
0.636,post_correction,0.008475146834849597,0.019526241781681126,-130.39414138985413,0.021837665360599216,0.017472149888001273,19.99076091931723
0.64,post_correction,0.009149914537153896,0.016437623016864085,-79.64783113675998,0.022154888754697427,0.014537499317249306,34.38243144341238
0.644,post_correction,0.05572249224465379,0.013352885988496143,76.03681125770667,0.05510590481554088,0.011616259073207433,78.92011915584874
0.648,post_correction,0.052679144655133646,0.010275596342727423,80.49399547012948,0.05241788102067745,0.008713637803914308,83.37659280718157
0.652,post_correction,0.04964198500334701,0.0072153773404025805,85.46517158829144,0.04975752986353986,0.005845621345344222,88.25178548578306
0.656,post_correction,0.046612266665374075,0.004209758038872225,90.96856183996852,0.04712822188847137,0.0030883057004459716,93.44701417389686
0.66,post_correction,0.04359158640645169,0.0016031371537518614,96.32237024180749,0.044534127310473834,0.001378885462896157,96.90375551027839
0.664,post_correction,0.040582009320756764,0.059791202306423666,-47.33425798076943,0.04198043007110734,0.054042226008805434,-28.731949428025313
0.668,post_correction,0.03758625142743149,0.05669631015755268,-50.84321528316639,0.03947360753379157,0.051152485042912595,-29.58654716096893
0.672,post_correction,0.034607952732564465,0.05360127545711475,-54.881381950913436,0.03702179597593654,0.04826858061633103,-30.37881967612993
0.676,post_correction,0.031652096043200184,0.05050612329403198,-59.56644142965756,0.03463526614948139,0.045390356633097644,-31.052426267488904
0.68,post_correction,0.02872566738471949,0.047410883678501985,-65.04710941449537,0.032327035020628385,0.042517672911904864,-31.52357735490952
0.684,post_correction,0.02583872906824457,0.04431559331858183,-71.50840972687415,0.030113634443592528,0.03965040836116088,-31.66928899077989
0.6880000000000001,post_correction,0.023006218932243683,0.04122029819249213,-79.17024224576531,0.028016034607738386,0.03678846574720777,-31.312179836636567
0.6920000000000001,post_correction,0.020251061498954583,0.03812505736899089,-88.2620196030663,0.0260606601425421,0.03393177897726877,-30.20306773379716
0.6960000000000001,post_correction,0.017609682432538975,0.0350299488476132,-98.92436437630046,0.024280308977779323,0.031080324488247157,-28.0062972703149
0.7000000000000001,post_correction,0.015141833573823793,0.03193507878827569,-110.90628577164497,0.022714555613371927,0.028234139602941827,-24.299766561669173
0.704,post_correction,0.01294722977322199,0.02884059667367972,-122.7549613225299,0.021408901531118858,0.025393353251346173,-18.611191771963288
0.708,post_correction,0.011187956041991742,0.025746721388900936,-130.1289108776062,0.020411688123778197,0.022558239829373418,-10.516287004672767
0.712,post_correction,0.010094373212317001,0.022653788635293208,-124.4199630706283,0.01976804564510957,0.019729319203844298,0.19590424850548754
0.716,post_correction,0.009889951158350401,0.019562343230815505,-97.80020060360353,0.0195114520097842,0.016907556281764265,13.345473861782231
0.72,post_correction,0.0106262363752223,0.01647333506101312,-55.0251140603721,0.01965561548469381,0.014094797911025343,28.291241136655213
0.724,post_correction,0.05554191473761463,0.013388585288218834,75.89462777531563,0.05411901983098547,0.01129485472591468,79.12960219680865
0.728,post_correction,0.052512023479974225,0.010312084814875569,80.36243105579783,0.051479459002850864,0.008516683882291792,83.45615115764882
0.732,post_correction,0.04949004660356213,0.007254568509425559,85.34135850075478,0.04886007003709503,0.005786535059565001,88.15692434502895
0.736,post_correction,0.046477594337798696,0.004257520804613966,90.8396274263458,0.04626370882898097,0.00321978757560153,93.04036002062907
0.74,post_correction,0.04347671637199491,0.0016838634689198709,96.12697643834825,0.043693906656809105,0.001768848500848981,95.95172728604405
0.744,post_correction,0.04049005990195093,0.05985797512667955,-47.83375295474782,0.04115506046144996,0.05284597209123809,-28.406984460001055
0.748,post_correction,0.037521099277036785,0.05676083894421724,-51.27712150735235,0.03865268619009625,0.050042324973796105,-29.466616440795143
0.752,post_correction,0.0345744768291656,0.053663468437418496,-55.21122330374705,0.03619375779323668,0.04724131437374153,-30.523375449479428
0.756,post_correction,0.03165652039050391,0.05056589034808712,-59.73293882057708,0.033787161895208105,0.04444289398740993,-31.53781346077808
0.76,post_correction,0.028776048353366477,0.04746813716681301,-64.95710802230344,0.031444306303853725,0.041647033593034496,-32.446978446874986
0.764,post_correction,0.025945653565175506,0.04437024915865666,-71.01226240918754,0.02917992652646462,0.03885372374554705,-33.15223295819067
0.768,post_correction,0.023183800169916807,0.04127227729956892,-78.02205418041706,0.027013130500983557,0.03606298268726502,-33.501678696410096
0.772,post_correction,0.020518313362593864,0.03817428764085359,-86.04983248987531,0.024968689449328802,0.033274866763860954,-33.266372796171865
0.776,post_correction,0.017992217538381986,0.035076367984188575,-94.95300070356387,0.02307848427299907,0.030489486571219755,-32.112170845167974
0.78,post_correction,0.015673219044173535,0.0319786384328959,-104.03363433361733,0.02138278796913371,0.027707032834728685,-29.576334361656162
0.784,post_correction,0.013667328808931699,0.028881268726583656,-111.31611838964126,0.019930635307354807,0.024927819566104247,-25.072879924230907
0.788,post_correction,0.012131076857544235,0.02578450805450839,-112.54921024157207,0.018777943562932196,0.022152359546997864,-17.970103982668213
0.792,post_correction,0.011258598347807612,0.0226887392456777,-101.5236581389892,0.01798174107191446,0.019381504252750214,-7.7843584513739525
0.796,post_correction,0.01120623087367208,0.019594584220313727,-74.85436844201779,0.01758988140495455,0.0166167226538273,5.532491827108864
0.8,post_correction,0.011984921907652333,0.016503127725206627,-37.69908433587235,0.017628772336752065,0.013860710351612982,21.374500238360405
0.804,post_correction,0.05544438676102949,0.013416449127686877,75.80197038608608,0.05361209202420848,0.011118892739971261,79.26047591101175
0.808,post_correction,0.05242605056240243,0.010339101013500938,80.2786956053568,0.05097900748829016,0.008403816181827306,83.51514359364948
0.812,post_correction,0.049417424090587324,0.007283300015676227,85.26167611989413,0.04836132598360667,0.005751615955663949,88.10699285289736
0.8160000000000001,post_correction,0.04642048596160708,0.004295914032499066,90.74565045257802,0.04576150787124653,0.003313742503489711,92.75866845818723
0.8200000000000001,post_correction,0.04343775126088913,0.0017684971979629945,95.9286630945941,0.04318260203422961,0.0020749013583839103,95.19505249651424
0.8240000000000001,post_correction,0.040472461959790644,0.05995183565579087,-48.129945036091364,0.040628418878910735,0.05237768612784945,-28.91883950482131
0.8280000000000001,post_correction,0.03752886179384941,0.056850172878555184,-51.483871775382035,0.038103764301954356,0.049608753011297066,-30.193837590877116
0.8320000000000001,post_correction,0.034612600771945695,0.05374818386760402,-55.2850195272473,0.03561475883065844,0.046840712975215484,-31.52051147653244
0.836,post_correction,0.03173134255622347,0.05064589874330665,-59.60843337646128,0.033169276018646325,0.04407357522555284,-32.87469765929346
0.84,post_correction,0.028895695263182527,0.04754335435948144,-64.53438453878923,0.03077754719313801,0.041307367226931756,-34.212667980707096
0.844,post_correction,0.02612066578121904,0.044440596659385906,-70.13577307565812,0.02845299494895261,0.03854214075517144,-35.45899412107485
0.848,post_correction,0.023427967635709236,0.04133768409233113,-76.44588184134099,0.02621337061848156,0.03577798076888922,-36.487524971947686
0.852,post_correction,0.020849705191650122,0.03823469269335034,-83.38241400488747,0.024082266272961336,0.033015018745319195,-37.09265719060344
0.856,post_correction,0.018434159666238428,0.03513172385368146,-90.57947034072883,0.022091010672470667,0.030253453321489723,-36.949158958991916
0.86,post_correction,0.01625426476045112,0.03202891660544551,-97.04931030394133,0.02028075540190173,0.027493583351854853,-35.564888028168674
0.864,post_correction,0.014417562111305042,0.02892646780605767,-100.63355775922729,0.018704065292867823,0.024735863024951118,-32.24859215169293
0.868,post_correction,0.013069824694060123,0.025824666854582894,-97.59000184845246,0.017424421035431716,0.021980998281650108,-26.150523090281236
0.872,post_correction,0.012372179987805654,0.022723958793504508,-83.66980447990443,0.016511020977046393,0.019230125611991243,-16.468422144971814
0.876,post_correction,0.01243481455500489,0.01962506709164553,-57.82356065572876,0.016026624653798806,0.016485168453664076,-2.861137699113587
0.88,post_correction,0.01324720726414794,0.016529254093807424,-24.77538672276964,0.016010264171904057,0.013749615977360088,14.11999308862819
0.884,post_correction,0.055409685131020854,0.013438939775527757,75.74622605461435,0.053391475909411984,0.011030443561640098,79.34044082176118
0.888,post_correction,0.052400923236784754,0.01035942023983956,80.23046236603827,0.05074352749585789,0.008343705733234962,83.55710344749674
0.892,post_correction,0.049403723225736426,0.007304884384269318,85.21389906001275,0.04810784285630698,0.0057352840182004,88.07827647701626
0.896,post_correction,0.046420439332035233,0.004329420144709869,90.67346150314849,0.045486605998064276,0.0033913227702382664,92.54434861466123
0.9,post_correction,0.04345405918293421,0.0018635024775982602,95.71155718789531,0.04288253170314071,0.0023330812360587596,94.55936684846458
0.904,post_correction,0.040508425431477924,0.06007183138736281,-48.29465906784599,0.0402990270685075,0.05235580921310802,-29.918295853902986
0.908,post_correction,0.037588553452854986,0.05696342012248921,-51.54459240878989,0.037740412748019495,0.0495916548385394,-31.401993851118707
0.912,post_correction,0.03470109462382045,0.05385459716825752,-55.19567250564257,0.03521222936845214,0.046827312661123555,-32.98593557123017
0.916,post_correction,0.03185502367133449,0.05074539732913862,-59.30108184098787,0.032721666350399206,0.04406282488587802,-34.659477344559036
0.92,post_correction,0.029062675303114547,0.04763586337731769,-63.90735842619664,0.03027816723114413,0.04129825484357636,-36.39615148534145
0.924,post_correction,0.026341328856139504,0.04452604883533623,-69.03493775318144,0.02789428851014458,0.038533694331343175,-38.141879178345995
0.928,post_correction,0.02371564699922387,0.0414160220125291,-74.63585123308886,0.02558691635443332,0.03576927436529767,-39.795174493936635
0.932,post_correction,0.021221398722835797,0.038305872007713106,-80.50587761914652,0.023378966486230016,0.033005181341944446,-41.174680931187346
0.936,post_correction,0.018910917631609982,0.035195717893808945,-86.11322083587625,0.02130167078830993,0.030241682059929578,-41.96859185583605
0.9400000000000001,post_correction,0.01686020707055738,0.032085723241563294,-90.30444351774247,0.01939739096080768,0.02747916381801243,-41.664226253592176
0.9440000000000001,post_correction,0.01517526064262839,0.028976119988355545,-90.94314536489448,0.017722378813792412,0.02471820132934581,-39.47451179696548
0.9480000000000001,post_correction,0.013989210242490079,0.025867249501022812,-84.90857634303767,0.016347705704375024,0.0219596739085756,-34.328781699921855
0.9520000000000001,post_correction,0.013435185885706642,0.022759637229778727,-69.40321796360209,0.01535474618266496,0.019204983065878787,-25.07522323983855
0.9560000000000001,post_correction,0.013591038051552784,0.01965413799715039,-44.61101442435364,0.014820955666505958,0.016456486862466854,-11.035261374251668
0.96,post_correction,0.014434102495125691,0.016552244222158508,-14.674564821388097,0.014796667138789405,0.013718450394904833,7.286889228304872
0.964,post_correction,0.05541984518111128,0.013456818104402557,75.71841267252576,0.053359815251874394,0.010999392088267371,79.38637524071827
0.968,post_correction,0.05241875210830609,0.010374123855103038,80.20913616243988,0.05068509032747224,0.008318912818481973,83.58706127436263
0.972,post_correction,0.04943113153777532,0.007320926580185997,85.18964395020708,0.048020660657995345,0.0057328583403982065,88.06168373811472
0.976,post_correction,0.04645972091177477,0.004360745716421694,90.61392184274507,0.04536855668250731,0.003462372583968547,92.36834310555987
0.98,post_correction,0.04350798808416814,0.0019729000067101746,95.46543038741872,0.042731310310279026,0.0025669661277648802,93.99277459753583
0.984,post_correction,0.04058038308210912,0.06021636059925857,-48.38785646113444,0.04011211183056043,0.05264229858809825,-31.23791340248352
0.988,post_correction,0.0376826963290062,0.05709906219689848,-51.52594628146757,0.037515026920049904,0.049863081953915214,-32.91495714552158
0.992,post_correction,0.034822576039741926,0.053981274501018056,-55.01803898542975,0.03494530068723154,0.04708292008186537,-34.73319489584109
0.996,post_correction,0.032010286250033916,0.05086303830159704,-58.89591834419521,0.03240978909519346,0.0443018780526053,-36.69289214589644
1.0,post_correction,0.029259830927323618,0.04774440390092179,-63.173888528305824,0.02991757822465326,0.041520045226206684,-38.78143783707912
1.004,post_correction,0.02659063310907195,0.044625434435640016,-67.82388840683572,0.027480881095434746,0.03873754385257896,-40.96179710560381
1.008,post_correction,0.02403003613351496,0.04150621069712198,-72.72637655019088,0.025116341054916624,0.03595454168990136,-43.15198862480454
1.012,post_correction,0.021616942955547648,0.038386838302213386,-77.57755285356853,0.022846913052273835,0.03317127098388315,-45.189290596883446
1.016,post_correction,0.019406760032920488,0.035267458668782135,-81.72770008469466,0.020704505423006205,0.03038805788026052,-46.7702669511451
1.02,post_correction,0.01747697550177456,0.03214826637770042,-83.94639492649159,0.018733435179609823,0.02760536961465302,-47.35882314152262
1.024,post_correction,0.01593018602024959,0.029029537717242263,-82.22974722543408,0.01699419778203909,0.02482389337245647,-46.07275783675102
1.028,post_correction,0.014886647646808719,0.025911679810125,-74.05987180518602,0.015565561455249866,0.02204467462362702,-41.624667295196815
1.032,post_correction,0.01445615434314379,0.022795319968130466,-57.685919969038956,0.014540308642408704,0.019269374470945438,-32.52383388027815
1.036,post_correction,0.014693074814210337,0.019681479669697233,-33.9507211292655,0.014008283084233642,0.01650078446446125,-17.793054046951163
1.04,post_correction,0.015567323913834034,0.016571943798606867,-6.453388458629483,0.014026726283604884,0.01374395578813348,2.0159407815772323
1.044,post_correction,0.055458910384606756,0.013470137985846186,75.71149903156956,0.05346245888773396,0.011008993044295153,79.40799343439667
1.048,post_correction,0.052463776348722825,0.010383563050117237,80.20812878375651,0.050753867607110294,0.008319195960585593,83.60874480544982
1.052,post_correction,0.04948410462125174,0.007332281287423164,85.18255237001055,0.04805459385623127,0.00574093910112867,88.0532980503294
1.056,post_correction,0.046523028043764965,0.004391826122228436,90.55988763651202,0.045366647588310015,0.003532032112796796,92.21447406727289
1.06,post_correction,0.04358450826249813,0.002099343822900025,95.18327977854834,0.04269254237879093,0.002790936396772081,93.46270743960524
1.064,post_correction,0.04067361696367366,0.06038383931260456,-48.45947771631537,0.04003545635636287,0.05316537060215789,-32.795715200354586
1.068,post_correction,0.03779693295032003,0.05725558033842154,-51.48208034148642,0.03739945631344549,0.05035630862465113,-34.64449376647093
1.072,post_correction,0.034963109924151935,0.05412676257161901,-54.811064258986704,0.034789814195751945,0.047545709117834505,-36.665602323452866
1.076,post_correction,0.032183697387387446,0.05099743421408159,-58.45735062767246,0.03221346029484743,0.044733655260657985,-38.86634609015652
1.08,post_correction,0.02947433649027921,0.0478676548868991,-62.40452063335201,0.029679640658165925,0.04192025783695879,-41.24247095769684
1.084,post_correction,0.026856502973322247,0.044737499621736135,-66.57976530368036,0.027200880900971648,0.039105665130850537,-43.766171666350836
1.088,post_correction,0.02436001398435803,0.04160706465461185,-70.80065997223335,0.024794407095249348,0.0362900774413368,-46.363965477884086
1.092,post_correction,0.02202648790683192,0.038476476048310934,-74.68275564883292,0.022484230920029716,0.033473768937486575,-48.87664628843055
1.096,post_correction,0.0199136479035745,0.035345902895869474,-77.49587150993507,0.020304133999517988,0.03065712157161347,-50.989554995752385
1.1,post_correction,0.018099329629924426,0.032215578217377513,-77.99321232380932,0.01830165496990698,0.02784067957229963,-52.12110390058966
1.104,post_correction,0.016681635906125127,0.0290858333348913,-74.35839925154839,0.016542536088440578,0.025025240668521173,-51.278138580021306
1.108,post_correction,0.015768345286566024,0.025957157070204132,-64.615605496149,0.015113230886519082,0.02221201643912216,-46.97066832304636
1.112,post_correction,0.015449609550218115,0.022830303487898905,-47.772689100590185,0.014115623662770848,0.019402931319083865,-37.457131067173385
1.116,post_correction,0.015761964253178315,0.019706501823553036,-25.025672606631666,0.013646122560090629,0.016601222378284392,-21.65523433620794
1.12,post_correction,0.016670369321906697,0.016587902332513622,0.49469203591490635,0.013760288448218999,0.013812758939411461,-0.38131825063052094
1.124,post_correction,0.05551262641353386,0.013478636252515367,75.71969275582806,0.05366547987595308,0.011049318329154064,79.41075276938845
1.1280000000000001,post_correction,0.05252207347627652,0.010387756969688815,80.22211180527589,0.05091873348355826,0.008338157964692233,83.6245770579022
1.1320000000000001,post_correction,0.049549094322308807,0.0073394717589461,85.18747545373074,0.048181279659685564,0.005757078110636835,88.05121376746264
1.1360000000000001,post_correction,0.04659723815799864,0.004424288225484522,90.50525653369637,0.04545525816814556,0.0036033800236455454,92.07268824584358
1.1400000000000001,post_correction,0.04367098502310325,0.002244649134650121,94.86009043885171,0.04274335123475454,0.003014326543997428,92.94784695883536
1.1440000000000001,post_correction,0.040776056523523126,0.06057279592349439,-48.549911609404425,0.04004895938458866,0.05388620595393598,-34.55082674300911
1.1480000000000001,post_correction,0.03791985099024328,0.05743154837880507,-51.45510037363311,0.03737644726579883,0.05103514319672432,-36.54359076397245
1.1520000000000001,post_correction,0.03511205912153771,0.05428968094310642,-54.61833427423562,0.03473149221340474,0.0481820362390982,-38.72722756352568
1.156,post_correction,0.03236554158517641,0.05114725082831054,-58.02995507955984,0.0321215854268482,0.045326984125799205,-41.11066911383998
1.16,post_correction,0.02969758320055644,0.04800432898496183,-61.64389088760052,0.029556761874011937,0.04247011698297009,-43.690019779576545
1.164,post_correction,0.02713167273135279,0.04486100491084441,-65.34551833585984,0.02705067404055981,0.03961160723759959,-46.4348251663005
1.168,post_correction,0.024699965318261012,0.041717393634424074,-68.89656765461874,0.0246221781897766,0.03675168609316196,-49.262529943113115
1.172,post_correction,0.02244648180136903,0.038573646113267336,-71.84718057203376,0.022297660296504877,0.03389066837052792,-51.992038267083245
1.176,post_correction,0.020430676744990085,0.03542996516647563,-73.4155241586092,0.020114341414611207,0.031028991113166877,-54.263022952504855
1.18,post_correction,0.018729877114181108,0.03228663070692012,-72.38036592602457,0.018124597452126825,0.028167275728933284,-55.409110758639244
1.184,post_correction,0.017436962005135843,0.0291440412778213,-67.13944360971412,0.016400459576868524,0.025306432230857538,-54.30318956762738
1.188,post_correction,0.01664771259132893,0.026002785640981442,-56.194345008846234,0.015035149856271041,0.022447842901174395,-49.302422095989805
1.192,post_correction,0.01643532727990542,0.022863773185776214,-39.11358621820999,0.014134717524640834,0.019593705721388507,-38.62113400731995
1.196,post_correction,0.016822130539573297,0.01972848826107597,-17.276989467330537,0.013792251165452516,0.016747725497097646,-21.42851298305922
1.2,post_correction,0.017769467417915494,0.016599530852532147,6.58397090845726,0.014050321564057191,0.013916640200272928,0.9514470054994327
1.204,post_correction,0.05556832042569685,0.013481903062209435,75.7381490767986,0.05394550271300655,0.011114025942135376,79.3976784287975
1.208,post_correction,0.052581471036035506,0.01038657954866949,80.24669271509865,0.05115821609716536,0.00837145986264485,83.63613804135616
1.212,post_correction,0.04961449531726942,0.007342900976293418,85.2000893502235,0.048381198440366605,0.005779400800858858,88.05444886202561
1.216,post_correction,0.046671392841364866,0.004459692083604636,90.44448470016088,0.045616893607479635,0.0036785358755711153,91.93602285323534
1.22,post_correction,0.043757202799777975,0.00241009117262029,94.49212696787711,0.04286837020769154,0.003243733241169687,92.43327137128323
1.224,post_correction,0.04087834505883269,0.060781787040013024,-48.68945147494356,0.04013952555311249,0.05478322759535022,-36.48200082201079
1.228,post_correction,0.03804309358815568,0.057625557426610415,-51.474425425148745,0.03743537095263747,0.05187938486129215,-38.58386745233264
1.232,post_correction,0.035262238519706904,0.054468655934109676,-54.46737989611447,0.03476243613418371,0.04897303480016578,-40.87917950033442
1.236,post_correction,0.03255001537852952,0.05131115057500353,-57.637868917411126,0.03212934983704527,0.04606429142376256,-43.37137743960896
1.24,post_correction,0.029925405107435972,0.04815312588330321,-60.91052305032272,0.029547682344659945,0.043153303461859464,-46.04632254569509
1.244,post_correction,0.02741392422830681,0.0449946887074028,-64.13078380417573,0.027033176415722986,0.04024026696291562,-48.855119147268056
1.248,post_correction,0.02504999305831833,0.04183597662791379,-67.00993301880918,0.024607543384876168,0.037325443822580934,-51.68293412629399
1.252,post_correction,0.022879794839362477,0.03867717050008394,-69.04509315592117,0.022301039524114694,0.03440918976203712,-54.29410689501522
1.256,post_correction,0.020964019144189692,0.035518513685143374,-69.4260696903988,0.020155982601437094,0.03149199788434889,-56.24144209225284
1.26,post_correction,0.019378739848194024,0.03236034253147182,-66.98888980899135,0.018230985780607296,0.028574568925625786,-56.73628003166559
1.264,post_correction,0.0182109692674405,0.029203136596627086,-60.360144305111454,0.016604462414769736,0.025657929370834276,-54.524300335140296
1.268,post_correction,0.0175447857011843,0.026047605290893325,-48.46351351635531,0.015373293425507088,0.022743640124765936,-47.94253576810096
1.272,post_correction,0.01743827995880918,0.0228948458850769,-31.290734746526795,0.014639523425238622,0.01983418793817452,-35.48383620180058
1.276,post_correction,0.017901935923545106,0.019746652034287826,-10.304562135743655,0.014480948279881703,0.01693377607652197,-16.938309213133273
1.28,post_correction,0.01889428673104267,0.016606170465917208,12.110096018423208,0.014917853094863228,0.014050078263656207,5.817022232950054
1.284,post_correction,0.055614999098185305,0.013479465185828788,75.76289597338389,0.05428447736284208,0.011198633483093919,79.37046826804412
1.288,post_correction,0.052631685579255204,0.010379860211452142,80.27830555450922,0.051455820559273904,0.008415806374093183,83.64459786546655
1.292,post_correction,0.04967082801759975,0.007342975025450368,85.2167251513332,0.04863952315652103,0.005806307365700198,88.06257341994161
1.296,post_correction,0.046736927810507645,0.004499669458331863,90.3723465167083,0.04583853811576653,0.003759155366270274,91.79913775440129
1.3,post_correction,0.04383564534849065,0.0025965884266390903,94.07653655832742,0.043056576607934216,0.003484235823290129,91.90777321890457
1.304,post_correction,0.040974172987671476,0.06100925364782987,-48.89685184417671,0.04029835532432132,0.055843962944984026,-38.57628306552859
1.308,post_correction,0.03816174768154975,0.057836083825096384,-51.555123490999556,0.03756994125002894,0.05287726886549148,-40.74354951367073
1.312,post_correction,0.035410358512681095,0.05466220049810653,-54.367825670364226,0.034879237784696225,0.04990762528553436,-43.08691489649483
1.316,post_correction,0.03273572227746237,0.0514876844743838,-57.2828729361247,0.03223667683370567,0.04693516105798424,-45.595531760613376
1.32,post_correction,0.030158615147032754,0.04831263638183033,-60.19514207231003,0.029656210387284415,0.04396004356665856,-48.23216787505373
1.324,post_correction,0.02770664229728462,0.04513718363317755,-62.91105630508393,0.027156730946466066,0.04098249277943818,-50.91099462680827
1.328,post_correction,0.025416453838839087,0.04196149055340731,-65.09577150092284,0.02476408097339168,0.038002801942990105,-53.45936715286574
1.332,post_correction,0.02333617264632054,0.038785773481133975,-66.20451891989839,0.022513793101440478,0.03502136888463733,-55.55516889953383
1.336,post_correction,0.021527214373372808,0.03561032394354729,-65.42002753312104,0.020454509262779752,0.032038744836401165,-56.63414078919401
1.34,post_correction,0.020063609890518707,0.03243554542323413,-61.66355705790475,0.0186513711399113,0.029055713356637036,-55.78325656960367
1.344,post_correction,0.01902576035408834,0.029262014001326248,-53.80207390785459,0.017187118249348723,0.026073423364965046,-51.703287233466575
1.348,post_correction,0.018486057140935257,0.026090583103931506,-41.13654904894185,0.016156222043300233,0.02309362487867996,-42.93951158127697
1.352,post_correction,0.018488714110651592,0.022922574774412053,-23.981444232544305,0.015646718542447115,0.020119112786651995,-28.58359234923265
1.356,post_correction,0.019034021624994818,0.01976015368233139,-3.814916635289722,0.015711554816937617,0.017154627082583043,-9.184783316860164
1.36,post_correction,0.020078300283221405,0.016607124370254595,17.288196032547265,0.01634595800298789,0.014208860076145094,13.074167488085758
1.364,post_correction,0.055643665145389834,0.0134708327370735,75.79089604921616,0.05466675968493345,0.011299516176039094,79.33018850730727
1.368,post_correction,0.05266468720511032,0.010367447298242318,80.31423360046784,0.051797419646510336,0.008468329004728214,83.65106010585077
1.372,post_correction,0.04971115467841641,0.007340186249675046,85.23432759275252,0.04894381267532779,0.00583625852454334,88.0755948392117
1.3760000000000001,post_correction,0.046788144245357766,0.004546004256432862,90.28385431874891,0.04610964315985023,0.0038466827748075455,91.65753080874624
1.3800000000000001,post_correction,0.043902025826285385,0.002804812150393894,93.6112010833118,0.043299566377697524,0.003740058791681156,91.36236432703039
1.3840000000000001,post_correction,0.041060869576768654,0.06125335427762443,-49.17695340841065,0.04051949546058882,0.05706036771820084,-40.822009429264625
1.3880000000000001,post_correction,0.03827499880891937,0.05806133509991078,-51.69519766616042,0.0377770258641773,0.05402110844994685,-42.99989799136961
1.3920000000000001,post_correction,0.03555774134317767,0.05486857301008679,-54.308375440765204,0.03508202689728801,0.050978467178688806,-45.31220595646273
1.3960000000000001,post_correction,0.0329264436967376,0.051675163816212996,-56.941224178829394,0.032447469778910505,0.047932587972158554,-47.723653951325126
1.4000000000000001,post_correction,0.030403814465754287,0.04848122701581319,-59.457712355206695,0.029890585101423384,0.04488365743356182,-50.15984893324978
1.4040000000000001,post_correction,0.028019631664907063,0.04528691414078768,-61.62565833264278,0.027434460873854535,0.0418319202889679,-52.479469092955156
1.408,post_correction,0.02581273100956252,0.042092420902148146,-63.06845210045653,0.02511017750197079,0.03877770237866159,-54.43022007955977
1.412,post_correction,0.023832890295486957,0.038898005315827044,-63.21144785025443,0.02295945439050774,0.035721445496973314,-55.58490584925153
1.416,post_correction,0.022141614344681888,0.035704015546816015,-61.252991724118026,0.02103739349256636,0.03266376184960943,-55.265251187849344
1.42,post_correction,0.020809920493081457,0.0325109341328059,-56.2280554777449,0.019413994030907666,0.029605522295938876,-52.49578344778509
1.424,post_correction,0.019910651436305323,0.029319451017129877,-47.25510669966546,0.018171587693483128,0.026548005518075714,-46.09623532013451
1.428,post_correction,0.01950427984746609,0.026130589869922786,-33.97362052984262,0.01739421985756694,0.02349316323127584,-35.063046366265745
1.432,post_correction,0.01962201298271251,0.02294593910961281,-16.9397815088022,0.017147506774999398,0.02044412143220699,-19.225037788082226
1.436,post_correction,0.020255250646116173,0.019768104385747096,2.4050369401994307,0.01745617916686897,0.017406202103893962,0.286300126145938
1.44,post_correction,0.021358695368872357,0.016601674748196654,22.27205612758759,0.018294263514107748,0.014389214526950925,21.345756740332384
1.444,post_correction,0.05564785593491937,0.013455530432795286,75.82021767643367,0.05507741044532079,0.011413271569852165,79.27776292027578
1.448,post_correction,0.052675293175408096,0.010349254958759177,80.35273401460475,0.052169765202108656,0.008526184270238745,83.65684752996717
1.452,post_correction,0.04973173180298421,0.007335176027301414,85.25051157204773,0.049282735458530964,0.005867631316974557,88.09394149415289
1.456,post_correction,0.04682292359824084,0.00460067096760823,90.17431929906,0.046421062933106834,0.003942509014754514,91.50706863297012
1.46,post_correction,0.04395606695990444,0.003035239872158579,93.09483290457439,0.043590699317928264,0.0040149404261906945,90.78945626242934
1.464,post_correction,0.04114024991912664,0.06151178608475308,-49.517288314175865,0.040799188355814565,0.05842577133717759,-43.20326872103314
1.468,post_correction,0.038387043414065326,0.0582990844682552,-51.8717756911019,0.038056186700842175,0.05530443647184618,-45.32311633478061
1.472,post_correction,0.0357112919996283,0.05508562524663359,-54.252680768892205,0.03537417542617459,0.05217929305407522,-47.50674022910491
1.476,post_correction,0.03313215286647962,0.05187152164883813,-56.55946614117387,0.032769428168168115,0.04905050110431826,-49.68372610165169
1.48,post_correction,0.030674419777556725,0.04865691508824272,-58.623750477076946,0.030263309692952926,0.04591826738530932,-51.72916594777399
1.484,post_correction,0.02837010787795321,0.04544198511959523,-60.17558098504377,0.027883960420018235,0.04278286261339619,-53.43180082368018
1.488,post_correction,0.026260113705104778,0.042226963943299924,-60.802669849412354,0.025668331430844595,0.03964464689011386,-54.44964545874024
1.492,post_correction,0.024395420504589375,0.039012158075070996,-59.91590744554642,0.023664277099460212,0.03650410831740994,-54.258286293658244
1.496,post_correction,0.022836738107153396,0.03579798167195284,-56.756107216290474,0.021931849108441877,0.03336192349564296,-52.116327860387685
1.5,post_correction,0.021650825846769833,0.03258500952977718,-50.50238619252788,0.02054200499994367,0.03021905581615605,-47.108599263990634
1.504,post_correction,0.020901813333196427,0.02937406472935052,-40.533571231824155,0.01957010351134679,0.027076922138947614,-38.358604609568644
1.508,post_correction,0.02063791024625989,0.026166370471867546,-26.787887725258194,0.019082408022369775,0.023937690226423974,-25.443760548262503
1.512,post_correction,0.020878093562738145,0.022963828244380154,-9.990062911512629,0.01911830635282193,0.020804843379746824,-8.82158176462088
1.516,post_correction,0.021606107287540095,0.01976956366255015,8.500113419547123,0.019677166883495446,0.017684337520811205,10.127623425076305
1.52,post_correction,0.02277573488595661,0.016589094217471744,27.16329769143701,0.020718838538355606,0.014587213142197268,29.594445580562876
1.524,post_correction,0.05562441595857081,0.013433123038115053,75.85031176215841,0.05550126405363655,0.011536278485917805,79.21438604575002
1.528,post_correction,0.052662001372993254,0.010325302894210209,80.39325770952307,0.05255973501433141,0.008586276069565284,83.66377595468455
1.532,post_correction,0.04973290772695265,0.007328785091061994,85.26371083850748,0.04964549826654548,0.0058986335335572265,88.11849263373769
1.536,post_correction,0.04684369151612661,0.0046658344569333295,90.03956710942165,0.04676466727438088,0.0040480964147133446,91.3436860547685
1.54,post_correction,0.044002531666934096,0.0032881630876330126,92.52733203507033,0.04392489539050152,0.004312329899760727,90.18249249901858
1.544,post_correction,0.04121970925838026,0.06178159751492006,-49.88363243333507,0.04113584429182817,0.05993256592191693,-45.69426482835754
1.548,post_correction,0.03850823814405596,0.0585464976473811,-52.0362926716194,0.03840980835972087,0.056719835308716805,-47.670185639866595
1.552,post_correction,0.03588468441984417,0.055310643374742216,-54.13440098181697,0.035762541175106584,0.05350287780755346,-49.60591739156244
1.556,post_correction,0.033370205417805075,0.052074167981806876,-56.049887406512866,0.03321433054854242,0.050281870427463606,-51.38607220752844
1.56,post_correction,0.0309918049133383,0.04883723811493451,-57.581135566311815,0.03079134681603835,0.04705704133353283,-52.82553768977112
1.564,post_correction,0.028783709370052243,0.04560006560621749,-58.42317270498039,0.028527214315399216,0.04382868877697974,-53.63816562110192
1.568,post_correction,0.026788570809665565,0.04236292471571209,-58.13805453341749,0.026464571567399613,0.04059720912004138,-53.40210219027714
1.572,post_correction,0.02505784550702349,0.03912617792132923,-56.143423864444024,0.024656016264223684,0.03736313948197885,-51.53761695150009
1.576,post_correction,0.023650218716931577,0.03589031563212484,-51.75468802929241,0.023163253796475602,0.03412722472004823,-47.333466273381866
1.58,post_correction,0.0226266571854987,0.032656019433040695,-44.3254262674283,0.022052731866830533,0.03089052657252778,-40.07573646233895
1.584,post_correction,0.02204132776037184,0.029424266843370104,-33.49589082501675,0.021386379720243043,0.027654609368739255,-29.30944708964972
1.588,post_correction,0.021929942137667562,0.026196513115919827,-19.455459350820025,0.021208429327604642,0.024421872770847224,-15.151727615491078
1.592,post_correction,0.022300180749148975,0.02297502494113624,-3.026182610708289,0.021533284075849618,0.021196186522468487,1.5654720951700911
1.596,post_correction,0.023129477833593145,0.01976353663404098,14.552603494850569,0.022341232054847344,0.017984198961491164,19.502205977986076
1.6,post_correction,0.02437153454388984,0.01656865687610531,32.01635766403056,0.023584773688018326,0.014798312546299382,37.25480370491192
1.604,post_correction,0.055574516681133904,0.013403239891424647,75.88239953875352,0.055922613117510095,0.011664366347357614,79.14195046135042
1.608,post_correction,0.0526280733047896,0.010295753233667555,80.43676580360285,0.0529541906108546,0.008645058589734737,83.67445807402697
1.612,post_correction,0.04972026938990945,0.0073220932916638155,85.27342393452557,0.05002188161154185,0.005927272782257755,88.15064009729271
1.616,post_correction,0.046858626536488805,0.004743808964826232,89.87633800761908,0.04713355595704723,0.004165091639999497,91.16321364805334
1.62,post_correction,0.04405248770846825,0.0035636570118232334,91.91042958707145,0.0442990225489581,0.004635464337071242,89.53596700254897
1.624,post_correction,0.04131353097319552,0.0620589960282551,-50.21469858995923,0.041530585779574074,0.06157020268270628,-48.2526709579624
1.6280000000000001,post_correction,0.03865642816107591,0.058799955480755235,-52.10912719546688,0.038843762104230226,0.05825705191874079,-49.977882581039665
1.6320000000000001,post_correction,0.03609967159339945,0.05554018551079286,-53.85232900830035,0.036258183260516885,0.05493927190924185,-51.522406719885545
1.6360000000000001,post_correction,0.03366657079775708,0.052279842302840086,-55.28710249967914,0.0337986888610384,0.05161705795511535,-52.71911335772897
1.6400000000000001,post_correction,0.03138636485260129,0.049019121317972834,-56.17967084808852,0.03149654691738625,0.04829066113173444,-53.32049338106253
1.6440000000000001,post_correction,0.029295275023222225,0.04575827126458928,-56.196762885198766,0.029390601533517163,0.04496040903503899,-52.97546388686858
1.6480000000000001,post_correction,0.027437102399167426,0.0424976144942308,-54.891044527793795,0.02752789277211789,0.04162673655861631,-51.216574778214344
1.6520000000000001,post_correction,0.02586265413249249,0.03923757754725077,-51.715200405339374,0.025962925380130477,0.03829023283868246,-47.4804255609274
1.6560000000000001,post_correction,0.02462698503727713,0.035978738255784556,-46.09477449766839,0.024754439433921895,0.03495171518820554,-41.19372519625694
1.6600000000000001,post_correction,0.02378355007343539,0.032721900874373384,-37.58207152985763,0.0239587225244441,0.03161234995185784,-31.94505641778295
1.6640000000000001,post_correction,0.023375442930412098,0.029468220742985943,-26.06486572559005,0.02361984751319478,0.02827385891109207,-19.703816442072338
1.668,post_correction,0.02342601609828666,0.02621942104640605,-11.924370479382079,0.023759676926854094,0.02493889074897779,-4.963088621760277
1.672,post_correction,0.023932933054684417,0.022978191531922872,3.989237426854674,0.024372222869744328,0.02161173347426692,11.326375153512485
1.676,post_correction,0.024868847174761836,0.01974897430361981,20.58749581419252,0.02542550023335427,0.018299792745747764,28.02583006118674
1.68,post_correction,0.02618831503095385,0.016539652154385204,36.84338937103895,0.026869773012912698,0.015016981145717105,44.1119910521743
1.684,post_correction,0.055504925703507284,0.013365601248824,75.91997272418753,0.05632550751283503,0.011792558388748485,79.06355591015085
1.688,post_correction,0.0525828593543225,0.010260946136598382,80.48613890040406,0.05334045492640236,0.008698403658762762,83.69267065538799
1.692,post_correction,0.049706018380257476,0.007316446956541492,85.28056119770102,0.05040289705938107,0.005951383374306166,88.19237837203153
1.696,post_correction,0.046883076448801284,0.004836972845857208,89.68290220642959,0.047522889723569085,0.004295425534579024,90.96135449766494
1.7,post_correction,0.04412474597679828,0.003861519430657829,91.24863079622419,0.044712883485080915,0.004987340737907433,88.84585303121519
1.704,post_correction,0.04144431662130889,0.0623391577204512,-50.41666216882216,0.04198835215451765,0.06332328918568574,-50.811560674387174
1.708,post_correction,0.038858321839112336,0.059054879043384745,-51.97485698917607,0.039368560098538986,0.059901208355499384,-52.15493837104393
1.712,post_correction,0.03638733469169097,0.055769922321264216,-53.26740140161805,0.036877455596768756,0.05647412525455545,-53.13997221517577
1.716,post_correction,0.03405685665851368,0.05248446967748773,-54.10837883174823,0.034544621402800284,0.0530422550302272,-53.54707296322386
1.72,post_correction,0.031898185386532114,0.04919874921854085,-54.23682765137258,0.03240610470292482,0.0496058734171777,-53.075705555874805
1.724,post_correction,0.02994900757191818,0.045913051454583464,-53.30408309634287,0.03050476727640819,0.046165339396389095,-51.33811373834835
1.728,post_correction,0.028253253959546417,0.04262775330189791,-50.87732323835403,0.028889555995420178,0.042721128885168935,-47.87741594900752
1.732,post_correction,0.02685952818751841,0.03934335407979173,-46.47820246550176,0.027612905687107777,0.03927388625653479,-42.230182877390625
1.736,post_correction,0.025817369162767563,0.03606053110480096,-39.67546761815507,0.026725631064974626,0.03582450571672085,-34.04549972880074
1.74,post_correction,0.025171069786606062,0.03278022851600923,-30.229778844966393,0.02626950903670573,0.03237426478423507,-23.238941157976424
1.744,post_correction,0.024951995185763545,0.029503804939710738,-18.242267682643053,0.026269300630005207,0.028925053178954434,-10.109719274047917
1.748,post_correction,0.025171876441459594,0.026233290778495146,-4.216667515844544,0.026727269109088153,0.02547978674686812,4.667451646961745
1.752,post_correction,0.025820054596738373,0.022971862556366168,11.030929581117125,0.027622813589595997,0.02204320598772053,20.199273270182008
1.756,post_correction,0.026866072896849575,0.01972477999531519,26.581082128947113,0.028917388949835136,0.018623545089689244,35.597418141739176
1.76,post_correction,0.028266291529295936,0.01650140399749286,41.621616757223464,0.03056229807739616,0.01523639330634622,50.146440991572426
1.764,post_correction,0.05542949388004834,0.013320048026373378,75.96938544090173,0.05669474882489123,0.011914881973759789,78.98415246434836
1.768,post_correction,0.052543316773467574,0.01022143386764727,80.54665275183253,0.053707485031666696,0.008741535052587691,83.72380488970288
1.772,post_correction,0.04971050313837239,0.007313469152212159,85.28787944098124,0.050782129126071586,0.005968719807267533,88.24641678089233
1.776,post_correction,0.04694107863576415,0.004947637575374886,89.45989798452285,0.04793137892692085,0.004441380932116758,90.73387615472453
1.78,post_correction,0.044247329530729185,0.004181185491904642,90.55042296055208,0.04517080758694433,0.005370578563120523,88.11051019448061
1.784,post_correction,0.04164434582829788,0.06261605165131845,-50.35907133584992,0.0425195202638009,0.06516972781068922,-53.270139000537185
1.788,post_correction,0.03915065959861093,0.05930556947330512,-51.48038393562413,0.04000088791402272,0.06163105558204312,-54.074218838621654
1.792,post_correction,0.03678895004930843,0.05599449232720144,-52.20464909205539,0.037643285029350854,0.058087056620286945,-54.309212320327184
1.796,post_correction,0.0345867338472972,0.052683031486313016,-52.32149910110683,0.03548067097281006,0.054537967705857684,-53.7117709742632
1.8,post_correction,0.03257686712336151,0.04937145175406033,-51.55371315203939,0.033552721908728635,0.05098409119434279,-51.95217643752306
1.804,post_correction,0.030797549119155155,0.04606009066079739,-49.55764980710555,0.031904060939731485,0.047425819681933164,-48.651357491835064
1.808,post_correction,0.02929136285530409,0.042749386562153026,-45.94536544212709,0.03058203149998208,0.043863672766523816,-43.429558518862684
1.812,post_correction,0.02810281368043459,0.03943992084124206,-40.34153764717322,0.029632592011697188,0.04029835341777845,-35.99334611657007
1.816,post_correction,0.027274024576999838,0.03613248319358471,-32.47946994978953,0.029094489866520985,0.03673083729901857,-26.246713613235492
1.82,post_correction,0.026838912082785528,0.03282817612560293,-22.315599173108495,0.028992890888734416,0.033162519820056,-14.381556317799777
1.824,post_correction,0.026817206165235863,0.02952858902446227,-10.11060899677638,0.029334555205527323,0.029595469408074494,-0.889443186437027
1.828,post_correction,0.027210441546360375,0.02623610212670221,3.5807556374934792,0.030106559325636453,0.026032887934120914,13.530843386832023
1.832,post_correction,0.028001665060795423,0.022954448264440257,18.02470240750674,0.03127913502273139,0.02248000464976915,28.13099008833741
1.836,post_correction,0.02915899185776262,0.01968982535755121,32.474258871506755,0.03281134399719268,0.0189459595292018,42.25789857671541
1.84,post_correction,0.03064143148888543,0.016453297627863645,46.3037566184473,0.0346573916559333,0.015448204312066878,55.42594646062418
1.844,post_correction,0.05537076355899486,0.013266575637693472,76.04046831761931,0.05701768959991278,0.012024261536653933,78.91134905495659
1.848,post_correction,0.052535592471205095,0.010178011435185938,80.62644588853827,0.05404782411151973,0.008769046420250613,83.77539417284038
1.852,post_correction,0.049763740660910244,0.007315045915497191,85.30045004988298,0.05115780957342196,0.0059771280781335265,88.31629397745203
1.856,post_correction,0.04706677012738725,0.005077874544835898,89.21133842179414,0.04836342660110546,0.0046055924756722875,90.47711711236148
1.86,post_correction,0.04445870184196424,0.004521625895129221,89.82960431188009,0.04568377604082514,0.005787160547080925,87.33213177932303
1.864,post_correction,0.041956528217764015,0.06288229990248072,-49.87488854203366,0.04314188096945508,0.06707895837091123,-55.48454741322905
1.868,post_correction,0.03958076748971518,0.05954508243548506,-50.43943362381106,0.040765251470651506,0.06341733405403908,-55.567135651538166
1.872,post_correction,0.03735599679119818,0.056207390672572466,-50.4641704161835,0.03858626607404597,0.059750132365406265,-54.848184197837185
1.8760000000000001,post_correction,0.03531123798254715,0.052869468382580095,-49.7241994424303,0.03664212536866968,0.056077613695512,-53.041378280585086
1.8800000000000001,post_correction,0.033479980435170434,0.04953162129401684,-47.943997129652715,0.03497402806101666,0.052400109142852716,-49.82577657750497
1.8840000000000001,post_correction,0.031899523693904024,0.046194239415392746,-44.81169016395199,0.0336251722135883,0.04871804727240353,-44.88564389483196
1.8880000000000001,post_correction,0.030609265032840442,0.042857829752012695,-40.01587331819586,0.032637313225778196,0.045031994098328046,-37.9770258256432
1.8920000000000001,post_correction,0.029647650159538616,0.03952306552205554,-33.30926838847524,0.03204603788776084,0.041342714574224185,-29.010377878926388
1.8960000000000001,post_correction,0.029047873103741722,0.03619086242371051,-24.590403897931797,0.03187561406164291,0.037651270359655396,-18.11935696938477
1.9000000000000001,post_correction,0.02883305640483242,0.03286250094636851,-13.975086390289002,0.032134905372238225,0.033959181416532494,-5.67692987784643
1.9040000000000001,post_correction,0.02901227439186764,0.029539830542598174,-1.818389498199466,0.03281584295520936,0.030268705642985342,7.761913401708527
1.9080000000000001,post_correction,0.029578869622025113,0.02622562698565781,11.336615223018528,0.033895065958074184,0.02658335011624567,21.57162299336603
1.9120000000000001,post_correction,0.030511750146180523,0.02292425441211157,24.867454989365008,0.035338054336394524,0.022908870604571373,35.17223561180159
1.9160000000000001,post_correction,0.03177912954036242,0.01964297973135884,38.18905673168156,0.03710424470705269,0.019255395644537165,48.10460151779577
1.92,post_correction,0.03334331253468643,0.016394815866927266,50.83027263751301,0.03915167133189945,0.01564244502031914,60.04654593742923
1.924,post_correction,0.055361493604777406,0.013205371654877193,76.14700978057132,0.05728690812816298,0.012112528112369268,78.85637659956973
1.928,post_correction,0.05259641950242408,0.010131740180405685,80.7368252891459,0.054360350129080935,0.008775030029931321,83.85766462303013
1.932,post_correction,0.04990662155756355,0.007323280203016596,85.32603495395948,0.05153557149693468,0.0059748026211565225,88.40644927841363
1.936,post_correction,0.04730531825176555,0.005229310520606576,88.94561813795343,0.048831783421146455,0.004790927446824721,90.18891567914756
1.94,post_correction,0.04480831666277168,0.004881237727831365,89.10640235702746,0.04627182694031316,0.006238041058200727,86.51870593688189
1.944,post_correction,0.042434441897795654,0.06312910415296218,-48.7685505679799,0.043882592217433423,0.0690104915150205,-57.261656679443874
1.948,post_correction,0.04020593468776031,0.0597651661832118,-48.64762291275821,0.04169523384162576,0.06522142120267885,-56.424164570978135
1.952,post_correction,0.03814872139101491,0.056400918459575185,-47.84484617840737,0.0397449751777742,0.06142662764706306,-54.551933602448095
1.956,post_correction,0.0362924012187054,0.0530366406731201,-46.13703941359652,0.03807022728845689,0.057626396930065944,-51.368670571448355
1.96,post_correction,0.03466973137203943,0.04967268381834947,-43.273921811836345,0.036710736859035295,0.0538210910767827,-46.60858288802281
1.964,post_correction,0.03331535492342659,0.04630949600168607,-39.003459840442204,0.035704603456950416,0.050011176982756575,-40.06926877946093
1.968,post_correction,0.0322635700788643,0.04294766032737565,-33.11502794760597,0.03508433874662029,0.04619726975513684,-31.674905115853345
1.972,post_correction,0.031545154519338967,0.03958795198267258,-25.4961422312987,0.0348726403498728,0.04238019957654972,-21.528508169598066
1.976,post_correction,0.031183650752167814,0.03623142685859676,-16.18725192424122,0.03507898548069016,0.03856111840116786,-9.926549678566104
1.98,post_correction,0.031191955283874723,0.03287956395481599,-5.410397186013246,0.035698158821324745,0.03474167706119384,2.6793588008789357
1.984,post_correction,0.03157024645390181,0.02953450361089505,6.448295695059922,0.0367112447509867,0.030924333291239066,15.763321290248808
1.988,post_correction,0.03230598059361223,0.026199465460868644,18.902119733059603,0.038088709801402845,0.027112918318910887,28.8163908405417
1.992,post_correction,0.033375955986923514,0.02287952466665163,31.44908066269118,0.0397945284177096,0.023313752912534874,41.41467724452378
1.996,post_correction,0.034749714746666924,0.01958315682672199,43.645129263685995,0.04179021058220835,0.019538041482678323,53.247324647374725
2.0,post_correction,0.03639324905049391,0.016325586412269392,55.141168106155035,0.044037969742834526,0.015807596812290516,64.10461948041419
2.004,post_correction,0.055445746156520787,0.013136855749980296,76.30682845732555,0.057503689376090954,0.012170593231388544,78.83510890616199
2.008,post_correction,0.05277391305812784,0.010083958987693141,80.8921521953732,0.05465365987204524,0.008753348397857953,83.98396663946892
2.012,post_correction,0.0501913208154104,0.007340405725212228,85.37514931673509,0.051931608684963916,0.005960623198341279,88.52216723248341
2.016,post_correction,0.0477128311495118,0.005402911014355824,88.67618859709795,0.04936030613711564,0.0050001902792522765,89.8700176912143
2.02,post_correction,0.04535589492766249,0.005257740264074377,88.40781276070093,0.04696618493313645,0.006722625171529209,85.68624387716417
2.024,post_correction,0.043140834180404736,0.0633462792067987,-46.83600910890963,0.0447794125851212,0.0709130463590307,-58.36082312208109
2.028,post_correction,0.04109100692815049,0.05995630102966778,-45.91100465000557,0.04283356748229851,0.06699456493832422,-56.40668960391994
2.032,post_correction,0.039232740873260986,0.05656622780123289,-44.181177613786126,0.04116470220460005,0.06307035452041185,-53.21465027715881
2.036,post_correction,0.037594883174481786,0.05317637856998265,-41.445787510990556,0.039809591420984045,0.059140728910084664,-48.558994953439736
2.04,post_correction,0.036207795727776645,0.04978715396363916,-37.50396278734299,0.038803084086349894,0.05520608313582762,-42.272410649049306
2.044,post_correction,0.03510166415204346,0.046399065862566785,-32.1848037220926,0.038174746826844644,0.051266924606121415,-34.29538862081018
2.048,post_correction,0.034304123447961736,0.04301278102562277,-25.386620331144123,0.037945352133028395,0.047323919925110786,-24.715985660649853
2.052,post_correction,0.033837444103792455,0.03962918693405052,-17.116372065492193,0.038124060108732205,0.043377967356150626,-13.781080064489325
2.056,post_correction,0.033715803412160975,0.036249494197305394,-7.514846240414789,0.0387071326877824,0.03943031289839418,-1.8683383665875306
2.06,post_correction,0.03394333441320484,0.03287540144068126,3.1462229359179354,0.0396786002352965,0.035482743835582704,10.574607911650391
2.064,post_correction,0.03451353912790145,0.02950937175379653,14.499142946657262,0.04101265023056422,0.03153792717161546,23.10195270406551
2.068,post_correction,0.0354102550376151,0.02615511883631478,26.136880944429535,0.04267698853073272,0.027600036226324308,35.328060445387656
2.072,post_correction,0.03660986349487463,0.022818512080114064,37.671135858486196,0.04463629063334179,0.02367599483047678,46.957969637397206
2.076,post_correction,0.0380840960833435,0.019509382082773037,48.772889239438506,0.04685508503241873,0.019778173455177166,57.78862968343185
2.08,post_correction,0.039802769584228945,0.016245440260935377,59.18515110724277,0.049299776200263254,0.015930920493156187,67.685612956046
2.084,post_correction,0.055679009510419764,0.013061718709903485,76.54103615571842,0.05768196001439955,0.01218883949600843,78.86888813596896
2.088,post_correction,0.05312718571247333,0.010036276370085381,81.10896288690662,0.05494960021199878,0.00869807547395494,84.170812088901
2.092,post_correction,0.05068028835447198,0.007368656052325584,85.46050882586312,0.05237559782518263,0.005934538050313661,88.6692690933634
2.096,post_correction,0.048354597184345115,0.005598778211575021,88.42141484452769,0.04998601599080945,0.005235607465911001,89.52585565756304
2.1,post_correction,0.04616879045956571,0.005648092029001078,87.76642841889557,0.04781016864075347,0.007238150404135329,84.8606465739058
2.104,post_correction,0.044144019226160666,0.06352244021247358,-43.898179925648584,0.04588018425628296,0.07272471456494953,-58.51007519654939
2.108,post_correction,0.04230378759947579,0.06010788362757046,-42.08629306827196,0.044230018214844784,0.06867810275329642,-55.27486879995496
2.112,post_correction,0.040673533058671114,0.056693502614690146,-39.38671748262047,0.04289377539908131,0.06462593343275409,-50.66506231143793
2.116,post_correction,0.0392797955276273,0.053279658930922444,-35.641385641756685,0.04190332235669012,0.06056854987152382,-44.54355040383493
2.12,post_correction,0.03814889589226812,0.04986680712074702,-30.716252605501598,0.041285387245711715,0.05650638181464685,-36.867752937248106
2.124,post_correction,0.037305134165707646,0.04645552843611711,-24.52851189266294,0.04105861835579238,0.05243997890910116,-27.719784564312175
2.128,post_correction,0.03676866796056691,0.04304658078226596,-17.07408282625819,0.04123126942147824,0.04837006108106102,-17.31402345779834
2.132,post_correction,0.03655340673499952,0.039640974226742016,-8.446729778502911,0.041800146869881,0.044297596784242346,-5.9747395676278865
2.136,post_correction,0.03666537431713942,0.036240088652851714,1.1599108756102448,0.042751133349879386,0.040223928851054545,5.911432752301457
2.14,post_correction,0.03710196004334551,0.03284586357716792,11.471352082761326,0.044061121856690186,0.03615098534114873,17.95264437721163
2.144,post_correction,0.03785226815950297,0.02946111708302155,22.16815922660842,0.04570080150138133,0.03208165032886652,29.80068341274751
2.148,post_correction,0.038898465095756056,0.026090107960097593,32.92766720776316,0.04763760976503293,0.028020455152135377,41.179972525189505
2.152,post_correction,0.040217762773415155,0.022739584680845124,43.45885222666712,0.04983830407819789,0.023974962765846965,51.894505221868144
2.156,post_correction,0.0417845768483271,0.019420882256055632,53.52140976190555,0.05227086917631343,0.019958800197894443,61.816590172679234
2.16,post_correction,0.04357247022222006,0.016154479368989425,62.92503205211591,0.05490571967518362,0.01599910789150705,70.86076280184275
2.164,post_correction,0.056126710008676466,0.012980955327243523,76.87205374190499,0.057851882544058895,0.012157767636222814,78.9846637627329
2.168,post_correction,0.05372412294741233,0.009990536155051783,81.40400325412296,0.05528598742413946,0.00860411235945153,84.43708295658527
2.172,post_correction,0.051443182319617524,0.00741009128651842,85.59558146990328,0.052912265701205254,0.005897915352374067,88.85340615410517
2.176,post_correction,0.04930108974792501,0.005815994357120066,88.20311196596856,0.05075921721613396,0.005498096115293158,89.16828033048238
2.18,post_correction,0.0473170262332857,0.006048449285713585,87.21718212828276,0.048857597990599244,0.007779047413412447,84.07812145224736
2.184,post_correction,0.04551198810295191,0.06364538836315801,-39.84312928538047,0.04723938968204935,0.0743746173690323,-57.441952297902255
2.188,post_correction,0.04390838683704704,0.06020859715913285,-37.1232274658124,0.045936186673604905,0.0702051033942876,-52.83180533273933
2.192,post_correction,0.04252934309802629,0.056772312564772255,-33.48974714685154,0.04497702547059437,0.0660304152567309,-46.809208847972975
2.196,post_correction,0.041397632416848865,0.05333694220263152,-28.840561860062678,0.04438586139183138,0.06185092680624064,-39.34826286287523
2.2,post_correction,0.040534301628769885,0.049902998602531196,-23.113009469273116,0.04417909982609953,0.05766710350796064,-30.530281818673124
2.204,post_correction,0.039957070311428144,0.04647113774592054,-16.302665294830955,0.04436371548794017,0.05347953814996917,-20.54792427047063
2.208,post_correction,0.03967873807423115,0.043042215906516156,-8.476776217007204,0.04493644017858044,0.04928900483122206,-9.686046859395697
2.212,post_correction,0.039705891870527484,0.039617375724600036,0.22292949926947853,0.04588424226793515,0.04509654312345733,1.716709496646263
2.216,post_correction,0.04003819790444795,0.03619818056281711,9.590884561775555,0.0471859591101363,0.04090359400671742,13.31405617665898
2.22,post_correction,0.04066844940251081,0.032786831690426926,19.38017757715957,0.04881464854436766,0.03671222875028379,24.792598441191213
2.224,post_correction,0.041583357792168714,0.029386533952666643,29.331022041224067,0.05074012218190596,0.03252555381718403,35.89776212879772
2.228,post_correction,0.04276489650314938,0.026002141664911122,39.19746382878252,0.05293121390585736,0.02834847121486556,46.442809217854496
2.232,post_correction,0.04419190608390988,0.022641366378366248,48.76580716981138,0.055357529893817724,0.024189215027868742,56.30365900670331
2.236,post_correction,0.04584167251419698,0.019317195166818634,57.861059365065316,0.05799061682646723,0.02006275599322222,65.40344439987837
2.24,post_correction,0.04769127102875969,0.016053148514448775,66.33944080716972,0.06080461301364304,0.01599929020811255,73.68737433700514
2.244,post_correction,0.05686051840482045,0.012895883959020709,77.32014353578698,0.05806177587321408,0.01206890173892685,79.21368825286886
2.248,post_correction,0.05463681142949022,0.00994875064745093,81.7911214304847,0.055717055531601806,0.008467939759984583,84.80188933318325
2.2520000000000002,post_correction,0.05255138678334985,0.007466395115303502,85.79220155295859,0.05360008024907452,0.005853732085942979,89.07887439955084
2.2560000000000002,post_correction,0.050621604579113195,0.006052540869195008,88.04356179635538,0.05174020969392269,0.0057864013175154124,88.81643241930063
2.2600000000000002,post_correction,0.04886617552227406,0.006454187982877903,86.79211558118361,0.05016746390406609,0.008336410142933081,83.38283521990552
2.2640000000000002,post_correction,0.04730478100709731,0.06370272382434752,-34.664451389786514,0.04891097615925003,0.07578643666189822,-54.947708291782895
2.2680000000000002,post_correction,0.04595746751665498,0.0602469929429015,-31.09293483386133,0.047997018685049714,0.07150378076719414,-48.975462906129216
2.2720000000000002,post_correction,0.044843797077669736,0.05679216246805543,-26.644410529489836,0.04744680733373745,0.0672165721519001,-41.66721836330008
2.2760000000000002,post_correction,0.04398177836422042,0.05333868872872675,-21.274515748363335,0.047274438845855096,0.06292521534932163,-33.10621317896142
2.2800000000000002,post_correction,0.04338666331060167,0.04988714594820012,-14.982674724400946,0.047485387703664526,0.05863021143371684,-23.470006814732717
2.2840000000000003,post_correction,0.043069757876652924,0.04643826977520138,-7.821060680664853,0.04807592257651528,0.05433219599317051,-13.013319519137784
2.2880000000000003,post_correction,0.04303743831325083,0.04299302157159734,0.10320489182047475,0.049033590604961194,0.05003199673023049,-2.0361676820956225
2.2920000000000003,post_correction,0.043290559791455976,0.03955268591704756,8.634385631451549,0.05033864133063052,0.04573072359344406,9.15383811597353
2.2960000000000003,post_correction,0.043824380870947637,0.03611902306517823,17.582354051868638,0.0519660426264985,0.041429914992598516,20.27502403757682
2.3000000000000003,post_correction,0.04462901988481618,0.032694515834078404,26.741577748155223,0.05388766310768368,0.03713178526178104,31.094088850020047
2.3040000000000003,post_correction,0.045690345974679525,0.029282786082041885,35.910342858271,0.05607426029705193,0.03283966515399897,41.43540194728972
2.308,post_correction,0.046991129567669786,0.02588933174798171,44.90591738021606,0.058497057648105026,0.02855883529670624,51.179022595452906
2.312,post_correction,0.048512256818495816,0.022522907444182956,53.572748576817695,0.0611288415732574,0.024298226385389317,60.250798542828456
2.316,post_correction,0.050233844686296436,0.01919829193371042,61.782156923084116,0.06394461561619608,0.020074231880245576,68.6068456479061
2.32,post_correction,0.052136154017451766,0.015942302400880383,69.42179049965222,0.06692190219718645,0.015920364142112092,76.21053254702402
2.324,post_correction,0.057952228756554085,0.012808144117116038,77.8987894133968,0.05837662773286996,0.011915886785730884,79.5879151494367
2.328,post_correction,0.055934626416377024,0.009912998718644511,82.27752761795134,0.05630995032729267,0.00828840723801153,85.2807413435166
2.332,post_correction,0.05407041754891266,0.007538667330800565,86.05768612017651,0.05450558858575629,0.00580643292056904,89.34708702129966
2.336,post_correction,0.05237619070208466,0.006305317048739351,87.9614821845217,0.0529915294027825,0.006096286689057464,88.49573364316343
2.34,post_correction,0.050869136144068294,0.006860008722314634,86.51439902009314,0.05179441935385348,0.00889775383605621,82.82101827367195
2.344,post_correction,0.0495665282494333,0.06368268005030249,-28.479202194336825,0.05093778022014298,0.0768839265155467,-50.936939503978415
2.348,post_correction,0.04848504070712089,0.060212276042413956,-24.187326986343468,0.050440112136954665,0.07250276273041506,-43.74028854962897
2.352,post_correction,0.04763992064348021,0.05674322827945183,-19.10857010887456,0.050313188951516236,0.06811791684444167,-35.387794460976764
2.356,post_correction,0.047044085518692276,0.0532760442000119,-13.247060948487231,0.05056088493271845,0.06372982277074428,-26.045702830458325
2.36,post_correction,0.0467072439435769,0.04981136292105288,-6.645904822013912,0.05117879721882144,0.05933901557600539,-15.94452937667508
2.364,post_correction,0.04663516488174863,0.04635000409027227,0.6114716055994157,0.05215475281688129,0.05494617166587724,-5.35218498455318
2.368,post_correction,0.04682921569827886,0.0428930401301599,8.405384351255812,0.05347007728217815,0.0505521699452814,5.457084569932532
2.372,post_correction,0.047286252413243114,0.03944190596945245,16.589063508855606,0.05510134088382622,0.046158187887632325,16.23037271461203
2.376,post_correction,0.047998882631177194,0.035998570883178094,25.001231466593385,0.05702224320667695,0.04176585808050827,26.755147234162564
2.38,post_correction,0.048956052102836815,0.03256581722761128,33.479486541921915,0.05920534695850258,0.03737753457623557,36.867974775261885
2.384,post_correction,0.05014385210590014,0.02914771141574173,41.871814406711515,0.061623480799119716,0.03299677002673783,46.45422556654868
2.388,post_correction,0.05154642163397463,0.025750438730247467,50.04417782266546,0.06425074577664587,0.028629225507106885,55.44141136255393
2.392,post_correction,0.05314682721093519,0.02238386906430908,57.882962654629544,0.06706314572267762,0.02428454460532363,63.788539377878095
2.396,post_correction,0.05492783411321844,0.01906469698467753,65.29137313992582,0.07003890873547255,0.01998060862120854,71.47213030306828
2.4,post_correction,0.056872521658046744,0.01582325508472787,72.17767979435273,0.07315858124157229,0.015754489842253052,78.4652879062387
2.404,post_correction,0.05946573333155633,0.01271966347605288,78.6100956577239,0.05887163120400973,0.011695624295361487,80.13368398977724
2.408,post_correction,0.0576758391149871,0.009885292495295146,82.86060047503244,0.05713611510458078,0.008067392245953275,85.88039765884173
2.412,post_correction,0.05605143714994743,0.007627246946552165,86.39241501311028,0.05569288208238315,0.005761316645812501,89.65520111297143
2.416,post_correction,0.05460743543709943,0.006570270119354719,87.96817673863698,0.05456602959223415,0.0064200367525427205,88.23437072383874
2.42,post_correction,0.053358612468184144,0.007260135327678801,86.39369542825395,0.05377632885832821,0.009447254006486465,82.43231881563557
2.424,post_correction,0.05231906902930544,0.06357512127314416,-21.51424414210022,0.05333960715060056,0.07759803838070271,-45.479208651856425
2.428,post_correction,0.05150159321364936,0.06009523816891385,-16.686173026948094,0.053265362938567526,0.07313784523435184,-37.30845187087867
2.432,post_correction,0.05091698633270452,0.05661722464805481,-11.195160448231336,0.05355587863462648,0.0686750794243499,-28.230702539437242
2.436,post_correction,0.05057341858802247,0.053141641118213685,-5.078206302627633,0.05420601922071989,0.06421020125871334,-18.45585081106531
2.44,post_correction,0.05047589523549202,0.04966919414919861,1.5981907453642936,0.05520376053161767,0.05974377640805174,-8.22410617087181
2.444,post_correction,0.05062590991670721,0.04620079093961387,8.740818652689516,0.0565313298789367,0.05527651821336143,2.2196747684204166
2.448,post_correction,0.05102133930883236,0.04273761996135865,16.235793610458412,0.05816672492855888,0.05080935229268955,12.648765501076003
2.452,post_correction,0.05165659616106428,0.039281273608572274,23.95690671120874,0.06008534043803888,0.04634351841640762,22.870507051220063
2.456,post_correction,0.052523015890750695,0.03583394052624827,31.77478498039061,0.062261472581394854,0.041880737263762555,32.73410421025366
2.46,post_correction,0.05360941699670815,0.032398718010351366,39.56524837354454,0.06466955409672724,0.03742349566503803,42.13119884967331
2.464,post_correction,0.05490275645297407,0.028980140578084432,47.21550892821414,0.06728506217044375,0.03297556087253036,50.991260453920624
2.468,post_correction,0.05638880058482803,0.02558511796796775,54.62730594973556,0.07008510929651081,0.02854296895697476,59.273846836398135
2.472,post_correction,0.05805274613663264,0.022224695667485445,61.71637494085548,0.0730487669183729,0.02413608095368604,66.95894814945133
2.476,post_correction,0.05987974831019335,0.018917584334313592,68.40737500045027,0.07615718617698669,0.019774310969831548,74.03487187160943
2.48,post_correction,0.061855335406747244,0.015697796285783275,74.62175868490895,0.07939357809301487,0.015498500499965439,80.47889908449785
2.484,post_correction,0.06144854029182244,0.012632588073604114,79.44200462108412,0.05962039363244921,0.01140921017734837,80.86357790979302
2.488,post_correction,0.05989948674136665,0.00986742439927001,83.52669624386688,0.058258070316163625,0.007810119856330791,86.59392627674472
2.492,post_correction,0.05852384368567862,0.007731603768235859,86.78896791235901,0.057209683990395534,0.005723440140959029,89.99567950433027
2.496,post_correction,0.05733415741575346,0.006842631591358654,88.06534900000374,0.05649327870082824,0.006746527575125951,88.05782257593232
2.5,post_correction,0.05634226236261329,0.007648601611219795,86.42475241410409,0.05612209850530436,0.00996661045394789,82.24120138165199
2.504,post_correction,0.05555879689539639,0.0633725846123375,-14.063997338985859,0.05610348709774801,0.07787471189248006,-38.80547524042573
2.508,post_correction,0.05499270365699397,0.0598892250186352,-8.903947316688242,0.0564382433891901,0.07335931460763065,-29.981569592368857
2.512,post_correction,0.05465076099209114,0.056408297103926044,-3.215940784592644,0.0571205616957195,0.06884265728156429,-20.52167422352784
2.516,post_correction,0.05453719755014568,0.0529304154848637,2.9462131122608266,0.0581385683337022,0.06432522190879074,-10.641221055837756
2.52,post_correction,0.05465343841099644,0.04945635600016001,9.509159097647474,0.05947534545353471,0.059807599584739246,-0.5586417845426588
2.524,post_correction,0.05499801711040929,0.045987116028557685,16.384047198941907,0.06111024992714517,0.05529053480906636,9.523304396589772
2.528,post_correction,0.05556666592780466,0.042524003889605574,23.472097561413612,0.06302031255039002,0.05077499336423886,19.430749690998443
2.532,post_correction,0.0563525717530031,0.03906877495646355,30.67082168369446,0.06518153560903722,0.04626226976042081,29.025498819321022
2.536,post_correction,0.05734676291121925,0.03562384533207275,37.87993685498271,0.06756997090457433,0.04175416389736153,38.20603540538912
2.54,post_correction,0.0585385784818007,0.032192639296440784,45.0061136922734,0.07016252848891869,0.0372532848583304,46.904301112503234
2.544,post_correction,0.05991616804493311,0.028780177738054843,51.965923928126315,0.07293752012775448,0.032763602146715885,55.079906625110844
2.548,post_correction,0.061466975421563784,0.025394123080559456,58.686558259297854,0.07587497419755691,0.028291513498112777,62.71298435706917
2.552,post_correction,0.06317817163738897,0.022046740562572775,65.10386421261126,0.07895677230694965,0.023848088296865168,69.79601926462476
2.556,post_correction,0.06503701619601572,0.018758824905407045,71.15669505982619,0.08216665826399436,0.019454292287895632,76.32337410462686
2.56,post_correction,0.06703113859960146,0.01556815993568241,76.77473445785243,0.08549016315098773,0.015154891296936611,82.2729414258212
2.564,post_correction,0.0639249071032209,0.012549174776723659,80.36888069862934,0.06067978095310933,0.011062406860182245,81.7692043602946
2.568,post_correction,0.06261962314270916,0.009860814145538369,84.25283696922652,0.059714570287576214,0.00752495508540037,87.39846062835028
2.572,post_correction,0.061490939317088406,0.007850327890909154,87.23335831572255,0.05907390233681266,0.005696266070506253,90.35738990454918
2.576,post_correction,0.06054872076015726,0.0071172361447374745,88.24543928363089,0.05876859407350777,0.0070620125586645386,87.9833562976998
2.58,post_correction,0.059801759899520454,0.00801960047681405,86.58969152364635,0.05880403236954819,0.010436551782613589,82.25197939313736
2.584,post_correction,0.05925740876109209,0.06307119966144048,-6.43597312147826,0.0591797285780811,0.07768189734726245,-31.26436909011807
2.588,post_correction,0.05892124032913161,0.05959098082560129,-1.1366707366113429,0.05988936336625927,0.07313847323235109,-22.12264268876194
2.592,post_correction,0.05879677234220976,0.05611379178264815,4.563142588756552,0.060921313070261406,0.06859524450408572,-12.596464270187116
2.596,post_correction,0.05888528381513295,0.05264030194512878,10.605335434248632,0.062259559580290065,0.06405270868888195,-2.8801185242556
2.6,post_correction,0.05918574584566336,0.04917135743438673,16.920270697256747,0.06388482778409302,0.05951147564878217,6.8456819670722995
2.604,post_correction,0.05969487514038309,0.04570804741721795,23.43053350940534,0.06577578143134075,0.054972313720812224,16.42468926318358
2.608,post_correction,0.06040730377271594,0.04225180250811193,30.055142558447166,0.06791013477623913,0.05043622063645785,25.73093721188604
2.612,post_correction,0.06131584514581525,0.03880454471061609,36.713675529816186,0.07026558614135263,0.04590453619865525,34.66995905177605
2.616,post_correction,0.062411826704148785,0.035368922989714814,43.329774407382175,0.07282053149977431,0.041379128356323534,43.1765636639829
2.62,post_correction,0.0636854560758938,0.031948696593138724,49.83360634951638,0.07555455804910831,0.03686271484820457,51.21046856730358
2.624,post_correction,0.0651261889334479,0.02854938456191586,56.162973713861376,0.07844874433083941,0.03235945049631778,58.750836903329784
2.628,post_correction,0.06672307258053095,0.025179419212696855,62.26280019957605,0.08148580566262859,0.027876073673840502,65.79027052974803
2.632,post_correction,0.06846504716331774,0.02185230955349318,68.08253195040339,0.08465012541517389,0.02342433845932117,72.32805226875392
2.636,post_correction,0.07034119458195147,0.018590962229439616,73.57030636182886,0.08792770834288145,0.019026750100201602,78.36091664529093
2.64,post_correction,0.0723409322806174,0.01543693599651317,78.66085560435991,0.09130608524919001,0.014732079599627306,83.86517222875023
2.644,post_correction,0.06689249766456612,0.012471652898806529,81.35567764064379,0.06207582832709338,0.010665439163493749,82.8186921529346
2.648,post_correction,0.06582355249455867,0.009866380007893517,85.01086672781886,0.06150907367783239,0.007222588521645314,88.25768607819515
2.652,post_correction,0.06492983368005124,0.00798122744726378,87.70791946489169,0.061265579309893285,0.005680513097125944,90.7280512791811
2.656,post_correction,0.06421857637462411,0.007388882577827227,88.49416633790882,0.061349042900948586,0.007351571028344379,88.01681219344547
2.66,post_correction,0.06369580195225315,0.008367850450908246,86.86279127597633,0.06175795109848009,0.01083880771875248,82.44953479517355
2.664,post_correction,0.06336607422659003,0.06267130552604859,1.096436396007471,0.062485692748016346,0.07701423870618415,-23.250996058820242
2.668,post_correction,0.06323230205017681,0.05920120267602106,6.375063446143313,0.063521055664757,0.07247189456695521,-14.091136881348064
2.672,post_correction,0.06329560721447919,0.05573474789182806,11.94531446239376,0.06484902246085336,0.06793126475154608,-4.752951044949581
2.676,post_correction,0.06355527112777944,0.052272665325289416,17.752431233919314,0.06645174099679452,0.06339285531301014,4.603168612139037
2.68,post_correction,0.06400876591258685,0.04881587157765872,23.73564638892773,0.06830953768911048,0.05885728737622627,13.837380009660112
2.684,post_correction,0.06465186668442767,0.04536554814006651,29.831031234565334,0.07040186269602983,0.05432534492859152,22.835358542785983
2.688,post_correction,0.06547883349142443,0.041923248911719314,35.97434976111803,0.07270809263711565,0.04979804850281572,31.509620598415943
2.692,post_correction,0.06648264518201266,0.038491064119709435,42.10359107353409,0.07520815567715128,0.04527677266062154,39.79805480806795
2.696,post_correction,0.06765526423410433,0.03507187796923528,48.160903122220155,0.07788297610177719,0.040763440815642774,47.6606533854417
2.7,post_correction,0.0689879114831917,0.031669788010040244,54.093713914275675,0.08071475690124509,0.036260863675409725,55.075298411943336
2.704,post_correction,0.07047133221616525,0.0282908157100741,59.854858961237944,0.0836871296227107,0.031773360929419216,62.03315722182843
2.708,post_correction,0.07209603932488189,0.024944167656113122,65.40147296620724,0.0867852033840786,0.02730798387683007,68.53382510844017
2.712,post_correction,0.07385252411298353,0.021644597206068157,70.69213616456074,0.08999554252988895,0.022877133434680685,74.579703848018
2.716,post_correction,0.07573143005188963,0.01841710452631013,75.68102898137391,0.09330609755223525,0.018504808383204854,80.16763226771394
2.72,post_correction,0.07772368871028845,0.015306927227369546,80.30596915642356,0.09670610838745027,0.014243773562919192,85.27107149648509
2.724,post_correction,0.07032343746925891,0.012402070478249557,82.36424309651959,0.06379597967972053,0.010232057484702722,83.96128167312196
2.728,post_correction,0.0694744014859043,0.00988445760797466,85.77251851535544,0.06360616489286464,0.006914717124084181,89.12885702866849
2.732,post_correction,0.0687953940106242,0.008121520567677206,88.19467395386532,0.0637277094778108,0.0056737114639915185,91.09694744957524
2.736,post_correction,0.06829134539265203,0.007652686947561241,88.7940603548504,0.06415837659634223,0.0076009480872090045,88.15283601230902
2.74,post_correction,0.06796599738982945,0.008688924556210191,87.2157771681426,0.06489151603563997,0.011158193260619611,82.80485039910107
2.744,post_correction,0.06782176179953767,0.06217762437695249,8.322015342608884,0.06591651486157589,0.07589422250940557,-15.136885906032473
2.748,post_correction,0.06785962490266839,0.05872467572995743,13.461537970204361,0.0672194797691375,0.07138231126570438,-6.192894546140416
2.7520000000000002,post_correction,0.06807910618792988,0.05527599605009815,18.806225367426556,0.06878405386927439,0.06687360899214428,2.7774531590722242
2.7560000000000002,post_correction,0.06847827514941114,0.05183236357129158,24.308310251390292,0.0705922665265796,0.0623686232145511,11.649496066162026
2.7600000000000002,post_correction,0.06905382466580266,0.04839476477762219,29.917328964997072,0.07262533049977671,0.0578679788062694,20.319841014083487
2.7640000000000002,post_correction,0.06980119442269482,0.04496447294024064,35.58208665033802,0.07486432758622259,0.05337246722977924,28.70774512960234
2.7680000000000002,post_correction,0.07071473381928972,0.04154316471930236,41.25246256958953,0.07729075310623602,0.04888312267285269,36.75424199106598
2.7720000000000002,post_correction,0.07178789135058936,0.038133097971410006,46.88087746556029,0.07988691422789015,0.0444013438466761,44.41975350304032
2.7760000000000002,post_correction,0.07301341676663899,0.034737391249246366,52.423276724232906,0.08263619421013083,0.03992909675182633,51.68086195947877
2.7800000000000002,post_correction,0.074383563224161,0.03136047865490886,57.839504729826565,0.08552320397358157,0.035469268558729054,58.52673086278942
2.7840000000000003,post_correction,0.0758902787514164,0.028008880097939306,63.092927633479604,0.08853384554005679,0.03102632132100579,64.95541210059824
2.7880000000000003,post_correction,0.07752537911831633,0.024692566684195557,68.14905394205078,0.09165531090158979,0.026607586530353083,70.96994569259427
2.7920000000000003,post_correction,0.0792806971332213,0.02142751104413895,72.9726001171096,0.09487603668328672,0.022226061437763865,76.57357725432982
2.7960000000000003,post_correction,0.08114820607854645,0.018240738593492747,77.52169829134998,0.09818563094654903,0.017907158091728565,81.76193612130783
2.8000000000000003,post_correction,0.08312011720212083,0.015180965896612417,81.73611105516456,0.10157478450833456,0.013707518558821127,86.5049986321198
2.8040000000000003,post_correction,0.07416924230465755,0.012342147328775834,83.35948036508282,0.06579089383913722,0.009778017690167614,85.13773393309495
2.8080000000000003,post_correction,0.07351705972367098,0.009914781837755177,86.51363115578624,0.06593757417844087,0.006612508546708222,89.97156230101308
2.8120000000000003,post_correction,0.07302692428354184,0.008268086575281343,88.67802984118731,0.06637587769691485,0.005670712989289304,91.45666590627565
2.816,post_correction,0.07270192292735533,0.007904379671418897,89.12768830156384,0.06709936561476011,0.00779836897274211,88.37787972912419
2.82,post_correction,0.0725440764047871,0.008979490536281054,87.62202100943902,0.06809820639000459,0.011384356876519248,83.28244240190409
2.824,post_correction,0.07255426931049674,0.06159893797063274,15.099499235504046,0.06935974782251503,0.07436943108943554,-7.222753000399909
2.828,post_correction,0.07273221748532276,0.058169943698215335,20.021765168985894,0.07086919388955136,0.06991584027555678,1.3452299393730505
2.832,post_correction,0.0730764753828852,0.05474582446467747,25.08420229925435,0.07261030932364036,0.06546684504223699,9.838085456382455
2.836,post_correction,0.07358448285777679,0.05132741138688264,30.2469632271689,0.07456608609450818,0.06102294810163151,18.162597371292268
2.84,post_correction,0.07425264775897628,0.047915759482152244,35.4692917649394,0.07671932526332531,0.0565847713870975,26.2444355540401
2.844,post_correction,0.07507645813544706,0.044512232194939,40.71079896359319,0.07905310898299965,0.05215310653977668,34.02776031111921
2.848,post_correction,0.07605061609761903,0.04111862689318062,45.93255255105297,0.08155115604630375,0.04772899317163246,41.47355416453873
2.852,post_correction,0.0771691845837961,0.03773736621600802,51.0978813375565,0.08419806791645572,0.04331384444387265,48.55719909529258
2.856,post_correction,0.07842573843451504,0.03437179875993591,56.17280825651884,0.08697948020051643,0.03890965686973423,55.26570545140691
2.86,post_correction,0.0798135121153602,0.0310266880945085,61.12602080501933,0.08988213789635112,0.0345193780297343,61.59484093542499
2.864,post_correction,0.08132553789683587,0.027709039910570634,65.9282426810131,0.09289391281846988,0.030147589332488543,67.54621651969605
2.868,post_correction,0.08295477002219191,0.02442956531765989,70.55074070951612,0.09600377972720943,0.025801866657196942,73.12411372707219
2.872,post_correction,0.08469419212400485,0.021205404656758402,74.9623862924266,0.09920176490893294,0.021495742827880977,78.3312899245149
2.876,post_correction,0.08653690670387107,0.018065490045797845,79.12394753417999,0.10247887799615857,0.017255930513691786,83.16147595376812
2.88,post_correction,0.08847620675638825,0.01506171700944566,82.97653396136566,0.10582703508702819,0.01314272093263882,87.58094193810614
2.884,post_correction,0.07836805534226395,0.012293158598778265,84.3135592109703,0.06798505317494978,0.009319300338910496,86.2921334856816
2.888,post_correction,0.07788575704626975,0.009956535040054627,87.21648807478404,0.0684154721131019,0.006325235835461477,90.75467048593214
2.892,post_correction,0.07755581142301593,0.00841773128633685,89.14622755937182,0.06911323986429986,0.0056649718537662794,91.80334786085972
2.896,post_correction,0.07737994022227007,0.008140511326398842,89.4798169874316,0.07006945790191128,0.007935909073111144,88.67422510358156
2.9,post_correction,0.07735896041053253,0.009237429730848469,88.05900482397023,0.07127280452327665,0.011512803942159209,83.84684871155969
2.904,post_correction,0.07749275771759934,0.06094732264262786,21.350943704012554,0.07271008625606383,0.07250653137731373,0.27995411535235143
2.908,post_correction,0.07778028770150523,0.0575485711291405,26.01136762312748,0.07436681469825315,0.06813618337733923,8.378241486064718
2.912,post_correction,0.07821960429254991,0.05415527017778382,30.765093140541644,0.07622775856144175,0.06377164126133973,16.34065796393846
2.916,post_correction,0.0788079139060004,0.05076830210276811,35.57969043144203,0.07827743406893992,0.059413398038680724,24.098945315000233
2.92,post_correction,0.0795416515704609,0.04738878839717389,40.42267483571778,0.08050051211830281,0.055062067475522364,31.600351318754768
2.924,post_correction,0.08041657428804495,0.04401818004050192,45.26230390910119,0.08288213449349496,0.050718435623839916,38.80655230009723
2.928,post_correction,0.08142786613360967,0.040658391539493716,50.068209483986706,0.08540814203361724,0.04638354088298734,45.69189801046082
2.932,post_correction,0.08257024943796196,0.03731200520843899,54.81180514481446,0.08806522449081643,0.042058802806886474,52.24130404473967
2.936,post_correction,0.08383809672964282,0.03398259194253205,59.46640815079864,0.09084100521843579,0.037746237978073444,58.44801817493208
2.94,post_correction,0.08522553881967265,0.030675232310816588,64.0069951617181,0.09372407464907281,0.03344883978308661,64.31136833484062
2.944,post_correction,0.08672656536279591,0.027397396419993322,68.40945296820632,0.09670398566015513,0.02917128676472478,69.8344524627549
2.948,post_correction,0.08833511527581084,0.02416049622369385,72.6490465900713,0.09977122216122612,0.02492136213599064,75.02149257456348
2.952,post_correction,0.09004515541757037,0.02098276246786886,76.69751096484362,0.10291715014169193,0.020713065992404207,79.87403852138604
2.956,post_correction,0.09185074684787921,0.0178948682127546,80.51744941999044,0.10613395835253524,0.016574270412790044,84.38363114872543
2.96,post_correction,0.09374609873123632,0.01495149971964754,84.05106994104099,0.10941459395681315,0.012568578033306488,88.51288701188489
2.964,post_correction,0.08285234903104548,0.012255867709147193,85.20757968545368,0.07029198171128191,0.008870454835292151,87.38055946163708
2.968,post_correction,0.08251154454469885,0.010008451092780438,87.87024149407532,0.0709482453049658,0.006059416854450416,91.45938447328125
2.972,post_correction,0.08231260299110978,0.008567424302234283,89.59160081092368,0.07184599254332642,0.005650085596178081,92.1358375099755
2.976,post_correction,0.0822563020821181,0.008358552111795616,89.83840520395493,0.0729752811935236,0.008010145008639481,89.02348181790855
2.98,post_correction,0.0823426774795428,0.00946182824438565,88.50920502708168,0.07432452805133064,0.011545004569356684,84.46676370230918
2.984,post_correction,0.08257101970662846,0.06023709056207152,27.048145007665518,0.07588097474697406,0.07038339182318536,7.245008306918105
2.988,post_correction,0.08293989022658034,0.05687413916478738,31.42727943162804,0.07763114024904892,0.0661171416156602,14.831675274188427
2.992,post_correction,0.08344715576030992,0.0535171705751189,35.86699260447012,0.07956123093206119,0.061857685963745225,22.251471930384472
2.996,post_correction,0.08409003887235002,0.05016711617273526,40.34119041270784,0.08165748971473137,0.05760550499669827,29.45471971041258
3.0,post_correction,0.08486518201207532,0.04682516119798945,44.82406083648442,0.08390647592379061,0.0533612008546344,36.403954203605736
3.004,post_correction,0.0857687216299075,0.04349284053090411,49.290557554797246,0.08629527575921633,0.049125550067271005,43.072723697711346
3.008,post_correction,0.08679636872745107,0.04017218076995111,53.716749492025855,0.08881164895156979,0.0448995850948252,49.44403619922702
3.012,post_correction,0.0879434922375209,0.036865916586390754,58.079994723404916,0.09144412048430064,0.04068472581462994,55.50864768652371
3.016,post_correction,0.08920520192137757,0.033577830070465775,62.35888788182988,0.09418202755326005,0.03648300047767097,61.263309544870665
3.02,post_correction,0.09057642795010343,0.030313301106880196,66.53290288332067,0.09701553183275066,0.032297435667382704,66.70900518995074
3.024,post_correction,0.09205199492959448,0.027080234522463043,70.58158865196216,0.09993560616110064,0.02813278644659309,71.84908609926097
3.028,post_correction,0.09362668876161542,0.023890690212168223,74.48303413464004,0.10293400338607528,0.02399700643697489,76.68699783591516
3.032,post_correction,0.09529531534588867,0.020763888583449686,78.21100805628899,0.1060032136268553,0.01990448971856619,81.22274878511466
3.036,post_correction,0.09705275067579545,0.017732036997320608,81.7294853841346,0.10913641480252537,0.015884103058648662,85.44564333784481
3.04,post_correction,0.09889398233596078,0.014852154761553042,84.98174063706163,0.11232742004462214,0.012002322936199171,89.31487705189771
3.044,post_correction,0.08755563126844909,0.012230517240805906,86.03114721050136,0.07262897370518394,0.008443383473635567,88.37463474575725
3.048,post_correction,0.08732846159569456,0.010068954861201535,88.47001919280581,0.07345409895417525,0.0058186062371644075,92.07858197158694
3.052,post_correction,0.08723255784145549,0.008714479232922602,90.01006109581114,0.07449540475575761,0.005621060351001551,92.45448713322536
3.056,post_correction,0.08726808765303722,0.008556890841957331,90.19470797162641,0.07574288842046827,0.008022035855376933,89.40885933627915
3.06,post_correction,0.08743462161333947,0.009652859233754918,88.95991192545834,0.07718547398239366,0.011487648687003258,85.11682562236562
3.064,post_correction,0.08773114091296187,0.0594836297685329,32.197815793200895,0.07881137868363,0.06808097924690834,13.615292126529546
3.068,post_correction,0.08815605801920677,0.05616115613821665,36.29348067494047,0.08060845258950282,0.06393500139437061,20.684494813517233
3.072,post_correction,0.08870724930572452,0.052845145188947146,40.427478472678885,0.08256447560347205,0.05979656501330251,27.57591618399632
3.076,post_correction,0.08938209803981427,0.04953657481018848,44.57886322144401,0.08466740338948561,0.055666135867233686,34.253167525217194
3.08,post_correction,0.09017754569711348,0.04623669061820567,48.72704700402411,0.0869055599447338,0.05154430274474435,40.68929217241897
3.084,post_correction,0.09109014931327059,0.04294710680280416,52.85208430704882,0.08926777924599687,0.04743183050816075,46.865676609415836
3.088,post_correction,0.0921161424961102,0.03966995559265543,56.93484929166397,0.09174350141400178,0.04332974280993386,52.770777066373306
3.092,post_correction,0.09325149779734437,0.036408114596462454,60.95707258709652,0.09432283039583017,0.039239455723996335,58.3987720053288
3.096,post_correction,0.09449198835249466,0.03316556283698818,64.90119065622076,0.09699656059260106,0.03516300279858651,63.74819624143584
3.1,post_correction,0.09583324700454252,0.029947956996716048,68.74992976571428,0.09975617952175726,0.03110343327510697,68.82054482817962
3.104,post_correction,0.09727082149096627,0.026763599363418964,72.48548027744934,0.10259385281950374,0.027065560017460133,73.61873126543232
3.108,post_correction,0.09880022465749842,0.023625132754025172,76.0879766863646,0.10550239690422095,0.023057471061992515,78.14507372479419
3.112,post_correction,0.10041697903344786,0.02055264673565249,79.53269762396793,0.10847524360371572,0.01909387829969114,82.39793922985291
3.116,post_correction,0.102116655439188,0.017579644400349457,82.78474326764609,0.1115064000997249,0.015204460609243242,86.36449513602336
3.12,post_correction,0.10389490558146149,0.014764974326604193,85.78854829890834,0.11459040671423135,0.011458047795127534,90.00086645673409
3.124,post_correction,0.09241736590193239,0.012216874057674267,86.78075928864055,0.0749277206777468,0.008046718952153776,89.26069166475577
3.128,post_correction,0.09227782994498362,0.010136312432088996,89.01544126240039,0.07586977872597152,0.005603761070171999,92.61397467572455
3.132,post_correction,0.09225931396100376,0.008856664738479004,90.40024864890873,0.07700457934460193,0.005574993161342209,92.76017970776303
3.136,post_correction,0.09236162128889763,0.008734754913489247,90.5428739864063,0.07832265183041467,0.00797618925540221,89.81624208450913
3.14,post_correction,0.0925840789211683,0.009811591527848749,89.40250673530714,0.07981383526052516,0.011351314733785402,85.77776058908474
3.144,post_correction,0.09292554888613622,0.05870232422040836,36.828649468255875,0.08146755642380123,0.06567642798593382,19.383333846078067
3.148,post_correction,0.09338444838060078,0.05542405163640751,40.64959144961762,0.0832730798322796,0.06166208439307093,25.951958883633708
3.152,post_correction,0.09395877778119724,0.0521526638113825,44.494101516698166,0.08521972162114327,0.05765579003467882,32.34454544337042
3.156,post_correction,0.09464615535392978,0.04888918217650457,48.34530574043581,0.08729702374263125,0.05365799623645965,38.53399126795669
3.16,post_correction,0.09544385726035998,0.04563490873595909,52.18664663617665,0.08949488858091487,0.049669278148189736,44.50043020805335
3.164,post_correction,0.09634886133603528,0.042391531494081196,56.00204205192158,0.0918036767721561,0.045690388295595005,50.2303285640812
3.168,post_correction,0.0973578930920011,0.03916128052938663,59.77595725866821,0.0942142726385216,0.04172234018519667,55.71547811521546
3.172,post_correction,0.09846747245457863,0.03594716504025404,63.49336065588984,0.0967181224016661,0.037766543565608435,60.951947134823776
3.176,post_correction,0.09967395989602892,0.032753343874508525,67.13951777507995,0.09930725044915495,0.03382503260769855,65.93901003732162
3.18,post_correction,0.10097360079922532,0.029585723740981375,70.6995457161033,0.10197425860399917,0.029900870452396977,70.67802123620996
3.184,post_correction,0.10236256712171228,0.026452960675341974,74.15758375433415,0.10471231277762352,0.02599891079776535,75.17110442114007
3.188,post_correction,0.10383699565846048,0.023368205501178425,77.49529890286804,0.1075151207101106,0.022127341321775688,79.41932150972804
3.192,post_correction,0.10539302243110647,0.020352281388488807,80.68915672117409,0.1103769038142098,0.018301114251030905,83.41943502796929
3.196,post_correction,0.10702681294136968,0.017439727266034096,83.70527273797478,0.1132923654999252,0.014550525966933184,87.15665799480301
3.2,post_correction,0.10873458820884034,0.014690696279500318,86.48939907577088,0.11625665779498379,0.010946178512356877,90.58447170254951
3.204,post_correction,0.09738593893916972,0.012214314846205688,87.45782504203699,0.0771395968601116,0.007685774152891703,90.03653834640926
3.208,post_correction,0.09731065568739862,0.010208769927243243,89.50909347478044,0.07815394734172566,0.005413945165956491,93.07271692588452
3.212,post_correction,0.0973467660946389,0.008992249323611638,90.76266250604615,0.07934008252851137,0.005511152605297347,93.05375992857472
3.216,post_correction,0.09749387987521305,0.0088920799888137,90.87934545204777,0.08068936515810494,0.007879781903223491,90.2344232256833
3.22,post_correction,0.09775122714603837,0.009939764471064687,89.83157065003913,0.08219271313041494,0.011148903515059504,86.43565458489056
3.224,post_correction,0.09811766998274184,0.057907682213285884,40.98139282815072,0.0838408071030792,0.06323809719494879,24.57360636187595
3.228,post_correction,0.09859171990420426,0.05467637169705156,44.54263324528941,0.08562427402551635,0.05936220035868579,30.67129498698507
3.232,post_correction,0.09917156063023576,0.05145230803778535,48.117880054719635,0.0875338423566773,0.05549464117616879,36.602073344338315
3.236,post_correction,0.09985507528463952,0.04823655283873913,51.69343901525329,0.08956046756175218,0.05163585746320261,42.345256932028015
3.24,post_correction,0.10063987709645296,0.045030459921679464,55.25584766113893,0.09169542870998475,0.04778641145310786,47.885721103668956
3.244,post_correction,0.10152334258965477,0.04183578477744023,58.79195492357312,0.09393039854156417,0.04394704369589125,53.213182975642646
3.248,post_correction,0.10250264624501117,0.03865484636827995,62.288928350314386,0.09625749028740471,0.04011875727946341,58.32141773104908
3.2520000000000002,post_correction,0.10357479566146112,0.03549077244273778,65.73416127342315,0.0986692849238745,0.03630295422575598,63.20744165343399
3.2560000000000002,post_correction,0.10473666632967389,0.03234788213832523,69.11503557263742,0.10115884255919948,0.03250166585242739,67.87066258354331
3.2600000000000002,post_correction,0.10598503524632515,0.029232301910463103,72.41846281173297,0.10371970140782587,0.028717961735428822,72.31195101255662
3.2640000000000002,post_correction,0.10731661273276465,0.026152992746231035,75.63006129222869,0.1063458674215727,0.02495672079835013,76.5324958990484
3.2680000000000002,post_correction,0.10872807196515948,0.023123531288986796,78.73269444491167,0.10903179719423536,0.021226196768863836,80.53210410624499
3.2720000000000002,post_correction,0.1102160758653324,0.020165328976986634,81.70382240642859,0.11177237629660354,0.01754150462741136,84.30604662026462
3.2760000000000002,post_correction,0.11177730113478412,0.017313690500127297,84.51054881057652,0.11456289476755313,0.0139333573936481,87.83780959627572
3.2800000000000002,post_correction,0.1134084593333325,0.014629552074098568,87.10012272444413,0.11739902110355468,0.010473513488905264,91.0787045833484
3.2840000000000003,post_correction,0.10241991229576403,0.012221933182818863,88.06683885109678,0.07923625183850565,0.007362919878461955,90.70763734071042
3.2880000000000003,post_correction,0.10238844629217984,0.010284665550056027,89.95524795765796,0.08028627732337625,0.0052471059902397124,93.46450456395496
3.2920000000000003,post_correction,0.10245949700408168,0.009119992650220456,91.09892892617154,0.0814897583908049,0.0054306298550994775,93.33581303670638
3.2960000000000003,post_correction,0.1026325933409611,0.009029357634471666,91.20225131165226,0.08283900228861442,0.007741410717040344,90.65487209748258
3.3000000000000003,post_correction,0.10290696060924535,0.01003956372871435,90.24403823679505,0.08432602272328937,0.010894153410622177,87.08091161091437
3.3040000000000003,post_correction,0.10328153070952407,0.05711273297679983,44.7018914374657,0.08594269468796971,0.06082281046144217,29.22864394435125
3.3080000000000003,post_correction,0.10375495641002604,0.05393022816308245,48.02154033976244,0.08768089024330078,0.057088157846518994,34.890991995965976
3.3120000000000003,post_correction,0.10432562923096436,0.05075527268590561,51.34918134685815,0.08953259296116058,0.05336194239403802,40.39942256873255
3.3160000000000003,post_correction,0.10499170037412563,0.047588964569768605,54.67359381723422,0.09148999051205618,0.04964458990640472,45.737681653969844
3.3200000000000003,post_correction,0.10575110406327651,0.044432704351860586,57.983696959537994,0.0935455462393336,0.04593665098965375,50.893812868304664
3.3240000000000003,post_correction,0.10660158262534879,0.041288307945908265,61.26857882493546,0.0956920515015183,0.042238855151784764,55.85959911088898
3.3280000000000003,post_correction,0.1075407126391004,0.038158173217372894,64.5174629394272,0.09792266111759712,0.03855219537961084,60.629955375382615
3.332,post_correction,0.10856593150397985,0.035045532026309494,67.71958611617976,0.10023091448864571,0.034878065191273795,65.20228776798717
3.336,post_correction,0.10967456383247266,0.03195484233485335,70.86394400103181,0.10261074497267114,0.03121849025792029,69.57580781015199
3.34,post_correction,0.11086384713846319,0.028892417417506925,73.93882842490412,0.10505647993377953,0.027576539899913672,73.75074824770823
3.344,post_correction,0.112130956375881,0.02586747085981118,76.93101736054112,0.10756283363619727,0.02395710355875504,77.72734061675655
3.348,post_correction,0.11347302697002788,0.022893918474965913,79.82435201890492,0.1101248948581484,0.02036846844372266,81.50421076909156
3.352,post_correction,0.11488717607306355,0.019993610233538767,82.59717845199394,0.11273811079581206,0.0168258356043727,85.07529043586054
3.356,post_correction,0.11637052186061575,0.017202346962766884,85.21760778612713,0.11539826853685517,0.013360133206862431,88.42258781153589
3.36,post_correction,0.11792020076491308,0.014581350513774204,87.63456098345377,0.11810147511995046,0.01004365236128,91.49574351118044
3.364,post_correction,0.10748799443949053,0.012238649663744586,88.61393802390252,0.08120705710896829,0.0070781998985482,91.28376258106452
3.368,post_correction,0.10748288019991016,0.010362507880015578,90.35892240630128,0.08226390778082886,0.005100730335569381,93.79955259460934
3.372,post_correction,0.10757219246887223,0.009239100175147763,91.41125604758754,0.08345839054818774,0.0053357861417248405,93.60665104290021
3.376,post_correction,0.10775545035175374,0.00914748350826997,91.51088554833265,0.08478375624153103,0.007570081212148231,91.07130711385011
3.38,post_correction,0.108031928547048,0.010113422252680191,90.63848772423256,0.08623305278462143,0.0106004443292449,87.70721436045999
3.384,post_correction,0.10840066569877395,0.056328690442978106,48.036582543223986,0.08779924144973097,0.05847500580160442,33.39919020247573
3.388,post_correction,0.10886047560627195,0.05319599863646505,51.133780795827995,0.08947529869828286,0.05488105771593143,38.66345403216334
3.392,post_correction,0.10940996097144151,0.05007110117520836,54.235335859156315,0.09125430227664653,0.05129549238699323,43.7884120449622
3.396,post_correction,0.11004752930234135,0.04695512840865446,57.331955831873955,0.09312950135512729,0.0477187253001179,48.76089251444197
3.4,post_correction,0.11077141054952214,0.043849522025881396,60.41440493684265,0.09509437135910925,0.04415129691417661,53.57107231147673
3.404,post_correction,0.11157967602841333,0.04075615068719523,63.473499710810394,0.09714265474014339,0.04059392681566217,58.21204709275145
3.408,post_correction,0.11247025817713083,0.03767748037050531,66.50004989659882,0.09926838929626475,0.03704759839822964,62.67935980338944
3.412,post_correction,0.11344097071262645,0.034616831543941774,69.48471850471499,0.10146592581606066,0.0335136961066649,66.97049197834241
3.416,post_correction,0.11448952877666374,0.031578778148883144,72.41775864892911,0.10372993683678859,0.029994237421356512,71.08429992727149
3.42,post_correction,0.11561356870356158,0.028569785621247915,75.28855311567959,0.1060554182182098,0.026492285053607137,75.0203379528436
3.424,post_correction,0.11681066709059713,0.025599265807594536,78.08482183588592,0.10843768507976033,0.023012724775677527,78.7779269183488
3.428,post_correction,0.1180783589059833,0.022681385354687476,80.79124272658048,0.11087236346031219,0.01956384562853282,82.35462380529492
3.432,post_correction,0.11941415442526869,0.019838283678305153,83.38699145525476,0.11335537886010447,0.01616085992377058,85.74319093960663
3.436,post_correction,0.12081555484208814,0.01710599786207026,85.84122890100646,0.11588294262925955,0.012834714240128756,88.9244146300371
3.44,post_correction,0.12228006645119599,0.01454557818414706,88.10470209389979,0.11845153698652765,0.009657626646991206,91.84676966404444
3.444,post_correction,0.11256818174266414,0.012263310978212637,89.10588161915318,0.08305502321409325,0.006830010619536904,91.77652313463209
3.448,post_correction,0.11257476252436519,0.010441020714758874,90.72525628246467,0.08409681311725922,0.004972293903183406,94.08741696757242
3.452,post_correction,0.11266844750364818,0.009349157431978308,91.70206243262952,0.08526266213496234,0.005229681958815622,93.86638673029286
3.456,post_correction,0.11284878810716183,0.00924762103098225,91.80529876652227,0.08654670490491513,0.007374442272526364,91.47923392273765
3.46,post_correction,0.11311513744409488,0.010163859135943719,91.01458976614246,0.08794292630122248,0.010279974421383922,88.31062957107783
3.464,post_correction,0.11346665682581596,0.05556484290911867,51.02980517490972,0.08944524969715704,0.05622728670123878,37.13776093016383
3.468,post_correction,0.11390232433047405,0.05248223655902816,53.92347182770635,0.09104761459956269,0.052770880932090564,42.04034760912448
3.472,post_correction,0.11442094519719583,0.049407615336604045,56.8194308730331,0.09274404279521653,0.04932268450136889,46.818487727264774
3.476,post_correction,0.1150211637953933,0.04634213752682292,59.709903814519606,0.09452869287178838,0.045883104204683146,51.46118833260971
3.48,post_correction,0.11570147688655999,0.04328728003488282,62.58709810824279,0.09639590353938375,0.042452671752733664,55.96008731285029
3.484,post_correction,0.11646024787937799,0.04024495612235918,65.44318181080783,0.09834022658010304,0.0390320978402112,60.3091235422184
3.488,post_correction,0.11729572177386528,0.037217688505442346,68.27020803265577,0.10035645050618573,0.03562235668050468,64.50416839094063
3.492,post_correction,0.11820604049591046,0.034208870049001125,71.05996452847549,0.10243961613535289,0.032224822987993694,68.54261641764138
3.496,post_correction,0.11918925833859861,0.031223167014687532,73.80370727202006,0.10458502532201373,0.028841503454532215,72.42291296891672
3.5,post_correction,0.12024335724958468,0.028267161527728187,76.49170634095397,0.10678824404185634,0.025475447870895115,76.14395844835705
3.504,post_correction,0.12136626173255825,0.02535040888721893,79.11247448398724,0.10904510093891091,0.022131524443580103,79.70424690974555
3.508,post_correction,0.12255585316364022,0.02248723911171862,81.65143603407259,0.1113516823281774,0.018817993351794942,83.100396008087
3.512,post_correction,0.12380998335850443,0.019699937022697414,84.08857146385827,0.11370432451857883,0.0155500062801567,86.32417338039251
3.516,post_correction,0.1251264872614304,0.0170245332425341,86.39414114857692,0.11609960419133686,0.012358341224765581,89.35539762530237
3.52,post_correction,0.12650319466193713,0.014521500436680585,88.52084291192222,0.11853432744525126,0.009314578014303512,92.14187297885861
3.524,post_correction,0.1176464580073634,0.012294769711866622,89.54939237431432,0.08479243360731602,0.0066157247651403815,92.19774161008445
3.528,post_correction,0.11765262528358016,0.010519159570926993,91.05913740082512,0.08580320569855002,0.004859508855847211,94.33644836893392
3.532,post_correction,0.11773929280934994,0.009450057168481926,91.97374390231477,0.08692641499960096,0.005115598445130797,94.11502424763027
3.536,post_correction,0.11790606721391986,0.00933108820700546,92.08599826328205,0.08815699412896603,0.007162290893886146,91.87552733092471
3.54,post_correction,0.11815239286323269,0.01019335962403497,91.37270149421832,0.08948975669742629,0.009943296765554065,88.88889954280093
3.544,post_correction,0.11847755676430544,0.05482860937434331,53.722366605333384,0.0909194651688714,0.05410182612615433,40.49478180974004
3.548,post_correction,0.1188806949625581,0.05179573500059361,56.43049107602637,0.09244089101410796,0.05077785393156006,45.069921574197565
3.552,post_correction,0.11936080028951336,0.048770986105025116,59.13986334983549,0.09404886653819759,0.04746183043430995,49.53492563886082
3.556,post_correction,0.11991673129216819,0.045755544291974926,61.84390301592282,0.09573832823924562,0.0441541551329112,53.880377958374176
3.56,post_correction,0.12054722215571687,0.04275091547775366,64.53595967352099,0.09750435193705337,0.04085535214180853,58.09894499049249
3.564,post_correction,0.1212508934186165,0.03975904906737938,67.20927331222873,0.09934218019039992,0.037566124035674234,62.18512220722886
3.568,post_correction,0.12202626327327339,0.036782512794186914,69.8568883390178,0.1012472427084097,0.034287435996473985,66.13494345201953
3.572,post_correction,0.12287175924657458,0.03382475535956276,72.47149746453579,0.10321517056701547,0.0310206520934197,69.9456466302319
3.576,post_correction,0.12378573006149302,0.030890511424568976,75.04517571676193,0.10524180508135288,0.027767765412104205,73.61527067058621
3.58,post_correction,0.12476645749319092,0.02798644437916479,77.56893564066115,0.10732320217490432,0.024531806408770142,77.14212219572919
3.584,post_correction,0.1258121680494543,0.025122199066723135,80.0319798504322,0.10945563304105611,0.021317612053263168,80.52396988534426
3.588,post_correction,0.12692104432480714,0.02231218450134901,82.42042159356231,0.11163558182508991,0.018133384124838434,83.75662684926951
3.592,post_correction,0.12809123589921084,0.01957869546495766,84.71503898958142,0.1138597409746838,0.014994145799673588,86.83103819548697
3.596,post_correction,0.1293208696748105,0.016957535897462166,86.88723951508871,0.11612500482250926,0.011930333587959944,89.7263008891196
3.6,post_correction,0.13060805956682336,0.014508251916600191,88.8917636746779,0.11842846188102457,0.009012382181795656,92.39002006895127
3.604,post_correction,0.12271533937155847,0.012331942136616527,89.95077371763789,0.08643695688276805,0.006432196101055483,92.5585116216212
3.608,post_correction,0.12271123188033875,0.010596107115549615,91.36500632160357,0.08740561619424843,0.004760419383832326,94.55364587413598
3.612,post_correction,0.12278167554695708,0.009541928542383372,92.22854021182165,0.08847674714273583,0.0049966933603746285,94.35253496343658
3.616,post_correction,0.12292634265323439,0.009399269652333037,92.35373846690644,0.08964598718448873,0.006940314832319849,92.25808644614857
3.62,post_correction,0.12314477164659654,0.010204293254835668,91.71357978224187,0.09090887258281057,0.009599147957305296,89.44091188837344
3.624,post_correction,0.12343637070661732,0.05412570261043664,56.15092836852582,0.09226089123304299,0.052112159330071295,43.51652294530679
3.628,post_correction,0.12380042242090165,0.051141687750458256,58.69021546906788,0.09369752996825932,0.048914158580139144,47.79567978290447
3.632,post_correction,0.12423608947746821,0.04816589224346455,61.2303538802225,0.0952143158603131,0.04572378577842049,51.97803464186953
3.636,post_correction,0.12474242126275617,0.04519951624584533,63.76572156585165,0.09680685135276147,0.04254143420477558,56.05534772559044
3.64,post_correction,0.1253183612401845,0.04224408832104607,66.2905835162644,0.09847084332576606,0.03936762120499858,60.02103782663799
3.644,post_correction,0.12596275497416515,0.03930158540724169,68.79904268900565,0.1002021263947997,0.036203041672736684,63.86998662074744
3.648,post_correction,0.12667435865872032,0.03637460841990904,71.28494763655549,0.1019966808872072,0.033048651571772295,67.59830684263238
3.652,post_correction,0.1274518480082931,0.03346664533034837,73.74173395416695,0.10385064602967821,0.029905803088347695,71.2030649479048
3.656,post_correction,0.12829382737069617,0.030582475525824233,76.1621613817333,0.10576032892401369,0.02677647261280246,74.68193141490632
3.66,post_correction,0.12919883892800976,0.027728809052461025,78.53788061678198,0.10772220989746943,0.023663664733533304,78.03269654785535
3.664,post_correction,0.13016537186007388,0.024915328461251305,80.85871218649844,0.10973294479646373,0.020572171811649956,81.25251094845956
3.668,post_correction,0.13119187135644414,0.022156442254203216,83.11142144317398,0.1117893647566307,0.017510109165040214,84.33651608705325
3.672,post_correction,0.1322767473756489,0.01947433093859617,85.27758557345564,0.11388847393492771,0.014492308649674506,87.27499970018481
3.676,post_correction,0.13341838306469064,0.01690437733898559,87.32979897471164,0.11602744563622282,0.011548709970873393,90.04657052687199
3.68,post_correction,0.13461514276638412,0.01450491084075235,89.22490401698367,0.11820361721165348,0.008748166186903066,92.59907066021616
3.684,post_correction,0.12777245272646298,0.012373845192670934,90.31571756772875,0.08800858310141742,0.006276128167016063,92.86873172383231
3.688,post_correction,0.12775015199796694,0.010671254904535049,91.64677713674668,0.088927907608499,0.00467340438580539,94.7447269237686
3.692,post_correction,0.12779704096525554,0.009625073815579139,92.46846895446043,0.08994112814799018,0.004875789105822518,94.57891044261771
3.696,post_correction,0.12791286023886894,0.009453552269183976,92.6093809085888,0.09104449643221599,0.0067140159929125936,92.62556633732245
3.7,post_correction,0.1280972392303416,0.010198863829142379,92.03818607612376,0.09223417357756104,0.009254482189814747,89.96631960708953
3.704,post_correction,0.12834969865170834,0.053460348308028344,58.347897291836155,0.09350627168680926,0.05026503334563832,46.24421181715333
3.708,post_correction,0.12866965385147522,0.05052390044432874,60.73363148808263,0.09485689152371334,0.04718567984358575,50.255928603996296
3.712,post_correction,0.12905641892781478,0.047595723205277704,63.120220132638686,0.09628215588004625,0.04411359539251041,54.182999965778066
3.716,post_correction,0.12950921154698702,0.044677030460372844,65.50281642000141,0.09777823845576761,0.04104916780107146,58.01809436397133
3.72,post_correction,0.13002715838448647,0.041769367008081267,67.87642864226066,0.09934138825886892,0.03799290813663687,61.75520716739634
3.724,post_correction,0.130609301098417,0.038874728712074647,70.23586499189543,0.10096794967942871,0.03494550370985594,65.3895084323221
3.728,post_correction,0.13125460273922443,0.035995737939724826,72.5756375864084,0.10265437850255439,0.03190790074290609,68.91715559691191
3.732,post_correction,0.13196195449719025,0.033135905670510626,74.88980380991843,0.10439725420001429,0.02888143798876684,72.33505975795781
3.736,post_correction,0.1327301826889082,0.030300033040123353,77.17170847934392,0.10619328888492517,0.02586807181389106,75.64057758685426
3.74,post_correction,0.13355805588615488,0.027494843607609877,79.41356406756435,0.10803933333313953,0.022870774359819598,78.83106674742474
3.744,post_correction,0.13444429209484365,0.024730008807193893,81.60575772919528,0.10993238047440536,0.01989428047039282,81.90316594206323
3.748,post_correction,0.13538756589781992,0.022019863318689152,83.73568268794487,0.11186956674107944,0.016946592797407317,84.85147186041225
3.7520000000000002,post_correction,0.13638651548274375,0.019386362056916993,85.78571936653822,0.11384817163671548,0.0140422950675174,87.665770239749
3.7560000000000002,post_correction,0.13743974948486123,0.01686429956839329,87.7296781814559,0.11586561585503359,0.011210694899912374,90.32439881566008
3.7600000000000002,post_correction,0.13854585358370997,0.014510555391030404,89.52653218000272,0.11791945824467603,0.008518703895902091,92.77582849963042
3.7640000000000002,post_correction,0.13281925461160415,0.012419616079431423,90.6492352213921,0.08952744548327238,0.0061443185620744375,93.13694417515525
3.7680000000000002,post_correction,0.1327724980123456,0.010744177699803535,91.90782890986617,0.09039322439497881,0.004597135298136832,94.9142921619331
3.7720000000000002,post_correction,0.13279009217191381,0.009699915030538641,92.69530213294765,0.09134548441115435,0.004755268134897938,94.79419462762489
3.7760000000000002,post_correction,0.1328718440386918,0.009495281120010135,92.85380496620101,0.09238100813752285,0.006487754368158506,92.9771773452607
3.7800000000000002,post_correction,0.13301746757326988,0.01017908391525987,92.34755848163104,0.09349649433267888,0.008914630174055407,90.46527868485059
3.7840000000000003,post_correction,0.133226585418755,0.05283552268871699,60.34160710293258,0.09468859095399404,0.04856211072749977,48.7138732995885
3.7880000000000003,post_correction,0.13349873120908265,0.04994501690344321,62.58764675057437,0.0959539254710825,0.04559360620041496,52.48385516634706
3.7920000000000003,post_correction,0.1338333524785791,0.04706279406643279,64.83477907798394,0.09728913210991348,0.042631990698461936,56.18010997333395
3.7960000000000003,post_correction,0.13422981412685572,0.0441900769281983,67.07879153700098,0.09869087584313889,0.03967764699827431,59.79603315980425
3.8000000000000003,post_correction,0.13468740238526256,0.04132842016763533,69.31530385490791,0.10015587307487034,0.03673108006904537,63.326084690423
3.8040000000000003,post_correction,0.13520532922475878,0.038479830112121374,71.53970902422465,0.10168090907781284,0.03379296942926965,66.76566944989736
3.8080000000000003,post_correction,0.13578273714029768,0.03564693915127917,73.7470757313966,0.10326285232645457,0.030864250742512308,70.11098372051718
3.8120000000000003,post_correction,0.1364187042437288,0.032833265585885806,75.93199131460365,0.10489866593281517,0.027946247523283535,73.35881512431973
3.8160000000000003,post_correction,0.13711224959577487,0.030043610392031326,78.08831050427378,0.106585416433195,0.025040892627623247,76.50626749362262
3.8200000000000003,post_correction,0.13786233870778375,0.02728467948182909,80.20875045529125,0.10832028019830105,0.022151119250281286,79.55034901153375
3.8240000000000003,post_correction,0.13866788914556402,0.024566088063355175,82.28422728958729,0.11010054774823805,0.019281592479318023,82.48728741712678
3.8280000000000003,post_correction,0.13952777617052464,0.021902030771835636,84.30274503546309,0.11192362625132762,0.016440178323451154,85.31125297304585
3.8320000000000003,post_correction,0.14044083835736929,0.0193141394203211,86.24749065426835,0.11378704047453374,0.013641162286209924,88.01167318411545
3.8360000000000003,post_correction,0.14140588313252472,0.016836480390238134,88.09350783909105,0.11568843243604718,0.010913105994585158,90.56681315081526
3.84,post_correction,0.14242169218310416,0.014524303324731355,89.80190229304523,0.11762555998953507,0.008320697416980848,92.92611451310317
3.844,post_correction,0.13785993888869089,0.012468518653246536,90.9556621352388,0.09101242994645663,0.006033803455218846,93.3703523147678
3.848,post_correction,0.13778386058363135,0.01081460506094005,92.15103640213661,0.09182274306494287,0.0045305203485089774,95.06601502276543
3.852,post_correction,0.13776775663889473,0.009766951130517874,92.91056821363638,0.09271309138225887,0.004637045048206822,94.99850023435401
3.856,post_correction,0.13781149571518345,0.009525731418398497,93.0878542686414,0.09368071400366239,0.0062648613282584985,93.31253887751797
3.86,post_correction,0.1379148682891072,0.010146766991593014,92.64273162316145,0.09472277100944779,0.008583519329374938,90.93827256329018
3.864,post_correction,0.13807758769217773,0.052253183735476084,62.15665075785772,0.09583636992421352,0.047001427977852055,50.95658567303798
3.868,post_correction,0.13829929164057908,0.0494067378797599,64.2754946220829,0.09701859030482606,0.04413579356344927,54.507900573717365
3.872,post_correction,0.13857954423386756,0.04656855172975631,66.39579673377553,0.09826650616125049,0.04127665968561079,57.99518951261193
3.876,post_correction,0.13891783839411906,0.04373985216536183,68.51386929785865,0.09957720603055296,0.03842440426371925,61.41244990150697
3.88,post_correction,0.13931359871113533,0.04092219754500619,70.62584132231214,0.10094781061960231,0.03557952608788638,64.7545341800831
3.884,post_correction,0.13976618465429502,0.03811759647047789,72.7275974766286,0.1023754880136149,0.032742696423794744,68.0170546103377
3.888,post_correction,0.1402748941075726,0.03532868039245281,74.81468040506215,0.10385746651443138,0.029914839331436103,71.19625546875889
3.892,post_correction,0.14083896718122976,0.0325589600443252,76.88213660184773,0.10539104522420947,0.027097261107360156,74.28883919908633
3.896,post_correction,0.14145759025172303,0.02981321570064514,78.9242728880135,0.10697360252787917,0.024291867556918152,77.29171778562167
3.9,post_correction,0.1421299001804661,0.02709810683622138,80.93426731334209,0.10860260265265347,0.021501546649531432,80.20162857578985
3.904,post_correction,0.1428549886621873,0.02442315151449642,82.90353613603901,0.11027560049689938,0.018730882354608194,83.01448165305176
3.908,post_correction,0.14363190665466344,0.02180234568696203,84.82068072842495,0.11199024492565418,0.015987582596215112,85.72412926962646
3.912,post_correction,0.1444596688434933,0.019256914573139425,86.66969492086942,0.11374428072792521,0.013285591710258778,88.31977166215702
3.916,post_correction,0.1453372580981804,0.016820082673150546,88.4268611550467,0.11553554942338731,0.010652633059762499,90.77977893996483
3.92,post_correction,0.1462636298790069,0.014545337342591554,90.05539698787469,0.11736198909476633,0.008150963095331087,93.05485263312177
3.924,post_correction,0.14290054338877958,0.012519940674259277,91.23870324257821,0.09248040912582578,0.005941929547958576,93.57493159456703
3.928,post_correction,0.1427914469468982,0.010882393350960919,92.37881989177691,0.09323504136596461,0.0044726519307510615,95.20282088662879
3.932,post_correction,0.14273835738464644,0.009826724783439144,93.1155682582514,0.09406407456201611,0.004522587390086823,95.19201415509053
3.936,post_correction,0.14274119912089847,0.009546092688607507,93.31230734546219,0.09496513911717266,0.006047784271637942,93.63157435680068
3.94,post_correction,0.14279983054122014,0.010103531415883006,92.92468949186424,0.09593579035574468,0.008263911104414087,91.3859977868841
3.944,post_correction,0.14291404456503345,0.037853758171618096,73.51291940072927,0.09697352986046283,0.032025541814692166,66.97496537377327
3.948,post_correction,0.14308356959249904,0.035096566910193264,75.4712808674343,0.09807582554096739,0.029268113781036355,70.15766768253127
3.952,post_correction,0.14330807081903807,0.0323585580008667,77.4202821823431,0.09924013019144654,0.02652062961956471,73.27630509109257
3.956,post_correction,0.1435871519005847,0.02964449964170616,79.3543508250438,0.10046389836941894,0.023784970454261693,76.3248581427716
3.96,post_correction,0.14392035694823194,0.0269610218560119,81.26670720688264,0.10174460149612094,0.021063982987863637,79.2971983986131
3.964,post_correction,0.14430717282700162,0.024317578661750053,83.14873877343405,0.10307974113966924,0.01836217756306614,82.18643415277297
3.968,post_correction,0.14474703173010872,0.021728032268874375,84.9889617706373,0.1044668604938309,0.015687120053628923,84.9836398074246
3.972,post_correction,0.14523931399737,0.01921333104575758,86.7712601244416,0.10590355410733127,0.013052452732739485,87.67515137451282
3.976,post_correction,0.1457833511443523,0.016806122985680502,88.47185028073655,0.10738747595127549,0.010485171882824933,90.23613155077568
3.98,post_correction,0.14637842906749704,0.014558686576411463,90.05407649941492,0.10891634593605286,0.008045485463232058,92.61315150257084
3.984,post_correction,0.1470237913897745,0.01255578262914236,91.46003343373472,0.11048795500492625,0.005887868864278491,94.67103100603502
3.988,post_correction,0.14771864291140235,0.010931124182173221,92.60003749917374,0.11210016894048638,0.004435995397536462,96.04282898102365
3.992,post_correction,0.14846215313075584,0.009871544775811515,93.35080047834326,0.11375093102342113,0.004437456315254744,96.0989714322944
3.996,post_correction,0.14925345980175042,0.009564935670859852,93.5914814413249,0.11543826368176542,0.005885081820409487,94.90196609623894
4.0,post_correction,0.1500916724956233,0.010078578165037837,93.2850517304138,0.11716026926402341,0.008027212804029477,93.14851966929167
