local_t_yr,phase,pos_noNN_err,pos_encounterNN_err,pos_gain_instant_pct,vel_noNN_err,vel_encounterNN_err,vel_gain_instant_pct
0.0,pre_correction_window,1.2621656163383514e-15,1.2621656163383514e-15,0.0,1.1722761033141078e-17,1.1722761033141078e-17,0.0
0.004,pre_correction_window,0.053061693827401245,0.053061693827401245,0.0,0.05025531646520492,0.05025531646520492,0.0
0.008,pre_correction_window,0.05027155004915993,0.05027155004915993,0.0,0.04770187354441322,0.04770187354441322,0.0
0.012,pre_correction_window,0.04748132413456871,0.04748132413456871,0.0,0.04514298040732898,0.04514298040732898,0.0
0.016,pre_correction_window,0.04469100596368226,0.04469100596368226,0.0,0.04257818545991284,0.04257818545991284,0.0
0.02,pre_correction_window,0.041900584876190916,0.041900584876190916,0.0,0.04000700885391933,0.04000700885391933,0.0
0.024,pre_correction_window,0.03911004967591638,0.03911004967591638,0.0,0.03742894150215686,0.03742894150215686,0.0
0.028,pre_correction_window,0.03631938865485336,0.03631938865485336,0.0,0.03484344451768369,0.03484344451768369,0.0
0.032,pre_correction_window,0.03352858964967438,0.03352858964967438,0.0,0.032249949403369414,0.032249949403369414,0.0
0.036000000000000004,pre_correction_window,0.030737640153140088,0.030737640153140088,0.0,0.029647859560390854,0.029647859560390854,0.0
0.04,pre_correction_window,0.027946527520954643,0.027946527520954643,0.0,0.027036554142645355,0.027036554142645355,0.0
0.044,pre_correction_window,0.025155239350801613,0.025155239350801613,0.0,0.02441539619657489,0.02441539619657489,0.0
0.048,pre_correction_window,0.022363764187179554,0.022363764187179554,0.0,0.021783748953314343,0.021783748953314343,0.0
0.052000000000000005,pre_correction_window,0.019572092881292188,0.019572092881292188,0.0,0.01914100851202104,0.01914100851202104,0.0
0.056,pre_correction_window,0.016780221373977562,0.016780221373977562,0.0,0.01648667197516713,0.01648667197516713,0.0
0.06,pre_correction_window,0.01398815689673355,0.01398815689673355,0.0,0.01382048999579579,0.01382048999579579,0.0
0.064,pre_correction_window,0.011195933567653716,0.011195933567653716,0.0,0.011142848035379207,0.011142848035379207,0.0
0.068,pre_correction_window,0.008403659248599139,0.008403659248599139,0.0,0.00845589083015128,0.00845589083015128,0.0
0.07200000000000001,pre_correction_window,0.0056117025647518465,0.0056117025647518465,0.0,0.005767833528247112,0.005767833528247112,0.0
0.076,pre_correction_window,0.0028219905540944603,0.0028219905540944603,0.0,0.003119661836965011,0.003119661836965011,0.0
0.08,pre_correction_window,0.00021194780363985582,0.00021194780363985582,0.0,0.0010938863087256445,0.0010938863087256445,0.0
0.084,pre_correction_window,0.05324265492786875,0.05324265492786875,0.0,0.0604699271387606,0.0604699271387606,0.0
0.088,pre_correction_window,0.050449630941300415,0.050449630941300415,0.0,0.057800950911862076,0.057800950911862076,0.0
0.092,pre_correction_window,0.04765589475177528,0.04765589475177528,0.0,0.05510087209838406,0.05510087209838406,0.0
0.096,pre_correction_window,0.04486140773620558,0.04486140773620558,0.0,0.05236751298930652,0.05236751298930652,0.0
0.1,pre_correction_window,0.04206612952050586,0.04206612952050586,0.0,0.04959858323238409,0.04959858323238409,0.0
0.10400000000000001,pre_correction_window,0.0392700181733196,0.0392700181733196,0.0,0.04679168297747352,0.04679168297747352,0.0
0.108,pre_correction_window,0.03647303056244097,0.03647303056244097,0.0,0.04394431052079538,0.04394431052079538,0.0
0.112,pre_correction_window,0.033675122974494744,0.033675122974494744,0.0,0.04105387704104065,0.04105387704104065,0.0
0.116,pre_correction_window,0.030876252171729436,0.030876252171729436,0.0,0.038117732780906376,0.038117732780906376,0.0
0.12,pre_correction_window,0.02807637719891612,0.02807637719891612,0.0,0.035133212279669056,0.035133212279669056,0.0
0.124,pre_correction_window,0.025275462531428334,0.025275462531428334,0.0,0.03209771256414905,0.03209771256414905,0.0
0.128,pre_correction_window,0.02247348374611361,0.02247348374611361,0.0,0.029008831112441024,0.029008831112441024,0.0
0.132,pre_correction_window,0.019670438245419357,0.019670438245419357,0.0,0.02586461861618317,0.02586461861618317,0.0
0.136,pre_correction_window,0.016866366934519005,0.016866366934519005,0.0,0.02266406821250573,0.02266406821250573,0.0
0.14,pre_correction_window,0.014061402174044134,0.014061402174044134,0.0,0.019408135965892404,0.019408135965892404,0.0
0.14400000000000002,pre_correction_window,0.01125588789823852,0.01125588789823852,0.0,0.016102093720213845,0.016102093720213845,0.0
0.148,pre_correction_window,0.008450739647704212,0.008450739647704212,0.0,0.012761741137436432,0.012761741137436432,0.0
0.152,pre_correction_window,0.005648877612632712,0.005648877612632712,0.0,0.009433202217610574,0.009433202217610574,0.0
0.156,pre_correction_window,0.002865056957948863,0.002865056957948863,0.0,0.006274999963657852,0.006274999963657852,0.0
0.16,pre_correction_window,0.0005854244108013183,0.0005854244108013183,0.0,0.003993557267416283,0.003993557267416283,0.0
0.164,pre_correction_window,0.05397236072394156,0.05397236072394156,0.0,0.09373881956720127,0.09373881956720127,0.0
0.168,pre_correction_window,0.0511559358967072,0.0511559358967072,0.0,0.09021030902722742,0.09021030902722742,0.0
0.17200000000000001,pre_correction_window,0.048336768363568164,0.048336768363568164,0.0,0.08656236045321188,0.08656236045321188,0.0
0.176,pre_correction_window,0.04551470864147825,0.04551470864147825,0.0,0.08278923040686478,0.08278923040686478,0.0
0.18,pre_correction_window,0.04268960427174868,0.04268960427174868,0.0,0.07888534115559696,0.07888534115559696,0.0
0.184,pre_correction_window,0.0398613019027517,0.0398613019027517,0.0,0.0748454246103195,0.0748454246103195,0.0
0.188,pre_correction_window,0.037029650427001945,0.037029650427001945,0.0,0.07066471935948289,0.07066471935948289,0.0
0.192,pre_correction_window,0.03419450574244407,0.03419450574244407,0.0,0.06633924564269933,0.06633924564269933,0.0
0.196,pre_correction_window,0.031355738108805396,0.031355738108805396,0.0,0.061866199478628384,0.061866199478628384,0.0
0.2,pre_correction_window,0.028513243831299766,0.028513243831299766,0.0,0.057244537472970564,0.057244537472970564,0.0
0.20400000000000001,pre_correction_window,0.025666964528435164,0.025666964528435164,0.0,0.052475882510111156,0.052475882510111156,0.0
0.20800000000000002,pre_correction_window,0.02281692048713008,0.02281692048713008,0.0,0.047565999839091745,0.047565999839091745,0.0
0.212,pre_correction_window,0.019963272049625728,0.019963272049625728,0.0,0.04252734926983235,0.04252734926983235,0.0
0.216,pre_correction_window,0.017106441637485353,0.017106441637485353,0.0,0.03738380369566615,0.03738380369566615,0.0
0.22,pre_correction_window,0.014247381425525864,0.014247381425525864,0.0,0.032180046611950924,0.032180046611950924,0.0
0.224,pre_correction_window,0.011388242377828543,0.011388242377828543,0.0,0.027001838668325503,0.027001838668325503,0.0
0.228,pre_correction_window,0.008534382710699156,0.008534382710699156,0.0,0.022023091481047544,0.022023091481047544,0.0
0.232,pre_correction_window,0.00570236477906426,0.00570236477906426,0.0,0.01761795701077782,0.01761795701077782,0.0
0.23600000000000002,pre_correction_window,0.0029731003528133985,0.0029731003528133985,0.0,0.014575823280946221,0.014575823280946221,0.0
0.24,pre_correction_window,0.001382423798931579,0.001382423798931579,0.0,0.01408698926669822,0.01408698926669822,0.0
0.244,pre_correction_window,0.05591052906692287,0.05591052906692287,0.0,0.1175495446573557,0.1175495446573557,0.0
0.248,pre_correction_window,0.05300800004583468,0.05300800004583468,0.0,0.1114300832132073,0.1114300832132073,0.0
0.252,pre_correction_window,0.05009758093123825,0.05009758093123825,0.0,0.1051338776118101,0.1051338776118101,0.0
0.256,pre_correction_window,0.04717917031699022,0.04717917031699022,0.0,0.09867607157093146,0.09867607157093146,0.0
0.26,pre_correction_window,0.044252718577875605,0.044252718577875605,0.0,0.0920759709285586,0.0920759709285586,0.0
0.264,pre_correction_window,0.04131823648989396,0.04131823648989396,0.0,0.08535771119821028,0.08535771119821028,0.0
0.268,pre_correction_window,0.03837580552570685,0.03837580552570685,0.0,0.07855122075160706,0.07855122075160706,0.0
0.272,pre_correction_window,0.03542559108230031,0.03542559108230031,0.0,0.07169371353719643,0.07169371353719643,0.0
0.276,pre_correction_window,0.032467860971478656,0.032467860971478656,0.0,0.06483212373004021,0.06483212373004021,0.0
0.28,pre_correction_window,0.029503013538719907,0.029503013538719907,0.0,0.05802721445968002,0.05802721445968002,0.0
0.28400000000000003,pre_correction_window,0.026531623839123372,0.026531623839123372,0.0,0.0513606611736272,0.0513606611736272,0.0
0.28800000000000003,pre_correction_window,0.02355452494755165,0.02355452494755165,0.0,0.04494735529611473,0.04494735529611473,0.0
0.292,pre_correction_window,0.020572961349282798,0.020572961349282798,0.0,0.03895636908882732,0.03895636908882732,0.0
0.296,pre_correction_window,0.017588901418562418,0.017588901418562418,0.0,0.033643654865123634,0.033643654865123634,0.0
0.3,pre_correction_window,0.014605737453108197,0.014605737453108197,0.0,0.02938908159203413,0.02938908159203413,0.0
0.304,pre_correction_window,0.011630065410461738,0.011630065410461738,0.0,0.02668847393807975,0.02668847393807975,0.0
0.308,pre_correction_window,0.00867709638568667,0.00867709638568667,0.0,0.02599075200380007,0.02599075200380007,0.0
0.312,pre_correction_window,0.005792253791651369,0.005792253791651369,0.0,0.027391355527275365,0.027391355527275365,0.0
0.316,pre_correction_window,0.0031853271730997346,0.0031853271730997346,0.0,0.03053604100213592,0.03053604100213592,0.0
0.32,pre_correction_window,0.002276982458181675,0.002276982458181675,0.0,0.03488688586626159,0.03488688586626159,0.0
0.324,pre_correction_window,0.057095541187890585,0.057095541187890585,0.0,0.09523263316991354,0.09523263316991354,0.0
0.328,pre_correction_window,0.054058677379324155,0.054058677379324155,0.0,0.08880032995831923,0.08880032995831923,0.0
0.332,pre_correction_window,0.051017090977648206,0.051017090977648206,0.0,0.08250003234896072,0.08250003234896072,0.0
0.336,pre_correction_window,0.047971322953617355,0.047971322953617355,0.0,0.07635108346473231,0.07635108346473231,0.0
0.34,pre_correction_window,0.04492194505819644,0.04492194505819644,0.0,0.07037402618679388,0.07037402618679388,0.0
0.34400000000000003,pre_correction_window,0.04186957223242293,0.04186957223242293,0.0,0.06459168550682677,0.06459168550682677,0.0
0.34800000000000003,pre_correction_window,0.03881488265229773,0.03881488265229773,0.0,0.059030663622339746,0.059030663622339746,0.0
0.352,pre_correction_window,0.035758649588716024,0.035758649588716024,0.0,0.05372338627888324,0.05372338627888324,0.0
0.356,pre_correction_window,0.032701792397576604,0.032701792397576604,0.0,0.04871085622983059,0.04871085622983059,0.0
0.36,pre_correction_window,0.029645459986409044,0.029645459986409044,0.0,0.04404621327361751,0.04404621327361751,0.0
0.364,pre_correction_window,0.02659117230471822,0.02659117230471822,0.0,0.0397989276727995,0.0397989276727995,0.0
0.368,pre_correction_window,0.023541071619907095,0.023541071619907095,0.0,0.03605867274192816,0.03605867274192816,0.0
0.372,pre_correction_window,0.020498395885407555,0.020498395885407555,0.0,0.03293622968944546,0.03293622968944546,0.0
0.376,pre_correction_window,0.01746843914529063,0.01746843914529063,0.0,0.030556253461801446,0.030556253461801446,0.0
0.38,pre_correction_window,0.01446069262463714,0.01446069262463714,0.0,0.0290357331188038,0.0290357331188038,0.0
0.384,pre_correction_window,0.01149423891878404,0.01149423891878404,0.0,0.028448384650519586,0.028448384650519586,0.0
0.388,pre_correction_window,0.008613731359138191,0.008613731359138191,0.0,0.028791083587785267,0.028791083587785267,0.0
0.392,pre_correction_window,0.005947750618102328,0.005947750618102328,0.0,0.029977400167136806,0.029977400167136806,0.0
0.396,pre_correction_window,0.00395966395123886,0.00395966395123886,0.0,0.03186506658297923,0.03186506658297923,0.0
0.4,pre_correction_window,0.0038891381025209586,0.0038891381025209586,0.0,0.034296538499429804,0.034296538499429804,0.0
0.404,pre_correction_window,0.05689185039175567,0.05689185039175567,0.0,0.07075292443972496,0.07075292443972496,0.0
0.40800000000000003,pre_correction_window,0.05381356224143089,0.05381356224143089,0.0,0.06652272988323465,0.06652272988323465,0.0
0.41200000000000003,pre_correction_window,0.05073589790562404,0.05073589790562404,0.0,0.06241495133704907,0.06241495133704907,0.0
0.41600000000000004,pre_correction_window,0.047659320035251154,0.047659320035251154,0.0,0.058435235628521966,0.058435235628521966,0.0
0.42,pre_correction_window,0.04458437538795765,0.04458437538795765,0.0,0.054591124140345025,0.054591124140345025,0.0
0.424,pre_correction_window,0.0415117299888962,0.0415117299888962,0.0,0.05089258444675441,0.05089258444675441,0.0
0.428,pre_correction_window,0.0384422206372119,0.0384422206372119,0.0,0.047352670563716164,0.047352670563716164,0.0
0.432,pre_correction_window,0.03537693255649638,0.03537693255649638,0.0,0.04398832611883538,0.04398832611883538,0.0
0.436,pre_correction_window,0.032317320260782906,0.032317320260782906,0.0,0.04082131963548883,0.04082131963548883,0.0
0.44,pre_correction_window,0.029265402611776046,0.029265402611776046,0.0,0.03787924229839135,0.03787924229839135,0.0
0.444,pre_correction_window,0.02622409096378928,0.02622409096378928,0.0,0.03519638130997098,0.03519638130997098,0.0
0.448,pre_correction_window,0.023197768634364832,0.023197768634364832,0.0,0.032814081398150785,0.032814081398150785,0.0
0.452,pre_correction_window,0.020193374639950114,0.020193374639950114,0.0,0.030779931644210716,0.030779931644210716,0.0
0.456,pre_correction_window,0.01722257466366885,0.01722257466366885,0.0,0.029144884177187736,0.029144884177187736,0.0
0.46,pre_correction_window,0.014306484648107421,0.014306484648107421,0.0,0.027957549719396364,0.027957549719396364,0.0
0.464,pre_correction_window,0.011487004267755238,0.011487004267755238,0.0,0.027255877435624916,0.027255877435624916,0.0
0.468,pre_correction_window,0.00885701902274805,0.00885701902274805,0.0,0.02705826044031336,0.02705826044031336,0.0
0.47200000000000003,pre_correction_window,0.006645554436449335,0.006645554436449335,0.0,0.027357685303808953,0.027357685303808953,0.0
0.47600000000000003,pre_correction_window,0.0053945757314511665,0.0053945757314511665,0.0,0.02812197985968011,0.02812197985968011,0.0
0.48,pre_correction_window,0.005767184851475261,0.005767184851475261,0.0,0.02930017273611336,0.02930017273611336,0.0
0.484,pre_correction_window,0.056411293099956794,0.011530559367375544,79.55983858241963,0.06101519329799078,0.027072351056303987,55.630147848445034
0.488,pre_correction_window,0.053338574517559134,0.008984271942214545,83.15614539106794,0.05781002496877449,0.026786724079952126,53.664223299642735
0.492,pre_correction_window,0.050268739173558785,0.006906584764389828,86.26067636082132,0.05467176378036018,0.0269548675231047,50.69691252070463
0.496,pre_correction_window,0.04720241724004056,0.005822720323209625,87.6643598703874,0.05160504202580011,0.027555890719368262,46.60232869185223
0.5,post_correction,0.04414040265176037,0.00022700983972224074,99.48570963089483,0.04861581682230283,0.0007205541422808946,98.51786066885471
0.504,post_correction,0.04108371441615122,0.05884118006829143,-43.2226392002161,0.0457116883930218,0.06275855424424931,-37.29213785468013
0.508,post_correction,0.038033686848112015,0.05574411763956881,-46.565117029499696,0.042902298532364345,0.059265656245560086,-38.14098142282904
0.512,post_correction,0.034992105887757766,0.05264684085350308,-50.45347948584583,0.040199821131703124,0.05580144358758749,-38.81017879350794
0.516,post_correction,0.03196142118913999,0.04954937539360481,-55.028698819065454,0.03761954816978171,0.052364854248063086,-39.19586171459043
0.52,post_correction,0.028945087327794286,0.04645174530066481,-60.48231181551799,0.03518055320753143,0.04895487337868257,-39.15322220743913
0.524,post_correction,0.02594813416412921,0.043353973100058917,-67.07934692272246,0.03290636979927679,0.0455705330819338,-38.48544631299727
0.528,post_correction,0.022978163155413258,0.0402560799232497,-75.19276737212157,0.030825540686412294,0.042210912814962885,-36.934865942413765
0.532,post_correction,0.02004717791305941,0.03715808562600155,-85.3531992739762,0.028971764986915675,0.038875140787995185,-34.18285287607471
0.536,post_correction,0.017175145936369207,0.034060008907113304,-98.30986608963583,0.027383209057240246,0.03556239697950016,-29.869354994743748
0.54,post_correction,0.014397373686662851,0.03096186743396116,-115.05219012716873,0.026100431834679565,0.03227191887297219,-23.645152989739387
0.544,post_correction,0.011780690859323165,0.02786367798618231,-136.51989784734204,0.02516249067157918,0.029003011979744038,-15.26288219354491
0.548,post_correction,0.009459670911518005,0.024765456639584363,-161.80040374798006,0.024601370413119966,0.02575506923325548,-4.689571356237305
0.552,post_correction,0.00770616423533271,0.021667219037022425,-181.16736647888163,0.02443592423857901,0.022527607905868455,7.809470655084686
0.556,post_correction,0.0069628791723463455,0.018568980854726466,-166.68538107733823,0.02466745457582124,0.019320343940979486,21.67678314114717
0.56,post_correction,0.007534819340081512,0.015470758745638014,-105.32355252821031,0.02527891709976077,0.016133354438567084,36.17861724496195
0.5640000000000001,post_correction,0.05600755937339735,0.012372572604516038,77.90910237307573,0.05701281021868421,0.012967476484967003,77.25515294680683
0.5680000000000001,post_correction,0.05294931051445171,0.009274452255989342,82.48428135158055,0.05418347513777774,0.009825464020690426,81.8663088779259
0.5720000000000001,post_correction,0.0498955994577472,0.006176464108668561,87.6212247657252,0.05139485022039162,0.006716331383862968,86.9318981278047
0.5760000000000001,post_correction,0.04684734483384821,0.003078898416346169,93.4278059359266,0.04865092583864082,0.0036812535507422077,92.43333299976301
0.58,post_correction,0.04380571577430582,8.523476578747859e-05,99.80542546952864,0.04595668158445755,0.0012535745158260508,97.272269292285
0.584,post_correction,0.04077222402448744,0.05887541865547302,-44.400802419100216,0.04331833578258262,0.057200622592842226,-32.047137913920906
0.588,post_correction,0.03774885918823546,0.05577968671225659,-47.765224994244306,0.04074366455479405,0.05412496761145768,-32.842659595991435
0.592,post_correction,0.034738292241560983,0.05268379725000009,-51.659145716348874,0.03824240700576149,0.051061928957743336,-33.52174446041144
0.596,post_correction,0.03174419031605495,0.04958776068446901,-56.21050715346011,0.03582677249270958,0.04801109766581969,-34.0089947415428
0.6,post_correction,0.028771718831501848,0.046491587164969754,-61.58779889808533,0.03351205914389876,0.04497208765516029,-34.19673038309243
0.604,post_correction,0.025828370594388105,0.043395286669063886,-68.01403135547643,0.031317372720626034,0.041944537273902016,-33.93376784214339
0.608,post_correction,0.02292538818076193,0.040298869125140246,-75.78271219397473,0.02926638944319242,0.03892811189862127,-33.01303180627304
0.612,post_correction,0.020080307523577427,0.03720234458038302,-85.2678029791209,0.02738801815397835,0.035922508177404826,-31.16140049069876
0.616,post_correction,0.01732170316337143,0.03410572344430135,-96.89590060878947,0.025716670186304653,0.03292746092258029,-28.039363899124563
0.62,post_correction,0.014698364129381969,0.031009016861973552,-110.96917037173311,0.02429164947973121,0.0299427544485595,-23.26357036208485
0.624,post_correction,0.012297180880770446,0.027912237319108624,-126.98078193479301,0.023155019965774196,0.026968241709454936,-16.468229132676733
0.628,post_correction,0.010275110297821997,0.02481539968284698,-141.50981316577273,0.022347418437929166,0.02400387785617105,-7.412307702756656
0.632,post_correction,0.00889458922819587,0.021718523114715043,-144.17679734851913,0.02190196178223195,0.021049782160949184,3.890882605658185
0.636,post_correction,0.008475146834849597,0.018621634872621404,-119.72049848209939,0.021837665360599216,0.018106360157109577,17.086557293903205
0.64,post_correction,0.009149914537153896,0.015524778641294914,-69.67129669086434,0.022154888754697427,0.015174566440073308,31.506916563253355
0.644,post_correction,0.05572249224465379,0.012428035291141048,77.69655521405105,0.05510590481554088,0.012256539858308525,77.75820957965297
0.648,post_correction,0.052679144655133646,0.009331584932973114,82.28599762949312,0.05241788102067745,0.0093574096743446,82.14843963140488
0.652,post_correction,0.04964198500334701,0.006235953754719986,87.43814584711,0.04975752986353986,0.0064918531537425115,86.95302364979445
0.656,post_correction,0.046612266665374075,0.0031437185297394383,93.2555982477575,0.04712822188847137,0.003720208483671438,92.10619808132103
0.66,post_correction,0.04359158640645169,0.0002585794473274447,99.40681340450328,0.044534127310473834,0.0015882889926136742,96.43354638670527
0.664,post_correction,0.040582009320756764,0.0589496439934618,-45.260535345918456,0.04198043007110734,0.05466883282567068,-30.224565906236435
0.668,post_correction,0.03758625142743149,0.05585410286658619,-48.60248294359654,0.03947360753379157,0.0517808466397871,-31.178399631854926
0.672,post_correction,0.034607952732564465,0.05275833052679641,-52.4456847664187,0.03702179597593654,0.04889868560644881,-32.08080353052569
0.676,post_correction,0.031652096043200184,0.0496623345202692,-56.900618690426825,0.03463526614948139,0.04602218714824563,-32.876666659986796
0.68,post_correction,0.02872566738471949,0.04656612276743145,-62.106321652259076,0.032327035020628385,0.04315120302590612,-33.48333058806866
0.684,post_correction,0.02583872906824457,0.04346970375394231,-68.23468228306149,0.030113634443592528,0.0402856018860275,-33.77861101916685
0.6880000000000001,post_correction,0.023006218932243683,0.04037308680491945,-75.48771018750826,0.028016034607738386,0.03742527309080929,-33.58519010564027
0.6920000000000001,post_correction,0.020251061498954583,0.03727628249117596,-84.07075842962735,0.0260606601425421,0.034570132555885986,-32.65255894056499
0.6960000000000001,post_correction,0.017609682432538975,0.03417930325156543,-94.09380823591283,0.024280308977779323,0.03172013183916116,-30.64138462237265
0.7000000000000001,post_correction,0.015141833573823793,0.03108216438255734,-105.27345140214818,0.022714555613371927,0.028875272693789054,-27.12233153612897
0.704,post_correction,0.01294722977322199,0.027984885679961782,-116.14574059573201,0.021408901531118858,0.026035631211436802,-21.61124275149181
0.708,post_correction,0.011187956041991742,0.024887494301391165,-122.44898181563246,0.020411688123778197,0.023201399677192116,-13.667226034891742
0.712,post_correction,0.010094373212317001,0.021790030064619312,-115.86313093745582,0.01976804564510957,0.02037296319486997,-3.060077665846807
0.716,post_correction,0.009889951158350401,0.018692556007707715,-89.00554419750591,0.0195114520097842,0.01755104987797475,10.047443577373878
0.72,post_correction,0.0106262363752223,0.01559518152590374,-46.76110125187659,0.01965561548469381,0.01473705207714556,25.02370587875219
0.724,post_correction,0.05554191473761463,0.012498119897204339,77.49785912810772,0.05411901983098547,0.011933797278496432,77.94897742833136
0.728,post_correction,0.052512023479974225,0.009401859447541502,82.09579668715878,0.051479459002850864,0.00914771764381176,82.23035396835625
0.732,post_correction,0.04949004660356213,0.006307838415423294,87.25432920693737,0.04886007003709503,0.006396585233843091,86.90835844282101
0.736,post_correction,0.046477594337798696,0.0032230023137057133,93.06547087983736,0.04626370882898097,0.0037503363505689493,91.8935674516877
0.74,post_correction,0.04347671637199491,0.0004413150909912175,98.98493923226573,0.043693906656809105,0.0017528472309264356,95.9883485706736
0.744,post_correction,0.04049005990195093,0.059071477363651176,-45.8913064260617,0.04115506046144996,0.053552182137323184,-30.12295823860017
0.748,post_correction,0.037521099277036785,0.055973921553964884,-49.17985515478054,0.03865268619009625,0.05075009024747798,-31.297705928860843
0.752,post_correction,0.0345744768291656,0.05287603525988105,-52.93372484316817,0.03619375779323668,0.0479505505587909,-32.4829293291871
0.756,post_correction,0.03165652039050391,0.04977782664550581,-57.243518970069125,0.033787161895208105,0.04515349971090926,-33.640996100691126
0.76,post_correction,0.028776048353366477,0.04667930480105343,-62.215826953850915,0.031444306303853725,0.04235888580946662,-34.710829363328116
0.764,post_correction,0.025945653565175506,0.043580480090210275,-67.96832648958357,0.02917992652646462,0.03956667140791182,-35.5955141697392
0.768,post_correction,0.023183800169916807,0.04048136465549552,-74.61056582097335,0.027013130500983557,0.036776837887240225,-36.14430169765466
0.772,post_correction,0.020518313362593864,0.037381973173467545,-82.18833347977403,0.024968689449328802,0.03398939202940328,-36.12805789579384
0.776,post_correction,0.017992217538381986,0.03428232401807704,-90.53973722218569,0.02307848427299907,0.03120437614530727,-35.20981610484348
0.78,post_correction,0.015673219044173535,0.03118244111639091,-98.95364844009421,0.02138278796913371,0.028421884178327195,-32.91945007056375
0.784,post_correction,0.013667328808931699,0.028082357031959142,-105.47070627002928,0.019930635307354807,0.02564208829195689,-28.65665291910911
0.788,post_correction,0.012131076857544235,0.024982118342537496,-105.93487813080078,0.018777943562932196,0.022865284804452202,-21.766713846070182
0.792,post_correction,0.011258598347807612,0.021881795587905144,-94.35630361719215,0.01798174107191446,0.020091978057322143,-11.735443063984759
0.796,post_correction,0.01120623087367208,0.01878150306818612,-67.59875180076278,0.01758988140495455,0.01732304440243581,1.5169914814978853
0.8,post_correction,0.011984921907652333,0.01568144212095559,-30.843089690413763,0.017628772336752065,0.014560082005879008,17.40728323137693
0.804,post_correction,0.05544438676102949,0.012582008346401918,77.30697536500574,0.05361209202420848,0.011806247453200235,77.97838695071043
0.808,post_correction,0.05242605056240243,0.009484108907100233,81.90954915474445,0.05097900748829016,0.009068598146384296,82.2111127831052
0.812,post_correction,0.049417424090587324,0.00639040135236922,87.06852599064058,0.04836132598360667,0.006366368397198956,86.83582745568845
0.8160000000000001,post_correction,0.04642048596160708,0.0033134563087423652,92.86208181559577,0.04576150787124653,0.0037737483560015823,91.75344403724783
0.8200000000000001,post_correction,0.04343775126088913,0.0006155028751488832,98.58302316007995,0.04318260203422961,0.0018310344316601656,95.75978670713553
0.8240000000000001,post_correction,0.040472461959790644,0.05924033133894883,-46.37194890146304,0.040628418878910735,0.05319976020655375,-30.942236184752215
0.8280000000000001,post_correction,0.03752886179384941,0.05613843827215071,-49.587372461562936,0.038103764301954356,0.05043186392328664,-32.35402025804567
0.8320000000000001,post_correction,0.034612600771945695,0.05303611378279509,-53.22776272213,0.03561475883065844,0.0476647056654328,-33.8341385156351
0.836,post_correction,0.03173134255622347,0.049933367908896915,-57.362922228777485,0.033169276018646325,0.044898265418344865,-35.36100514556004
0.84,post_correction,0.028895695263182527,0.046830212206481786,-62.06639701848786,0.03077754719313801,0.04213253345664964,-36.893733578754045
0.844,post_correction,0.02612066578121904,0.04372666029260523,-67.40254884331868,0.02845299494895261,0.039367513474191006,-38.35982308653302
0.848,post_correction,0.023427967635709236,0.04062272863681577,-73.39416405415396,0.02621337061848156,0.03660322714982946,-39.63571370719721
0.852,post_correction,0.020849705191650122,0.03751843774508585,-79.9470898999148,0.024082266272961336,0.03383972096744098,-40.517178009259645
0.856,post_correction,0.018434159666238428,0.0344138139842229,-86.68501633546494,0.022091010672470667,0.03107707668901323,-40.67747804649247
0.86,post_correction,0.01625426476045112,0.03130889249159831,-92.61955525529021,0.02028075540190173,0.028315427968182365,-39.61722533040963
0.864,post_correction,0.014417562111305042,0.028203722006911743,-95.6206034638599,0.018704065292867823,0.025554987734062597,-36.62798612987706
0.868,post_correction,0.013069824694060123,0.02509837329092443,-92.032975792942,0.017424421035431716,0.02279609544080753,-30.828424051810824
0.872,post_correction,0.012372179987805654,0.02199295467652053,-77.76135408794056,0.016511020977046393,0.02003930324278803,-21.36925554541208
0.876,post_correction,0.01243481455500489,0.01888764295882548,-51.89324195609649,0.016026624653798806,0.017285544311368462,-7.855176525091032
0.88,post_correction,0.01324720726414794,0.015782750738571324,-19.140211395993962,0.016010264171904057,0.014536491435314757,9.205174385414455
0.884,post_correction,0.055409685131020854,0.01267889264235975,77.11791248699673,0.053391475909411984,0.01179541329658336,77.90768452140871
0.888,post_correction,0.052400923236784754,0.009577474325456647,81.72269926966977,0.05074352749585789,0.009069566318362072,82.12665384939505
0.892,post_correction,0.049403723225736426,0.00648258182625874,86.8783536887728,0.04810784285630698,0.006378611906337283,86.74101450487083
0.896,post_correction,0.046420439332035233,0.003413111392703319,92.64739532452487,0.045486605998064276,0.003797758331099754,91.65082061461924
0.9,post_correction,0.04345405918293421,0.0007821428859863005,98.20006945106415,0.04288253170314071,0.0018625149606862669,95.65670475432808
0.904,post_correction,0.040508425431477924,0.05945462839408216,-46.7710180309346,0.0402990270685075,0.053321925062834,-32.315663532491364
0.908,post_correction,0.037588553452854986,0.05634614511888232,-49.902403638793466,0.037740412748019495,0.050558134433040566,-33.962855071567034
0.912,post_correction,0.03470109462382045,0.053237132452773984,-53.41629141643715,0.03521222936845214,0.04779392920957206,-35.73105158854923
0.916,post_correction,0.03185502367133449,0.050127602881245334,-57.361687746456965,0.032721666350399206,0.045029309269705727,-37.61313005123398
0.92,post_correction,0.029062675303114547,0.04701757105722189,-61.77991381331359,0.03027816723114413,0.04226428406701812,-39.58666568016398
0.924,post_correction,0.026341328856139504,0.04390705456751504,-66.68504010298406,0.02789428851014458,0.03949887574977227,-41.602019120894006
0.928,post_correction,0.02371564699922387,0.04079607504992501,-72.02176711122459,0.02558691635443332,0.03673312369840332,-43.56213616979582
0.932,post_correction,0.021221398722835797,0.03768465986382781,-77.57858638825877,0.023378966486230016,0.03396709129103901,-45.28910553443539
0.936,post_correction,0.018910917631609982,0.0345728446632005,-82.81949790427561,0.02130167078830993,0.031200876279556193,-46.47149789151194
0.9400000000000001,post_correction,0.01686020707055738,0.03146067749729128,-86.59721891690396,0.01939739096080768,0.028434627233744302,-46.58995785152914
0.9440000000000001,post_correction,0.01517526064262839,0.02834822561338104,-86.8055269755885,0.017722378813792412,0.025668570626717513,-44.83704979119953
0.9480000000000001,post_correction,0.013989210242490079,0.025235587294906384,-80.39322347345357,0.016347705704375024,0.022903057542680932,-40.09952195647579
0.9520000000000001,post_correction,0.013435185885706642,0.022122913693745888,-64.6639940968878,0.01535474618266496,0.02013864882014898,-31.155856180057853
0.9560000000000001,post_correction,0.013591038051552784,0.019010452106563224,-39.874908998516624,0.014820955666505958,0.01737628126749913,-17.24130115825109
0.96,post_correction,0.014434102495125691,0.015898640056104,-10.146370801183329,0.014796667138789405,0.014617621584048371,1.2100397546395185
0.964,post_correction,0.05541984518111128,0.012788336582605508,76.92462593352002,0.053359815251874394,0.011865910877408816,77.76245884398561
0.968,post_correction,0.05241875210830609,0.00968149851341877,81.53046739186934,0.05068509032747224,0.009128321562175055,81.99012470294969
0.972,post_correction,0.04943113153777532,0.00658376498966665,86.68093408981477,0.048020660657995345,0.006424241713338562,86.62192142858632
0.976,post_correction,0.04645972091177477,0.0035206119646324667,92.42222747889946,0.04536855668250731,0.00382767645235118,91.56315137125134
0.98,post_correction,0.04350798808416814,0.0009418362846265696,97.83525663654099,0.042731310310279026,0.0018667911508330967,95.63132715267092
0.984,post_correction,0.04058038308210912,0.05971331893655168,-47.148238634735286,0.04011211183056043,0.053779686638999694,-34.07343613862353
0.988,post_correction,0.0376826963290062,0.0565960751216214,-50.19115040888584,0.037515026920049904,0.05100006546381131,-35.94569869961717
0.992,post_correction,0.034822576039741926,0.053478206708285264,-53.573379083880084,0.03494530068723154,0.048219198223649416,-37.98478558024813
0.996,post_correction,0.032010286250033916,0.050359728938057104,-57.32358200328104,0.03240978909519346,0.045437093842371205,-40.195586305465234
1.0,post_correction,0.029259830927323618,0.04724065991537332,-61.45226550594564,0.02991757822465326,0.04265377019415361,-42.57093229225762
1.004,post_correction,0.02659063310907195,0.04412102161563265,-65.92693161781035,0.027480881095434746,0.03986925711132809,-45.079981143513486
1.008,post_correction,0.02403003613351496,0.0410008413537828,-70.62330296124051,0.025116341054916624,0.037083600756132304,-47.64730529438738
1.012,post_correction,0.021616942955547648,0.037880153979280275,-75.2336306626508,0.022846913052273835,0.034296870133741685,-50.11599184218148
1.016,post_correction,0.019406760032920488,0.034759005254315085,-79.10771914194822,0.020704505423006205,0.03150916707489729,-52.18507484793758
1.02,post_correction,0.01747697550177456,0.03163745723295847,-81.02364010149294,0.018733435179609823,0.028720642048945068,-53.312202346132956
1.024,post_correction,0.01593018602024959,0.028515597175112067,-79.0035416966543,0.01699419778203909,0.025931520199507035,-52.5904342887763
1.028,post_correction,0.014886647646808719,0.02539355303759046,-70.5793919494973,0.015565561455249866,0.023142146226708054,-48.675306658487415
1.032,post_correction,0.01445615434314379,0.02227152199488485,-54.062563709744175,0.014540308642408704,0.02035306617662521,-39.976851091474366
1.036,post_correction,0.014693074814210337,0.019149826849831544,-30.332330652198685,0.014008283084233642,0.017565187059468985,-25.391434152545408
1.04,post_correction,0.015567323913834034,0.016029038309170733,-2.965920140753241,0.014026726283604884,0.014780116614559118,-5.371105956739409
1.044,post_correction,0.055458910384606756,0.012910274343960698,76.72100974500196,0.05346245888773396,0.012000973797989704,77.55252181125715
1.048,post_correction,0.052463776348722825,0.009796069929939574,81.32793593654824,0.050753867607110294,0.009234650212161598,81.80503152262649
1.052,post_correction,0.04948410462125174,0.006693663755301513,86.47310321863071,0.04805459385623127,0.00649976053273733,86.47421607144744
1.056,post_correction,0.046523028043764965,0.003634992433100457,92.18668133621706,0.045366647588310015,0.0038674364479867533,91.47515486909526
1.06,post_correction,0.04358450826249813,0.0010947676018544543,97.48817264322233,0.04269254237879093,0.001854475459207153,95.65620748759055
1.064,post_correction,0.04067361696367366,0.0600160632247747,-47.55526482529481,0.04003545635636287,0.05450318079083701,-36.13727868041344
1.068,post_correction,0.03779693295032003,0.05688794894125369,-50.50943158807814,0.03739945631344549,0.05169286965513049,-38.2182383131232
1.072,post_correction,0.034963109924151935,0.05375911637822967,-53.75953825289944,0.034789814195751945,0.04888064329749664,-40.50274319506217
1.076,post_correction,0.032183697387387446,0.05062958370339555,-57.31437905961951,0.03221346029484743,0.04606651426711933,-43.00393017538605
1.08,post_correction,0.02947433649027921,0.047499372668324845,-61.15501933008869,0.029679640658165925,0.04325050341628707,-45.72448472143923
1.084,post_correction,0.026856502973322247,0.04436850986694922,-65.20583454600335,0.027200880900971648,0.04043264273299644,-48.64460779853691
1.088,post_correction,0.02436001398435803,0.041237028567964004,-69.28162928988048,0.024794407095249348,0.03761297945547392,-51.69945105354277
1.092,post_correction,0.02202648790683192,0.038104971451706354,-72.99612908278219,0.022484230920029716,0.0347915821989836,-54.737701826350126
1.096,post_correction,0.0199136479035745,0.03497239481905559,-75.62023285938508,0.020304133999517988,0.03196855034269907,-57.44847991772508
1.1,post_correction,0.018099329629924426,0.031839375286840846,-75.91466611116576,0.01830165496990698,0.02914402889386901,-59.24258730584699
1.104,post_correction,0.016681635906125127,0.028706020870177578,-72.08156940793418,0.016542536088440578,0.026318232953469255,-59.09430581118477
1.108,post_correction,0.015768345286566024,0.025572490214617164,-62.17611772114012,0.015113230886519082,0.02349148987915427,-55.436584377921136
1.112,post_correction,0.015449609550218115,0.022439027941967192,-45.24009729197591,0.014115623662770848,0.020664316096155665,-46.39322065986089
1.116,post_correction,0.015761964253178315,0.019306034401063873,-22.484952325475014,0.013646122560090629,0.017837566953662596,-30.715277362598528
1.12,post_correction,0.016670369321906697,0.01617421639994362,2.9762563287129793,0.013760288448218999,0.015012755615176121,-9.102041513666302
1.124,post_correction,0.05551262641353386,0.01304495465552758,76.50092330643675,0.05366547987595308,0.012192813561672258,77.27996919089189
1.1280000000000001,post_correction,0.05252207347627652,0.009921364379160065,81.11010529003313,0.05091873348355826,0.009384212451111327,81.57021628563975
1.1320000000000001,post_correction,0.049549094322308807,0.006812257342364475,86.25149977908406,0.048181279659685564,0.006604429135900752,86.29254103969588
1.1360000000000001,post_correction,0.04659723815799864,0.003755601312020871,91.94029204201622,0.04545525816814556,0.003920414294750643,91.37522378544533
1.1400000000000001,post_correction,0.04367098502310325,0.001240960039634103,97.15838779689169,0.04274335123475454,0.0018322518396317552,95.71336409826951
1.1440000000000001,post_correction,0.040776056523523126,0.06036308616308414,-48.03561528384074,0.04004895938458866,0.05545687912914176,-38.472709357043264
1.1480000000000001,post_correction,0.03791985099024328,0.05722203002383625,-50.90257089501589,0.03737644726579883,0.052603649593336715,-40.74010089629755
1.1520000000000001,post_correction,0.03511205912153771,0.05408016229751926,-54.021620065986184,0.03473149221340474,0.04974791831657421,-43.23576427670398
1.156,post_correction,0.03236554158517641,0.05093750415247946,-57.38189956879666,0.0321215854268482,0.04688969863688021,-45.97566718387559
1.16,post_correction,0.02969758320055644,0.04779408106348403,-60.93592781849172,0.029556761874011937,0.04402901150842776,-48.96425967128924
1.164,post_correction,0.02713167273135279,0.04464992432017871,-64.5675324270818,0.02705067404055981,0.04116588811711116,-52.18063718259657
1.168,post_correction,0.024699965318261012,0.04150507322209477,-68.03696963659102,0.0246221781897766,0.038300373678093254,-55.55233733949661
1.172,post_correction,0.02244648180136903,0.038359578354712556,-70.89349989971689,0.022297660296504877,0.03543253308836918,-58.90695533613083
1.176,post_correction,0.020430676744990085,0.03521350662323523,-72.35604607111276,0.020114341414611207,0.032562459583896315,-61.886779749312105
1.18,post_correction,0.018729877114181108,0.03206694925208116,-71.20747272710103,0.018124597452126825,0.02969028844341583,-63.812126155286464
1.184,post_correction,0.017436962005135843,0.02892003500970468,-65.85478021450433,0.016400459576868524,0.026816219536320903,-63.508951750004236
1.188,post_correction,0.01664771259132893,0.02577295312485908,-54.81377987197528,0.015035149856271041,0.023940556166400645,-59.230578978334755
1.192,post_correction,0.01643532727990542,0.022625995325672252,-37.66683766216097,0.014134717524640834,0.021063775808417253,-49.021554705264535
1.196,post_correction,0.016822130539573297,0.01947963860280067,-15.79769017352295,0.013792251165452516,0.018186668056173836,-31.861491195350784
1.2,post_correction,0.017769467417915494,0.01633472349899221,8.074208895404198,0.014050321564057191,0.015310628044714147,-8.969947590957684
1.204,post_correction,0.05556832042569685,0.013192886819011143,76.25825881015783,0.05394550271300655,0.012438355930147782,76.9427379399528
1.208,post_correction,0.052581471036035506,0.010057802211036058,80.87196494722794,0.05115821609716536,0.009575808052280237,81.28197426960159
1.212,post_correction,0.04961449531726942,0.00693976087569388,86.01263434946532,0.048381198440366605,0.006739065324017117,86.07090038845666
1.216,post_correction,0.046671392841364866,0.0038820790769381833,91.68210151744711,0.045616893607479635,0.0039898906628601195,91.25348013130402
1.22,post_correction,0.043757202799777975,0.0013804384207001324,96.84523156789369,0.04286837020769154,0.0018052585857744566,95.7888331722708
1.224,post_correction,0.04087834505883269,0.060754953360491776,-48.62380870128766,0.04013952555311249,0.0566233052863394,-41.066204709907765
1.228,post_correction,0.03804309358815568,0.05759891043604057,-51.40438119883445,0.03743537095263747,0.05371630302919688,-43.49077266299228
1.232,post_correction,0.035262238519706904,0.05444196226887853,-54.391679468825295,0.03476243613418371,0.05080625315709292,-46.15274073709838
1.236,post_correction,0.03255001537852952,0.05128413302425078,-57.55486572850764,0.03212934983704527,0.0478931683365078,-49.0636087546558
1.24,post_correction,0.029925405107435972,0.04812545187303464,-60.81804640658399,0.029547682344659945,0.04497706813708946,-52.21859911871571
1.244,post_correction,0.02741392422830681,0.044965954740505215,-64.02596857721922,0.027033176415722986,0.04205798140596298,-55.579132689347205
1.248,post_correction,0.02504999305831833,0.041805686849307716,-66.88901570543685,0.024607543384876168,0.03913594971348914,-59.040458047275656
1.252,post_correction,0.022879794839362477,0.038644706511910314,-68.90320382342689,0.022301039524114694,0.03621103248007769,-62.37374244784311
1.256,post_correction,0.020964019144189692,0.035483090952556334,-69.25710050398753,0.020155982601437094,0.03328331482489557,-65.12871380689977
1.26,post_correction,0.019378739848194024,0.03232094554945271,-66.78558978882631,0.018230985780607296,0.030352919984762215,-66.4908324214113
1.264,post_correction,0.0182109692674405,0.029158419094598233,-60.114591740763316,0.016604462414769736,0.02742002973868217,-65.13651001607823
1.268,post_correction,0.0175447857011843,0.025995730195480404,-48.16784107956163,0.015373293425507088,0.024484919576458763,-59.26918779702619
1.272,post_correction,0.01743827995880918,0.022833215615018033,-30.937315314080223,0.014639523425238622,0.021548022707826586,-47.19073894630799
1.276,post_correction,0.017901935923545106,0.019671425205673346,-9.884345970655387,0.014480948279881703,0.018610054814719366,-28.51406175225559
1.28,post_correction,0.01889428673104267,0.016511325751752008,12.61207164478741,0.014917853094863228,0.01567227922476814,-5.057203104947369
1.284,post_correction,0.055614999098185305,0.013354793445998102,75.98706524759457,0.05428447736284208,0.012737138589295968,76.53631533714538
1.288,post_correction,0.052631685579255204,0.010206016146462993,80.6086086087927,0.051455820559273904,0.009810015756889175,80.93507080391683
1.292,post_correction,0.04967082801759975,0.0070766103819008665,85.75298487193845,0.04863952315652103,0.0069054320028010315,85.8028377856841
1.296,post_correction,0.046736927810507645,0.0040143584970376124,91.41073518286521,0.04583853811576653,0.004079254292274805,91.10081939792117
1.3,post_correction,0.04383564534849065,0.0015133466532265523,96.54768022417475,0.043056576607934216,0.001778368360459562,95.8696940152649
1.304,post_correction,0.040974172987671476,0.061192325578544225,-49.343650198763235,0.04029835532432132,0.05799465476907944,-43.91320514779879
1.308,post_correction,0.03816174768154975,0.05801927758605125,-52.03516901324234,0.03756994125002894,0.055023730004481936,-46.45679011925406
1.312,post_correction,0.035410358512681095,0.054845230190504184,-54.884707453224756,0.034879237784696225,0.05204923006798157,-49.22697104011524
1.316,post_correction,0.03273572227746237,0.051670210483057366,-57.840447341010304,0.03223667683370567,0.04907116632678527,-52.2215412584897
1.32,post_correction,0.030158615147032754,0.0484942512118066,-60.797340910323115,0.029656210387284415,0.04608955633824866,-55.412831701552506
1.324,post_correction,0.02770664229728462,0.04531739275230964,-63.56147477585531,0.027156730946466066,0.0431044259735695,-58.72464936424435
1.328,post_correction,0.025416453838839087,0.04213968597096208,-65.79687409644883,0.02476408097339168,0.04011581249832824,-61.99192912279511
1.332,post_correction,0.02333617264632054,0.03896119649175849,-66.95624034947127,0.022513793101440478,0.037123769153677655,-64.89344548210492
1.336,post_correction,0.021527214373372808,0.035782011240108845,-66.2175635894996,0.020454509262779752,0.03412837216622968,-66.85011469980219
1.34,post_correction,0.020063609890518707,0.03260224881930025,-62.494431446789775,0.0186513711399113,0.031129731833770442,-66.90318154227927
1.344,post_correction,0.01902576035408834,0.029422076620213317,-54.643368110599425,0.017187118249348723,0.028128010746538888,-63.65751569553989
1.348,post_correction,0.018486057140935257,0.02624174037558153,-41.954231643437915,0.016156222043300233,0.025123455141545594,-55.503279629435106
1.352,post_correction,0.018488714110651592,0.023061618163343935,-24.733488902063947,0.015646718542447115,0.022116451926781494,-41.34881935009566
1.356,post_correction,0.019034021624994818,0.019882326191569964,-4.456780512748716,0.015711554816937617,0.019107639723852387,-21.615205792705307
1.36,post_correction,0.020078300283221405,0.016704945171774517,16.80099940663732,0.01634595800298789,0.01609814466192766,1.516052720892408
1.364,post_correction,0.055643665145389834,0.013531564663770482,75.68175168114067,0.05466675968493345,0.013090141411891564,76.05466011277178
1.368,post_correction,0.05266468720511032,0.010366822158410581,80.31542061944567,0.051797419646510336,0.010088415114094607,80.52332493984711
1.372,post_correction,0.04971115467841641,0.007223453063598264,85.46915051495566,0.04894381267532779,0.0071058535642470515,85.48161008341496
1.3760000000000001,post_correction,0.046788144245357766,0.004152674260624599,91.1245159909572,0.04610964315985023,0.004192038390373377,90.90854297908865
1.3800000000000001,post_correction,0.043902025826285385,0.0016400525998595725,96.26428947413714,0.043299566377697524,0.0017569356951003248,95.94237115500243
1.3840000000000001,post_correction,0.041060869576768654,0.06167569799867103,-50.205532991356314,0.04051949546058882,0.05956796928578381,-47.01063922111873
1.3880000000000001,post_correction,0.03827499880891937,0.058483666571170545,-52.79861108066678,0.0377770258641773,0.05652332726154182,-49.623550209496564
1.3920000000000001,post_correction,0.03555774134317767,0.05529054156296487,-55.49508904218759,0.03508202689728801,0.053474589953181405,-52.427310171508985
1.3960000000000001,post_correction,0.0329264436967376,0.05209635286418508,-58.220405896270144,0.032447469778910505,0.05042176738216744,-55.395066936588925
1.4000000000000001,post_correction,0.030403814465754287,0.048901136602253634,-60.838820593823954,0.029890585101423384,0.047364875077444135,-58.46084951742423
1.4040000000000001,post_correction,0.028019631664907063,0.04570493730737888,-63.117552200451016,0.027434460873854535,0.04430393595239763,-61.49009144415142
1.408,post_correction,0.02581273100956252,0.04250781105683006,-64.67769737763402,0.02511017750197079,0.04123898302589879,-64.23214460615469
1.412,post_correction,0.023832890295486957,0.03930983015615037,-64.93941636442707,0.02295945439050774,0.03817006346645665,-66.24987169659187
1.416,post_correction,0.022141614344681888,0.03611109031131081,-63.09149707498269,0.02103739349256636,0.0350972447764963,-66.83266769192693
1.42,post_correction,0.020809920493081457,0.03291172198798131,-58.154001592285105,0.019413994030907666,0.03202062456581595,-64.9357907231152
1.424,post_correction,0.019910651436305323,0.029711909115310832,-49.22620292138597,0.018171587693483128,0.028940346603906757,-59.261519092718714
1.428,post_correction,0.01950427984746609,0.02651192133843044,-35.92873741439243,0.01739421985756694,0.025856628418515024,-48.65069333515821
1.432,post_correction,0.01962201298271251,0.023312172827736424,-18.80622466346872,0.017147506774999398,0.02276981143969682,-32.78788420072003
1.436,post_correction,0.020255250646116173,0.020113337169279787,0.7006256269832825,0.01745617916686897,0.019680458530920264,-12.74207455588492
1.44,post_correction,0.021358695368872357,0.01691659235762338,20.7976326949388,0.018294263514107748,0.01658956080165491,9.318236348450132
1.444,post_correction,0.05564785593491937,0.013724207054628327,75.33740191054459,0.05507741044532079,0.013499028845450529,75.49080696367895
1.448,post_correction,0.052675293175408096,0.010541186281962952,79.98836713283981,0.052169765202108656,0.01041305751836545,80.04005293482793
1.452,post_correction,0.04973173180298421,0.007381135239847612,85.15809731081053,0.049282735458530964,0.007342913691022666,85.10043401060524
1.456,post_correction,0.04682292359824084,0.004297574000790503,90.82164531701312,0.046421062933106834,0.004331840483645797,90.66837291104683
1.46,post_correction,0.04395606695990444,0.001761254556385132,95.99314798116106,0.043590699317928264,0.0017471943970699707,95.99181838234153
1.464,post_correction,0.04114024991912664,0.06220511794565975,-51.20257671730812,0.040799188355814565,0.06134192832304224,-50.35085450247687
1.468,post_correction,0.038387043414065326,0.058992191553037185,-53.677351278952536,0.038056186700842175,0.05821397711003203,-52.96849778368301
1.472,post_correction,0.0357112919996283,0.055778078588769466,-56.19171266430244,0.03537417542617459,0.05508141475435025,-55.71080905985892
1.476,post_correction,0.03313215286647962,0.05256281157328248,-58.64592857912711,0.032769428168168115,0.05194425035114556,-58.51436309652688
1.48,post_correction,0.030674419777556725,0.04934642975332623,-60.87159956463491,0.030263309692952926,0.048802497881625606,-61.25961891402014
1.484,post_correction,0.02837010787795321,0.04612898142848242,-62.59713084957943,0.027883960420018235,0.04565617785900829,-63.73634581058708
1.488,post_correction,0.026260113705104778,0.04291052732644211,-63.405717920027946,0.025668331430844595,0.042505319712950664,-65.59440112992208
1.492,post_correction,0.024395420504589375,0.03969114562340839,-62.69916567308818,0.023664277099460212,0.03934996533081574,-66.28424847050714
1.496,post_correction,0.022836738107153396,0.036470939627572106,-59.70292892288292,0.021931849108441877,0.036190174468768176,-65.01196178136237
1.5,post_correction,0.021650825846769833,0.03325004993278207,-53.574049175324035,0.02054200499994367,0.033026033296163305,-60.77317329176908
1.504,post_correction,0.020901813333196427,0.03002867440026467,-43.665403195295454,0.01957010351134679,0.029857668416089764,-52.56775928026247
1.508,post_correction,0.02063791024625989,0.026807102552329997,-29.89252415800248,0.019082408022369775,0.026685270944955704,-39.8422615933655
1.512,post_correction,0.020878093562738145,0.023585778146000495,-12.969022172095483,0.01911830635282193,0.023509140208117577,-22.966646596535707
1.516,post_correction,0.021606107287540095,0.02036542107286238,5.742294056797537,0.019677166883495446,0.020329768601260234,-3.3165430858451903
1.52,post_correction,0.02277573488595661,0.017147286341320726,24.71247831439394,0.020718838538355606,0.017148021206548868,17.234640470778746
1.524,post_correction,0.05562441595857081,0.013933780687101981,74.95024361697588,0.05550126405363655,0.013965561447688492,74.83739931726214
1.528,post_correction,0.052662001372993254,0.010730180697274664,79.62443428369693,0.05255973501433141,0.010786030158218461,79.47853018041769
1.532,post_correction,0.04973290772695265,0.007550681145380397,84.81753532925178,0.04964549826654548,0.007619166023454342,84.65285617127414
1.536,post_correction,0.04684369151612661,0.004449923744240952,90.50048448314752,0.04676466727438088,0.0045021531553043215,90.37274631103654
1.54,post_correction,0.044002531666934096,0.0018780925653054314,95.73185338625247,0.04392489539050152,0.0017562927762093704,96.00160054885605
1.544,post_correction,0.04121970925838026,0.0627798731238175,-52.305472923863235,0.04113584429182817,0.06331432630484589,-53.915222587089524
1.548,post_correction,0.03850823814405596,0.05954424831630428,-54.62729843301177,0.03840980835972087,0.060093666285158505,-56.45396020297983
1.552,post_correction,0.03588468441984417,0.0563073471303756,-56.911919501896826,0.035762541175106584,0.056867886390863986,-59.01522800747814
1.556,post_correction,0.033370205417805075,0.05306920452424702,-59.03169866593422,0.03321433054854242,0.05363699562631984,-61.48751078372601
1.56,post_correction,0.0309918049133383,0.04982986256373626,-60.783996618055674,0.03079134681603835,0.050401007350570834,-63.68562132630835
1.564,post_correction,0.028783709370052243,0.046589372870117954,-61.86021152156107,0.028527214315399216,0.047159940718262836,-65.31561826142108
1.568,post_correction,0.026788570809665565,0.04334780016829301,-61.814530817197316,0.026464571567399613,0.04391382276521898,-65.93438005742827
1.572,post_correction,0.02505784550702349,0.04010522755900611,-60.05058195352419,0.024656016264223684,0.040662691503117424,-64.91995733357666
1.576,post_correction,0.023650218716931577,0.036861764578303056,-55.86225657994916,0.023163253796475602,0.03740660064379103,-61.491131481202444
1.58,post_correction,0.0226266571854987,0.033617559928595345,-48.57501774562021,0.022052731866830533,0.034145627051590154,-54.83626816752131
1.584,post_correction,0.02204132776037184,0.0303728223760272,-37.79942254946444,0.021386379720243043,0.030879882958182864,-44.39041746253972
1.588,post_correction,0.021929942137667562,0.027127856650744273,-23.70236309994001,0.021208429327604642,0.027609536913605112,-30.181903087320396
1.592,post_correction,0.022300180749148975,0.0238831286066454,-7.0983633509644735,0.021533284075849618,0.02433485174650771,-13.010405940820498
1.596,post_correction,0.023129477833593145,0.020639391780755297,10.765855030333881,0.022341232054847344,0.021056258150361183,5.751580312722111
1.6,post_correction,0.02437153454388984,0.017397955232820977,28.61362422013431,0.023584773688018326,0.017774510076762343,24.63565556369
1.604,post_correction,0.055574516681133904,0.014161317887405505,74.51832470508394,0.055922613117510095,0.014491051902880437,74.08731263607012
1.608,post_correction,0.0526280733047896,0.010934922597785942,79.22226311714367,0.0529541906108546,0.011209031505685437,78.83258836291645
1.612,post_correction,0.04972026938990945,0.007733255712286674,84.44647262137298,0.05002188161154185,0.00793682136078395,84.13330105728643
1.616,post_correction,0.046858626536488805,0.00461089996465525,90.15997628299083,0.04713355595704723,0.004706123934857141,90.01534291377075
1.62,post_correction,0.04405248770846825,0.001992259164146925,95.47753312518614,0.0442990225489581,0.0017918776986033638,95.95504009908338
1.624,post_correction,0.04131353097319552,0.06339814514332474,-53.45612841579158,0.041530585779574074,0.0654797595987549,-57.666352086369365
1.6280000000000001,post_correction,0.03865642816107591,0.06013818283989619,-55.57097668027897,0.038843762104230226,0.06215729240173823,-60.01872381709669
1.6320000000000001,post_correction,0.03609967159339945,0.056876860402432845,-57.55506322343483,0.036258183260516885,0.05882921215617737,-62.25085447190361
1.6360000000000001,post_correction,0.03366657079775708,0.053614215032014835,-59.25059714007669,0.0337986888610384,0.055495529007877534,-64.19432492202462
1.6400000000000001,post_correction,0.03138636485260129,0.0503502912995378,-60.42090740994108,0.03149654691738625,0.052156257040516484,-65.593571820173
1.6440000000000001,post_correction,0.029295275023222225,0.047085143671451966,-60.726068057486394,0.029390601533517163,0.04881141554580428,-66.07831415134372
1.6480000000000001,post_correction,0.027437102399167426,0.043818840167301844,-59.70651539585141,0.02752789277211789,0.04546103086000651,-65.1453354470071
1.6520000000000001,post_correction,0.02586265413249249,0.04055146778851112,-56.795461056583385,0.025962925380130477,0.04210513908621517,-62.17409428922977
1.6560000000000001,post_correction,0.02462698503727713,0.03728314080674056,-51.391413728908304,0.024754439433921895,0.038743790245578925,-56.51249283587865
1.6600000000000001,post_correction,0.02378355007343539,0.034014013837369905,-43.014872600374524,0.0239587225244441,0.03537705481788784,-47.65835190834604
1.6640000000000001,post_correction,0.023375442930412098,0.030744303261871844,-31.523938833572455,0.02361984751319478,0.032005034447648344,-35.50059724039004
1.668,post_correction,0.02342601609828666,0.02747432395381605,-17.281247645968595,0.023759676926854094,0.028627880279167905,-20.489349949079408
1.672,post_correction,0.023932933054684417,0.02420455576861795,-1.1349328279693156,0.024372222869744328,0.025245826116725597,-3.5844217068347928
1.676,post_correction,0.024868847174761836,0.02093577227662176,15.815268277218578,0.02542550023335427,0.02185925256381029,14.026263541771435
1.68,post_correction,0.02618831503095385,0.01766931208611062,32.529786413421434,0.026869773012912698,0.01846882209221026,31.265433156674707
1.684,post_correction,0.055504925703507284,0.014407717883384285,74.04245172699353,0.05632550751283503,0.015075797039878045,73.23451184804205
1.688,post_correction,0.0525828593543225,0.011156489498864287,78.7830299914126,0.05334045492640236,0.01168291273044319,78.09746327330178
1.692,post_correction,0.049706018380257476,0.00793010410666136,84.04598806125439,0.05040289705938107,0.008297390643643007,83.53786959136967
1.696,post_correction,0.046883076448801284,0.004781958896558761,89.80024508037371,0.047522889723569085,0.004946259789913496,89.5918370732822
1.7,post_correction,0.04412474597679828,0.002106094623758272,95.22695354469418,0.044712883485080915,0.0018612115715113127,95.83741546855877
1.704,post_correction,0.04144431662130889,0.06405662887260453,-54.56070722051517,0.04198835215451765,0.06782728283974436,-61.538329940025115
1.708,post_correction,0.038858321839112336,0.06077092623284144,-56.391020910412195,0.039368560098538986,0.0643944344348979,-63.56817286108376
1.712,post_correction,0.03638733469169097,0.05748378955167026,-57.97746671672728,0.036877455596768756,0.06095550941761483,-65.29206918211521
1.716,post_correction,0.03405685665851368,0.05419525809936761,-59.131709196713686,0.034544621402800284,0.057510520694233305,-66.4818381525853
1.72,post_correction,0.031898185386532114,0.05090537865408415,-59.58706753136231,0.03240610470292482,0.05405948482492206,-66.81883034230555
1.724,post_correction,0.02994900757191818,0.04761420806051626,-58.984259983165295,0.03050476727640819,0.0506024231633401,-65.8836558391811
1.728,post_correction,0.028253253959546417,0.04432181693127198,-56.87331800695545,0.028889555995420178,0.04713936350252786,-63.17095184848394
1.732,post_correction,0.02685952818751841,0.04102829513419297,-52.751362003666046,0.027612905687107777,0.043670342511697456,-58.15192724207491
1.736,post_correction,0.025817369162767563,0.03773376015867889,-46.15648837332547,0.026725631064974626,0.0401954094474889,-50.40022572251677
1.74,post_correction,0.025171069786606062,0.03443837029128003,-36.81726912379882,0.02626950903670573,0.03671463199340081,-39.76139387340803
1.744,post_correction,0.024951995185763545,0.031142346165187275,-24.809042055906048,0.026269300630005207,0.03322810580360631,-26.4902567130114
1.748,post_correction,0.025171876441459594,0.027846007621878797,-10.623487631675916,0.026727269109088153,0.029735970818786192,-11.25704873707049
1.752,post_correction,0.025820054596738373,0.024549840265251928,4.919487395843461,0.027622813589595997,0.02623844071260877,5.01170118857351
1.756,post_correction,0.026866072896849575,0.021254623882734722,20.88674826298441,0.028917388949835136,0.02273585970216297,21.37651244514387
1.76,post_correction,0.028266291529295936,0.01796170193111088,36.45539984438746,0.03056229807739616,0.019228821797524012,37.08319397700782
1.764,post_correction,0.05542949388004834,0.014673612544717999,73.52742823798411,0.05669474882489123,0.015718450367984322,72.27529763553112
1.768,post_correction,0.052543316773467574,0.011395805240482492,78.31159900009024,0.053707485031666696,0.012207161263023918,77.27102422348318
1.772,post_correction,0.04971050313837239,0.008142460736800613,83.62024074844797,0.050782129126071586,0.008701273517985284,82.86548109004346
1.776,post_correction,0.04694107863576415,0.0049647723530291225,89.42339524928067,0.04793137892692085,0.005224090745005339,89.10089619376419
1.78,post_correction,0.044247329530729185,0.0022226404049646223,94.97678068137189,0.04517080758694433,0.001970034065346653,95.63870081013108
1.784,post_correction,0.04164434582829788,0.06475012738233389,-55.48359830000098,0.0425195202638009,0.07033794797155836,-65.42507426039974
1.788,post_correction,0.03915065959861093,0.06143760522803526,-56.92610509738403,0.04000088791402272,0.06678700818585757,-66.96381422684549
1.792,post_correction,0.03678895004930843,0.05812358972166864,-57.99197760133211,0.037643285029350854,0.06322957777837943,-67.9704035635537
1.796,post_correction,0.0345867338472972,0.05480812207404803,-58.465735203646716,0.03548067097281006,0.059665674405103244,-68.16388407881831
1.8,post_correction,0.03257686712336151,0.0514912510197556,-58.06078228691983,0.033552721908728635,0.05609531923468866,-67.18559938976409
1.804,post_correction,0.030797549119155155,0.04817303536493799,-56.4184058236498,0.031904060939731485,0.0525185380012159,-64.61395964741381
1.808,post_correction,0.02929136285530409,0.04485354766877107,-53.128920256603806,0.03058203149998208,0.0489353625226295,-60.01344620503113
1.812,post_correction,0.02810281368043459,0.04153287969426361,-47.78904406706841,0.029632592011697188,0.045345832945943756,-53.02688650403554
1.816,post_correction,0.027274024576999838,0.03821115070664483,-40.10088829672854,0.029094489866520985,0.04175000116204306,-43.49796595019446
1.82,post_correction,0.026838912082785528,0.034888520519594415,-29.992305246872895,0.028992890888734416,0.038147936170619456,-31.57686246955925
1.824,post_correction,0.026817206165235863,0.03156521079020682,-17.705068140640137,0.029334555205527323,0.03453973283365793,-17.74418460297578
1.828,post_correction,0.027210441546360375,0.028241541357742386,-3.7893534716268835,0.030106559325636453,0.030925526810723525,-2.720229423193175
1.832,post_correction,0.028001665060795423,0.024917995662018324,11.012450124240946,0.03127913502273139,0.027305521450566774,12.703719489931183
1.836,post_correction,0.02915899185776262,0.021595346514405218,25.93932389793453,0.03281134399719268,0.023680039522877137,27.829717902128035
1.84,post_correction,0.03064143148888543,0.01827491879457652,40.35879556996094,0.0346573916559333,0.02004963141025878,42.14904684892434
1.844,post_correction,0.05537076355899486,0.014959200752346377,72.98357510203364,0.05701768959991278,0.016415327527963073,71.21011453963196
1.848,post_correction,0.052535592471205095,0.011653492623050947,77.81790958303505,0.05404782411151973,0.012779322717073407,76.3555278549139
1.852,post_correction,0.049763740660910244,0.008371421386594744,83.17766856869231,0.05115780957342196,0.009147293850016072,82.11945756417146
1.856,post_correction,0.04706677012738725,0.005161118950095427,89.0344739268772,0.04836342660110546,0.005539807083360376,88.54546198917645
1.86,post_correction,0.04445870184196424,0.0023456133662837896,94.72406240150318,0.04568377604082514,0.002121594628407345,95.35591229036893
1.864,post_correction,0.041956528217764015,0.06547114570479681,-56.04519364659186,0.04314188096945508,0.07298227784342201,-69.16804785376478
1.868,post_correction,0.03958076748971518,0.06213115033941652,-56.97308132178315,0.040765251470651506,0.06930685900106738,-70.0145503848151
1.872,post_correction,0.03735599679119818,0.058789622556637715,-57.37666668418209,0.03858626607404597,0.06562461107538833,-70.07245777411198
1.8760000000000001,post_correction,0.03531123798254715,0.05544660544480568,-57.02254753064901,0.03664212536866968,0.061935558790293874,-69.02829234695805
1.8800000000000001,post_correction,0.033479980435170434,0.05210214951933275,-55.621803961987645,0.03497402806101666,0.058239730384633634,-66.52279881238438
1.8840000000000001,post_correction,0.031899523693904024,0.04875631521977138,-52.84339568082228,0.0336251722135883,0.05453715862215845,-62.191462621325655
1.8880000000000001,post_correction,0.030609265032840442,0.04540917651357115,-48.35108410754718,0.032637313225778196,0.050827882246454716,-55.73549787887844
1.8920000000000001,post_correction,0.029647650159538616,0.04206082622440267,-41.869004788125956,0.03204603788776084,0.047111948129432646,-47.013332176786314
1.8960000000000001,post_correction,0.029047873103741722,0.03871138413112408,-33.26753388404736,0.03187561406164291,0.043389414534390304,-36.12103111325586
1.9000000000000001,post_correction,0.02883305640483242,0.03536100967690056,-22.6405178154268,0.032134905372238225,0.03966035623442892,-23.41830721148485
1.9040000000000001,post_correction,0.02901227439186764,0.03200992266876892,-10.33234498065254,0.03281584295520936,0.035924872848519696,-9.474173488561233
1.9080000000000001,post_correction,0.029578869622025113,0.0286584385087555,3.1117859642081704,0.033895065958074184,0.03218310303420025,5.050773248211144
1.9120000000000001,post_correction,0.030511750146180523,0.025307031418687204,17.058079928413573,0.035338054336394524,0.028435249976440403,19.533628802095503
1.9160000000000001,post_correction,0.03177912954036242,0.021956455519487696,30.909197838156715,0.03710424470705269,0.02468163026531989,33.48030539312268
1.92,post_correction,0.03334331253468643,0.018607996469237647,44.19271795542181,0.03915167133189945,0.020922775705848107,46.55968699655246
1.924,post_correction,0.055361493604777406,0.015264053170168611,72.42839349830798,0.05728690812816298,0.017159669575633,70.04608882496647
1.928,post_correction,0.05259641950242408,0.01192969213968818,77.31843297976135,0.054360350129080935,0.013394382393480567,75.36001449277819
1.932,post_correction,0.04990662155756355,0.00861777491062269,82.73220137595823,0.05153557149693468,0.00963220024082846,81.30960817733168
1.936,post_correction,0.04730531825176555,0.0053727216100344,88.64245753206855,0.048831783421146455,0.005891887418401313,87.93431858184019
1.94,post_correction,0.04480831666277168,0.0024792576800775792,94.46696982897947,0.04627182694031316,0.0023162217603344176,94.99431530265241
1.944,post_correction,0.042434441897795654,0.06620952454126204,-56.02779624327151,0.043882592217433423,0.075717880626568,-72.5465083087941
1.948,post_correction,0.04020593468776031,0.06284194100384244,-56.30016188374571,0.04169523384162576,0.0719134913248016,-72.47412881279473
1.952,post_correction,0.03814872139101491,0.059472812612904824,-55.89726324854581,0.0397449751777742,0.06810204174159826,-71.3475513243788
1.956,post_correction,0.0362924012187054,0.05610218435052682,-54.58383150909093,0.03807022728845689,0.06428356623169479,-68.85522049716245
1.96,post_correction,0.03466973137203943,0.052730108433718406,-52.09263627650826,0.036710736859035295,0.06045810280034312,-64.68779428888824
1.964,post_correction,0.03331535492342659,0.049356646727708606,-48.149845142433556,0.035704603456950416,0.0566256941125581,-58.59493911151417
1.968,post_correction,0.0322635700788643,0.04598187422419767,-42.519485945915704,0.03508433874662029,0.052786388945423805,-50.45570425781152
1.972,post_correction,0.031545154519338967,0.04260588417639938,-35.06316524865826,0.0348726403498728,0.04894024433006095,-40.33994512331058
1.976,post_correction,0.031183650752167814,0.039228795890765014,-25.799240770543584,0.03507898548069016,0.04508732880022943,-28.530880190501897
1.98,post_correction,0.031191955283874723,0.035850766929505666,-14.93593974225593,0.035698158821324745,0.04122772747980918,-15.489786703456746
1.984,post_correction,0.03157024645390181,0.03247201293837222,-2.8563808831430992,0.0367112447509867,0.03736155035274844,-1.7714071156474829
1.988,post_correction,0.03230598059361223,0.02909284129960262,9.945958101160162,0.038088709801402845,0.03348894631130498,12.076448674899591
1.992,post_correction,0.033375955986923514,0.025713711320023938,22.95737886849322,0.0397945284177096,0.02961012831609009,25.592463352542673
1.996,post_correction,0.034749714746666924,0.02233534901172116,35.725086739414195,0.04179021058220835,0.025725421478339783,38.44151268935684
2.0,post_correction,0.03639324905049391,0.018958984368019398,47.90521631713974,0.044037969742834526,0.021835362775328337,50.416963127867184
2.004,post_correction,0.055445746156520787,0.015586896014057902,71.8880219051308,0.057503689376090954,0.017940931103788388,68.80038255206644
2.008,post_correction,0.05277391305812784,0.012223852374815367,76.83732043642208,0.05465365987204524,0.014044161301433248,74.30334705065802
2.012,post_correction,0.0501913208154104,0.008881796461211159,82.30411888566171,0.051931608684963916,0.010150173980342334,80.45472836800225
2.016,post_correction,0.0477128311495118,0.0056010278594530475,88.26096099411541,0.04936030613711564,0.006276744191806334,87.28382240099874
2.02,post_correction,0.04535589492766249,0.0026280400005450183,94.20573664187104,0.04696618493313645,0.0025514550944321346,94.56746359521318
2.024,post_correction,0.043140834180404736,0.06695217614046217,-55.194440284775325,0.0447794125851212,0.07848758820896165,-75.27605584321718
2.028,post_correction,0.04109100692815049,0.06355754734592485,-54.67507880023026,0.04283356748229851,0.07455230358083859,-74.05111916407202
2.032,post_correction,0.039232740873260986,0.060161394687373373,-53.34486795536704,0.04116470220460005,0.07060987093853462,-71.53013906813626
2.036,post_correction,0.037594883174481786,0.056763765138259197,-50.98800779566896,0.039809591420984045,0.06666033692553472,-67.44793037588768
2.04,post_correction,0.036207795727776645,0.053364712643604886,-47.38459376212838,0.038803084086349894,0.06270375208379542,-61.594763818923546
2.044,post_correction,0.03510166415204346,0.04996430042583783,-42.341685594781524,0.038174746826844644,0.05874017190005218,-53.871804746969126
2.048,post_correction,0.034304123447961736,0.04656260430349993,-35.73471531529997,0.037945352133028395,0.054769658310142015,-44.338252859351925
2.052,post_correction,0.033837444103792455,0.043159717582877094,-27.55017030981903,0.038124060108732205,0.0507922819152784,-33.228941960577224
2.056,post_correction,0.033715803412160975,0.03975575846663499,-17.914314485222857,0.0387071326877824,0.04680812533889269,-20.928940194186243
2.06,post_correction,0.03394333441320484,0.0363508816314413,-7.092842408846732,0.0396786002352965,0.04281728847518689,-7.910279650183679
2.064,post_correction,0.03451353912790145,0.03294529699284798,4.5438461968267605,0.04101265023056422,0.03881989700437812,5.346528970595447
2.068,post_correction,0.0354102550376151,0.029539301458521974,16.579811619138617,0.04267698853073272,0.03481611682360125,18.419462051476916
2.072,post_correction,0.03660986349487463,0.02613333551225447,28.61668135989327,0.04463629063334179,0.030806179817654523,30.98400565874227
2.076,post_correction,0.0380840960833435,0.022728090636890994,40.321307384708085,0.04685508503241873,0.026790432930560482,42.82278452376225
2.08,post_correction,0.039802769584228945,0.01932473011502239,51.448780281160566,0.049299776200263254,0.02276943946114371,53.81431475743266
2.084,post_correction,0.055679009510419764,0.01592539206649321,71.3978531469513,0.05768196001439955,0.018744211319852173,67.50420527462498
2.088,post_correction,0.05312718571247333,0.0125345067541225,76.40660504405446,0.05494960021199878,0.014716823550146889,73.21759668247172
2.092,post_correction,0.05068028835447198,0.00916301315268654,81.91996642047913,0.05237559782518263,0.010692418785106735,79.58511362334136
2.096,post_correction,0.048354597184345115,0.0058469397824865875,87.90820289496789,0.04998601599080945,0.006688431021416123,86.61939566728849
2.1,post_correction,0.04616879045956571,0.0027961836114265446,93.94356320884036,0.04781016864075347,0.002822471680667432,94.09650339894105
2.104,post_correction,0.044144019226160666,0.06768300494985025,-53.32315936864192,0.04588018425628296,0.08121867862121891,-77.02343601659926
2.108,post_correction,0.04230378759947579,0.06426264789414074,-51.907551405484675,0.044230018214844784,0.07715386533644616,-74.43778784280775
2.112,post_correction,0.040673533058671114,0.06084082808173557,-49.58333713959237,0.04289377539908131,0.07308199787518588,-70.3790286474786
2.116,post_correction,0.0392797955276273,0.05741759464400195,-46.17590003394364,0.04190332235669012,0.06900313769038423,-64.67223554021477
2.12,post_correction,0.03814889589226812,0.05399300337943854,-41.53228321971343,0.041285387245711715,0.06491735046303954,-57.24050273933777
2.124,post_correction,0.037305134165707646,0.05056711893994507,-35.55002567563036,0.04105861835579238,0.06082470721753178,-48.141144668962994
2.128,post_correction,0.03676866796056691,0.047140017972773104,-28.20703220287746,0.04123126942147824,0.05672528592419749,-37.57831548753647
2.132,post_correction,0.03655340673499952,0.043711793743711834,-19.583364857366977,0.041800146869881,0.052619173858195464,-25.882748742469357
2.136,post_correction,0.03666537431713942,0.04028256312533689,-9.865408101142975,0.042751133349879386,0.04850647116793281,-13.462421618045035
2.14,post_correction,0.03710196004334551,0.036852477492610995,0.6724241804019252,0.044061121856690186,0.044387296445702135,-0.7402775400790729
2.144,post_correction,0.03785226815950297,0.03342174033470714,11.704788220685591,0.04570080150138133,0.04026179574785651,11.901335588962102
2.148,post_correction,0.038898465095756056,0.02999063696139505,22.90020470584809,0.04763760976503293,0.036130157844610454,24.15623281096946
2.152,post_correction,0.040217762773415155,0.02655958723410183,33.96055523093812,0.04983830407819789,0.03199264137185185,35.80712272702062
2.156,post_correction,0.0417845768483271,0.02312924519469987,44.64645345421063,0.05227086917631343,0.027849626338415333,46.72056008007724
2.16,post_correction,0.04357247022222006,0.019700702603924956,54.78635362316811,0.05490571967518362,0.023701719936058817,56.83196563805072
2.164,post_correction,0.056126710008676466,0.016275948965167285,71.00141988965461,0.057851882544058895,0.01954999758491471,66.2068082745176
2.168,post_correction,0.05372412294741233,0.012859063027016992,76.06463852447803,0.05528598742413946,0.015396634932708484,72.15092711541972
2.172,post_correction,0.051443182319617524,0.00945996524329129,81.61084750839026,0.052912265701205254,0.011246940750406394,78.74417093776007
2.176,post_correction,0.04930108974792501,0.006110515450905818,87.60571930123918,0.05075921721613396,0.007118480326613086,85.97598482202272
2.18,post_correction,0.0473170262332857,0.0029870874726971993,93.6870769139843,0.048857597990599244,0.003122526374955515,93.60892368151967
2.184,post_correction,0.04551198810295191,0.06838310788651811,-50.25295693923505,0.04723938968204935,0.08382386105528138,-77.4448434229748
2.188,post_correction,0.04390838683704704,0.06493921451000284,-47.897062925598874,0.045936186673604905,0.07963488527748695,-73.35980856078643
2.192,post_correction,0.04252934309802629,0.06149396546922051,-44.591853505666606,0.04497702547059437,0.07543916649941004,-67.72822504398736
2.196,post_correction,0.041397632416848865,0.058047412260431315,-40.219159578812,0.04438586139183138,0.07123678304825459,-60.49431241040365
2.2,post_correction,0.040534301628769885,0.0545996127360341,-34.699774122372276,0.04417909982609953,0.0670278178527105,-51.718387464999275
2.204,post_correction,0.039957070311428144,0.051150633172204085,-28.013972930278783,0.04436371548794017,0.0628123596528647,-41.58498440000953
2.208,post_correction,0.03967873807423115,0.04770055123574352,-20.216905957304224,0.04493644017858044,0.058590504738002536,-30.385283091317245
2.212,post_correction,0.039705891870527484,0.04424946034177414,-11.443058592065563,0.04588424226793515,0.05436235950255417,-18.47718697219002
2.216,post_correction,0.04003819790444795,0.04079747622694891,-1.8963848580622764,0.0471859591101363,0.05012804430825069,-6.235086143416725
2.22,post_correction,0.04066844940251081,0.037344747173041634,8.172679997147807,0.04881464854436766,0.045887699504095804,5.996046530195845
2.224,post_correction,0.041583357792168714,0.033891470485256175,18.497513705738143,0.05074012218190596,0.04164149515510844,17.93181930894544
2.228,post_correction,0.04276489650314938,0.03043792019205673,28.82498806044075,0.05293121390585736,0.037389647449868384,29.361817553685743
2.232,post_correction,0.04419190608390988,0.026984496012118938,38.93792234061636,0.055357529893817724,0.03313244782449879,40.148254649275835
2.236,post_correction,0.04584167251419698,0.023531815402034705,48.667197090710424,0.05799061682646723,0.028870317998448542,50.215535584246496
2.24,post_correction,0.04769127102875969,0.020080900400709263,57.89397101914163,0.06080461301364304,0.024603922472078456,59.53609232484063
2.244,post_correction,0.05686051840482045,0.016633596379773893,70.74666772935409,0.05806177587321408,0.020334423111957385,64.97795183467964
2.248,post_correction,0.05463681142949022,0.01319364417423672,75.85209709526451,0.055717055531601806,0.016064140449400317,71.16836075393648
2.2520000000000002,post_correction,0.05255138678334985,0.009769999623129213,81.40867402147282,0.05360008024907452,0.011798650674910148,77.98762498100201
2.2560000000000002,post_correction,0.050621604579113195,0.006390681148940889,87.37558557838024,0.05174020969392269,0.007555960610748083,85.39634714384316
2.2600000000000002,post_correction,0.04886617552227406,0.0032027296416762083,93.44591712478841,0.05016746390406609,0.0034433038211924435,93.13638052787165
2.2640000000000002,post_correction,0.04730478100709731,0.06903134251416092,-45.92889142390045,0.04891097615925003,0.08620467021685344,-76.24810826955951
2.2680000000000002,post_correction,0.04595746751665498,0.06556704969865135,-42.66897904000011,0.047997018685049714,0.08190148493038357,-70.63869209837932
2.2720000000000002,post_correction,0.044843797077669736,0.06210155845397453,-38.4841661521531,0.04744680733373745,0.0775921127343441,-63.534950178136825
2.2760000000000002,post_correction,0.04398177836422042,0.05863492284715379,-33.3163983538552,0.047274438845855096,0.0732766500573923,-55.0026861161082
2.2800000000000002,post_correction,0.04338666331060167,0.05516720302088133,-27.152444579440726,0.047485387703664526,0.06895519830726236,-45.21351018039803
2.2840000000000003,post_correction,0.043069757876652924,0.0516984671571646,-20.034264657868185,0.04807592257651528,0.06462786519485904,-34.428757122654275
2.2880000000000003,post_correction,0.04303743831325083,0.04822879429042979,-12.06241863048012,0.049033590604961194,0.060294766635585875,-22.966248018323345
2.2920000000000003,post_correction,0.043290559791455976,0.04475827843165662,-3.3903896075058793,0.05033864133063052,0.055956029543908374,-11.15919711933054
2.2960000000000003,post_correction,0.043824380870947637,0.04128703477572122,5.789804772595191,0.0519660426264985,0.05161179605146534,0.68168857417002
2.3000000000000003,post_correction,0.04462901988481618,0.03781520933131714,15.267667923438422,0.05388766310768368,0.04726223007196142,12.294897669773992
2.3040000000000003,post_correction,0.045690345974679525,0.034342994395772326,24.835337393145643,0.05607426029705193,0.04290752788981058,23.48088470091434
2.308,post_correction,0.046991129567669786,0.030870654474976528,34.305357715393704,0.058497057648105026,0.038547935973865875,34.10277794525173
2.312,post_correction,0.048512256818495816,0.02739857190581264,43.52237207120275,0.0611288415732574,0.03418378249966548,44.079125957753845
2.316,post_correction,0.050233844686296436,0.023927332160232843,52.368104990458534,0.06394461561619608,0.0298155366845909,53.37287370128606
2.32,post_correction,0.052136154017451766,0.020457895836502055,60.760634876032306,0.06692190219718645,0.025443929463341765,61.97966789950049
2.324,post_correction,0.057952228756554085,0.01699198073615353,70.67933175178905,0.05837662773286996,0.021070224749595565,63.90640301112903
2.328,post_correction,0.055934626416377024,0.013533028353916716,75.80563378902912,0.05630995032729267,0.01669691743386096,70.34819363751384
2.332,post_correction,0.05407041754891266,0.01008914378446925,81.3407326190102,0.05450558858575629,0.01232991516877712,77.37862210335025
2.336,post_correction,0.05237619070208466,0.006685009107056608,87.23654962790081,0.0529915294027825,0.007987845429605447,84.92618439280973
2.34,post_correction,0.050869136144068294,0.003443184956555209,93.23128871934517,0.05179441935385348,0.0037752416264234256,92.71110348659109
2.344,post_correction,0.0495665282494333,0.06960531489747847,-40.428061750066746,0.05093778022014298,0.08825763584139608,-73.2655711732315
2.348,post_correction,0.04848504070712089,0.06612472660468083,-36.38170792536684,0.050440112136954665,0.0838551202289688,-66.24689493410703
2.352,post_correction,0.04763992064348021,0.06264314876949717,-31.49297463842488,0.050313188951516236,0.07944723127317974,-57.90537814992845
2.356,post_correction,0.047044085518692276,0.05916063818786631,-25.755740675115682,0.05056088493271845,0.07503408351123733,-48.403422153479816
2.36,post_correction,0.0467072439435769,0.05567725751925984,-19.204758873203605,0.05117879721882144,0.07061579680690741,-37.97861740474403
2.364,post_correction,0.04663516488174863,0.052193077174452505,-11.91785706515009,0.05215475281688129,0.06619249780384458,-26.915562300238904
2.368,post_correction,0.04682921569827886,0.04870817801544741,-4.012371954454091,0.05347007728217815,0.061764322012006996,-15.511937052302267
2.372,post_correction,0.047286252413243114,0.045222655306017975,4.364052979269726,0.05510134088382622,0.05733141687217496,-4.04722635162465
2.376,post_correction,0.047998882631177194,0.04173662464431846,13.046674513191993,0.05702224320667695,0.05289394637644275,7.239800818202115
2.38,post_correction,0.048956052102836815,0.038250231142208005,21.868227728290307,0.05920534695850258,0.048452098248413566,18.162631016462143
2.384,post_correction,0.05014385210590014,0.03476366412991713,30.67213093940445,0.061623480799119716,0.04400609550143906,28.588753944474227
2.388,post_correction,0.05154642163397463,0.03127718169439134,39.3223026876878,0.06425074577664587,0.039556215835210205,38.434619929986454
2.392,post_correction,0.05314682721093519,0.02779115367590561,47.70872480194365,0.06706314572267762,0.03510282585214755,47.657054446407486
2.396,post_correction,0.05492783411321844,0.024306141617776944,55.74895313061753,0.07003890873547255,0.030646445210987618,56.243685453845266
2.4,post_correction,0.056872521658046744,0.020823058837117967,63.386432973168915,0.07315858124157229,0.026187876442988044,64.20395803396633
2.404,post_correction,0.05946573333155633,0.017343522784598595,70.83442545322987,0.05887163120400973,0.021728494801529406,63.091739846254704
2.408,post_correction,0.0576758391149871,0.013870735295418074,75.95052710414099,0.05713611510458078,0.017270987091806026,69.77220614283354
2.412,post_correction,0.05605143714994743,0.01041211169124483,81.42400584058066,0.05569288208238315,0.01282162832380343,76.9779766383123
2.416,post_correction,0.05460743543709943,0.006989622010376269,87.20023756027254,0.05456602959223415,0.008399754203756066,84.60625728768157
2.42,post_correction,0.053358612468184144,0.0037063751626639067,93.05383893767123,0.05377632885832821,0.004107939960672375,92.36106285444923
2.424,post_correction,0.05231906902930544,0.07008276684176193,-33.95262595843691,0.05333960715060056,0.08988301695011444,-68.51083416556891
2.428,post_correction,0.05150159321364936,0.06659091295029052,-29.29874358263943,0.053265362938567526,0.08540093832712314,-60.33109250681066
2.432,post_correction,0.05091698633270452,0.06309832810711603,-23.923925298358252,0.05355587863462648,0.08091454854885587,-51.08434519556305
2.436,post_correction,0.05057341858802247,0.05960507190862131,-17.858498738580128,0.05420601922071989,0.07642397876472835,-40.98799333251131
2.44,post_correction,0.05047589523549202,0.0561112097078802,-11.164367558211667,0.05520376053161767,0.07192936574781568,-30.297945384750562
2.444,post_correction,0.05062590991670721,0.05261681446709376,-3.932580280852446,0.0565313298789367,0.06743085349006121,-19.280500979662293
2.448,post_correction,0.05102133930883236,0.04912196940245328,3.722697075594562,0.05816672492855888,0.06292859549152255,-8.186588756393387
2.452,post_correction,0.05165659616106428,0.045626771846384875,11.672902906491412,0.06008534043803888,0.05842275812016679,2.767034863664576
2.456,post_correction,0.052523015890750695,0.042131339034040934,19.784996501961604,0.062261472581394854,0.05391352567158578,13.407885428497934
2.46,post_correction,0.05360941699670815,0.03863581703211911,27.930913640617433,0.06466955409672724,0.04940110821932542,23.609944572316945
2.464,post_correction,0.05490275645297407,0.035140394996282465,35.99520813425586,0.06728506217044375,0.044885754226474436,33.29016459437654
2.468,post_correction,0.05638880058482803,0.031645328872189925,43.8801170729203,0.07008510929651081,0.0403677716569069,42.40178539763423
2.472,post_correction,0.05805274613663264,0.028150982733259892,51.507922352193496,0.0730487669183729,0.03584756510029699,50.926529478102985
2.476,post_correction,0.05987974831019335,0.024657905209426206,58.82096049954725,0.07615718617698669,0.03132570510660883,58.86703976456147
2.48,post_correction,0.061855335406747244,0.021166981413243784,65.77986155267881,0.07939357809301487,0.026803067781195327,66.24025717823959
2.484,post_correction,0.06144854029182244,0.01767976425390647,71.2283413569398,0.05962039363244921,0.022281144392519783,62.62831719984994
2.488,post_correction,0.05989948674136665,0.01419929160523448,76.29480254723379,0.058258070316163625,0.017762823242438917,69.51010710440465
2.492,post_correction,0.05852384368567862,0.010732481935613249,81.66135157961335,0.057209683990395534,0.013254765303962779,76.83125586537409
2.496,post_correction,0.05733415741575346,0.0072992764105584305,87.26888692611564,0.05649327870082824,0.008777051220625741,84.46354783706852
2.5,post_correction,0.05634226236261329,0.003988119067916255,92.92162064375565,0.05612209850530436,0.00443073749549562,92.10518206998826
2.504,post_correction,0.05555879689539639,0.07044324242088923,-26.79043888138292,0.05610348709774801,0.09099510038185124,-62.19152335988002
2.508,post_correction,0.05499270365699397,0.06694596442301323,-21.73608491878367,0.0564382433891901,0.08645760126284818,-53.18974523471409
2.512,post_correction,0.05465076099209114,0.06344825791593187,-16.09766591377176,0.0571205616957195,0.08191706751882853,-43.41082280527929
2.516,post_correction,0.05453719755014568,0.05995018526486949,-9.925313286856541,0.0581385683337022,0.07737364384235844,-33.08487989977886
2.52,post_correction,0.05465343841099644,0.056451814625100724,-3.2905088250448458,0.05947534545353471,0.07282748079759681,-22.449865977648663
2.524,post_correction,0.05499801711040929,0.052953221810346146,3.717943677784215,0.06111024992714517,0.06827873657004303,-11.730416176409092
2.528,post_correction,0.05556666592780466,0.04945449295569468,10.999711553778052,0.06302031255039002,0.06372757947593148,-1.122284065119388
2.532,post_correction,0.0563525717530031,0.04595572839822595,18.44963420719674,0.06518153560903722,0.059174191641487316,9.21632777046297
2.536,post_correction,0.05734676291121925,0.04245704847716091,25.96435034547579,0.06756997090457433,0.05461877453640119,19.167088863281382
2.54,post_correction,0.0585385784818007,0.038958602458852944,33.447986833221535,0.07016252848891869,0.050061557544849235,28.64915415248205
2.544,post_correction,0.05991616804493311,0.035460582741503606,40.81633739509085,0.07293752012775448,0.04550281170645359,37.61398574183402
2.548,post_correction,0.061466975421563784,0.031963248376860265,47.99931482288789,0.07587497419755691,0.04094287265990262,46.039029214956976
2.552,post_correction,0.06317817163738897,0.02846696590308104,54.94176997323198,0.07895677230694965,0.03638218086478417,53.92139293214008
2.556,post_correction,0.06503701619601572,0.02497228440557597,61.60296725435289,0.08216665826399436,0.031821356428072864,61.272178885706175
2.56,post_correction,0.06703113859960146,0.021480083642750072,67.95506671748855,0.08549016315098773,0.027261349009489674,68.11171250037003
2.564,post_correction,0.0639249071032209,0.017991894027531662,71.8546418871133,0.06067978095310933,0.02270376811703333,62.584294536959845
2.568,post_correction,0.06261962314270916,0.014510675728426466,76.8272707496868,0.059714570287576214,0.018151709627722258,69.60254500650946
2.572,post_correction,0.061490939317088406,0.011043060235970572,82.04115865099219,0.05907390233681266,0.013612232842389124,76.95728180478355
2.576,post_correction,0.06054872076015726,0.007607648938312356,87.43549187695076,0.05876859407350777,0.009106185540575852,84.50501380178359
2.58,post_correction,0.059801759899520454,0.00428248252816596,92.83886873001492,0.05880403236954819,0.004733452146796248,91.9504633337909
2.584,post_correction,0.05925740876109209,0.07066981219079019,-19.259032192429217,0.0591797285780811,0.09153230743071876,-54.668346121175624
2.588,post_correction,0.05892124032913161,0.0671735755795124,-14.005705250404747,0.05988936336625927,0.0869668910463946,-45.212582265301535
2.592,post_correction,0.05879677234220976,0.06367724711828886,-8.300582806950176,0.060921313070261406,0.0823998715181248,-35.256230316460645
2.596,post_correction,0.05888528381513295,0.06018089182390809,-2.2002237653173684,0.062259559580290065,0.07783140266942715,-25.01116807460804
2.6,post_correction,0.05918574584566336,0.05668458070880091,4.22595863433849,0.06388482778409302,0.07326164442021181,-14.677689462995735
2.604,post_correction,0.05969487514038309,0.053188392725434984,10.89956616819611,0.06577578143134075,0.06869076470605004,-4.431696912262552
2.608,post_correction,0.06040730377271594,0.0496924175324597,17.73773297442853,0.06791013477623913,0.06411894222789134,5.582660910392232
2.612,post_correction,0.06131584514581525,0.0461967595172615,24.65771383008591,0.07026558614135263,0.05954637047863138,15.255285341472145
2.616,post_correction,0.062411826704148785,0.04270154379368527,31.581006279300723,0.07282053149977431,0.05497326378983118,24.508565568487295
2.62,post_correction,0.0636854560758938,0.03920692540511791,38.43661045875984,0.07555455804910831,0.05039986668098961,33.29341341890831
2.624,post_correction,0.0651261889334479,0.03571310392366473,45.163221572569284,0.07844874433083941,0.045826468816364374,41.58419078946394
2.628,post_correction,0.06672307258053095,0.03222034753088147,51.71033604306315,0.08148580566262859,0.04125342991522053,49.37347728263257
2.632,post_correction,0.06846504716331774,0.028729034625140766,58.03839212056626,0.08465012541517389,0.036681223286418076,56.66725464786752
2.636,post_correction,0.07034119458195147,0.025239729866162304,64.11813871492245,0.08792770834288145,0.032110516507964836,63.48077629551405
2.64,post_correction,0.0723409322806174,0.02175333315575225,69.9294265777928,0.09130608524919001,0.027542332272090294,69.83516246817227
2.644,post_correction,0.06689249766456612,0.01827139843916971,72.6854294919708,0.06207582832709338,0.022978400513552766,62.98333645670629
2.648,post_correction,0.06582355249455867,0.014796900017727077,77.5203563816306,0.06150907367783239,0.01842203174242061,70.04989566432077
2.652,post_correction,0.06492983368005124,0.011336396565160063,82.54054273260367,0.061265579309893285,0.013880699723369184,77.34339594969323
2.656,post_correction,0.06421857637462411,0.007907805649422152,87.68610876190816,0.061349042900948586,0.009376056032868691,84.7168666542902
2.66,post_correction,0.06369580195225315,0.004582366262310813,92.80585827972496,0.06175795109848009,0.005007198743381757,91.892220103939
2.664,post_correction,0.06336607422659003,0.0707505697793866,-11.653705303551597,0.062485692748016346,0.09146498273829995,-46.377480533259465
2.668,post_correction,0.06323230205017681,0.06726221513631224,-6.3731873670162535,0.063521055664757,0.08690106881455276,-36.80671378194292
2.672,post_correction,0.06329560721447919,0.06377412688821306,-0.7560077148993796,0.06484902246085336,0.08233705932810402,-26.96730992021885
2.676,post_correction,0.06355527112777944,0.060286372554903746,5.1433948984396425,0.06645174099679452,0.07777311201109004,-17.03698179230795
2.68,post_correction,0.06400876591258685,0.05679902605830724,11.263675766106067,0.06830953768911048,0.07320939094151438,-7.173014806078839
2.684,post_correction,0.06465186668442767,0.05331216980964955,17.539627943193555,0.07040186269602983,0.06864606865117177,2.4939596448448333
2.688,post_correction,0.06547883349142443,0.04982589767314486,23.905337012959446,0.07270809263711565,0.06408332914145702,11.86217817417467
2.692,post_correction,0.06648264518201266,0.04634031926662643,30.297118684495246,0.07520815567715128,0.0595213722929082,20.85782219096329
2.696,post_correction,0.06765526423410433,0.04285556635831015,36.65597667312473,0.07788297610177719,0.0549604204759628,29.432048918956664
2.7,post_correction,0.0689879114831917,0.03937180265473573,42.92941791066058,0.08071475690124509,0.050400728753048095,37.556983768515046
2.704,post_correction,0.07047133221616525,0.03588923927713484,49.07256873327238,0.0836871296227107,0.045842601164356685,45.22144400097086
2.708,post_correction,0.07209603932488189,0.03240816019076496,55.048626118383446,0.0867852033840786,0.04128641778250517,52.42689286584137
2.712,post_correction,0.07385252411298353,0.028928965939157187,60.828737695004016,0.08999554252988895,0.036732681850742216,59.18388753693806
2.716,post_correction,0.07573143005188963,0.025452253122494252,66.39142677610222,0.09330609755223525,0.032182106813626064,65.5091064165344
2.72,post_correction,0.07772368871028845,0.021978968995310152,71.72165994689756,0.09670610838745027,0.027635789001018127,71.42291271788528
2.724,post_correction,0.07032343746925891,0.018510739223876575,73.67770989299501,0.06379597967972053,0.023095583318248333,63.797744882676426
2.728,post_correction,0.0694744014859043,0.015050645828561327,78.33641527431516,0.06360616489286464,0.01856502698915622,70.81253519933749
2.732,post_correction,0.0687953940106242,0.011605384173154236,83.13057968479403,0.0637277094778108,0.014052036295470735,77.9498801845946
2.736,post_correction,0.06829134539265203,0.008192788157624005,88.00318237908735,0.06415837659634223,0.009579138140836165,85.06954407356017
2.74,post_correction,0.06796599738982945,0.004880227185103448,92.81960484282729,0.06489151603563997,0.005245138617362732,91.91706568470065
2.744,post_correction,0.06782176179953767,0.07067962558093599,-4.213785819727563,0.06591651486157589,0.09079903315960644,-37.748534415515785
2.748,post_correction,0.06785962490266839,0.06720608203627236,0.963080576017644,0.0672194797691375,0.08626625477651378,-28.335201451709587
2.7520000000000002,post_correction,0.06807910618792988,0.06373317045852357,6.383655680510128,0.06878405386927439,0.08173487652897352,-18.828234061796437
2.7560000000000002,post_correction,0.06847827514941114,0.06026096077366099,11.999885157476564,0.0705922665265796,0.07720505476198017,-9.367581692409185
2.7600000000000002,post_correction,0.06905382466580266,0.056789529942121726,17.760485799354356,0.07262533049977671,0.07267695250084955,-0.0710798845493669
2.7640000000000002,post_correction,0.06980119442269482,0.053318964260709485,23.61310619152727,0.07486432758622259,0.06815074177233171,8.967669957575884
2.7680000000000002,post_correction,0.07071473381928972,0.04984936262494532,29.50639855007515,0.07729075310623602,0.06362660691987852,17.678888660298277
2.7720000000000002,post_correction,0.07178789135058936,0.04638084125307716,35.39183227075468,0.07988691422789015,0.059104749442798754,26.014479324870358
2.7760000000000002,post_correction,0.07301341676663899,0.0429135406957784,41.22513012514394,0.08263619421013083,0.05458539523812463,33.944930838268554
2.7800000000000002,post_correction,0.074383563224161,0.03944763653260966,46.967266930019264,0.08552320397358157,0.05006880575498242,41.45588164534989
2.7840000000000003,post_correction,0.0758902787514164,0.03598335623115015,52.5850256143926,0.08853384554005679,0.04555529576179655,48.54476784114699
2.7880000000000003,post_correction,0.07752537911831633,0.032521006744523726,58.05114774751197,0.09165531090158979,0.04104526278790623,55.217802019157965
2.7920000000000003,post_correction,0.0792806971332213,0.02906102176102796,63.344139479254906,0.09487603668328672,0.036539238267816763,61.48738970854008
2.7960000000000003,post_correction,0.08114820607854645,0.025604047097602,68.44779652575576,0.09818563094654903,0.032037981624231035,67.36998956428553
2.8000000000000003,post_correction,0.08312011720212083,0.02215110565213942,73.35048794712934,0.10157478450833456,0.02754266608662775,72.88434701589962
2.8040000000000003,post_correction,0.07416924230465755,0.018703943966425524,74.7820749070117,0.06579089383913722,0.023055280517042805,64.95673007055599
2.8080000000000003,post_correction,0.07351705972367098,0.01526584476562523,79.23496284671198,0.06593757417844087,0.018579609182000155,71.82242535686883
2.8120000000000003,post_correction,0.07302692428354184,0.011843840206733675,83.78154314599426,0.06637587769691485,0.014124056648649732,78.72109998583684
2.816,post_correction,0.07270192292735533,0.008456217462968822,88.36864676685599,0.06709936561476011,0.009712143493238349,85.5257297826048
2.82,post_correction,0.0725440764047871,0.005168811449636948,92.87493658228466,0.06809820639000459,0.005443010292090979,92.00711651505421
2.824,post_correction,0.07255426931049674,0.0704574163991822,2.890047589537487,0.06935974782251503,0.0895745439433169,-29.144852389788973
2.828,post_correction,0.07273221748532276,0.06700540873887874,7.8738266815523374,0.07086919388955136,0.08510102137011928,-20.0818249784921
2.832,post_correction,0.0730764753828852,0.06355439174113185,13.030299548332424,0.07261030932364036,0.08063029823467975,-11.045248237812219
2.836,post_correction,0.07358448285777679,0.060104437786423236,18.319140867521785,0.07456608609450818,0.07616252488735359,-2.1409716889552346
2.84,post_correction,0.07425264775897628,0.05665562716944268,23.698845927559965,0.07671932526332531,0.0716978588386298,6.545243206272
2.844,post_correction,0.07507645813544706,0.05320805069161919,29.128182105200803,0.07905310898299965,0.06723646732411022,14.947725410053888
2.848,post_correction,0.07605061609761903,0.04976181332856563,34.567507954582425,0.08155115604630375,0.06277853096149826,23.01944692745573
2.852,post_correction,0.0771691845837961,0.046317039529802026,39.979876968237875,0.08419806791645572,0.058324249079103635,30.72970612939123
2.856,post_correction,0.07842573843451504,0.04287388106461243,45.33187456001855,0.08697948020051643,0.05387384767558552,38.061428337593526
2.86,post_correction,0.0798135121153602,0.03943252896296487,50.59416893474102,0.08988213789635112,0.04942759165639592,45.00843792412453
2.864,post_correction,0.08132553789683587,0.03599323227871636,55.74178393461724,0.09289391281846988,0.044985804283004235,51.572925589953385
2.868,post_correction,0.08295477002219191,0.03255632869366612,60.75412096862337,0.09600377972720943,0.0405488993231185,57.76322615803625
2.872,post_correction,0.08469419212400485,0.029122296688735203,65.61476535947608,0.09920176490893294,0.036117436739122585,63.59194136084339
2.876,post_correction,0.08653690670387107,0.025691849333722688,70.3111073502545,0.10247887799615857,0.03169222477009121,69.07438353171744
2.88,post_correction,0.08847620675638825,0.02226611425419369,74.8337829225641,0.10582703508702819,0.027274520654025653,74.22726562111836
2.884,post_correction,0.07836805534226395,0.01884700847416279,75.95064928962377,0.06798505317494978,0.02286646215407435,66.36545669055991
2.888,post_correction,0.07788575704626975,0.015438106960183549,80.17852358934869,0.0684154721131019,0.018472111283761368,73.00009674240943
2.892,post_correction,0.07755581142301593,0.012046968424501828,84.46671087122854,0.06911323986429986,0.014100427620891635,79.59808041327962
2.896,post_correction,0.07737994022227007,0.008692811354469521,88.76606607668622,0.07006945790191128,0.009776094826415291,86.04799420583412
2.9,post_correction,0.07735896041053253,0.0054417862780679685,92.96553851139001,0.07127280452327665,0.005599337388162442,92.14379534295752
2.904,post_correction,0.07749275771759934,0.07009030117165094,9.552449498473884,0.07271008625606383,0.08785979073909103,-20.835767447275938
2.908,post_correction,0.07778028770150523,0.06666608288001219,14.289230793469997,0.07436681469825315,0.0834706239952783,-12.241763122387693
2.912,post_correction,0.07821960429254991,0.06324319454991299,19.14661916036228,0.07622775856144175,0.07908549013412959,-3.7489382170202874
2.916,post_correction,0.0788079139060004,0.05982171129318617,24.091746211504066,0.07827743406893992,0.0747045301896454,4.564411087041782
2.92,post_correction,0.0795416515704609,0.056401717281531843,29.091593941107522,0.08050051211830281,0.07032789303060516,12.63671350655268
2.924,post_correction,0.08041657428804495,0.05298330870919974,34.11394457140355,0.08288213449349496,0.06595573820661756,20.422249487561018
2.928,post_correction,0.08142786613360967,0.04956659797672783,39.12821208479511,0.08540814203361724,0.06158823999869385,27.88949796560111
2.932,post_correction,0.08257024943796196,0.04615171972506496,44.10611565399177,0.08806522449081643,0.057225593311105966,35.019079730985595
2.936,post_correction,0.08383809672964282,0.04273883974926177,49.02217319283382,0.09084100521843579,0.05286802245730704,41.80158802714602
2.94,post_correction,0.08522553881967265,0.03932816853095251,53.85401010586,0.09372407464907281,0.048515794641451136,48.23550424679377
2.944,post_correction,0.08672656536279591,0.03591998244132157,58.58249166093394,0.09670398566015513,0.04416924134283604,54.325314472498455
2.948,post_correction,0.08833511527581084,0.03251465820732619,63.19169550432475,0.09977122216122612,0.039828793582505934,60.07987802520423
2.952,post_correction,0.09004515541757037,0.02911273142742407,67.66874209676432,0.10291715014169193,0.03549504284086525,65.51105156720995
2.956,post_correction,0.09185074684787921,0.02571500124108805,72.00349248800713,0.10613395835253524,0.031168852348341148,70.63253568211366
2.96,post_correction,0.09374609873123632,0.02232272990700882,76.1880972017763,0.10941459395681315,0.02685157498099508,75.45887252335496
2.964,post_correction,0.08285234903104548,0.018938055085144283,77.14240416038412,0.07029198171128191,0.022545519079475173,67.92590202951042
2.968,post_correction,0.08251154454469885,0.015564934487151178,81.13605244812838,0.0709482453049658,0.018255066369443414,74.26988322124761
2.972,post_correction,0.08231260299110978,0.012211634770183206,85.16431952528323,0.07184599254332642,0.013989819826739386,80.52804431882143
2.976,post_correction,0.0822563020821181,0.00889873649864553,89.18169638873172,0.0729752811935236,0.009775844293049445,86.60389636988884
2.98,post_correction,0.0823426774795428,0.005694190124211458,93.08476442774632,0.07432452805133064,0.005715289150964602,92.31035931097004
2.984,post_correction,0.08257101970662846,0.06958956752233267,15.721559731753796,0.07588097474697406,0.08574217560428231,-12.995617004381579
2.988,post_correction,0.08293989022658034,0.06619870616439376,20.184719338851277,0.07763114024904892,0.08145834172264604,-4.929982300039719
2.992,post_correction,0.08344715576030992,0.06280948506383335,24.731424946052496,0.07956123093206119,0.0771795616058079,2.9935048746129165
2.996,post_correction,0.08409003887235002,0.059421982625860965,29.3352893841987,0.08165748971473137,0.07290596524374503,10.717356731831458
3.0,post_correction,0.08486518201207532,0.05603628774376149,33.970226169092314,0.08390647592379061,0.06863769136327506,18.19738511528438
3.004,post_correction,0.0857687216299075,0.05265250321507265,38.611066814929934,0.08629527575921633,0.06437489059902687,25.401605090587317
3.008,post_correction,0.08679636872745107,0.04927075055797333,43.23408769243767,0.08881164895156979,0.06011772999924235,32.308733472536495
3.012,post_correction,0.0879434922375209,0.045891176945500364,47.817427102444555,0.09144412048430064,0.05586639956950461,38.90651550517577
3.016,post_correction,0.08920520192137757,0.042513965428335604,52.34138311148495,0.09418202755326005,0.051621122014993845,45.190050208037796
3.02,post_correction,0.09057642795010343,0.039139350419115496,56.78859135328619,0.09701553183275066,0.04738216766365305,51.16022479231753
3.024,post_correction,0.09205199492959448,0.03576764188885585,61.144088277269205,0.09993560616110064,0.04314987809193658,56.82231814116677
3.028,post_correction,0.09362668876161542,0.032399264575127006,65.39526816160362,0.10293400338607528,0.03892470500158151,62.18479441085532
3.032,post_correction,0.09529531534588867,0.02903482429569745,69.53174015919754,0.1060032136268553,0.03470727719673199,67.25827830191452
3.036,post_correction,0.09705275067579545,0.02567522601203328,73.54508158372418,0.10913641480252537,0.030498522550196923,72.05467798682793
3.04,post_correction,0.09889398233596078,0.022321897617201065,77.42845713162856,0.11232742004462214,0.02629990582385125,76.586388422877
3.044,post_correction,0.08755563126844909,0.018977248666187788,78.32549615455027,0.07262897370518394,0.022113934337467393,69.55218666969958
3.048,post_correction,0.08732846159569456,0.015645710406214694,82.08406501118755,0.07345409895417525,0.01794536241922856,75.56928384565185
3.052,post_correction,0.08723255784145549,0.012336434253054036,85.85799320997165,0.07449540475575761,0.013804544891694512,81.46926654475612
3.056,post_correction,0.08726808765303722,0.00907176123007577,89.6047209535019,0.07574288842046827,0.009719186756582928,87.16818574091178
3.06,post_correction,0.08743462161333947,0.005922667186619496,93.22617622477834,0.07718547398239366,0.005794249002039306,92.49308360357935
3.064,post_correction,0.08773114091296187,0.06897007862965904,21.38472392820663,0.07881137868363,0.08331813688693972,-5.7184105627704485
3.068,post_correction,0.08815605801920677,0.06561730925913513,25.566874547817317,0.08060845258950282,0.07915588235031157,1.8020073485201853
3.072,post_correction,0.08870724930572452,0.062266455380689145,29.806801734893924,0.08256447560347205,0.07499946843526444,9.16254492372684
3.076,post_correction,0.08938209803981427,0.05891759956357488,34.083445280809265,0.08466740338948561,0.07084901395094602,16.320790393172285
3.08,post_correction,0.09017754569711348,0.055570836592052204,38.37619313936264,0.0869055599447338,0.06670464758836023,23.244671997073624
3.084,post_correction,0.09109014931327059,0.05222627742298002,42.66528508657152,0.08926777924599687,0.06256651146657734,29.911428294679933
3.088,post_correction,0.0921161424961102,0.04888405475749353,46.93215170233842,0.09174350141400178,0.05843476616483072,36.306370190583905
3.092,post_correction,0.09325149779734437,0.045544331049737166,51.15967879817349,0.09432283039583017,0.05430959802049699,42.42157726545714
3.096,post_correction,0.09449198835249466,0.04220731029230175,55.33239269465807,0.09699656059260106,0.0501912299785455,48.25462916220753
3.1,post_correction,0.09583324700454252,0.03887325583016906,59.43656607155713,0.09975617952175726,0.04607993818446039,53.807434882357185
3.104,post_correction,0.09727082149096627,0.03554251812964963,63.460246778166116,0.10259385281950374,0.0419760782066565,59.08519170197634
3.108,post_correction,0.09880022465749842,0.03221557964529101,67.39321215415272,0.10550239690422095,0.0378801280965607,64.09548104300444
3.112,post_correction,0.10041697903344786,0.028893130438762772,71.22684757411515,0.10847524360371572,0.03379276238809895,68.84748882284012
3.116,post_correction,0.102116655439188,0.02557620222723034,74.95393663528145,0.1115064000997249,0.02971498643745916,73.35131758277213
3.12,post_correction,0.10389490558146149,0.022266421077024933,78.56832252514404,0.11459040671423135,0.025648397342750272,77.61732584935059
3.124,post_correction,0.09241736590193239,0.018966521661018143,79.4773184932102,0.0749277206777468,0.02159573583937165,71.177908998124
3.128,post_correction,0.09227782994498362,0.015681501689270155,83.0062088601135,0.07586977872597152,0.017562191294266574,76.85219122926645
3.132,post_correction,0.09225931396100376,0.012421574221030863,86.53623825310339,0.07700457934460193,0.013558995395564181,82.39196225605421
3.136,post_correction,0.09236162128889763,0.009211221887285514,90.02700281919721,0.07832265183041467,0.009615781295262998,87.72286041069802
3.14,post_correction,0.0925840789211683,0.006125498427150973,93.38385335953214,0.07981383526052516,0.0058412002387134634,92.68146904650447
3.144,post_correction,0.09292554888613622,0.06824881821657322,26.55537789698714,0.08146755642380123,0.08068392148104492,0.9618981802765417
3.148,post_correction,0.09338444838060078,0.06493796834920346,30.46168877655078,0.0832730798322796,0.07665463925935434,7.947875335288996
3.152,post_correction,0.09395877778119724,0.061629271661636335,34.40818078205206,0.08521972162114327,0.07263175197461011,14.771193107734879
3.156,post_correction,0.09464615535392978,0.05832281605991462,38.37803993007835,0.08729702374263125,0.06861536846297037,21.400105614984156
3.16,post_correction,0.09544385726035998,0.055018703708013525,42.35490340889224,0.08949488858091487,0.06460560883286413,27.810839415200377
3.164,post_correction,0.09634886133603528,0.051717055620471124,46.32312732778657,0.0918036767721561,0.06060260844269889,33.98673062615336
3.168,post_correction,0.0973578930920011,0.0484180181199115,50.268009524243176,0.0942142726385216,0.05660652353882885,39.91725249950716
3.172,post_correction,0.09846747245457863,0.0451217721058929,54.175961887610335,0.0967181224016661,0.05261753942251238,45.59702141032675
3.176,post_correction,0.09967395989602892,0.04182854667259648,58.03462938943298,0.09930725044915495,0.04863588257562432,51.024842238960424
3.18,post_correction,0.10097360079922532,0.03853863965370358,61.83295500144306,0.10197425860399917,0.04466183917887364,56.20283021393586
3.184,post_correction,0.10236256712171228,0.03525244957799514,65.56119041438372,0.10471231277762352,0.04069578432859484,61.13562650934847
3.188,post_correction,0.10383699565846048,0.03197052716533196,69.21085113971415,0.1075151207101106,0.03673822992057285,65.82970871638706
3.192,post_correction,0.10539302243110647,0.02869366184152641,72.77460957125227,0.1103769038142098,0.03278990674526436,70.29278262737152
3.196,post_correction,0.10702681294136968,0.025423034494393638,76.24610712427678,0.1132923654999252,0.028851913087304663,74.53322387612809
3.2,post_correction,0.10873458820884034,0.02216050397745636,79.61963682163955,0.11625665779498379,0.024926002252562363,78.55950555836651
3.204,post_correction,0.09738593893916972,0.018909186282728672,80.58324796299398,0.0771395968601116,0.021015187678674423,72.75693867471941
3.208,post_correction,0.09731065568739862,0.015674742717915385,83.89205929485357,0.07815394734172566,0.01712516361458639,78.08790957197957
3.212,post_correction,0.0973467660946389,0.012468629703481896,87.19153167208441,0.07934008252851137,0.013268175363707231,83.27683191035347
3.216,post_correction,0.09749387987521305,0.009317848894071496,90.44263198264564,0.08068936515810494,0.009476086720960963,88.25608963164692
3.22,post_correction,0.09775122714603837,0.006302474233705517,93.55253696785847,0.08219271313041494,0.005862053788272464,92.86791545745525
3.224,post_correction,0.09811766998274184,0.06744355117808716,31.262583803763402,0.0838408071030792,0.07792847164315449,7.051858950565342
3.228,post_correction,0.09859171990420426,0.06417753052776959,34.905760250326196,0.08562427402551635,0.07403897532732344,13.530390569782176
3.232,post_correction,0.09917156063023576,0.06091386383200955,38.57728622510159,0.0875338423566773,0.07015621472719248,19.85246752755988
3.236,post_correction,0.09985507528463952,0.05765264578152111,42.26368002108984,0.08956046756175218,0.06628029088217671,25.99380877899473
3.24,post_correction,0.10063987709645296,0.054393987703631526,45.951854003656535,0.09169542870998475,0.0624113177344558,31.936282307102825
3.244,post_correction,0.10152334258965477,0.05113802289060931,49.629295503692106,0.09393039854156417,0.058549426599476255,37.66722221074347
3.248,post_correction,0.10250264624501117,0.04788491408344225,53.28421671282187,0.09625749028740471,0.05469477249644013,43.17868424251143
3.2520000000000002,post_correction,0.10357479566146112,0.04463486420043859,56.90567003740017,0.0986692849238745,0.050847543309049614,48.46669523521976
3.2560000000000002,post_correction,0.10473666632967389,0.04138813207716757,60.48362667292426,0.10115884255919948,0.047007973371199635,53.53053457122154
3.2600000000000002,post_correction,0.10598503524632515,0.03814505617386136,64.00901685298635,0.10371970140782587,0.0431763641877538,58.37207049219672
3.2640000000000002,post_correction,0.10731661273276465,0.03490609137790122,67.4737298457016,0.1063458674215727,0.03935311707639971,62.99516094932264
3.2680000000000002,post_correction,0.10872807196515948,0.03167186817113597,70.87056948707338,0.10903179719423536,0.035538786567009525,67.40511714789152
3.2720000000000002,post_correction,0.1102160758653324,0.02844329174690244,74.19315510592493,0.11177237629660354,0.03173417174809039,71.608215912061
3.2760000000000002,post_correction,0.11177730113478412,0.025221716386903802,77.43574399198387,0.11456289476755313,0.02794048114688046,75.61122979340615
3.2800000000000002,post_correction,0.1134084593333325,0.02200927100020845,80.59291949684429,0.11739902110355468,0.024159650595912633,79.42090967300143
3.2840000000000003,post_correction,0.10241991229576403,0.018809513142209543,81.63490602501962,0.07923625183850565,0.020395008912252873,74.26050773600359
3.2880000000000003,post_correction,0.10238844629217984,0.015628871133286024,84.73570827641349,0.08028627732337625,0.016652829899626763,79.25818651106134
3.2920000000000003,post_correction,0.10245949700408168,0.012480235707390621,87.81934708610423,0.0814897583908049,0.012946515351312572,84.11270863115797
3.2960000000000003,post_correction,0.1026325933409611,0.009393512094534803,90.84743765235658,0.08283900228861442,0.009310460982253918,88.76077605351172
3.3000000000000003,post_correction,0.10290696060924535,0.006454667899011597,93.72766636892422,0.08432602272328937,0.005863025312162243,93.0471933540594
3.3040000000000003,post_correction,0.10328153070952407,0.06657173878085038,35.543423569039454,0.08594269468796971,0.07512890464333964,12.58255874323171
3.3080000000000003,post_correction,0.10375495641002604,0.0633525803431058,38.94018894601558,0.08768089024330078,0.07138197347266746,18.588904293063596
3.3120000000000003,post_correction,0.10432562923096436,0.06013594275248428,42.35745981521898,0.08953259296116058,0.06764193521839414,24.449931604530487
3.3160000000000003,post_correction,0.10499170037412563,0.05692192917147734,45.78435345970899,0.09148999051205618,0.06390888587044538,30.146581595695185
3.3200000000000003,post_correction,0.10575110406327651,0.053710662136889305,49.21030601746592,0.0935455462393336,0.06018293618353406,35.66456276864561
3.3240000000000003,post_correction,0.10660158262534879,0.050502289732989605,52.625197028753426,0.0956920515015183,0.05646421670558164,40.993827784446914
3.3280000000000003,post_correction,0.1075407126391004,0.04729699425387123,56.0194524536983,0.09792266111759712,0.05275288489262107,46.128011340225775
3.332,post_correction,0.10856593150397985,0.044095004608522274,59.38412354808947,0.10023091448864571,0.04904913539545633,51.063865229911
3.336,post_correction,0.10967456383247266,0.04089661449801762,62.71093946588474,0.10261074497267114,0.045353215299444485,55.80071530372024
3.34,post_correction,0.11086384713846319,0.03770220975447511,65.99233137978064,0.10505647993377953,0.041665447340148265,60.339954882924566
3.344,post_correction,0.112130956375881,0.034512310708145005,69.22142482005219,0.10756283363619727,0.037986266423145,64.68458003661054
3.348,post_correction,0.11347302697002788,0.031327640159113115,72.39199394285319,0.1101248948581484,0.03431627926399314,68.83876319864291
3.352,post_correction,0.11488717607306355,0.02814923695033262,75.49836464564952,0.11273811079581206,0.030656366191722118,72.80745084752571
3.356,post_correction,0.11637052186061575,0.02497865512639183,78.53523836877665,0.11539826853685517,0.02700786440558154,76.59595351991271
3.36,post_correction,0.11792020076491308,0.0218183341614704,81.49737363069144,0.11810147511995046,0.02337292001769293,80.20945970915766
3.364,post_correction,0.10748799443949053,0.018672338508164812,82.62844273396854,0.08120705710896829,0.01975522175493602,75.67302343141516
3.368,post_correction,0.10748288019991016,0.015547975135434662,85.53446362200512,0.08226390778082886,0.01616169975542609,80.35383901469304
3.372,post_correction,0.10757219246887223,0.012459773053389207,88.41729189725807,0.08345839054818774,0.012607055464386568,84.89420251028275
3.376,post_correction,0.10775545035175374,0.009440940590344914,91.23854936383619,0.08478375624153103,0.009128500948978087,89.2331958931226
3.38,post_correction,0.108031928547048,0.00658416620147435,93.90535160296899,0.08623305278462143,0.0058501322104878095,93.21590501370825
3.384,post_correction,0.10840066569877395,0.06564976402228376,39.43785898445245,0.08779924144973097,0.07234842934940545,17.597887914751297
3.388,post_correction,0.10886047560627195,0.06247870054610566,42.60662540913428,0.08947529869828286,0.06874349529940528,23.17042099941651
3.392,post_correction,0.10940996097144151,0.05931029555912617,45.79077166967686,0.09125430227664653,0.06514546259640351,28.611078084944936
3.396,post_correction,0.11004752930234135,0.05614466258660615,48.98144198007758,0.09312950135512729,0.06155442515561455,33.9044832626223
3.4,post_correction,0.11077141054952214,0.05298193765220131,52.17002528958961,0.09509437135910925,0.057970493741595575,39.038985259517695
3.404,post_correction,0.11157967602841333,0.04982228641498148,55.34824245026986,0.09714265474014339,0.05439380162214829,44.00626401692263
3.408,post_correction,0.11247025817713083,0.04666591417669525,58.50821814314634,0.09926838929626475,0.050824512562749204,48.80090941028131
3.412,post_correction,0.11344097071262645,0.04351308020018593,61.64253538484333,0.10146592581606066,0.047262832375569594,53.41999592922599
3.416,post_correction,0.11448952877666374,0.04036411866847309,64.74427041514696,0.10372993683678859,0.04370902601334171,57.862669788265045
3.42,post_correction,0.11561356870356158,0.0372194701688833,67.80700519303603,0.1060554182182098,0.04016344358025725,62.12975795576924
3.424,post_correction,0.11681066709059713,0.03407973041132054,70.82481312696497,0.10843768507976033,0.03662656119364708,66.22340179365987
3.428,post_correction,0.1180783589059833,0.030945728246738146,73.79221007688814,0.11087236346031219,0.0330990476043,70.14671053156711
3.432,post_correction,0.11941415442526869,0.027818655729014152,76.70405500679276,0.11335537886010447,0.029581877680635832,73.90341951294275
3.436,post_correction,0.12081555484208814,0.024700295519029043,79.55536805561707,0.11588294262925955,0.026076536153182738,77.49751985794101
3.44,post_correction,0.12228006645119599,0.021593441981471884,82.34099587270818,0.11845153698652765,0.022585407654209015,80.93278632865878
3.444,post_correction,0.11256818174266414,0.018502737880124263,83.56308364079084,0.08305502321409325,0.019112585733593545,76.98804359571785
3.448,post_correction,0.11257476252436519,0.015436490424820636,86.28778770776476,0.08409681311725922,0.01566573310949915,81.37178743306735
3.452,post_correction,0.11266844750364818,0.012411086889931075,88.9844165204023,0.08526266213496234,0.012260988691712884,85.61974446410674
3.456,post_correction,0.11284878810716183,0.009463457880542226,91.6140367661231,0.08654670490491513,0.008938634023788708,89.67189561565726
3.46,post_correction,0.11311513744409488,0.006693800204146688,94.08231262817942,0.08794292630122248,0.005828840787536986,93.37201861173915
3.464,post_correction,0.11346665682581596,0.06469245742430002,42.98549086220968,0.08944524969715704,0.06963617499839952,22.146592206771086
3.468,post_correction,0.11390232433047405,0.06157001801898182,45.9448976297062,0.09104761459956269,0.06617004461222864,27.323692220546697
3.472,post_correction,0.11442094519719583,0.058450351001993514,48.9163886024025,0.09274404279521653,0.06271071015908145,32.38303154678105
3.476,post_correction,0.1150211637953933,0.05533358232753591,51.89269478618154,0.09452869287178838,0.05925826642697858,37.311873647346374
3.48,post_correction,0.11570147688655999,0.052219863990369104,54.86672651415825,0.09639590353938375,0.055812827352054985,42.10041578244873
3.484,post_correction,0.11646024787937799,0.04910938225707975,57.83163512759815,0.09834022658010304,0.05237453236651494,46.74149715950343
3.488,post_correction,0.11729572177386528,0.0460023692006394,60.78086352601378,0.10035645050618573,0.0489435553688919,51.23028452877064
3.492,post_correction,0.11820604049591046,0.04289911919223086,63.70818359852344,0.10243961613535289,0.04552011767324671,55.56395133978125
3.496,post_correction,0.11918925833859861,0.03980001302105753,66.60771819890704,0.10458502532201373,0.04210450715857905,59.74136160608011
3.5,post_correction,0.12024335724958468,0.036705554088900486,69.4739444003446,0.10678824404185634,0.038697107376647194,63.76276459656026
3.504,post_correction,0.12136626173255825,0.033616424346073044,72.30167274975484,0.10904510093891091,0.0352984432196967,67.62950108187663
3.508,post_correction,0.12255585316364022,0.030533573726275822,75.08599308961075,0.1113516823281774,0.03190925525773874,71.34371516391168
3.512,post_correction,0.12380998335850443,0.027458368938755816,77.82216894477136,0.11370432451857883,0.028530626113870354,74.90805540187827
3.516,post_correction,0.1251264872614304,0.0243928529336719,80.50544415691364,0.11609960419133686,0.02516420676527798,78.3253294095591
3.52,post_correction,0.12650319466193713,0.02134022365997834,83.1306839981336,0.11853432744525126,0.02181264827124064,81.59803261944057
3.524,post_correction,0.1176464580073634,0.01830578060156029,84.44000702476352,0.08479243360731602,0.018480492984515776,78.20502113419558
3.528,post_correction,0.11765262528358016,0.015298964248469675,86.99649564844447,0.08580320569855002,0.015176209506243163,82.31277097086405
3.532,post_correction,0.11773929280934994,0.012338258328808433,89.52069607825213,0.08692641499960096,0.011917501545989377,86.29012648681751
3.536,post_correction,0.11790606721391986,0.009464756035529598,91.97263019691985,0.08815699412896603,0.008747929461879649,90.07687416260792
3.54,post_correction,0.11815239286323269,0.006786903044584059,94.25580567594578,0.08948975669742629,0.005803861061861617,93.51449676918327
3.544,post_correction,0.11847755676430544,0.06371287459972062,46.22367616301499,0.0909194651688714,0.06702829263877016,26.277291101225025
3.548,post_correction,0.1188806949625581,0.06063898888138004,48.99172746215985,0.09244089101410796,0.0636958281088454,31.095614278399378
3.552,post_correction,0.11936080028951336,0.05756797151349539,51.76978423916188,0.09404886653819759,0.06036997219706008,35.809994932218515
3.556,post_correction,0.11991673129216819,0.054499963101102285,54.55182732731666,0.09573832823924562,0.057050823321593995,40.40963073950211
3.56,post_correction,0.12054722215571687,0.05143513428606652,57.331962225039746,0.09750435193705337,0.053738501554123325,44.88604817473614
3.564,post_correction,0.1212508934186165,0.048373695215712505,60.10446286057192,0.09934218019039992,0.05043315573008331,49.23288815141487
3.568,post_correction,0.12202626327327339,0.04531590880513994,62.863806864546355,0.1012472427084097,0.04713497349037502,53.44567197141069
3.572,post_correction,0.12287175924657458,0.04226210968869216,65.6047004227537,0.10321517056701547,0.04384419576721825,57.52155857868672
3.576,post_correction,0.12378573006149302,0.039212731917999,68.3220901968916,0.10524180508135288,0.04056113818803365,61.459100633365686
3.58,post_correction,0.12476645749319092,0.036168350490679936,71.01115859392432,0.10732320217490432,0.037286223577001114,65.25800309588614
3.584,post_correction,0.1258121680494543,0.03312974546112206,73.66729627606496,0.10945563304105611,0.034020032883525925,68.91888344315251
3.588,post_correction,0.12692104432480714,0.03009800430564473,76.28604108502282,0.11163558182508991,0.03076338795377843,72.44302627277175
3.592,post_correction,0.12809123589921084,0.027074691922722542,78.86296300238185,0.1138597409746838,0.02751749196632042,75.83211437970968
3.596,post_correction,0.1293208696748105,0.024062146373555696,81.39345456455541,0.11612500482250926,0.02428418026423038,79.08789730398941
3.6,post_correction,0.13060805956682336,0.02106402277852774,83.87234076642055,0.11842846188102457,0.02106639723046956,82.21171085407387
3.604,post_correction,0.12271533937155847,0.01808636357230819,85.26152992369913,0.08643695688276805,0.017869175944677077,79.32692613309777
3.608,post_correction,0.12271123188033875,0.015139888227132891,87.66218218565643,0.08740561619424843,0.014701859156353156,83.17973169632482
3.612,post_correction,0.12278167554695708,0.012245434574611603,90.02665949942308,0.08847674714273583,0.01158382780853758,86.90748904924152
3.616,post_correction,0.12292634265323439,0.009448717987932486,92.31351247910582,0.08964598718448873,0.008562076699787145,90.44901286862216
3.62,post_correction,0.12314477164659654,0.006867106957984222,94.42354972431019,0.09090887258281057,0.005779066120634725,93.64301200042883
3.624,post_correction,0.12343637070661732,0.06272226189699126,49.18656345942876,0.09226089123304299,0.06454974700887443,30.03563465929742
3.628,post_correction,0.12380042242090165,0.0596963624752801,51.780162532626896,0.09369752996825932,0.06134446252422382,34.5292639571132
3.632,post_correction,0.12423608947746821,0.05667341512482597,54.382486310385346,0.0952143158603131,0.05814554476716855,38.93193030712667
3.636,post_correction,0.12474242126275617,0.053653577469027214,56.98850725687626,0.09680685135276147,0.054953098267379256,43.234288173332175
3.64,post_correction,0.1253183612401845,0.05063704165870554,59.5932781456862,0.09847084332576606,0.05176725191268114,47.42885288244949
3.644,post_correction,0.12596275497416515,0.047624045235304203,62.191962818634885,0.1002021263947997,0.048588166888397843,51.50984451471732
3.648,post_correction,0.12667435865872032,0.04461488634148635,64.7798600964813,0.1019966808872072,0.045416047883807584,55.47301393657033
3.652,post_correction,0.1274518480082931,0.04160994544755428,67.35241889560771,0.10385064602967821,0.04225115924745021,59.31545843694052
3.656,post_correction,0.12829382737069617,0.03860971708827172,69.90524183465851,0.10576032892401369,0.039093848838387346,63.03543187117415
3.66,post_correction,0.12919883892800976,0.035614857414559574,72.43407316190793,0.10772220989746943,0.0359445842081447,66.63215112059348
3.664,post_correction,0.13016537186007388,0.03262625753719411,74.93476408436268,0.10973294479646373,0.03280400922664224,70.10559655763527
3.668,post_correction,0.13119187135644414,0.02964516049673949,77.40320326996897,0.1117893647566307,0.029673035971940934,73.45629788974993
3.672,post_correction,0.1322767473756489,0.026673355211595452,79.83518967559237,0.11388847393492771,0.02655300032951892,76.6850854945247
3.676,post_correction,0.13341838306469064,0.023713513145604565,82.22620256602377,0.11602744563622282,0.023445939190618905,79.79276449459361
3.68,post_correction,0.13461514276638412,0.02076980556385479,84.57097386146263,0.11820361721165348,0.020355115612040498,82.7796169929445
3.684,post_correction,0.12777245272646298,0.01784911262999461,86.03054707871482,0.08800858310141742,0.017286092345575994,80.3586289695674
3.688,post_correction,0.12775015199796694,0.014963592064799127,88.2868303240553,0.088927907608499,0.014249147767738047,83.97674234002079
3.692,post_correction,0.12779704096525554,0.01213671314105962,90.50313446274609,0.08994112814799018,0.011265433972409821,87.47465791859587
3.696,post_correction,0.12791286023886894,0.009419286867957212,92.63616899007081,0.09104449643221599,0.008385475079270736,90.7896957994448
3.7,post_correction,0.1280972392303416,0.006938181336352868,94.58366052380194,0.09223417357756104,0.005757504079191597,93.75773224188968
3.704,post_correction,0.12834969865170834,0.0617301478877424,51.904719266030966,0.09350627168680926,0.062216354776710045,33.46290718862361
3.708,post_correction,0.12866965385147522,0.05875126527248506,54.33945494226457,0.09485689152371334,0.05913090953365025,37.66303261279854
3.712,post_correction,0.12905641892781478,0.05577541153910152,56.78214845687109,0.09628215588004625,0.056051556721968904,41.78406558344923
3.716,post_correction,0.12950921154698702,0.052802763840504016,59.22856512693174,0.09777823845576761,0.05297840915816131,45.81779136660619
3.72,post_correction,0.13002715838448647,0.04983353888618189,61.67451515103822,0.09934138825886892,0.04991160691323901,49.75749001697382
3.724,post_correction,0.130609301098417,0.04686800537262426,64.11587461347169,0.10096794967942871,0.046851326145491236,53.59782357248682
3.728,post_correction,0.13125460273922443,0.043906501384731414,66.54860060643779,0.10265437850255439,0.04379779156134091,57.33470680916833
3.732,post_correction,0.13196195449719025,0.04094945924444875,68.96873845156586,0.10439725420001429,0.04075129436728775,60.96516648875409
3.736,post_correction,0.1327301826889082,0.037997441794234,71.37241807065688,0.10619328888492517,0.037712218752558875,64.487192035812
3.74,post_correction,0.13355805588615488,0.03505119673220513,73.75583486923257,0.10803933333313953,0.03468108202346919,67.89957790971368
3.744,post_correction,0.13444429209484365,0.032111740357730255,76.11520737892162,0.10993238047440536,0.03165859733849212,71.20175402199816
3.748,post_correction,0.13538756589781992,0.02918049099637585,78.4466979645686,0.11186956674107944,0.028645775354975166,74.39359408508713
3.7520000000000002,post_correction,0.13638651548274375,0.026259489920749276,80.74627111939688,0.11384817163671548,0.02564409600889565,77.475179758947
3.7560000000000002,post_correction,0.13743974948486123,0.02335178406849411,83.00943929538646,0.11586561585503359,0.022655813736751827,80.44647364141414
3.7600000000000002,post_correction,0.13854585358370997,0.02046212566166647,85.23079173257021,0.11791945824467603,0.0196845336596176,83.30679774768525
3.7640000000000002,post_correction,0.13281925461160415,0.017598336522875756,86.75016165815899,0.08952744548327238,0.0167363834320583,81.3058628650525
3.7680000000000002,post_correction,0.1327724980123456,0.01477418598057801,88.87255553540595,0.09039322439497881,0.013822630345740793,84.70833357449233
3.7720000000000002,post_correction,0.13279009217191381,0.01201607079963403,90.95107880181476,0.09134548441115435,0.010966270283566342,87.99473191886952
3.7760000000000002,post_correction,0.1328718440386918,0.00938037561276311,92.94028341321764,0.09238100813752285,0.00822138682934489,91.10056601990516
3.7800000000000002,post_correction,0.13301746757326988,0.007003907511265517,94.7345956594704,0.09349649433267888,0.005741470481098426,93.85915961654226
3.7840000000000003,post_correction,0.133226585418755,0.06074450863552871,54.40511483154969,0.09468859095399404,0.06003677679408183,36.59555371010679
3.7880000000000003,post_correction,0.13349873120908265,0.057811355351886785,56.69520239758387,0.0959539254710825,0.05706336355952895,40.5304542994168
3.7920000000000003,post_correction,0.1338333524785791,0.054881305686074786,58.99280361010243,0.09728913210991348,0.054095753244532856,44.39692073373871
3.7960000000000003,post_correction,0.13422981412685572,0.0519545589795634,61.294322488994105,0.09869087584313889,0.05113406882741586,48.18764309206324
3.8000000000000003,post_correction,0.13468740238526256,0.049031359746230685,63.59617983723497,0.10015587307487034,0.048178463620905276,51.89651675754448
3.8040000000000003,post_correction,0.13520532922475878,0.04611201185944767,65.89482668779033,0.10168090907781284,0.04522913105946066,55.5185614785875
3.8080000000000003,post_correction,0.13578273714029768,0.043196898410781615,68.18675236591498,0.10326285232645457,0.04228631849946419,59.049825230683666
3.8120000000000003,post_correction,0.1364187042437288,0.040286510062895436,70.46848503199486,0.10489866593281517,0.03935034708782282,62.48727594588697
3.8160000000000003,post_correction,0.13711224959577487,0.03738148643904825,72.73658148761045,0.106585416433195,0.03642164104881212,65.82868250869923
3.8200000000000003,post_correction,0.13786233870778375,0.03448267808004705,74.98760110755313,0.10832028019830105,0.033500772024683906,69.0724839675873
3.8240000000000003,post_correction,0.13866788914556402,0.031591241881014025,77.21805525729773,0.11010054774823805,0.030588528300719384,72.21764203147764
3.8280000000000003,post_correction,0.13952777617052464,0.028708793011455274,79.4243169357414,0.11192362625132762,0.027686026792784344,75.2634651681008
3.8320000000000003,post_correction,0.14044083835736929,0.025837656139277587,81.60246233112733,0.11378704047453374,0.02479490192082481,78.20937971721474
3.8360000000000003,post_correction,0.14140588313252472,0.022981299819629094,83.74798890220772,0.11568843243604718,0.02191764030235355,81.05459652202508
3.84,post_correction,0.14242169218310416,0.020145128283382836,85.85529495220202,0.11762555998953507,0.019058210242179505,83.79756045890444
3.844,post_correction,0.13785993888869089,0.01733801854438096,87.42345406203914,0.09101242994645663,0.016223335243350703,82.17459389569642
3.848,post_correction,0.13778386058363135,0.01457553905742421,89.42144675313607,0.09182274306494287,0.01342531553452058,85.37909554169455
3.852,post_correction,0.13776775663889473,0.011887326432576329,91.3714741949857,0.09271309138225887,0.010689040236646364,88.47084044196615
3.856,post_correction,0.13781149571518345,0.009335807799147276,93.22566832999063,0.09368071400366239,0.008072116826475118,91.3833739288542
3.86,post_correction,0.1379148682891072,0.007067983330482971,94.87511142332635,0.09472277100944779,0.005732613686851386,93.94800888343987
3.864,post_correction,0.13807758769217773,0.05977196770029567,56.711318107940976,0.09583636992421352,0.05801430084371761,39.46525636395164
3.868,post_correction,0.13829929164057908,0.056883010396053764,58.869629973315476,0.09701859030482606,0.055144939260029044,43.160440605488844
3.872,post_correction,0.13857954423386756,0.05399723366831541,61.035206193787594,0.09826650616125049,0.05228108864293687,46.79663429048126
3.876,post_correction,0.13891783839411906,0.05111486186283386,63.20496888396893,0.09957720603055296,0.04942288373255219,50.36727208695942
3.88,post_correction,0.13931359871113533,0.04823617075216092,65.37583466479974,0.10094781061960231,0.046570492857843496,53.86676286290818
3.884,post_correction,0.13976618465429502,0.045361503686952104,67.54472206624828,0.1023754880136149,0.043724128735919646,57.290431934151286
3.888,post_correction,0.1402748941075726,0.04249129420430767,69.70855371188348,0.10385746651443138,0.04088406369095954,60.634449247538164
3.892,post_correction,0.14083896718122976,0.039626098304564004,71.86425099697468,0.10539104522420947,0.0380506515511377,63.895745155398586
3.896,post_correction,0.14145759025172303,0.03676664156182418,74.00871773907774,0.10697360252787917,0.0352243598994326,67.07191394227138
3.9,post_correction,0.1421299001804661,0.03391388962496397,76.1388071180641,0.10860260265265347,0.032405818853255434,70.16110290017652
3.904,post_correction,0.1428549886621873,0.03106915676395002,78.25126230808782,0.11027560049689938,0.02959589712485339,73.16188078641609
3.908,post_correction,0.14363190665466344,0.028234278527442664,80.34261384879697,0.11199024492565418,0.02679582487085614,76.07307235675322
3.912,post_correction,0.1444596688434933,0.025411896921926153,82.40900237044207,0.11374428072792521,0.024007400455435528,78.89353178744793
3.916,post_correction,0.1453372580981804,0.02260595260397598,84.44586549946824,0.11553554942338731,0.02123335582895147,81.62179871483494
3.92,post_correction,0.1462636298790069,0.019822579433646924,86.44736258081063,0.11736198909476633,0.018478041098556306,84.25551471896422
3.924,post_correction,0.14290054338877958,0.01707183299974084,88.05334633802288,0.09248040912582578,0.01574880184885666,82.97066157284256
3.928,post_correction,0.1427914469468982,0.014371282045248065,89.93547418103235,0.09323504136596461,0.013059005228367202,85.99345799922133
3.932,post_correction,0.14273835738464644,0.011754127542143914,91.76526355107949,0.09406407456201611,0.010435458772538729,88.9060102689272
3.936,post_correction,0.14274119912089847,0.009289280557448664,93.4922218569981,0.09496513911717266,0.007939194428516823,91.63988543341041
3.94,post_correction,0.14279983054122014,0.007133950355214945,95.00423051751754,0.09593579035574468,0.005732052451852767,94.02511572521847
3.944,post_correction,0.14291404456503345,0.04478866294875707,68.66041886570787,0.09697352986046283,0.04267801642064784,55.99003513427004
3.948,post_correction,0.14308356959249904,0.041951019800870834,70.68075676309515,0.09807582554096739,0.03990987513685755,59.30712291563965
3.952,post_correction,0.14330807081903807,0.03911862586471244,72.70312436617098,0.09924013019144654,0.03714825926706245,62.56730095436307
3.956,post_correction,0.1435871519005847,0.03629227785910262,74.72456457369509,0.10046389836941894,0.03439367167134467,65.76514327079504
3.96,post_correction,0.14392035694823194,0.033473036858950034,76.74197204014004,0.10174460149612094,0.031646789809915546,68.89585359364536
3.964,post_correction,0.14430717282700162,0.030662347847067638,78.752027881645,0.10307974113966924,0.028908547221440168,71.95516121614027
3.968,post_correction,0.14474703173010872,0.027862229822646325,80.75108726609506,0.1044668604938309,0.026180264947496232,74.93916747977484
3.972,post_correction,0.14523931399737,0.02507558962021165,82.73498481226251,0.10590355410733127,0.023463872343456156,77.84411246512468
3.976,post_correction,0.1457833511443523,0.022306762956244723,84.69868967811219,0.10738747595127549,0.02076229637692349,80.66599834570663
3.98,post_correction,0.14637842906749704,0.019562495955658944,86.63567024165943,0.10891634593605286,0.01808018868666351,83.39993089992315
3.984,post_correction,0.1470237913897745,0.01685383565714583,88.53666097314505,0.11048795500492625,0.015425381699897375,86.0388567249619
3.988,post_correction,0.14771864291140235,0.014200035783223734,90.38710652673642,0.11210016894048638,0.012812065788155903,88.57087735973192
3.992,post_correction,0.14846215313075584,0.011637294647106272,92.16144020432135,0.11375093102342113,0.010268491871504566,90.9728282844645
3.996,post_correction,0.14925345980175042,0.009239922628165004,93.80924057610581,0.11543826368176542,0.007858127811452436,93.19278758981048
4.0,post_correction,0.1500916724956233,0.007173361450546435,95.22067991429998,0.11716026926402341,0.005744835039280561,95.09660136890396
