local_t_yr,phase,pos_noNN_err,pos_encounterNN_err,pos_gain_instant_pct,vel_noNN_err,vel_encounterNN_err,vel_gain_instant_pct
0.0,pre_correction_window,9.872395482201765e-16,9.872395482201765e-16,0.0,3.967172641099634e-17,3.967172641099634e-17,0.0
0.004,pre_correction_window,0.07839672603378224,0.07839672603378224,0.0,0.07195393778629472,0.07195393778629472,0.0
0.008,pre_correction_window,0.07512417451571912,0.07512417451571912,0.0,0.06906823433540517,0.06906823433540517,0.0
0.012,pre_correction_window,0.07185250365115269,0.07185250365115269,0.0,0.06617562927343036,0.06617562927343036,0.0
0.016,pre_correction_window,0.06858174539586669,0.06858174539586669,0.0,0.06327587297781137,0.06327587297781137,0.0
0.02,pre_correction_window,0.06531193192046467,0.06531193192046467,0.0,0.06036870774387793,0.06036870774387793,0.0
0.024,pre_correction_window,0.062043095630593605,0.062043095630593605,0.0,0.057453867453352465,0.057453867453352465,0.0
0.028,pre_correction_window,0.05877526919159842,0.05877526919159842,0.0,0.05453107723458158,0.05453107723458158,0.0
0.032,pre_correction_window,0.05550848555922772,0.05550848555922772,0.0,0.05160005311860935,0.05160005311860935,0.0
0.036000000000000004,pre_correction_window,0.052242778018805995,0.052242778018805995,0.0,0.04866050169780998,0.04866050169780998,0.0
0.04,pre_correction_window,0.04897818023655728,0.04897818023655728,0.0,0.04571211979800478,0.04571211979800478,0.0
0.044,pre_correction_window,0.04571472632884601,0.04571472632884601,0.0,0.042754594181939276,0.042754594181939276,0.0
0.048,pre_correction_window,0.04245245095861641,0.04245245095861641,0.0,0.039787601313795946,0.039787601313795946,0.0
0.052000000000000005,pre_correction_window,0.039191389474452144,0.039191389474452144,0.0,0.03681080723509757,0.03681080723509757,0.0
0.056,pre_correction_window,0.0359315781188134,0.0359315781188134,0.0,0.0338238676399413,0.0338238676399413,0.0
0.06,pre_correction_window,0.03267305435312005,0.03267305435312005,0.0,0.030826428308821457,0.030826428308821457,0.0
0.064,pre_correction_window,0.029415857389440088,0.029415857389440088,0.0,0.027818126202573967,0.027818126202573967,0.0
0.068,pre_correction_window,0.026160029107687673,0.026160029107687673,0.0,0.024798591819268963,0.024798591819268963,0.0
0.07200000000000001,pre_correction_window,0.022905615740140287,0.022905615740140287,0.0,0.021767454102399147,0.021767454102399147,0.0
0.076,pre_correction_window,0.01965267120973477,0.01965267120973477,0.0,0.01872435089239143,0.01872435089239143,0.0
0.08,pre_correction_window,0.016401264412221034,0.016401264412221034,0.0,0.015668952646667733,0.015668952646667733,0.0
0.084,pre_correction_window,0.013151497253120484,0.013151497253120484,0.0,0.012601022372621881,0.012601022372621881,0.0
0.088,pre_correction_window,0.009903558099116862,0.009903558099116862,0.0,0.00952059464243177,0.00952059464243177,0.0
0.092,pre_correction_window,0.006657931380885161,0.006657931380885161,0.0,0.006428677527447824,0.006428677527447824,0.0
0.096,pre_correction_window,0.0034168000027256446,0.0034168000027256446,0.0,0.0033319008088512837,0.0033319008088512837,0.0
0.1,pre_correction_window,0.0002979920448448743,0.0002979920448448743,0.0,0.00048386939451379555,0.00048386939451379555,0.0
0.10400000000000001,pre_correction_window,0.07754567823535627,0.07754567823535627,0.0,0.08286100753691396,0.08286100753691396,0.0
0.108,pre_correction_window,0.07430848301161448,0.07430848301161448,0.0,0.07973501333907078,0.07973501333907078,0.0
0.112,pre_correction_window,0.07107274127835782,0.07107274127835782,0.0,0.07659001312077217,0.07659001312077217,0.0
0.116,pre_correction_window,0.06783849097851252,0.06783849097851252,0.0,0.07342533414413871,0.07342533414413871,0.0
0.12,pre_correction_window,0.06460577082882997,0.06460577082882997,0.0,0.07024027511794256,0.07024027511794256,0.0
0.124,pre_correction_window,0.061374620423444666,0.061374620423444666,0.0,0.06703410493788303,0.06703410493788303,0.0
0.128,pre_correction_window,0.05814508036379765,0.05814508036379765,0.0,0.06380606146359777,0.06380606146359777,0.0
0.132,pre_correction_window,0.054917192425116945,0.054917192425116945,0.0,0.06055535038327267,0.06055535038327267,0.0
0.136,pre_correction_window,0.051690999774662585,0.051690999774662585,0.0,0.057281144244797536,0.057281144244797536,0.0
0.14,pre_correction_window,0.04846654726494861,0.04846654726494861,0.0,0.05398258177736068,0.05398258177736068,0.0
0.14400000000000002,pre_correction_window,0.04524388183825499,0.04524388183825499,0.0,0.05065876770105145,0.05065876770105145,0.0
0.148,pre_correction_window,0.04202305310084283,0.04202305310084283,0.0,0.04730877334618564,0.04730877334618564,0.0
0.152,pre_correction_window,0.03880411416379627,0.03880411416379627,0.0,0.04393163861997746,0.04393163861997746,0.0
0.156,pre_correction_window,0.03558712291712798,0.03558712291712798,0.0,0.04052637624758701,0.04052637624758701,0.0
0.16,pre_correction_window,0.03237214403554643,0.03237214403554643,0.0,0.03709197994701794,0.03709197994701794,0.0
0.164,pre_correction_window,0.029159252276214725,0.029159252276214725,0.0,0.033627439644265344,0.033627439644265344,0.0
0.168,pre_correction_window,0.02594853818140315,0.02594853818140315,0.0,0.030131769863615265,0.030131769863615265,0.0
0.17200000000000001,pre_correction_window,0.02274011855083369,0.02274011855083369,0.0,0.02660406422137924,0.02660406422137924,0.0
0.176,pre_correction_window,0.01953415714374,0.01953415714374,0.0,0.023043605534291526,0.023043605534291526,0.0
0.18,pre_correction_window,0.016330909613567552,0.016330909613567552,0.0,0.019450106053537582,0.019450106053537582,0.0
0.184,pre_correction_window,0.013130833904462437,0.013130833904462437,0.0,0.015824292395314646,0.015824292395314646,0.0
0.188,pre_correction_window,0.00993491316204591,0.00993491316204591,0.0,0.012169575028520294,0.012169575028520294,0.0
0.192,pre_correction_window,0.006745892976936781,0.006745892976936781,0.0,0.008498131266618657,0.008498131266618657,0.0
0.196,pre_correction_window,0.0035761103278178093,0.0035761103278178093,0.0,0.004864868315487908,0.004864868315487908,0.0
0.2,pre_correction_window,0.0007082862852733608,0.0007082862852733608,0.0,0.00184613406648896,0.00184613406648896,0.0
0.20400000000000001,pre_correction_window,0.07621940862645823,0.07621940862645823,0.0,0.1151359956557341,0.1151359956557341,0.0
0.20800000000000002,pre_correction_window,0.07303592259429012,0.07303592259429012,0.0,0.11131888155142042,0.11131888155142042,0.0
0.212,pre_correction_window,0.06985459489489544,0.06985459489489544,0.0,0.10744841356087143,0.10744841356087143,0.0
0.216,pre_correction_window,0.06667548150610014,0.06667548150610014,0.0,0.1035222425960512,0.1035222425960512,0.0
0.22,pre_correction_window,0.06349864120720766,0.06349864120720766,0.0,0.09953789962351135,0.09953789962351135,0.0
0.224,pre_correction_window,0.06032413605636698,0.06032413605636698,0.0,0.09549279179373066,0.09549279179373066,0.0
0.228,pre_correction_window,0.05715203200616215,0.05715203200616215,0.0,0.09138419963619726,0.09138419963619726,0.0
0.232,pre_correction_window,0.05398239971247175,0.05398239971247175,0.0,0.08720927594471468,0.08720927594471468,0.0
0.23600000000000002,pre_correction_window,0.050815315618814784,0.050815315618814784,0.0,0.08296504729399268,0.08296504729399268,0.0
0.24,pre_correction_window,0.04765086344168049,0.04765086344168049,0.0,0.07864841962906104,0.07864841962906104,0.0
0.244,pre_correction_window,0.04448913625309238,0.04448913625309238,0.0,0.0742561901800782,0.0742561901800782,0.0
0.248,pre_correction_window,0.04133023947572626,0.04133023947572626,0.0,0.06978506930661751,0.06978506930661751,0.0
0.252,pre_correction_window,0.03817429531291686,0.03817429531291686,0.0,0.06523171819969674,0.06523171819969674,0.0
0.256,pre_correction_window,0.035021449509439244,0.035021449509439244,0.0,0.06059281251197106,0.06059281251197106,0.0
0.26,pre_correction_window,0.03187188204237446,0.03187188204237446,0.0,0.05586514967540966,0.05586514967540966,0.0
0.264,pre_correction_window,0.028725824733260116,0.028725824733260116,0.0,0.051045832622734426,0.051045832622734426,0.0
0.268,pre_correction_window,0.025583591692331598,0.025583591692331598,0.0,0.04613259335202006,0.04613259335202006,0.0
0.272,pre_correction_window,0.022445635072361383,0.022445635072361383,0.0,0.04112438705840742,0.04112438705840742,0.0
0.276,pre_correction_window,0.019312654692334622,0.019312654692334622,0.0,0.03602254663337743,0.03602254663337743,0.0
0.28,pre_correction_window,0.01618583391366727,0.01618583391366727,0.0,0.030833200076772153,0.030833200076772153,0.0
0.28400000000000003,pre_correction_window,0.013067411265245864,0.013067411265245864,0.0,0.025572854891256012,0.025572854891256012,0.0
0.28800000000000003,pre_correction_window,0.009962315129073935,0.009962315129073935,0.0,0.020283095656252675,0.020283095656252675,0.0
0.292,pre_correction_window,0.006884165570154565,0.006884165570154565,0.0,0.015076629633987893,0.015076629633987893,0.0
0.296,pre_correction_window,0.0038892512727970513,0.0038892512727970513,0.0,0.010316236363246946,0.010316236363246946,0.0
0.3,pre_correction_window,0.0015447329499393087,0.0015447329499393087,0.0,0.007347736935762123,0.007347736935762123,0.0
0.304,pre_correction_window,0.07424527539948113,0.07424527539948113,0.0,0.18515631066792965,0.18515631066792965,0.0
0.308,pre_correction_window,0.07114532264767141,0.07114532264767141,0.0,0.17963383685978188,0.17963383685978188,0.0
0.312,pre_correction_window,0.0680481400333915,0.0680481400333915,0.0,0.1739505072910724,0.1739505072910724,0.0
0.316,pre_correction_window,0.06495379259497866,0.06495379259497866,0.0,0.16809817193769874,0.16809817193769874,0.0
0.32,pre_correction_window,0.06186235349631292,0.06186235349631292,0.0,0.16206862385529333,0.16206862385529333,0.0
0.324,pre_correction_window,0.05877390676106589,0.05877390676106589,0.0,0.15585374680313127,0.15585374680313127,0.0
0.328,pre_correction_window,0.05568855104630767,0.05568855104630767,0.0,0.14944572382437052,0.14944572382437052,0.0
0.332,pre_correction_window,0.05260640490029605,0.05260640490029605,0.0,0.14283733075784696,0.14283733075784696,0.0
0.336,pre_correction_window,0.049527614170676595,0.049527614170676595,0.0,0.13602234977380845,0.13602234977380845,0.0
0.34,pre_correction_window,0.04645236258093047,0.04645236258093047,0.0,0.12899615550658972,0.12899615550658972,0.0
0.34400000000000003,pre_correction_window,0.04338088706538766,0.04338088706538766,0.0,0.12175655459393427,0.12175655459393427,0.0
0.34800000000000003,pre_correction_window,0.04031350041167957,0.04031350041167957,0.0,0.11430500632715335,0.11430500632715335,0.0
0.352,pre_correction_window,0.03725062541594087,0.03725062541594087,0.0,0.10664843220191803,0.10664843220191803,0.0
0.356,pre_correction_window,0.03419284772261158,0.03419284772261158,0.0,0.09880196267577311,0.09880196267577311,0.0
0.36,pre_correction_window,0.031141000054549256,0.031141000054549256,0.0,0.09079322201538938,0.09079322201538938,0.0
0.364,pre_correction_window,0.02809630135753651,0.02809630135753651,0.0,0.08266921399777157,0.08266921399777157,0.0
0.368,pre_correction_window,0.025060596715402873,0.025060596715402873,0.0,0.07450771665468768,0.07450771665468768,0.0
0.372,pre_correction_window,0.022036793033116505,0.022036793033116505,0.0,0.06643658204776305,0.06643658204776305,0.0
0.376,pre_correction_window,0.019029702149765376,0.019029702149765376,0.0,0.05866656743315542,0.05866656743315542,0.0
0.38,pre_correction_window,0.016047806520569235,0.016047806520569235,0.0,0.051544669602514435,0.051544669602514435,0.0
0.384,pre_correction_window,0.013107344759840222,0.013107344759840222,0.0,0.045625545415246646,0.045625545415246646,0.0
0.388,pre_correction_window,0.0102430466318825,0.0102430466318825,0.0,0.04170673823295732,0.04170673823295732,0.0
0.392,pre_correction_window,0.007541163244097521,0.007541163244097521,0.0,0.04066082210884675,0.04066082210884675,0.0
0.396,pre_correction_window,0.005257399932885388,0.005257399932885388,0.0,0.04296145178332248,0.04296145178332248,0.0
0.4,pre_correction_window,0.0041509214597460434,0.0041509214597460434,0.0,0.04834759914522845,0.04834759914522845,0.0
0.404,pre_correction_window,0.0735565801840431,0.0735565801840431,0.0,0.1773971983275255,0.1773971983275255,0.0
0.40800000000000003,pre_correction_window,0.07053334824503567,0.07053334824503567,0.0,0.16646359842808697,0.16646359842808697,0.0
0.41200000000000003,pre_correction_window,0.06750534305600375,0.06750534305600375,0.0,0.15531793321579923,0.15531793321579923,0.0
0.41600000000000004,pre_correction_window,0.0644722679601153,0.0644722679601153,0.0,0.14402643688133332,0.14402643688133332,0.0
0.42,pre_correction_window,0.06143391256546512,0.06143391256546512,0.0,0.13267204037326685,0.13267204037326685,0.0
0.424,pre_correction_window,0.058390175692811,0.058390175692811,0.0,0.12135766684922542,0.12135766684922542,0.0
0.428,pre_correction_window,0.05534109147616236,0.05534109147616236,0.0,0.11021110666168128,0.11021110666168128,0.0
0.432,pre_correction_window,0.05228685987022382,0.05228685987022382,0.0,0.0993923893709339,0.0993923893709339,0.0
0.436,pre_correction_window,0.049227883814365464,0.049227883814365464,0.0,0.08910466061758786,0.08910466061758786,0.0
0.44,pre_correction_window,0.04616481687464441,0.04616481687464441,0.0,0.07960883130983672,0.07960883130983672,0.0
0.444,pre_correction_window,0.0430986276816486,0.0430986276816486,0.0,0.07123893447754763,0.07123893447754763,0.0
0.448,pre_correction_window,0.04003069154638743,0.04003069154638743,0.0,0.06440590713888031,0.06440590713888031,0.0
0.452,pre_correction_window,0.03696292649978007,0.03696292649978007,0.0,0.059561355954517406,0.059561355954517406,0.0
0.456,pre_correction_window,0.033898003085669766,0.033898003085669766,0.0,0.05708751458726432,0.05708751458726432,0.0
0.46,pre_correction_window,0.030839679467419775,0.030839679467419775,0.0,0.05713255624864145,0.05713255624864145,0.0
0.464,pre_correction_window,0.027793356185125045,0.027793356185125045,0.0,0.059512394315067135,0.059512394315067135,0.0
0.468,pre_correction_window,0.024767031152084253,0.024767031152084253,0.0,0.06378490396327116,0.06378490396327116,0.0
0.47200000000000003,pre_correction_window,0.02177301804932085,0.02177301804932085,0.0,0.06942742637199366,0.06942742637199366,0.0
0.47600000000000003,pre_correction_window,0.018831196901490023,0.018831196901490023,0.0,0.07597435674463829,0.07597435674463829,0.0
0.48,pre_correction_window,0.01597550372793856,0.01597550372793856,0.0,0.08306720488726417,0.08306720488726417,0.0
0.484,pre_correction_window,0.013267547428485802,0.013267547428485802,0.0,0.09044963427442684,0.09044963427442684,0.0
0.488,pre_correction_window,0.010825686717474291,0.010825686717474291,0.0,0.0979447359350322,0.0979447359350322,0.0
0.492,pre_correction_window,0.00888035657045591,0.00888035657045591,0.0,0.10543249967780453,0.10543249967780453,0.0
0.496,pre_correction_window,0.007820308133780238,0.007820308133780238,0.0,0.11283244322965727,0.11283244322965727,0.0
0.5,post_correction,0.008013203457979953,0.0020378479384921765,74.56887312073944,0.12009135015113279,0.04428183652063916,63.12653953435341
0.504,post_correction,0.07468309998632879,0.08016916928133046,-7.345797504396486,0.08778347381870798,0.10521077404074332,-19.85259806193876
0.508,post_correction,0.07151233605035388,0.07695103706636251,-7.605262695067162,0.08371071289418228,0.09719413017961223,-16.107158593278477
0.512,post_correction,0.0683411568931835,0.07372502555723126,-7.877930238235052,0.08029489094914022,0.08959851010725234,-11.586813367746084
0.516,post_correction,0.06517090499323092,0.07049170510772591,-8.16437966458752,0.07753854258735277,0.08243600880057676,-6.316170061755607
0.52,post_correction,0.06200310764479391,0.0672516397283837,-8.464950037113967,0.07543372295284106,0.07572283155821335,-0.38326174826745907
0.524,post_correction,0.05883953075849281,0.06400539194068061,-8.7795757641085,0.07396076409967288,0.0694807528471086,6.05728092063356
0.528,post_correction,0.05568225072207799,0.06075352959740698,-9.107532130194997,0.07308815170406947,0.0637385824705796,12.792181790758425
0.532,post_correction,0.0525337513040779,0.057496635191756074,-9.44703883595104,0.07277371055255086,0.05853339676346809,19.5679369389852
0.536,post_correction,0.049397055883229735,0.05423531849825688,-9.794637612541864,0.07296695357034795,0.05391103754662674,26.115816943555508
0.54,post_correction,0.04627591033792522,0.050970233881390284,-10.14420571996366,0.07361215897123526,0.04992502735858448,32.17828677176386
0.544,post_correction,0.043175039768041296,0.04770210439103365,-10.485374529621964,0.0746516115787197,0.04663273416870937,37.53285001820033
0.548,post_correction,0.040100514529515685,0.04443175605160551,-10.800962463715633,0.07602850488841863,0.04408773817379499,42.01156758442208
0.552,post_correction,0.03706028054827686,0.041160167942304884,-11.062753258673453,0.0776891858603059,0.04232851575346768,45.51556270704236
0.556,post_correction,0.03406493976680347,0.03788854752925248,-11.224466529587525,0.0795846360580536,0.04136596921279475,48.02266962354388
0.56,post_correction,0.031128914910961807,0.03461844779903529,-11.209940655029625,0.08167124639920696,0.04117472642692855,49.58479484240079
0.5640000000000001,post_correction,0.02827220525088742,0.03135195633899643,-10.893211409507364,0.08391103156553303,0.04169290122718916,50.312967854974175
0.5680000000000001,post_correction,0.02552303666618849,0.028092013937440718,-10.065327667908218,0.08627145378009456,0.042831055648945265,50.3531541752833
0.5720000000000001,post_correction,0.022921794860312775,0.024842978935392387,-8.381473121051206,0.08872500874189156,0.044486300573434556,49.86047203122977
0.5760000000000001,post_correction,0.020526544163407736,0.021611687853296188,-5.286538646008013,0.09124869223378351,0.046555831716937765,48.97917923288205
0.58,post_correction,0.018419662810156626,0.018409595836454285,0.054653409272994856,0.09382342965474205,0.04894623615037256,47.83154236581597
0.584,post_correction,0.016712492081049333,0.015257487057417928,8.70609252393464,0.09643352003570234,0.05157794817902717,46.51450226028087
0.588,post_correction,0.015539291542324989,0.012196986097168638,21.508737615564907,0.09906612324051836,0.054386070925605046,45.101242335320364
0.592,post_correction,0.015027561468346391,0.009322236089721938,37.96574308241548,0.10171080352552513,0.05731915508048514,43.64496878043004
0.596,post_correction,0.015245833880759476,0.006874888410629846,54.906445495867025,0.10435913289016267,0.060337151696688116,42.18316114202234
0.6,post_correction,0.016166144976082028,0.005468383810566138,66.17385394813255,0.10700435203891777,0.0634092499483817,40.7414289791507
0.604,post_correction,0.07431080872692318,0.08190500493431913,-10.21950418451647,0.08521966280517561,0.07897105164109099,7.3323584703331255
0.608,post_correction,0.07111793405834031,0.07859425006620312,-10.512560730082154,0.08434219797400956,0.07744519967717485,8.17739928826618
0.612,post_correction,0.06793741164173796,0.07528404198892223,-10.813821383019553,0.08359966566167379,0.0760832704709527,8.990939295307461
0.616,post_correction,0.0647715543042311,0.07197494362017529,-11.12122349590373,0.08298666833621926,0.0748810183003698,9.767412282427742
0.62,post_correction,0.06162311437600403,0.06866759788549424,-11.431560350077543,0.08249787083320709,0.07383408820148049,10.501825737106474
0.624,post_correction,0.05849539662821274,0.06536274975919283,-11.739989002259234,0.08212800733936726,0.07293798967153714,11.18987050283025
0.628,post_correction,0.055392405335838,0.0620612750589129,-12.03932142437629,0.08187189102042622,0.072188080028724,11.828004545890124
0.632,post_correction,0.0523190372637924,0.058764218593907895,-12.318998336339618,0.08172442559110948,0.07157955790374196,12.413507484439453
0.636,post_correction,0.049281336717922807,0.05547284545296163,-12.563597392818034,0.08168061810375224,0.07110746680798112,12.944504511879313
0.64,post_correction,0.04628683462540595,0.05218871103947436,-12.750658933218531,0.08173559225239176,0.0707667081886943,13.419960339709275
0.644,post_correction,0.04334500111505686,0.04891375831372099,-12.847518872781142,0.08188460154526984,0.07055206289295912,13.839645596914258
0.648,post_correction,0.040467849989277334,0.04565045526106066,-12.806722554216611,0.08212304178202569,0.0704582195639191,14.204079592019788
0.652,post_correction,0.03767074218535021,0.042401993050333105,-12.559484073087457,0.08244646237324792,0.07047980821794464,14.514454363279263
0.656,post_correction,0.034973438801690356,0.03917257778673106,-12.006651701741585,0.08285057615031113,0.07061143711725987,14.77254546890113
0.66,post_correction,0.03240143992504828,0.03596787004065921,-11.00701118178969,0.08333126742426719,0.0708477310593482,14.980615020963445
0.664,post_correction,0.029987585578921727,0.032795663574843245,-9.364134996901237,0.08388459815719232,0.07118336933665796,15.141312111590949
0.668,post_correction,0.027773736579551234,0.029666961233774002,-6.81660045561417,0.08450681220276701,0.07161312185077096,15.2575751183925
0.672,post_correction,0.025812016598577642,0.02659772652392704,-3.0439695494101495,0.08519433765178083,0.07213188216090738,15.332539521892048
0.676,post_correction,0.02416452767398679,0.02361180728150333,2.287321316354417,0.0859437873811765,0.07273469657298762,15.369453931095842
0.68,post_correction,0.022899810930528494,0.020745904337578388,9.405783303121783,0.08675195795206508,0.0734167887013653,15.37160608878494
0.684,post_correction,0.02208433520608556,0.018058004901774862,18.2316119853189,0.08761582703381286,0.07417357923603873,15.342259786678122
0.6880000000000001,post_correction,0.02176922985575525,0.01564097315094192,28.151003712210642,0.08853254954951695,0.07500070090661022,15.284602907926264
0.6920000000000001,post_correction,0.021976576030153752,0.013640460548720213,37.93182099884746,0.08949945274505156,0.07589400884120769,15.20170625243976
0.6960000000000001,post_correction,0.022692556891698704,0.012262976145361777,45.960359584477814,0.09051403038164095,0.07684958667145912,15.096492391916955
0.7000000000000001,post_correction,0.02387189792161181,0.011731009506493128,50.858496693416406,0.09157393624280444,0.07786374883604537,14.971713534741026
0.704,post_correction,0.07397801254682813,0.08345042365915155,-12.804360087840115,0.09245314836339179,0.10555818099810685,-14.174782434888066
0.708,post_correction,0.07084770260617822,0.08016365713562684,-13.149268341463813,0.09112619464947101,0.10437775107551939,-14.54198375892052
0.712,post_correction,0.06774099138717063,0.07688446125868732,-13.497691256476596,0.08984769892026502,0.1032367692855971,-14.90196246118017
0.716,post_correction,0.0646614960548708,0.0736140330515856,-13.845236412590598,0.08861897277211535,0.10213585064768431,-15.252803607109914
0.72,post_correction,0.06161351303370502,0.07035377915116872,-14.185631831579595,0.08744142992757699,0.10107569987682002,-15.592459959238505
0.724,post_correction,0.0586021750466295,0.06710536523793545,-14.510024900167954,0.0863165767923849,0.10005710497845864,-15.918759404840035
0.728,post_correction,0.055633648716508305,0.06387077959640058,-14.8060230991969,0.08524600180005514,0.09908093054307596,-16.22941657190059
0.732,post_correction,0.052715383124996795,0.0606524155889314,-15.0563877058706,0.08423136344927448,0.09814811069229103,-16.522049119384658
0.736,post_correction,0.04985642145088919,0.057453179679190634,-15.237271362896733,0.08327437696665493,0.09725964163536882,-16.79419910198058
0.74,post_correction,0.04706778869168854,0.054276634287313226,-15.31587906720092,0.08237679956275357,0.09641657380388031,-17.043359678511706
0.744,post_correction,0.04436296703424435,0.05112718855271682,-15.247450679417101,0.08154041429265153,0.09562000354296893,-17.267007253342168
0.748,post_correction,0.04175846383898115,0.048010355522596145,-14.97155572513879,0.08076701258351018,0.09487106435014292,-17.462638910965854
0.752,post_correction,0.03927446036532378,0.04493310204748913,-14.407942539578418,0.08005837554937184,0.09417091766670646,-17.627814729554988
0.756,post_correction,0.036935494115362545,0.041904328560452134,-13.452735814417887,0.07941625427634262,0.0935207432427247,-17.760204248998033
0.76,post_correction,0.03477106287826915,0.03893553065447317,-11.976820469318145,0.07884234932664753,0.09292172911350392,-17.857636038374327
0.764,post_correction,0.032815934187702636,0.036041712754612855,-9.82991539554903,0.07833828977462728,0.09237506124358204,-17.918148978408098
0.768,post_correction,0.031109804537043508,0.033242642810857655,-6.855839519256713,0.07790561214761813,0.09188191291264808,-17.940043572916412
0.772,post_correction,0.029695826136090696,0.030564543448907616,-2.925385233721879,0.07754573969548496,0.09144343393601441,-17.92193135961359
0.776,post_correction,0.028617531455707355,0.02804227503136209,2.010153898967901,0.0772599624499302,0.09106073982952365,-17.862780335335135
0.78,post_correction,0.02791403167215875,0.02572189859808171,7.853158224590894,0.07704941855444995,0.09073490104428006,-17.76195427115226
0.784,post_correction,0.027614154234010892,0.023663055196434052,14.308238463847214,0.07691507734460518,0.09046693240952008,-17.61924388920274
0.788,post_correction,0.0277311467085966,0.021939664015206778,20.884396719139186,0.07685772463397754,0.09025778293146082,-17.434888114758646
0.792,post_correction,0.028259963918281346,0.02063609787180826,26.977621303830517,0.07687795061323749,0.09010832610135112,-17.209583999804902
0.796,post_correction,0.029178335537228654,0.01983544263349206,32.019965264351676,0.07697614069942814,0.0900193508665846,-16.944484418992644
0.8,post_correction,0.030451129713779054,0.01959954884480059,35.63605347642703,0.07715246958298648,0.0899915534142004,-16.641183231865295
0.804,post_correction,0.0742427854446397,0.08630540240537601,-16.247527471515717,0.09676838586904127,0.1302134529185027,-34.56197677485637
0.808,post_correction,0.07120478719980636,0.08311288666011912,-16.723734356368038,0.09485827880142521,0.128655543762672,-35.62922012531709
0.812,post_correction,0.0682003769302271,0.07993658908077199,-17.208427106717767,0.09297490911885624,0.12711889773811508,-36.723874153628074
0.8160000000000001,post_correction,0.06523428242132914,0.07677858653451312,-17.69668291684838,0.09112043057963293,0.1256048175087824,-37.84484633115569
0.8200000000000001,post_correction,0.06231205958739558,0.07364129392062495,-18.181447392762852,0.08929716652502916,0.12411466860227888,-38.99060119392557
0.8240000000000001,post_correction,0.05944026039450258,0.07052753320708943,-18.652799868306563,0.08750761827216735,0.12264987955673763,-40.159087835381776
0.8280000000000001,post_correction,0.05662663483942631,0.06744061886330749,-19.0969921743468,0.08575447302371154,0.12121194179960787,-41.34766097401375
0.8320000000000001,post_correction,0.05388037135950507,0.06438446394857131,-19.49521193716347,0.08404061096058837,0.11980240920430862,-42.55299650366783
0.836,post_correction,0.05121237816833201,0.061363712205410585,-19.822032094880946,0.08236911110767034,0.11842289726671641,-43.771003078954784
0.84,post_correction,0.04863560365882511,0.05838390278826874,-20.043545049480983,0.08074325547815975,0.11707508183985738,-44.99673210665258
0.844,post_correction,0.0461653854855568,0.055451675665063614,-20.115266193135337,0.07916653091279278,0.11576069736219564,-46.22428951663144
0.848,post_correction,0.043819802853270876,0.052575027067621086,-19.980062994958654,0.0776426279391703,0.11448153451280366,-47.44675386631049
0.852,post_correction,0.04161998211039645,0.049763625188896,-19.566666455787146,0.07617543589100965,0.11323943722578826,-48.65610665859407
0.856,post_correction,0.039590269930707835,0.04702919570917061,-18.789782922628767,0.07476903345601406,0.11203629899695056,-49.843182154896375
0.86,post_correction,0.03775814275311736,0.04438598292460594,-17.553406201213043,0.07342767377647591,0.11087405841815194,-50.997645323298755
0.864,post_correction,0.0361536763234332,0.04185128213033679,-15.759409239415726,0.07215576322365438,0.10975469387961694,-52.108007699150384
0.868,post_correction,0.03480838151474544,0.03944601738378665,-13.32333095428934,0.07095783302277672,0.10868021738779475,-53.161691610437906
0.872,post_correction,0.03375326643312266,0.03719529853913718,-10.197626688470056,0.0698385030386596,0.10765266745677339,-54.14515313591629
0.876,post_correction,0.033016156859936335,0.035128824450025575,-6.398890092059351,0.06880243725972446,0.10667410104486826,-55.04407299145651
0.88,post_correction,0.03261860126994197,0.03328090268492961,-2.030440880976552,0.06785429085347283,0.10574658452508706,-55.84362196554424
0.884,post_correction,0.032573006533310016,0.03168974699307674,2.7116303781477296,0.06699864911354235,0.10487218369875666,-56.528803321138874
0.888,post_correction,0.03288079801596268,0.03039565242086443,7.558045257574902,0.06623995916832116,0.10405295288556726,-57.084868698605604
0.892,post_correction,0.0335321974290858,0.029437753378073486,12.210485339266187,0.06558245594737225,0.10329092315032025,-57.497796717475474
0.896,post_correction,0.03450769424376306,0.028849476581081224,16.396974027624296,0.06503008455837335,0.10258808975618587,-57.754815256466564
0.9,post_correction,0.03578072565917268,0.028653503852296792,19.9191650688302,0.06458642184852213,0.10194639896544758,-57.84494023302255
0.904,post_correction,0.07523655228134397,0.09125257408277825,-21.287554141958843,0.09983709098190584,0.15203998247129205,-52.28807347646708
0.908,post_correction,0.0722948706030946,0.0882051959092982,-22.007543790420122,0.09749416285414038,0.15017241719496008,-54.03221362045119
0.912,post_correction,0.069394356196162,0.08518318808634238,-22.752328511484375,0.09516945862764092,0.14832412948188528,-55.85265653576615
0.916,post_correction,0.06654040250668246,0.08218935050168992,-23.517964132296743,0.09286504896905863,0.14649644441243787,-57.75197023936151
0.92,post_correction,0.06373926918503435,0.07922687430047327,-24.298372594261455,0.09058319806529395,0.14469074101836465,-59.732427325064236
0.924,post_correction,0.06099823332751642,0.07629940614587909,-25.084616362914034,0.08832638293212348,0.14290845344371533,-61.79588555498389
0.928,post_correction,0.05832576275916323,0.07341112356391935,-25.86397518202391,0.08609731433285525,0.1411510719385607,-63.943641020979676
0.932,post_correction,0.05573171024337771,0.07056682297066628,-26.618800432472547,0.08389895925499799,0.1394201436463866,-66.17624924600138
0.936,post_correction,0.053227523883441444,0.06777202193274501,-27.32514494033831,0.08173456480573917,0.137717273141672,-68.49330937160859
0.9400000000000001,post_correction,0.050826462959439406,0.06503307693902938,-27.95121508047324,0.07960768326635038,0.13604412266971813,-70.89320664507146
0.9440000000000001,post_correction,0.048543799088484094,0.06235731730599966,-28.45578318321713,0.07752219788286611,0.13440241203639428,-73.37280895914817
0.9480000000000001,post_correction,0.04639696908271534,0.05975319456612739,-28.78684911421889,0.0754823487561144,0.1327939180912536,-75.92711445733426
0.9520000000000001,post_correction,0.04440562810625141,0.057230444463635614,-28.88106058695458,0.07349275791904579,0.13122047374362494,-78.54884951816308
0.9560000000000001,post_correction,0.042591531485842396,0.054800255060194154,-28.664673817634355,0.07155845234548684,0.12968396644802369,-81.22802016721201
0.96,post_correction,0.04097815623296128,0.052475428902706324,-28.05707656631236,0.06968488321814965,0.12818633609279806,-83.95142557892888
0.964,post_correction,0.039589969774721616,0.05027051921159966,-26.97791763331334,0.0678779392990236,0.12672957222463546,-86.70215026173965
0.968,post_correction,0.03845127957131696,0.048201909371975916,-25.35840135716191,0.0661439517093367,0.12531571054172244,-89.45906209597271
0.972,post_correction,0.037584669187425396,0.0462877921939211,-23.15604525636609,0.0644896868761937,0.12394682859033905,-92.19635664891696
0.976,post_correction,0.03700914707542236,0.04454799258316515,-20.370222238245816,0.0629223239033793,0.12262504060385107,-94.88320360218827
0.98,post_correction,0.036738277337243976,0.04300356912813202,-17.05385294300805,0.06144941227364229,0.12135249142980775,-97.48356727873846
0.984,post_correction,0.0367786653137209,0.04167613451519625,-13.316060166131882,0.06007880572558065,0.12013134950052502,-99.9562874955334
0.988,post_correction,0.03712916214009832,0.040586861595169256,-9.312624513378738,0.058818568538863344,0.118963798815419,-102.25551517258661
0.992,post_correction,0.03778099953331683,0.039755199159657,-5.225376910950279,0.057676851488891734,0.11785202991969113,-104.33159383256006
0.996,post_correction,0.03871881843644084,0.03919740677989053,-1.236061333419367,0.05666173655253092,0.11679822988384289,-106.13245726339434
1.0,post_correction,0.03992232425888157,0.038925110796759546,2.4978842806231993,0.05578105213198969,0.11580457131186368,-107.60557014565761
1.004,post_correction,0.07700193533158821,0.09875700992369911,-28.252633519441428,0.10327454414800046,0.17302633491662173,-67.54015846214874
1.008,post_correction,0.07414723225909664,0.09588557527058925,-29.317807757855547,0.1006713615538199,0.17097494443246752,-69.83473928785858
1.012,post_correction,0.07133832226254028,0.09304715725608063,-30.430817974169905,0.09808471893269832,0.16894476005780612,-72.24371124897553
1.016,post_correction,0.06858079454143028,0.09024484167048753,-31.58908740255234,0.09551657051208799,0.16693702840616437,-74.77284570747632
1.02,post_correction,0.06588105793049115,0.08748206465066934,-32.78788683534601,0.09296906560550362,0.16495304051203563,-77.4278782277776
1.024,post_correction,0.06324646387263025,0.08476265520323692,-34.019595742043926,0.09044457156411288,0.1629941327118385,-80.21438975615895
1.028,post_correction,0.060685441080813134,0.08209088190077553,-35.27277785038648,0.08794569938503083,0.16106168738674942,-83.13765029215699
1.032,post_correction,0.05820763814703914,0.0794715035435498,-36.53105687400632,0.08547533216623131,0.15915713353942806,-86.20241595540261
1.036,post_correction,0.05582406683428661,0.07690982322402191,-37.77180271069866,0.08303665655108099,0.15728194717380914,-89.41266870138885
1.04,post_correction,0.053547233630971705,0.07441174471494538,-38.96468532392241,0.08063319722429366,0.15543765144426833,-92.77128626301963
1.044,post_correction,0.05139124005340792,0.0719838293762813,-40.07023240044937,0.07826885439179403,0.15362581653764437,-96.27962838018877
1.048,post_correction,0.04937182317445892,0.06963335079176416,-41.03864575895782,0.07594794398179919,0.15184805924890568,-99.93702434564369
1.052,post_correction,0.047506297714944974,0.06736834305956085,-41.80928908372393,0.0736752400212832,0.15010604220878504,-103.74014684637962
1.056,post_correction,0.04581335190063138,0.06519763705430766,-42.31143181952844,0.07145601824464205,0.14840147271959525,-107.68225877282597
1.06,post_correction,0.04431264529179927,0.06313087708385297,-42.46695648191488,0.06929609945082198,0.1467361011538264,-111.75232418090431
1.064,post_correction,0.043024164197191024,0.06117850831191663,-42.19569270775253,0.06720189041292292,0.1451117188691734,-115.93398337090295
1.068,post_correction,0.04196731625612498,0.059351723384211436,-41.42368080434322,0.06518041923894587,0.14353015559353663,-120.20440689000066
1.072,post_correction,0.041159794835825554,0.05766235535936139,-40.093884309578684,0.06323936098077274,0.1419932762344712,-124.53306616688104
1.076,post_correction,0.04061631220415659,0.05612270401869487,-38.177744292972484,0.0613870480230904,0.14050297706974998,-128.88049123473175
1.08,post_correction,0.04034737072574851,0.05474528481635095,-35.684888089657136,0.05963245844679658,0.13906118127935554,-133.19712938453543
1.084,post_correction,0.04035828415291001,0.053542495067809934,-32.66791735978518,0.0579851743330903,0.13766983378454117,-137.42247111944502
1.088,post_correction,0.04064864704232804,0.05252620108588404,-29.220047671421202,0.05645530115199699,0.13633089536678303,-141.48466589476445
1.092,post_correction,0.041212369589544544,0.05170726267721798,-25.46539592893479,0.05505333938903828,0.13504633604864213,-145.30089826945417
1.096,post_correction,0.04203827026803931,0.05109502621309341,-21.544073738780206,0.05379000093825395,0.1338181277298716,-148.7788165006405
1.1,post_correction,0.043111096666028,0.050696831351777424,-17.595782228678644,0.052675966077585956,0.13264823608556706,-151.8192753981781
1.104,post_correction,0.07960139797250645,0.10907446027861356,-37.02580991892481,0.10803372034374102,0.19443350277268023,-79.97482837213504
1.108,post_correction,0.07682087285309155,0.1063905541840064,-38.49172787643594,0.10532196980203323,0.19230460261793975,-82.5873585344084
1.112,post_correction,0.07408809206192815,0.10374451884031748,-40.02860102484533,0.10262978668102656,0.19019954247468368,-85.32586749480829
1.116,post_correction,0.0714084727018491,0.1011392858835227,-41.634853760012895,0.09995918648209846,0.18811945085393436,-88.19626036834983
1.12,post_correction,0.06878815722196609,0.09857804642609906,-43.30671209581434,0.09731238154169818,0.1860654900444757,-91.20433299101511
1.124,post_correction,0.06623410767344405,0.09606427212077112,-45.037467092331944,0.09469180352212965,0.18403885644795479,-94.35563544308728
1.1280000000000001,post_correction,0.06375420514550639,0.09360173653642762,-46.81656891933657,0.0921001283567884,0.18204078078813302,-97.65529542252305
1.1320000000000001,post_correction,0.0613573502934079,0.09119453629237761,-48.62854386033576,0.08954030378820681,0.18007252817558764,-101.10779230939426
1.1360000000000001,post_correction,0.0590535582033336,0.08884711119010238,-50.45174904479664,0.08701557958104147,0.1781353980077911,-104.71667127366048
1.1400000000000001,post_correction,0.056854037227245205,0.08656426232936792,-52.25701911611158,0.08452954040159523,0.1762307236831889,-108.4841853462427
1.1440000000000001,post_correction,0.05477123682586941,0.08435116689693029,-54.0063211738351,0.08208614121792342,0.17435987210669213,-112.4108522092653
1.1480000000000001,post_correction,0.052818844101848145,0.0822133879752054,-55.65162277439679,0.07968974487411931,0.17252424296294594,-116.49491190550457
1.1520000000000001,post_correction,0.05101170328529294,0.0801568773474368,-57.134289163299975,0.07734516120979722,0.17072526773289468,-120.73167223713682
1.156,post_correction,0.04936562838207548,0.07818796889920454,-58.38544238524142,0.07505768670909828,0.1689644084285898,-125.11273106969927
1.16,post_correction,0.04789707886371243,0.07631335987361969,-59.3277955233213,0.07283314314961963,0.16724315602095782,-129.6250701104491
1.164,post_correction,0.046622674824565453,0.07454007698888061,-59.87945193913564,0.07067791305974283,0.16556302853543475,-134.25002432582744
1.168,post_correction,0.04555854466381544,0.07287542435302999,-59.95994799831873,0.06859896897075198,0.16392556879106093,-138.96214658991835
1.172,post_correction,0.044719526659916825,0.07132691031201369,-59.4983570699233,0.06660389247446488,0.16233234175990408,-143.72801007409635
1.176,post_correction,0.04411828342005721,0.06990215095414676,-58.442590090365094,0.064700878007991,0.1607849315256205,-148.50502261462736
1.18,post_correction,0.04376442686185617,0.06860874906983329,-56.76830245349499,0.06289871517795836,0.15928493782265626,-153.2403680615635
1.184,post_correction,0.04366377756082202,0.06745414899645163,-54.48537154736671,0.061206742475681836,0.15783397214110728,-157.8702374232979
1.188,post_correction,0.043817881726019255,0.06644546995751473,-51.64007784077593,0.05963476468505767,0.15643365338666168,-162.31956177376907
1.192,post_correction,0.04422387453307952,0.06558932311248093,-48.312023324460235,0.05819292650781032,0.15508560309038444,-166.502498494503
1.196,post_correction,0.04487471620315843,0.0648916203084406,-44.606196537624726,0.056891536358531045,0.15379144016938964,-170.3239357084583
1.2,post_correction,0.04575975612235049,0.06435738506777963,-40.64188824718295,0.05574083733894633,0.152552775246681,-173.68224542276803
1.204,post_correction,0.08314977032835252,0.12231074090315265,-47.09690768856756,0.11444736983855137,0.2167160268082208,-89.35867824130672
1.208,post_correction,0.08043446187302757,0.1198120461994648,-48.9561108627767,0.11174019185737659,0.21458348823530302,-92.0378734530848
1.212,post_correction,0.07776694619037818,0.11735318024058625,-50.9036756481328,0.10905790264362453,0.21247684833569355,-94.8293917131505
1.216,post_correction,0.07515223619960108,0.11493665888599733,-52.938441619661916,0.1064026491641208,0.21039709293658918,-97.73670541986422
1.22,post_correction,0.07259595588594088,0.11256516645506666,-55.05707595051631,0.1037767689790402,0.20834523155181306,-100.76288132837568
1.224,post_correction,0.07010440940607653,0.11024156353661929,-57.25339457330019,0.10118280880560819,0.2063222972894007,-103.91042680559094
1.228,post_correction,0.0676846518694108,0.10796889401920638,-59.51754354520292,0.09862354451834986,0.2043293466543704,-107.1811022938371
1.232,post_correction,0.06534455841319924,0.10575039098463046,-61.83503806993281,0.0961020025215771,0.20236745923560767,-110.57569449728327
1.236,post_correction,0.06309288643487689,0.10358948103583032,-64.18567431171998,0.09362148234952306,0.20043773726534395,-114.09374455003494
1.24,post_correction,0.06093932359395247,0.10148978655376226,-66.54235814956431,0.0911855802402611,0.19854130503933654,-117.73322549048684
1.244,post_correction,0.058894511479504794,0.09945512529941929,-68.86993847300955,0.08879821328425215,0.19667930818558743,-121.49016394732728
1.248,post_correction,0.05697003183708249,0.09748950670121104,-71.12419206645752,0.08646364355947112,0.1948529127692925,-125.35820230068083
1.252,post_correction,0.05517833938332105,0.09559712410112782,-73.25118002740093,0.08418650142510535,0.19306330422171497,-129.3281000558854
1.256,post_correction,0.05353262327406412,0.0937823421842026,-75.18727170173811,0.08197180684865189,0.1913116860808574,-133.38717717188362
1.26,post_correction,0.05204657939948205,0.09204967879582404,-76.86018919571897,0.07982498728396155,0.18959927853218944,-137.51870809290284
1.264,post_correction,0.050734079352122395,0.09040378037363411,-78.19142778995197,0.07775189020360992,0.1879273167383082,-141.7012837195088
1.268,post_correction,0.04960873064999917,0.08884939029967104,-79.10030983562875,0.07575878793126022,0.18629704894728685,-145.90816990937552
1.272,post_correction,0.04868333744110732,0.08739130962890954,-79.50969309494775,0.07385237194696195,0.1847097343706369,-150.10670544649344
1.276,post_correction,0.04796929072591345,0.08603434988538705,-79.35297475413891,0.07203973340011369,0.18316664082329562,-154.25779938131555
1.28,post_correction,0.04747593893136805,0.08478327794513951,-78.5815717466979,0.07032832623699026,0.18166904211987053,-158.31560601582882
1.284,post_correction,0.04721000773020456,0.08364275344679295,-77.17165801961737,0.06872590923760637,0.18021821522355108,-162.2274731942533
1.288,post_correction,0.04717514535743807,0.08261725967511545,-75.1287866717495,0.06724046349256202,0.1788154371466347,-165.9342721015224
1.292,post_correction,0.047371660890366554,0.08171102942509333,-72.48926444483179,0.0658800825817844,0.17746198160452215,-169.3712191150011
1.296,post_correction,0.047796497248500665,0.08092796793333124,-69.3177797372377,0.06465283408075606,0.17615911542830187,-172.46928604593947
1.3,post_correction,0.04844344347846223,0.08027157550423569,-65.70163006666553,0.06356659310153691,0.17490809474464136,-175.15725825553557
1.304,post_correction,0.08780134117828191,0.13845318858789696,-57.68914999460627,0.1223923074098524,0.23970568091426164,-95.85028339368141
1.308,post_correction,0.08514976360774033,0.1361299086631583,-59.871152772975805,0.11976094902953348,0.23761352422156842,-98.40651409915938
1.312,post_correction,0.08254499811334341,0.13384617612982824,-62.14934785756811,0.11715981528586801,0.23554834466757063,-101.04875045495469
1.316,post_correction,0.07999154018418811,0.13160401561641993,-64.52241738737521,0.11459109927501698,0.23351097894303924,-103.77758867869508
1.32,post_correction,0.07749437922455706,0.12940555199662862,-66.98701672497755,0.11205716146245766,0.23150227927538358,-106.59302471528643
1.324,post_correction,0.07505904665036602,0.12725301209665474,-69.5372080722187,0.10956054213599026,0.2295231131187087,-109.49432034921556
1.328,post_correction,0.07269166384949008,0.12514872567124202,-72.16379299057677,0.10710397419724657,0.22757436276588142,-112.47984911070824
1.332,post_correction,0.07039898756004163,0.1230951254848448,-74.85354513068796,0.10469039609763388,0.22565692487676772,-115.54692052776352
1.336,post_correction,0.06818844918109708,0.12109474631681443,-77.58835663677743,0.10232296465380042,0.22377170991676307,-118.69158177137695
1.34,post_correction,0.06606818325597386,0.11915022269333052,-80.34433038925285,0.10000506739146096,0.22191964149974694,-121.90839653260988
1.344,post_correction,0.06404703889390684,0.11726428513521,-83.09087689355461,0.09774033396343297,0.22010165562967257,-125.19020214522486
1.348,post_correction,0.062134566327962354,0.11543975470118342,-85.78990974502415,0.09553264606744798,0.2183186998351586,-128.52784762291748
1.352,post_correction,0.06034096935872775,0.11367953560251026,-88.39527573162461,0.09338614515250486,0.2165717321916909,-131.90991751294266
1.356,post_correction,0.05867701346094297,0.11198660566893177,-90.85259978930783,0.0913052370520486,0.2148617202263774,-135.32244936168925
1.36,post_correction,0.05715387935025069,0.11036400446012679,-93.09976105697663,0.08929459252388852,0.21318963970064186,-138.7486561894645
1.364,post_correction,0.05578295346746594,0.10881481884331709,-95.0682279789662,0.08735914252026501,0.21155647326679491,-142.16866965895343
1.368,post_correction,0.05457555080566565,0.10734216589860524,-96.68544671373563,0.08550406687163846,0.20996320899509618,-145.55932445915107
1.372,post_correction,0.05354257224419646,0.10594917307082655,-97.87837720536578,0.08373477496530728,0.20841083876872557,-148.89400951405636
1.3760000000000001,post_correction,0.05269410799491392,0.10463895556129758,-98.57809448334798,0.08205687696187304,0.20690035654501707,-152.1426164453607
1.3800000000000001,post_correction,0.0520390099631781,0.10341459104501868,-98.72513162374352,0.0804761441515763,0.205432756482382,-155.27161949440656
1.3840000000000001,post_correction,0.05158446676966554,0.1022790919074435,-98.27498142830304,0.07899845724500255,0.204009030933558,-158.24432279842227
1.3880000000000001,post_correction,0.051335623000709735,0.1012353753170281,-97.20297407441316,0.07762974175445825,0.2026301683071654,-161.02130926582456
1.3920000000000001,post_correction,0.05129528596509224,0.10028623158067376,-95.50769567581926,0.07637589018219518,0.20129715080102625,-163.56111898772062
1.3960000000000001,post_correction,0.0514637568696285,0.09943429136217742,-93.21226706023648,0.07524267150233609,0.20001095201229624,-165.82117303754484
1.4000000000000001,post_correction,0.051838809036093024,0.09868199247040967,-90.3631551444437,0.07423562939113469,0.1987725344311611,-167.75894009581708
1.4040000000000001,post_correction,0.09371215132669702,0.15738090094891932,-67.94076191919002,0.13148546965459382,0.2628399431677968,-99.90037215386997
1.408,post_correction,0.09113022129380402,0.155220575897066,-70.32832104800289,0.12896639398549317,0.26081043728529146,-102.23131718688576
1.412,post_correction,0.0885937779532887,0.1530981213168717,-72.80911239341557,0.12648158281161576,0.25880807415853646,-104.62115385131642
1.416,post_correction,0.08610676925316386,0.15101510807683355,-75.38122657096989,0.12403314386150484,0.2568335517342154,-107.06848487287822
1.42,post_correction,0.08367352740214466,0.14897316337211616,-78.04097424521603,0.12162331835278163,0.2548875776885864,-109.57130683546829
1.424,post_correction,0.08129880005475061,0.14697397025895229,-80.78245947046301,0.11925448770895897,0.2529708690576768,-112.12691775176894
1.428,post_correction,0.07898778044211613,0.14501926672305987,-83.59709047570082,0.11692917995921147,0.2510841518136962,-114.73181621668957
1.432,post_correction,0.07674613481571592,0.1431108442185461,-86.47303158939043,0.11465007562340536,0.24922816038484158,-117.38159266766559
1.436,post_correction,0.07458002501135395,0.14125054561107725,-89.39460745631752,0.11242001284224079,0.2474036371157377,-120.07081378199065
1.44,post_correction,0.07249612328588928,0.13944026245746063,-92.34168137181126,0.11024199146530164,0.2456113316658675,-122.79290168952814
1.444,post_correction,0.07050161585445418,0.1376819315535413,-95.28904392457665,0.10811917575894653,0.24385200034348717,-125.54001048542878
1.448,post_correction,0.06860419081652189,0.13597753068381027,-98.20586623851399,0.10605489534278703,0.24212640537270996,-128.30290350117005
1.452,post_correction,0.06681200550195524,0.1343290735097345,-101.05529313261431,0.10405264391027427,0.24043531409166596,-131.07083593089277
1.456,post_correction,0.06513362784207018,0.13273860353993602,-103.79427330807975,0.10211607523899734,0.23877949807992238,-133.8314486931381
1.46,post_correction,0.06357794638067092,0.1312081871343362,-106.37374216010593,0.10024899595421198,0.23715973221366934,-136.5706807896514
1.464,post_correction,0.06215404423636691,0.12973990550657463,-108.73928173231019,0.09845535448073539,0.23557679364755088,-139.27270882321167
1.468,post_correction,0.06087103397187497,0.12833584570467252,-110.83237351277654,0.09673922561084305,0.23403146072244518,-141.91992363458994
1.472,post_correction,0.05973785312504961,0.1269980905691863,-112.5923245071101,0.09510479013753881,0.23252451179897746,-144.49295504748474
1.476,post_correction,0.0587630241636766,0.12572870769099326,-113.95887887048265,0.09355630906259423,0.23105672401708127,-146.9707562559911
1.48,post_correction,0.057954387628617404,0.1245297374171868,-114.87542619757582,0.0920980919960973,0.2296288719825081,-149.33075919991776
1.484,post_correction,0.05731882265795346,0.12340317998291173,-115.29259370750268,0.09073445952672839,0.2282417263818203,-151.549111079
1.488,post_correction,0.056861974002892626,0.12235098187868579,-115.1718859997046,0.08946969956468545,0.22689605252808695,-153.6009997038651
1.492,post_correction,0.05658800788160743,0.12137502159587747,-114.48894587315469,0.08830801794262483,0.22559260884022697,-155.46107148141203
1.496,post_correction,0.056499419443050515,0.12047709492633488,-113.23598740297089,0.08725348389819094,0.22433214525971173,-157.1039404242779
1.5,post_correction,0.05659691152853427,0.11965890002422157,-111.42302078425878,0.08630997144051686,0.22311540160913385,-158.50477979001604
1.504,post_correction,0.10099795688032692,0.17886894591395625,-77.10154882231838,0.1412462201152452,0.28537237933303083,-102.03894950264201
1.508,post_correction,0.09849626895498216,0.17685910167977367,-79.55918894816953,0.13885217757326687,0.2834144806841141,-104.11237737670147
1.512,post_correction,0.0960387617292535,0.17488475782441582,-82.09809734681923,0.13649483187841585,0.2814832328436891,-106.22263053477594
1.516,post_correction,0.09362885217927115,0.17294711259665724,-84.71561764477836,0.1341761141075475,0.2795792150648884,-108.36735131619218
1.52,post_correction,0.09127024549506244,0.17104739459478088,-87.40761971987273,0.1318980549770829,0.2777030125315645,-110.54367524965777
1.524,post_correction,0.0889669534691781,0.16918686179599937,-90.1682087547404,0.129662787589639,0.2758552160087137,-112.74817635553944
1.528,post_correction,0.08672331146660017,0.16736680032694512,-92.98940215331058,0.12747254964638918,0.274036421457054,-114.97681047192924
1.532,post_correction,0.0845439929500372,0.16558852295283175,-95.86077871988998,0.12532968498013436,0.27224722961045483,-117.2248575057122
1.536,post_correction,0.08243402026096217,0.1638533672631477,-98.7691086088432,0.12323664424454002,0.2704882455150005,-119.486863808355
1.54,post_correction,0.08039877005335043,0.16216269353245377,-101.6979779974831,0.12119598457541549,0.2687600780285716,-121.75658621869012
1.544,post_correction,0.0784439714592257,0.16051788223608723,-104.62742929776654,0.11921036802115607,0.26706333927994885,-124.02693969752156
1.548,post_correction,0.07657569475929182,0.15892033120240182,-107.53364589371637,0.11728255852270766,0.2653986440865855,-126.28995089257054
1.552,post_correction,0.07480032807892043,0.15737145238566483,-110.38871944468632,0.11541541721011558,0.26376660933035295,-128.53672040206004
1.556,post_correction,0.07312453948693581,0.15587266824694793,-113.1605468432326,0.11361189577469753,0.2621678532907529,-130.7573969284475
1.56,post_correction,0.0715552219159255,0.15442540773434785,-115.81291148225557,0.11187502767523025,0.2606029949352857,-132.9411668990225
1.564,post_correction,0.07009941863466947,0.15303110185868296,-118.30580743646496,0.11020791694564319,0.25907265316690264,-135.07626343639413
1.568,post_correction,0.06876422767456974,0.15169117886645272,-120.59606280221608,0.1086137243930849,0.2575774460287089,-137.14999873911702
1.572,post_correction,0.06755668471598886,0.1504070590183107,-122.63830685390838,0.10709565101138667,0.256117989866364,-139.1488239229555
1.576,post_correction,0.06648362550919412,0.14918014898853557,-124.38630241051644,0.1056569184881596,0.25469489844891413,-141.05842011420805
1.58,post_correction,0.06555153089832538,0.1480118359089216,-125.79462886762697,0.10430074675573903,0.2533087820491057,-142.86382401683778
1.584,post_correction,0.06476635979552951,0.14690348108902107,-126.82065435328212,0.10303032862773226,0.25196024648456367,-144.5495902424449
1.588,post_correction,0.06413337776176209,0.14585641345359865,-127.42668255430928,0.10184880167348716,0.2506498921215629,-146.0999913627958
1.592,post_correction,0.06365699083468702,0.14487192274729413,-127.58210975369052,0.10075921761013971,0.24937831284348874,-147.49925491520793
1.596,post_correction,0.06334059549451901,0.14395125256558644,-127.2653918734358,0.09976450963170155,0.24814609498645612,-148.7318344995947
1.6,post_correction,0.06318645580123552,0.14309559327992433,-126.46561112726043,0.09886745824040116,0.24695381624494198,-149.78270974101653
1.604,post_correction,0.10970450903026649,0.20259910642407178,-84.6771005266306,0.1512008733365116,0.30653709920821987,-102.73500572049808
1.608,post_correction,0.10729469727812009,0.2007283316964886,-87.08131602830089,0.14893088647348157,0.3046528828621459,-104.5599069984667
1.612,post_correction,0.10492786099235911,0.19889046765755064,-89.54972090018487,0.146698673321265,0.30279443982765225,-106.40571108952224
1.616,post_correction,0.10260692375755823,0.19708642482134847,-92.07906991445176,0.14450595413644643,0.300962253265833,-108.26979418554359
1.62,post_correction,0.10033501789084297,0.195317129391656,-94.66496692525284,0.1423545209879409,0.2991568099045989,-110.1491458286323
1.624,post_correction,0.09811549394937866,0.19358352235390833,-97.30168453698566,0.14024623824411933,0.29737859973655373,-112.04033951978253
1.6280000000000001,post_correction,0.0959519288289853,0.19188655843091962,-99.98197094392773,0.13818304253917335,0.2956281156929975,-113.93950390778974
1.6320000000000001,post_correction,0.09384813184564435,0.19022720489507114,-102.69684771983015,0.13616694212680477,0.29390585329348107,-115.84229527588475
1.6360000000000001,post_correction,0.09180814807107458,0.18860644023020057,-105.43540436540361,0.1342000155221248,0.29221231027039785,-117.7438721847409
1.6400000000000001,post_correction,0.08983625806831678,0.18702525263708591,-108.18459791019,0.1322844093264681,0.29054798616818084,-119.63887327880794
1.6440000000000001,post_correction,0.087936973051333,0.18548463837725881,-110.92906878769026,0.13042233512519855,0.2889133819167514,-121.52139941322922
1.6480000000000001,post_correction,0.08611502438572304,0.18398559995090635,-113.65098745929083,0.12861606534611625,0.2873089993789673,-123.38500140382581
1.6520000000000001,post_correction,0.0843753462718577,0.18252914410585125,-116.32994964872987,0.12686792796647595,0.28573534087191843,-125.22267483348683
1.6560000000000001,post_correction,0.08272305042761297,0.18111627967603172,-118.94294122352031,0.12518029996065877,0.2841929086620384,-127.0268634532379
1.6600000000000001,post_correction,0.08116339164011548,0.17974801524954756,-121.46439622257736,0.12355559938900411,0.28268220443412106,-128.789472781497
1.6640000000000001,post_correction,0.07970172321157959,0.17842535666818915,-123.86637261848605,0.1219962760420276,0.2812037287344724,-130.50189551490735
1.668,post_correction,0.0783434416100383,0.17714930436242368,-126.11886932948475,0.12050480057394507,0.27975798038856753,-132.1550503018345
1.672,post_correction,0.07709392007295209,0.17592085052805334,-128.19030393263665,0.11908365208573071,0.2783454558937434,-133.739435278116
1.676,post_correction,0.07595843151029688,0.17474097615317963,-130.04816276319747,0.11773530415123355,0.27696664878761845,-135.2451975083436
1.68,post_correction,0.07494206180504982,0.17361064790665837,-131.65982323555443,0.11646220932024015,0.2756220489931021,-136.6622191025199
1.684,post_correction,0.0740496154786469,0.17253081490190034,-132.9935324939691,0.1152667821794677,0.2743121421410375,-137.9802202805834
1.688,post_correction,0.07328551661231429,0.17150240535260153,-134.01950791977316,0.11415138110542501,0.2730374088717065,-139.1888790373387
1.692,post_correction,0.07265370879740671,0.17052632313972976,-134.71110554760352,0.11311828890045354,0.27179832411661536,-140.27796632939132
1.696,post_correction,0.07215755861127233,0.16960344431180138,-135.04598489188103,0.11216969256297324,0.2705953563621735,-141.23749488771975
1.7,post_correction,0.07179976755424562,0.16873461354307476,-135.00718636114476,0.11130766250231308,0.269428966897075,-142.0578788917394
1.704,post_correction,0.11979804581784609,0.2281810493452965,-90.47142863435992,0.16093593289441865,0.3256621925112787,-102.35517740151171
1.708,post_correction,0.11748981878403973,0.22643923386540069,-92.73094146278576,0.15878228427145016,0.3238508782368295,-103.95907498293843
1.712,post_correction,0.11522339718953091,0.2247277953377268,-95.0365991796546,0.15666655018947562,0.32206429092463507,-105.5731044917528
1.716,post_correction,0.11300125762833443,0.2230474288685969,-97.38490840713352,0.1545902456645089,0.3203028385034156,-107.19472766641142
1.72,post_correction,0.11082602299682649,0.22139883718770312,-99.77152585728253,0.1525549368801588,0.31856693102777894,-108.82112211028128
1.724,post_correction,0.10870046643297082,0.2197827299357945,-102.19115625536122,0.15056224055736667,0.3168569804251201,-110.4491665720081
1.728,post_correction,0.10662751406645922,0.21819982288183343,-104.63744727822593,0.14861382289185615,0.31517340022628465,-112.07542750288523
1.732,post_correction,0.10461024623968293,0.21665083706755575,-107.10288413925103,0.14671139800446578,0.31351660527975184,-113.69614736423453
1.736,post_correction,0.10265189681242645,0.21513649787770145,-109.57868734838443,0.14485672584770756,0.31188701144914227,-115.30723521739604
1.74,post_correction,0.10075585011835989,0.21365753403456275,-112.05471819608988,0.14305160951103033,0.310285035293908,-116.90426018588958
1.744,post_correction,0.0989256351024629,0.2122146765159379,-114.51939762240102,0.14129789186762862,0.30871109373312083,-118.48244843053219
1.748,post_correction,0.09716491614020738,0.21080865739607849,-116.95964528172397,0.13959745150750796,0.3071656036923359,-120.03668431999681
1.752,post_correction,0.09547748002755532,0.20944020860977638,-119.36084671414746,0.13795219790519872,0.3056489817335798,-121.56151650706063
1.756,post_correction,0.0938672186425214,0.2081100606403531,-121.70685746310185,0.13636406577629392,0.30416164366858145,-123.05116962965924
1.76,post_correction,0.09233810682185795,0.20681894113298724,-123.98005357851868,0.13483500858515393,0.3027040041554456,-124.4995623404996
1.764,post_correction,0.09089417507816824,0.20556757343554674,-126.1614380225799,0.13336699117692163,0.30127647627904947,-125.90033232389783
1.768,post_correction,0.0895394769105503,0.204356675069864,-128.23081183958197,0.13196198152059985,0.2998794711155309,-127.24686887845681
1.772,post_correction,0.08827805064094611,0.20318695613722013,-130.16701735252826,0.1306219415664583,0.2985133972813311,-128.53235352458177
1.776,post_correction,0.08711387594056158,0.20205911766265436,-131.94825793369674,0.12934881724042996,0.29717866046734465,-129.74980893327944
1.78,post_correction,0.0860508254929112,0.20097384988360423,-133.55249497305556,0.1281445276202525,0.29587566295883594,-130.89215626565274
1.784,post_correction,0.08509261256261752,0.19993183048927926,-134.95791757733897,0.1270109533625571,0.2946048031418762,-131.9522807618936
1.788,post_correction,0.08424273558491413,0.19893372281807875,-136.14347449289508,0.12594992447635717,0.2933664749971652,-132.92310512836778
1.792,post_correction,0.08350442123497614,0.1979801740212547,-137.0894511850469,0.12496320756568581,0.292161067582204,-133.7976699490785
1.796,post_correction,0.08288056774720348,0.19707181320189762,-137.77806856124863,0.12405249269151046,0.290988964502893,-134.56922000472372
1.8,post_correction,0.08237369049678564,0.19620924953914695,-138.19407429220786,0.12321938002937477,0.28985054337573946,-135.2312950338176
1.804,post_correction,0.1311738608434919,0.25518091547420924,-94.5364067454525,0.17011683960441648,0.3422359447558821,-101.1769943244332
1.808,post_correction,0.1289734590263632,0.25355914400174817,-96.59792481018802,0.16806922350341602,0.3404960060475784,-102.59271682816919
1.812,post_correction,0.12681364337209997,0.2519654100590597,-98.68951270466702,0.16605911038352045,0.3387797270662634,-104.01152715068598
1.816,post_correction,0.12469649448184258,0.25040024953781626,-100.80776975994121,0.16408783485308576,0.33708745792257566,-105.43110842091568
1.82,post_correction,0.1226241925099387,0.2488642015760617,-102.94869754668619,0.1621567681239778,0.3354195499711881,-106.84893628044026
1.824,post_correction,0.1205990179859566,0.24735780803293572,-105.1076469476226,0.1602673168984994,0.33377635559912944,-108.26227209538729
1.828,post_correction,0.11862335173443887,0.24588161292681684,-107.27926612398376,0.15842092191691423,0.33215822800268346,-109.66815745264245
1.832,post_correction,0.1166996737125292,0.24443616183650868,-109.45745095966393,0.15661905613336796,0.3305655209527844,-111.06341023489087
1.836,post_correction,0.1148305605701344,0.24302200126526569,-111.6352999224771,0.15486322248821707,0.32899858854884817,-112.44462259196523
1.84,post_correction,0.1130186817245628,0.2416396779676592,-113.80507565692365,0.15315495124568354,0.327457784961027,-113.80816114507167
1.844,post_correction,0.11126679373312423,0.24028973823949618,-115.95817599978321,0.15149579686748418,0.32594346416090714,-115.15016977402689
1.848,post_correction,0.10957773274476026,0.2389727271712398,-118.0851174644028,0.14988733439576074,0.32445597964071615,-116.4665753438689
1.852,post_correction,0.10795440481742713,0.23768918786563165,-120.1755345394312,0.14833115532238536,0.32299568412115126,-117.75309672411515
1.856,post_correction,0.10639977390384779,0.2364396606204834,-122.21819835270621,0.1468288629266391,0.3215629292479867,-119.0052574395069
1.86,post_correction,0.10491684733660979,0.2352246820778899,-124.2010583135492,0.14538206706945378,0.32015806527767027,-120.21840226327244
1.864,post_correction,0.10350865868646744,0.23404478434141132,-126.11131021448544,0.14399237843992532,0.318781440752172,-121.38771802090204
1.868,post_correction,0.10217824792678692,0.2329004940630814,-127.93549389294674,0.14266140225867438,0.3174334021634016,-122.50825881259021
1.872,post_correction,0.10092863891331591,0.2317923315024159,-129.6596228762128,0.14139073145281303,0.31611429360757165,-123.57497578479528
1.8760000000000001,post_correction,0.09976281428180325,0.2307208095599189,-131.26934742257205,0.14018193932869483,0.3148244564299393,-124.58275148537315
1.8800000000000001,post_correction,0.09868368797498359,0.22968643278791268,-132.7501510139532,0.13903657178111117,0.31356422886042185,-125.5264387229527
1.8840000000000001,post_correction,0.09769407573195091,0.22868969638184186,-134.0875786668083,0.13795613909092452,0.31233394564064404,-126.40090372113858
1.8880000000000001,post_correction,0.09679666400194044,0.22773108515552717,-135.26749346543795,0.136942107376978,0.3111339376430343,-127.20107321449072
1.8920000000000001,post_correction,0.09599397787409143,0.226811072504157,-136.2763555872736,0.13599588978210678,0.30996453148265457,-127.92198498004693
1.8960000000000001,post_correction,0.09528834873622818,0.22593011935910684,-137.1015159308866,0.13511883748672177,0.3088260491225083,-128.55884114075275
1.9000000000000001,post_correction,0.09468188247921591,0.2250886731389616,-137.73151446199006,0.13431223065622763,0.30771880747313546,-129.10706342205143
1.9040000000000001,post_correction,0.14367490604734826,0.2831515478003057,-97.07794185506044,0.1784872143689343,0.35593208894057643,-99.41601430613531
1.9080000000000001,post_correction,0.1415848674880606,0.281641902159932,-98.92090670189876,0.17653489250194948,0.35426211541801383,-100.67540778891725
1.9120000000000001,post_correction,0.1395341056621456,0.2801582036186843,-100.78116550016259,0.17461939588758751,0.35261480367738846,-101.93335447362719
1.9160000000000001,post_correction,0.13752435832130397,0.2787008705612572,-102.65564149015448,0.1727419093972837,0.35099045980486876,-103.18778519324852
1.92,post_correction,0.1355574291831133,0.27727032226778936,-104.54085322999732,0.17090364443290318,0.34938939057735285,-104.43647748806389
1.924,post_correction,0.1336351872310382,0.27586697853402725,-106.43288960795064,0.1691058376453398,0.34781190328298156,-105.67705297816876
1.928,post_correction,0.13175956537679598,0.27449125927233753,-108.32738669664576,0.16734974938932354,0.34625830553330694,-106.90697583763294
1.932,post_correction,0.12993255839458964,0.2731435840936778,-110.21950731099543,0.16563666189538598,0.3447289050670989,-108.12355255313304
1.936,post_correction,0.12815622003319577,0.27182437187072717,-112.10392425768929,0.16396787714080527,0.3432240095458013,-109.32393315738433
1.94,post_correction,0.1264326592102267,0.27053404028248007,-113.97480838605783,0.16234471440269377,0.3417439263406734,-110.50511413200829
1.944,post_correction,0.12476403519366462,0.269273005340709,-115.8258226601366,0.1607685074782678,0.34028896231168426,-111.66394317474366
1.948,post_correction,0.12315255167958965,0.2680416808988136,-117.6501235607258,0.15924060155980252,0.33885942357825244,-112.79712602127694
1.952,post_correction,0.12160044968255594,0.26684047814368933,-119.44037118307517,0.15776234975487477,0.3374556152819611,-113.90123550155471
1.956,post_correction,0.12010999916693108,0.26566980507136817,-121.1887494080617,0.1563351092462642,0.336077841341407,-114.97272299340396
1.96,post_correction,0.11868348936430428,0.2645300659473063,-122.88699747891592,0.1549602370903514,0.33472640419937866,-116.00793241185639
1.964,post_correction,0.11732321774425301,0.26342166075232337,-124.52645419813068,0.15363908565800682,0.33340160456259416,-117.00311684015746
1.968,post_correction,0.1160314776336432,0.2623449846153214,-126.09811575755954,0.15237299772780585,0.33210374113426594,-117.95445786761064
1.972,post_correction,0.11481054451326872,0.2613004272340467,-127.59270791878184,0.15116330124786698,0.3308331103397978,-118.85808765007113
1.976,post_correction,0.1136626610597296,0.26028837228528273,-129.00077286462746,0.15001130378962726,0.3295900060459594,-119.7101136512816
1.98,post_correction,0.11259002104432676,0.259309196825994,-130.3127705464269,0.14891828672432397,0.32837471927391987,-120.50664595799697
1.984,post_correction,0.1115947522482661,0.25836327068706516,-131.51919376305574,0.14788549916069663,0.32718753790656674,-121.24382699011981
1.988,post_correction,0.11067889860298909,0.2574509558614029,-132.61069554449827,0.14691415169027838,0.32602874639057233,-121.91786335049596
1.992,post_correction,0.10984440181387198,0.2565726058882858,-133.57822670202194,0.14600540999439646,0.3248986254337125,-122.52505947976982
1.996,post_correction,0.1090930827723085,0.255728565235958,-134.41318068689733,0.1451603883744012,0.32379745169798246,-123.06185270243023
2.0,post_correction,0.10842662310248051,0.2549191686845658,-135.10754221647795,0.14438014327342943,0.32272549748909357,-123.52484917396906
2.004,post_correction,0.15711228194672167,0.3116590187014055,-98.36706261264295,0.18585852441973605,0.3666021886075007,-97.24798190024356
2.008,post_correction,0.15513199162107966,0.3102543916450525,-99.9938171379052,0.18399128093390554,0.3650010557903877,-98.37953947475674
2.012,post_correction,0.15318958593356796,0.30887387872170097,-101.62850943121349,0.1821601116223393,0.36342170510696414,-99.50674265089532
2.016,post_correction,0.15128651216280092,0.30751781111216564,-103.26849149727417,0.18036608151188677,0.36186440929116387,-100.62774899687318
2.02,post_correction,0.14942426021071475,0.3061865196474762,-104.91084862370995,0.17861027520976558,0.36032944140640816,-101.74060030041711
2.024,post_correction,0.14760436130376725,0.30488033453429925,-106.55238899537713,0.17689379559471474,0.35881707469020235,-102.84322210615913
2.028,post_correction,0.14582838626354194,0.3035995850702397,-108.18963498750695,0.17521776230046357,0.35732758239238993,-103.93342415801675
2.032,post_correction,0.14409794330331363,0.3023445993492289,-109.81881657590341,0.1735833099800548,0.3558612376070862,-105.00890186272841
2.036,post_correction,0.14241467530741894,0.30111570395726267,-111.43586734110707,0.17199158634057424,0.35441831309833355,-106.06723889186162
2.04,post_correction,0.14078025655160667,0.29991322365879475,-113.03642357609552,0.17044374993917,0.3529990811195369,-107.10591103840382
2.044,post_correction,0.13919638882512667,0.2987374810741485,-114.61582703086813,0.1689409677329339,0.35160381322676504,-108.1222914400426
2.048,post_correction,0.13766479691934008,0.2975887963483585,-116.16913183892636,0.1674844123772735,0.3502327800860199,-109.11365727402111
2.052,post_correction,0.13618722345329592,0.2964674868119133,-117.69111616669674,0.1660752592698565,0.3488862512746024,-110.07719801761407
2.056,post_correction,0.13476542301417677,0.29537386663391874,-119.17629910370009,0.1647146833400572,0.34756449507672676,-111.01002535346043
2.06,post_correction,0.13340115559990742,0.29430824646826553,-120.61896326516514,0.16340385558708412,0.34626777827356037,-111.90918477992774
2.064,post_correction,0.13209617936261508,0.29327093309343283,-122.01318350652636,0.16214393937360125,0.3449963659278899,-112.77166896319962
2.068,post_correction,0.13085224266503573,0.29226222904662214,-123.35286204820687,0.16093608648564772,0.34375052116364324,-113.59443283983353
2.072,post_correction,0.129671075477293,0.2912824322529664,-124.63177017759334,0.1597814329739643,0.3425305049405214,-114.3744104462596
2.076,post_correction,0.12855438015853876,0.2903318356506174,-125.84359653289741,0.15868109479640113,0.3413365758240238,-115.1085334153904
2.08,post_correction,0.12750382168642777,0.2894107268125647,-126.9820017821248,0.15763616328581567,0.3401689897511744,-115.79375104074438
2.084,post_correction,0.12652101741685365,0.28851938756609385,-128.04067929322602,0.15664770047269772,0.339027999792287,-116.42705176599546
2.088,post_correction,0.12560752647622567,0.2876580936108365,-129.01342115456984,0.15571673429654836,0.33791385590913464,-117.00548591367735
2.092,post_correction,0.12476483890810852,0.28682711413641493,-129.89418865652374,0.1548442537446824,0.3368268047099142,-117.52618942211242
2.096,post_correction,0.12399436471447571,0.28602671144072495,-130.67718609580712,0.1540312039614667,0.33576708920142523,-117.98640831595564
2.1,post_correction,0.12329742294824288,0.28525714054993784,-131.35693652711748,0.15327848137491384,0.33473494853890945,-118.38352359465213
2.104,post_correction,0.17128265237727178,0.3403021993740761,-98.67873053747283,0.1920958789823251,0.374245182784907,-94.82207779134168
2.108,post_correction,0.1694091736035226,0.33899615282624773,-100.10495631105472,0.1903043317783054,0.3727119003808591,-95.85045537221347
2.112,post_correction,0.16757214102289042,0.33771263067407814,-101.5326823495956,0.18854815803135047,0.3711996615902493,-96.87260032979417
2.116,post_correction,0.1657727602142872,0.33645189876620857,-102.95970117846377,0.1868283296580243,0.3697087140515587,-97.88685941167685
2.12,post_correction,0.16401226355427215,0.33521422196022616,-104.38363247715483,0.18514583333215504,0.36823930548728356,-98.89148940589739
2.124,post_correction,0.1622919087961322,0.3339998639223936,-105.80191976296086,0.1835016692023565,0.36679168356626995,-99.88465781299806
2.128,post_correction,0.16061297736585753,0.33280908692201483,-107.21182832188882,0.1818968494418402,0.36536609576104917,-100.86444426178558
2.132,post_correction,0.15897677235520744,0.33164215162063254,-108.61044459981407,0.18033239662349868,0.36396278920021835,-101.82884274538125
2.136,post_correction,0.15738461619319458,0.3304993168562819,-109.9946772755627,0.17880934191422265,0.3625820105159225,-102.77576475274886
2.14,post_correction,0.15583784797898328,0.32938083942304985,-111.36126024242265,0.17732872308362746,0.36122400568650986,-103.70304336774488
2.144,post_correction,0.1543378204614704,0.32828697384621164,-112.7067577244728,0.17589158232381408,0.3598890198744523,-104.60843840264134
2.148,post_correction,0.15288589665375066,0.32721797215324994,-114.02757174804619,0.17449896387849106,0.3585772972596337,-105.48964262579919
2.152,post_correction,0.15148344607430506,0.3261740836410793,-115.31995217555699,0.17315191148173797,0.35728908086813677,-106.34428913354469
2.156,post_correction,0.15013184061112694,0.3251555546398334,-116.58000948783058,0.17185146560889156,0.3560246123966639,-107.16995990416696
2.16,post_correction,0.14883245001013296,0.3241626282735921,-117.80373047109158,0.17059866054448664,0.35478413203276105,-107.96419555723578
2.164,post_correction,0.14758663699507665,0.3231955442184558,-118.98699692522793,0.1693945212748509,0.35356787827102043,-108.72450632410904
2.168,post_correction,0.14639575203276964,0.32225453845839674,-120.12560746042848,0.16824006021582483,0.35237608772546486,-109.44838421563999
2.172,post_correction,0.14526112776463054,0.32133984303934365,-121.21530238978794,0.1671362737891136,0.35120899493833424,-110.13331635086995
2.176,post_correction,0.14418407313334197,0.3204516858219796,-122.25179165636737,0.16608413886392925,0.3500668321855142,-110.77679938619531
2.18,post_correction,0.14316586724153674,0.31959029023375324,-123.23078565547253,0.16508460908380101,0.3489498292788668,-111.37635495852389
2.184,post_correction,0.14220775298778945,0.3187558750206308,-124.14802872808242,0.16413861110164676,0.34785821336574624,-111.92954602882969
2.188,post_correction,0.14131093053353222,0.3179486539991287,-124.99933501158384,0.16324704074934313,0.34679220872599753,-112.43399398490655
2.192,post_correction,0.14047655066258932,0.31716883580919336,-125.78062624202761,0.16241075917101783,0.3457520365667607,-112.88739633479902
2.196,post_correction,0.1397057081025556,0.3164166236685042,-126.4879710113406,0.16163058895203541,0.3447379148154191,-113.28754479619052
2.2,post_correction,0.13899943488393038,0.31569221512879686,-127.11762489711661,0.16090731027806435,0.34375005791105195,-113.63234356289753
2.204,post_correction,0.1859809714589013,0.36872450662951156,-98.25926477160786,0.1971030216258886,0.37896473319479573,-92.2673382014862
2.208,post_correction,0.18420985846970497,0.3675111810113751,-99.50679299382651,0.19537863777703646,0.377498187713309,-93.21364505781078
2.212,post_correction,0.18247375225684032,0.36631901020545293,-100.7516180682479,0.1936890576907114,0.3760520969376414,-94.15247377481327
2.216,post_correction,0.18077365997285721,0.36514821057386,-101.9919332433089,0.19203518358837432,0.3746266899781052,-95.08231928015553
2.22,post_correction,0.1791106050240818,0.3639989971782128,-103.22582078781565,0.19041792908252164,0.3732221958611797,-96.00160429191307
2.224,post_correction,0.17748562574268759,0.36287158363164546,-104.45125182009043,0.18883821793238387,0.3718388434049403,-96.90868060303467
2.228,post_correction,0.17589977387509162,0.36176618194801274,-105.6660869870742,0.1872969826596767,0.3704768610904218,-97.80183099029819
2.232,post_correction,0.17435411287831665,0.36068300238844425,-106.86807809355679,0.18579516302005097,0.369136476928969,-98.67927180059681
2.236,post_correction,0.172849716017016,0.35962225330541936,-108.05487078151565,0.18433370432680243,0.367817918325641,-99.53915626495639
2.24,post_correction,0.17138766425518062,0.3585841409845508,-109.22400835724777,0.18291355562448944,0.3665214119387489,-100.37957858694485
2.244,post_correction,0.1699690439381559,0.3575688694842757,-110.372936859243,0.18153566771136392,0.36524718353562063,-101.19857884696924
2.248,post_correction,0.16859494426249325,0.35657664047366816,-111.49901145226369,0.1802009910109542,0.3639954578447005,-101.99414875724723
2.2520000000000002,post_correction,0.1672664545333644,0.35560765306859693,-112.59950422256628,0.1789104732947446,0.3627664584041032,-102.76423829390164
2.2560000000000002,post_correction,0.16598466121176908,0.3546621036664704,-113.6716134354005,0.17766505725967072,0.3615604074067621,-103.50676322261538
2.2600000000000002,post_correction,0.16475064475656126,0.35374018577981736,-114.71247429866554,0.17646567796607618,0.3603775255423205,-104.21961352257951
2.2640000000000002,post_correction,0.16356547626938397,0.35284208986896826,-115.71917125583114,0.17531326014384926,0.35921803183593387,-104.90066270012078
2.2680000000000002,post_correction,0.1624302139539212,0.35196800317411325,-116.68875180695188,0.1742087153766357,0.3580821434841658,-105.54777796851292
2.2720000000000002,post_correction,0.16134589940438274,0.3511181095470222,-117.61824182901086,0.1731529391763006,0.35697007568817435,-106.15883125420996
2.2760000000000002,post_correction,0.16031355374180845,0.35029258928272433,-118.50466233621452,0.1721468079621322,0.35588204148440294,-106.73171097235083
2.2800000000000002,post_correction,0.15933417362052463,0.3494916189514555,-119.34504758772961,0.17119117596161337,0.3548182515730054,-107.26433449617005
2.2840000000000003,post_correction,0.15840872713083848,0.3487153712311885,-120.13646441535086,0.17028687205188234,0.35377891414424817,-107.75466122629828
2.2880000000000003,post_correction,0.15753814962772938,0.34796401474107225,-120.87603260754858,0.16943469656321267,0.35276423470315066,-108.20070614730405
2.2920000000000003,post_correction,0.1567233395187849,0.3472377138761108,-121.56094615026424,0.16863541806790044,0.35177441589263886,-108.60055374073205
2.2960000000000003,post_correction,0.15596515404783126,0.3465366286434222,-122.18849508983698,0.16788977017980886,0.3508096573155005,-108.95237210688039
2.3000000000000003,post_correction,0.15526440511351844,0.34586091450042117,-122.75608775079641,0.16719844839141165,0.3498701553554461,-109.2544271322422
2.3040000000000003,post_correction,0.20100902045714747,0.3966188470354065,-97.31395443517448,0.20080819680995457,0.3809235555485422,-89.69522240620948
2.308,post_correction,0.19933500137014712,0.3954929258256502,-98.40616204238789,0.19914323461568997,0.379522261115068,-90.5775317185525
2.312,post_correction,0.19769459176162368,0.3943869861470845,-99.49305776792757,0.19751269874198799,0.37814098580430966,-91.45148044292458
2.316,post_correction,0.19608863740281046,0.3933012065094165,-100.57317533472722,0.19591744278208018,0.37677994580560936,-92.31567156820404
2.32,post_correction,0.19451799337780842,0.3922357639971541,-101.64497750875026,0.19435832938455885,0.37543935712319837,-93.16864798747639
2.324,post_correction,0.19298352292550344,0.3911908341587152,-102.70685715988552,0.19283622903856343,0.3741194354616258,-94.00889414136454
2.328,post_correction,0.1914860961627915,0.39016659089412686,-103.75713887990466,0.19135201873760763,0.3728203961077886,-94.83483820414791
2.332,post_correction,0.19002658868610067,0.38916320634143314,-104.7940812031733,0.18990658051934411,0.3715424538096271,-95.64485485103098
2.336,post_correction,0.18860588004899176,0.3881808507619422,-105.81587947369901,0.18850079987942134,0.3702858226515581,-96.43726864205327
2.34,post_correction,0.18722485211453713,0.38721969242445,-106.82066939893404,0.18713556405858003,0.36905071592673244,-97.21035805423205
2.344,post_correction,0.18588438728222564,0.3862798974885817,-107.80653132643054,0.18581176020326137,0.36783734600621126,-97.96236018852105
2.348,post_correction,0.18458536659032093,0.3853616298874051,-108.77149527389038,0.184530273401252,0.3666459242051726,-98.69147617199867
2.352,post_correction,0.18332866769590478,0.3844650512094678,-109.7135467362893,0.18329198459527407,0.36547666064626705,-99.39587726832347
2.356,post_correction,0.18211516273626296,0.3835903205804255,-110.63063328556366,0.18209776837892677,0.36432976412025675,-100.07371170091656
2.36,post_correction,0.18094571607681012,0.38273759454442974,-111.52067196880222,0.18094849068099295,0.36320544194408366,-100.7231121835686
2.364,post_correction,0.17982118195238123,0.3819070269454484,-112.38155750004019,0.17984500634581985,0.36210389981652563,-101.3422041422959
2.368,post_correction,0.17874240201043148,0.381098768808703,-113.2111712286724,0.17878815661924943,0.36102534167161243,-101.92911460039194
2.372,post_correction,0.17771020276645536,0.3803129682224064,-114.00739085431645,0.17777876655138372,0.3599699695299855,-102.48198168589651
2.376,post_correction,0.17672539298373185,0.3795497702199913,-114.76810084384994,0.17681764232929714,0.35893798334839905,-102.99896470733914
2.38,post_correction,0.17578876099130264,0.37880931666302714,-115.49120349154128,0.17590556855461495,0.35792958086757287,-103.47825472986281
2.384,post_correction,0.1749010719558471,0.37809174612502144,-116.17463054798705,0.1750433054826294,0.35694495745861793,-103.91808556999614
2.388,post_correction,0.17406306512480482,0.3773971937763087,-116.81635532828946,0.1742315862412826,0.35598430596827246,-104.31674511376583
2.392,post_correction,0.17327545105966743,0.37672579127023226,-117.414405194944,0.17347111404986454,0.3550478165631919,-104.67258684989643
2.396,post_correction,0.1725389088797746,0.3760776666308264,-117.96687429667122,0.17276255945861432,0.35413567657355444,-104.984041497943
2.4,post_correction,0.17185408353816145,0.37545294414220587,-118.47193643137017,0.17210655763152746,0.3532480703362504,-105.24962860075262
2.404,post_correction,0.21618121012020647,0.42372789595445964,-96.00588585790962,0.20315212260991033,0.38030100131027855,-87.20011212510285
2.408,post_correction,0.2145987509642587,0.4226846404034125,-96.96509812110249,0.20153968943139955,0.3789629269688597,-88.03389448402012
2.412,post_correction,0.21304858381008313,0.4216603698654865,-97.9174713695188,0.19996156323673078,0.3776445979838979,-88.85859455740074
2.416,post_correction,0.21153142406525016,0.42065523376766234,-98.86181716334717,0.19841856947556333,0.37634622311725946,-89.67288400071305
2.42,post_correction,0.21004799192150503,0.4196693800937225,-99.79690177212122,0.19691154110101042,0.3750680109268199,-90.47538241266413
2.424,post_correction,0.2085990113772614,0.4187029553001291,-100.72144759252218,0.19544131736399994,0.3738101696604607,-91.26465923490346
2.428,post_correction,0.20718520918321073,0.41775610423126813,-101.63413492603749,0.1940087424976133,0.37257290714718366,-92.03923614512736
2.432,post_correction,0.20580731371044036,0.41682897003415526,-102.53360413644522,0.19261466428975343,0.37135643068540974,-92.79758997309371
2.436,post_correction,0.20446605374099405,0.41592169407269763,-103.41845820507865,0.19125993254333176,0.37016094692854756,-93.53815616592047
2.44,post_correction,0.20316215718141847,0.41503441584161127,-104.28726569928888,0.189945397424102,0.36898666176792055,-94.25933282503436
2.444,post_correction,0.20189634970050344,0.4141672728800987,-105.13856416645552,0.18867190769732256,0.367833780213155,-94.95948533220609
2.448,post_correction,0.2006693532931466,0.4133204006853938,-105.9708639622699,0.18744030885558471,0.3667025062701429,-95.63695157623356
2.452,post_correction,0.19948188477304513,0.4124939326262839,-106.78265251784002,0.18625144114139877,0.36559304281670146,-96.29004778499929
2.456,post_correction,0.19833465419773955,0.4116879998567236,-107.57239904543907,0.1851061374694759,0.3645055914760666,-96.91707495985851
2.46,post_correction,0.19722836323039442,0.41090273122965615,-108.33855967747182,0.1840052212550673,0.3634403524883635,-97.51632590064601
2.464,post_correction,0.19616370344359133,0.41013825321116176,-109.07958302749967,0.182949504156202,0.3623975245802142,-98.08609280012026
2.468,post_correction,0.19514135457132234,0.40939468979505755,-109.79391615600763,0.18193978373919656,0.361377304832649,-98.62467537648007
2.472,post_correction,0.1941619827162894,0.4086721624180695,-110.48001091708235,0.18097684107834994,0.36037988854750297,-99.13038950187247
2.476,post_correction,0.19322623852053264,0.4079707898757047,-111.13633065540051,0.18006143830227697,0.3594054691124872,-99.60157627372587
2.48,post_correction,0.1923347553083017,0.4072906882389537,-111.76135721601112,0.17919431610083492,0.35845423786513847,-100.0366114645242
2.484,post_correction,0.19148814721094273,0.4066319707719497,-112.3535982224556,0.17837619120803247,0.3575263839558588,-100.43391527453974
2.488,post_correction,0.19068700728437765,0.4059947478507169,-112.91159457195943,0.17760775387764102,0.35662209421027047,-100.7919623013517
2.492,post_correction,0.18993190563048132,0.4053791268831396,-113.43392808990072,0.176889665369426,0.35574155299111854,-101.10929162999349
2.496,post_correction,0.18922338753430865,0.40478521223028413,-113.91922927967418,0.1762225554649398,0.3548849420599662,-101.3845169386231
2.5,post_correction,0.18856197162965393,0.4042131051292051,-114.36618509860611,0.17560702003263964,0.35405244043893586,-101.6163365070081
2.504,post_correction,0.23132953482131655,0.4498423921431838,-94.45955852141874,0.20407999200487803,0.3772571118741382,-84.8574709200894
2.508,post_correction,0.2298333658706192,0.448877785096694,-95.30575266838417,0.20251449721261644,0.3759796740154866,-85.65568351422866
2.512,post_correction,0.22836828649423385,0.4479313324458656,-96.14428050506721,0.20098355235591248,0.3747218967715756,-86.444060909023
2.516,post_correction,0.22693490751724685,0.44700316148579655,-96.97417483109103,0.19948797757648967,0.37348398814329514,-87.2213015945235
2.52,post_correction,0.2255338416199581,0.44609339811977683,-97.79443959079036,0.19802859965736286,0.37226615605103,-87.98605691053717
2.524,post_correction,0.22416570252393164,0.44520216679507213,-98.60405128101296,0.19660625079607036,0.371068608238538,-88.7369332033235
2.528,post_correction,0.22283110412791632,0.4443295904385222,-99.40196059139686,0.19522176727275584,0.3698915521744288,-89.47249445684587
2.532,post_correction,0.2215306595940346,0.4434757903920311,-100.18709428515288,0.19387598801216815,0.3687351949513268,-90.19126542281451
2.536,post_correction,0.22026498038500147,0.4426408863480146,-100.95835732685329,0.19256975303949572,0.3675997431828104,-90.8917352702926
2.54,post_correction,0.219034675253535,0.441824996284884,-101.71463526195875,0.19130390183090157,0.36648540289823356,-91.57236177136596
2.544,post_correction,0.2178403491855343,0.44102823640264066,-102.45479685079717,0.19007927156067098,0.3653923794355412,-92.2315760342718
2.548,post_correction,0.2166826022990505,0.44025072105865976,-103.17769695744,0.18889669524802186,0.36432087733220503,-92.86778778943209
2.552,post_correction,0.21556202870153696,0.43949256270374215,-103.88217969142195,0.18775699980784907,0.3632711002144136,-93.47939122705733
2.556,post_correction,0.21447921530834754,0.4387538718185179,-104.56708179752538,0.18666100401097097,0.36224325068466295,-94.06477137740681
2.56,post_correction,0.21343474062594409,0.4380347568502826,-105.23123628592506,0.1856095163608016,0.3612375302079056,-94.62231101648106
2.564,post_correction,0.21242917350377297,0.4373353241503514,-105.87347629189165,0.18460333289477246,0.36025413899642394,-95.15039807096868
2.568,post_correction,0.21146307185927002,0.43665567791201665,-106.49263915101626,0.1836432349202486,0.3592932758936094,-95.64743348680443
2.572,post_correction,0.21053698138094876,0.43599592010919325,-107.08757067258209,0.182729986696112,0.3583551382568354,-96.11183951586213
2.576,post_correction,0.20965143421500546,0.43535615043584286,-107.65712959033168,0.18186433307258001,0.3574399218396248,-96.54206836530973
2.58,post_correction,0.20880694764133562,0.4347364662462609,-108.20019216649861,0.1810469971031776,0.3565478206733252,-96.93661114419409
2.584,post_correction,0.208004022745288,0.4341369624963173,-108.71565692166496,0.18027867764404512,0.35567902694851183,-97.29400703215136
2.588,post_correction,0.20724314309187714,0.43355773168573675,-109.20244945982485,0.17956004695691505,0.3548337308963525,-97.6128525860176
2.592,post_correction,0.20652477340952463,0.4329988638015115,-109.65952735505685,0.17889174833309884,0.3540121206701757,-97.89181109181199
2.596,post_correction,0.20584935829069614,0.43246044626252916,-110.0858850634927,0.17827439375665624,0.3532143822274962,-98.12962186237034
2.6,post_correction,0.20521732091703884,0.4319425638655095,-110.4805588218972,0.17770856162554488,0.35244069921275745,-98.32510937508795
2.604,post_correction,0.24631014767259196,0.47480060900334303,-92.76534624731428,0.20354267630338285,0.3719047364914119,-82.7158526387279
2.608,post_correction,0.2448958971323331,0.473911696836225,-93.51557228422651,0.20202131639238333,0.37068519160644536,-83.48815769840269
2.612,post_correction,0.24351168978742455,0.4730402783960302,-94.25772898581356,0.20053532134808957,0.36948548707015527,-84.24957986767912
2.616,post_correction,0.24215805360678086,0.4721864649336101,-94.99102255766894,0.19908553692720615,0.36830584061292615,-84.99879313060993
2.62,post_correction,0.24083551654980098,0.4713503664221847,-95.7146409195493,0.19767281545651427,0.36714647031987024,-85.73442659374588
2.624,post_correction,0.2395446058902061,0.4705320915089783,-96.427754972969,0.1962980145409689,0.36600759455301796,-86.4550670106902
2.628,post_correction,0.2382858475068911,0.4697317474669719,-97.12952002043993,0.19496199566454214,0.36488943187188744,-87.1592617977341
2.632,post_correction,0.237059765142557,0.46894944014682405,-97.819077338923,0.19366562268341947,0.3637922009525524,-87.84552256196481
2.636,post_correction,0.2358668796311374,0.4681852739290171,-98.49555590899112,0.19240976021209164,0.36271612050533747,-88.51232915914379
2.64,post_correction,0.23470770809529246,0.46743935167628997,-99.15807430001718,0.19119527190392144,0.36166140919127987,-89.1581342937289
2.644,post_correction,0.2335827631155081,0.4667117746864126,-99.80574271039887,0.19002301862889942,0.3606282855375133,-89.78136866765234
2.648,post_correction,0.23249255187261914,0.46600264264536645,-100.43766516042444,0.1888938565525242,0.3596169678517366,-90.3804466778626
2.652,post_correction,0.23143757526585956,0.4653120535809896,-101.0529418338708,0.18780863512104576,0.3586276741359486,-90.95377265523874
2.656,post_correction,0.2304183270088284,0.46464010381714976,-101.65067156283418,0.18676819495967922,0.3576606219996372,-91.49974762932811
2.66,post_correction,0.22943529270605428,0.46398688792850906,-102.22995444861891,0.1857733656918146,0.35671602857263085,-92.0167765945515
2.664,post_correction,0.228488948913124,0.46335249869594236,-102.78989460979058,0.18482496368869936,0.3557941104178266,-92.50327624416069
2.668,post_correction,0.22757976218362908,0.4627370270626765,-103.32960304673499,0.18392378976052895,0.3548950834440303,-92.95768312848931
2.672,post_correction,0.2267081881064521,0.4621405620912119,-103.84820061029785,0.18307062680132186,0.35401916281915136,-93.37846218407942
2.676,post_correction,0.22587467033718053,0.4615631909210951,-104.34482106031815,0.18226623740135534,0.35316656288401366,-93.76411557030775
2.68,post_correction,0.22507963962767555,0.46100499872760603,-104.81861419815485,0.18151136144225857,0.35233749706705497,-94.11319174041824
2.684,post_correction,0.22432351285805077,0.4604660686814266,-105.26874905565694,0.18080671369107904,0.3515321778002031,-94.42429466464422
2.688,post_correction,0.22360669207550937,0.45994648190935594,-105.69441712148641,0.18015298141071512,0.35075081643623,-94.69609311465334
2.692,post_correction,0.22292956354466298,0.45944631745613856,-106.09483558428556,0.17955082200501843,0.3499936231678998,-94.92732991114767
2.696,post_correction,0.2222924968140875,0.4589656522474727,-106.46925057093802,0.17900086071757657,0.3492608069492413,-95.11683103038088
2.7,post_correction,0.22169584380397492,0.45850456105426113,-106.81694035711116,0.17850368840366418,0.34855257541928836,-95.26351446087742
2.704,post_correction,0.2610156527946662,0.49849348988379855,-90.9822206241208,0.20152363239513832,0.3642939615054414,-80.76984677963252
2.708,post_correction,0.25968085732506546,0.49767912995858904,-91.6502953221539,0.2000507111528692,0.363130968268753,-81.51945882924939
2.712,post_correction,0.2583752786616532,0.4968818052464528,-92.31011876222412,0.19861503030163488,0.3619884649982795,-82.25632997086417
2.716,post_correction,0.25709938129168414,0.4961016174332043,-92.96103123265301,0.19721751421222508,0.36086670062658294,-82.97903310872053
2.72,post_correction,0.2558536285676615,0.49533866713980224,-93.60236159746628,0.1958590950866949,0.35976592571386334,-83.68609614713927
2.724,post_correction,0.254638482143807,0.4945930538892976,-94.23342839829539,0.19454071153559355,0.35868639242245604,-84.37600520281333
2.728,post_correction,0.25345440139064734,0.4938648760742188,-94.85354105688961,0.19326330703645647,0.35762835449217845,-85.04720837914502
2.732,post_correction,0.25230184278858003,0.4931542309244447,-95.46200117836254,0.1920278282737643,0.35659206721678405,-85.69812012267768
2.736,post_correction,0.25118125930145596,0.4924612144756202,-96.0581039545595,0.1908352233617407,0.35557778742180846,-86.32712617617106
2.74,post_correction,0.2500930997313778,0.49178592153816897,-96.64113966614464,0.18968643995264775,0.35458577344411224,-86.93258913638161
2.744,post_correction,0.2490378080560986,0.49112844566696184,-97.21039528115729,0.18858242323463298,0.3536162851134505,-87.51285461714717
2.748,post_correction,0.24801582275057726,0.49048887913169614,-97.76515614689932,0.18752411382467823,0.3526695837364203,-88.06625800996528
2.7520000000000002,post_correction,0.24702757609442874,0.4898673128880466,-98.30470777108299,0.18651244556378285,0.35174593208316973,-88.59113182497032
2.7560000000000002,post_correction,0.24607349346718652,0.48926383654964833,-98.8283376872084,0.18554834322316074,0.3508455943772723,-89.08581358514584
2.7600000000000002,post_correction,0.24515399263346876,0.48867853836097136,-99.33533739815434,0.18463272013192475,0.3499688362892045,-89.54865423590299
2.7640000000000002,post_correction,0.24426948302031434,0.48811150517115176,-99.82500439097365,0.18376647573844487,0.34911592493389165,-89.97802702098338
2.7680000000000002,post_correction,0.24342036498911807,0.4875628224088416,-100.29664421489045,0.1829504931192648,0.3482871288728198,-90.37233676422649
2.7720000000000002,post_correction,0.2426070291047526,0.48703257405814276,-100.74957261351747,0.18218563645112104,0.34748271812124276,-90.73002948532093
2.7760000000000002,post_correction,0.2418298554046105,0.4865208426356909,-101.18311770136192,0.18147274846318273,0.3467029641610501,-91.04960226652949
2.7800000000000002,post_correction,0.24108921267043362,0.48602770916895766,-101.5966221737811,0.18081264788809173,0.34594813995989765,-91.32961327683853
2.7840000000000003,post_correction,0.2403854577059151,0.4855532531758375,-101.98944553869724,0.1802061269316837,0.3452185199972374,-91.56869185036646
2.7880000000000003,post_correction,0.23971893462316146,0.48509755264559035,-102.36096635760727,0.1796539487823784,0.3445143802979288,-91.76554850750989
2.7920000000000003,post_correction,0.2390899741411827,0.48466068402121026,-102.71058448273452,0.17915684518210442,0.3438359984741501,-91.9189848005289
2.7960000000000003,post_correction,0.23849889289964196,0.4842427221832926,-103.03772327658447,0.17871551408123057,0.3431836537763764,-92.02790286040363
2.8000000000000003,post_correction,0.23794599279113174,0.4838437404354711,-103.34183179970074,0.1783306174002865,0.3425576271542353,-92.09131451909894
2.8040000000000003,post_correction,0.275401991480855,0.5208842390943442,-89.13597403327215,0.19814980037187518,0.3544313948217903,-78.87042740220559
2.8080000000000003,post_correction,0.2741480988551096,0.5201467871077985,-89.7320423814801,0.19674984229407433,0.3533306076309237,-79.58368022619008
2.8120000000000003,post_correction,0.27292294496634656,0.5194262097363985,-90.319729182333,0.1953913761496812,0.3522520479065129,-80.28024309356789
2.816,post_correction,0.27172695107831435,0.5187226086498142,-90.89847605889977,0.19407552285577448,0.35119605321622643,-80.95844754065905
2.82,post_correction,0.2705605368324218,0.518036084915665,-91.46771771691269,0.19280341584270114,0.350162966887204,-81.61657839759685
2.824,post_correction,0.2694241197803373,0.5173667389901525,-92.02688289822156,0.19157619941730056,0.34915313818783916,-82.252878619487
2.828,post_correction,0.26831811490233337,0.516714670709979,-92.57539540260295,0.19039502698223865,0.3481669225226913,-82.8655548630326
2.832,post_correction,0.2672429341122603,0.5160799792856466,-93.11267517698252,0.18926105911327934,0.3472046816416634,-83.45278382588428
2.836,post_correction,0.26619898575014933,0.5154627632962318,-93.63813947061314,0.18817546149813616,0.34626678386467924,-84.01271935666753
2.84,post_correction,0.2651866740635662,0.5148631206857313,-94.15120405421152,0.1871394027425308,0.3453536043231901,-84.54350033292177
2.844,post_correction,0.264206398678958,0.5142811487610893,-94.65128450049451,0.18615405205123267,0.34446552521995394,-85.04325929212185
2.848,post_correction,0.2632585540643561,0.5137169441920089,-95.1377975229727,0.1852205767941296,0.34360293610864484,-85.51013178765515
2.852,post_correction,0.2623435289849198,0.513170603012667,-95.61016236926714,0.18434013996977114,0.3427662341949813,-85.94226642726296
2.856,post_correction,0.2614617059529222,0.5126422206254496,-96.06780226460928,0.1835138975812871,0.34195582466119856,-86.33783553625955
2.86,post_correction,0.2606134606738944,0.5121318918068364,-96.51014590058607,0.18274299594208665,0.34117212101583966,-86.6950463720979
2.864,post_correction,0.25979916149075577,0.5116397107155645,-96.93662896358876,0.18202856893123293,0.3404155454710058,-87.01215280092025
2.868,post_correction,0.2590191688278607,0.5111657709032137,-97.34669569684432,0.1813717352208205,0.33968652934937854,-87.2874673310091
2.872,post_correction,0.25827383463699066,0.5107101653273588,-97.73980048934216,0.1807735955000007,0.33898551352352374,-87.51937338300186
2.876,post_correction,0.25756350184741056,0.510272986367444,-98.11540948443356,0.18023522972244643,0.33831294889019164,-87.70633766282945
2.88,post_correction,0.2568885038221857,0.5098543258435447,-98.47300220038578,0.17975769440596504,0.3376692968825569,-87.84692249109743
2.884,post_correction,0.2562491638230275,0.5094542750381877,-98.8120731547169,0.17934202001459695,0.3370550300235906,-87.93979793255207
2.888,post_correction,0.25564579448599195,0.509072924721415,-99.13213348374072,0.1789892084548248,0.3364706325240242,-87.98375356185021
2.892,post_correction,0.2550786973104003,0.5087103651792837,-99.43271254841169,0.1787002307184141,0.3359166009286637,-87.9777096975227
2.896,post_correction,0.25454816216338044,0.5083666862460089,-99.713359517291,0.17847602470486218,0.33539344481513095,-87.92072793517005
2.9,post_correction,0.25405446680244653,0.5080419773399677,-99.973644917262,0.17831749325642973,0.3349016875494652,-87.8120208138297
2.904,post_correction,0.28955397625550333,0.5420655680277978,-87.2070883079421,0.1941231882681576,0.3424521089058083,-76.40968704509031
2.908,post_correction,0.28839109744151076,0.5414151200833766,-87.73641935780704,0.19288638984827672,0.34144867214711944,-77.02061426713462
2.912,post_correction,0.28725714708607836,0.5407819591412787,-88.25709460215104,0.1917019941707293,0.3404725830344887,-77.60513369060975
2.916,post_correction,0.28615253381589356,0.5401662082120238,-88.76862665125272,0.19057167012192747,0.33952447887750525,-78.16104495504395
2.92,post_correction,0.2850776652284541,0.5395679910584031,-89.27052409595359,0.18949711685082343,0.33860502037430723,-78.6861066814357
2.924,post_correction,0.2840329475426809,0.5389874322590807,-89.76229234042945,0.18848006205114243,0.33771489296153745,-79.178046360098
2.928,post_correction,0.28301878524329066,0.5384246572778073,-90.24343448261315,0.18752226007864095,0.33685480826785885,-79.63457145119332
2.932,post_correction,0.28203558072002405,0.5378797925386573,-90.71345224083944,0.1866254899159804,0.3360255056802736,-80.05338168518874
2.936,post_correction,0.281083733902932,0.5373529655077304,-91.17184692490852,0.185791553002248,0.33522775403341093,-80.43218252734816
2.94,post_correction,0.28016364189503185,0.5368443047817931,-91.61812044938048,0.1850222709489642,0.3344623534329565,-80.76869974491515
2.944,post_correction,0.27927569860376406,0.5363539401843768,-92.05177638651436,0.18431948316954563,0.33373013722552564,-81.06069498824773
2.948,post_correction,0.2784202943727877,0.5358820028698889,-92.47232105586949,0.1836850444545765,0.33303197412852836,-81.30598226840611
2.952,post_correction,0.27759781561577385,0.535428625436342,-92.87926464718099,0.18312082253080886,0.3323687705349637,-81.50244518426892
2.956,post_correction,0.27680864445396813,0.5349939420473544,-93.27212237272495,0.18262869564747664,0.3317414730096294,-81.64805472299997
2.96,post_correction,0.2760531583594107,0.5345780885641321,-93.65041564499394,0.18221055023915553,0.33115107099494967,-81.74088742957326
2.964,post_correction,0.27533172980581877,0.5341812026882081,-94.01367327512388,0.18186827871994388,0.33059859974654854,-81.77914371512372
2.968,post_correction,0.27464472592924666,0.5338034241157718,-94.36143268714687,0.18160377746904208,0.3300851435208353,-81.76116605124295
2.972,post_correction,0.2739925082007579,0.5334448947045103,-94.69324114280099,0.1814189450727732,0.3296118390392672,-81.68545677908605
2.976,post_correction,0.2733754321134493,0.5331057586539519,-95.0086569713097,0.18131568089259772,0.32917987925663,-81.55069524936432
2.98,post_correction,0.27279384688628316,0.5327861627004041,-95.30725079825622,0.18129588403263427,0.3287905174636767,-81.35575400293841
2.984,post_correction,0.27224809518728693,0.5324862563276692,-95.58860676742562,0.1813614527835302,0.32844507175782933,-81.09971370258901
2.988,post_correction,0.2717385128787901,0.5322061919948399,-95.85232374927742,0.18151428462216312,0.3281449299194154,-80.78187653521374
2.992,post_correction,0.27126542878747345,0.5319461253825954,-96.09801652954303,0.18175627684858808,0.3278915547351525,-80.40177782047236
2.996,post_correction,0.27082916450210825,0.5317062156595544,-96.32531697132471,0.1820893279428563,0.32768648981535253,-79.95919558678798
3.0,post_correction,0.27043003420196926,0.5314866257703973,-96.53387514400833,0.18251533972489467,0.32753136595668125,-79.45415790824443
3.004,post_correction,0.30387121842192916,0.5624341220798155,-85.0896327071254,0.19265388350368984,0.3296619037930683,-71.11614767254582
3.008,post_correction,0.3028321125237346,0.5619014871246479,-85.54884501577047,0.19193191918297653,0.3289372671129218,-71.38226331146748
3.012,post_correction,0.30182382441691374,0.561388076602234,-85.99859626282526,0.1912981044997738,0.3282605411498034,-71.59633756339261
3.016,post_correction,0.30084683411895125,0.560894110233899,-86.43842866969581,0.1907561431609747,0.3276338685341127,-71.75534329063785
3.02,post_correction,0.2999016257879143,0.5604198144950787,-86.86788143369346,0.19030986329893956,0.32705953526246767,-71.85632399342389
3.024,post_correction,0.29898868779801013,0.5599654231095447,-87.28649141663995,0.18996321990996715,0.3265399829736629,-71.89642454388073
3.028,post_correction,0.2981085128438216,0.559531177586142,-87.69379386333699,0.18972029771272134,0.3260778224640905,-71.87292366462799
3.032,post_correction,0.29726159807736413,0.5591173278021364,-88.08932314782979,0.18958531457826508,0.32567584858428344,-71.78326776457
3.036,post_correction,0.29644844528252884,0.5587241326377068,-88.47261354506931,0.18956262570863483,0.325337056676036,-71.62510566618327
3.04,post_correction,0.2956695610919267,0.5583518606666177,-88.84320002525398,0.1896567287675453,0.3250646607297386,-71.39632368549255
3.044,post_correction,0.2949254572516451,0.5580007909086573,-89.20061906780167,0.18987227019457695,0.32486211346444227,-71.09508046200253
3.048,post_correction,0.29421665093996263,0.5576712136500402,-89.54440949157488,0.19021405296273866,0.3247331285591077,-70.71984088511073
3.052,post_correction,0.2935436651466543,0.5573634313386687,-89.87411329766226,0.19068704606831038,0.3246817052928877,-70.26940842986053
3.056,post_correction,0.2929070291201481,0.5570777595619032,-90.18927652070596,0.1912963960710339,0.32471215588558416,-69.74295520183722
3.06,post_correction,0.29230727889047725,0.5568145281153533,-90.48945008447174,0.19204744103174576,0.32482913586707785,-69.14004900142515
3.064,post_correction,0.2917449578767119,0.5565740821721459,-90.77419065708335,0.19294572722319653,0.32503767784705584,-68.46067675344655
3.068,post_correction,0.29122061758833845,0.5563567835631683,-91.0430615010985,0.1939970290178783,0.3253432291042833,-67.70526371014707
3.072,post_correction,0.29073481843089694,0.5561630121799522,-91.2956333134015,0.19520737238404212,0.32575169346849003,-66.87468792296478
3.076,post_correction,0.29028813062707104,0.5559931675131244,-91.53148504972835,0.19658306244760548,0.32626947802813727,-65.97028958946888
3.08,post_correction,0.28988113526534515,0.5558476703407393,-91.7502047285483,0.19813071560317752,0.32690354526427867,-64.99387501280289
3.084,post_correction,0.2895144254892779,0.5557269645823042,-91.95139020901236,0.19985729668169244,0.3276614712845989,-63.94771505713742
3.088,post_correction,0.2891886078413714,0.5556315193359042,-92.13464993776125,0.2017701617046046,0.32855151091238144,-62.83453813819467
3.092,post_correction,0.2889043037763847,0.5555618311175168,-92.29960365960076,0.20387710677426613,0.32958267047196466,-61.65751794627949
3.096,post_correction,0.2886621513597015,0.5555184263233172,-92.44588308741812,0.20618642366518602,0.33076478920375085,-60.42025625356415
3.1,post_correction,0.28846280716691,0.5555018639374834,-92.57313252729305,0.20870696268836975,0.33210863033534843,-59.1267613008367
3.104,post_correction,0.3197545501321449,0.5833607162418014,-82.440161055008,0.21081468473462261,0.32670394581010176,-54.972100838877836
3.108,post_correction,0.318952456344528,0.5830534067878101,-82.80260747012525,0.21238636817512477,0.32753674848306813,-54.21740636997722
3.112,post_correction,0.31818981356576514,0.5827737215520856,-83.15285301602998,0.21421924520806782,0.3285641313375982,-53.37750397657736
3.116,post_correction,0.31746764209143574,0.5825224485073641,-83.49033768285223,0.21632929950792026,0.3298028937101304,-52.454103286205864
3.12,post_correction,0.31678701076720583,0.5823004306893323,-83.81449077697248,0.21873358117698588,0.331271584199632,-51.44980593153056
3.124,post_correction,0.31614904112735426,0.5821085713900735,-84.12473095421562,0.2214503077572404,0.3329906975922863,-50.36813493947336
3.128,post_correction,0.31555491188056073,0.5819478398357633,-84.42046627245458,0.22449897683544848,0.33498289207019305,-49.21354956362506
3.132,post_correction,0.31500586373519673,0.581819277366289,-84.7010942803857,0.2279004899360739,0.3372732272372527,-47.991444569451296
3.136,post_correction,0.3145032045362772,0.581724004119853,-84.96600216763531,0.23167728639064172,0.3398894226196815,-46.708133505404724
3.14,post_correction,0.314048314656248,0.5816632262022257,-85.21456701301022,0.23585348436067213,0.3428621348935967,-45.370816048358506
3.144,post_correction,0.31364265253781737,0.5816382432842507,-85.44615618378623,0.2404550239653971,0.34622524991138626,-43.98753005934702
3.148,post_correction,0.3132877602234305,0.5816504565169278,-85.6601279609859,0.24550980423339766,0.35001618229118925,-42.56708948309087
3.152,post_correction,0.31298526861493603,0.5817013765732061,-85.85583249570443,0.25104780095448687,0.35427617040454557,-41.11900962987254
3.156,post_correction,0.31273690207790217,0.5817926315088011,-86.03261324238534,0.2571011459011681,0.35905054735594083,-39.65342165140055
3.16,post_correction,0.31254448182365896,0.5819259739662646,-86.18980906999138,0.2637041385759077,0.3643889580491139,-38.18097812834437
3.164,post_correction,0.31240992724974037,0.5821032870075031,-86.32675732553466,0.27089314865679914,0.37034547741547663,-36.712751596636345
3.168,post_correction,0.3123352540720755,0.5823265875241622,-86.44279822148498,0.27870634946548506,0.3769785637152772,-35.26012752786681
3.172,post_correction,0.312322567611032,0.5825980257102905,-86.53728104459644,0.28718319870722087,0.38435075154871245,-33.834692725375106
3.176,post_correction,0.3123740489658978,0.5829198784491911,-86.60957284349477,0.29636355113049945,0.3925279497152996,-32.44811928389113
3.18,post_correction,0.3124919309984776,0.5832945336263781,-86.65907044787653,0.30628624791641545,0.4015781575990358,-31.112043172315467
3.184,post_correction,0.31267846003086514,0.5837244613023859,-86.68521689814041,0.316986980549481,0.41156935018242474,-29.837935131906672
3.188,post_correction,0.3129358379700952,0.5842121663646254,-86.68752360043014,0.32849517748318496,0.4225662099254098,-28.636959958731854
3.192,post_correction,0.31326613831440836,0.5847601158052342,-86.66559972030619,0.340829622357981,0.4346253156457555,-27.519818447370405
3.196,post_correction,0.31367118844513997,0.5853706323734802,-86.61919039333749,0.35399250797926224,0.44778836129686433,-26.496564532686914
3.2,post_correction,0.314152410308207,0.5860457455263017,-86.54822509601217,0.3679617054730743,0.4620730224090301,-25.576388938343598
3.204,post_correction,0.343572785298368,0.6112851811106131,-77.92014014723442,0.3735824593789063,0.45887082377591215,-22.82986319507632
3.208,post_correction,0.34356667821012604,0.611775226805374,-78.06593759107544,0.38892766904704956,0.4751994411438082,-22.181957973867398
3.212,post_correction,0.34363795983394424,0.6123350207306579,-78.19190319560617,0.40494690543234035,0.4925927098300108,-21.643776806763263
3.216,post_correction,0.3437849122683184,0.6129634488122083,-78.29853112745114,0.42142447812472145,0.5108513393417187,-21.2201392797433
3.22,post_correction,0.34400402746568354,0.613657655793433,-78.38676492084065,0.43807256564732794,0.5296860422423724,-20.912854120337276
3.224,post_correction,0.34428975280851143,0.6144127479863337,-78.45804093044282,0.45453659378065525,0.5487187802898444,-20.720484950577706
3.228,post_correction,0.34463440049733507,0.6152216457023241,-78.51428784082782,0.470414230802899,0.5674997416089902,-20.638302255522
3.232,post_correction,0.3450283024081695,0.6160751731673795,-78.55786579460391,0.4852889100676809,0.5855422587615992,-20.65848747294399
3.236,post_correction,0.34546025393646046,0.616962440425596,-78.59143950582292,0.4987738283671104,0.6023722588611433,-20.77062279574578
3.24,post_correction,0.34591821887714286,0.6178715026903798,-78.61779720536332,0.5105571491628592,0.6175823845358344,-20.962439865637034
3.244,post_correction,0.3463901861353636,0.6187901991523982,-78.63964509392456,0.5204367388438388,0.6308772161847306,-21.220730416964347
3.248,post_correction,0.3468650161548763,0.6197070134788668,-78.65941637716664,0.5283353446324779,0.6420979559160593,-21.532273477315304
3.2520000000000002,post_correction,0.3473331190336559,0.6206117935520363,-78.67912949928058,0.5342938167947561,0.6512220533491893,-21.88463217783223
3.2560000000000002,post_correction,0.3477868650018417,0.6214962200414982,-78.70031406683718,0.5384471672031861,0.6583416861166991,-22.266719228233978
3.2600000000000002,post_correction,0.3482207097663059,0.6223539932665597,-78.72400342995887,0.5409923201708049,0.6636304072473415,-22.669099450028536
3.2640000000000002,post_correction,0.3486310849087328,0.6231807779686416,-78.75077838563432,0.5421562288595033,0.6673078940809899,-23.084059272870388
3.2680000000000002,post_correction,0.34901613659260994,0.6239739833798716,-78.78084075757421,0.5421700379022362,0.6696098578242982,-23.50550768448069
3.2720000000000002,post_correction,0.34937539569373405,0.6247324603621918,-78.81409740422546,0.5412514179885244,0.6707662761985729,-23.928779473940235
3.2760000000000002,post_correction,0.3497094428344731,0.6254561807869388,-78.850240850655,0.5395945896239314,0.6709880283054228,-24.350399579259246
3.2800000000000002,post_correction,0.3500196069838294,0.6261459408579678,-78.88881890176377,0.5373662820745722,0.6704603490396551,-24.767848561553972
3.2840000000000003,post_correction,0.3503077151494096,0.6268031090763005,-78.9292904408237,0.5347056327788298,0.6693410441469849,-25.179351612299993
3.2880000000000003,post_correction,0.3505758963507855,0.6274294247000575,-78.97106767210627,0.5317263381666606,0.6677616117967315,-25.583700461238582
3.2920000000000003,post_correction,0.35082643509908173,0.6280268438823944,-79.01354660033662,0.5285198436107519,0.6658298772827337,-25.98010941914773
3.2960000000000003,post_correction,0.35106166623865315,0.6285974266405019,-79.05612805163946,0.5251588043168567,0.663633216202682,-26.368102514430326
3.3000000000000003,post_correction,0.3512839024094292,0.6291432566924605,-79.09823148092339,0.5217003859457859,0.6612418155827317,-26.747426951577257
3.3040000000000003,post_correction,0.37914387003972383,0.652148674815156,-72.00559638398713,0.5331371473957349,0.6605645583651905,-23.901431665737828
3.3080000000000003,post_correction,0.378845545873468,0.6524200284062539,-72.21266965196365,0.5298237059373854,0.6582740832191833,-24.24398452586005
3.3120000000000003,post_correction,0.37853897053649543,0.6526724027871329,-72.41881380459027,0.526477560989319,0.6558869418537457,-24.58022724107176
3.3160000000000003,post_correction,0.3782259268580212,0.6529075098149095,-72.62367898433324,0.5231222942564211,0.6534340076884284,-24.91037274892587
3.3200000000000003,post_correction,0.3779080955534899,0.6531269686859065,-72.82693236018848,0.5197762300448105,0.6509398966638239,-25.23464118543966
3.3240000000000003,post_correction,0.37758705444601204,0.6533323028539068,-73.02825802978401,0.5164535266968022,0.6484241941458426,-25.553251285379893
3.3280000000000003,post_correction,0.37726428055193906,0.6535249403313199,-73.2273565298073,0.5131650476982992,0.6459024466958544,-25.866414634613694
3.332,post_correction,0.37694115396529526,0.6537062162038516,-73.42394411623145,0.5099190541758158,0.6433869601678985,-26.17433196486595
3.336,post_correction,0.3766189627961171,0.6538773765283501,-73.61775192459626,0.5067217540858608,0.6408874402472537,-26.47719090004953
3.34,post_correction,0.3762989086497078,0.6540395830317713,-73.80852508413972,0.5035777371972163,0.638411505851197,-26.775164725198263
3.344,post_correction,0.37598211229994505,0.6541939182090355,-73.99602183391721,0.5004903194468563,0.6359651004735126,-27.068411867862608
3.348,post_correction,0.37566961932761744,0.6543413905466537,-74.18001267118959,0.4974618155624297,0.6335528218631952,-27.357075868607357
3.352,post_correction,0.3753624055775889,0.6544829396909374,-74.36027955006624,0.49449375497623493,0.6311781864609707,-27.64128568040353
3.356,post_correction,0.375061382346226,0.6546194414445606,-74.5366151400438,0.4915870529230739,0.6288438417428669,-27.92115618253917
3.36,post_correction,0.37476740125018293,0.6547517125207186,-74.70882214849497,0.48874214610843597,0.6265517369594544,-28.19678882787469
3.364,post_correction,0.37448125875453614,0.6548805150156385,-74.87671270751032,0.48595910034497625,0.6243032606198722,-28.468272366272625
3.368,post_correction,0.3742037003561545,0.655006560581742,-75.04010782317992,0.4832376959855668,0.622099351360953,-28.735683604354744
3.372,post_correction,0.3739354244297817,0.6551305142982158,-75.19883688399717,0.48057749574604575,0.6199405874828676,-28.99908817421328
3.376,post_correction,0.3736770857514935,0.6552529982452089,-75.35273722429206,0.47797789854051725,0.6178272593547653,-29.258541292656304
3.38,post_correction,0.3734292987183653,0.6553745947938245,-75.50165373823498,0.4754381821903255,0.6157594280398752,-29.514088498970576
3.384,post_correction,0.3731926402852799,0.6554958496275828,-75.64543853986555,0.4729575372697128,0.6137369728130913,-29.76576636373518
3.388,post_correction,0.372967652640531,0.6556172745128549,-75.78395066468237,0.4705350938811523,0.6117596297080357,-30.01360316443344
3.392,post_correction,0.3727548456416817,0.6557393498364592,-75.9170558085252,0.4681699427835616,0.609827022805394,-30.25761952584844
3.396,post_correction,0.37255469903238103,0.6558625269285331,-76.04462609973093,0.4658611520051974,0.6079386896365773,-30.497829024772336
3.4,post_correction,0.3723676644597335,0.6559872301882363,-76.16653990082762,0.4636077798430208,0.6060941018080213,-30.7342387595926
3.404,post_correction,0.39945259778438363,0.677115323813065,-69.51080743216448,0.48192045954431717,0.6106542061543899,-26.712654352089086
3.408,post_correction,0.39881791172994957,0.6770183433511815,-69.75625302647113,0.479575180816842,0.608834948262781,-26.952972675895317
3.412,post_correction,0.3981946978907312,0.6769233739645827,-69.99808825941162,0.47727355611408295,0.6070512671185593,-27.1914731796822
3.416,post_correction,0.39758335507733744,0.6768307582696023,-70.23619063175971,0.4750150022587629,0.6053028176760117,-27.42814748959758
3.42,post_correction,0.396984264760813,0.6767408208219038,-70.47043948445838,0.472798938137129,0.6035892252715376,-27.662982419066818
3.424,post_correction,0.3963977921016746,0.676653869314716,-70.70071599721646,0.47062478890367987,0.6019100932282125,-27.895960310624883
3.428,post_correction,0.3958242868879998,0.6765701956802387,-70.92690319724548,0.468491989238368,0.6002650091103194,-28.127059351895458
3.432,post_correction,0.39526408439090704,0.6764900771027531,-71.14888597713322,0.46639998583273,0.5986535498583679,-28.356253868555957
3.436,post_correction,0.3947175061450058,0.676413776951224,-71.36655112092559,0.4643482392489123,0.5970752859947404,-28.58351459682831
3.44,post_correction,0.39418486066069386,0.6763415456384729,-71.5797873375593,0.46233622526919727,0.5955297850570792,-28.808808937765892
3.444,post_correction,0.3936664440745377,0.6762736214133602,-71.7884853008485,0.4603634358322315,0.5940166143895,-29.032101195364103
3.448,post_correction,0.393162540743393,0.6762102310918255,-71.99253769528629,0.4584293796347187,0.5925353433995005,-29.253352800302387
3.452,post_correction,0.39267342378738973,0.6761515907320937,-72.19183926697094,0.4565335824631302,0.5910855453701862,-29.472522520930312
3.456,post_correction,0.39219935558643215,0.6760979062588631,-72.38628687901195,0.4546755873083655,0.5896667989023635,-29.689566662932716
3.46,post_correction,0.39174058823443086,0.6760493740408472,-72.57577957081034,0.4528549543067966,0.588278689048621,-29.904439258950582
3.464,post_correction,0.39129736395509246,0.6760061814256377,-72.76021862064476,0.4510712605433347,0.5869208081912202,-30.117092249293133
3.468,post_correction,0.3908699154827433,0.6759685072354925,-72.93950761102671,0.4493240997457704,0.5855927567070844,-30.32747565474797
3.472,post_correction,0.39045846641134524,0.675936522227313,-73.11355249631562,0.4476130818943828,0.584294143456078,-30.535537742381255
3.476,post_correction,0.3900632315145736,0.6759103895197899,-73.28226167211466,0.4459378327664921,0.5830245861228713,-30.741225185117315
3.48,post_correction,0.38968441703957485,0.6758902649904115,-73.44554604598692,0.44429799343207255,0.581783711437769,-30.944483215793824
3.484,post_correction,0.38932222097678143,0.6758762976447977,-73.603319109059,0.4426932197136079,0.5805711552977657,-31.14525577630381
3.488,post_correction,0.3889768333079597,0.6758686299605894,-73.75549700809367,0.4411231816209545,0.5793865628056726,-31.343485662361807
3.492,post_correction,0.38864843623446854,0.6758673982079328,-73.90199861763689,0.43958756276998007,0.5782295882422722,-31.539114664360604
3.496,post_correction,0.38833720438754304,0.6758727327484159,-74.04274561185883,0.4380860597920992,0.5770998949840608,-31.73208370472524
3.5,post_correction,0.3880433050222567,0.6758847583141462,-74.17766253572651,0.4366183817404654,0.5759971553771038,-31.922332972112
3.504,post_correction,0.41457579689402735,0.6952978429334227,-67.71308121278307,0.45694056980003056,0.5814847560952062,-27.25610167415853
3.508,post_correction,0.413857654703713,0.6951005904248427,-67.95644167134613,0.4552489147874508,0.5802956147085023,-27.467764526014097
3.512,post_correction,0.4131545274056217,0.6949098076492248,-68.19610135047243,0.4535854062699146,0.5791300319263898,-27.67827710527518
3.516,post_correction,0.4124666061314139,0.6947256112620256,-68.43196538453408,0.4519498857170274,0.5779877916962147,-27.887584434107275
3.52,post_correction,0.4117940772292632,0.694548113607835,-68.66393957899268,0.45034220278194687,0.5768686832011968,-28.095630309050406
3.524,post_correction,0.41113712235522815,0.6943774229004055,-68.89193048844999,0.44876221495282853,0.5757725007903648,-28.302357374469885
3.528,post_correction,0.41049591855515316,0.6942136433916111,-69.11584549611992,0.4472097872037538,0.5746990438896836,-28.507707195559266
3.532,post_correction,0.4098706383378683,0.6940568755301397,-69.33559289455822,0.44568479164691394,0.5736481168979839,-28.711620331089666
3.536,post_correction,0.4092614497404009,0.6939072161106441,-69.55108196748,0.4441871071874857,0.5726195290707697,-28.914036406075677
3.54,post_correction,0.4086685163858643,0.6937647584140354,-69.76222307249711,0.44271661918236177,0.5716130943945178,-29.114894184503516
3.544,post_correction,0.4080919975346419,0.6936295923395356,-69.96892772460089,0.44127321910366407,0.5706286314536879,-29.314131642245805
3.548,post_correction,0.40753204812944416,0.6935018045290646,-70.17110868021551,0.43985680420777507,0.569665963292331,-29.511686040268234
3.552,post_correction,0.4069888188347751,0.693381478484489,-70.36868002164462,0.43846727721046297,0.5687249172718862,-29.70749399821232
3.556,post_correction,0.40646245607131676,0.6932686946782228,-70.56155724173055,0.43710454596854154,0.5678053249265193,-29.901491568423143
3.56,post_correction,0.4059531020456993,0.6931635306576306,-70.74965732854511,0.43576852316839637,0.5669070218171389,-30.09361431047327
3.564,post_correction,0.40546089477610275,0.6930660611436489,-70.93289884992804,0.4344591260216165,0.5660298473850467,-30.283797366218494
3.568,post_correction,0.40498596811410537,0.6929763581240156,-71.11120203768851,0.43317627596789876,0.5651736448060215,-30.47197553540643
3.572,post_correction,0.4045284517631689,0.692894490941458,-71.2844888712829,0.4319198983853289,0.5643382608455085,-30.658083351845292
3.576,post_correction,0.40408847129413056,0.6928205263771798,-71.45268316078365,0.43068992230809433,0.5635235457154635,-30.84205516012667
3.58,post_correction,0.4036661481580464,0.692754528729945,-71.61571062895086,0.4294862801516463,0.5627293529333126,-31.023825192883884
3.584,post_correction,0.40326159969671427,0.6926965598910513,-71.77349899222138,0.42830890744529454,0.5619555391833994,-31.20332764855579
3.588,post_correction,0.40287493915118394,0.692646679415452,-71.92597804042795,0.42715774257219585,0.5612019641812181,-31.380496769613597
3.592,post_correction,0.4025062756685464,0.6926049445892764,-72.07307971506481,0.42603272651667606,0.5604684905406798,-31.555266921200147
3.596,post_correction,0.4021557143072763,0.6925714104939735,-72.21473818591532,0.4249338026188146,0.5597549836445935,-31.72757267011771
3.6,post_correction,0.4018233560413874,0.692546130067296,-72.35088992586196,0.42386091633620554,0.55906131151851,-31.897348864093857
3.604,post_correction,0.42784223790162973,0.7102496731034411,-66.00737612697861,0.4448504971728808,0.5642091104330681,-26.831174522392715
3.608,post_correction,0.42710109572737637,0.7100213688293876,-66.24199186850191,0.44350245310223463,0.5633861064653496,-27.03111392610038
3.612,post_correction,0.42637583907332316,0.7098009970987764,-66.4730812706095,0.4421766961045309,0.5625812249258926,-27.229958042134797
3.616,post_correction,0.4256666032723952,0.7095886150359844,-66.7005608569907,0.44087323070168144,0.5617943814402904,-27.42764638854444
3.62,post_correction,0.4249735210613767,0.7093842779815686,-66.92434771226979,0.43959206323924577,0.5610254931512957,-27.624117919062698
3.624,post_correction,0.42429672256050616,0.7091880395342995,-67.14435955445471,0.43833320172472234,0.560274478641106,-27.819311071253058
3.628,post_correction,0.42363633525157024,0.7089999515911978,-67.36051480810033,0.43709665566873523,0.5595412578552493,-28.01316381594826
3.632,post_correction,0.4229924839546614,0.708820064385693,-67.57273267807476,0.43588243592909975,0.5588257520281583,-28.205613707971573
3.636,post_correction,0.42236529080375146,0.7086484265240164,-67.7809332238155,0.4346905545577464,0.5581278836105007,-28.396597938121584
3.64,post_correction,0.4217548752212356,0.708485085019931,-67.98503743395693,0.4335210246504864,0.5574475761983206,-28.586053386394894
3.644,post_correction,0.42116135389159254,0.7083300853278983,-68.18496730120765,0.4323738601995977,0.556784754464033,-28.773916676415904
3.648,post_correction,0.4205848407343018,0.7081834713747709,-68.38064589735302,0.4312490759492123,0.5561393440892952,-28.960124231035127
3.652,post_correction,0.42002544687616045,0.7080452855901014,-68.57199744825465,0.43014668725348987,0.5555112716997833,-29.14461232905295
3.656,post_correction,0.4194832806231308,0.7079155689351428,-68.75894740871529,0.4290667099375609,0.5549004648018752,-29.327317163017835
3.66,post_correction,0.4189584474318504,0.7077943609306222,-68.94142253707751,0.4280091601612275,0.5543068517212494,-29.508174898043446
3.664,post_correction,0.41845104988093407,0.7076816996833539,-69.11935096941863,0.426974054285412,0.5537303615433949,-29.687121731582387
3.668,post_correction,0.4179611876421892,0.7075776219117639,-69.29266229320588,0.4259614087413466,0.5531709240560242,-29.86409395408919
3.672,post_correction,0.417488957451866,0.7074821629703845,-69.46128762027269,0.42497123990249897,0.5526284696933762,-30.039028010499155
3.676,post_correction,0.41703445308206,0.7073953568733818,-69.62515965897605,0.4240035639592344,0.5521029294823924,-30.211860562444244
3.68,post_correction,0.4165977653123811,0.7073172363171708,-69.78421278539433,0.42305839679621593,0.5515942349907481,-30.382528551122682
3.684,post_correction,0.4161789819019976,0.7072478327021701,-69.9383831134254,0.4221357538725487,0.5511023182767149,-30.550969260733066
3.688,post_correction,0.4157781875621655,0.7071871761537464,-70.08760856364322,0.4212356501046749,0.5506271118408285,-30.717120382379896
3.692,post_correction,0.4153954639293446,0.7071352955423972,-70.23182893077406,0.42035809975203325,0.5501685485793377,-30.880920078351977
3.696,post_correction,0.4150308895390035,0.707092218503213,-70.3709859496524,0.41950311630549525,0.5497265617394053,-31.04230704667215
3.7,post_correction,0.4146845398002097,0.7070579714546621,-70.50502335951916,0.41867071237859566,0.5493010848760304,-31.201220585811658
3.704,post_correction,0.4402250606353357,0.7230549665228994,-64.24666180507346,0.439855985385065,0.5536609364342031,-25.873230064042296
3.708,post_correction,0.4394829930814848,0.722822303634171,-64.47105235313441,0.4387242273161521,0.553085929034272,-26.06687631948552
3.712,post_correction,0.43875695359881073,0.7225981645649173,-64.69212821311648,0.437612138616702,0.5525264474975349,-26.25939701857416
3.716,post_correction,0.4380470529884891,0.7223825829811209,-64.90981460845565,0.43651977241630574,0.551982453372984,-26.450733335066975
3.72,post_correction,0.43735340008047374,0.7221755914828817,-65.12403730027026,0.43544718158572493,0.5514539081858959,-26.640826145141357
3.724,post_correction,0.4366761016953392,0.721977221617078,-65.33472265005885,0.434394418648411,0.5509407734067013,-26.829616071246146
3.728,post_correction,0.43601526260594925,0.7217875038895705,-65.541797682869,0.4333615356929439,0.5504430104208883,-27.017043527116783
3.732,post_correction,0.4353709854990233,0.7216064677769799,-65.74519015084866,0.4323485842864192,0.5499605804999308,-27.20304876391057
3.736,post_correction,0.43474337093667825,0.721434141738061,-65.94482859708519,0.4313556153888126,0.5494934447732364,-27.387571917416075
3.74,post_correction,0.43413251731802055,0.7212705532246962,-66.14064241963587,0.43038267926835216,0.5490415642011045,-27.570553056287416
3.744,post_correction,0.4335385208408621,0.7211157286925374,-66.33256193565221,0.42942982541793334,0.548604899548686,-27.75193223124827
3.748,post_correction,0.4329614754636341,0.720969693611307,-66.52051844549474,0.42849710247261213,0.5481834113609338,-27.931649525208073
3.7520000000000002,post_correction,0.43240147286757347,0.7208324724747907,-66.70444429673614,0.4275845581282154,0.5477770599385362,-28.10964510422753
3.7560000000000002,post_correction,0.431858602419253,0.7207040888105322,-66.88427294794624,0.4266922390611069,0.5473858053148193,-28.285859269267785
3.7600000000000002,post_correction,0.43133295113352904,0.7205845651892525,-67.05993903215128,0.42582019084915357,0.5470096072336093,-28.460232508652208
3.7640000000000002,post_correction,0.4308246036369775,0.7204739232340108,-67.23137841985886,0.42496845789393384,0.5466484251280432,-28.63270555116799
3.7680000000000002,post_correction,0.4303336421318889,0.720372183629124,-67.39852828153833,0.42413708334423444,0.5463022181003149,-28.803219419729405
3.7720000000000002,post_correction,0.4298601463608931,0.7202793661288583,-67.5613271494448,0.4233261090208827,0.5459709449023444,-28.971715485522218
3.7760000000000002,post_correction,0.4294041935722804,0.7201954895659121,-67.71971497867628,0.4225355753429621,0.5456545639173598,-29.138135522545035
3.7800000000000002,post_correction,0.4289658584860898,0.7201205718596987,-67.87363320735005,0.42176552125546063,0.5453530331423756,-29.302421762460476
3.7840000000000003,post_correction,0.42854521326102885,0.7200546300244486,-68.02302481578764,0.42101598415840263,0.5450663101715589,-29.46451694966615
3.7880000000000003,post_correction,0.42814232746228925,0.7199976801771404,-68.16783438459673,0.4202869998375143,0.5447943521804675,-29.624364396493004
3.7920000000000003,post_correction,0.4277572680303258,0.7199497375452721,-68.30800815153685,0.4195786023964751,0.544537115911146,-29.78190803843543
3.7960000000000003,post_correction,0.427390099250657,0.7199108164744868,-68.44349406706107,0.41889082419080753,0.544294557658072,-29.937092489317035
3.8000000000000003,post_correction,0.42704088272474955,0.7198809304360637,-68.57424184842394,0.41822369576345597,0.5440666332549307,-30.089863096291527
3.8040000000000003,post_correction,0.45215045812776206,0.7341853752020817,-62.37634221187195,0.4394232297847593,0.5474593801731915,-24.58589875672961
3.8080000000000003,post_correction,0.45141753218119335,0.7339610007305513,-62.5902736174519,0.43844473042173254,0.5470714438657087,-24.775463338215964
3.8120000000000003,post_correction,0.45070050665572964,0.733745399309114,-62.80110372043356,0.4374844595817119,0.546697565905887,-24.96388247221309
3.8160000000000003,post_correction,0.44999947750233343,0.7335385925523745,-63.008765393193336,0.4365424829587729,0.5463377228528641,-25.151100793198232
3.8200000000000003,post_correction,0.4493145389618771,0.7333406012825712,-63.21319202733227,0.4356188652311567,0.5459918906886313,-25.337062801195774
3.8240000000000003,post_correction,0.4486457835260537,0.7331514455339686,-63.41431758744994,0.43471366999989636,0.5456600448060446,-25.52171290269631
3.8280000000000003,post_correction,0.44799330189844105,0.7329711445571652,-63.61207666522833,0.43382695972792207,0.5453421599974422,-25.704995452439775
3.8320000000000003,post_correction,0.4473571829557711,0.7327997168233238,-63.80640453375118,0.43295879567969,0.5450382104438634,-25.88685479601425
3.8360000000000003,post_correction,0.44673751370945686,0.7326371800283296,-63.99723720198082,0.4321092378613801,0.5447481697048656,-26.06723531321954
3.84,post_correction,0.4461343792674308,0.7324835510968866,-64.18451146931373,0.4312783449617134,0.5444720107089351,-26.246081462140292
3.844,post_correction,0.4455478627963486,0.7323388461865592,-64.36816498013307,0.4304661742934342,0.5442097057444869,-26.42333782387222
3.848,post_correction,0.444978045484209,0.7322030806917618,-64.54813627827524,0.4296727817355092,0.5439612264514492,-26.598949147840536
3.852,post_correction,0.44442500650344674,0.7320762692477092,-64.72436486132595,0.42889822167609293,0.5437265438134277,-26.77286039764789
3.856,post_correction,0.44388882297454807,0.7319584257343281,-64.89679123465957,0.4281425469563112,0.5435056281504443,-26.945016797385726
3.86,post_correction,0.4433695699302437,0.7318495632801382,-65.06535696513446,0.42740580881491336,0.5432984491122445,-27.11536387834121
3.864,post_correction,0.4428673202803315,0.7317496942661083,-65.23000473435621,0.42668805683384814,0.5431049756721673,-27.283847526028083
3.868,post_correction,0.4423821447771804,0.7316588303294929,-65.3906783914201,0.4259893388848126,0.5429251761215752,-27.45041402746983
3.872,post_correction,0.441914111981967,0.7315769823676529,-65.54732300504267,0.42530970107682964,0.5427590180648325,-27.61501011865853
3.876,post_correction,0.4414632882316971,0.7315041605418676,-65.69988491499338,0.4246491877049057,0.54260646841483,-27.77758303211317
3.88,post_correction,0.4410297376070606,0.7314403742811393,-65.84831178273576,0.42400784119982204,0.5424674933890489,-27.9380805444587
3.884,post_correction,0.44061352190117137,0.7313856322859977,-65.99255264118878,0.4233857020791126,0.5423420585061552,-28.09645102394479
3.888,post_correction,0.44021470058923745,0.731339942532307,-66.13255794351979,0.4227828088992795,0.5422301285831197,-28.25264347782325
3.892,post_correction,0.439833330799213,0.73130331227508,-66.2682796108795,0.4221991982093001,0.5421316677328558,-28.406607599501097
3.896,post_correction,0.43946946728347575,0.7312757480523013,-66.39967107899184,0.42163490450547514,0.5420466393623669,-28.55829381538504
3.9,post_correction,0.4391231623915752,0.7312572556887653,-66.52668734351302,0.42108996018767,0.5419750061713979,-28.707653331333834
3.904,post_correction,0.46386096299629936,0.7438935666159578,-60.36994400451252,0.4422488118524893,0.5443335401839964,-23.083098381631626
3.908,post_correction,0.463142376843283,0.7436841184926153,-60.573541890393955,0.44138722345073467,0.5440964647927544,-23.26964531031189
3.912,post_correction,0.46243944148513527,0.7434835318866617,-60.77424743420386,0.4405429048684213,0.5438724829207777,-23.455054413648607
3.916,post_correction,0.4617522420066469,0.7432918209859158,-60.97200042944593,0.4397159217167594,0.543661574575748,-23.63927429626819
3.92,post_correction,0.4610808619319287,0.743108999315717,-61.166741165983424,0.43890633828934444,0.5434637189940622,-23.822253538701325
3.924,post_correction,0.46042538318822485,0.7429350797406236,-61.3584104760156,0.43811421751454727,0.543278894637515,-24.003940734809824
3.928,post_correction,0.459785886069985,0.7427700744661345,-61.5469497802453,0.43733962090834455,0.5431070791904159,-24.184284529811112
3.932,post_correction,0.45916244920323723,0.7426139950404375,-61.732301134175984,0.43658260852763636,0.5429482495571323,-24.363233658851257
3.936,post_correction,0.45855514951030685,0.7424668523561856,-61.91440727447274,0.43584323892409593,0.5428023818600602,-24.540736986077633
3.94,post_correction,0.45796406217491736,0.742328656652309,-62.09321166532491,0.43512156909859895,0.542669451438018,-24.716743544158494
3.944,post_correction,0.4573892606077225,0.7421994175158584,-62.268658544740475,0.4344176544562763,0.5425494328450585,-24.891202574195933
3.948,post_correction,0.4568308164123075,0.7420791438838884,-62.44069297070652,0.43373154876224074,0.5424422998496984,-25.064063565975406
3.952,post_correction,0.45628879935170374,0.7419678440453803,-62.60926086714599,0.4330633040980315,0.5423480254345595,-25.23527629849457
3.956,post_correction,0.4557632773154581,0.7418655256432067,-62.77430906960105,0.432412970818825,0.5422665817964176,-25.404790880711055
3.96,post_correction,0.45525431628730106,0.7417721956761404,-62.93578537057167,0.431780597511459,0.542197940346656,-25.572557792448443
3.964,post_correction,0.45476198031345183,0.7416878605009113,-63.09363856444008,0.43116623095331624,0.5421420717121178,-25.738527925397126
3.968,post_correction,0.45428633147160574,0.7416125258343093,-63.24781849190685,0.4305699160721161,0.5420989457363529,-25.9026526241459
3.972,post_correction,0.4538274298406426,0.7415461967553398,-63.398276083868936,0.4299916959066568,0.5420685314812544,-26.064883727179566
3.976,post_correction,0.45338533347109633,0.7414888777074299,-63.54496340466655,0.429431611568559,0.5420507972290806,-26.225173607775222
3.98,post_correction,0.4529600983564276,0.7414405725006884,-63.68783369462707,0.4288897022050514,0.5420457104848536,-26.383475214730737
3.984,post_correction,0.45255177840513666,0.7414012843142204,-63.8268414118346,0.42836600496284655,0.5420532379791336,-26.53974211285686
3.988,post_correction,0.4521604254137565,0.7413710156985,-63.96194227305424,0.4278605549531479,0.5420733456711605,-26.693928523165514
3.992,post_correction,0.4517860890407618,0.7413497685777984,-64.09309329374042,0.427373385217833,0.5421059987523548,-26.845989362683948
3.996,post_correction,0.4514288167814329,0.7413375442526726,-64.22025282705957,0.42690452669685347,0.5421511616501768,-26.995880283827592
4.0,post_correction,0.4510886539437086,0.7413343434025145,-64.34338060185961,0.42645400819689294,0.5422087980323336,-27.143557713261515
