local_t_yr,phase,pos_noNN_err,pos_encounterNN_err,pos_gain_instant_pct,vel_noNN_err,vel_encounterNN_err,vel_gain_instant_pct
0.0,pre_correction_window,4.938320837001675e-16,4.938320837001675e-16,0.0,1.2388403547001439e-17,1.2388403547001439e-17,0.0
0.003,pre_correction_window,0.045451037663927975,0.045451037663927975,0.0,0.04277809252858567,0.04277809252858567,0.0
0.006,pre_correction_window,0.043059974261239545,0.043059974261239545,0.0,0.040563366914916965,0.040563366914916965,0.0
0.009000000000000001,pre_correction_window,0.04066886784341557,0.04066886784341557,0.0,0.0383466091331656,0.0383466091331656,0.0
0.012,pre_correction_window,0.03827770410001437,0.03827770410001437,0.0,0.03612759978605105,0.03612759978605105,0.0
0.015,pre_correction_window,0.03588646843829476,0.03588646843829476,0.0,0.03390611304698795,0.03390611304698795,0.0
0.018000000000000002,pre_correction_window,0.03349514598679959,0.03349514598679959,0.0,0.03168191664400016,0.03168191664400016,0.0
0.021,pre_correction_window,0.031103721602202136,0.031103721602202136,0.0,0.029454771901835472,0.029454771901835472,0.0
0.024,pre_correction_window,0.02871217988121651,0.02871217988121651,0.0,0.027224433874133508,0.027224433874133508,0.0
0.027,pre_correction_window,0.02632050518066422,0.02632050518066422,0.0,0.024990651620010473,0.024990651620010473,0.0
0.03,pre_correction_window,0.023928681651244194,0.023928681651244194,0.0,0.022753168722032924,0.022753168722032924,0.0
0.033,pre_correction_window,0.021536693295462633,0.021536693295462633,0.0,0.020511724227468196,0.020511724227468196,0.0
0.036000000000000004,pre_correction_window,0.019144524070605465,0.019144524070605465,0.0,0.018266054374468876,0.018266054374468876,0.0
0.039,pre_correction_window,0.016752158081473942,0.016752158081473942,0.0,0.01601589587400399,0.01601589587400399,0.0
0.042,pre_correction_window,0.014359579967188727,0.014359579967188727,0.0,0.013760992535978471,0.013760992535978471,0.0
0.045,pre_correction_window,0.011966775753222117,0.011966775753222117,0.0,0.011501109858628901,0.011501109858628901,0.0
0.048,pre_correction_window,0.009573734982126565,0.009573734982126565,0.0,0.00923607131805649,0.00923607131805649,0.0
0.051000000000000004,pre_correction_window,0.007180457105877423,0.007180457105877423,0.0,0.006965866090881822,0.006965866090881822,0.0
0.054,pre_correction_window,0.004786977056230992,0.004786977056230992,0.0,0.004691071610031632,0.004691071610031632,0.0
0.057,pre_correction_window,0.002393544255829495,0.002393544255829495,0.0,0.002415674978466494,0.002415674978466494,0.0
0.06,pre_correction_window,7.170507625310706e-05,7.170507625310706e-05,0.0,0.00031540958801108617,0.00031540958801108617,0.0
0.063,pre_correction_window,0.04558439822293361,0.04558439822293361,0.0,0.04580239596099013,0.04580239596099013,0.0
0.066,pre_correction_window,0.04319022663667653,0.04319022663667653,0.0,0.043507784788162335,0.043507784788162335,0.0
0.069,pre_correction_window,0.04079556625748614,0.04079556625748614,0.0,0.041204359465742885,0.041204359465742885,0.0
0.07200000000000001,pre_correction_window,0.03840039614863874,0.03840039614863874,0.0,0.03889173336749134,0.03889173336749134,0.0
0.075,pre_correction_window,0.0360046951494692,0.0360046951494692,0.0,0.036569514773181405,0.036569514773181405,0.0
0.078,pre_correction_window,0.03360844191461073,0.03360844191461073,0.0,0.03423730780435965,0.03423730780435965,0.0
0.081,pre_correction_window,0.031211614968913143,0.031211614968913143,0.0,0.031894713708201336,0.031894713708201336,0.0
0.084,pre_correction_window,0.028814192786605033,0.028814192786605033,0.0,0.02954133266992277,0.02954133266992277,0.0
0.08700000000000001,pre_correction_window,0.02641615390944987,0.02641615390944987,0.0,0.027176766462182485,0.027176766462182485,0.0
0.09,pre_correction_window,0.024017477130391526,0.024017477130391526,0.0,0.024800622481574122,0.024800622481574122,0.0
0.093,pre_correction_window,0.021618141792682753,0.021618141792682753,0.0,0.02241252020225542,0.02241252020225542,0.0
0.096,pre_correction_window,0.01921812830443106,0.01921812830443106,0.0,0.020012102088118294,0.020012102088118294,0.0
0.099,pre_correction_window,0.01681741908267843,0.01681741908267843,0.0,0.01759905329294594,0.01759905329294594,0.0
0.10200000000000001,pre_correction_window,0.014416000426682797,0.014416000426682797,0.0,0.015173140124374688,0.015173140124374688,0.0
0.105,pre_correction_window,0.012013866619954766,0.012013866619954766,0.0,0.012734292790804591,0.012734292790804591,0.0
0.108,pre_correction_window,0.009611030161639379,0.009611030161639379,0.0,0.010282807295135159,0.010282807295135159,0.0
0.111,pre_correction_window,0.00720755243942231,0.00720755243942231,0.0,0.00781993192890014,0.00781993192890014,0.0
0.114,pre_correction_window,0.004803666476522406,0.004803666476522406,0.0,0.0053500910452616715,0.0053500910452616715,0.0
0.117,pre_correction_window,0.0024006373337704845,0.0024006373337704845,0.0,0.002894568427024756,0.002894568427024756,0.0
0.12,pre_correction_window,0.00015745817257074434,0.00015745817257074434,0.0,0.000808043816260734,0.000808043816260734,0.0
0.123,pre_correction_window,0.045920026406948825,0.045920026406948825,0.0,0.05210788291894124,0.05210788291894124,0.0
0.126,pre_correction_window,0.043512721965241266,0.043512721965241266,0.0,0.049571530508124066,0.049571530508124066,0.0
0.129,pre_correction_window,0.04110434082374833,0.04110434082374833,0.0,0.04701644575098513,0.04701644575098513,0.0
0.132,pre_correction_window,0.03869485782106927,0.03869485782106927,0.0,0.04444220002612383,0.04444220002612383,0.0
0.135,pre_correction_window,0.036284248128413264,0.036284248128413264,0.0,0.041848380476113785,0.041848380476113785,0.0
0.138,pre_correction_window,0.03387248737850271,0.03387248737850271,0.0,0.039234594045451626,0.039234594045451626,0.0
0.14100000000000001,pre_correction_window,0.03145955183593759,0.03145955183593759,0.0,0.03660047273930686,0.03660047273930686,0.0
0.14400000000000002,pre_correction_window,0.029045418631725394,0.029045418631725394,0.0,0.033945680761601475,0.033945680761601475,0.0
0.147,pre_correction_window,0.026630066101181172,0.026630066101181172,0.0,0.03126992466465289,0.03126992466465289,0.0
0.15,pre_correction_window,0.02421347429577714,0.02421347429577714,0.0,0.028572968537404115,0.028572968537404115,0.0
0.153,pre_correction_window,0.02179562580232097,0.02179562580232097,0.0,0.025854658035590315,0.025854658035590315,0.0
0.156,pre_correction_window,0.019376507136393377,0.019376507136393377,0.0,0.023114960796511742,0.023114960796511742,0.0
0.159,pre_correction_window,0.016956111282493237,0.016956111282493237,0.0,0.02035403922582671,0.02035403922582671,0.0
0.162,pre_correction_window,0.014534442717865059,0.014534442717865059,0.0,0.017572392425366703,0.017572392425366703,0.0
0.165,pre_correction_window,0.012111528400125419,0.012111528400125419,0.0,0.014771160984953262,0.014771160984953262,0.0
0.168,pre_correction_window,0.009687445174117968,0.009687445174117968,0.0,0.011952867836391184,0.011952867836391184,0.0
0.171,pre_correction_window,0.0072624020078307094,0.0072624020078307094,0.0,0.009123552276318702,0.009123552276318702,0.0
0.17400000000000002,pre_correction_window,0.00483706962115011,0.00483706962115011,0.0,0.006300695797730977,0.006300695797730977,0.0
0.177,pre_correction_window,0.002414896938282972,0.002414896938282972,0.0,0.0035587067618830484,0.0035587067618830484,0.0
0.18,pre_correction_window,0.00025916744596999204,0.00025916744596999204,0.0,0.0015991671469005,0.0015991671469005,0.0
0.183,pre_correction_window,0.046457802609953386,0.046457802609953386,0.0,0.06011196265708709,0.06011196265708709,0.0
0.186,pre_correction_window,0.044025640939846566,0.044025640939846566,0.0,0.05715703595676866,0.05715703595676866,0.0
0.189,pre_correction_window,0.04159180616401812,0.04159180616401812,0.0,0.05417635645262629,0.05417635645262629,0.0
0.192,pre_correction_window,0.039156284578819756,0.039156284578819756,0.0,0.05117000536044413,0.05117000536044413,0.0
0.195,pre_correction_window,0.03671906435358932,0.03671906435358932,0.0,0.048138131416934675,0.048138131416934675,0.0
0.198,pre_correction_window,0.03428013577791751,0.03428013577791751,0.0,0.045080960039750526,0.045080960039750526,0.0
0.201,pre_correction_window,0.03183949158404279,0.03183949158404279,0.0,0.041998805728526496,0.041998805728526496,0.0
0.20400000000000001,pre_correction_window,0.029397127388379723,0.029397127388379723,0.0,0.038892089655282236,0.038892089655282236,0.0
0.20700000000000002,pre_correction_window,0.02695304232858247,0.02695304232858247,0.0,0.035761365826581314,0.035761365826581314,0.0
0.21,pre_correction_window,0.024507240034169944,0.024507240034169944,0.0,0.032607361925079646,0.032607361925079646,0.0
0.213,pre_correction_window,0.022059730192135325,0.022059730192135325,0.0,0.02943104638582374,0.02943104638582374,0.0
0.216,pre_correction_window,0.019610531231488468,0.019610531231488468,0.0,0.026233744822000925,0.026233744822000925,0.0
0.219,pre_correction_window,0.0171596752515413,0.0171596752515413,0.0,0.023017355256606732,0.023017355256606732,0.0
0.222,pre_correction_window,0.014707217823273283,0.014707217823273283,0.0,0.019784777101224102,0.019784777101224102,0.0
0.225,pre_correction_window,0.012253259513906108,0.012253259513906108,0.0,0.01654085029306254,0.01654085029306254,0.0
0.228,pre_correction_window,0.00979799973561832,0.00979799973561832,0.0,0.013294679342370353,0.013294679342370353,0.0
0.231,pre_correction_window,0.007341898695837368,0.007341898695837368,0.0,0.010066439582730347,0.010066439582730347,0.0
0.234,pre_correction_window,0.004886327977969996,0.004886327977969996,0.0,0.0069128668074046684,0.0069128668074046684,0.0
0.23700000000000002,pre_correction_window,0.0024381521931697418,0.0024381521931697418,0.0,0.004065479248554619,0.004065479248554619,0.0
0.24,pre_correction_window,0.00036606321444582315,0.00036606321444582315,0.0,0.0028196532503976597,0.0028196532503976597,0.0
0.243,pre_correction_window,0.04705247400550904,0.04705247400550904,0.0,0.06494494128617026,0.06494494128617026,0.0
0.246,pre_correction_window,0.044587439816554136,0.044587439816554136,0.0,0.06156621927756216,0.06156621927756216,0.0
0.249,pre_correction_window,0.04212056881780211,0.04212056881780211,0.0,0.05816921681862647,0.05816921681862647,0.0
0.252,pre_correction_window,0.03965188625266412,0.03965188625266412,0.0,0.054755067978394745,0.054755067978394745,0.0
0.255,pre_correction_window,0.03718142045942219,0.03718142045942219,0.0,0.05132499374168661,0.05132499374168661,0.0
0.258,pre_correction_window,0.03470920309901424,0.03470920309901424,0.0,0.047880313698789145,0.047880313698789145,0.0
0.261,pre_correction_window,0.032235269491370316,0.032235269491370316,0.0,0.044422464384722735,0.044422464384722735,0.0
0.264,pre_correction_window,0.02975965912941035,0.02975965912941035,0.0,0.04095302843751795,0.04095302843751795,0.0
0.267,pre_correction_window,0.02728241649021363,0.02728241649021363,0.0,0.037473781842943456,0.037473781842943456,0.0
0.27,pre_correction_window,0.024803592358661575,0.024803592358661575,0.0,0.033986772485357634,0.033986772485357634,0.0
0.273,pre_correction_window,0.022323246070596017,0.022323246070596017,0.0,0.03049445527674423,0.03049445527674423,0.0
0.276,pre_correction_window,0.019841449490503506,0.019841449490503506,0.0,0.026999935091118824,0.026999935091118824,0.0
0.279,pre_correction_window,0.01735829447275795,0.01735829447275795,0.0,0.02350742888876362,0.02350742888876362,0.0
0.28200000000000003,pre_correction_window,0.014873907895310599,0.014873907895310599,0.0,0.02002321086288541,0.02002321086288541,0.0
0.28500000000000003,pre_correction_window,0.012388484922949692,0.012388484922949692,0.0,0.016557736003429892,0.016557736003429892,0.0
0.28800000000000003,pre_correction_window,0.00990237257195764,0.00990237257195764,0.0,0.013131043452260044,0.013131043452260044,0.0
0.291,pre_correction_window,0.007416321655293714,0.007416321655293714,0.0,0.009789032360233759,0.009789032360233759,0.0
0.294,pre_correction_window,0.004932500695921398,0.004932500695921398,0.0,0.006665075970162617,0.006665075970162617,0.0
0.297,pre_correction_window,0.002461641538413761,0.002461641538413761,0.0,0.004271261972237205,0.004271261972237205,0.0
0.3,pre_correction_window,0.00045896292078627214,0.00045896292078627214,0.0,0.004156325572434067,0.004156325572434067,0.0
0.303,pre_correction_window,0.04743773925729811,0.04743773925729811,0.0,0.06324221339528395,0.06324221339528395,0.0
0.306,pre_correction_window,0.04494425123849418,0.04494425123849418,0.0,0.0597381234776976,0.0597381234776976,0.0
0.309,pre_correction_window,0.04244953866655552,0.04244953866655552,0.0,0.056236552985299074,0.056236552985299074,0.0
0.312,pre_correction_window,0.039953661387387616,0.039953661387387616,0.0,0.052738887912843195,0.052738887912843195,0.0
0.315,pre_correction_window,0.037456680884856985,0.037456680884856985,0.0,0.049246544164182775,0.049246544164182775,0.0
0.318,pre_correction_window,0.03495866051496274,0.03495866051496274,0.0,0.045760984911952775,0.045760984911952775,0.0
0.321,pre_correction_window,0.03245966591085143,0.03245966591085143,0.0,0.04228374810444757,0.04228374810444757,0.0
0.324,pre_correction_window,0.029959765658138165,0.029959765658138165,0.0,0.03881649014996463,0.03881649014996463,0.0
0.327,pre_correction_window,0.027459032412014278,0.027459032412014278,0.0,0.035361056367222116,0.035361056367222116,0.0
0.33,pre_correction_window,0.02495754476470327,0.02495754476470327,0.0,0.03191959762557635,0.03191959762557635,0.0
0.333,pre_correction_window,0.02245539044653274,0.02245539044653274,0.0,0.028494770653510436,0.028494770653510436,0.0
0.336,pre_correction_window,0.019952672028899977,0.019952672028899977,0.0,0.025090098758260505,0.025090098758260505,0.0
0.339,pre_correction_window,0.01744951763788332,0.01744951763788332,0.0,0.021710661662520954,0.021710661662520954,0.0
0.342,pre_correction_window,0.01494610254820304,0.01494610254820304,0.0,0.018364518753141035,0.018364518753141035,0.0
0.34500000000000003,pre_correction_window,0.012442696971026514,0.012442696971026514,0.0,0.015065943674641966,0.015065943674641966,0.0
0.34800000000000003,pre_correction_window,0.009939786175278888,0.009939786175278888,0.0,0.011843754733376295,0.011843754733376295,0.0
0.35100000000000003,pre_correction_window,0.007438433068522288,0.007438433068522288,0.0,0.008766538971859878,0.008766538971859878,0.0
0.354,pre_correction_window,0.0049417400497863626,0.0049417400497863626,0.0,0.006034832864135874,0.006034832864135874,0.0
0.357,pre_correction_window,0.0024651695593048647,0.0024651695593048647,0.0,0.004320099419066628,0.004320099419066628,0.0
0.36,pre_correction_window,0.0005515481068168103,0.0005515481068168103,0.0,0.0048226588375080955,0.0048226588375080955,0.0
0.363,pre_correction_window,0.047490343029288715,0.047490343029288715,0.0,0.05732207004348619,0.05732207004348619,0.0
0.366,pre_correction_window,0.04498433328236061,0.04498433328236061,0.0,0.05405121149257736,0.05405121149257736,0.0
0.369,pre_correction_window,0.04247802071657045,0.04247802071657045,0.0,0.05079672336288747,0.05079672336288747,0.0
0.372,pre_correction_window,0.03997146109821049,0.03997146109821049,0.0,0.04755925266792389,0.04755925266792389,0.0
0.375,pre_correction_window,0.037464710615104826,0.037464710615104826,0.0,0.04433946767804959,0.04433946767804959,0.0
0.378,pre_correction_window,0.03495782638297409,0.03495782638297409,0.0,0.0411380816872724,0.0411380816872724,0.0
0.381,pre_correction_window,0.032450867206983244,0.032450867206983244,0.0,0.03795588784703093,0.03795588784703093,0.0
0.384,pre_correction_window,0.02994389474459307,0.02994389474459307,0.0,0.03479381172320777,0.03479381172320777,0.0
0.387,pre_correction_window,0.02743697532272906,0.02743697532272906,0.0,0.03165299328827603,0.03165299328827603,0.0
0.39,pre_correction_window,0.024930182865837324,0.024930182865837324,0.0,0.028534919848332216,0.028534919848332216,0.0
0.393,pre_correction_window,0.022423603799539657,0.022423603799539657,0.0,0.02544165137557282,0.02544165137557282,0.0
0.396,pre_correction_window,0.01991734566443513,0.01991734566443513,0.0,0.0223762230466268,0.0223762230466268,0.0
0.399,pre_correction_window,0.017411553169569056,0.017411553169569056,0.0,0.019343410890447613,0.019343410890447613,0.0
0.402,pre_correction_window,0.014906440422782618,0.014906440422782618,0.0,0.016351303822194952,0.016351303822194952,0.0
0.405,pre_correction_window,0.012402362165707965,0.012402362165707965,0.0,0.013414853135819273,0.013414853135819273,0.0
0.40800000000000003,pre_correction_window,0.009899992914033942,0.009899992914033942,0.0,0.0105649049755691,0.0105649049755691,0.0
0.41100000000000003,pre_correction_window,0.007400868604709647,0.007400868604709647,0.0,0.007874836427732327,0.007874836427732327,0.0
0.41400000000000003,pre_correction_window,0.004909576338960039,0.004909576338960039,0.0,0.005551443416706297,0.005551443416706297,0.0
0.417,pre_correction_window,0.002449243625389284,0.002449243625389284,0.0,0.0042081702616179805,0.0042081702616179805,0.0
0.42,pre_correction_window,0.0006726458317012102,0.0006726458317012102,0.0,0.004728799965258736,0.004728799965258736,0.0
0.423,pre_correction_window,0.04730192306460049,0.04730192306460049,0.0,0.051262922404335116,0.051262922404335116,0.0
0.426,pre_correction_window,0.04479878288924402,0.04479878288924402,0.0,0.0483474078516456,0.0483474078516456,0.0
0.429,pre_correction_window,0.042295981125013864,0.042295981125013864,0.0,0.04544903257148997,0.04544903257148997,0.0
0.432,pre_correction_window,0.039793554844847215,0.039793554844847215,0.0,0.04256793024740139,0.04256793024740139,0.0
0.435,pre_correction_window,0.0372915423031097,0.0372915423031097,0.0,0.039704279577450534,0.039704279577450534,0.0
0.438,pre_correction_window,0.03478998375852304,0.03478998375852304,0.0,0.03685832722444034,0.03685832722444034,0.0
0.441,pre_correction_window,0.03228892266883924,0.03228892266883924,0.0,0.0340304211731394,0.0340304211731394,0.0
0.444,pre_correction_window,0.029788407474717934,0.029788407474717934,0.0,0.031221060792818257,0.031221060792818257,0.0
0.447,pre_correction_window,0.027288494349448876,0.027288494349448876,0.0,0.02843097462837786,0.02843097462837786,0.0
0.45,pre_correction_window,0.024789251594471845,0.024789251594471845,0.0,0.025661246038366618,0.025661246038366618,0.0
0.453,pre_correction_window,0.022290766969265893,0.022290766969265893,0.0,0.022913525226274815,0.022913525226274815,0.0
0.456,pre_correction_window,0.01979316054242426,0.01979316054242426,0.0,0.020190405851348153,0.020190405851348153,0.0
0.459,pre_correction_window,0.017296608631389154,0.017296608631389154,0.0,0.01749613589682084,0.01749613589682084,0.0
0.462,pre_correction_window,0.01480139188936847,0.01480139188936847,0.0,0.014838062097339283,0.014838062097339283,0.0
0.465,pre_correction_window,0.012308001706168302,0.012308001706168302,0.0,0.012229844197698713,0.012229844197698713,0.0
0.468,pre_correction_window,0.009817408222470082,0.009817408222470082,0.0,0.009699463307632352,0.009699463307632352,0.0
0.47100000000000003,pre_correction_window,0.007331872407087654,0.007331872407087654,0.0,0.0073120879046420775,0.0073120879046420775,0.0
0.47400000000000003,pre_correction_window,0.0048582365902095515,0.0048582365902095515,0.0,0.00524428720480983,0.00524428720480983,0.0
0.47700000000000004,pre_correction_window,0.0024311553041701855,0.0024311553041701855,0.0,0.003995623777397486,0.003995623777397486,0.0
0.48,pre_correction_window,0.000819075911267567,0.000819075911267567,0.0,0.00431706214026883,0.00431706214026883,0.0
0.483,pre_correction_window,0.04700409604438511,0.013918655683852811,70.38841961621881,0.04679158962054748,0.013632198417311064,70.86613528657554
0.486,pre_correction_window,0.04451235738643576,0.01143129778033645,74.31882189232265,0.044173962474374384,0.011138370998352133,74.78521197908479
0.489,pre_correction_window,0.04202125617287888,0.008947846621544393,78.70637996938449,0.04156921377746938,0.00873626277561471,78.98381522830294
0.492,pre_correction_window,0.03953081790916974,0.006472053494745115,83.62782801606583,0.03897735667166745,0.006512745277487805,83.29095189202016
0.495,pre_correction_window,0.037041070691971344,0.0040168632926504645,89.15565015370596,0.03639845663765549,0.00470649328237147,87.06952514711176
0.498,pre_correction_window,0.0345520463697462,0.0016724014025424104,95.15976164003192,0.03383265128796782,0.003916632752306504,88.42351218954157
0.501,post_correction,0.03206378223214782,0.04877210767536956,-52.10965232438993,0.03128017934317187,0.0479132033029332,-53.17432415358623
0.504,post_correction,0.029576323539078516,0.04628421076304416,-56.490750792233854,0.02874142428507257,0.04534523633614712,-57.76962159699952
0.507,post_correction,0.027089727427986956,0.0437969194772997,-61.67353323774016,0.02621698225263257,0.04278801888205636,-63.207261879882516
0.51,post_correction,0.024604069172148642,0.04131024499068386,-67.90005222976004,0.0237077715366094,0.040241390062519415,-69.73923508744338
0.513,post_correction,0.02211945263451155,0.03882419806329452,-75.52060941471778,0.021215216701545362,0.03770519342784888,-77.72711897447812
0.516,post_correction,0.019636028622929534,0.036338789080099805,-85.06180540838078,0.01874157379409111,0.03517927847464607,-87.70717369390546
0.519,post_correction,0.017154029129751048,0.03385402809622237,-97.35321562155751,0.01629053948401756,0.03266350273755495,-100.5059609572826
0.522,post_correction,0.014673836199013818,0.03136992489489423,-113.78134844521777,0.013868476379668886,0.03015773479152463,-117.45528467522007
0.525,post_correction,0.012196134518175198,0.02888648906602171,-136.84954460754625,0.011487104391226043,0.02766185873773726,-140.80793379805658
0.528,post_correction,0.009722296355903968,0.026403730119257417,-171.57915324421757,0.00917009488052761,0.02517578118866205,-174.5422104859785
0.531,post_correction,0.007255549676267956,0.023921657656993306,-229.70152124019242,0.006971515609348869,0.022699442635624678,-225.6026939849996
0.534,post_correction,0.0048057146903951395,0.021440281656178013,-346.14137620423594,0.005034663479508735,0.02023283688499306,-301.8706904114137
0.537,post_correction,0.0024223776217250875,0.018959612958977603,-682.6861010000407,0.0037672279587178796,0.017776046256016777,-371.860117062483
0.54,post_correction,0.0009752508780541695,0.016479664192561652,-1589.7871679379612,0.00387327442595643,0.015329309905466123,-295.7713350424646
0.543,post_correction,0.04667738102729914,0.014000451650025727,70.00591862290302,0.04385509287181471,0.012893168520643946,70.60052168096017
0.546,post_correction,0.04420019117594552,0.011521999579138631,73.93224039852322,0.04144258863198124,0.010468807665964912,74.73901121638397
0.549,post_correction,0.04172374031529166,0.009044351493638251,78.32324852639466,0.03903882310519003,0.008059010838599976,79.3564195906086
0.552,post_correction,0.03924805060970394,0.006567607035063549,83.26641213247996,0.03664382231034131,0.005671500341686601,84.52262896142786
0.555,post_correction,0.03677314824523674,0.004092092537679792,88.87206363080472,0.034257660415656054,0.0033363235450047154,90.26108758004972
0.558,post_correction,0.034299064985554566,0.0016200944357629267,95.27656384672513,0.03188047654769924,0.0013140457464561456,95.87821171841618
0.561,post_correction,0.031825840445867025,0.04855890325610493,-52.57697071252331,0.02951249946316042,0.044867252652413994,-52.027966009522366
0.5640000000000001,post_correction,0.029353525507318266,0.046085611651825946,-57.00196434781275,0.027154084737849412,0.042484291208912194,-56.456354979604164
0.5670000000000001,post_correction,0.02688218760404175,0.04361297236386918,-62.23743769019731,0.02480577254651094,0.040108388600246174,-61.689737842442746
0.5700000000000001,post_correction,0.024411919206062616,0.04114099081273945,-68.52829335320028,0.022468380619174073,0.03773943073000673,-67.96684803265549
0.5730000000000001,post_correction,0.021942852008643286,0.038669672314952705,-76.22901662792387,0.020143159994251224,0.03537730943597033,-75.62939204209702
0.5760000000000001,post_correction,0.01947518187526103,0.036199022130251224,-85.87257547635117,0.017832068831243168,0.03302192384196195,-85.18279709701984
0.579,post_correction,0.017009215414567364,0.033729045525224745,-98.29865577654957,0.015538282295647675,0.030673182312262483,-97.40394548536516
0.582,post_correction,0.014545463757109628,0.03125974786259144,-114.91063045213733,0.01326721097293605,0.028331005353815414,-113.54153040611315
0.585,post_correction,0.012084850552098377,0.028791134731725662,-138.2415455417151,0.011028719067333272,0.0259953300553352,-135.70579590092714
0.588,post_correction,0.009629237191825816,0.026323212147674933,-173.3675744327962,0.008842508301972437,0.02366611710893188,-167.64031540295917
0.591,post_correction,0.007183017696068079,0.02385598686841158,-232.11649863357766,0.0067530528756173215,0.021343362357094626,-216.0550161565787
0.594,post_correction,0.004759578699239562,0.021389466925874966,-349.39832446288494,0.004877422013794707,0.019027116674885516,-290.1060154538921
0.597,post_correction,0.002425914093937079,0.01892366256583133,-680.0631775513381,0.00355866964911342,0.01671752215624872,-369.76886883595944
0.6,post_correction,0.0011311084453435368,0.016458588024970817,-1355.0848853375915,0.003485432826549016,0.014414882639753235,-313.57510980998154
0.603,post_correction,0.04635815178043309,0.013994265176550898,69.8127197934202,0.041981330043070315,0.012119813631198316,71.13046771323319
0.606,post_correction,0.0438959253329569,0.01153073183692896,73.73165789428813,0.03970169943918619,0.009833599582492759,75.23128802696328
0.609,post_correction,0.04143445083440035,0.00906806358690589,78.11467654501345,0.037427886735796806,0.0075591911279778,79.80331836168556
0.612,post_correction,0.03897375181922032,0.006606444334794915,83.04899059900904,0.035159943922933055,0.005304729266965822,84.91257756669567
0.615,post_correction,0.03651385725949966,0.004146487942688399,88.64407035055268,0.03289796440640074,0.0031021346368343555,90.57043591356432
0.618,post_correction,0.03405480357244392,0.0016923632207525394,95.03047134847684,0.0306420973149332,0.0012328017818738154,95.97677088091154
0.621,post_correction,0.0315966375598799,0.048351436689922415,-53.027158659809615,0.028392568491198984,0.04286674063051619,-50.97873460727532
0.624,post_correction,0.02913942082846007,0.045892685245138745,-57.493470839049735,0.02614971209706957,0.04060358234390065,-55.27353491762088
0.627,post_correction,0.02668323664204127,0.04343456262045426,-62.778463509258565,0.023914019634017587,0.038344990025647084,-60.3452310087657
0.63,post_correction,0.024228200926431177,0.04097707199395558,-69.12965233523643,0.02168621863137587,0.03609089524636884,-66.42318266658125
0.633,post_correction,0.021774480692006142,0.03852021665204447,-76.90532875112852,0.01946740413440314,0.03384123509087728,-73.83537557055415
0.636,post_correction,0.019322326442483363,0.03606400006333957,-86.64419199567418,0.017259269120622533,0.031595953499943805,-83.06657877065511
0.639,post_correction,0.016872132737000084,0.033608425982932726,-99.19488844009891,0.015064531997241323,0.02935500323028232,-94.86170055371069
0.642,post_correction,0.014424560212058025,0.031153498603811208,-115.97537911602215,0.012887786950060258,0.02711834878564107,-110.4189717809874
0.645,post_correction,0.011980806413661876,0.028699222783734636,-139.54333116515866,0.010737348049143293,0.024885970922175187,-131.7701801997634
0.648,post_correction,0.009543290056840806,0.02624560439697216,-175.01631241061176,0.008629708215195995,0.022657873800626886,-162.5566616577927
0.651,post_correction,0.007117728641847502,0.023792650900989143,-234.27308202091618,0.006601902914263944,0.02043409678211601,-209.51828658319852
0.654,post_correction,0.004721531061270234,0.021340372290869762,-351.9799195206091,0.004751655089180318,0.018214734792132158,-283.3345318688584
0.657,post_correction,0.0024406650986489283,0.01888878279343627,-673.9194862864421,0.003376440045416699,0.015999975483810866,-373.87115626500776
0.66,post_correction,0.0012822182252899164,0.016437904072342902,-1181.9895824383718,0.0031625913237617975,0.013790171890668773,-336.04027453872294
0.663,post_correction,0.04606036758750489,0.013987771795042415,69.63165400608533,0.04078245103714596,0.011585997456588374,71.59072796768523
0.666,post_correction,0.04361235529892621,0.011538450552581157,73.54316116730058,0.038588090888387605,0.009388817326909242,75.6691323391315
0.669,post_correction,0.04116507265690789,0.009090072867577872,77.91799629909686,0.036397634701395544,0.007201731944096187,80.21373640573391
0.672,post_correction,0.03871854688774604,0.006642964357541956,82.84293990474013,0.03421114896164096,0.005033304673233659,85.2875310359286
0.675,post_correction,0.036272812101372696,0.004198206063990484,88.42602538712016,0.03202873536852675,0.002917598455912157,90.89068481055561
0.678,post_correction,0.033827911795037774,0.001762872349418133,94.78870478290438,0.029850543079360546,0.0011643134952095556,96.09952324112122
0.681,post_correction,0.03138390252255911,0.048160193901871526,-53.45508375592685,0.027676786654969095,0.04153640323348821,-50.076682496776606
0.684,post_correction,0.028940859415881266,0.045715038034832046,-57.96019523091967,0.025507773047020642,0.03935056582728238,-54.26891933977985
0.687,post_correction,0.026498884750213503,0.04327045982268762,-63.291626159244245,0.02334394339815915,0.037167686470228126,-59.21768587375466
0.6900000000000001,post_correction,0.024058121707337763,0.04082646187312407,-69.69929061698917,0.021185940036464415,0.03498772699620933,-65.14597386752637
0.6930000000000001,post_correction,0.021618777428905105,0.03838304709198642,-77.54494775762328,0.01903471823196298,0.032810654130310944,-72.3726809636483
0.6960000000000001,post_correction,0.01918116359354463,0.035940218801177606,-87.37246375018245,0.016891741672327536,0.03063644082956004,-81.36934262823476
0.6990000000000001,post_correction,0.016745772284589462,0.033497980907141074,-100.03843559946216,0.014759344423569146,0.028465068242251923,-92.86133194910849
0.7020000000000001,post_correction,0.01431342893195861,0.03105633814776287,-116.97343309834848,0.01264144952675846,0.026296528639810107,-108.0183018897288
0.705,post_correction,0.011885631927820228,0.028615296464492575,-140.75536444565378,0.010545124951956007,0.024130829927212896,-128.833987621331
0.708,post_correction,0.009465410830431193,0.026174863581331413,-176.53172218557603,0.008484344955438802,0.021968002811698698,-158.9239702897315
0.711,post_correction,0.0070599303268566406,0.023735049939385067,-236.1938268582439,0.006490460734064305,0.019808112644462975,-205.18808226514298
0.714,post_correction,0.00469096724606796,0.021295870271739323,-353.9761024677767,0.004646816887490549,0.01765127990566245,-279.85744506482564
0.717,post_correction,0.002464294043982329,0.018857346397635578,-665.2230643369927,0.003217568542113658,0.015497717686426464,-381.65928661913864
0.72,post_correction,0.0014270202997110118,0.01641951250180025,-1050.615201838782,0.0028938837412234063,0.013347805211668524,-361.2419297129629
0.723,post_correction,0.04578848858473587,0.013982425927870695,69.46301055123295,0.040013002629913266,0.01120224541987708,72.00348715769107
0.726,post_correction,0.043353490059046866,0.011546191622159472,73.36733073523327,0.037873482976487224,0.00906244462388302,76.07179506170795
0.729,post_correction,0.040919186149691915,0.009111025742409363,77.73409835406035,0.03573660276637148,0.006931588821582319,80.60367162794495
0.732,post_correction,0.03848560890938427,0.006677458255261472,82.64946704888108,0.03360243264410366,0.004818540414360272,85.66014411695934
0.735,post_correction,0.03605279877090825,0.004247230861933506,88.2194142848053,0.03147107332232471,0.002759315468210375,91.23221683623674
0.738,post_correction,0.033620807581197135,0.0018313366128344354,94.55296661624917,0.029342666123864384,0.0010980892053845835,96.25770473361483
0.741,post_correction,0.031189703050077375,0.04798824672937822,-53.8592613476619,0.027217408420334592,0.04064074524013041,-49.31893813140199
0.744,post_correction,0.028759575447853396,0.04555541186920742,-58.40084966416866,0.025095576829993773,0.03850486660148945,-53.43288126961536
0.747,post_correction,0.026330547999236967,0.043123093765023046,-63.77590685265157,0.022977563117864974,0.03637088866259087,-58.288711801264206
0.75,post_correction,0.023902793592563712,0.0406912953016723,-70.23656730371292,0.02086393168391704,0.03423879119123512,-64.10517303231055
0.753,post_correction,0.021476562779758436,0.03826001987556718,-78.14778029390754,0.01875551537749301,0.0321085583254016,-71.19528671514142
0.756,post_correction,0.019052233082521238,0.035829271575716,-88.05812116893651,0.016653582945927427,0.029980179888185406,-80.02240109847924
0.759,post_correction,0.01663040122275133,0.033399055443247394,-100.83132689279677,0.014560148868282146,0.0278536533082833,-91.3006079832037
0.762,post_correction,0.014212069128743385,0.03096937785248602,-117.90900094801535,0.01247858818859809,0.025728986493928144,-106.18507562768342
0.765,post_correction,0.011799057098134674,0.02854024708591157,-141.88582908394886,0.010414968128833456,0.02360620225705158,-126.65650019320442
0.768,post_correction,0.00939504780226497,0.02611167422907406,-177.93019023042143,0.00838127340243469,0.021485345353191795,-156.34941519686595
0.771,post_correction,0.007008750448809301,0.023683674614791757,-237.91579237659005,0.006404441954432448,0.019366494130370893,-202.39159427415126
0.774,post_correction,0.004666569065661612,0.021256270255191948,-355.5010320452269,0.0045568260230221015,0.01724978072669389,-278.5481525856846
0.777,post_correction,0.0024943746702195155,0.01882949415176157,-654.8783419174353,0.0030772282401272857,0.01513542813622139,-391.8526334463683
0.78,post_correction,0.0015651893707473636,0.016403398425552416,-948.0136609744508,0.0026667643245547375,0.01302382319489068,-388.3754846639938
0.783,post_correction,0.04554332757257314,0.013978070902273647,69.30819145790427,0.039528709938494694,0.010915673801521999,72.38545396875736
0.786,post_correction,0.04311998146254915,0.011553672557813985,73.20575713176349,0.037424062101117955,0.008812390334990709,76.45260872221708
0.789,post_correction,0.04069729089325951,0.009130534534076841,77.56476086326158,0.03532118055966067,0.006717177811305371,80.9825784278092
0.792,post_correction,0.03827529332055363,0.006709465025432915,82.47050657654928,0.03322013404784373,0.004639053922035754,86.03541480189521
0.795,post_correction,0.03585403612764285,0.0042930922470501825,88.02619534446141,0.031121017158967926,0.0026156931841793125,91.59509096113985
0.798,post_correction,0.033433580215573196,0.0018974517834307338,94.32471254590045,0.02902395947463936,0.0010327760120922961,96.44164328097716
0.801,post_correction,0.031014005269659608,0.04783584322499227,-54.2394889311157,0.026929138927272722,0.04003976042907014,-48.685632085025645
0.804,post_correction,0.02859541769093436,0.04541394356647615,-58.8154579776388,0.024836801869881818,0.03793560476067979,-52.73949101587892
0.807,post_correction,0.026177962909414088,0.042992497180682515,-64.23163761616303,0.022747294123364445,0.03583261853079814,-57.5247514560132
0.81,post_correction,0.023761845186398654,0.040571507750762834,-70.74224426807594,0.020661110677126927,0.0337307916347706,-63.25739773570151
0.8130000000000001,post_correction,0.02134736081084774,0.03815097973721536,-78.71520547790058,0.018578978503095138,0.03163011791682686,-70.24680830303713
0.8160000000000001,post_correction,0.018934956580316374,0.03573091864455419,-88.703462260367,0.01650200126680173,0.02953059643516735,-78.95160688525814
0.8190000000000001,post_correction,0.016525339238453195,0.0333113314038289,-101.57729244260227,0.014431927120908624,0.027432233309567365,-90.08018180624134
0.8220000000000001,post_correction,0.0141196962652411,0.030892226934414808,-118.78818321654111,0.012371680415163415,0.02533504448769247,-104.78256499933865
0.8250000000000001,post_correction,0.01172018641338668,0.02847361699153125,-142.94508625740772,0.0103265149542018,0.02323906000798803,-125.04262194025286
0.8280000000000001,post_correction,0.00933117899021734,0.026055517484872837,-179.2307114908955,0.00830681663514281,0.021144330793290377,-154.541922880989
0.8310000000000001,post_correction,0.006963004629662447,0.02363795060521661,-239.4791740410279,0.006336016222354675,0.01905093991501583,-200.67694346804976
0.834,post_correction,0.004646888587249952,0.021220948402409897,-356.6700493021405,0.004477803565346133,0.016959022174771295,-278.73528678251364
0.837,post_correction,0.0025287390979420103,0.018804559118706855,-643.6338186889569,0.0029510249614975764,0.01486880015920558,-403.8520633746185
0.84,post_correction,0.0016968999426964495,0.01638885911704533,-865.8117549937979,0.0024713156695625915,0.012780655538084286,-417.15997658633336
0.843,post_correction,0.04532446053202862,0.013973977164296313,69.16901602298924,0.039246057652482326,0.0106952835119392,72.74813280191286
0.846,post_correction,0.04291135229326898,0.011560149105500642,73.06039430662744,0.037162452391216,0.008614070387589335,76.82050071155847
0.849,post_correction,0.040498859344798174,0.009147858952815268,77.41205776949802,0.03507997306484829,0.006540186937047084,81.35635131487417
0.852,post_correction,0.03808702485034518,0.0067382823909547885,82.30819441153142,0.032998683498563254,0.004482685105951797,86.4155638022742
0.855,post_correction,0.035675903490665566,0.004335204893637828,87.84836691025328,0.030918669907138947,0.002480658523949805,91.97682652132123
0.858,post_correction,0.03326556562974855,0.0019610066215554776,94.10499540761816,0.0288400488401565,0.0009706535272840711,96.63435546637305
0.861,post_correction,0.03085610342765775,0.04770229909913314,-54.595991716748564,0.026762978810287674,0.03965099139797547,-48.156121480519396
0.864,post_correction,0.028447640049755404,0.04528991613237198,-59.20447549659357,0.024687677756839065,0.03756569045215452,-52.163726463692775
0.867,post_correction,0.026040343968709027,0.04287792303778711,-64.65958778928074,0.02261445006091177,0.03548101902423417,-56.89534314859058
0.87,post_correction,0.023634451973734195,0.0404663247156905,-71.21752922666522,0.020543729794958505,0.03339697252444053,-62.565283216664234
0.873,post_correction,0.021230307758417787,0.03805512718358523,-79.24906043105487,0.018476152803285177,0.03131354995944254,-69.48089947532148
0.876,post_correction,0.018828429927762572,0.03564433795547694,-89.31126011159998,0.016412682710003894,0.029230755132949267,-78.09858174576465
0.879,post_correction,0.016429639314781502,0.03323396658593035,-102.28056105912346,0.014354844275393559,0.02714859840005054,-89.12499417766217
0.882,post_correction,0.014035315935878605,0.03082402546891747,-119.61761038895983,0.012305187331694611,0.025067099296427076,-103.71164307154807
0.885,post_correction,0.011647969995953448,0.028414531042509055,-143.94406108858777,0.010268295358780755,0.02298629059557875,-123.8569284620589
0.888,post_correction,0.009272684129506105,0.026005505662250048,-180.45283651471894,0.008253247024843487,0.020906224786459968,-153.30908821133258
0.891,post_correction,0.006921471832702651,0.02359698062039989,-240.9243176994321,0.006280626404713258,0.01882698483852129,-199.7628520682697
0.894,post_correction,0.004630527320744289,0.021189001221458142,-357.5936983793095,0.004407124379936901,0.01674870296955078,-280.0369929607157
0.897,post_correction,0.0025655352382407356,0.018781635756669437,-632.0747529294731,0.0028355059958303864,0.014671595327289991,-417.4242392315369
0.9,post_correction,0.001822524677074531,0.01637499238363725,-798.4785001606649,0.00230068516279548,0.01259603088921473,-447.4904212408509
0.903,post_correction,0.045131163009565524,0.013969253427914757,69.04743308973895,0.03911648276975936,0.01052268162341819,73.09911096722328
0.906,post_correction,0.042726857961309914,0.011564752425359405,72.93329540910419,0.03704367624504423,0.008452892659931096,77.18128027030811
0.909,post_correction,0.04032312730615669,0.009162172230070615,77.27812091431782,0.03497149454771692,0.006389767460160398,81.7286405891465
0.912,post_correction,0.03792002007542601,0.006763164241401789,82.16466070442658,0.03289999539018055,0.004342317182565193,86.80146568086991
0.915,post_correction,0.035517598437999856,0.004372997669426359,87.68780024060483,0.030829255985499994,0.002350978938684153,92.37419501855673
0.918,post_correction,0.033115942456020696,0.0020219261512930526,93.89440251027658,0.028759379996015334,0.000916220728385303,96.81418469900169
0.921,post_correction,0.030715157064865186,0.04758673910652545,-54.92917391250956,0.02669050770408337,0.039425595233902704,-47.71392013600025
0.924,post_correction,0.028315382592316526,0.04518244335665412,-59.56854267939338,0.02462283128947333,0.0373494314919258,-51.686177161492004
0.927,post_correction,0.025916811100930557,0.04277847504616808,-65.06072016179527,0.02255661846937648,0.035273469943729936,-56.37747294266747
0.93,post_correction,0.023519712690249366,0.04037484071032694,-71.66383468223763,0.020492250360145466,0.03319770887285847,-62.00128482435159
0.933,post_correction,0.021124479625839864,0.03797154843515623,-79.75140267459518,0.018430284615435995,0.03112214986391822,-68.86418475519554
0.936,post_correction,0.018731704146875167,0.03556860838180944,-89.88453000814138,0.016371565894522804,0.029046798935546497,-77.42224001470903
0.9390000000000001,post_correction,0.016342324196048055,0.03316603353851579,-102.9456345416039,0.014317430692649282,0.026971668197449783,-88.38343817719556
0.9420000000000001,post_correction,0.013957917658047792,0.0307638408243623,-120.40422918403326,0.012270115322648517,0.02489677833695649,-102.90582184668898
0.9450000000000001,post_correction,0.011581356383933162,0.02836205275321669,-144.89405051521786,0.01023364546606685,0.022822162462410856,-123.01107203767747
0.9480000000000001,post_correction,0.00921845781793402,0.02596070002004411,-181.61651908347343,0.008216018084410673,0.02074787225196589,-152.52953485257711
0.9510000000000001,post_correction,0.0068829687582717255,0.02355982566678696,-242.29162581151533,0.006235473537506669,0.01867398819786472,-199.47987246742042
0.9540000000000001,post_correction,0.0046161715276211174,0.021159492080520793,-358.3775094558728,0.004342957986010742,0.01660063752183201,-282.24264603307046
0.9570000000000001,post_correction,0.0026031982120018234,0.018759793356599778,-620.6440627574708,0.0027281641918082294,0.014528027409633971,-432.52027327595647
0.96,post_correction,0.0019425218734838942,0.01636087852543562,-742.2493846152962,0.002150719087148067,0.012456511361987702,-479.1789098085095
0.963,post_correction,0.044962740970440174,0.013962998681721836,68.94540150276532,0.03911153873053833,0.01038673474013141,73.44329812311517
0.966,post_correction,0.042565788243143554,0.01156661261901262,72.82650434442323,0.03704138721699924,0.008319996778498661,77.53864689311527
0.969,post_correction,0.04016936801152847,0.009172657630739186,77.16504370169164,0.0349714435374703,0.0062593259677217305,82.10160824212146
0.972,post_correction,0.037773535247163224,0.0067833917275688565,82.041946343695,0.03290175908120255,0.004213683838528453,87.19313509004503
0.975,post_correction,0.03537835969871337,0.004405961479072444,87.54616800610832,0.03083240232473429,0.002225058731495024,92.78337539819256
0.978,post_correction,0.032983931246150316,0.0020802943094208656,93.69300677382516,0.028763464941843,0.0008759322973947843,96.95470521661477
0.981,post_correction,0.03059036776182741,0.047488361731441914,-55.23959077962079,0.02669507074952821,0.039334427634311844,-47.347156347233174
0.984,post_correction,0.02819782696188993,0.04509071277662357,-59.90846683882696,0.02462738915122101,0.03725953692928643,-51.29308551750855
0.987,post_correction,0.02580652482578969,0.04269333003670356,-65.43618454987816,0.022560655949632684,0.03518448747228545,-55.95507307427511
0.99,post_correction,0.02341676525456437,0.040296222146897036,-72.08278645165366,0.020495206703377376,0.0331092789725503,-61.546450600541014
0.993,post_correction,0.021028989854220678,0.0378993998404874,-80.22453814100207,0.018431532402234555,0.031033914209243018,-68.3740316973352
0.996,post_correction,0.01864386575751065,0.03550287665688787,-90.42658383541298,0.016370376994521617,0.028958400105943926,-76.89513268775006
0.999,post_correction,0.016262450196269203,0.03310666995683395,-103.57737952937134,0.014312918518285136,0.026882749304027936,-87.82157719744232
1.002,post_correction,0.013886522950418614,0.03071080241223871,-121.15545066170019,0.0122611307190002,0.02480698252719221,-102.32214381949778
1.0050000000000001,post_correction,0.011519325579571988,0.028315304251480815,-145.806962012553,0.010218574258156558,0.022731132242926656,-122.44915649345565
1.008,post_correction,0.009167428143515583,0.025920216748162507,-182.7425134114273,0.008192348263150318,0.020655248533260475,-152.12854568413604
1.0110000000000001,post_correction,0.00684635455897813,0.023525597838203967,-243.62225379275915,0.006198755992145729,0.018579408902133634,-199.72802487587973
1.014,post_correction,0.0046025832194356,0.02113153155088777,-359.1232910608635,0.0042840144788488296,0.016503735483201706,-285.23995576309244
1.0170000000000001,post_correction,0.0026404075966178124,0.018738144658870297,-609.6686391477067,0.002627331042544546,0.014428427092443227,-449.1666964993276
1.02,post_correction,0.002057404656645956,0.016345637931498937,-694.4785134367343,0.0020195812424139456,0.01235382355292811,-511.7022327936632
1.0230000000000001,post_correction,0.044818618645448706,0.013954349475988111,68.86483810137427,0.039214573191198226,0.010280547764917321,73.78385909036285
1.026,post_correction,0.04242754494751906,0.011564896472119725,72.74200879069252,0.03714015952136157,0.008209862432121856,77.89491876737938
1.029,post_correction,0.040036960223724896,0.009178537594090968,77.07483899176742,0.03506558777504838,0.00614474475561646,82.47642447907612
1.032,post_correction,0.03764692540009202,0.006798295303326399,81.94196410177554,0.032990903365888974,0.004094188312922799,87.58994784860607
1.035,post_correction,0.035257517827268596,0.0044336676136783335,87.42490144825432,0.030916166792936316,0.0021023947756243838,93.19969131456253
1.038,post_correction,0.032868837238311945,0.002136373829860321,93.50030603647225,0.02884145905210642,0.000857832316525328,97.02569722642836
1.041,post_correction,0.03048101449924566,0.04740650946030587,-55.52799091211049,0.026766889563344665,0.0393600950777211,-47.047698555240146
1.044,post_correction,0.0280942248069192,0.04501404875352561,-60.22527427928642,0.024692608090068513,0.03727969623425103,-50.975126233202985
1.047,post_correction,0.025708708210533827,0.04262179431702685,-65.78738211188336,0.022618823206671912,0.035198816462967825,-55.617364092510215
1.05,post_correction,0.02332480267104986,0.040229757423874746,-72.47630340644587,0.020545831923669818,0.033117456196627364,-61.18819777978622
1.053,post_correction,0.020942999584111742,0.03783795212768394,-80.67112103840863,0.018474069192484767,0.031035618791277385,-67.99557513784048
1.056,post_correction,0.018564041785372628,0.035446396200130105,-90.94115715716487,0.016404194754228236,0.028953311564517047,-76.49943809070076
1.059,post_correction,0.01618910732282994,0.033055112474988727,-104.1811930443767,0.014337254759498003,0.026870547317880043,-87.417659577257
1.062,post_correction,0.013820180928534284,0.030664130820340744,-121.87937320725703,0.012275005316294737,0.02478734662849369,-101.93348996427038
1.065,post_correction,0.011460880472991111,0.028273491110319397,-146.6956284637044,0.010220623202886617,0.022703741404719226,-122.13656598070258
1.068,post_correction,0.009118544332103955,0.025883247841726117,-183.85284864600732,0.008180469590544373,0.020619780600673956,-152.06108735503292
1.071,post_correction,0.006810515277498405,0.023493477565165857,-244.95888501692534,0.006169263888220768,0.018535539789761912,-200.44978016182105
1.074,post_correction,0.0045885823446254245,0.021104291357768184,-359.93053568031746,0.004229390004437373,0.016451138020342253,-288.97188490732987
1.077,post_correction,0.0026760527619637004,0.01871585683363301,-599.3829531185784,0.0025320779410064284,0.014366769347286286,-467.39048647040886
1.08,post_correction,0.002167746193038444,0.016328439434819906,-653.2449826117779,0.001907508614028787,0.01228276645695582,-543.9166967122517
1.083,post_correction,0.044698332468384054,0.01394248604626726,68.80759241716895,0.039416037166165256,0.010199742204218787,74.12286232322145
1.086,post_correction,0.04231163342524616,0.011558811862883331,72.68171675928136,0.03733114444108042,0.008118948548802893,78.2515412523262
1.089,post_correction,0.03992537757019358,0.009179077256656443,77.0094165283258,0.03524575855307163,0.006043374057554466,82.85361329802393
1.092,post_correction,0.037539631755879085,0.006807259083021004,81.86647347185307,0.03315991962145726,0.003982248957286528,87.99077620589382
1.095,post_correction,0.03515448090563197,0.0044557775640568145,87.32515045231979,0.031073681226821956,0.0019833646628215507,93.61722015378867
1.098,post_correction,0.03277003457675537,0.0021906295498549887,93.31514422200563,0.02898711525502,0.000870300088035625,96.99763125658079
1.101,post_correction,0.03038643660457755,0.04734066220069193,-55.79537283934213,0.026900318997771434,0.0394923861059749,-46.81010329002664
1.104,post_correction,0.028003879654816974,0.0449519046071267,-60.520274909103456,0.02481342583762507,0.037400311714527144,-50.72611077272667
1.107,post_correction,0.025622627863158047,0.04256329471694061,-66.11603987013763,0.022726621818401793,0.03530745609707192,-55.35725625743198
1.11,post_correction,0.02324305332808259,0.040174847067936115,-72.84668455927988,0.02064017225756332,0.033213820202168384,-60.91832852798802
1.113,post_correction,0.020865697439984374,0.03778657981965259,-81.09425734911302,0.018554466279488986,0.0311194078686246,-67.71922942901092
1.116,post_correction,0.018491379212907492,0.03539851597412441,-91.43253494804364,0.016470095082114493,0.029024226863803987,-76.2237966392951
1.119,post_correction,0.016121398579356183,0.033010685126001346,-104.76315974392122,0.014387997923617392,0.02692829040835355,-87.15800871886219
1.122,post_correction,0.013757947663462852,0.030623126030620337,-122.58498709038228,0.012309755284828304,0.024831619475459935,-101.72309603964874
1.125,post_correction,0.011405026508469666,0.028235890473549238,-147.574088956133,0.010238235662465659,0.022734246365752067,-122.05238397762191
1.1280000000000001,post_correction,0.00907075710057261,0.02584904928171444,-184.97124325027585,0.008179211256569131,0.020636220467072055,-152.30086153476083
1.131,post_correction,0.006774345635583439,0.023462701998586792,-246.34639654854382,0.006146149310882135,0.018537617932564955,-201.6135306010702
1.1340000000000001,post_correction,0.004573031743361555,0.02107699312166194,-360.89759058109263,0.00417846765375127,0.01643855878212568,-293.4111771181898
1.137,post_correction,0.002709211707139878,0.01869214075153014,-589.9475852060112,0.002442159190435737,0.014339239037203452,-487.15415003904826
1.1400000000000001,post_correction,0.002274201561158818,0.01630849032157522,-617.1083953203004,0.0018166692398461058,0.012239995932881928,-573.7602896782028
1.143,post_correction,0.04460149183795231,0.013926623350854947,68.77543154508454,0.03971079580336547,0.010141454076198684,74.46172036839614
1.1460000000000001,post_correction,0.04221762398000282,0.01154760029714898,72.64744149832136,0.03760958012228116,0.00804489996656901,78.60943956190847
1.149,post_correction,0.03983415070666854,0.009173579392299923,76.97056613594577,0.0355075542417202,0.005953445034964247,83.23330017484238
1.1520000000000001,post_correction,0.03745114473914457,0.0068097203066354315,81.81705698432819,0.033404753891775024,0.0038769273705871548,88.39408491633361
1.155,post_correction,0.03506869850646561,0.004472052947624095,87.2477361918647,0.03130122700547658,0.0018692117240752593,94.02831165772442
1.158,post_correction,0.03268693131401257,0.0022437568367486413,93.13561491841003,0.02919703812411724,0.0009198886458681016,96.84937683761744
1.161,post_correction,0.03030599988207363,0.04729040254684128,-56.043036794222836,0.027092274860029002,0.039725600389944236,-46.63072995968309
1.164,post_correction,0.027926114256743607,0.04490382890595832,-60.79511991223387,0.024987057631007385,0.03761600156886767,-50.54194104946775
1.167,post_correction,0.02554756257823378,0.04251734598027536,-66.42427570174398,0.02288155477365763,0.03550533247236381,-55.17010458240054
1.17,post_correction,0.023170751032529267,0.040130972300501444,-73.19668337103892,0.020776006848514307,0.03339359471280186,-60.731534968616145
1.173,post_correction,0.02079627104527994,0.03774473104502915,-81.49759138475908,0.018670767379550954,0.03128079290873748,-67.53887118211104
1.176,post_correction,0.01842501807622351,0.03535865160683581,-91.90565491202548,0.016566374600662574,0.029166935774799552,-76.06106633392812
1.179,post_correction,0.016058414764540323,0.03297277184013029,-105.330179370754,0.014463685632565003,0.027052037724727186,-87.03419316456585
1.182,post_correction,0.013698862840202487,0.03058714135746525,-123.28233893765399,0.012364146865814224,0.024936121293268592,-101.68088881421144
1.185,post_correction,0.011350750440685215,0.028201826498472436,-148.45781471317383,0.01027039336083593,0.02281922091006725,-122.1844880555767
1.188,post_correction,0.009022999942410499,0.025816918049625385,-186.12344247370552,0.008187756714964255,0.020701388995877482,-152.83346484932602
1.191,post_correction,0.006736733820641765,0.023432543671266157,-247.83241100408938,0.0061287875221938855,0.018582706237840797,-203.2036299275857
1.194,post_correction,0.0045548279892650805,0.02104888875606432,-362.12258301900334,0.004130852648022888,0.016463299814681785,-298.54483365707716
1.197,post_correction,0.002739143874814153,0.01866623323493862,-581.4623140672047,0.0023580038453681687,0.014343377802965912,-508.28475030439984
1.2,post_correction,0.002377538033250339,0.01628502060741609,-584.9531060982774,0.0017510052285857084,0.012223299412891403,-598.0732674775732
1.203,post_correction,0.04452773074900929,0.013905997653402877,68.7700284306263,0.04009655028834169,0.010103733636297152,74.80148899683554
1.206,post_correction,0.042145105284074724,0.011530526317330819,72.64088856912208,0.03797332943143117,0.007986070174448088,78.96926528692035
1.209,post_correction,0.03976282255954048,0.009161377741664345,76.95994109083634,0.035848991083661776,0.005873716239800481,83.6153931749632
1.212,post_correction,0.037380961087394,0.006805169257308668,81.79509285114776,0.033723567664865665,0.003777713877756342,88.79800051021265
1.215,post_correction,0.03499962071079565,0.004482369441204998,87.19309138163771,0.03159710290971942,0.0017621679894557006,94.42300772165524
1.218,post_correction,0.03261893037628303,0.0022967148181964416,92.9589511620946,0.02946965596621485,0.0010095705416597776,96.57420316403697
1.221,post_correction,0.030239059566408506,0.047255372577361156,-56.27262638106466,0.027341307414010467,0.04005695163747897,-46.50708187038871
1.224,post_correction,0.027860235571599286,0.04486942411292071,-61.05184752515369,0.0252121683395332,0.03792410502912742,-50.41984695010006
1.227,post_correction,0.025482770396468114,0.04248351128646203,-66.71464925316833,0.023082394444108492,0.035789903445289095,-55.05281972349296
1.23,post_correction,0.023107104195472204,0.040097657462160506,-73.52956529281401,0.020952208767833467,0.03365434959024274,-60.624352129929235
1.233,post_correction,0.020733878394005655,0.03771189189155953,-81.88537221508142,0.018821939850373167,0.031517449479789864,-67.45059080169675
1.236,post_correction,0.018364065097742962,0.0353262516998175,-92.3661864178388,0.01669208909210293,0.02937921365087954,-76.00681070399344
1.239,post_correction,0.015999210468352138,0.03294078473436544,-105.89006438489724,0.01456345709935138,0.0272396589438006,-87.04115896364873
1.242,post_correction,0.013641928271327446,0.030555553746697568,-123.98265948164465,0.012437399259840339,0.02509881120008568,-101.80112156669544
1.245,post_correction,0.011297001626183217,0.02817064269624724,-149.36388989230338,0.010316395265089203,0.0229567094762004,-122.52646284197895
1.248,post_correction,0.00897417371083631,0.025786166547763306,-187.337501798372,0.008205492569876627,0.020813412868720783,-153.6522054157892
1.2510000000000001,post_correction,0.006696550596305155,0.023402287048438806,-249.46778512135927,0.0061166868017176685,0.018669012055580657,-205.21445123425454
1.254,post_correction,0.004532898590781472,0.021019239219473154,-363.7041574726567,0.004086330603390233,0.016523649847044793,-304.3639991667809
1.2570000000000001,post_correction,0.0027652966086975173,0.01863737812030857,-573.9739260406849,0.0022807547126213698,0.0143775601708079,-530.3860775226964
1.26,post_correction,0.002478670182059144,0.01625726658995971,-555.8866406523703,0.0017158894167112406,0.012231148144757781,-612.816806586558
1.2630000000000001,post_correction,0.04447665901131133,0.01387985288711787,68.79295073942505,0.04057288347146986,0.01008517240954645,75.14307205540823
1.266,post_correction,0.042093637740834654,0.01150686730656504,72.66364247867718,0.03842199449642964,0.007941222697495998,79.33157088387503
1.2690000000000001,post_correction,0.03971090385033695,0.009141831620961579,76.97903916915251,0.036269684908991275,0.005803252184103405,83.99971712281192
1.272,post_correction,0.037328541556182496,0.006793152043412395,81.80172125613815,0.03411598505347129,0.003684404639968774,89.20035685853988
1.2750000000000001,post_correction,0.034946658013393805,0.0044867368627372495,87.16118473755733,0.03196093608822232,0.001665677178293628,94.78839676755452
1.278,post_correction,0.032565391689992666,0.002350762719411644,92.78140812249455,0.02980459391662524,0.0011388586523280967,96.17891572180478
1.281,post_correction,0.030184924693608048,0.047235229523889144,-56.48615990713955,0.02764703496585144,0.040485584630864324,-46.43734737150138
1.284,post_correction,0.027805501407890208,0.04484830434472111,-61.29291713471768,0.02548836491176807,0.038323760698886905,-50.35786262300681
1.287,post_correction,0.02542745754916878,0.04246136211041554,-66.99019958369215,0.02332873226282378,0.036160296811856285,-55.0032655202642
1.29,post_correction,0.02305126711868243,0.040074431982783335,-73.84915014196375,0.021168350278007134,0.033995197434453076,-60.594458179258304
1.293,post_correction,0.020677621530729523,0.0376875504967535,-82.26250268071259,0.019007533852018164,0.03182847088241126,-67.45187003327003
1.296,post_correction,0.01830756983093127,0.03530076405087861,-92.82058938940521,0.016846764792975307,0.029660130738225526,-76.0583180373782
1.299,post_correction,0.015942782786666058,0.03291413248064939,-106.4516146339115,0.014686814656190636,0.027490197940744057,-87.17603908180777
1.302,post_correction,0.01358608935013065,0.030527734306384755,-124.69846561174859,0.012528994254062153,0.025318703954996323,-102.08089685081856
1.305,post_correction,0.01124267651609352,0.028141674648067584,-150.311165742283,0.010375712778256206,0.023145695734926544,-123.07571758763088
1.308,post_correction,0.00892313477396634,0.025756097533019277,-188.64404926577922,0.008231906161142563,0.020971243784656292,-154.7556225026932
1.311,post_correction,0.006652642696709154,0.02337120572715122,-251.3070939269321,0.006109424638387306,0.018795455835942398,-207.64690537051618
1.314,post_correction,0.004506205546510661,0.02098729405536843,-365.7420492418449,0.004044842781715372,0.016618501302354566,-310.856544968278
1.317,post_correction,0.0027873254221647977,0.018604808261809908,-567.4788711021888,0.0022123474000984977,0.014440657902283537,-552.7301228387827
1.32,post_correction,0.002578697998639827,0.016224455529094746,-529.1723783728291,0.0017174366530067235,0.0122624080304612,-613.9947787298794
1.323,post_correction,0.044447815368539076,0.013847428404251282,68.8456490168632,0.0411406574844736,0.010084660043052675,75.48736296482717
1.326,post_correction,0.04206270883311832,0.011475905089281545,72.7171515871419,0.03895635630140125,0.00790933455479467,79.69693445249094
1.329,post_correction,0.039677830684479845,0.009114323092297262,77.02917993482349,0.03677033169626845,0.005741278021796127,84.38611305108579
1.332,post_correction,0.03729327076048924,0.006773277587442174,81.83780223798928,0.03458261332765895,0.003597035572409613,89.59871673569353
1.335,post_correction,0.03490914343065442,0.004485326992394188,87.15142638402426,0.03239324158211929,0.0015846552989839423,95.10806815993786
1.338,post_correction,0.032525596572336106,0.002407496170629955,92.59814907537285,0.030202271488537637,0.0013054689709934395,95.67758017310423
1.341,post_correction,0.03014282479356704,0.04722960236770727,-56.68605278755035,0.028009778479642578,0.04101194510696978,-46.42009802675568
1.344,post_correction,0.02776108944195474,0.04484005411492736,-61.52123355491065,0.025815867103299465,0.03881531416410811,-50.35448551386143
1.347,post_correction,0.025380749832254943,0.04245043911691327,-67.25447198161748,0.02362068460781963,0.03661675480411473,-55.019870982032195
1.35,post_correction,0.02300231376388063,0.04006079343293749,-74.15984254524399,0.021424442905240714,0.03441627414222601,-60.640228987271904
1.353,post_correction,0.02062652276899812,0.03767116226336546,-82.63457532447308,0.01922745561943131,0.03221388396736298,-67.54106526090513
1.356,post_correction,0.018254503405176415,0.03528160304268765,-93.27615909114718,0.017030203839058185,0.03000960247018272,-76.21399458153714
1.359,post_correction,0.01588805271045069,0.03289218987979073,-107.02467746821621,0.01483346028404756,0.027803456798534087,-87.4374304182749
1.362,post_correction,0.013530219278785461,0.030503020083087844,-125.4436491721511,0.012638542664879453,0.02559548694243415,-102.51929056314405
1.365,post_correction,0.011186606081957035,0.028114224008344967,-151.3204076586787,0.010447884841894784,0.02338575183182258,-123.83240422069429
1.368,post_correction,0.008868686408772284,0.025725980383692237,-190.07655923255894,0.00826650817379753,0.021174339270832503,-156.14611182444733
1.371,post_correction,0.0066038302349290335,0.023338541023313165,-253.40916094224775,0.006106598099125621,0.0189613828524113,-210.50648077079612
1.374,post_correction,0.004473755587459982,0.020952272389904505,-368.33743999413167,0.004006475439912931,0.016747092328594552,-318.0006237342241
1.377,post_correction,0.0028051290644424123,0.018567729090151117,-561.9206697301075,0.0021556136936931474,0.014531811815532229,-574.1380358664969
1.3800000000000001,post_correction,0.002678946584441313,0.016185792030038514,-504.1849480703259,0.0017614800631870812,0.01231614090119525,-599.1927503801212
1.383,post_correction,0.04444062218480304,0.013807948672322982,68.92944339324582,0.04180160730737403,0.01010121513809067,75.83534273260167
1.3860000000000001,post_correction,0.04205169007171765,0.011436919921793744,72.80271042070251,0.03957799477414696,0.0078894580626296,80.06604905667649
1.389,post_correction,0.03966292377299739,0.00907825741755859,77.11147703201071,0.03735235359624902,0.005687078825550699,84.77451009640848
1.3920000000000001,post_correction,0.0372744186825074,0.006745229885961405,81.90386295916429,0.03512471430080502,0.0035158550612578205,89.9903668079736
1.395,post_correction,0.03488629630943499,0.00447851061739956,87.16255065405625,0.03289511850814747,0.0015256488265014184,95.36208137957142
1.3980000000000001,post_correction,0.0324987138589258,0.002468878650350755,92.40314967211333,0.030663622995648638,0.001507021664611806,95.08531113617701
1.401,post_correction,0.03011187835801426,0.04723804916922475,-56.87513282163738,0.02843030568750679,0.0416373495348206,-46.45410426634076
1.4040000000000001,post_correction,0.02772606805292329,0.04484418785202386,-61.74016368431919,0.02619527472566516,0.039399911959555924,-50.408470123633975
1.407,post_correction,0.025341665842259938,0.04245021387364179,-67.51153668379416,0.023958682642138032,0.03716025176299812,-55.10139817805109
1.41,post_correction,0.022959213434700525,0.04005617143964294,-74.4666538928642,0.021720749321063083,0.03491837981678965,-60.760475159706104
1.413,post_correction,0.020579502881000848,0.03766211598745786,-83.00789968171588,0.019481800831568415,0.032674312824973524,-67.71710740430059
1.416,post_correction,0.018203739312435324,0.03526811799547714,-93.74106270234715,0.01724233856359482,0.030428075492474466,-76.47301948193842
1.419,post_correction,0.01583384864722903,0.0328742684551997,-107.62020142811457,0.015003170286062637,0.028179703738251422,-87.82499432422809
1.422,post_correction,0.013473105556540363,0.030480686919127444,-126.2335642752457,0.012765678876703759,0.025929249591315335,-103.11688741155737
1.425,post_correction,0.011127545709411733,0.028087533657453683,-152.4144532041518,0.0105324320214521,0.023676788895690623,-124.7988769114915
1.428,post_correction,0.008809573076746008,0.025695028594643392,-191.67166638833723,0.008308766711731556,0.02142243390191403,-157.8292861642949
1.431,post_correction,0.006548908072358146,0.023303481880745682,-255.83766978049073,0.0061077816511095825,0.019166354784583114,-213.80222606846496
1.434,post_correction,0.00443461812314718,0.02091334536813075,-371.5929260959424,0.003971462799305448,0.016908818447938827,-325.7579461878868
1.437,post_correction,0.0028189011134501516,0.018525303763748446,-557.1817533916499,0.0021143783232181698,0.014650263301562468,-592.8875093301265
1.44,post_correction,0.002781005588787778,0.01614044623762489,-480.3816541289442,0.001852533697221328,0.012391455914584197,-568.8923355710356
1.443,post_correction,0.04445434030987453,0.013760615123016703,69.0455082066304,0.04255803681519428,0.010133857087696612,76.18814718427386
1.446,post_correction,0.04205979420182557,0.011389187228773714,72.92143852601309,0.040289002681419384,0.007880615344004412,80.43978550097289
1.449,post_correction,0.039665347995148446,0.009033067418605009,77.22680406154545,0.03801763035397718,0.005639925600004201,85.16497333607698
1.452,post_correction,0.03727110260731724,0.006708786680652296,82.00003162950377,0.03574395296358571,0.0034413272711319412,90.37228122295872
1.455,post_correction,0.03487718665508668,0.00446690526648252,87.19247251603923,0.03346801559591938,0.0014966375307463317,95.52815575080344
1.458,post_correction,0.03248376664667059,0.0025372614149983706,92.18914037095378,0.03118987968985155,0.0017419707820568496,94.41494869688887
1.461,post_correction,0.030091062025002044,0.04726001399113869,-57.05665008390636,0.028909629530115864,0.04236366141048587,-46.53823690945128
1.464,post_correction,0.027699367981486162,0.04486010911921207,-61.95354763760635,0.02662738209713701,0.040079194529192244,-50.51871935056501
1.467,post_correction,0.025309091150486022,0.04246005037873688,-67.76600205148615,0.024343302487722075,0.03779220350599386,-55.24682209841885
1.47,post_correction,0.022920807519941144,0.04005989153445617,-74.77521897779556,0.02205762895935414,0.03550270429285297,-60.954309088588936
1.473,post_correction,0.020535360483380664,0.037659700042213154,-83.38952497420863,0.019770715404277144,0.03321072022610755,-67.97935505623043
1.476,post_correction,0.018154035542001633,0.035259561705176745,-94.22437299739408,0.017483107225508006,0.030916284787424798,-76.83518374993244
1.479,post_correction,0.01577889147052728,0.03285958736892318,-108.25029077803218,0.015195685773947662,0.028619445703412027,-88.339283459512
1.482,post_correction,0.013413438227553661,0.03045992277758571,-127.0851235965395,0.012909966071601936,0.026320271207336775,-103.87560324603407
1.485,post_correction,0.011064167195144865,0.028060763478285518,-153.61839696890186,0.010628776917471666,0.024018859920601352,-125.97952809715072
1.488,post_correction,0.008744477437662102,0.025662378066277625,-193.46954405475194,0.00835804476021416,0.02171535705335933,-159.81384015467887
1.491,post_correction,0.006486651508661407,0.023265145763499907,-258.661872499775,0.006112488944381901,0.019409982195755685,-217.5462953367916
1.494,post_correction,0.004387952807798616,0.02086961979190425,-375.6117648943971,0.003940205276014823,0.017103079668947287,-334.065701425728
1.497,post_correction,0.0028292002267296403,0.018476639786533394,-553.0693590354724,0.0020934970255907705,0.014795216097814546,-606.7225755259642
1.5,post_correction,0.0028867656912902676,0.01608754384298317,-457.2860967386891,0.001993244040198494,0.01248738628345226,-526.4855698356295
1.5030000000000001,post_correction,0.04448802235020559,0.013704600311829447,69.19485383290787,0.04341255775199439,0.01018149875622708,76.54711151922548
1.506,post_correction,0.042086030989163276,0.011331977464133522,73.07425481140906,0.04109173800670352,0.007881710151449475,80.81923390496726
1.5090000000000001,post_correction,0.03968407072027931,0.008978222485929659,77.37575222760195,0.03876826494031909,0.005599018206112215,85.5577281708854
1.512,post_correction,0.03728224800324262,0.006663845924834369,82.12595462522864,0.03644217622479046,0.0033741640819557467,90.74104668957611
1.5150000000000001,post_correction,0.034880698595824745,0.004451434925397772,87.23811418751052,0.03411352289906784,0.001506203362091006,95.58473228769883
1.518,post_correction,0.032479598371272664,0.002615383810943171,91.94761037052598,0.031782374309498956,0.0020098760500230906,93.67612995035934
1.5210000000000001,post_correction,0.03007917930350136,0.04729478190089093,-57.23428296923511,0.029448825415190803,0.04319301348046097,-46.67143042717216
1.524,post_correction,0.027679753742331056,0.044887068126978645,-62.16570618665653,0.027113007892268177,0.04085503141842753,-50.684245660837085
1.5270000000000001,post_correction,0.025281752453848002,0.042479165101079165,-68.0230244269069,0.02477510755739608,0.038514215379459225,-55.45529031603187
1.53,post_correction,0.02288578644823815,0.040071137741188104,-75.09181007093142,0.022435392738717544,0.036170587946204126,-61.22110438380369
1.5330000000000001,post_correction,0.020492751884870018,0.0376630675356598,-83.78726169747257,0.02009426254028315,0.03382418109252937,-68.32755630977611
1.536,post_correction,0.018104017450598378,0.03525505819785552,-94.73610370768984,0.017752333381278452,0.03147503971535258,-77.30085977624803
1.539,post_correction,0.015721780616251735,0.0328472438055225,-108.92826714276902,0.015410604477511834,0.02912322689044278,-88.98172964559116
1.542,post_correction,0.013349799558912115,0.03043980079736047,-128.01691263626003,0.013070800875374728,0.026768831920309634,-104.79871260790051
1.545,post_correction,0.010995052714050851,0.028032966138133827,-154.9598157206632,0.010736162782285858,0.024411983071323227,-127.38089544992556
1.548,post_correction,0.008672020285120494,0.02562706569106865,-195.5143651478737,0.008413536104777953,0.022052868527039624,-162.11177146450999
1.551,post_correction,0.006415827191229042,0.023222560161388905,-261.95738241104806,0.0061201372752084674,0.019691772476882394,-221.75377105755592
1.554,post_correction,0.004333049764858554,0.02082012272166418,-380.49581360725085,0.0039133067071499055,0.01732914081605236,-342.8260321224175
1.557,post_correction,0.0028370408768878925,0.018420776996694133,-549.2954383125034,0.002098766654156492,0.014965709216499791,-613.0716121709398
1.56,post_correction,0.0029984482753245994,0.016026157967043805,-434.4817217268449,0.0021845957943597717,0.012602775360733901,-476.89277775192886
1.563,post_correction,0.04454046248056501,0.013639044649021917,69.37830482794551,0.044367830176198775,0.010242847203351883,76.91379731063188
1.566,post_correction,0.04212915984198962,0.011264559630665189,73.26184601612222,0.04198857620529643,0.007891447662306055,81.20572694886799
1.569,post_correction,0.03971781726780804,0.008913243216894663,77.55857740923996,0.03960634759039512,0.0055634405343008425,85.95315934749301
1.572,post_correction,0.037306546849828086,0.006610461752197959,82.28069250470331,0.03722118871201268,0.003315388027211346,91.09274007108391
1.575,post_correction,0.034895491611818895,0.004433402433129988,87.29519995749703,0.03483315934285375,0.0015620813044235475,95.5155336642066
1.578,post_correction,0.032484836974666455,0.002706345572562017,91.66889593851869,0.03244234036517957,0.002311364551366729,92.8754691389419
1.581,post_correction,0.030074827722031443,0.04734143042206584,-57.41214167416717,0.030048842240818566,0.04412753307627609,-46.852689772962144
1.584,post_correction,0.027665793804741823,0.04492411603643199,-62.38144603221957,0.027652817913055208,0.041729258536219366,-50.90418151026306
1.587,post_correction,0.02525819084987839,0.042506584160966185,-68.28831650534005,0.025254483100342652,0.03932783145029611,-55.72613897515292
1.59,post_correction,0.022852666137871014,0.04008891266178951,-75.42335069322571,0.02285414943496501,0.036923282822007804,-61.56052067078091
1.593,post_correction,0.02045017082048295,0.037671199333091626,-84.20970496422477,0.020452281027672575,0.03451565557418087,-68.76188786708
1.596,post_correction,0.01805216094117475,0.03525356872489084,-95.28725031739442,0.01804959629699525,0.032105009059184536,-77.8710644322229
1.599,post_correction,0.015660980961583495,0.032836181983377885,-109.66874338156268,0.015647263641777626,0.02969142578628512,-89.75474860032455
1.602,post_correction,0.013280655073613944,0.030419251374764023,-129.04932931509612,0.013247309530015655,0.02727502175017919,-105.89102782251483
1.605,post_correction,0.010918690932198376,0.028003062311433808,-156.4690445523551,0.010853564825766333,0.02485596282770364,-129.01197188867985
1.608,post_correction,0.008590763997805654,0.025588007814989575,-197.85485693153183,0.008474196777876015,0.022434491847875042,-164.73885886678755
1.611,post_correction,0.006335210815969036,0.023174644431982205,-265.806996881088,0.0061300153322469296,0.02001097541281493,-226.44250182454266
1.614,post_correction,0.00426938691361022,0.020763786917625558,-386.34118522810513,0.003891636482627486,0.017585989568997852,-351.89188783440676
1.617,post_correction,0.0028440047663151856,0.01835667696537768,-545.4516948352859,0.0021366482803353514,0.015160487848193021,-609.5453186059032
1.62,post_correction,0.003118623238195297,0.015955303144496277,-411.61368096934285,0.0024266599104724295,0.01273616124948177,-424.84327097167295
1.623,post_correction,0.04461014099101479,0.013563056153359277,69.59647324116035,0.045426272070382835,0.010316304079402837,77.29000508027843
1.6260000000000001,post_correction,0.04218763760303556,0.011186209232009851,73.48462756491261,0.04298163218173047,0.007908256760221836,81.60084585251448
1.629,post_correction,0.03976502197982227,0.008837722981496808,77.77513366902882,0.04053369022282278,0.005532127103293391,86.35178027738888
1.6320000000000001,post_correction,0.03734241202954975,0.006548891985665482,82.46258977464225,0.038082499712597716,0.0032664315609939655,91.42274906940148
1.635,post_correction,0.03491995828803828,0.004414573898784346,87.35802069873449,0.03562813227323282,0.00166972356863298,95.31346870549419
1.6380000000000001,post_correction,0.03249785606579963,0.002813544515204179,91.34236883347785,0.03317068439124307,0.0026480068618408956,92.01702674986122
1.641,post_correction,0.03007636345079851,0.0473987758342949,-57.59477009856552,0.030710287454098744,0.04516903692032567,-47.08112709084132
1.6440000000000001,post_correction,0.027655828739005118,0.04497005459723174,-62.60606406564506,0.028247123073903934,0.042703385922575034,-51.17782370561658
1.647,post_correction,0.025236733584490436,0.04254109634026422,-68.56815561269151,0.025781447254742136,0.04023425533115255,-56.05894786900307
1.6500000000000001,post_correction,0.022819763445160714,0.04011199389582654,-75.7774307881045,0.023313629979259773,0.03776168661833884,-61.972574206300436
1.653,post_correction,0.020405927736509726,0.03768286392699869,-84.66626175284128,0.020844223026051132,0.0352857362967376,-69.28304908577041
1.6560000000000001,post_correction,0.017996775785274782,0.03525385513025479,-95.88983910718048,0.018374082588621193,0.03280648164764306,-78.54759000571624
1.659,post_correction,0.01559481050969045,0.032825160074687054,-110.48771355246572,0.015904606143320805,0.03032402928636279,-90.66193160084931
1.6620000000000001,post_correction,0.013204346186341111,0.030397032704365834,-130.20475436950633,0.013438229689952366,0.02783852834953412,-107.15919426759554
1.665,post_correction,0.01083347582183345,0.02796981492947263,-158.17951126177928,0.010979590381117073,0.025350191498067654,-130.88467436513332
1.668,post_correction,0.008499220603388402,0.025543978316132022,-200.54495003869357,0.008538670682239673,0.02285932972298827,-167.7153221348071
1.671,post_correction,0.006243614043792583,0.023120191881710956,-270.3014266984858,0.00614125684971014,0.020366412815591223,-231.63264970023997
1.674,post_correction,0.004196710596041774,0.020699437190384567,-393.23003615993264,0.003876424647562591,0.017872180607647233,-361.048059295693
1.677,post_correction,0.002852369194026537,0.018283214055313562,-540.9834355805858,0.0022138079873499084,0.01537786259773361,-594.633982965345
1.68,post_correction,0.0032502089723963766,0.015873931862760298,-388.39726914717306,0.002719434698177614,0.012885652305136176,-373.83569510866687
1.683,post_correction,0.044695161952314454,0.013475713939188928,69.84972567374014,0.04658970988704059,0.01039986023717481,77.67777420724477
1.686,post_correction,0.04225956004718054,0.011096221735162679,73.74269461685276,0.04407242561650882,0.007930212142335153,82.00640869794871
1.689,post_correction,0.03982377359585791,0.008751358084909995,78.02478947946753,0.041551506714586815,0.005503843740449955,86.75416567140319
1.692,post_correction,0.03738792662768729,0.00647965947028825,82.6691125859603,0.039027018570231914,0.0032292791825319807,91.72552938749175
1.695,post_correction,0.03495217759138046,0.004397271881788498,87.41917618639903,0.036499048156332294,0.0018317962382773344,94.9812492905804
1.698,post_correction,0.032516732232846415,0.002940577519458681,90.95672499191573,0.03396771213883398,0.003022197142221109,91.10273565123055
1.701,post_correction,0.030081862714774966,0.047465312882265936,-57.78714680109533,0.031433168941158204,0.046318666056680995,-47.35601791657698
1.704,post_correction,0.02764793680771326,0.04502337983644448,-62.84535135324743,0.028895637210456345,0.043778248526395745,-51.50470019935705
1.707,post_correction,0.025215463916415576,0.04258120079488856,-68.86939275056396,0.02635542502583559,0.04123401699151459,-56.45362179169517
1.71,post_correction,0.022785170424844504,0.04013888582370178,-76.16232433326513,0.023812977903531426,0.03868602572136,-62.457739968855066
1.713,post_correction,0.020358128616486688,0.03769657334282016,-85.16718335442789,0.021268961362790918,0.036134347816863026,-69.89239484010923
1.716,post_correction,0.017935989268337487,0.03525443993728533,-96.55698612353774,0.018724410916885415,0.03357908243273429,-79.33318480237547
1.719,post_correction,0.015521429271872023,0.03281271454163241,-111.40266122975997,0.01618102347456202,0.031020365604575495,-91.70830357759638
1.722,post_correction,0.013119085093700609,0.03037169944795638,-131.50775554112352,0.013641773373639707,0.02845838696824371,-108.61207842108317
1.725,post_correction,0.010737709203904273,0.027931802289092415,-160.12813123060087,0.011112365534662171,0.02589341647986516,-133.0144414265108
1.728,post_correction,0.008395866177177377,0.025493586298272555,-203.64450504907043,0.008605209697624749,0.023325848873925713,-171.0665944650277
1.731,post_correction,0.0061399241599573075,0.02305785225376108,-275.5396915834446,0.006152825358890166,0.0207562812697901,-237.34552923397257
1.734,post_correction,0.004115147808140875,0.02062577800589721,-401.21597005808263,0.0038693996957357385,0.01818565674982557,-369.9865141837641
1.737,post_correction,0.002865241203279517,0.018199168675514146,-535.1705627674075,0.0023365897524471792,0.015615549807100131,-568.3051567244744
1.74,post_correction,0.003396448361994639,0.01578093441134135,-364.6304824747475,0.0030634644786491825,0.013048788224171342,-325.9487359855118
1.743,post_correction,0.04479318274242071,0.013376076470843826,70.13814234241451,0.04785894325292181,0.010490981427829506,78.07937092888271
1.746,post_correction,0.042342595988680426,0.010993932983311963,74.03576061739105,0.045261464667615485,0.007954956160200468,82.42443937990316
1.749,post_correction,0.039891753995613025,0.008653988592902066,78.30632216910351,0.04266001586166916,0.0054771888157902635,87.16083736688992
1.752,post_correction,0.03744078736897008,0.00640362951306825,82.89664837984843,0.04005467717386797,0.003206656992157218,91.99430074485964
1.7550000000000001,post_correction,0.034989863064630845,0.0043844697001875245,87.46931449234644,0.037445554873542515,0.002048893321960582,94.52834033604282
1.758,post_correction,0.032539198064664925,0.0030911094308455544,90.50035153078261,0.0348327909661408,0.0034370561011127956,90.13269966092071
1.7610000000000001,post_correction,0.03008907972252852,0.04753914679137046,-57.994685213907005,0.032216577816792664,0.04757643338937894,-47.67686890871463
1.764,post_correction,0.027639896896144208,0.045082218857045886,-63.10559705211816,0.029597180595302187,0.044953574317352425,-51.8846505416387
1.7670000000000001,post_correction,0.025192189165322745,0.04262504868989624,-69.19946261982652,0.026974972889879073,0.042326561723640424,-56.91048846066207
1.77,post_correction,0.02274672764759409,0.04016776613585147,-76.58700960487384,0.02435049545500119,0.03969546531049512,-63.01707447329303
1.7730000000000001,post_correction,0.020304653780190595,0.037710534625072054,-85.72360323554393,0.02172455768969449,0.03706037815707448,-70.59209529800862
1.776,post_correction,0.017867730792255797,0.03525356286225751,-97.30296629237917,0.019098422930906477,0.03442142575116696,-80.23177031787095
1.7790000000000001,post_correction,0.015438830213266603,0.03279712175933413,-112.43268632588192,0.016474170670667712,0.03177877956678734,-92.90063337373036
1.782,post_correction,0.013022953079890138,0.03034156956630854,-132.985325065492,0.013855468122792229,0.029132678097623498,-110.26123288970855
1.7850000000000001,post_correction,0.010629608628270164,0.02788739022031911,-162.35575735263396,0.01124940753230861,0.0264834605951441,-135.4209367834072
1.788,post_correction,0.008279164085246956,0.02543525376661709,-207.2200708274571,0.00867159076284936,0.023831623444586253,-174.82412508077726
1.7910000000000001,post_correction,0.006023161445355844,0.022986115161028164,-281.628740480659,0.006163518741493259,0.02117791907469002,-243.60111428101484
1.794,post_correction,0.004025360599606719,0.020541383061361877,-410.29920309173764,0.0038729787657886257,0.01852354006251362,-378.2763134706165
1.797,post_correction,0.00288667440157024,0.018103223641380575,-527.1307782939814,0.0025106174084361817,0.01587048787408439,-532.1348613594547
1.8,post_correction,0.0035608555902749356,0.015675143174197263,-340.2072135979818,0.0034601622765353278,0.013222383651490645,-282.13189425122175
1.803,post_correction,0.04490133479973659,0.013263196005857137,70.46146609001266,0.049233197778614006,0.010586484352315,78.49726438668672
1.806,post_correction,0.04243391352414808,0.010878748404352025,74.36308013833982,0.04654772388145299,0.007979623217047465,82.85711405058206
1.809,post_correction,0.03996616999666026,0.008545652253482416,78.61778535647392,0.043857944754634844,0.005450626238186444,87.5720892333642
1.812,post_correction,0.03749824203934541,0.006322105182401414,83.14026248012405,0.041163959169127955,0.0032022665587730283,92.22070319908718
1.815,post_correction,0.03503030594748351,0.004379872667351114,87.49690432645008,0.03846589714951023,0.002320847167100859,93.96648111941823
1.818,post_correction,0.03256259105449588,0.003268721568776577,89.96172766686124,0.03576393187627937,0.0038963478232002012,89.1053706379961
1.821,post_correction,0.0300954014479169,0.04761791709163839,-58.2232327887234,0.03305829748307445,0.04894065763293209,-48.04349092081728
1.824,post_correction,0.02762914928509231,0.04514425940331037,-63.39359180946111,0.030349316454577255,0.04622744548151565,-52.317913158613074
1.827,post_correction,0.025164407616698983,0.04267037856964459,-69.56639401012058,0.027637443248735055,0.04350973896539532,-57.43040546048603
1.83,post_correction,0.022701997423238987,0.04019642707515372,-77.06119125009897,0.02492333654276687,0.040787626195090076,-63.65235098078096
1.833,post_correction,0.020243137689823252,0.037722597025411635,-86.34757913233855,0.02220798461265192,0.03806122404790411,-71.38531348864758
1.836,post_correction,0.017789718673710937,0.03524913403017056,-98.14329094625074,0.019492935544843618,0.035330689369919975,-81.24868513847751
1.839,post_correction,0.015344833742474851,0.03277635735442875,-113.59864762628898,0.0167807502861376,0.032596235866396525,-94.24778576988855
1.842,post_correction,0.01291390404293766,0.0303046898957236,-134.66714476863862,0.014075975633428947,0.029858160356380222,-112.1214268478148
1.845,post_correction,0.010507322931541309,0.027834704048118133,-164.90766705725574,0.011387484779864052,0.02711688505156918,-138.1288368395335
1.848,post_correction,0.00814760057697604,0.02536719417498725,-211.34557880354777,0.00873503560262731,0.024373028528837527,-179.02609259550866
1.851,post_correction,0.005892561106039973,0.02290329550996995,-288.68151043005207,0.006172007141694629,0.021627530926857385,-250.41325180513613
1.854,post_correction,0.003928754917130933,0.020444688040462327,-420.38593579139695,0.0038905159991281003,0.01888188850276289,-385.3312133144933
1.857,post_correction,0.002921729619369408,0.01799396502505835,-515.8668791858282,0.002740686305415826,0.01613862717223633,-488.85349776605403
1.86,post_correction,0.003747130855088732,0.015555342957042103,-315.12676121031143,0.0039118989571212,0.013402354078012423,-242.60481226425466
1.863,post_correction,0.0450161359926643,0.013136141092683429,70.81903898898818,0.050709441845717566,0.010682405425196164,78.93408991229452
1.866,post_correction,0.04253009894425686,0.010750183278792874,74.72335229484683,0.04792799420257699,0.008000773358665274,83.30668017349433
1.869,post_correction,0.04004367888287786,0.00842665417800897,78.95634364001432,0.045141912482001556,0.005422567571688602,87.98773185816923
1.872,post_correction,0.037557021710760786,0.006236940693675982,83.39340978177462,0.04235131783437415,0.0032210431133635193,92.39446780390578
1.875,post_correction,0.035070314184292455,0.004387963529502233,87.48809746487089,0.03955636908991472,0.0026478500678890553,93.30613469130525
1.8780000000000001,post_correction,0.032583799487266654,0.003476756028512256,89.32980167070163,0.036757277219076526,0.004404391471043002,88.01763404619865
1.881,post_correction,0.030097800508160442,0.047698713757612504,-58.47906807901099,0.03395432701666712,0.05040726034342465,-48.456072531437016
1.8840000000000001,post_correction,0.027612755653158152,0.045206672830929995,-63.71662936784643,0.031147910592259447,0.0475956314345224,-52.80521399194707
1.887,post_correction,0.025129275816946562,0.04271444622934266,-69.9788188903442,0.028338580892559778,0.04477917178464458,-58.01487009676351
1.8900000000000001,post_correction,0.022648238615418974,0.040222212285537136,-77.59532195211754,0.025527140729334805,0.04195799126282833,-64.366200303083
1.893,post_correction,0.020170951612679445,0.03773019591034919,-87.05213633367708,0.02271479807187119,0.039132234837139235,-72.27639318351912
1.8960000000000001,post_correction,0.017699451173613004,0.03523868503314229,-99.09478936656198,0.019903452912308932,0.0363020963581786,-82.39094753116038
1.899,post_correction,0.015237088013777413,0.03274805452023583,-114.92331402578341,0.017096265933209804,0.03346783940841853,-95.76110677716265
1.9020000000000001,post_correction,0.012789775852633578,0.030258801848779986,-136.58586512717744,0.014298890691181421,0.030629829829428343,-114.21123142313921
1.905,post_correction,0.01036895871225828,0.027771601844220138,-167.8340479009555,0.01152247012725746,0.02778858832380003,-141.16867318287575
1.9080000000000001,post_correction,0.007999737476897742,0.025287393455528325,-216.10279122977735,0.008792143450633312,0.024944879194330128,-183.71783666169944
1.911,post_correction,0.005747688993529668,0.022807522641546483,-296.8120520651263,0.006176924294689118,0.022099867799882975,-257.78110181606576
1.9140000000000001,post_correction,0.0038277555040616374,0.020333988392457175,-431.2248488933201,0.003926603175361942,0.019255417630294303,-390.3835903540062
1.917,post_correction,0.0029764258832319303,0.017869889469260367,-500.3807979877019,0.0030309522390604146,0.016414695231756857,-441.5689175242616
1.92,post_correction,0.003959043490711674,0.015420289477923859,-289.4953292152878,0.004421939763517012,0.013583527942766438,-207.18482542065905
1.923,post_correction,0.04513339660026813,0.012994029463495444,71.20972396875123,0.05228154874394359,0.01077386897421039,79.3925978991614
1.926,post_correction,0.042627070407037664,0.010607916695492025,75.11460066526017,0.04939608853291539,0.008014346961294022,83.7753409241025
1.929,post_correction,0.04012030985214754,0.008297654840029105,79.31806890174117,0.046505679690143374,0.005391528461846541,88.40673118258016
1.932,post_correction,0.03761327005086904,0.006150669874232006,83.6476066401201,0.04361047022688944,0.0032693896423656578,92.50320020546394
1.935,post_correction,0.035106149691671217,0.004413980570363797,87.42675967279034,0.04071065350861082,0.003031053816135499,92.55464220073404
1.938,post_correction,0.03259920777298877,0.003718171394336675,88.59428909981827,0.03780648580666707,0.004965944351107514,86.86483484209003
1.941,post_correction,0.030092788688895214,0.04777798775452587,-58.768893931577765,0.034898312699952735,0.05196890964031584,-48.915250107167005
1.944,post_correction,0.027587360947007908,0.045266032644141155,-64.08250405354795,0.031986609996090515,0.049050779342064525,-53.34785195448857
1.947,post_correction,0.02508357898679135,0.04275395131831134,-70.44597719019664,0.02907204939616072,0.046127494790902675,-58.66612691224413
1.95,post_correction,0.02258238587053971,0.040241951561047935,-78.20061968539098,0.02615560823772712,0.043199191376408916,-65.16225118442459
1.953,post_correction,0.02008519207003612,0.03773029574248904,-87.85130662890985,0.023238761986276262,0.04026604696681305,-73.2710502848315
1.956,post_correction,0.017594204820723332,0.035219320240341544,-100.17568625129606,0.020323842168567103,0.03732829874204328,-83.66752916323716
1.959,post_correction,0.015113078297692938,0.032709463767668326,-116.4315113265941,0.017414751570003502,0.034386268743705956,-97.45483365341536
1.962,post_correction,0.01264831313181462,0.030201309743602946,-138.77737235676773,0.014518528928534228,0.03144040389346682,-116.55364705493619
1.965,post_correction,0.010212622040500075,0.027695651513275,-171.1904093135209,0.011649198998744847,0.028491341005666436,-144.57768305560117
1.968,post_correction,0.007834288244499053,0.025193596109988704,-221.5811739844869,0.008838853835832597,0.025540017051016314,-188.9516845213281
1.971,post_correction,0.005588603216198995,0.02269673579862489,-306.125375529196,0.0061770404352483,0.022587866048051346,-265.6745699632671
1.974,post_correction,0.003726151380577802,0.020207444772430017,-442.31411202881714,0.003987392580417592,0.01963719338242906,-392.48206657325164
1.977,post_correction,0.0030575255839065856,0.017729420632670682,-479.8617262923403,0.0033852730285746932,0.016691945153045007,-393.07530034210697
1.98,post_correction,0.004200287698949428,0.015268738733985592,-263.51649763906875,0.004994276951802448,0.013759455044544322,-175.50444593543207
1.983,post_correction,0.04524812329715485,0.01283607410716458,71.63180885344764,0.05393929771306366,0.010854967843486794,79.87558551238274
1.986,post_correction,0.04271999077393493,0.010451862008535144,75.53402559507991,0.05094189831092173,0.00801565965494158,84.26509431191917
1.989,post_correction,0.040191385787429555,0.00815977817296599,79.69769388862905,0.04793926136901282,0.005356393693432665,88.82670792067115
1.992,post_correction,0.03766247411962293,0.006066640805813847,83.89208104984,0.04493156684872053,0.0033553016988154723,92.53241777632107
1.995,post_correction,0.03513346828079418,0.004463791810202864,87.29475901858795,0.041919049153337176,0.0034727038955143503,91.71569020372714
1.998,post_correction,0.032604645609335986,0.00399541953507727,87.74585811190897,0.03890201838889107,0.005586029192293002,85.64077283484048
2.001,post_correction,0.030076375483488498,0.04785146044136671,-59.09982393868065,0.03588089245348899,0.053614008532569084,-49.42217115158674
2.004,post_correction,0.027549161468216222,0.045318233013275686,-64.4995005222204,0.032856246966463186,0.05058146187391244,-53.94777719299961
2.007,post_correction,0.025023708882292287,0.0427849650440313,-70.97771255765984,0.02982889574433725,0.04754346198939979,-59.387267959543884
2.0100000000000002,post_correction,0.022501037574607738,0.040251897812606054,-78.88907424442523,0.02680002599284907,0.044500173996705875,-66.04526431645871
2.013,post_correction,0.019982679382306804,0.037719336392763925,-88.76015408705214,0.02377143687724329,0.041451814030804224,-74.37656059607653
2.016,post_correction,0.01747104436660201,0.03518767254879585,-101.40566190800415,0.02074598634260839,0.0383986696582034,-85.08963143072974
2.019,post_correction,0.014970149857989194,0.03265741822419593,-118.15024254261212,0.01772849167725372,0.03534113097813432,-99.34651870851619
2.0220000000000002,post_correction,0.012487206187347853,0.030129255787429827,-141.28099861085863,0.014727720527434665,0.03227973954408292,-119.17675232872944
2.025,post_correction,0.010036480943908804,0.027604115642356777,-175.03779259512137,0.011761352411213158,0.029215268234392258,-148.4005853488304
2.028,post_correction,0.0076502254395759035,0.02508330018387887,-227.87661464352064,0.008870465666984644,0.026148857503380273,-194.78562327009277
2.031,post_correction,0.005416076770018307,0.022568689621798428,-316.69811156908963,0.006171553674335547,0.023082260357563285,-274.01052596449153
2.0340000000000003,post_correction,0.003629495134717901,0.020063099713389702,-452.7793527390715,0.004080872021294861,0.0200183119691277,-390.5400577295214
2.037,post_correction,0.0031721221249712854,0.017570938194972126,-453.9174566026893,0.003807510539020193,0.016961904729289552,-345.48543084675083
2.04,post_correction,0.004474317950456836,0.015099490517830967,-237.47021747279456,0.00563337032077107,0.013922230315883858,-147.13856045555065
2.043,post_correction,0.045354428935384467,0.01266164560359012,72.08289046781096,0.055667230230617745,0.010918677985054614,80.3858069822752
2.0460000000000003,post_correction,0.04280318725373414,0.01028225639592707,75.97782535451246,0.05255031875545358,0.007999466167023149,84.77751161843719
2.049,post_correction,0.04025145283952928,0.008014739562690483,80.08832229076825,0.049427921765479416,0.005316833590437493,89.24325886962382
2.052,post_correction,0.037699403975128054,0.005989138184391892,84.11344065719662,0.046300256941119146,0.003488268117010415,92.46598540166525
2.055,post_correction,0.03514726938174802,0.0045436338497869995,87.07258364672133,0.04316760709292964,0.003975966532636552,90.78946737984054
2.058,post_correction,0.03259534793693387,0.004310344207842194,86.7761981980314,0.04003034584872973,0.0062696748734667445,84.33769496481705
2.061,post_correction,0.030044038418162777,0.047914039607094165,-59.47935806834904,0.03688897656669548,0.055325551456450524,-49.97854808040449
2.064,post_correction,0.027493885749384377,0.045358414829721534,-64.97637053990147,0.033744193136978545,0.05217110681423456,-54.607658279026666
2.067,post_correction,0.024945655472964852,0.04280286630288154,-71.58445224768559,0.030596978457645335,0.04901095015719241,-60.18232069887912
2.07,post_correction,0.022400458705041343,0.04024767333494804,-79.6734337671848,0.027448770799175376,0.04584528100696496,-67.02125330997428
2.073,post_correction,0.019859972286465074,0.03769318960982265,-89.7947744645708,0.02430175933390631,0.04267435971679906,-75.6019353597125
2.076,post_correction,0.017326850191496615,0.03513987013123398,-102.80587494476835,0.021159442008862075,0.039498532069487786,-86.67095310426838
2.079,post_correction,0.014805550089440662,0.032588310752447606,-120.10874675767455,0.018027760619646283,0.03631826690372221,-101.45745037319449
2.082,post_correction,0.012304152022472016,0.030039307685741038,-144.13960125718495,0.014917639164315134,0.03313421557422254,-122.11433866481865
2.085,post_correction,0.009838855484492783,0.02749394976749029,-179.4425612900205,0.01185139637451037,0.029947309550965286,-152.6901354457696
2.088,post_correction,0.007446929522728718,0.024953766440203955,-235.08798980899113,0.00888175047952385,0.0267589279672482,-201.27988878925072
2.091,post_correction,0.0052318984516782005,0.02242097463098226,-328.543765481351,0.006160542931293582,0.02357120113628898,-282.6156460424103
2.094,post_correction,0.003545491762160728,0.01989891010131524,-461.2454191456999,0.004216970460454094,0.02038759768005402,-383.4655085029606
2.097,post_correction,0.0033270566593083155,0.017392823570757526,-422.76908245901166,0.004301649505964217,0.01721415719774501,-300.1757273315192
2.1,post_correction,0.004784172177642758,0.01491144975152415,-211.68296620276055,0.006343781283045567,0.014062364152936534,-121.67164228249332
2.103,post_correction,0.04544546044594504,0.01247035374495496,72.5597372705954,0.05744341563629017,0.0109568397482618,80.92585611963548
2.106,post_correction,0.04287008978388584,0.010099771164037118,76.44098434374295,0.054200096804199085,0.007960133478157834,85.31343309788862
2.109,post_correction,0.040294229343621334,0.007864989562055513,80.48110190919795,0.05095110529783187,0.0052739163397965095,89.64906392321008
2.112,post_correction,0.037718072188787546,0.005923461303376093,84.2954293270138,0.04769670302532292,0.003678839091141781,92.28701596169314
2.115,post_correction,0.03514186623337301,0.004659705411355774,86.74030178018657,0.04443722952371814,0.004544555514879707,89.77308989874341
2.118,post_correction,0.03256593589986066,0.004664094134440625,85.67799755922083,0.04117313290588553,0.007021537379548964,82.94631259758893
2.121,post_correction,0.029990714910795763,0.04795975430008806,-59.915341940795074,0.03790501692995751,0.05707991395978687,-50.58669955288914
2.124,post_correction,0.02741679749044258,0.045380910960330555,-65.52228966986468,0.034633714883032685,0.053796872823086796,-55.33093404728086
2.1270000000000002,post_correction,0.024845021221535594,0.042802297383771275,-72.27716169817704,0.03136040987916406,0.05050792128386452,-61.05631743487548
2.13,post_correction,0.022276606872088562,0.040224235985610764,-80.56715825967936,0.028086839344024138,0.047213298411145584,-68.09758418471128
2.133,post_correction,0.019713406439786967,0.03764713570472892,-90.97224936602969,0.024815660900393832,0.04391331531402772,-76.9580729293847
2.136,post_correction,0.01715837053303566,0.035071523664970405,-104.39891770285455,0.02155114902839095,0.04060838460379958,-88.4279327765916
2.1390000000000002,post_correction,0.014616496956644208,0.032498091776466585,-122.33844314997758,0.018300627271634916,0.03729906565814006,-103.81304479082968
2.142,post_correction,0.012096944448790045,0.02992776714519953,-147.39939306072412,0.01507771129125149,0.033986136511755,-125.40646823151938
2.145,post_correction,0.009618343343662574,0.027361821679173795,-184.47541017759795,0.011910623266850228,0.030670712551285582,-157.50720062356964
2.148,post_correction,0.007224390599757194,0.02480204867782053,-243.30990739418363,0.008867210825367167,0.027354451684707858,-208.48992116498124
2.1510000000000002,post_correction,0.00503926784066233,0.022251058923638618,-341.5534086934756,0.006145621684424238,0.024039929070508198,-291.1716390131231
2.154,post_correction,0.0034842284725675114,0.019712800920722695,-465.77233886721626,0.004407331370303431,0.020731369231763837,-370.3837195326783
2.157,post_correction,0.0035282644491137207,0.017193526963042566,-387.30834128268015,0.004871662520256773,0.01743620198477864,-257.91071143121013
2.16,post_correction,0.005132290011759732,0.014703709292972949,-186.49412366179635,0.007129672440293233,0.014168745512411434,-98.72926324548922
2.1630000000000003,post_correction,0.04551336275151788,0.012262150746141641,73.05813061300839,0.059238236485388625,0.010960251520684727,81.49801180629656
2.166,post_correction,0.04291320529220885,0.009905642236204876,76.91703015714069,0.05586270959417933,0.007891976314727378,85.87255009279089
2.169,post_correction,0.04031259044291072,0.007713862226698726,80.86488081776132,0.05248140861026978,0.005230942969360902,90.03276949327673
2.172,post_correction,0.0377117288524642,0.005875909400347318,84.41888086506178,0.04909464695033547,0.003937820230433312,91.97912506751125
2.1750000000000003,post_correction,0.03511089130956789,0.004817643790403516,86.27877672507083,0.04570283020194934,0.005182196661689664,88.6611033960242
2.178,post_correction,0.03251043274968233,0.005057039334458239,84.44487228639657,0.04230649329898073,0.007845369096652963,81.45587477267473
2.181,post_correction,0.029910828748760963,0.04798172590484257,-60.41590257451554,0.038906357311782616,0.05884570041259892,-51.24957584959454
2.184,post_correction,0.027312732768724663,0.04537922726405769,-66.14678453567507,0.035503419035646785,0.055428592701849404,-56.12184462064621
2.187,post_correction,0.02471706929145095,0.04277715489156997,-73.06726128071168,0.032099097702922776,0.05200546171639701,-62.015338243173304
2.19,post_correction,0.022125191979612064,0.040175879981462076,-81.58432260602923,0.02869548604918082,0.048576591641041646,-69.28304179196289
2.193,post_correction,0.01953916634938437,0.03757587418841168,-92.3105291009286,0.025295803120384784,0.04514235141835478,-78.4578698826784
2.196,post_correction,0.016962307228329813,0.034977746783128136,-106.20866201921875,0.02190526460884545,0.04170322983969047,-90.37994100674095
2.199,post_correction,0.014400281706986108,0.03238229953066362,-124.87268089313677,0.0185328925009958,0.038259889713606596,-106.44316429046808
2.202,post_correction,0.011863600937405395,0.0297906099262228,-151.10933925882787,0.01519566897347299,0.03481325437015694,-129.09984700858038
2.205,post_correction,0.009373989372467112,0.027204161326121832,-190.20900542115777,0.011929355786326788,0.031364651396215124,-162.9199091552347
2.208,post_correction,0.006983475445461301,0.024625053612690084,-252.61889019305417,0.008821546461120135,0.02791606296138759,-216.45316480986813
2.211,post_correction,0.0048432888908863745,0.02205635831046566,-355.4004274237936,0.0061308028421818124,0.02447058714606338,-299.1416422282935
2.214,post_correction,0.003457988461786764,0.019502746214697362,-463.9910725618839,0.004664600355793171,0.021033349118015594,-350.9142801889418
2.217,post_correction,0.003780195836961926,0.016971660293621033,-348.9624618829495,0.005521100630396381,0.01761346378727925,-219.02087946574366
2.22,post_correction,0.005520331495379947,0.014475657080918755,-162.22441701252293,0.00799414329852852,0.014228760038078346,-77.98980461980749
2.223,post_correction,0.045549302664571106,0.012037456512856362,73.57268759633664,0.06101337916024705,0.010918933915258647,82.10403346685506
2.226,post_correction,0.04292415059176642,0.009701816155117553,77.39776787341128,0.05750145252163989,0.007789818268556255,86.45283218606579
2.229,post_correction,0.04029860992367026,0.007565706177235826,81.22588796098411,0.05398376606481864,0.005194468688634356,90.37772080888664
2.232,post_correction,0.03767291230589944,0.005853612991028369,84.46201094436833,0.050460692750622184,0.00427516520059929,91.52773184916971
2.235,post_correction,0.035047355906789104,0.005021955789893398,85.67094247209506,0.04693271454902189,0.005891928581374358,87.4460093817498
2.238,post_correction,0.032422332286901924,0.005488681119803679,83.07129459029998,0.04340046696748987,0.00874331377776467,79.854332479155
2.241,post_correction,0.029798367422127218,0.04797219851709995,-60.989351656485326,0.03986480739763359,0.060582852036160414,-51.97076316429581
2.244,post_correction,0.02717618637631216,0.04534608102514538,-66.8596189223622,0.036326923522532466,0.05702797849836776,-56.98543385595278
2.247,post_correction,0.024556819130877247,0.0427206361168253,-73.96648926370612,0.0327885119673026,0.05346708411576508,-63.066516007446744
2.25,post_correction,0.021941781534618888,0.040096290079519634,-82.73944627630746,0.029252086274806195,0.04990050407391644,-70.58784664153684
2.253,post_correction,0.019333401339830733,0.03747358563566111,-93.82820941319784,0.025721537186527477,0.04632867264671279,-80.11626719953189
2.2560000000000002,post_correction,0.0167354442078458,0.034853225493999836,-108.25993658214446,0.02220322073750704,0.04275216476948002,-92.54938405066812
2.259,post_correction,0.014154413872289296,0.032236136911611216,-127.74618011362017,0.018708248920842687,0.03917176054462366,-109.38229286110665
2.262,post_correction,0.011602533452568937,0.029623570017989688,-155.31984147333512,0.015257826248199635,0.03558854886803737,-133.24783156602453
2.265,post_correction,0.009105506898919147,0.02701725223461089,-196.71332452472168,0.011897385872479068,0.03200410081363624,-169.0011163516841
2.2680000000000002,post_correction,0.0067262704126198935,0.024419639524995027,-263.0487332055319,0.008740394887675031,0.02842077408334443,-225.16578997387197
2.271,post_correction,0.00465153336426475,0.02183434229836778,-369.40096068340364,0.006123505531096516,0.024842279626801113,-305.68722442800976
2.274,post_correction,0.0034803376824380453,0.019266882757920573,-453.5923383280367,0.005001171593347353,0.02127481425989731,-325.3966068310363
2.277,post_correction,0.0040854327452446325,0.016726119390072725,-309.4087562582352,0.006252415029891562,0.01772953665859823,-183.56301643183974
2.2800000000000002,post_correction,0.005949000683925331,0.014227108430579068,-139.15123205518933,0.008938385867741946,0.014228638197230694,-59.18576807677238
2.283,post_correction,0.045543582101318494,0.011797302953425147,74.09667310054732,0.06272130209207266,0.010822630246974942,82.7448890791717
2.286,post_correction,0.04289377145644548,0.00949110021993614,77.87301070139415,0.05907099719936255,0.007649842918231491,87.04974813204265
2.289,post_correction,0.04024368499474803,0.007425961718891622,81.54751057250164,0.05541509662312479,0.005175327857079657,90.66079791888338
2.2920000000000003,post_correction,0.03759357947154858,0.005864150993290666,84.40119010819721,0.051754041564288526,0.0046987332425933795,90.9210312845681
2.295,post_correction,0.034943785902545765,0.005275501725027437,84.90289020273818,0.048088401636033486,0.006675233237879851,86.11882905070819
2.298,post_correction,0.03229473994108985,0.00595755263445185,81.55256043145334,0.044418928046689614,0.009715026881194452,78.12863275092367
2.301,post_correction,0.029647028474367235,0.047922656240076814,-61.644045646971506,0.04074663565254471,0.062242302726504946,-52.754458692635126
2.3040000000000003,post_correction,0.027001463478533032,0.045273522454112675,-67.67062455746694,0.0370729338777857,0.058548361982479986,-57.92751168680091
2.307,post_correction,0.024359203632860118,0.04262536449772653,-74.98669143775167,0.03339984394871297,0.05484855146377195,-64.2179872097441
2.31,post_correction,0.02172196379235278,0.039978670747892825,-84.04722119078073,0.029730376397899105,0.05114326335669937,-72.02359859901877
2.313,post_correction,0.019092395731660064,0.037334064305232985,-95.54415710818093,0.02606922437069023,0.047433004960264806,-81.9501964684227
2.316,post_correction,0.01647482694242328,0.034692353983669315,-110.57795693340633,0.022424125367064875,0.043718447683613694,-94.96166279833845
2.319,post_correction,0.013876814948559175,0.03205461019198797,-130.9940019436246,0.018808767110146125,0.040000503496846654,-112.66946027136964
2.322,post_correction,0.0113127683288031,0.02942228099278894,-160.08029279515742,0.015249667095324555,0.03628044854264646,-137.90977413382225
2.325,post_correction,0.008813555763286946,0.026797375242529408,-204.04726494333244,0.011804722133251816,0.032560131528590844,-175.8229389989173
2.328,post_correction,0.006456503733430796,0.02418276214234909,-274.5488756884693,0.00862139731025246,0.028842342941584588,-234.54371610139842
2.331,post_correction,0.004474569839862074,0.021582681961206624,-382.3409340700311,0.0061354737667046605,0.02513150964618983,-309.6099274773343
2.334,post_correction,0.003564333801578087,0.0190036598908188,-433.16162146219426,0.005427510828434297,0.021435101709052523,-294.9342965242139
2.337,post_correction,0.004444538858110436,0.016456235978082826,-270.25744410026556,0.007066037654656151,0.017766758381111622,-151.43877303575155
2.34,post_correction,0.006417880043404721,0.013958460426550252,-117.49332072503512,0.009960675480425597,0.014154110064678203,-42.09990168330862
2.343,post_correction,0.045485872372497474,0.011543488676257652,74.62181535900959,0.0643055327173791,0.01066160407585357,83.4203938209936
2.346,post_correction,0.042812377291951975,0.0092772956373588,78.33034224169845,0.06051775166384366,0.007470778883042929,87.65522730497216
2.349,post_correction,0.040138771050415585,0.007301130713461812,81.81027838572497,0.05672472532539275,0.0051892213995874854,90.85192326658206
2.352,post_correction,0.03746534043057472,0.005914923782365198,84.21227802980768,0.05292697229955675,0.005213083902585122,90.15042108760719
2.355,post_correction,0.034792455884533,0.005579123726710475,83.96455902616901,0.049125161840410735,0.007531015110233452,84.66973984798483
2.358,post_correction,0.03212060622665156,0.006461116409818497,79.88482420217372,0.04532017719528231,0.010756661636248955,76.2651818639211
2.361,post_correction,0.029450452116893976,0.04782405631517308,-62.388190596704824,0.041513213871550554,0.06376653983714475,-53.60540389489005
2.364,post_correction,0.026782911322492282,0.04515316566770777,-68.58946036157076,0.037705937438011615,0.05993530680172075,-58.954559610814925
2.367,post_correction,0.024119300058815997,0.0424836180539651,-76.13951462259222,0.033900747322363256,0.05609853820967585,-65.4787656337871
2.37,post_correction,0.021461578364254216,0.03981597164520169,-85.52210359102955,0.030101239252657848,0.05225668904350096,-73.60311515708396
2.373,post_correction,0.018812800295244805,0.03715094024220428,-97.47692878871781,0.026313063377969816,0.04841034716026285,-83.97837783035793
2.376,post_correction,0.01617799738209384,0.034489452902901806,-113.18740563696397,0.02254563064615077,0.04456029073947655,-97.64490707242363
2.379,post_correction,0.013566062910276538,0.03183274303606277,-134.64982616252567,0.01881580825499955,0.04070757846209058,-116.3477534975101
2.382,post_correction,0.010994215371586655,0.02918248527472379,-165.43490634304587,0.015156821480822823,0.036853696343784534,-143.14924069280417
2.3850000000000002,post_correction,0.008500075775235087,0.026541012524683986,-212.24442259692609,0.01164269889996921,0.03300080731889567,-183.4463692862738
2.388,post_correction,0.006180032900095419,0.02391167290195499,-286.9182136811246,0.008465587602946686,0.0291521977779431,-244.36118489631903
2.391,post_correction,0.004326216288943887,0.021299441890404898,-392.33418922761496,0.006183128828652176,0.025313127596835676,-309.39026661609336
2.394,post_correction,0.0037201816808247806,0.018712024549122682,-402.9868472706995,0.005950333051288598,0.021492576823266885,-261.1995603945644
2.3970000000000002,post_correction,0.004856096872922081,0.016161954932669018,-232.81780317829228,0.007959286201021744,0.017707197149010832,-122.47217529051458
2.4,post_correction,0.006925286298342667,0.013670859266153848,-97.40496893862,0.011055265638278208,0.01399142311550357,-26.558904808755468
2.403,post_correction,0.04536559763804916,0.011278727394944482,75.13814876873846,0.06570217885357797,0.010427767185637517,84.12873459055818
2.406,post_correction,0.04267011675183501,0.00906528024212685,78.75496733498626,0.061781383177985406,0.007255400449442812,88.25633212428929
2.4090000000000003,post_correction,0.039974749011932514,0.007198573803556576,81.99219762103374,0.05785591406006926,0.005256116607435179,90.91516106377996
2.412,post_correction,0.037279817065169286,0.006012320552267035,83.87245156874879,0.05392637678623738,0.005818412121754493,89.2104523453921
2.415,post_correction,0.03458573869010715,0.00593146965723053,82.8499552651534,0.04999355265762291,0.00845450004400555,83.08881926854536
2.418,post_correction,0.03189306681382022,0.006995675973746203,78.06521393949244,0.046058474195520914,0.011859822179631581,74.25051005969945
2.4210000000000003,post_correction,0.029202551532694767,0.047667201905611634,-63.22957893677237,0.04212254253040254,0.06509144173555984,-54.52875782267694
2.424,post_correction,0.026515239592859143,0.04497655018053086,-69.62528293594434,0.03818771722713313,0.0611284371756245,-60.07355666756519
2.427,post_correction,0.023832640481660828,0.04228767902769576,-77.43597928326929,0.034256836192844524,0.057160446199537904,-66.85850928486333
2.43,post_correction,0.02115701719373291,0.03960122483449168,-87.1777314914802,0.030334181825968403,0.053187991728079344,-75.34012301115145
2.433,post_correction,0.018491925030812737,0.03691800346720781,-99.64391703779924,0.02642654345410279,0.04921174904540057,-86.22090751622802
2.436,post_correction,0.015843281602320614,0.03423907990767126,-116.11103537196585,0.022545358531963006,0.045232612793576835,-100.62937890053801
2.439,post_correction,0.013221682010736245,0.03156587273335802,-138.74324543371986,0.018711424547797034,0.041251802825296266,-120.46318664792945
2.442,post_correction,0.010647977948005434,0.028900315362168565,-171.41599563119058,0.014966461270577585,0.03727103786883404,-149.03039666500723
2.445,post_correction,0.008168662909190366,0.026245113033448432,-221.29019553396785,0.011405445523607614,0.03329283336404644,-191.90296245013064
2.448,post_correction,0.0059053452973282265,0.023604167735821906,-299.7085106352919,0.008278984818923606,0.029321040027287245,-254.16226347301637
2.451,post_correction,0.004223092777552821,0.020983311270109533,-396.870714790899,0.006286636860934338,0.025361882352914766,-303.4252799062647
2.454,post_correction,0.003953197116862998,0.018391633193341896,-365.2344077377125,0.0065709619720285455,0.02142612665053192,-226.07290594191926
2.457,post_correction,0.005316850799103823,0.015844024614059815,-197.99641202514826,0.00892521988256925,0.01753408347266463,-96.45547900627402
2.46,post_correction,0.007468165556483756,0.013366363137372817,-78.97786325543264,0.0122113291498801,0.013728725819823115,-12.42613847615363
2.463,post_correction,0.045172482220501194,0.01100676350877801,75.63391921867276,0.06684298034130311,0.010116111963756239,84.86585739878302
2.466,post_correction,0.04245750630209488,0.008860994760226299,79.12973339230456,0.06279780041023963,0.007012191130163808,88.83369945387383
2.469,post_correction,0.03974293457165274,0.007126074156712233,82.0695823458517,0.05874876926253037,0.0053976360549635215,90.81234190482675
2.472,post_correction,0.03702913242415402,0.006160812081617155,83.36225647674512,0.054696587853543345,0.006509670883283469,88.0985795664002
2.475,post_correction,0.03431657436006975,0.006329014429249445,81.55697488087917,0.050642161880459564,0.009436197744247464,81.36691366667652
2.478,post_correction,0.03160589058030877,0.007556327749970329,76.09202711510333,0.046586690799628926,0.013010660627979105,72.07215107005896
2.481,post_correction,0.028897939610307222,0.047443263594475336,-64.17524652018245,0.04253180768268553,0.06614967274775525,-55.529887751948124
2.484,post_correction,0.026193925545103497,0.04473563943689701,-70.78631211601488,0.03847980707634335,0.0620647345674171,-61.2916989014046
2.487,post_correction,0.02349559527804797,0.04203030874983135,-78.88590713468936,0.034434032377649325,0.05797559769305779,-68.36714636618912
2.49,post_correction,0.02080558683356644,0.039327995263082394,-89.02612830719609,0.03039956845406827,0.053882856911836766,-77.24875599221149
2.493,post_correction,0.018128081608049653,0.03662962932093345,-102.06015238075886,0.026384557334496135,0.04978728050677306,-88.69856285850719
2.496,post_correction,0.015470115863697469,0.03393642908136436,-119.36764650224997,0.022402888578272488,0.045689887939894376,-103.94641423252384
2.499,post_correction,0.012844460830157776,0.031250022857669355,-143.29571533510207,0.018480222456391512,0.04159207345649969,-125.06262332418399
2.5020000000000002,post_correction,0.010276683530191628,0.028572638802489694,-178.03365471503338,0.014669060176715711,0.03749581053752068,-155.61153942934948
2.505,post_correction,0.007824957151425295,0.025907408741780474,-231.08690872590287,0.011091616774417036,0.03340400593368112,-201.16444349869633
2.508,post_correction,0.0056439509139425935,0.023258873320864848,-312.10268614149436,0.008074063558762216,0.029321147283138827,-263.1522971022273
2.511,post_correction,0.004182967701571797,0.02063385847400261,-393.2827587038075,0.006467024598199816,0.025254569536892115,-290.51296548217965
2.5140000000000002,post_correction,0.004262964463645433,0.0180430722410413,-323.25176282637693,0.007284132054600569,0.021217145000355028,-191.27897244743852
2.517,post_correction,0.00582189046488385,0.015504178474622998,-166.30831631306404,0.009951648875792678,0.017233625882384165,-73.17357251525272
2.52,post_correction,0.00804205262953206,0.013048073764248574,-62.24805239813258,0.013412168088177192,0.01335772748358316,0.40590458034910476
2.523,post_correction,0.04489725074030259,0.010732418527464439,76.0955997293831,0.06766002333985797,0.009726327314857399,85.62470594193884
2.5260000000000002,post_correction,0.0421660988040188,0.008671279052306849,79.43542490708104,0.0635036912597071,0.006756775421638899,89.36002728722315
2.529,post_correction,0.039435714571657586,0.0070911435703866444,82.01847323572262,0.05934459707961626,0.0056322609405616226,90.50922709441363
2.532,post_correction,0.03670651426365064,0.006362173887764874,82.66745286118017,0.055183545559219775,0.007275953600075425,86.81499434959774
2.535,post_correction,0.03397904023669074,0.006766247289664699,80.08699703542989,0.05102157851750399,0.010461148695294997,79.49661888311415
2.5380000000000003,post_correction,0.03125401570987802,0.008136984582684434,73.96499490427819,0.046860079837893656,0.014189366084090934,69.7197142361319
2.541,post_correction,0.02853243056709931,0.047144432342655286,-65.23104203052873,0.04270094159799586,0.06687567573456593,-56.61405400415033
2.544,post_correction,0.025815680819640942,0.0444234376935011,-72.0792800463473,0.03854683692462556,0.06268331910059823,-62.615986424953924
2.547,post_correction,0.023105805059810327,0.04170532768001055,-80.49718489381604,0.03440168823916211,0.05848779932245421,-70.01432870341813
2.5500000000000003,post_correction,0.020405905924075415,0.03899092316882636,-91.0766584629985,0.030271513772148272,0.05428978515410014,-79.3428157003837
2.553,post_correction,0.017720947853043557,0.03628128241178215,-104.73669192334354,0.026166056804966142,0.05009014144900632,-91.43175382658173
2.556,post_correction,0.015059381830182971,0.03357779554885708,-122.96928205617527,0.022102169581951752,0.04589001868178306,-107.62676040299705
2.559,post_correction,0.012436767155812026,0.03088232759621237,-148.31475261463143,0.018111529326326207,0.041690996461744186,-130.19037051246573
2.562,post_correction,0.009884798593985522,0.02819744116385289,-185.26065448627173,0.014260334255825149,0.037495323008104604,-162.9343908456303
2.565,post_correction,0.007476983498041789,0.025526754983928177,-241.40445796909407,0.010706146706610306,0.033306334159492,-211.09543958451124
2.568,post_correction,0.005410437525741946,0.02287554315798051,-322.80394236404254,0.007870481659831745,0.029129229469900937,-270.1073292447474
2.571,post_correction,0.004221714263908853,0.020251780564231738,-379.70514578314385,0.006741390555134074,0.024972613153205085,-270.4371219701337
2.574,post_correction,0.004643898501509004,0.017668057182442506,-280.4574362833595,0.008077405127738491,0.02085182955725963,-158.15010176538857
2.577,post_correction,0.0063648584475912914,0.015145276294545144,-137.95150228795274,0.011020567973568535,0.01679701527884539,-52.415150644966275
2.58,post_correction,0.008641122750841623,0.012720201491453975,-47.20542524656371,0.014634973421906844,0.012875423512799111,12.022911544710373
2.583,post_correction,0.04453243266117884,0.010461525975710657,76.50807433919842,0.06809187505860186,0.009264357198756993,86.3943279711657
2.586,post_correction,0.04178924359921917,0.008503510913680276,79.65143615607542,0.06384236148546862,0.0065123629250427376,89.79930758588083
2.589,post_correction,0.03904726200574726,0.0071001240697913205,81.81658916636391,0.059591439554670216,0.00596964465707703,89.9823788421819
2.592,post_correction,0.0363069643661459,0.006615047068530699,81.78022540849258,0.055340024586521916,0.008100292957418558,85.36268637764323
2.595,post_correction,0.033568974033009444,0.007235985919859803,78.4444233751546,0.05108930504107335,0.011508726294814264,77.4733160187601
2.598,post_correction,0.030834125995563958,0.008730500237403403,71.6855920006961,0.046840865912584906,0.01537032644843409,67.18607534472481
2.601,post_correction,0.02810356905201812,0.046764650546003914,-66.40110891056287,0.042596885409251384,0.06721191063832378,-57.78597423868553
2.604,post_correction,0.025378933050453904,0.044034672580194625,-73.5087621400501,0.03836046077175428,0.06293135768210688,-64.05266364382342
2.607,post_correction,0.022662614751356787,0.04130824876361317,-82.27485758738449,0.03413617304543941,0.05864891379506603,-71.80869606266988
2.61,post_correction,0.01995829219813454,0.03858630750193811,-93.334715810728,0.029931120234593225,0.05436532140851712,-81.6347700400595
2.613,post_correction,0.01727190915481757,0.035870049332356456,-107.67854329729032,0.0257569338203214,0.05008154285395899,-94.43907106072636
2.616,post_correction,0.01461370602357732,0.03316105665539371,-126.91750197994027,0.02163403722442114,0.04579886282934162,-111.69817891245242
2.619,post_correction,0.012002813702438527,0.030461460457866178,-153.7859972922644,0.01760154474592206,0.041519053981550647,-135.88301243372297
2.622,post_correction,0.009478874989865566,0.027774201172417867,-193.011577873038,0.013743038075740325,0.03724465580707345,-171.00744101712837
2.625,post_correction,0.007135349985469794,0.02510345063211146,-251.81807035718427,0.010261631861168696,0.03297946810571798,-221.38619424183818
2.628,post_correction,0.0052218366006953135,0.02245532087108491,-330.0272602956376,0.007694155455372217,0.028729477313180967,-273.393512515028
2.6310000000000002,post_correction,0.004349611502246789,0.019839106756177928,-356.11215498050916,0.007117573490513715,0.02450472623680165,-244.284836250184
2.634,post_correction,0.005086668680283134,0.017269570990138268,-239.50650367849408,0.008931333971080304,0.020323444854198035,-127.55217664019094
2.637,post_correction,0.006938193892786364,0.014771366734472305,-112.89930726539777,0.012108303204978106,0.0162222811446297,-33.97650248765001
2.64,post_correction,0.009258359502605855,0.012388025506428977,-33.80367767035021,0.015851410122050297,0.012285558370989953,22.495486039440888
2.6430000000000002,post_correction,0.044073180257184354,0.010200715516380661,76.85505003983042,0.0680904234043475,0.008743544139498459,87.1589223530365
2.646,post_correction,0.041322849756283586,0.008365029609422375,79.75689077893185,0.06377017152850865,0.006308085992013822,90.10809310871342
2.649,post_correction,0.038574244103562694,0.00715724064990234,81.44554529523158,0.05945010376119809,0.006406550997117178,89.22365043658914
2.652,post_correction,0.03582791104609699,0.006914956809319675,80.69952557261088,0.05513125094403445,0.008960093713945872,83.74770468560281
2.6550000000000002,post_correction,0.033084570377555904,0.007729786055602086,76.63628099929669,0.05081495701115357,0.0125532473585239,75.29615668912494
2.658,post_correction,0.03034519108812785,0.009328912853077758,69.25736000150754,0.046503023380798585,0.016523197227187342,64.468552739283
2.661,post_correction,0.027611113834139448,0.04630032941629826,-67.68729321977133,0.04219794091784939,0.0671155182640584,-59.04927303139825
2.664,post_correction,0.02488425284953714,0.04356645524171342,-75.07640476544898,0.037903277714761825,0.06277030044274083,-65.606523306807
2.6670000000000003,post_correction,0.0221674439402605,0.04083687985353871,-84.2200659832088,0.03362435845745811,0.05842466504751926,-73.7569658657986
2.67,post_correction,0.019465076677659603,0.03811265012222201,-95.80015405726368,0.02936952288795634,0.05407942512942403,-84.13450342974609
2.673,post_correction,0.016784317799391105,0.03539512408425555,-110.88211333522055,0.0251526188308624,0.049735638256609836,-97.73542703865068
2.676,post_correction,0.014137667153372455,0.03268609799664941,-131.19866695158646,0.020998359906012364,0.045394722923011874,-116.18223102278674
2.6790000000000003,post_correction,0.011548818392976234,0.029988000159962246,-159.66292948376747,0.016955029413197313,0.04105864825774649,-142.16205856763423
2.682,post_correction,0.009067660319051958,0.027304195490687497,-201.1162144364733,0.01312818890556003,0.03673025675755941,-179.7815983741936
2.685,post_correction,0.006813161414421462,0.02463948041779879,-261.64533494897455,0.009778821971173817,0.03241384210445508,-231.46980484975774
2.688,post_correction,0.005095922606035532,0.022000918009057346,-331.7357171594365,0.007573783298924562,0.02811624956230294,-271.2312387693387
2.691,post_correction,0.00456866357291286,0.019399308213932546,-324.61669379529417,0.007590572832812135,0.02384913665572108,-214.19416137642827
2.694,post_correction,0.0055797609651791315,0.016851899304353293,-202.0183016713205,0.00982048442424087,0.019634079130990825,-99.9298434049352
2.697,post_correction,0.007533437794126776,0.01438763372206052,-90.98364007568252,0.013186586801238452,0.015515571348432754,-17.661769359267165
2.7,post_correction,0.009885848447112718,0.012057716927423806,-21.96946971147842,0.01702919677362048,0.011599440419688729,31.884982163943608
2.703,post_correction,0.043517974168234046,0.009957024812127834,77.11974189415287,0.0676272668584584,0.008184928240371578,87.89699980408442
2.706,post_correction,0.04076603251394226,0.008262383918883466,79.73218532841607,0.06326246351054352,0.006174187695639712,90.24036157774555
2.709,post_correction,0.03801640955704197,0.007263840007784659,80.89288259354008,0.05889962440888973,0.006926392757161694,88.24034477863955
2.712,post_correction,0.035269737079277344,0.007254772494238993,79.43060228112242,0.05453989890373344,0.009828376927878796,81.97947351309445
2.715,post_correction,0.03252684939255697,0.008238422398270457,74.67193241237919,0.05018479329976439,0.01356552555703818,72.96885238520676
2.718,post_correction,0.029788875700769286,0.009923804544222339,66.68620647550635,0.045836339025549844,0.017614957233241187,61.569886234975364
2.721,post_correction,0.02705738765439337,0.04575093333900953,-69.08850892551278,0.041497365030713926,0.06656420282393909,-60.40585414199709
2.724,post_correction,0.024334644392092954,0.04301880558907489,-76.78008725310559,0.037171957538195896,0.0621812959122042,-67.28012197988244
2.727,post_correction,0.021624018394463176,0.04029178976219003,-86.32887295594759,0.03286627456050813,0.05779958595558548,-75.86290727649745
2.73,post_correction,0.01893077651821024,0.03757106253347666,-98.46551195264293,0.028590074738682653,0.0534199507247629,-86.84788764292799
2.733,post_correction,0.016263607841965285,0.03485815532777339,-114.33224206149542,0.02435979352277271,0.04904353745720191,-101.32985696842482
2.736,post_correction,0.01363785380159552,0.032155100929316546,-135.77830791494964,0.02020527539504168,0.04467189402375411,-121.09025069124507
2.739,post_correction,0.011083002106554754,0.02946465799390272,-165.85448338475555,0.016186058654855725,0.040307184596379095,-149.0240858251627
2.742,post_correction,0.008661996770212598,0.026790665268194267,-209.28971666583436,0.012435291023748216,0.03595256041048857,-189.11716132600677
2.745,post_correction,0.006525468924687161,0.024138619524001974,-269.9139449224978,0.009285664399167667,0.03161283196860262,-240.44771175917455
2.748,post_correction,0.005048351944479475,0.021516654646074586,-326.21146232888333,0.00753471277913907,0.02729576890077106,-262.26687998437444
2.751,post_correction,0.0048723810743536095,0.018937270837831147,-288.66563490917935,0.008142428926407468,0.023014821361900414,-182.65302122882406
2.754,post_correction,0.006110757292159086,0.01642052769183486,-168.7151020202452,0.010715343354585008,0.01879541386376381,-75.40654780531514
2.757,post_correction,0.008141611487572836,0.014000201216235394,-71.95860104114487,0.01422459257223046,0.014691451674573815,-3.2820560587075525
2.7600000000000002,post_correction,0.010515182926640184,0.01173601114046985,-11.61014717810283,0.018134632612022996,0.010835778655326238,40.248149013273775
2.763,post_correction,0.04286907998582541,0.009737352609908979,77.28583722083933,0.06669829723769397,0.007616283661129946,88.58099235429107
2.766,post_correction,0.04012151492713409,0.008200519688965312,79.56079249784429,0.06231769918508787,0.006134289014622611,90.15642571077062
2.769,post_correction,0.037376935563606925,0.007418044960852736,80.15341587266047,0.05794096021146184,0.00750230283665629,87.0518147968625
2.7720000000000002,post_correction,0.03463607249190497,0.00762547889562681,77.98399660524728,0.05356934932850255,0.010675848651353122,80.0709756881948
2.775,post_correction,0.03189989558445803,0.00875241345651386,72.56287741337269,0.04920454023250916,0.014515284166667359,70.50011218867728
2.778,post_correction,0.029169724955539537,0.010506747979004402,63.980640904160815,0.044848806160939426,0.01861278256263758,58.498822698098536
2.781,post_correction,0.026447409370077044,0.04511931005475881,-70.60011218266017,0.04050533823431063,0.06556002353475454,-61.85526746008253
2.7840000000000003,post_correction,0.023735624669666985,0.04239493067666952,-78.613081672328,0.03617878813073338,0.06116856018072904,-69.07299371027632
2.787,post_correction,0.021038396661022016,0.039676535221717206,-88.59105977037784,0.03187624078182942,0.05677996988693964,-78.12630502937543
2.79,post_correction,0.018362068995941824,0.03696544178486021,-101.31414272013625,0.02760906533388059,0.05239518668717333,-89.77530044407675
2.793,post_correction,0.01571721587793848,0.03426337152574633,-117.99898780954089,0.02339670002869459,0.04801543879136411,-105.22312434008288
2.7960000000000003,post_correction,0.01312272865927817,0.03157261715865517,-140.5949096290455,0.019275090477257426,0.04364239506679143,-126.41862624865419
2.799,post_correction,0.010615379136817099,0.028896301884452465,-172.21167997883396,0.015317500122137484,0.03927840813141193,-156.4283193616245
2.802,post_correction,0.008274436011115126,0.026238789398676507,-217.10668090767393,0.01169127584577999,0.03492693688674895,-198.7435875046602
2.805,post_correction,0.006288083369728462,0.02360635522452353,-275.4141578047004,0.008814494700648552,0.030593322784637295,-247.07971158444627
2.8080000000000003,post_correction,0.005089266124744894,0.02100832756758342,-312.7967972717577,0.007591797535678125,0.026286315380515075,-246.24626456357538
2.811,post_correction,0.005247930438872151,0.01845910612207393,-251.7406782937663,0.008745465182231429,0.022021331031916946,-151.8028552290016
2.814,post_correction,0.006667256988904999,0.015981886926294722,-139.70707823157593,0.011584957557205145,0.017828182190140072,-53.89078554760883
2.817,post_correction,0.008753654476227694,0.013615794764934715,-55.5441193379421,0.015191703380986353,0.013771996708497927,9.345276410973794
2.82,post_correction,0.011137942355042929,0.01142974620305533,-2.619908046842079,0.019135747563067858,0.010019400986972578,47.64039944637386
2.823,post_correction,0.0421326452471425,0.009547813977822157,77.33867901762065,0.06532531958572652,0.007069592252988752,89.17786809491025
2.826,post_correction,0.03939568362071565,0.008182083975129619,79.23101410321209,0.06095874572359826,0.006197521838278226,89.83325236647866
2.829,post_correction,0.036662443108093946,0.007614941332158264,79.22958568334711,0.056597953670294535,0.008102075479375994,85.68486145881917
2.832,post_correction,0.03393377012744884,0.008017079911414824,76.37433187852638,0.05224433186206761,0.011473562653005044,78.03864602327221
2.835,post_correction,0.031210794424189826,0.009262551445988738,70.32260275050922,0.047899724900993174,0.015374083314883866,67.90360832622424
2.838,post_correction,0.028495062651900088,0.01106978639085092,61.15191418920157,0.043566658084882255,0.01948729913769825,55.27015384165903
2.841,post_correction,0.02578875448876226,0.04441167868492822,-72.2133525458979,0.039248707482673416,0.06413009840124773,-63.394166367283184
2.844,post_correction,0.023095046685482443,0.041701177609694655,-80.56329644013249,0.034951137310548615,0.059759795114330064,-70.98097433382787
2.847,post_correction,0.020418755959346304,0.03899757951254427,-90.98900829310247,0.030682056183601182,0.055394012736978485,-80.54204843867421
2.85,post_correction,0.017767539325647393,0.03630235562266214,-104.31841999786538,0.026454648636164698,0.051033731155681744,-92.91025882655774
2.853,post_correction,0.015154287836661525,0.03361743335564059,-121.83446505689754,0.022291813920743718,0.04668024826183029,-109.40533788680084
2.856,post_correction,0.012602284088469452,0.03094538903793554,-145.55381247316302,0.018236701259285188,0.04233534197366735,-132.1436392018122
2.859,post_correction,0.010157320919379821,0.02828974501809469,-178.51581379218632,0.014379158223422566,0.03800154172093515,-164.28210282180146
2.862,post_correction,0.007918517887835572,0.025655441600386554,-223.9929739856804,0.010928143823785128,0.033682605763820164,-208.2189098802845
2.865,post_correction,0.006115704706549669,0.02304961197312505,-276.89216662864476,0.008397384770468025,0.02938441033339204,-249.92335276491457
2.868,post_correction,0.0052207536030287735,0.020482901870523946,-292.33611520453627,0.007744521959598115,0.025116726965443665,-224.3160403763261
2.871,post_correction,0.005679250030256944,0.01797180569360588,-216.44681248155564,0.00936733730761139,0.02089710046901472,-123.08474417842169
2.874,post_correction,0.0072375207194483844,0.015542962615978553,-114.75534535206386,0.012399924494522792,0.016760296942773558,-35.16450805951923
2.8770000000000002,post_correction,0.009360881972074499,0.013241289636153012,-41.45344077251048,0.016060534198646708,0.012784737981346763,20.396558276224518
2.88,post_correction,0.011746182766965499,0.011145319889183889,5.11538846025326,0.020005514214374763,0.009178992304331666,54.11768872336112
2.883,post_correction,0.041318388945565054,0.009393104156645576,77.26652854490399,0.06355417577034068,0.00657690982336258,89.65149064771308
2.886,post_correction,0.03859825866507194,0.00820703079407023,78.73730298227967,0.059230854682651136,0.006355001001700945,89.27079300855954
2.8890000000000002,post_correction,0.0358826482578328,0.007847241744475101,78.13081774765013,0.05491517688515198,0.008693199322508657,84.16976905912666
2.892,post_correction,0.033172539368941066,0.008419471730685116,74.61915219379274,0.05060864925705286,0.012195723858347636,75.90189811942466
2.895,post_correction,0.030469249428744974,0.009760387569482169,67.96643254272576,0.04631328989131531,0.0161182149160637,65.19743046998222
2.898,post_correction,0.02777459251534443,0.011605880046165872,58.21404026088212,0.04203188530811812,0.02021559268396321,51.90414958603171
2.9010000000000002,post_correction,0.025091141180762305,0.04363725192720749,-73.91497506165533,0.037768418240662294,0.06232391445149447,-65.015950772318
2.904,post_correction,0.022422670447252727,0.04094664422166373,-82.61270136394751,0.033528812169276785,0.0580034188714895,-72.99574640058187
2.907,post_correction,0.019774947621744064,0.038263892751808755,-93.49680961852302,0.029322298615274592,0.053688975707238226,-83.09947801728794
2.91,post_correction,0.017157218348361328,0.03559063347378482,-107.43824990246192,0.02516409403747666,0.0493815991158386,-96.2383348365136
2.9130000000000003,post_correction,0.014585192361545691,0.03292901640176457,-125.77018928171928,0.02108105714922955,0.04508264352970376,-113.85380823442907
2.916,post_correction,0.012087510903087318,0.030281924871665693,-150.52242032668008,0.017124770029050503,0.04079398105672563,-138.21622706478755
2.919,post_correction,0.009720907228127032,0.027653314479491563,-184.4725685631262,0.01340487314780356,0.036518301697135866,-172.425567138765
2.922,post_correction,0.00760770661774451,0.025048752807417828,-229.25497874738156,0.010179608444400409,0.03225964747692592,-216.90460053668647
2.9250000000000003,post_correction,0.006019616972544217,0.022476307448948765,-273.38434573934455,0.00806040923815943,0.028024421849472462,-247.67988847017588
2.928,post_correction,0.005436502231282635,0.019948059613128673,-266.92819692676414,0.00797716808216505,0.02382344360973066,-198.64537595733896
2.931,post_correction,0.006149766992002108,0.017482779727716072,-184.28361189054425,0.00997612294459086,0.019676529488068584,-97.2362369364881
2.934,post_correction,0.007810923835440704,0.015110817190843655,-93.45748991023264,0.013135202029078816,0.015623979268676546,-18.94738454793504
2.9370000000000003,post_correction,0.009955407654074872,0.012883205038131652,-29.409115987916344,0.016809609160360835,0.011759845292834315,30.040935630047223
2.94,post_correction,0.012332872595310088,0.010888147549053161,11.714424478903013,0.020724477116943668,0.008344254493487625,59.737201346973286
2.943,post_correction,0.040438918987456954,0.009276000075113113,77.06170118446965,0.06144969277928495,0.006165064911665132,89.96729742195976
2.946,post_correction,0.03774161681324353,0.008272644491712082,78.08084234269154,0.057196691644094314,0.006583017648617707,88.49056219968027
2.949,post_correction,0.03504969227125779,0.008106230364906233,76.87217821437571,0.052953054608610474,0.009246899279161343,82.53755265393558
2.952,post_correction,0.032364284124249555,0.008823171166941635,72.73793811391396,0.048720405950840394,0.012822084822590526,73.68231119517313
2.955,post_correction,0.029686928898835858,0.010238622117625164,65.51134624765223,0.04450093954325222,0.01673097562897045,62.4030957532729
2.958,post_correction,0.02701975435906483,0.01210925572727894,55.18369424695966,0.04029771173571017,0.020783360171294358,48.425458230480615
2.961,post_correction,0.024365796194968085,0.025465649820082994,-4.5139244222277695,0.03611513292452556,0.032691474622500535,9.479844111829479
2.964,post_correction,0.021729538351253446,0.022907401474137896,-5.420562111557729,0.031959832201566354,0.028502812234766032,10.816765072473984
2.967,post_correction,0.019117880436251525,0.020392268090983046,-6.66594635833695,0.02784226494739959,0.02434609231076543,12.557069775893702
2.97,post_correction,0.016541969582796294,0.017937916849366072,-8.438821384495641,0.02377990562013376,0.020238462279401057,14.892587873579556
2.973,post_correction,0.014020900212963896,0.015572543433368377,-11.066644771994119,0.01980410585572192,0.016213989872613535,18.128139736594605
2.976,post_correction,0.011589737028150556,0.013342864321369477,-15.126549368296397,0.01597621989452916,0.012349774144692698,22.69902250831117
2.979,post_correction,0.009318114085978471,0.0113284472727021,-21.574464190653114,0.012429133805325067,0.008851710609099556,28.7825624235602
2.982,post_correction,0.007354060295097474,0.009663834259416994,-31.40814559080122,0.009477294294016055,0.006347034209820343,33.0290480287412
2.985,post_correction,0.006005589465600296,0.008554524543301315,-42.44271261465983,0.007818490758126512,0.006180104043399406,20.955281081891314
2.988,post_correction,0.00572377693181515,0.008227008744600492,-43.73391630395885,0.008263850938210098,0.0084827301282393,-2.6486342949042876
2.991,post_correction,0.00664415909054307,0.00876811459011675,-31.96725831861553,0.010544290772036356,0.011893199268695552,-12.79278545918446
2.994,post_correction,0.008378264454948997,0.010037260547917107,-19.80119035259325,0.013772213740985374,0.01570157032874458,-14.009052023477864
2.997,post_correction,0.01053047876936098,0.011800916791642548,-12.06438994946724,0.017425159005736744,0.019674812073937103,-12.910373256621213
3.0,post_correction,0.012892217057807583,0.013870906878592106,-7.591322860887022,0.02128228091237058,0.02372741268274591,-11.48904941365599
