local_t_yr,phase,pos_noNN_err,pos_encounterNN_err,pos_gain_instant_pct,vel_noNN_err,vel_encounterNN_err,vel_gain_instant_pct
0.0,pre_correction_window,9.82778646038974e-16,9.82778646038974e-16,0.0,2.8221486124673486e-17,2.8221486124673486e-17,0.0
0.004,pre_correction_window,0.07839626150579115,0.07839626150579115,0.0,0.07194986786009715,0.07194986786009715,0.0
0.008,pre_correction_window,0.07512372843436413,0.07512372843436413,0.0,0.06906415436502936,0.06906415436502936,0.0
0.012,pre_correction_window,0.07185207607428959,0.07185207607428959,0.0,0.0661715484576438,0.0661715484576438,0.0
0.016,pre_correction_window,0.06858133637054069,0.06858133637054069,0.0,0.06327180098053584,0.06327180098053584,0.0
0.02,pre_correction_window,0.06531154148231674,0.06531154148231674,0.0,0.060364654714111565,0.060364654714111565,0.0
0.024,pre_correction_window,0.062042723803224196,0.062042723803224196,0.0,0.05744984404597398,0.05744984404597398,0.0
0.028,pre_correction_window,0.05877491598588004,0.05877491598588004,0.0,0.05452709463204866,0.05452709463204866,0.0
0.032,pre_correction_window,0.05550815097255585,0.05550815097255585,0.0,0.05159612305354644,0.05159612305354644,0.0
0.036000000000000004,pre_correction_window,0.05224246203427306,0.05224246203427306,0.0,0.048656636476452415,0.048656636476452415,0.0
0.04,pre_correction_window,0.048977882822027204,0.048977882822027204,0.0,0.04570833232442376,0.04570833232442376,0.0
0.044,pre_correction_window,0.04571444743589818,0.04571444743589818,0.0,0.042750897982899744,0.042750897982899744,0.0
0.048,pre_correction_window,0.0424521905213102,0.0424521905213102,0.0,0.03978401056398348,0.03978401056398348,0.0
0.052000000000000005,pre_correction_window,0.03919114740783586,0.03919114740783586,0.0,0.036807336782250274,0.036807336782250274,0.0
0.056,pre_correction_window,0.035931354317056075,0.035931354317056075,0.0,0.033820533029079655,0.033820533029079655,0.0
0.06,pre_correction_window,0.03267284868705855,0.03267284868705855,0.0,0.030823245804143473,0.030823245804143473,0.0
0.064,pre_correction_window,0.02941566970317749,0.02941566970317749,0.0,0.0278151128044086,0.0278151128044086,0.0
0.068,pre_correction_window,0.0261598592135627,0.0261598592135627,0.0,0.02479576527113489,0.02479576527113489,0.0
0.07200000000000001,pre_correction_window,0.022905463410716337,0.022905463410716337,0.0,0.021764832878224855,0.021764832878224855,0.0
0.076,pre_correction_window,0.019652536163897866,0.019652536163897866,0.0,0.01872195414241053,0.01872195414241053,0.0
0.08,pre_correction_window,0.01640114628845278,0.01640114628845278,0.0,0.01566680005088077,0.01566680005088077,0.0
0.084,pre_correction_window,0.01315139555105893,0.01315139555105893,0.0,0.012599133763438141,0.012599133763438141,0.0
0.088,pre_correction_window,0.00990347202732198,0.00990347202732198,0.0,0.009518988946668128,0.009518988946668128,0.0
0.092,pre_correction_window,0.006657859337896785,0.006657859337896785,0.0,0.006427369091417199,0.006427369091417199,0.0
0.096,pre_correction_window,0.0034167366226790247,0.0034167366226790247,0.0,0.003330879183389761,0.003330879183389761,0.0
0.1,pre_correction_window,0.00029779040355566055,0.00029779040355566055,0.0,0.0004828055797244834,0.0004828055797244834,0.0
0.10400000000000001,pre_correction_window,0.07754541006393588,0.07754541006393588,0.0,0.08283626711497279,0.08283626711497279,0.0
0.108,pre_correction_window,0.07430822926652653,0.07430822926652653,0.0,0.07971063403699996,0.07971063403699996,0.0
0.112,pre_correction_window,0.07107250160399661,0.07107250160399661,0.0,0.07656602876874204,0.07656602876874204,0.0
0.116,pre_correction_window,0.06783826498934055,0.06783826498934055,0.0,0.07340178016792334,0.07340178016792334,0.0
0.12,pre_correction_window,0.06460555810740792,0.06460555810740792,0.0,0.07021718861819783,0.07021718861819783,0.0
0.124,pre_correction_window,0.06137442051821733,0.06137442051821733,0.0,0.06701152477300315,0.06701152477300315,0.0
0.128,pre_correction_window,0.05814489278657676,0.05814489278657676,0.0,0.06378402833593998,0.06378402833593998,0.0
0.132,pre_correction_window,0.05491701664817593,0.05491701664817593,0.0,0.0605339069283308,0.0605339069283308,0.0
0.136,pre_correction_window,0.0516908352273267,0.0516908352273267,0.0,0.05726033512258879,0.05726033512258879,0.0
0.14,pre_correction_window,0.04846639332950919,0.04846639332950919,0.0,0.05396245376479164,0.05396245376479164,0.0
0.14400000000000002,pre_correction_window,0.045243737844957804,0.045243737844957804,0.0,0.05063936978324279,0.05063936978324279,0.0
0.148,pre_correction_window,0.04202291832156673,0.04202291832156673,0.0,0.04729015680345811,0.04729015680345811,0.0
0.152,pre_correction_window,0.038803987803823534,0.038803987803823534,0.0,0.0439138571050834,0.0439138571050834,0.0
0.156,pre_correction_window,0.03558700410403346,0.03558700410403346,0.0,0.040509485844135565,0.040509485844135565,0.0
0.16,pre_correction_window,0.032372031803566695,0.032372031803566695,0.0,0.03707603919358204,0.03707603919358204,0.0
0.164,pre_correction_window,0.029159145543206567,0.029159145543206567,0.0,0.03361250949665318,0.03361250949665318,0.0
0.168,pre_correction_window,0.02594843571301947,0.02594843571301947,0.0,0.030117913544298925,0.030117913544298925,0.0
0.17200000000000001,pre_correction_window,0.022740018901278927,0.022740018901278927,0.0,0.026591346856130557,0.026591346856130557,0.0
0.176,pre_correction_window,0.019534058550332477,0.019534058550332477,0.0,0.023032093365967444,0.023032093365967444,0.0
0.18,pre_correction_window,0.01633080979129338,0.01633080979129338,0.0,0.01943986475033604,0.01943986475033604,0.0
0.184,pre_correction_window,0.013130729595639636,0.013130729595639636,0.0,0.015815383207305377,0.015815383207305377,0.0
0.188,pre_correction_window,0.009934798973316483,0.009934798973316483,0.0,0.012162045025381263,0.012162045025381263,0.0
0.192,pre_correction_window,0.006745757511550515,0.006745757511550515,0.0,0.008491983407504388,0.008491983407504388,0.0
0.196,pre_correction_window,0.0035759156518102328,0.0035759156518102328,0.0,0.004859936667046529,0.004859936667046529,0.0
0.2,pre_correction_window,0.0007076239768605996,0.0007076239768605996,0.0,0.0018417075954336288,0.0018417075954336288,0.0
0.20400000000000001,pre_correction_window,0.07621996751935531,0.07621996751935531,0.0,0.11503971818042268,0.11503971818042268,0.0
0.20800000000000002,pre_correction_window,0.07303647021748735,0.07303647021748735,0.0,0.11122429953280503,0.11122429953280503,0.0
0.212,pre_correction_window,0.0698551299851696,0.0698551299851696,0.0,0.10735564552894156,0.10735564552894156,0.0
0.216,pre_correction_window,0.0666760027191699,0.0666760027191699,0.0,0.10343141360353043,0.10343141360353043,0.0
0.22,pre_correction_window,0.06349914710976262,0.06349914710976262,0.0,0.09944914160155109,0.09944914160155109,0.0
0.224,pre_correction_window,0.060324625116611165,0.060324625116611165,0.0,0.09540624391219109,0.09540624391219109,0.0
0.228,pre_correction_window,0.05715250258242803,0.05715250258242803,0.0,0.0913000086617614,0.0913000086617614,0.0
0.232,pre_correction_window,0.05398285003928476,0.05398285003928476,0.0,0.08712759658670978,0.08712759658670978,0.0
0.23600000000000002,pre_correction_window,0.05081574378952322,0.05081574378952322,0.0,0.08288604252276884,0.08288604252276884,0.0
0.24,pre_correction_window,0.047651267386360885,0.047651267386360885,0.0,0.07857226094416975,0.07857226094416975,0.0
0.244,pre_correction_window,0.04448951370980998,0.04448951370980998,0.0,0.07418305779372354,0.07418305779372354,0.0
0.248,pre_correction_window,0.04133058795221491,0.04133058795221491,0.0,0.06971515218918999,0.06971515218918999,0.0
0.252,pre_correction_window,0.03817461203406353,0.03817461203406353,0.0,0.06516521390376404,0.06516521390376404,0.0
0.256,pre_correction_window,0.03502173134308166,0.03502173134308166,0.0,0.06052992663982577,0.06052992663982577,0.0
0.26,pre_correction_window,0.03187212539079335,0.03187212539079335,0.0,0.055806094765612456,0.055806094765612456,0.0
0.264,pre_correction_window,0.028726025368178178,0.028726025368178178,0.0,0.05099082606744029,0.05099082606744029,0.0
0.268,pre_correction_window,0.025583744492377696,0.025583744492377696,0.0,0.04608185364297007,0.04608185364297007,0.0
0.272,pre_correction_window,0.022445733582318796,0.022445733582318796,0.0,0.04107812702150877,0.04107812702150877,0.0
0.276,pre_correction_window,0.019312690333259237,0.019312690333259237,0.0,0.035980960924036826,0.035980960924036826,0.0
0.28,pre_correction_window,0.016185794446120585,0.016185794446120585,0.0,0.030796440936876692,0.030796440936876692,0.0
0.28400000000000003,pre_correction_window,0.013067277459474122,0.013067277459474122,0.0,0.025540981694775547,0.025540981694775547,0.0
0.28800000000000003,pre_correction_window,0.009962052392133767,0.009962052392133767,0.0,0.020255959389107247,0.020255959389107247,0.0
0.292,pre_correction_window,0.00688369768777629,0.00688369768777629,0.0,0.01505357726393292,0.01505357726393292,0.0
0.296,pre_correction_window,0.003888342913609317,0.003888342913609317,0.0,0.010295329995210151,0.010295329995210151,0.0
0.3,pre_correction_window,0.001542449901627135,0.001542449901627135,0.0,0.007325284598576948,0.007325284598576948,0.0
0.304,pre_correction_window,0.0742475644771227,0.0742475644771227,0.0,0.1850552426984316,0.1850552426984316,0.0
0.308,pre_correction_window,0.07114751866344934,0.07114751866344934,0.0,0.1795371218320154,0.1795371218320154,0.0
0.312,pre_correction_window,0.06805024202526044,0.06805024202526044,0.0,0.17385847588352293,0.17385847588352293,0.0
0.316,pre_correction_window,0.06495579961239317,0.06495579961239317,0.0,0.16801116580254963,0.16801116580254963,0.0
0.32,pre_correction_window,0.06186426457993757,0.06186426457993757,0.0,0.16198699212572662,0.16198699212572662,0.0
0.324,pre_correction_window,0.05877572091149109,0.05877572091149109,0.0,0.15577784101474337,0.15577784101474337,0.0
0.328,pre_correction_window,0.05569026717721831,0.05569026717721831,0.0,0.14937589069348092,0.14937589069348092,0.0
0.332,pre_correction_window,0.05260802176958323,0.05260802176958323,0.0,0.14277390204693272,0.14277390204693272,0.0
0.336,pre_correction_window,0.04952913028007349,0.04952913028007349,0.0,0.13596562816289018,0.13596562816289018,0.0
0.34,pre_correction_window,0.04645377603033592,0.04645377603033592,0.0,0.12894639492197957,0.12894639492197957,0.0
0.34400000000000003,pre_correction_window,0.043382195341180166,0.043382195341180166,0.0,0.12171393272606816,0.12171393272606816,0.0
0.34800000000000003,pre_correction_window,0.040314700077404196,0.040314700077404196,0.0,0.11426958593241324,0.11426958593241324,0.0
0.352,pre_correction_window,0.03725171165585486,0.03725171165585486,0.0,0.10662010594415962,0.10662010594415962,0.0
0.356,pre_correction_window,0.0341938136582722,0.0341938136582722,0.0,0.09878037322953383,0.09878037322953383,0.0
0.36,pre_correction_window,0.031141835701379923,0.031141835701379923,0.0,0.09077764410092416,0.09077764410092416,0.0
0.364,pre_correction_window,0.028096991990670582,0.028096991990670582,0.0,0.08265837670781505,0.08265837670781505,0.0
0.368,pre_correction_window,0.025061120226168344,0.025061120226168344,0.0,0.07449953163286735,0.07449953163286735,0.0
0.372,pre_correction_window,0.02203711547501333,0.02203711547501333,0.0,0.0664277276596268,0.0664277276596268,0.0
0.376,pre_correction_window,0.019029769842829246,0.019029769842829246,0.0,0.05865188024089954,0.05865188024089954,0.0
0.38,pre_correction_window,0.01604753114765743,0.01604753114765743,0.0,0.05151640061597462,0.05151640061597462,0.0
0.384,pre_correction_window,0.013106573020321975,0.013106573020321975,0.0,0.04557302763120024,0.04557302763120024,0.0
0.388,pre_correction_window,0.010241493077694215,0.010241493077694215,0.0,0.04161821407363604,0.04161821407363604,0.0
0.392,pre_correction_window,0.007538254087618024,0.007538254087618024,0.0,0.04052933507915083,0.04052933507915083,0.0
0.396,pre_correction_window,0.005252010627438404,0.005252010627438404,0.0,0.04279049118188549,0.04279049118188549,0.0
0.4,pre_correction_window,0.004142428953924226,0.004142428953924226,0.0,0.04814790215495378,0.04814790215495378,0.0
0.404,pre_correction_window,0.07355479727944793,0.07355479727944793,0.0,0.17744382818121682,0.17744382818121682,0.0
0.40800000000000003,pre_correction_window,0.07053162367510057,0.07053162367510057,0.0,0.16652165660890367,0.16652165660890367,0.0
0.41200000000000003,pre_correction_window,0.06750369551299465,0.06750369551299465,0.0,0.15538602909641339,0.15538602909641339,0.0
0.41600000000000004,pre_correction_window,0.06447071457742468,0.06447071457742468,0.0,0.1441028154215406,0.1441028154215406,0.0
0.42,pre_correction_window,0.06143246834979284,0.06143246834979284,0.0,0.13275458880636587,0.13275458880636587,0.0
0.424,pre_correction_window,0.05838885295834647,0.05838885295834647,0.0,0.12144393355122353,0.12144393355122353,0.0
0.428,pre_correction_window,0.05533989929677659,0.05533989929677659,0.0,0.1102983305018411,0.1102983305018411,0.0
0.432,pre_correction_window,0.052285803558751086,0.052285803558751086,0.0,0.09947753882012754,0.09947753882012754,0.0
0.436,pre_correction_window,0.049226964426541016,0.049226964426541016,0.0,0.08918448868887742,0.08918448868887742,0.0
0.44,pre_correction_window,0.04616403071871274,0.04616403071871274,0.0,0.07967997281577506,0.07967997281577506,0.0
0.444,pre_correction_window,0.043097965792228576,0.043097965792228576,0.0,0.07129811766857884,0.07129811766857884,0.0
0.448,pre_correction_window,0.040030139050859864,0.040030139050859864,0.0,0.06445041933425938,0.06445041933425938,0.0
0.452,pre_correction_window,0.03696246176270397,0.03696246176270397,0.0,0.05958990044785047,0.05958990044785047,0.0
0.456,pre_correction_window,0.03389759645215216,0.03389759645215216,0.0,0.057101271993617066,0.057101271993617066,0.0
0.46,pre_correction_window,0.03083929132158271,0.03083929132158271,0.0,0.057135608493163265,0.057135608493163265,0.0
0.464,pre_correction_window,0.02779293385962191,0.02779293385962191,0.0,0.05951072828679512,0.05951072828679512,0.0
0.468,pre_correction_window,0.024766503902532835,0.024766503902532835,0.0,0.06378460552130907,0.06378460552130907,0.0
0.47200000000000003,pre_correction_window,0.02177228872311926,0.02177228872311926,0.0,0.06943340754392704,0.06943340754392704,0.0
0.47600000000000003,pre_correction_window,0.01883012790066079,0.01883012790066079,0.0,0.07599003651606742,0.07599003651606742,0.0
0.48,pre_correction_window,0.015973893335911232,0.015973893335911232,0.0,0.08309473022514174,0.08309473022514174,0.0
0.484,pre_correction_window,0.013265092160473722,0.013265092160473722,0.0,0.09049022240046121,0.09049022240046121,0.0
0.488,pre_correction_window,0.010821938325208608,0.010821938325208608,0.0,0.09799896370358986,0.09799896370358986,0.0
0.492,pre_correction_window,0.008874766782282868,0.008874766782282868,0.0,0.10550051079818903,0.10550051079818903,0.0
0.496,pre_correction_window,0.007812679632790821,0.007812679632790821,0.0,0.11291408933095637,0.11291408933095637,0.0
0.5,post_correction,0.008004402100345446,0.002041294222775361,74.49785509042249,0.12018628644837946,0.0443391708744957,63.10796166121701
0.504,post_correction,0.0746806969840193,0.0801573888969861,-7.333477235943239,0.08786403155412585,0.10526375176739505,-19.803006879499552
0.508,post_correction,0.07151010903645393,0.07693943937250136,-7.592395549669361,0.08378678358632426,0.09723316165879849,-16.048328264827866
0.512,post_correction,0.06833909930222752,0.07371359555774441,-7.864452868698709,0.08036795428419531,0.08962416809157119,-11.51729428702921
0.516,post_correction,0.06516901193479425,0.07048042932926528,-8.150219309424909,0.07761010821515994,0.08244899149467087,-6.23486217297366
0.52,post_correction,0.06200137609799584,0.06724050631092376,-8.450022471512982,0.07550526540226778,0.07572397775284616,-0.28966503119107334
0.524,post_correction,0.058837959800595016,0.06399439073067739,-8.763782679681274,0.07403365743685077,0.06947107063747587,6.162854784348172
0.528,post_correction,0.055680841809811914,0.060742652256278104,-9.090757757858132,0.07316361238955953,0.06371929354279032,12.908491719193613
0.532,post_correction,0.05253250863112158,0.0574858753346464,-9.429145556910115,0.07285275634434034,0.05850599607649111,19.6928173863991
0.536,post_correction,0.04939598684418924,0.05422467188192245,-9.775460206847216,0.07305038308702615,0.05387736251309602,26.246297094826982
0.54,post_correction,0.04627502613903388,0.050959698666470384,-10.123543773614195,0.07370055196950964,0.04988731922588193,32.31079294152286
0.544,post_correction,0.043174356238464974,0.04769168151454314,-10.462982357229867,0.07474534599252995,0.04659365730411587,37.66346695515673
0.548,post_correction,0.040100053205351135,0.04442144976289371,-10.776535720321453,0.07612778454719435,0.04405030818592563,42.13635869224952
0.552,post_correction,0.03706007012359934,0.0411499865849048,-11.035911285826348,0.07779407274357811,0.04229589493769186,45.63095433105039
0.556,post_correction,0.03406501802801649,0.037878504701189926,-11.194729649158173,0.0796950822734876,0.041341138984603655,48.12585945675504
0.56,post_correction,0.03112933127617913,0.034608564113230655,-11.1767027893526,0.08178712288028449,0.04116012816110658,49.67407250484344
0.5640000000000001,post_correction,0.028273023977931615,0.03134226216996946,-10.85571247855738,0.08403215210752639,0.041690183035789884,50.38781943553737
0.5680000000000001,post_correction,0.025524340545439263,0.02808255385918386,-10.022642148933805,0.08639759417813661,0.04284101523120323,50.414110903513574
0.5720000000000001,post_correction,0.022923688467439276,0.024833819206592906,-8.332562806665136,0.08885592145129857,0.044509007769423195,49.90878824680432
0.5760000000000001,post_correction,0.020529153878952083,0.021602929723063904,-5.230492452067062,0.09138411725808439,0.04659084100705318,49.016478568729106
0.58,post_correction,0.018423126957457382,0.01840140075195425,0.11792897890407876,0.09396310242065689,0.04899279957618355,47.85953388719426
0.584,post_correction,0.01671692944634676,0.015250128184141145,8.77434619146618,0.09657717694817483,0.05163518055640413,46.534800262268426
0.588,post_correction,0.015544739193121078,0.012190962908207514,21.574992306063848,0.09921350549762499,0.054453058037919506,45.115276630132755
0.592,post_correction,0.015033904248831042,0.00931854684879025,38.01645471092573,0.1018616596532126,0.05739501524481277,43.65395631662222
0.596,post_correction,0.015252798212713178,0.006875610688112167,54.92229955300033,0.10451322034929161,0.06042106565731748,42.18811222600796
0.6,post_correction,0.01617339821206112,0.005476540062214693,66.13859381678596,0.10716143816853782,0.06350047169948154,40.74316957223794
0.604,post_correction,0.0743078923403528,0.08188731758719614,-10.200027222044275,0.0852906133561773,0.0789467480626906,7.437940757905492
0.608,post_correction,0.07111528381375559,0.07857662263759663,-10.49189207116377,0.08441755332831487,0.07742407739427694,8.284385958023515
0.612,post_correction,0.06793505567295208,0.07526648365658438,-10.791818614128648,0.08367950998452559,0.07606574271846954,9.098723531559902
0.616,post_correction,0.06476952527995303,0.0719574654987347,-11.09771947179368,0.08307104474063158,0.07486745581048483,9.875389139212574
0.62,post_correction,0.06162145029666765,0.06865021335214937,-11.406357723881447,0.08258678377623531,0.07382481667325252,10.60940589080559
0.624,post_correction,0.05849414180224542,0.06534547487188377,-11.712853387611116,0.08222142537834871,0.07293328779636088,11.296493023865372
0.628,post_correction,0.055391611575479324,0.062044129096520885,-12.009972867419672,0.08196974985828755,0.07218817819134,11.933148123372707
0.632,post_correction,0.05231876534649345,0.058747224759743005,-12.287100757587755,0.08182663133287704,0.07158463764773856,12.516699659152847
0.636,post_correction,0.04928165816209897,0.05545603179995748,-12.528745720262775,0.08178705064367542,0.07111766111606668,13.045328623100067
0.64,post_correction,0.046287833823437576,0.052172111701047665,-12.712363901182645,0.08184610871243075,0.07078210258498135,13.518060053805591
0.644,post_correction,0.043346777840852974,0.04889741516290558,-12.805190139926163,0.08199903969064976,0.07057269733119295,13.934727043833583
0.648,post_correction,0.04047052223074868,0.04563442018003024,-12.759652370777019,0.08224122334738991,0.0704840910260486,14.295911275150603
0.652,post_correction,0.03767444910307959,0.042386331085632195,-12.50683711302747,0.08256819624283149,0.07051087391512144,14.602865118004631
0.656,post_correction,0.03497834331197591,0.03915737161395275,-11.947473511548562,0.08297566134661466,0.07064761816263442,14.857420819440348
0.66,post_correction,0.03240772983369332,0.03595322640204443,-10.940280564376243,0.08345949587114604,0.07088891647001541,15.061892322640519
0.664,post_correction,0.029995471206954415,0.03278172274390719,-9.288907374479878,0.0840157571943795,0.07122942022058797,15.21897486945093
0.668,post_correction,0.027783441358137435,0.029653911195303445,-6.732318768776898,0.08464068683908761,0.071663875642276,15.331646849088232
0.672,post_correction,0.025823755550193592,0.026585824554618814,-2.9510386393798878,0.08533071255331788,0.07218715678312636,15.40307748160304
0.676,post_correction,0.02417846866782637,0.023601413018308787,2.386650939087198,0.08608244859819816,0.07279429442563747,15.43654297589165
0.68,post_correction,0.022916018722090432,0.020737529669407884,9.506402831581484,0.08689269439454492,0.07348050039423977,15.435352872596798
0.684,post_correction,0.022102712195897312,0.0180523838532213,18.32502865158707,0.08775843170991135,0.0742411870113231,15.40278744186085
0.6880000000000001,post_correction,0.021789485403992274,0.015639136449819045,28.22622397978413,0.08867682058454382,0.07507198171435832,15.342046298575566
0.6920000000000001,post_correction,0.021998256979896266,0.013643728589082622,37.97813798815364,0.08964519420037884,0.07596873705114968,15.256207843845983
0.6960000000000001,post_correction,0.022715137993442606,0.012272630370552862,45.97157906724705,0.09066105289395825,0.07692753642000204,15.148198741988606
0.7000000000000001,post_correction,0.023894887179577575,0.01174743573429602,50.83703201437883,0.09172205750421694,0.0779446960196704,15.020772384999242
0.704,post_correction,0.07397553012126996,0.08342666503775563,-12.776028642163402,0.09252671084798875,0.1055568699165216,-14.082591879808616
0.708,post_correction,0.07084579880167004,0.08014009344588184,-13.119048414191514,0.09120293696126103,0.1043788776376907,-14.446838134199812
0.712,post_correction,0.06773972696546678,0.07686111937861494,-13.465351606448282,0.08992762211001556,0.10324034881027551,-14.803823772826368
0.716,post_correction,0.06466093985709974,0.07359094372962359,-13.81050738244619,0.08870206960555795,0.10214189403976155,-15.151646961528716
0.72,post_correction,0.06161374324866084,0.07033097774646448,-14.148198174914658,0.08752768441121551,0.10108421360810237,-15.488275838758238
0.724,post_correction,0.0586032806671853,0.06708289264094351,-14.469517537618572,0.0864059636839441,0.10006809104795161,-15.81155603330908
0.728,post_correction,0.05563573118423026,0.06384868338173516,-14.762009993737324,0.08533848611592705,0.09909438641983945,-16.11922232276989
0.732,post_correction,0.05271855813669869,0.06063075146946728,-15.008364440188881,0.08432689998331915,0.09816402924425789,-16.408914905772527
0.736,post_correction,0.04986082085167427,0.05743201335342402,-15.18465274423078,0.08337290983664006,0.09727801104786836,-16.67820067510394
0.74,post_correction,0.047073562292060535,0.054256043802955706,-15.257994426537323,0.08247826180245524,0.09643737749195913,-16.924599748401043
0.744,post_correction,0.04437028404205472,0.051107267350681204,-15.183547849820139,0.08164472750904166,0.09564322006194509,-17.1456173349996
0.748,post_correction,0.04176751336099618,0.04799121637902235,-14.90082247471803,0.08087408669935496,0.09489666730913694,-17.338780791318445
0.752,post_correction,0.039285450077527116,0.04491488219760696,-14.329559948964697,0.08016810865180517,0.09419887565015779,-17.501681447035967
0.756,post_correction,0.03694864571621877,0.04188719636157059,-13.36598554459067,0.0795285325913843,0.09355101974508913,-17.632020479683725
0.76,post_correction,0.03478660239267479,0.03891969420571498,-11.881274768905048,0.078957047338083,0.09295428249242298,-17.727657791464498
0.764,post_correction,0.03283407483548396,0.03602743088079601,-9.725737854081325,0.07845527050305066,0.09240984469679175,-17.78666252026813
0.768,post_correction,0.031130720305067125,0.03323023859633041,-6.744200810931924,0.0780247276017337,0.09191887448373175,-17.80736352316251
0.772,post_correction,0.02971961634289547,0.030554419758860533,-2.8089306615986125,0.07766683150301032,0.09148251655378639,-17.788397934375094
0.776,post_correction,0.028644181278090236,0.028034929547911036,2.126965069325312,0.07738286266977953,0.09110188138534557,-17.728755750624032
0.78,post_correction,0.027943380032379925,0.0257179317600295,7.964134151887295,0.07717395066552842,0.09077803451095187,-17.627818361124856
0.784,post_correction,0.027645884593958323,0.02366315697989845,14.40622238193909,0.07704105739982639,0.0905119860045604,-17.48538903720234
0.788,post_correction,0.027764812133550823,0.021944556011823792,20.962706658093573,0.07698496256141583,0.09030468032660996,-17.301713636046955
0.792,post_correction,0.02829504363558124,0.020646405476708575,27.031724203649723,0.07700625164005517,0.09015698667901507,-17.077490150318503
0.796,post_correction,0.029214304531416397,0.019851501506495707,32.04869386793769,0.07710530686880612,0.09006969002272601,-16.813866230995814
0.8,post_correction,0.03048751803533759,0.019621222987771938,35.64178308962607,0.0772823013301121,0.09004348290591621,-16.512424392351615
0.804,post_correction,0.0742424029619962,0.08627709250543475,-16.209994643625638,0.09683426856675076,0.13020915033460326,-34.46598220014043
0.808,post_correction,0.07120534265427499,0.08308497749256799,-16.683628496772332,0.09492628413077987,0.1286524264669163,-35.52877124071553
0.812,post_correction,0.06820195910955654,0.07990912493476741,-17.16543920154114,0.09304505716264494,0.12711696114197366,-36.6187146510859
0.8160000000000001,post_correction,0.06523699048418242,0.07675161752624125,-17.650457135742187,0.09119273941102518,0.12560405653271906,-37.73471149561009
0.8200000000000001,post_correction,0.06231600430151327,0.07361487698793778,-18.131574405437505,0.08937165168179938,0.12411507762347454,-38.875219700958816
0.8240000000000001,post_correction,0.05944556541045016,0.0705017333028126,-18.59881021573872,0.08758429214838438,0.12265145235003844,-40.03818417832691
0.8280000000000001,post_correction,0.0566334379149761,0.06741551038907158,-19.038350612376085,0.08583334417219743,0.12121467147173767,-41.22095863882318
0.8320000000000001,post_correction,0.0538888253884247,0.06436013247835037,-19.431314404145283,0.08412168330044621,0.11980628812145963,-42.4202220176259
0.836,post_correction,0.05122265177530671,0.06134025655481437,-19.75220811271066,0.08245238303285604,0.1184279169757222,-43.63189106193626
0.84,post_correction,0.04864788098976348,0.058361437490110815,-19.967070101966563,0.08082871886561503,0.11708123298326584,-44.85103144827008
0.844,post_correction,0.04617986464298287,0.05543033391009377,-20.031391037254867,0.07925417003225506,0.1157679695876923,-46.07177078578548
0.848,post_correction,0.04383669220534765,0.05255496415469109,-19.888069812621247,0.07773241827162233,0.11448991637759283,-47.287218027268686
0.852,post_correction,0.041639493474917404,0.049745022489057954,-19.465964491194207,0.07626734286898072,0.11324891609671776,-48.489395115373945
0.856,post_correction,0.03961260749708581,0.04701226506270416,-18.680056762642348,0.07486301114668693,0.11204686094736543,-49.669188069152455
0.86,post_correction,0.03778348674470988,0.04437097122579173,-17.434824174886845,0.07352366353775235,0.11088568812268078,-50.816326046843514
0.864,post_correction,0.0361821611110178,0.04183847556354893,-15.632881726372961,0.072253692373776,0.10976737450832694,-51.91939802949956
0.868,post_correction,0.034840069476273966,0.03943574429539299,-13.190773980082534,0.0710576135753278,0.10869393050139517,-52.965917418784834
0.872,post_correction,0.03378812135939638,0.0371879292119691,-10.06213934302459,0.06994003056602129,0.1076673929047882,-53.94244473935913
0.876,post_correction,0.033054023461140676,0.035124765116983585,-6.2647189026090455,0.06890558995820326,0.10668981686893567,-54.834777459494305
0.88,post_correction,0.03265919869961726,0.03328058022245936,-1.9026232962947198,0.06795892889094012,0.10576326686975751,-55.628213386772856
0.884,post_correction,0.0326159418398719,0.031693580555590684,2.8279461890432285,0.06710461434380396,0.10488980673234258,-56.307889938760184
0.888,post_correction,0.03292559954387032,0.03040401004572378,7.6584467195100006,0.06634707529381274,0.10407148873373091,-56.85919578648886
0.892,post_correction,0.033578360867729334,0.029450896620723956,12.292036121906419,0.0656905292015688,0.1033103418451544,-57.26824414543943
0.896,post_correction,0.034554729556019854,0.02886750430938048,16.458601527814846,0.06513890496048412,0.10260835920353009,-57.52238890994015
0.9,post_correction,0.03582819414496387,0.028676313561640156,19.96159938842188,0.06469576505552832,0.10196748493308037,-57.61075681779444
0.904,post_correction,0.0752395662721006,0.09122100599022492,-21.24073876280486,0.09989406007048122,0.15202544038157126,-52.18666682914703
0.908,post_correction,0.07229914215710137,0.0881742297389102,-21.95750476169315,0.09755255287416789,0.15015840784948542,-53.92565691558407
0.912,post_correction,0.06939999233035467,0.08515288040608474,-22.69868849659794,0.09522929538507151,0.14831064750073109,-55.7405700640948
0.916,post_correction,0.06654752098380992,0.08215976439252833,-23.460293002524683,0.09292635845550727,0.14648348440310716,-57.633944596293205
0.92,post_correction,0.06374799933407571,0.07919808025533331,-24.236181656918216,0.09064600616993448,0.14467829755978728,-59.608022099239776
0.924,post_correction,0.061008716702262746,0.07627148309272323,-25.01735361021683,0.08839071507919141,0.14289652106879774,-61.66462839538434
0.928,post_correction,0.05833815348848472,0.07338416002252468,-25.791022914377756,0.08616319503034728,0.14113964511523616,-63.805027268923574
0.932,post_correction,0.05574617485831463,0.07054091834809442,-26.539477421334016,0.08396641153812955,0.13940921675712245,-66.02974237361099
0.936,post_correction,0.05324424031714466,0.06774728795393861,-27.238716432815668,0.0818036095567309,0.137706840461403,-68.33834253475472
0.9400000000000001,post_correction,0.05084561830804485,0.06500963919434348,-27.856915418919364,0.07967833839035202,0.13603417834218884,-70.72918573645954
0.9440000000000001,post_correction,0.04856558560576688,0.062335316873851986,-28.352857473729355,0.0775944773185833,0.1343929500489143,-73.19911763453325
0.9480000000000001,post_correction,0.046421577788535444,0.05973278963244782,-28.67462175574694,0.07555626129939554,0.1327849322478923,-75.74312170069565
0.9520000000000001,post_correction,0.044433239377209034,0.05721181180568706,-28.759038520681184,0.07356830583889795,0.1312119576369023,-78.35392040185636
0.9560000000000001,post_correction,0.04262230216260915,0.054783591185656066,-28.532689240131035,0.07163562977548983,0.12967591342919002,-81.0215305366921
0.96,post_correction,0.04101220324929466,0.05246095053213028,-27.915465095215332,0.06976367431299701,0.12817873924083403,-83.73278142684387
0.964,post_correction,0.03962735119998437,0.050258462664860656,-26.827711524863368,0.06795831615709556,0.12672242431415304,-86.4708125216282
0.968,post_correction,0.0384919752523234,0.048192528279705604,-25.20149450318653,0.06622587207903638,0.12530900400999895,-89.21457743953994
0.972,post_correction,0.03762856459572287,0.046281352836018516,-22.99526525462835,0.06457309168741429,0.1239405555037754,-91.93839456185155
0.976,post_correction,0.03705602487003637,0.04454476612176869,-20.209240678127202,0.06300713469665416,0.1226191926242076,-94.61159948719109
0.98,post_correction,0.036787820702911485,0.04300382015003929,-16.89689502764119,0.06153552863811477,0.12134705978063903,-97.19837054504043
0.984,post_correction,0.03683047483455381,0.0416801057452631,-13.16744063847757,0.06016610290123393,0.12012632493430118,-99.6578125252609
0.988,post_correction,0.0371827843002894,0.04059475546782838,-9.176212141575494,0.058906895384577,0.11895917158189091,-101.94439174778984
0.992,post_correction,0.037835961439422514,0.0397671580849406,-5.104129965377092,0.057766029059141535,0.11784778973612017,-104.00881219560068
0.996,post_correction,0.03877466176011213,0.03921349511932867,-1.131752900725435,0.05675155755233908,0.1167943659077747,-105.79940171696819
1.0,post_correction,0.03997863239970417,0.038945302238599364,2.584706126947092,0.055871281520409426,0.1158010721171715,-107.26403434091645
1.004,post_correction,0.07700921811161666,0.09872309879867493,-28.19646948705063,0.10332626174948922,0.17300384088386644,-67.434530151984
1.008,post_correction,0.07415600753808599,0.09585241594734263,-29.25778926018034,0.10072409890639765,0.1709526854036318,-69.72371781900692
1.012,post_correction,0.07134870393005911,0.09301480985222016,-30.36650244326743,0.09813850005210237,0.1689227321754749,-72.12687384236841
1.016,post_correction,0.06859290613795553,0.09021337204712686,-31.519973604395446,0.09557142002452138,0.16691522789029736,-74.64973090016957
1.02,post_correction,0.0658950329575476,0.08745154499299025,-32.71340959694227,0.09302500857259652,0.16493146366068495,-77.29798275909084
1.024,post_correction,0.06326244581020263,0.08473316463716335,-33.93912225805541,0.09050163325034458,0.16297277590201456,-80.07716551501468
1.028,post_correction,0.060703582953943465,0.08206250713609436,-35.185607080814606,0.08800390495388133,0.1610405470754208,-82.99250148026329
1.032,post_correction,0.05822810142958563,0.07944433952746675,-36.43642429856245,0.08553470628857894,0.15913620626463773,-86.0486966866296
1.036,post_correction,0.055847019416263306,0.0768839737804672,-37.66889367434654,0.0830972229062557,0.15726122955588442,-89.24968134409885
1.04,post_correction,0.053572846514345976,0.07438732313339534,-38.85266132624775,0.08069497787080225,0.15541714018709396,-92.59828094373681
1.044,post_correction,0.051419682396095914,0.07196095889893694,-39.94827572953007,0.07833186898120778,0.15360550842996246,-96.09580420813553
1.048,post_correction,0.0494032553028321,0.06961216492931778,-40.9060283631293,0.07601220878591607,0.15182795116560036,-99.74153309136811
1.052,post_correction,0.04754086181654168,0.06734898564363699,-41.66547065035145,0.07374076673991052,0.15008613111209781,-103.53210001390872
1.056,post_correction,0.04585116034892909,0.06518026190998599,-42.156188445312395,0.07152281255994418,0.1483817556602128,-107.46073923736174
1.06,post_correction,0.044353766998741516,0.0631156471808966,-42.300533757792046,0.06936415929522106,0.14671657527177062,-111.51640380636583
1.064,post_correction,0.043068610051815864,0.06116559423294085,-42.01896499411636,0.06727120392258779,0.14509238139441727,-115.68274824006726
1.068,post_correction,0.042015025508049794,0.059341300939259184,-41.238283737064,0.06525096237599712,0.14351100384625737,-119.93699191638066
1.072,post_correction,0.04121062499139502,0.057654602189353976,-39.90227569077765,0.06331109482702299,0.14197430762484778,-124.24870082052202
1.076,post_correction,0.04067003525300319,0.05611779507731752,-37.98314835041513,0.06145991577925176,0.14048418909720092,-128.57855777379208
1.08,post_correction,0.04040367793405993,0.05474338671306252,-35.49109762335359,0.05970638221628337,0.13904257153111058,-132.87723417479197
1.084,post_correction,0.040416800122926665,0.05354375940055407,-32.47896725545342,0.058060051830353496,0.13765139993343234,-137.08452816342285
1.088,post_correction,0.040708951593202036,0.05253075708524042,-29.039818097434136,0.056531002550750595,0.13631263516814177,-141.12898943507568
1.092,post_correction,0.041274024042748055,0.051715209699472936,-25.297232094236332,0.05512970461027942,0.1350282473361898,-144.92829825722046
1.096,post_correction,0.04210084374535227,0.051106426811256,-21.390504951335814,0.05386683775965857,0.13380020841049411,-148.3906870633094
1.1,post_correction,0.04317418840031273,0.050711705758565824,-17.458388072903524,0.05275304950501113,0.1326304841328757,-151.41766282208354
1.104,post_correction,0.07961366020544484,0.10903907471891391,-36.96025837467606,0.1080862165490223,0.19440955764073775,-79.86526297972847
1.108,post_correction,0.0768347677843539,0.1063560035870196,-38.421715395197964,0.10537534130062173,0.1922808041587344,-82.47229549670735
1.112,post_correction,0.07410373074948151,0.10371085904956032,-39.95362716645135,0.10268405627697898,0.1901758890716717,-85.20488571146149
1.116,post_correction,0.07142597400423172,0.10110657697524893,-41.554355239536186,0.10001437736682214,0.1880959409735094,-88.06890161764545
1.12,post_correction,0.0688076476994162,0.0985463529850518,-43.22005806033085,0.09736851711191863,0.186042122238891,-91.07009920367584
1.124,post_correction,0.06625572115670249,0.09603366350644253,-44.94395628011013,0.09474890714331148,0.18401562935839363,-94.21398610968959
1.1280000000000001,post_correction,0.06377808183699742,0.09357228712891486,-46.71543018189979,0.09215822305971483,0.18201769314790509,-97.50564529652978
1.1320000000000001,post_correction,0.0613836352307795,0.09116632570359824,-48.51894215917153,0.08959941188413245,0.18004957881342099,-100.94950963099653
1.1360000000000001,post_correction,0.059082398880702894,0.0888202244222022,-50.332799792955065,0.08707572217831519,0.17811258585118783,-104.5490768212588
1.1400000000000001,post_correction,0.05688558014245492,0.08653878985764579,-52.12781453741393,0.08459073680397802,0.17620804776180313,-108.30655272589686
1.1440000000000001,post_correction,0.05480562271559539,0.08432720464963912,-53.865972999232305,0.0821484081821716,0.1743373315556837,-112.22240992068251
1.1480000000000001,post_correction,0.05285620166032172,0.08219103717741463,-55.49932570942587,0.0797530957020361,0.1725018370262555,-116.29484787742415
1.1520000000000001,post_correction,0.05105214126313234,0.08013624419119876,-56.9694085467669,0.07740960464832045,0.17070299576637862,-120.51914170328004
1.156,post_correction,0.049409226158107826,0.07816916399822876,-58.20762654345187,0.0751232256317436,0.16894226990294559,-124.88686885079437
1.16,post_correction,0.047943875895068495,0.07629649745849226,-59.13710778301951,0.07289977299468636,0.16722115052436234,-129.38500856038473
1.164,post_correction,0.0466726598010774,0.07452527379982776,-59.67650894005276,0.07074562000639198,0.1655411557758108,-133.99491835799006
1.168,post_correction,0.045611645661216185,0.07286279819283144,-59.74604103089191,0.06866772784503365,0.16390382859787914,-138.69120726954907
1.172,post_correction,0.04477560397125464,0.07131657823353056,-59.2755248579447,0.06667366439555317,0.16231073408542118,-143.4405481637913
1.176,post_correction,0.0441771268567386,0.0698942270764629,-58.21360973320408,0.06477160781234423,0.16076345644544834,-148.20050308340487
1.18,post_correction,0.04382575897164274,0.06860334204500144,-56.536574961293724,0.06297032869760137,0.15926359553555125,-152.91847577987602
1.184,post_correction,0.043727263342910654,0.06745135918487022,-54.254700679332295,0.06127914379699034,0.15781276296786734,-157.53095293021727
1.188,post_correction,0.04388314418173517,0.06644538641182089,-51.414370257171484,0.05970783357482269,0.15641257776801626,-161.96324402225767
1.192,post_correction,0.04429051414066579,0.06559202051312643,-48.09496296386961,0.058266516258938805,0.15506466158376397,-166.12996887380433
1.196,post_correction,0.04494233158684554,0.06489715603226749,-44.400955048052424,0.05696547236858699,0.1537706334444663,-169.93655463701813
1.2,post_correction,0.04582796309067643,0.06436579659598202,-40.45092178464518,0.055814916775461444,0.15253210407957804,-173.28196993144581
1.204,post_correction,0.08316790281047705,0.12227514226793436,-47.022033904804424,0.11450713171424311,0.2166987688257476,-89.24477941385135
1.208,post_correction,0.08045428728673197,0.11977730950254002,-48.876229647854906,0.11180086057662855,0.21456640021572135,-91.91837979516899
1.212,post_correction,0.07778856592540362,0.11731935259582467,-50.818248414978655,0.10911950114446645,0.2124599303812955,-94.70390549166247
1.216,post_correction,0.07517575734594005,0.11490379012536554,-52.84686737056337,0.10646520029946482,0.2103803451753939,-97.60479911148153
1.22,post_correction,0.07262149086990125,0.11253330921605798,-54.958687666791775,0.10384029527506287,0.20832865413597568,-100.62409643976193
1.224,post_correction,0.07013207531795258,0.11021077333047669,-57.14745760883631,0.10124733216346718,0.20630589039345776,-103.76427307770446
1.228,post_correction,0.06771456938268207,0.10793922927356486,-59.40325731609867,0.09868908584897036,0.20431311047330342,-107.0270574660866
1.232,post_correction,0.06537685017606336,0.10572191305310419,-61.71154279900212,0.09616858130194504,0.20235139398270763,-110.41320485676647
1.236,post_correction,0.0631276747986407,0.10356225416592212,-64.05206511447824,0.09368911608768724,0.20042184316985473,-113.922226550064
1.24,post_correction,0.06097672753459169,0.10146387780334146,-66.39770926667337,0.09125428383521615,0.19852558234385892,-117.55206879092886
1.244,post_correction,0.05893464257657684,0.09943060439097791,-68.71334081950623,0.0888679982662436,0.19666375714322296,-121.29873630553627
1.248,post_correction,0.05701298920921128,0.09746644580228132,-70.954807236338,0.08653451719631285,0.1948375336405069,-125.15585682242501
1.252,post_correction,0.05522420355508084,0.0955755975187762,-73.06831310559095,0.08425846568121129,0.19304809727090128,-129.11418539389436
1.256,post_correction,0.05358144907842649,0.09376242596158199,-74.99046325593605,0.0820448571861497,0.1912966515725791,-133.16105132409518
1.26,post_correction,0.05209838821047427,0.09203145019958558,-76.64932325311909,0.07989911130009307,0.18958441672708656,-137.27975648568412
1.264,post_correction,0.05078885118697153,0.09038731726279403,-77.9668473501137,0.07782706610634614,0.18791262788864846,-141.44894223800858
1.268,post_correction,0.04966639694707608,0.08883477036952508,-78.86292509639135,0.07583498286643668,0.18628253329214825,-145.6419534243659
1.272,post_correction,0.04874377554592159,0.08737860952797173,-79.26106164191611,0.07392954020598072,0.18469539213070962,-149.82624214368943
1.276,post_correction,0.04803232121137444,0.08602364420920802,-79.09533006045298,0.0721178145578241,0.18315247219529426,-153.96287078062042
1.28,post_correction,0.04754132674631342,0.08477463811820085,-78.3177793303269,0.0704072432946971,0.18165504727055323,-158.0061919342822
1.284,post_correction,0.047277467757940596,0.08363624651225715,-76.90508920755349,0.06880556687531429,0.18020439428334387,-161.90380003684945
1.288,post_correction,0.04724435230751262,0.08261294702158409,-74.86311693693656,0.06732074656530895,0.17880179020286763,-165.59686177783115
1.292,post_correction,0.0474422626835207,0.08170896548896886,-72.2282219843424,0.06596085502334421,0.17744850869428846,-169.02093466115267
1.296,post_correction,0.04786813040187668,0.08092819892394833,-69.06488355512528,0.06473393839841439,0.1761458165309571,-172.10736885316967
1.3,post_correction,0.04851574865940474,0.08027413820550544,-65.45995975256247,0.06364785065093768,0.17489496977396912,-174.7853509353226
1.304,post_correction,0.08782668287218637,0.13841934663975783,-57.60511738920922,0.12246499006487267,0.23970341387242225,-95.73219558132128
1.308,post_correction,0.08517680516576247,0.13609692045205157,-59.7816684802788,0.1198346500441238,0.2376114932440246,-98.28279479811115
1.312,post_correction,0.08257382724633607,0.13381407871369783,-62.05386522111989,0.11723455633081353,0.23554655036152097,-100.91904446403464
1.316,post_correction,0.08002224822721271,0.13157284759586121,-64.42033373303549,0.11466690126954496,0.23350942184616585,-103.64152101508387
1.32,post_correction,0.07752706062293384,0.12937535351520585,-66.87767145519044,0.11213404427058807,0.2315009598493415,-106.45020105643553
1.324,post_correction,0.0750937981903866,0.12722382482622058,-69.41988272276204,0.1096385242093223,0.22952203174235494,-109.3443280065961
1.328,post_correction,0.07272858356772983,0.12512059277947582,-72.03771425433435,0.10718307215735931,0.22757351972824696,-112.32225868105192
1.332,post_correction,0.070438173256577,0.12306809158198234,-74.71789214875918,0.10477062425106096,0.22565632036978225,-115.38128839343739
1.336,post_correction,0.06822999645639262,0.12106885737833473,-77.44227417000182,0.10240433443257897,0.223771344027742,-118.51745364847687
1.34,post_correction,0.06611218299178238,0.11912552595521389,-80.1869497638899,0.10008758671267619,0.22191951420365552,-121.72531229144843
1.344,post_correction,0.06409357410944518,0.11724082895831113,-82.92134677668707,0.09782400650212919,0.22010176678118495,-124.99770215033497
1.348,post_correction,0.06218370836924531,0.11541758840130421,-85.60743871362166,0.09561747043893751,0.21831904916053313,-128.32548085441599
1.352,post_correction,0.06039277342727025,0.11365870924294247,-88.19918806977671,0.09347211400268421,0.21657231928048803,-131.69725173249938
1.356,post_correction,0.05873151356345899,0.11196716981260148,-90.6424047655808,0.09139233605805615,0.21486254452305065,-135.09908356709602
1.36,post_correction,0.057211082855971526,0.11034600987905108,-92.87523390677,0.08938279931253752,0.21319070049603653,-138.51423555284953
1.364,post_correction,0.055842835590493335,0.10879831618390569,-94.82949788177926,0.08744842551835896,0.21155776968959467,-141.92290305464692
1.368,post_correction,0.054638049472462376,0.10732720530243217,-96.43308342572729,0.0855943841106424,0.20996474000326248,-145.30200454723115
1.372,post_correction,0.05360758393406396,0.10593580375187259,-97.61346432282993,0.08382607287288864,0.20841260314098006,-148.62503514510425
1.3760000000000001,post_correction,0.05276148521509325,0.10462722534231782,-98.3022746910611,0.08214908918428881,0.20690235287242156,-151.86201688526094
1.3800000000000001,post_correction,0.052108560995983245,0.10340454585759025,-98.44060914589663,0.08056919046321577,0.20543498316007666,-154.97957963704368
1.3840000000000001,post_correction,0.05165595817228731,0.10227077526234395,-97.98447048691233,0.07909224261362895,0.20401148615272227,-157.94120815277984
1.3880000000000001,post_correction,0.05140878504290424,0.10122882775379366,-96.90958980903964,0.07772415564142045,0.2026328500472714,-160.70768910262066
1.3920000000000001,post_correction,0.05136982079306285,0.10028149010736766,-95.21479452174769,0.07647080616424515,0.20130005682245736,-163.2377856591469
1.3960000000000001,post_correction,0.051539348766641284,0.09943138889841788,-92.9232543248094,0.07533794730351823,0.2000140798494091,-165.489155210987
1.4000000000000001,post_correction,0.05191513581506223,0.09868095730838639,-90.08128508017099,0.07433110740727632,0.19877588138587005,-167.41950755117062
1.4040000000000001,post_correction,0.09374659651035729,0.1573515906223838,-67.84779019150773,0.13157529457588085,0.2628602676627437,-99.77934954281967
1.408,post_correction,0.09116634690485097,0.15519209503346365,-70.2295861382221,0.12905735602451698,0.2608310640936668,-102.10476343875881
1.412,post_correction,0.0886316562969995,0.15307049745594764,-72.7040922523408,0.12657369964918186,0.2588290032023087,-104.48877130058807
1.416,post_correction,0.08614647437035011,0.15098836950538144,-75.26935444423552,0.12412643172362921,0.2568547827683571,-106.92996584341608
1.42,post_correction,0.08371513448689169,0.14894733909464525,-77.92163867092367,0.12171779167932095,0.2549091102919843,-109.42633511095133
1.424,post_correction,0.08134238467641207,0.14694908995936265,-80.65500605120006,0.11935015877914373,0.2529927026238852,-111.97517055008332
1.428,post_correction,0.07903341753251902,0.14499536071633543,-83.46082612038857,0.11702605847096231,0.2511062855415595,-114.57296675839639
1.432,post_correction,0.07679389738001123,0.14308794339146252,-86.32723207600483,0.1147481682237507,0.24925059326901566,-117.21531343576211
1.436,post_correction,0.07462998252087902,0.14122868135092817,-89.23852931550269,0.11251932260685849,0.2474263679371425,-119.89678057487784
1.44,post_correction,0.07254833971532058,0.13941946656784296,-92.17457920460265,0.11034251732623379,0.24563435898210859,-122.61079856994465
1.444,post_correction,0.07055614733535866,0.13766223615630538,-95.11019429956465,0.10822091188096045,0.24387532247928717,-125.34953572331958
1.448,post_correction,0.06866108289741625,0.13595896810638758,-98.01459920100353,0.10615783045074084,0.24215002041039455,-128.10377659588337
1.452,post_correction,0.06687129003346318,0.13431167615720674,-100.85103201986324,0.10415676057226565,0.24045921986175495,-130.86280577526261
1.456,post_correction,0.06519531954654409,0.13272240375140487,-103.5765829119865,0.10222134911306699,0.23880369215187777,-133.6143029062717
1.46,post_correction,0.06364203921923668,0.13119321702340864,-106.14238423672899,0.10035539500997577,0.23718421188685984,-136.3442561939821
1.464,post_correction,0.06222050775080172,0.129726196786083,-108.49427540136307,0.09856283821149454,0.23560155594249255,-139.03690297243932
1.468,post_correction,0.06093980984840027,0.12832342949611483,-110.57405629480058,0.09684774425640322,0.23405650237238487,-141.67470721127293
1.472,post_correction,0.05980885229172301,0.12698699719778753,-112.32140783842019,0.09521428394297406,0.23254982924188763,-144.23838484272682
1.476,post_correction,0.0588361247777143,0.12571896646775674,-113.67649032414867,0.0936667076032666,0.2310823133881381,-146.70698832172803
1.48,post_correction,0.0580294343169806,0.12452137640980741,-114.58312988132974,0.09220931360399362,0.22965472910712711,-149.05806163292021
1.484,post_correction,0.0573956273274399,0.12339622577795417,-114.99238099443244,0.09084641085710811,0.22826784676932807,-151.26787576492094
1.488,post_correction,0.05694031842550319,0.12234545933796859,-114.86613127750066,0.08958227534453803,0.22692243136610582,-153.31175223374322
1.492,post_correction,0.05666764809117175,0.12137095361052336,-114.18032633938046,0.0884211009428478,0.22561924098985414,-155.16447837002872
1.496,post_correction,0.056580091771040814,0.12047450217243093,-112.92737145062915,0.08736694516905355,0.22435902525157048,-156.80081273007724
1.5,post_correction,0.056678339896960264,0.11965780072444264,-111.11733502071053,0.08642367084430942,0.22314252364037773,-158.19607228020286
1.504,post_correction,0.10104388648071562,0.17884764416814675,-76.99996545786082,0.1413558821781254,0.28542166942317077,-101.91707980252649
1.508,post_correction,0.0985438525122199,0.17683860153389686,-79.45168270336094,0.13896306643118658,0.2834641181524481,-103.98522098878503
1.512,post_correction,0.09608805600788005,0.1748650786147131,-81.98419853594774,0.13660695923650626,0.28153321611590854,-106.08995155839236
1.516,post_correction,0.0936799140942155,0.1729282739122682,-84.59482545890388,0.13428948965814785,0.2796295423225312,-108.22891131269184
1.52,post_correction,0.09132313152312421,0.17102941624438364,-87.27940379604345,0.13201268608115296,0.27775368170264286,-110.39923506434651
1.524,post_correction,0.08902171891994706,0.1691697637697753,-90.0320122125495,0.1297786789283229,0.2759062247583495,-112.5974983230745
1.528,post_correction,0.08678000959258594,0.16735060275359756,-92.84464652547719,0.12758970284223753,0.2740877671781583,-114.8196610482455
1.532,post_correction,0.0846026738761873,0.16557324605141305,-95.70687126712211,0.12544809818810673,0.27229890941448814,-117.06101036795454
1.536,post_correction,0.08249472971579627,0.1638390312894792,-98.60545255911896,0.123356311713702,0.2705402562228567,-119.31610346031935
1.54,post_correction,0.08046154788830315,0.16214931871996338,-101.52398627113082,0.12131689618322963,0.2688124161616291,-121.57871213225835
1.544,post_correction,0.07850884995024039,0.16050548873094173,-104.44254225182452,0.11933250878347133,0.2671160010513366,-123.84177100979095
1.548,post_correction,0.07664269669604969,0.15890893899287153,-107.3373535159835,0.11740590808397938,0.2654516253927132,-126.09733166310343
1.552,post_correction,0.07486946466302948,0.15736108122573247,-110.180588219749,0.11553994932004967,0.26381990574276065,-128.33652541422737
1.556,post_correction,0.07319580808137806,0.15586333757425813,-112.94025116980946,0.11373757775938574,0.26222146004833236,-130.54953799268296
1.56,post_correction,0.07162860371392157,0.1544171365826922,-115.58026902132681,0.11200181991290473,0.2606569069369353,-132.72559958367486
1.564,post_correction,0.07017487634582976,0.15302390876532132,-118.06081710953377,0.11033577235936563,0.2591268649646731,-134.85299411390542
1.568,post_correction,0.06884170335747641,0.15168508177469242,-120.33894336842985,0.10874258797491579,0.25763195182150433,-136.9190917921998
1.572,post_correction,0.06763609791541435,0.15040207517589096,-122.36953315074989,0.10722545939473165,0.25617278349426065,-138.9104089087701
1.576,post_correction,0.066564871877766,0.14917629484249845,-124.1066355786472,0.10578759958691455,0.25474997338816213,-140.8126986366307
1.58,post_correction,0.0656344814903199,0.14800912699778832,-125.50513638112221,0.10443221949036462,0.25336413140788044,-142.61107601113173
1.584,post_correction,0.06485086120833032,0.14690193193323012,-126.52271565263354,0.10316250275927072,0.25201586299953105,-144.29017933735966
1.588,post_correction,0.06421925326362385,0.14585603744529535,-127.1219767170877,0.10198157776657313,0.25070576815532536,-145.83436895746883
1.592,post_correction,0.06374404255444834,0.14487273204068818,-127.27258302913881,0.10089248714502749,0.24943444038297538,-147.22796259787597
1.596,post_correction,0.06342860766346524,0.14395325796920355,-126.95320498438177,0.09989815528305528,0.2482024656423213,-148.45550444755946
1.6,post_correction,0.06327519893871117,0.14309880415217338,-126.15306874148267,0.09900135433694042,0.2470104212520313,-149.50206278124034
1.604,post_correction,0.10976459636705567,0.20258975970615523,-84.5674893466467,0.1513317064471638,0.30662017730080404,-102.61463013889818
1.608,post_correction,0.107356414349404,0.20071976135256725,-86.96578361801589,0.14906299798519898,0.3047363250841253,-104.43458752545932
1.612,post_correction,0.10499124985180547,0.19888268628446223,-89.42786809870725,0.1468320683288629,0.3028782426918067,-106.27526816106948
1.616,post_correction,0.10267202539746324,0.19707944498181743,-91.95047942113233,0.144640635379654,0.3010464129894656,-108.13405043422021
1.62,post_correction,0.10040187169518783,0.19531096358596167,-94.52920576910198,0.1424904885705025,0.29924132240122336,-110.00792782962668
1.624,post_correction,0.09818413705249637,0.1935781829893951,-97.15830764586151,0.14038348933464168,0.29746346060772944,-111.89347979422676
1.6280000000000001,post_correction,0.09602239537123204,0.1918820577893227,-99.83052604289632,0.13832157105457124,0.29571332022035046,-113.78684319865361
1.6320000000000001,post_correction,0.09392045211882913,0.190223555097652,-102.53688180395382,0.13630673839973825,0.2939913964309464,-115.68368510790435
1.6360000000000001,post_correction,0.09188234754871895,0.1886036532007057,-105.2664719963778,0.13434106595444972,0.29229818663672746,-117.57917771460544
1.6400000000000001,post_correction,0.0899123563193432,0.1870233400625664,-108.00627157218806,0.13242669603145385,0.29063419003975544,-119.46797643484537
1.6440000000000001,post_correction,0.08801498254077315,0.1854836116668127,-110.74095149753279,0.13056583556208742,0.2889999072207428,-121.34420231494317
1.6480000000000001,post_correction,0.0861949491727207,0.18398547019243672,-113.45272775062453,0.12876075195151584,0.28739583968689597,-123.20143004066432
1.6520000000000001,post_correction,0.0844571806237549,0.18252992202096216,-116.12125893014094,0.12701376778806228,0.2858224893936543,-125.03268296912773
1.6560000000000001,post_correction,0.0828067773792607,0.18111797557321876,-118.72361333865952,0.1253272542997099,0.2842803582402919,-126.83043670649533
1.6600000000000001,post_correction,0.08124898153950764,0.17975063897587437,-121.23432881244166,0.12370362345935235,0.2827699475394766,-128.58663281790749
1.6640000000000001,post_correction,0.07978913230593149,0.17842891755967885,-123.62558960478196,0.12214531865405907,0.28129175746101204,-130.29270426457254
1.668,post_correction,0.0784326107395829,0.17715381119343154,-125.86754351659829,0.12065480385325354,0.27984628645013876,-131.9396140998264
1.672,post_correction,0.07718477355162949,0.17592631145992696,-127.92877839079037,0.11923455123686474,0.27843403062092015,-133.51790880463713
1.676,post_correction,0.07605087628137729,0.1747473986825486,-129.7769693487928,0.11788702727760486,0.27705548312540823,-135.0177873880791
1.68,post_correction,0.07503598696347943,0.17361803881373522,-131.37969638253227,0.11661467731159578,0.27571113349944903,-136.42918700769172
1.684,post_correction,0.07414489224842173,0.1725391801992078,-132.70541633686238,0.11541990867828976,0.27440146698617235,-137.7418853717969
1.688,post_correction,0.07338199885471001,0.1715117502345735,-133.72455494725875,0.11430507256313062,0.27312696383839147,-138.94561957217044
1.692,post_correction,0.07275123410347172,0.17053665193366194,-134.41066537938477,0.11327244473325408,0.271888098601331,-140.0302202725489
1.696,post_correction,0.07225594999996578,0.1696147604306494,-134.7415824312458,0.11232420541566569,0.2706853393772928,-140.98575937002863
1.7,post_correction,0.0718988357579157,0.16874691944061482,-134.70048946103643,0.11146241862609793,0.2695191470740652,-141.8027083892469
1.704,post_correction,0.11987501939339212,0.2281877867748886,-90.35474440763011,0.1610881567704534,0.32578214986522225,-102.23842422472663
1.708,post_correction,0.11756840164737908,0.2264467270783771,-92.60849335823661,0.1589358047415832,0.3239711887721095,-103.83776286209425
1.712,post_correction,0.11530361804867383,0.2247360515236109,-94.90806561572221,0.15682136609991845,0.3221849490959366,-105.44710016787957
1.716,post_correction,0.11308314330402197,0.22305645502751026,-97.24996008275703,0.154746353353308,0.3204238384404755,-107.06390263614301
1.72,post_correction,0.11090959794842115,0.22140864010896985,-99.62982844094036,0.15271232994166506,0.3186882665286589,-108.68535412326915
1.724,post_correction,0.10878575222546628,0.21979331617570938,-102.04237382131802,0.15072090959682616,0.31697864494972405,-110.30834128962746
1.728,post_correction,0.10671452877628546,0.21821119874063263,-104.48124659584724,0.14877375527146183,0.3152953868901532,-111.92944032020006
1.732,post_correction,0.10469900379831967,0.21666300856564133,-106.93893991866098,0.1468725775826086,0.3136389068481688,-113.54490539376715
1.736,post_correction,0.10274240628866783,0.21514947073117954,-109.40668853588049,0.1450191327136062,0.3120096203315885,-115.15065942903318
1.74,post_correction,0.1008481149424697,0.2136713136301675,-111.87437539319349,0.14321521971740256,0.310407943538899,-116.74228769219302
1.744,post_correction,0.09901965223848343,0.21222926788542373,-114.33045167062507,0.14146267716458233,0.3088342930234658,-118.31503490080132
1.748,post_correction,0.09726067521636987,0.21082406519017624,-116.76187700853285,0.1397633790813747,0.3072890853408569,-119.86380649965781
1.752,post_correction,0.09557496243907633,0.20945643707182038,-119.15408777203245,0.13811923012658509,0.30577273667932947,-121.38317481142299
1.756,post_correction,0.09396639664597985,0.20812711357969826,-121.49100211197951,0.13653215996217793,0.30428566247359956,-122.86739077290846
1.76,post_correction,0.09243894264567756,0.20683682189834876,-123.75507116212177,0.13500411678037924,0.3028282770020933,-124.3104019522053
1.764,post_correction,0.09099662007921044,0.20558628488840502,-125.92738577481991,0.13353705996091672,0.30140099296796147,-125.7058774966101
1.768,post_correction,0.08964347081207552,0.20437621955809168,-127.98784753274073,0.13213295184554563,0.30000422106422625,-127.04724058152476
1.772,post_correction,0.08838352089172098,0.20320733546909608,-129.91541117494768,0.1307937486334118,0.2986383695235196,-128.32770881163594
1.776,post_correction,0.08722073723806781,0.2020803330814419,-131.68840287358086,0.12952139042004998,0.2973038436529698,-129.5403428644378
1.78,post_correction,0.08615897951477747,0.20099590204287893,-133.2849149036234,0.128317790424731,0.29600104535489025,-130.67810346104687
1.784,post_correction,0.0852019479488753,0.1999547194291993,-134.68327220544347,0.12718482347510454,0.2947303726340263,-131.73391650122275
1.788,post_correction,0.08435312820889702,0.19895744794279574,-135.86256036656502,0.12612431384409245,0.2934922190922205,-132.70074591249593
1.792,post_correction,0.08361573479228263,0.19800473407766928,-136.80319806977798,0.125138022561017,0.2922869734114619,-133.57167344477057
1.796,post_correction,0.08299265468008503,0.1970972062599636,-137.48753069741144,0.12422763434605709,0.29111501882639274,-134.33998430288273
1.8,post_correction,0.08248639325600024,0.19623547297392857,-137.90041633279193,0.1233947443431669,0.2899767325874486,-134.99925716528816
1.804,post_correction,0.1312702953270402,0.2552077679281715,-94.41395122358773,0.17028980129530452,0.34239410676710214,-101.06553895928653
1.808,post_correction,0.1290714840192864,0.25358673594534403,-96.46999325385619,0.16824347543029788,0.3406544864350376,-102.47708599919432
1.812,post_correction,0.12691327588272197,0.25199374438369904,-98.55585842458392,0.1662346459749147,0.3389385182243201,-103.89162333552713
1.816,post_correction,0.12479774915101402,0.250429328869928,-100.66814551830657,0.16426464500491708,0.3372465519064761,-105.3068400058826
1.82,post_correction,0.12272708122305054,0.24889402826196932,-102.8028580013375,0.16233484100677964,0.3355789384920051,-106.72021878408111
1.824,post_correction,0.12070354945119004,0.24738838412354097,-104.95535156037775,0.16044663776018964,0.33393603001900196,-108.12902948961569
1.828,post_correction,0.1187295310277824,0.24591294016213974,-107.12028257283079,0.15860147288254303,0.3323181793303904,-109.53032357807821
1.832,post_correction,0.11680750179108534,0.2444682416301324,-109.29155908785134,0.15680081600350992,0.3307257398396788,-110.92093030451808
1.836,post_correction,0.11494003375645159,0.24305483468874406,-111.4622962472389,0.15504616653797465,0.32915906528518435,-112.29745477426245
1.84,post_correction,0.1131297911661795,0.2416732657349461,-113.62477844579907,0.15333905102657452,0.3276185094727089,-113.65627821443263
1.844,post_correction,0.11137952484320096,0.24032408069146233,-115.77043090261724,0.15168102001480102,0.3261044260066905,-114.99356081259819
1.848,post_correction,0.10969206463159169,0.23900782426034653,-117.88980366362023,0.15007364444430282,0.32461716800989526,-116.30524747492967
1.852,post_correction,0.10807030971273278,0.23772503914083484,-119.97257134984063,0.14851851153377135,0.3231570878317619,-117.5870768528944
1.856,post_correction,0.10651721660198636,0.23647626521244638,-122.00755216508026,0.1470172201316912,0.32172453674555496,-118.83459397298431
1.86,post_correction,0.10503578465915078,0.23526203868458598,-123.98274973432096,0.14557137552939672,0.3203198646345415,-120.0431667761881
1.864,post_correction,0.10362903898877557,0.23408289121420156,-125.8854212085822,0.144182583730349,0.31894341966744727,-121.20800683107251
1.868,post_correction,0.10230001066526724,0.23293934899335586,-127.7021746904305,0.14285244518034812,0.31759554796351414,-122.3241944249233
1.872,post_correction,0.10105171429355081,0.2318319318088876,-129.41909835930736,0.14158254797350378,0.31627659324753143,-123.38670816033094
1.8760000000000001,post_correction,0.09988712300877547,0.2307611520766637,-131.02192267204495,0.1403744605601079,0.31498689649527545,-124.39045908952865
1.8800000000000001,post_correction,0.09880914112670874,0.2297275138532478,-132.49621566759168,0.13922972399492667,0.31372679556984884,-125.33032930617645
1.8840000000000001,post_correction,0.0978205747769202,0.22873151182813647,-133.8276097331861,0.13814984377763587,0.31249662484947804,-126.20121478564133
1.8880000000000001,post_correction,0.09692410097863459,0.22777363030003872,-135.00205624837096,0.13713628135083436,0.31129671484738486,-126.99807212286704
1.8920000000000001,post_correction,0.09612223574734553,0.22685434214098413,-136.00610241449655,0.13619044533491526,0.31012739182441235,-127.71596866561147
1.8960000000000001,post_correction,0.09541730194038775,0.22597410775234922,-136.8271824469814,0.13531368259257803,0.30898897739515035,-128.35013538542069
1.9000000000000001,post_correction,0.09481139765191536,0.2251333740171727,-137.45391334037,0.1345072692284161,0.30788178812836625,-128.89602167562475
1.9040000000000001,post_correction,0.14379307625109325,0.28320221351235475,-96.95121691243571,0.17867959411723097,0.35612812525018234,-99.31102206138216
1.9080000000000001,post_correction,0.1417046085479017,0.2816932939543727,-98.78908444897142,0.17672854007853395,0.3544584157935056,-100.56659531957473
1.9120000000000001,post_correction,0.13965542464194625,0.2802103209717796,-100.64406498365045,0.17481430023740585,0.35281135850312995,-101.8206508414906
1.9160000000000001,post_correction,0.137647259710229,0.27875371265513715,-102.51308543443677,0.17293805698115164,0.35118725912155324,-103.071125726727
1.92,post_correction,0.13568191459230686,0.27732388798028407,-104.39267002796869,0.17110101907077327,0.34958642407851104,-104.31580476672092
1.924,post_correction,0.13376125507292178,0.2759212664285999,-106.27891557848918,0.16930442035850796,0.3480091603118295,-105.55231787504903
1.928,post_correction,0.13188721052848232,0.2745462675881562,-108.16746861809264,0.1675495182428631,0.34645577507995845,-106.77813861438302
1.932,post_correction,0.13006177184754422,0.273199310735864,-110.05350523449943,0.16583759184228453,0.34492657576616714,-107.99058400112351
1.936,post_correction,0.12828698853200002,0.27188081440082285,-111.93171459707675,0.16416993986947298,0.3434218696744145,-109.18681577605487
1.94,post_correction,0.1265649648841106,0.2705911959091753,-113.79628727187065,0.16254787818970431,0.3419419638169313,-110.3638433335082
1.944,post_correction,0.12489785518535865,0.2693308709108746,-115.64090953456768,0.1609727370483842,0.34048716469357804,-111.51852850165336
1.948,post_correction,0.12328785777699762,0.2681002528888849,-117.45876497734521,0.15944585795552227,0.33905777806307635,-112.64759236182678
1.952,post_correction,0.12173720795972907,0.26689975265144755,-119.24254476062778,0.15796859021789347,0.33765410870623896,-113.74762428435733
1.956,post_correction,0.12024816964181424,0.26572977780816653,-120.9844678714873,0.15654228711340504,0.3362764601813583,-114.8150933413584
1.96,post_correction,0.11882302568167068,0.2645907322307912,-122.67631270359603,0.15516830170661952,0.3349251345719498,-115.84636223266843
1.964,post_correction,0.11746406689310017,0.26348301549969755,-124.3094611558818,0.15384798230950733,0.3336004322270767,-116.83770382893168
1.968,post_correction,0.11617357970902774,0.26240702233720015,-125.87495624601875,0.15258266759729225,0.33230265149452654,-117.78532039534457
1.972,post_correction,0.11495383253303867,0.26136314202895466,-127.36357394072682,0.1513736813956647,0.3310320884471406,-118.685365510719
1.976,post_correction,0.11380706084680554,0.26035175783484105,-128.7659095117989,0.15022232716258727,0.32978903660264214,-119.53396863950049
1.98,post_correction,0.11273545118500723,0.2593732463908444,-130.0724782350795,0.14912988219530504,0.3285737866373433,-120.32726224985083
1.984,post_correction,0.11174112413643068,0.25842797710357807,-131.273829667267,0.14809759160084024,0.3273866260941565,-121.06141130001944
1.988,post_correction,0.11082611657898787,0.25751631153921384,-132.36067407963094,0.14712666207602687,0.3262278390853684,-121.73264483958182
1.992,post_correction,0.10999236340528942,0.25663860280870365,-133.3240189258104,0.14621825555081058,0.32509770599068294,-122.33728939387605
1.996,post_correction,0.10924167904167355,0.2557951949512836,-134.15531251007485,0.14537348275585815,0.32399650315107376,-122.87180372172625
2.0,post_correction,0.10857573910438632,0.2549864223183598,-134.84659134874693,0.14459339678223293,0.3229245025590279,-123.33281446135
2.004,post_correction,0.1572540815981524,0.311736696470339,-98.23758677816198,0.1860684992211561,0.36683434033152357,-97.15015806921406
2.008,post_correction,0.15527534003500734,0.3103327832132209,-99.85967066197075,0.18420249170090677,0.3652334011575709,-98.27820882608232
2.012,post_correction,0.15333448195512783,0.3089529808370338,-101.48956509824487,0.1823725436747717,0.36365423254203544,-99.40185359839401
2.016,post_correction,0.15143295204696788,0.30759762022540166,-103.12462780887896,0.18057971776772058,0.3620971068763423,-100.51925617809817
2.02,post_correction,0.14957223739331052,0.3062670319056933,-104.7619513107523,0.17882509605722385,0.3605622968793704,-101.6284653715443
2.024,post_correction,0.14775386616499686,0.30496154577466283,-106.39835267262112,0.17710977876537878,0.3590500754424133,-102.72741457040314
2.028,post_correction,0.14597940588563785,0.3036814908139929,-108.03036494880718,0.17543488274448923,0.35756071546781937,-103.81392222240424
2.032,post_correction,0.14425046122423876,0.30242719479595515,-109.65423072431574,0.1738015397447658,0.3560944897013322,-104.88569331679714
2.036,post_correction,0.14256867127298212,0.3011989839794469,-111.265898244032,0.17221089445382495,0.35465167055817337,-105.94032200051457
2.04,post_correction,0.14093570626876978,0.2999971827967105,-112.86102063064445,0.17066410229899495,0.3532325299429272,-106.97529543974133
2.044,post_correction,0.13935326371972695,0.29882211353110094,-114.43495871908989,0.16916232700511644,0.35183733906331166,-107.98799903755761
2.048,post_correction,0.13782306390189794,0.29767409598631106,-115.98278804641481,0.1677067379025723,0.35046636823793725,-108.97572311109975
2.052,post_correction,0.13634684469701897,0.29655344714752657,-117.49931053154052,0.16629850698271834,0.3491198866981839,-109.9356711208864
2.056,post_correction,0.1349263557496852,0.2954604808350306,-118.97907135590889,0.16493880570071462,0.3477981623843448,-110.86496953023463
2.06,post_correction,0.13356335193157676,0.2943955073508401,-120.4163815098442,0.16362880152898301,0.3465014617362148,-111.76067935377513
2.064,post_correction,0.13225958611173566,0.29335883311900723,-121.80534639747893,0.16236965426811964,0.34523004947832353,-112.61980943079922
2.068,post_correction,0.13101680124520146,0.2923507603202768,-123.13990079267353,0.16116251212604782,0.34398418840004213,-113.43933143149724
2.072,post_correction,0.12983672180752853,0.2913715865218468,-124.41385030791167,0.16000850758046506,0.3427641391308159,-114.21619657220208
2.076,post_correction,0.12872104461963046,0.2904216043030312,-125.62091937742152,0.15890875304415497,0.341570159910805,-114.94735397986231
2.08,post_correction,0.12767142912571539,0.28950110087768066,-126.75480556625945,0.15786433635742989,0.3404025063572414,-115.62977060665314
2.084,post_correction,0.1266894872063434,0.28861035771426263,-127.80923980234705,0.15687631613674166,0.339261431226837,-116.26045255366583
2.088,post_correction,0.12577677262829404,0.2877496501545576,-128.7780518943186,0.1559457170132444,0.3381471841746069,-116.83646761897809
2.092,post_correction,0.12493477025226218,0.2869192470319676,-129.6552404527853,0.15507352479968006,0.33706001150949744,-117.35496884133043
2.096,post_correction,0.12416488513762505,0.2861194102904806,-130.43504608677748,0.1542606816282586,0.33600015594723726,-117.81321876752702
2.1,post_correction,0.12346843169974513,0.28535039460537154,-131.11202651321972,0.15350808110606173,0.33496785636085413,-118.2086141311468
2.104,post_correction,0.17144956312876283,0.34040949319007024,-98.54789185692725,0.1923212442895369,0.37451055163563757,-94.73176404361094
2.108,post_correction,0.16957760815384798,0.33910414754410373,-99.96988472467078,0.19053089629324818,0.3729773780659667,-95.75690101825435
2.112,post_correction,0.16774209158962877,0.337821320842873,-101.39329231051505,0.18877590417891854,0.3714652345988435,-96.7757676566471
2.116,post_correction,0.16594421652914482,0.33656127864888125,-102.81591349691354,0.18705723755394763,0.3699743685350401,-97.78671671463066
2.12,post_correction,0.1641852126946795,0.335324285529797,-104.23537541920382,0.18537588067770208,0.3685050272587112,-98.78801163965922
2.124,post_correction,0.16246633501494182,0.33411060485843463,-105.64913021993569,0.1837328311812465,0.36705745810011464,-99.77782726159829
2.128,post_correction,0.1607888619204778,0.3329204986073871,-107.05445304541139,0.18212909862036133,0.3656319081933515,-100.75425122236632
2.132,post_correction,0.15915409333771557,0.3317542271385107,-108.44844149534241,0.18056570285491771,0.3642286243291693,-101.71528622012036
2.136,post_correction,0.1575633483631795,0.33061204898748175,-109.8280167450043,0.1790436722486578,0.36284785280288306,-102.6588531422412
2.14,post_correction,0.15601796260108736,0.3294942206436777,-111.18992656386692,0.17756404168463566,0.36148983925749,-103.58279515822103
2.144,post_correction,0.15451928514980806,0.3284009963256538,-112.53075045439512,0.17612785039301515,0.360154828522063,-104.48488283846446
2.148,post_correction,0.1530686752255841,0.3273326277525175,-113.84690712852442,0.17473613958961381,0.35884306444553266,-105.36282035777676
2.152,post_correction,0.1516674984155448,0.32628936391152896,-115.13466452617821,0.17338994992551693,0.35755478972598026,-106.21425283274779
2.156,post_correction,0.150317122556386,0.3252714508222772,-116.39015255914275,0.17209031875027617,0.3562902457355837,-107.03677483020059
2.16,post_correction,0.14901891324019284,0.32427913129781444,-117.6093787337801,0.17083827719363168,0.3550496723413789,-107.82794006928447
2.164,post_correction,0.14777422895471315,0.32331264470315246,-118.78824676678556,0.169634847073345,0.35383330772201466,-108.58527232263062
2.168,post_correction,0.1465844158719198,0.32237222671155125,-119.92257825908895,0.16848103763957398,0.35264138818070334,-109.30627750233687
2.172,post_correction,0.1454508023058605,0.321458109059054,-121.00813743404274,0.1673778421692272,0.3514741479545845,-109.98845689456728
2.176,post_correction,0.14437469286847981,0.3205705192977491,-122.04065887764511,0.16632623442685832,0.3503318190207418,-110.62932148253473
2.18,post_correction,0.14335736236016255,0.3197096805482575,-123.01587814167354,0.1653271650118449,0.34921463089913324,-111.22640727197714
2.184,post_correction,0.14240004944002166,0.31887581125197084,-123.92956498675942,0.1643815576147802,0.34812281045271215,-111.77729150645975
2.188,post_correction,0.1415039501292049,0.31806912492358086,-124.77755895376579,0.16349030520911526,0.3470565816850409,-112.27960963259066
2.192,post_correction,0.14067021120848508,0.31728982990446397,-125.55580686106582,0.16265426620704443,0.34601616553571335,-112.73107284826179
2.196,post_correction,0.1398999235788426,0.316538129117496,-126.26040173574967,0.16187426061134266,0.3450017796739275,-113.12948604118776
2.2,post_correction,0.1391941156603523,0.3158142198238919,-126.88762260217271,0.16115106619725217,0.3440136382905616,-113.47276590120845
2.204,post_correction,0.1861740652874037,0.36886339290928544,-98.12823678736216,0.19734127274716287,0.37925956666711325,-92.18461571038274
2.208,post_correction,0.18440444866583322,0.3676507531678977,-99.37195432531703,0.19561804942305672,0.3777930305822264,-93.1278998520151
2.212,post_correction,0.18266982580743268,0.3664592609993011,-100.61291424540799,0.19392961001400807,0.3763469337443324,-94.06367790723027
2.216,post_correction,0.18097120154809462,0.3652891324978685,-101.84931600887327,0.19227685452403775,0.37492150493401366,-94.99045054699621
2.22,post_correction,0.17930959685611475,0.3641405824556409,-103.07924887469464,0.1906606942604749,0.37351697284883184,-95.90664677772764
2.224,post_correction,0.17768604750525366,0.36301382421458733,-104.30069176019803,0.18908205059264394,0.37213356597916875,-96.8106252353317
2.228,post_correction,0.17610160256515206,0.36190906951606683,-105.51151394671258,0.18754185357148617,0.37077151248001544,-97.70067609931498
2.232,post_correction,0.17455732270084667,0.36082652834765067,-106.70947672933146,0.1860410404058241,0.36943104003876504,-98.57502367913003
2.236,post_correction,0.17305427827419126,0.3597664087874772,-107.89223610956029,0.18458055379188917,0.3681123757390738,-99.43182972249232
2.24,post_correction,0.17159354724130502,0.358728916846326,-109.05734662729488,0.1831613400938138,0.3668157459208716,-100.26919749167128
2.244,post_correction,0.1701762128417702,0.35771425630761233,-110.20226642381269,0.18178434737403562,0.3655413760366134,-101.08517664861608
2.248,post_correction,0.16880336107718877,0.35672262856550924,-111.32436361998181,0.18045052327398853,0.36428949050387816,-101.87776898311135
2.2520000000000002,post_correction,0.16747607797889935,0.3557542324614295,-112.42092408340952,0.17916081274704385,0.3630603125544377,-102.64493500989
2.2560000000000002,post_correction,0.16619544666713687,0.3548092641191004,-113.48916064453144,0.17791615564742927,0.36185406407993015,-103.38460145069946
2.2600000000000002,post_correction,0.16496254420669432,0.353887916778485,-114.52622380452105,0.17671748418076072,0.360670965474289,-104.0946696057341
2.2640000000000002,post_correction,0.1637784382671857,0.35299038062881277,-115.52921395730344,0.17556572022387457,0.35951123547309405,-104.77302460563448
2.2680000000000002,post_correction,0.16264418359929492,0.35211684264099236,-116.49519512391517,0.1744617725238099,0.35837509099002474,-105.41754552053231
2.2720000000000002,post_correction,0.16156081834187808,0.35126748639969557,-117.4212101701417,0.17340653378803916,0.35726274695061405,-106.02611628654589
2.2760000000000002,post_correction,0.16052936017841332,0.35044249193540583,-118.30429744809416,0.17240087768034623,0.35617441612351347,-106.59663739294146
2.2800000000000002,post_correction,0.15955080236500818,0.3496420355567406,-119.14150876963701,0.17144565573905732,0.3551103089494984,-107.1270382551899
2.2840000000000003,post_correction,0.15862610965588358,0.34886628968336014,-119.9299285850073,0.1705416942366042,0.3540706333684565,-107.61529018072848
2.2880000000000003,post_correction,0.15775621415588942,0.3481154226797896,-120.66669420438399,0.16968979100157935,0.3530555946446174,-108.05941981585173
2.2920000000000003,post_correction,0.15694201113305356,0.3473895986904838,-121.34901686456092,0.16889071222648433,0.35206539519029717,-108.4575229442893
2.2960000000000003,post_correction,0.15618435482733348,0.34668897747647276,-121.97420340836821,0.1681451892862075,0.3511002343884459,-108.80777849125518
2.3000000000000003,post_correction,0.15548405429451173,0.34601371425393207,-122.53967831230244,0.1674539155938462,0.35016030841430046,-109.10846257163817
2.3040000000000003,post_correction,0.20122898316618357,0.3967906893866116,-97.18366765235042,0.20105657176892908,0.3812434689437583,-89.61999878418051
2.308,post_correction,0.1995564315244028,0.39566543575947577,-98.27245493267488,0.19939273162486632,0.3798420674811917,-90.4994552137534
2.312,post_correction,0.19791747230593124,0.3945601549629493,-99.35589837821766,0.19776329627012781,0.3784606676886047,-91.3705297325039
2.316,post_correction,0.196312949162425,0.39347502526125966,-100.43253740521574,0.196169117168882,0.3770994854381047,-92.23183082047504
2.32,post_correction,0.19474371497241413,0.392410223493028,-101.50084101487629,0.19461105476679386,0.3757587364191514,-93.08190733020294
2.324,post_correction,0.19321063068554728,0.39136592496060646,-102.55920886545803,0.19308997727973526,0.37443863602443006,-93.91925013382209
2.328,post_correction,0.19171456404889653,0.3903423033180099,-103.60597289752783,0.19160675936193067,0.3731393992323399,-94.74229430889116
2.332,post_correction,0.19025638821236904,0.38933953045756536,-104.63939955749325,0.19016228065088048,0.371861240486163,-95.5494219007944
2.336,post_correction,0.18883698021105488,0.38835777639540675,-105.65769266239914,0.1887574241872583,0.370604373569982,-96.33896529670854
2.34,post_correction,0.18745721932325823,0.38739720915595294,-106.65899694581019,0.18739307470896438,0.36936901148143797,-97.10921124224893
2.344,post_correction,0.1861179853039981,0.3864579946555102,-107.64140232029929,0.1860701168196325,0.3681553663014173,-97.8584055269281
2.348,post_correction,0.18482015649493563,0.38554029658515127,-108.60294888653861,0.1847894330331334,0.36696364906078077,-98.58475835844082
2.352,post_correction,0.18356460781298314,0.38464427629302533,-109.54163271217483,0.1835519016969865,0.36579406960425304,-99.28645043848024
2.356,post_correction,0.18235220862126036,0.3837700926662632,-110.45541239554782,0.18235839479908067,0.3646468364516053,-99.96163974428865
2.36,post_correction,0.1811838204875914,0.3829179020126459,-111.3422164198544,0.18120977566369298,0.3635221566562762,-100.608469010489
2.364,post_correction,0.18006029483735309,0.382087857942212,-112.19995129262044,0.18010689654447853,0.36242023566158915,-101.22507389498391
2.368,post_correction,0.17898247050918048,0.3812801112489831,-113.0265104533945,0.1790505961238492,0.3613412771547362,-101.80959180096593
2.372,post_correction,0.17795117122379245,0.3804948097929938,-113.81978391953447,0.1780416969299562,0.360285482918712,-102.36017131450546
2.376,post_correction,0.17696720297797083,0.37973209838281585,-114.57766862602531,0.17708100268429403,0.359253052682394,-102.87498220398177
2.38,post_correction,0.17603135137751402,0.37899211865877014,-115.29807940063455,0.176169295594736,0.35824418396897795,-103.35222591403858
2.384,post_correction,0.17514437892471918,0.37827500897702593,-115.97896050070591,0.1753073336105424,0.3572590719429889,-103.79014647308772
2.388,post_correction,0.1743070222776188,0.37758090429478813,-116.61829762280894,0.17449584765752393,0.35629790925610194,-104.18704171998046
2.392,post_correction,0.17351998949974556,0.376909936056777,-117.2141302817043,0.1737355388730444,0.3553608858920192,-104.54127474269715
2.396,post_correction,0.1727839573205989,0.37626223208320675,-117.76456444104701,0.17302707586187208,0.3544481890106579,-104.85128541016014
2.4,post_correction,0.1720995684281824,0.37563791645947137,-118.2677852653803,0.1723710919949911,0.3535600027919194,-105.11560186797067
2.404,post_correction,0.2164283804457962,0.42393349258442886,-95.87703410764175,0.20340761068577082,0.3806410913528804,-87.13217763562656
2.408,post_correction,0.214847359892629,0.4228908824925435,-96.83317621584239,0.20179626387666078,0.37930277195628415,-87.96322819342014
2.412,post_correction,0.21329861125055125,0.4218672475342109,-97.78246330852312,0.2002192015389395,0.3779841784120904,-88.78517919700046
2.416,post_correction,0.21178284801027444,0.4208627369158762,-98.72371198608985,0.19867724708548273,0.3766855191862544,-89.59670758080415
2.42,post_correction,0.21030078838682909,0.41987749840147953,-99.65569393356398,0.1971712313702154,0.37540700254535503,-90.39643863687097
2.424,post_correction,0.20885315434487128,0.4189116782285372,-100.57713733966605,0.19570199148642753,0.3741488364510934,-91.18294791447828
2.428,post_correction,0.207440670547647,0.4179654210235965,-101.48672867290703,0.19427036945580042,0.37291122845191976,-91.95476360936398
2.432,post_correction,0.20606406322903023,0.41703886971715326,-102.38311483435845,0.19287721080653306,0.37169438557186146,-92.71036947163878
2.436,post_correction,0.20472405898859086,0.4161321654581311,-103.26490570476714,0.19152336303978348,0.37049851419662966,-93.44820825836752
2.44,post_correction,0.20342138351025518,0.41524544752801984,-104.13067710115435,0.1902096739845787,0.36932381995709845,-94.16668575281902
2.444,post_correction,0.20215676020577705,0.414378853254778,-104.97897415499652,0.1889369900423872,0.36817050761025616,-94.86417536749087
2.448,post_correction,0.20093090878495748,0.4135325179266042,-105.80831512048732,0.18770615432369658,0.3670387809177405,-95.53902334219013
2.452,post_correction,0.1997445437553174,0.41270657470569094,-106.61719561724163,0.18651800468018326,0.3659288425220819,-96.18955454168028
2.456,post_correction,0.19859837285473877,0.4119011545420693,-107.40409330712244,0.18537337163739356,0.364840893820787,-96.81407884971068
2.46,post_correction,0.19749309542144763,0.4111163860876671,-108.16747299967638,0.18427307623426611,0.36377513483840956,-97.41089814767228
2.464,post_correction,0.1964294007065866,0.410352395610693,-108.90579217499652,0.18321792777729554,0.36273176409676366,-97.97831385674779
2.468,post_correction,0.19540796613553588,0.40960930691047354,-109.6175069067382,0.18220872151864603,0.36171097848344685,-98.51463501237055
2.472,post_correction,0.19442945552504434,0.40888724123286446,-110.30107816158336,0.1812462362690567,0.3607129731188523,-99.01818682920431
2.476,post_correction,0.19349451726414235,0.40818631718636206,-110.95497844475904,0.18033123195789988,0.35973794122186037,-99.48731970391283
2.48,post_correction,0.1926037824676873,0.407506650659044,-111.57769875438996,0.17946444715424142,0.35878607397440976,-99.92041859190621
2.484,post_correction,0.19175786311224488,0.4068483547364666,-112.16775580061565,0.178646596564169,0.3578575603851593,-100.31591268329512
2.488,post_correction,0.19095735016479876,0.40621153962065176,-112.7236994386892,0.17787836852097583,0.3569525871524653,-100.67228529272947
2.492,post_correction,0.1902028117155072,0.40559631255029105,-113.24412025882941,0.1771604224859658,0.35607133852690387,-100.98808386794795
2.496,post_correction,0.18949479112635664,0.4050027777223015,-113.72765726960927,0.1764933865786646,0.355213996173583,-101.26193001303261
2.5,post_correction,0.18883380520809273,0.4044310362148638,-114.17300560627126,0.1758778551560304,0.3543807390344963,-101.49252941486391
2.504,post_correction,0.231603962092436,0.45008204716222633,-94.33261982909991,0.20433932327796556,0.37761192723097814,-84.79650474192259
2.508,post_correction,0.23010920562751494,0.44911806009199196,-95.1760508091074,0.20277488789974793,0.3763340777595549,-85.59205316666961
2.512,post_correction,0.22864551649900688,0.4481722166463926,-96.01181055668731,0.20124498010691783,0.3750758673549162,-86.37775071738197
2.516,post_correction,0.22721350381279734,0.44724464392865254,-96.83893625316401,0.19975041812513664,0.3738375037635647,-87.152300992616
2.52,post_correction,0.22581377848933004,0.4463354676518413,-97.6564364839815,0.19829202676973642,0.3726191946594599,-87.91436081903497
2.524,post_correction,0.22444695245252574,0.44544481207484227,-98.46329264330788,0.19687063622334466,0.3714211475485076,-88.66254240532848
2.528,post_correction,0.2231136377689556,0.4445727999381431,-99.25846056910184,0.19548708070905982,0.37024356967066663,-89.39541596699887
2.532,post_correction,0.22181444573767617,0.4437195523995154,-100.04087241651983,0.19414219705827007,0.3690866678997523,-90.11151284590346
2.536,post_correction,0.22054998593149774,0.4428851889696587,-100.80943877603227,0.19283682317305423,0.36795064864103266,-90.80932914499896
2.54,post_correction,0.21932086519084748,0.4420698274478797,-101.5630510408582,0.19157179638404304,0.3668357177267178,-91.48732989449242
2.544,post_correction,0.21812768657180873,0.4412735838578859,-102.30058402632737,0.1903479517056591,0.3657420803094579,-92.14395376054064
2.548,post_correction,0.21697104825035438,0.4404965723837688,-103.02089884153443,0.18916611999178098,0.36466994075397186,-92.77761830174255
2.552,post_correction,0.21585154238525595,0.43973890530625886,-103.72284601117396,0.18802712599608826,0.36361950252694264,-93.38672577195454
2.556,post_correction,0.21476975394262376,0.4390006929393305,-104.40526884274894,0.1869317863426298,0.3625909680853228,-93.96966946045491
2.56,post_correction,0.21372625948552204,0.4382820435672424,-105.06700703145553,0.18588090741350025,0.3615845387632081,-94.52484055226147
2.564,post_correction,0.21272162593259736,0.4375830633820959,-105.70690049198278,0.18487528316189722,0.36060041465744436,-95.05063548255004
2.568,post_correction,0.2117564092901526,0.4369038564219966,-106.32379340326966,0.18391569286023934,0.35963879451214653,-95.54546374976394
2.572,post_correction,0.2108311533625872,0.43624452450990403,-106.9165384489697,0.18300289879443782,0.35869987560231903,-96.00775614228759
2.576,post_correction,0.2099463884466001,0.4356051671932603,-107.48400123303696,0.1821376439167983,0.3577838536167759,-96.43597332367712
2.58,post_correction,0.20910263001500617,0.43498588168447944,-108.02506484651236,0.18132064947136378,0.35689092254057275,-96.82861471160626
2.584,post_correction,0.2083003773964433,0.43438676280239014,-108.53863455832952,0.18055261260676217,0.3560212745371704,-97.18422757613227
2.588,post_correction,0.20754011245763831,0.4338079029147182,-109.02364259981991,0.1798342039927603,0.355175099830561,-97.50141627388055
2.592,post_correction,0.2068222982952418,0.43324939188169637,-109.47905300966468,0.17916606545772445,0.3543525865876001,-97.77885152655327
2.596,post_correction,0.20614737794454036,0.43271131700089077,-109.9038665033628,0.17854880766501133,0.3535539208007948,-98.01527964506128
2.6,post_correction,0.20551577311258157,0.4321937629533314,-110.29712532895255,0.17798300784692916,0.3527792861718081,-98.2095315948414
2.604,post_correction,0.24661168479917878,0.47507423237273727,-92.64060125926332,0.20380235046784353,0.3722680737249205,-82.66132498980079
2.608,post_correction,0.245198828431875,0.47418591394666065,-93.38832774170717,0.20228204916696532,0.3710479137500614,-83.43096447663298
2.612,post_correction,0.24381599176891444,0.4733150779700655,-94.1279874778137,0.20079709298816745,0.3698475708679173,-84.18970382689338
2.616,post_correction,0.24246370125203964,0.47246183553903426,-94.858790449591,0.19934832599195934,0.36866726264892546,-84.93622196947646
2.62,post_correction,0.2411424832871427,0.4716262964747759,-95.5799285326188,0.19793659877103612,0.3675072070327743,-85.66915331201056
2.624,post_correction,0.2398528635708344,0.4708085692754472,-96.29057675869936,0.19656276716338392,0.36636762225148334,-86.3870902605664
2.628,post_correction,0.23859536638429932,0.47000876106809164,-96.98989472874374,0.19522769085882372,0.36524872675088726,-87.08858622674178
2.632,post_correction,0.23737051385520733,0.46922697756074827,-97.6770281783904,0.19393223189862083,0.3641507391106427,-87.77215914320244
2.636,post_correction,0.23617882518869543,0.4684633229947898,-98.35111069779873,0.1926772530687165,0.36307387796288604,-88.43629550469002
2.64,post_correction,0.23502081586868942,0.46771790009754743,-99.0112656058816,0.19146361618816787,0.3620183619096839,-89.07945494662397
2.644,post_correction,0.2338969968311006,0.4669908100352805,-99.65660797795505,0.19029218029550726,0.36098440943942844,-89.70007536770609
2.648,post_correction,0.2328078736107093,0.4662821523665529,-100.28624682438733,0.1891637997369449,0.3599722388423424,-90.29657859639491
2.652,post_correction,0.23175394546382644,0.4655920249960756,-100.89928741633787,0.18807932216163112,0.35898206812527433,-90.86737659378272
2.656,post_correction,0.23073570446911257,0.4649205241290795,-101.49483375309872,0.18703958643054963,0.35801411492597107,-91.41087817733528
2.66,post_correction,0.2297536346092166,0.46426774422627864,-102.07199116390147,0.18604542044702232,0.3570685964270374,-91.92549624123377
2.664,post_correction,0.2288082108361872,0.4636337779594914,-102.62986903534903,0.18509763891824196,0.3561457292697945,-92.40965543979999
2.668,post_correction,0.22789989812388195,0.46301871616797957,-103.1675836538951,0.18419704105869536,0.3552457294682744,-92.8618002908491
2.672,post_correction,0.22702915051087702,0.46242264781557385,-103.68426115104505,0.18334440824776863,0.35436881232359296,-93.28040364596491
2.676,post_correction,0.22619641013763278,0.4618456599486483,-104.17904053721763,0.18254050165521032,0.3535151923389608,-93.66397546485008
2.68,post_correction,0.22540210628191412,0.4612878376550111,-104.65107680851517,0.18178605984944013,0.352685083135607,-94.01107182129905
2.684,post_correction,0.22464665439668488,0.46074926402377614,-105.09954410902434,0.18108179640489527,0.3518786973699019,-94.32030405922646
2.688,post_correction,0.22393045515489077,0.46023002010628167,-105.52363892974921,0.18042839752567713,0.351096246651982,-94.59034800883647
2.692,post_correction,0.22325389350571243,0.4597301848781219,-105.92258332388668,0.1798265197036598,0.3503379414661925,-94.81995316570791
2.696,post_correction,0.22261733774700604,0.4592498352023575,-106.29562811692277,0.17927678742992573,0.34960399109367735,-95.00795172957221
2.7,post_correction,0.22202113861874653,0.4587890457939689,-106.642056088992,0.17877979097886756,0.3488946035374623,-95.15326739514029
2.704,post_correction,0.26134413279397967,0.4988007608243401,-90.8597508931069,0.20178021465571633,0.3646584729769522,-80.72062892744158
2.708,post_correction,0.26001073205136316,0.49798697536516356,-91.52554644044078,0.20030843324827524,0.3634946208108261,-81.4674574186736
2.712,post_correction,0.258706524545612,0.49719021403882174,-92.1830981696649,0.19887388152137056,0.362351235325874,-82.20152015634919
2.716,post_correction,0.2574319734370096,0.49641057843630393,-92.83174961084214,0.19747748269488216,0.36122856555389815,-82.92139469492021
2.72,post_correction,0.25618754073630345,0.49564816908847065,-93.47083299364918,0.19612016781015562,0.3601268621860673,-83.62561393210218
2.724,post_correction,0.25497368674373255,0.4949030854332333,-94.09967034388437,0.1948028743135274,0.35904637754922125,-84.31266931480206
2.728,post_correction,0.25379086946636636,0.4941754257831753,-94.7175746795989,0.19352654452183934,0.35798736558309674,-84.98101460324379
2.732,post_correction,0.2526395440146195,0.4934652872936662,-95.32385130694773,0.19229212397016315,0.3569500818187394,-85.62907021305004
2.736,post_correction,0.25152016197897453,0.4927727659315227,-95.91779921512429,0.19110055964311612,0.35593478335838635,-86.25522814956756
2.74,post_correction,0.2504331707881094,0.4920979564442726,-96.49871256896513,0.18995279809242752,0.35494172885712966,-86.85785754228353
2.744,post_correction,0.24937901304980706,0.4914409523300795,-97.0658822969705,0.18884978344480063,0.3539711785066921,-87.4353107797739
2.748,post_correction,0.24835812587619535,0.49080184580838276,-97.61859777160817,0.18779245530560304,0.3530233940216737,-87.98593023728402
2.7520000000000002,post_correction,0.24737094019504735,0.4901807277913165,-98.15614857784757,0.1867817465654855,0.35209863862865376,-88.50805557983597
2.7560000000000002,post_correction,0.24641788004904594,0.4895776878559637,-98.67782636492136,0.1858185811186675,0.3511971770585578,-89.00003161377934
2.7600000000000002,post_correction,0.24549936188509314,0.48899281421751034,-99.18292677533931,0.18490387150330895,0.350319275542734,-89.46021664909534
2.7640000000000002,post_correction,0.24461579383591273,0.48842619370336054,-99.6707514441994,0.18403851647608407,0.3494652018132068,-89.88699132369935
2.7680000000000002,post_correction,0.2437675749963595,0.4878779117282763,-100.14061006085917,0.18322339853476544,0.3486352251076134,-90.27876782967878
2.7720000000000002,post_correction,0.242955094697004,0.48734805227060984,-100.59182248406648,0.18245938140426565,0.34782961617935865,-90.63399947010173
2.7760000000000002,post_correction,0.24217873177770452,0.4868366978496903,-101.02372090070936,0.1817473075031532,0.3470486473135605,-90.95119046401246
2.7800000000000002,post_correction,0.24143885386401195,0.4863439295044379,-101.43565201745297,0.18108799540910522,0.3462925923493953,-91.22890590680396
2.7840000000000003,post_correction,0.2407358166493688,0.48586982677326873,-101.8269792736895,0.18048223734305374,0.3455617267094901,-91.46578178364422
2.7880000000000003,post_correction,0.24006996318616364,0.485414467675365,-102.19708506346858,0.17993079669288298,0.34485632743705086,-91.66053492536521
2.7920000000000003,post_correction,0.23944162318878467,0.4849779286933777,-102.54537295339127,0.17943440559840548,0.3441766732414568,-91.81197278952351
2.7960000000000003,post_correction,0.2388511123518743,0.48456028475763774,-102.87126988288246,0.17899376261995023,0.343523044553099,-91.91900294452536
2.8000000000000003,post_correction,0.23829873168702548,0.48416160923194707,-103.17422833279308,0.1786095305132081,0.3428957235882864,-91.98064213204424
2.8040000000000003,post_correction,0.2757576258935226,0.5212249512027163,-89.01560727969684,0.19840144979359708,0.35478819513686877,-78.82338839054123
2.8080000000000003,post_correction,0.27450517471686453,0.5204880831260531,-89.60957062572865,0.19700299393483026,0.35368630376645743,-79.53346632054685
2.8120000000000003,post_correction,0.2732814408541585,0.5197680804691792,-90.19516248326671,0.19564604891603143,0.3526066241926605,-80.2268055737708
2.816,post_correction,0.2720868445033333,0.5190650449381221,-90.77182723979993,0.19433173624808195,0.3515494949906722,-80.90174141288358
2.82,post_correction,0.270921804237718,0.5183790776470613,-91.33900244965666,0.19306119003670943,0.3505152605908947,-81.5565627272091
2.824,post_correction,0.2697867365411999,0.5177102791094468,-91.89611978214718,0.19183555535644517,0.3495042714668265,-82.18951685855146
2.828,post_correction,0.26868205532928385,0.5170587492304246,-92.44260603736345,0.19065598648162255,0.3485168843364592,-82.79881516862467
2.832,post_correction,0.2676081714569324,0.5164245873006656,-92.97788422868717,0.1895236449762712,0.34755346237835383,-83.38263936506094
2.836,post_correction,0.26656549221418563,0.5158078919916931,-93.501374730545,0.18843969764656762,0.3466143754636537,-83.93914859370778
2.84,post_correction,0.26555442081067676,0.5152087613528074,-94.01249648941754,0.18740531436148386,0.3457000004054028,-84.46648729426434
2.844,post_correction,0.2645753558502805,0.5146272928097175,-94.51066829555276,0.18642166574941016,0.3448107212266443,-84.96279380431149
2.848,post_correction,0.2636286907972529,0.5140635831649873,-94.99531011225737,0.18548992078079973,0.3439469294489006,-85.42620968357377
2.852,post_correction,0.2627148134353365,0.5135177286004138,-95.46584445905594,0.18461124424926226,0.3431090244027636,-85.85488971597933
2.856,post_correction,0.26183410532142654,0.5129898246814606,-95.9216978444104,0.18378679416598748,0.34229741356246873,-86.24701253198965
2.86,post_correction,0.2609869412355043,0.5124799663638737,-96.36230224309654,0.1830177190848724,0.3415125129064807,-86.60079177803988
2.864,post_correction,0.26017368862865214,0.5119882480026157,-96.78709661274792,0.18230515537820838,0.3407547473062862,-86.91448774411231
2.868,post_correction,0.25939470707107243,0.5115147633632599,-97.19552844349603,0.18165022448520785,0.3400245509457708,-87.18641934486554
2.872,post_correction,0.2586503477021243,0.5110596056359962,-97.58705533408367,0.18105403015796392,0.3393223677737575,-87.4149763348043
2.876,post_correction,0.25794095268448425,0.5106228674524053,-97.96114658729816,0.1805176557315777,0.3386486519924975,-87.59863162418533
2.88,post_correction,0.25726685466461313,0.5102046409051686,-98.31728481708174,0.18004216144710297,0.33800386858514014,-87.73595355021712
2.884,post_correction,0.2566283762417823,0.5098050175708927,-98.65496755923051,0.1796285818575907,0.3373884938854663,-87.82561794812112
2.888,post_correction,0.2560258294479684,0.5094240885362342,-98.9737088771988,0.17927792334880424,0.3368030161934465,-87.86641985927093
2.892,post_correction,0.2554595152409696,0.5090619444275227,-99.27304095419396,0.17899116180708258,0.336247936440493,-87.8572847093436
2.896,post_correction,0.2549297230131279,0.5087186754440955,-99.5525156624826,0.17876924046729797,0.3357237689086078,-87.79727878858516
2.9,post_correction,0.25443673011805745,0.508394371395566,-99.8117061006378,0.1786130679738649,0.3352310420079957,-87.68561886919021
2.904,post_correction,0.2899384293143451,0.542440568221266,-87.08819300154359,0.1943771653798549,0.3427921726783549,-76.35413707596007
2.908,post_correction,0.28877716387603924,0.5417908103156922,-87.6155313126705,0.19314335577878344,0.3417877045054837,-76.96063275246698
2.912,post_correction,0.28764481370218625,0.5411583373265236,-88.13422371898324,0.19196208112834975,0.3408106167260829,-77.54059276853225
2.916,post_correction,0.28654178689745907,0.5405432727098928,-88.64378510465906,0.19083501823557902,0.3398615521254619,-78.09181735498613
2.92,post_correction,0.28546849056339685,0.5399457407071968,-89.14372638520176,0.18976387469475728,0.33894117734078855,-78.6120661195335
2.924,post_correction,0.2844253304528031,0.5393658664106994,-89.63355533490382,0.1887503872069987,0.33805018424875916,-79.09906795477269
2.928,post_correction,0.2834127106181305,0.5388037758348876,-90.11277746144219,0.18779631973773256,0.33718929146018395,-79.55053215690623
2.932,post_correction,0.28243103305495065,0.5382595959940042,-90.58089692618118,0.18690346152495885,0.3363592459310787,-79.96416074196769
2.936,post_correction,0.28148069734172154,0.5377334549862148,-91.03741750838383,0.18607362495559157,0.3355608247008015,-80.33766192327721
2.94,post_correction,0.28056210027717043,0.5372254820848948,-91.48184361115197,0.1853086433320486,0.3347948367688331,-80.6687646883934
2.944,post_correction,0.2796756355167302,0.5367358078375742,-91.91368130652437,0.18461036855641108,0.3340621251229704,-80.95523438646492
2.948,post_correction,0.2788216932095767,0.5362645641731119,-92.33243941676655,0.18398066876490646,0.33336356893301133,-81.19488920816394
2.952,post_correction,0.27800065963793447,0.5358118845177239,-92.73763062848857,0.18342142595107944,0.3327000859254568,-81.38561741101701
2.956,post_correction,0.27721291686043203,0.5353779039205451,-93.12877263583319,0.18293453362173712,0.3320726349563761,-81.52539511376202
2.96,post_correction,0.2764588423614078,0.5349627591894551,-93.50538930858706,0.18252189453546272,0.3314822188013791,-81.61230445532904
2.964,post_correction,0.2757388087081805,0.5345665890379712,-93.86701188069354,0.18218541857910736,0.33092988718365496,-81.64455188819667
2.968,post_correction,0.2750531832184193,0.534189534244077,-94.21318015428236,0.18192702084305196,0.330416740063281,-81.62048635333328
2.972,post_correction,0.2744023276398577,0.533831737821934,-94.54344371399328,0.18174861996108935,0.3299439312135158,-81.5386170657877
2.976,post_correction,0.27378659784471615,0.5334933452075098,-94.85736314605575,0.18165213678539138,0.329512672112608,-81.39763062732531
2.98,post_correction,0.2732063435413067,0.5331745044592533,-95.15451125630302,0.18163949347110667,0.3291242361827983,-81.19640717625761
2.984,post_correction,0.2726619080054066,0.5328753664750492,-95.43447428105098,0.18171261304859915,0.328779963411731,-80.93403528559604
2.988,post_correction,0.2721536278341,0.5325960852268027,-95.69685308456138,0.18187341956413655,0.3284812653954617,-80.60982532943731
2.992,post_correction,0.2716818327248945,0.5323368180141331,-95.94126433664718,0.18212383887193928,0.32822963084670836,-80.22332105436436
2.996,post_correction,0.2712468452830303,0.5320977257387992,-96.16734166385832,0.18246580016192254,0.32802663161701917,-79.77430911761219
3.0,post_correction,0.2708489808600123,0.5318789732016371,-96.3747367676224,0.1829012383082461,0.327873929287184,-79.26282638645309
3.004,post_correction,0.30429123227766885,0.5628486135730473,-84.97036847234631,0.19296965957937015,0.3299954607301515,-71.00898734519528
3.008,post_correction,0.3032543298015068,0.5623171382817422,-85.42757119075708,0.19225796897316827,0.32927278543596544,-71.26613122700735
3.012,post_correction,0.30224826457491105,0.5618049149426424,-85.87531535798156,0.19163514673877388,0.32859841455324806,-71.47084976075642
3.016,post_correction,0.30127351826535476,0.5613121657122836,-86.31314459503633,0.19110494919013923,0.32797453260334614,-71.62011449375336
3.02,post_correction,0.30033057686539993,0.5608391196886457,-86.7405994894748,0.19067126104341894,0.32740347175607365,-71.71096995132295
3.024,post_correction,0.2994199307855539,0.5603860134216601,-87.15721827583062,0.19033809820093014,0.326887724579944,-71.74056464243192
3.028,post_correction,0.2985420749774164,0.5599530914679084,-87.56253754525781,0.1901096109958867,0.32642995809013303,-71.7061838063494
3.032,post_correction,0.29769750909143294,0.5595406069938049,-87.9560929822732,0.18999008805575351,0.3260330292437339,-71.60528350724165
3.036,post_correction,0.29688673767401097,0.5591488224320263,-88.33742012618485,0.18998396096827921,0.32570000205082283,-71.43552560481858
3.04,post_correction,0.29611027040923144,0.5587780101964741,-88.7060551544631,0.19009580996196385,0.3254341664913854,-71.1948130558487
3.044,post_correction,0.29536862241091266,0.5584284534616452,-89.06153568498125,0.19033037084164584,0.3252390594525841,-70.88132493745928
3.048,post_correction,0.29466231457134795,0.5581004470129368,-89.40340159372548,0.19069254344973938,0.3251184879285876,-70.49355053270801
3.052,post_correction,0.29399187397365817,0.5577942981751489,-89.73119584425234,0.1911874019541211,0.32507655475666214,-70.03032178588326
3.056,post_correction,0.2933578343753749,0.5575103278272552,-90.04446532485511,0.19182020729445462,0.3251176871989152,-69.49084342289423
3.06,post_correction,0.29276073677159187,0.5572488715124339,-90.34276168911003,0.19259642214958128,0.3252466687195229,-68.87472004382197
3.064,post_correction,0.29220113004681336,0.5570102806533517,-90.6256421951939,0.19352172881927873,0.32546867435299914,-68.18197953209676
3.068,post_correction,0.2916795717254701,0.5567949238838208,-90.892670539121,0.19460205044401896,0.32578931011067125,-67.41309218855885
3.072,post_correction,0.29119662883197545,0.5566031885091848,-91.14341767684154,0.1958435760162105,0.32621465693057033,-66.5689850881648
3.076,post_correction,0.29075287887214496,0.5564354821091556,-91.37746262998873,0.1972527896656889,0.32675131974096905,-65.6510512701792
3.08,post_correction,0.29034891094879606,0.5562922342983051,-91.59439326996787,0.19883650473075046,0.3274064822802145,-64.66115350577296
3.084,post_correction,0.2899853270253567,0.5561738986610317,-91.79380707507286,0.20060190315353127,0.32818796839553716,-63.60162253513493
3.088,post_correction,0.28966274335231734,0.5560809548795385,-91.97531185540701,0.2025565807643992,0.329104310631035,-62.47524982356807
3.092,post_correction,0.28938179207231174,0.5560139110751745,-92.13852644061166,0.20470859904314023,0.3301648270093502,-61.285275045906275
3.096,post_correction,0.28914312302044015,0.5559733063853483,-92.28308132579909,0.20706654396305946,0.3313797070110808,-60.03536866399757
3.1,post_correction,0.28894740573705613,0.5559597138000552,-92.40861927169605,0.2096395925343349,0.3327601078577802,-58.72961010610654
3.104,post_correction,0.3202394986014786,0.5838411111283534,-82.31389746675605,0.2116496367928863,0.3273086826227771,-54.64646553732155
3.108,post_correction,0.3194422936380898,0.5835374160404403,-82.67381234795273,0.21328409930193626,0.32818285091291993,-53.87122246198341
3.112,post_correction,0.3186847628231728,0.5832615706784605,-83.02148038439235,0.21518547467009688,0.32925690536035607,-53.010748455555984
3.116,post_correction,0.3179679468967106,0.5830143844685803,-83.3563383223555,0.21737030074244795,0.3305483227063061,-52.06692063142405
3.12,post_correction,0.31729293733266867,0.5827967242211983,-83.67781177876007,0.21985624290397537,0.3320764200138418,-51.042524709603
3.124,post_correction,0.316660880718637,0.5826095195994361,-83.98531522973394,0.22266220269241985,0.33386256396730635,-49.941283221964696
3.128,post_correction,0.316072983503845,0.5824537691014701,-84.27825201782379,0.22580843873766632,0.33593040187228734,-48.767868796327654
3.132,post_correction,0.3155305171060294,0.5823305465747168,-84.5560143962345,0.22931669960825152,0.33830611487584394,-47.52790156747514
3.136,post_correction,0.315034823345246,0.5822410082634745,-84.81798363776366,0.23321036701514786,0.34101869293448134,-46.227930301370755
3.14,post_correction,0.3145873201392014,0.5821864003653421,-85.06353024900403,0.23751460612021053,0.34410022946285745,-44.875397384488416
3.144,post_correction,0.314189507345406,0.5821680670311309,-85.29201434824529,0.2422565171817114,0.3475862311160989,-43.47858838215772
3.148,post_correction,0.3138429725639579,0.5821874586817375,-85.502786290075,0.2474652791058321,0.35151593438820355,-42.04656736425343
3.152,post_correction,0.31354939661215436,0.5822461404247594,-85.6951876533094,0.2531722701933559,0.35593261507578344,-40.58909958975605
3.156,post_correction,0.3133105582362596,0.5823458002211866,-85.8685527546296,0.2594111438347475,0.3608838683609331,-39.11656339283046
3.16,post_correction,0.3131283374203039,0.5824882562615259,-86.02221091209236,0.26621782625603135,0.36642182521335864,-37.63985318584844
3.164,post_correction,0.31300471636529814,0.5826754627385545,-86.15548976537848,0.2736303885395095,0.37260325353761303,-36.170275358072246
3.168,post_correction,0.3129417768174318,0.5829095128210054,-86.2677200689223,0.28168872466904604,0.37948946812401896,-34.71943847588443
3.172,post_correction,0.3129416918878344,0.5831926371018189,-86.35824251594089,0.2904339397481919,0.3871459397642824,-33.2991385579593
3.176,post_correction,0.31300670979341294,0.5835271950730977,-86.42641733087144,0.299907316414304,0.3956414485210167,-31.92123928529362
3.18,post_correction,0.3131391260264435,0.583915656224116,-86.47163758603783,0.310148682265358,0.4050465673523047,-30.59754579442438
3.184,post_correction,0.313341239318913,0.5843605661391235,-86.49334744743635,0.3211939485560986,0.4154311905166545,-29.339669188722816
3.188,post_correction,0.31361528544794454,0.5848644915026913,-86.49106680731927,0.33307153720393573,0.4268607420886279,-28.158877120522654
3.192,post_correction,0.31396334158371925,0.5854299363166524,-86.4644239558604,0.3457973754450733,0.43939062980765264,-27.065923864261887
3.196,post_correction,0.31438719286801453,0.5860592202040952,-86.41319796068586,0.3593681475729048,0.453058483689712,-26.070851506893863
3.2,post_correction,0.31488815292087213,0.586754309066709,-86.3373720554529,0.37375260717615816,0.46787380239441156,-25.18275281860226
3.204,post_correction,0.3443238437982314,0.6120355369987279,-77.74997230728279,0.3798560439448437,0.4652206951602827,-22.472895344488514
3.208,post_correction,0.3443408827751344,0.6125487601680201,-77.8902218148851,0.39564419210161933,0.4821349937561749,-21.860753520764646
3.212,post_correction,0.3444355792256984,0.613132328068395,-78.01074135451833,0.4120612720103399,0.5000847795725473,-21.361752132823252
3.216,post_correction,0.3446056247530976,0.6137845728411346,-78.11217483199756,0.4288607091713522,0.5188349615793207,-20.979831092901335
3.22,post_correction,0.34484675988628366,0.6145019123814127,-78.19564625866,0.44572084505759385,0.5380551795253276,-20.71573171674363
3.224,post_correction,0.34515255311740417,0.6152785791996691,-78.2627923920879,0.46225493993819755,0.5573260082452004,-20.566804179467205
3.228,post_correction,0.34551438374537247,0.6161065397818476,-78.31574277842181,0.4780365215449457,0.5761632524073291,-20.527036416642787
3.232,post_correction,0.3459217066366005,0.6169756910187422,-78.35703258335585,0.49263946700651606,0.5940609644079812,-20.587367475396288
3.236,post_correction,0.34636262229860687,0.6178743701978199,-78.3894480580346,0.5056863731318745,0.6105470271331085,-20.736302098037378
3.24,post_correction,0.34682469071129485,0.6187901311142007,-78.41582438814783,0.5168937621517733,0.625238679854741,-20.960770981630624
3.244,post_correction,0.3472958458205281,0.6197106529215964,-78.43883259169303,0.5261018772947768,0.6378833197676316,-21.247109599311177
3.248,post_correction,0.34776523116580366,0.6206246032293561,-78.46079700056661,0.533281610565425,0.6483744089391633,-21.581992720826868
3.2520000000000002,post_correction,0.34822380636518985,0.6215222971231965,-78.48357457542481,0.5385191565863175,0.6567412429637197,-21.95318122512374
3.2560000000000002,post_correction,0.3486646524142402,0.6223960666762745,-78.50850734843647,0.541985854420521,0.663119700758465,-22.350001452982116
3.2600000000000002,post_correction,0.3490829902048984,0.6232403420070255,-78.53643961317255,0.5439032185967763,0.6677149138838921,-22.76355260528508
3.2640000000000002,post_correction,0.349475985625666,0.6240515079407601,-78.56777964972966,0.5445114114671534,0.6707656041961781,-23.18669362481134
3.2680000000000002,post_correction,0.3498424339158417,0.6248276249228183,-78.60258343421175,0.5440456060020215,0.6725159085283611,-23.61388477528891
3.2720000000000002,post_correction,0.3501824045803899,0.6255680957538879,-78.64064201154885,0.5427211258470945,0.6731964717537476,-24.040955786086915
3.2760000000000002,post_correction,0.35049690282767104,0.6262733368037946,-78.68156087864624,0.5407260534110612,0.6730138971470866,-24.46485478210533
3.2800000000000002,post_correction,0.3507875776801606,0.6269444873186917,-78.72482585182195,0.5382191818714518,0.6721464767440534,-24.883411699843275
3.2840000000000003,post_correction,0.3510564873374939,0.6275831706035951,-78.76985420874955,0.5353312634855502,0.6707440180717311,-25.295132906026524
3.2880000000000003,post_correction,0.351305920330969,0.6281913081173509,-78.81603234170527,0.5321679691003866,0.6689299869673851,-25.699032224391587
3.2920000000000003,post_correction,0.35153826507585384,0.6287709808181974,-78.8627422060364,0.5288134954174144,0.6668047170153174,-26.09449698120522
3.2960000000000003,post_correction,0.35175591849851867,0.6293243295220874,-78.9093790399827,0.5253341882232082,0.6644489043386147,-26.48118459335799
3.3000000000000003,post_correction,0.35196122469245456,0.6298534858366822,-78.95536259343662,0.5217818544463997,0.6619269519943923,-26.858944279824343
3.3040000000000003,post_correction,0.3798364939314873,0.6528946639759498,-71.88834522406768,0.5334674773897831,0.6614819128888842,-23.99667101084894
3.3080000000000003,post_correction,0.3795240648251719,0.6531511976304689,-72.09743944204001,0.5300808837289123,0.6590897096482838,-24.337573732492448
3.3120000000000003,post_correction,0.37920392933383645,0.6533892846110191,-72.30551533547018,0.526675881903012,0.6566180528981772,-24.67213241769333
3.3160000000000003,post_correction,0.3788778568597268,0.6536106294513327,-72.5122272567439,0.5232735056020591,0.6540949260370296,-25.000581729138414
3.3200000000000003,post_correction,0.37854750966765144,0.6538168378242513,-72.71724714244576,0.519889988271391,0.6515425477950828,-25.323157301303336
3.3240000000000003,post_correction,0.3782144440769543,0.6540094156373868,-72.92026411987513,0.5165377751462465,0.6489785189375032,-25.640088714471844
3.3280000000000003,post_correction,0.3778801139568598,0.6541897709173814,-73.12098381341818,0.513226326703009,0.6464167441120858,-25.951594935649254
3.332,post_correction,0.3775458756050204,0.6543592174624908,-73.3191274871894,0.5099627545851125,0.643868170423672,-26.257881508915307
3.336,post_correction,0.37721299337451164,0.6545189795476,-73.51443111551787,0.5067523240744399,0.6413413780875113,-26.55913897561145
3.34,post_correction,0.3768826456189519,0.6546701971863079,-73.70664444130807,0.5035988508057495,0.6388430524497971,-26.855542149800222
3.344,post_correction,0.3765559306703683,0.654813931612936,-73.89553006035398,0.5005050139388467,0.6363783612358154,-27.147249980111106
3.348,post_correction,0.3762338726662106,0.6549511707598699,-74.08086255458804,0.49747260344856914,0.6339512562511165,-27.43440580575752
3.352,post_correction,0.37591742711269976,0.6550828345850674,-74.2624276869915,0.49450271549203667,0.6315647149156804,-27.71713786996403
3.356,post_correction,0.37560748612037886,0.6552097801601177,-74.44002166403274,0.49159590684917276,0.6292209338795027,-27.99555999406539
3.36,post_correction,0.3753048832807649,0.6553328064677028,-74.61345046700325,0.4887523170818759,0.626921484448717,-28.2697723443621
3.364,post_correction,0.375010398175014,0.6554526588836163,-74.78252925075489,0.48597176520416296,0.62466743754078,-28.539862244537854
3.368,post_correction,0.3747247605198164,0.6555700333361647,-74.94708180659347,0.48325382620035906,0.6224594642907934,-28.80590500130237
3.372,post_correction,0.3744486539646907,0.6556855801473871,-75.10694008509272,0.4805978915880217,0.620297917167336,-29.06796472154896
3.376,post_correction,0.3741827195601136,0.6557999075678743,-75.26194377410795,0.4780032173294474,0.6181828954574367,-29.326095106881926
3.38,post_correction,0.37392755891868296,0.6559135850213621,-75.41193992711351,0.47546896169659925,0.6161142981913962,-29.580340216727734
3.384,post_correction,0.3736837370925843,0.6560271460776369,-75.55678263705089,0.47299421514667017,0.6140918669547947,-29.83073519501115
3.388,post_correction,0.3734517851906109,0.6561410911732775,-75.69633275106213,0.47057802383599195,0.612115220542016,-30.077306957996235
3.392,post_correction,0.37323220275725727,0.6562558900998203,-75.8304576217492,0.46821940806263335,0.6101838830152035,-30.32007484268566
3.396,post_correction,0.37302545993525954,0.656371984278421,-75.95903089090426,0.46591737666255756,0.6082973064228625,-30.55905121637568
3.4,post_correction,0.37283199943157214,0.6564897888391855,-76.08193230197094,0.46367093817492805,0.6064548891861837,-30.794242048741022
3.404,post_correction,0.3999458539739215,0.677665403713208,-69.43928708844554,0.4821263031590953,0.6111795867744912,-26.76752601336709
3.408,post_correction,0.39930582100594647,0.6775621945750236,-69.68502809903524,0.47978558743573596,0.6093606985207856,-27.00687858874154
3.412,post_correction,0.3986773936331298,0.6774611497960664,-69.92715428943495,0.4774887333953498,0.6075777695745611,-27.24442004194904
3.416,post_correction,0.3980609644220578,0.6773626052018307,-70.16554390991068,0.47523512432552406,0.6058304062248333,-27.480140927010854
3.42,post_correction,0.39745690899677055,0.6772668789715915,-70.40007699981749,0.47302415027390243,0.6041181913671742,-27.71402707818667
3.424,post_correction,0.3968655870396822,0.6771742728080435,-70.63063538949108,0.470855211568873,0.6024406912515784,-27.946059945745787
3.428,post_correction,0.3962873432035775,0.6770850730120388,-70.85710271201172,0.46872772149814856,0.6007974610076426,-28.1762169063465
3.432,post_correction,0.3957225079429156,0.6769995514708869,-71.07936442385696,0.4666411083044095,0.5991880491572517,-28.404471550838213
3.436,post_correction,0.39517139827190445,0.6769179665679064,-71.29730783353439,0.4645948166276824,0.5976120012880338,-28.630793952001596
3.44,post_correction,0.39463431845610436,0.6768405640202099,-71.5108221373544,0.4625883085002422,0.5960688630306684,-28.855150914467252
3.444,post_correction,0.3941115606436814,0.6767675776510585,-71.71979846156508,0.4606210639804178,0.5945581824584215,-29.077506208812398
3.448,post_correction,0.3936034054418515,0.6766992301025305,-71.92412991012645,0.45869258149590353,0.5930795120070045,-29.297820791614686
3.452,post_correction,0.39311012244353466,0.6766357334937102,-72.12371161744899,0.45680237795431616,0.5916324099961771,-29.51605301304823
3.456,post_correction,0.392631970708763,0.6765772900291189,-72.31844080546716,0.4549499886682461,0.5902164418207673,-29.732158813429223
3.46,post_correction,0.3921691992049648,0.6765240925616659,-72.50821684445566,0.45313496713346463,0.5888311808674412,-29.94609190996491
3.464,post_correction,0.3917220472098592,0.6764763251139984,-72.69294131703195,0.4513568846919318,0.5874762092041598,-30.157803974815756
3.468,post_correction,0.39129074468035346,0.6764341633617721,-72.8725180848203,0.4496153301054877,0.586151118081483,-30.36724480545661
3.472,post_correction,0.39087551259052183,0.6763977750820338,-73.04685335727922,0.44790990906138617,0.5848555082784229,-30.574362488209278
3.476,post_correction,0.3904765632414677,0.6763673205696185,-73.21585576222104,0.4462402436269517,0.5835889903201716,-30.77910355571625
3.48,post_correction,0.39009410054561405,0.6763429530241922,-73.37943641757455,0.44460597166744564,0.5823511845905543,-30.981413139034206
3.484,post_correction,0.38972832028774546,0.6763248189103416,-73.5375090039634,0.4430067462386061,0.5811417213583316,-31.181235114944553
3.488,post_correction,0.38937941036491547,0.6763130582928836,-73.6899898376912,0.4414422349631647,0.5799602407333476,-31.378512249001567
3.492,post_correction,0.38904755100715055,0.6763078051493838,-73.83679794374378,0.4399121193988639,0.5788063925659181,-31.573186334773432
3.496,post_correction,0.3887329149807136,0.6763091876616889,-73.97785512843515,0.43841609440403473,0.5776798363006646,-31.765198329668845
3.5,post_correction,0.3884356677755408,0.6763173284881252,-74.11308605134019,0.4369538675055893,0.5765802407941727,-31.95448848768855
3.504,post_correction,0.4150009354525331,0.6957821978664772,-67.65798301340439,0.45736590445549596,0.5821885987683135,-27.291648349131247
3.508,post_correction,0.4142801775785479,0.6955814968055984,-67.9012258977116,0.45567893106849966,0.5810019178923613,-27.502475598333636
3.512,post_correction,0.4135744823105444,0.6953873244805354,-68.14077130570732,0.45402011342501186,0.5798388253916895,-27.712144957088665
3.516,post_correction,0.41288403935898377,0.6951997958957592,-68.37652455035075,0.45238929097717817,0.578699101707256,-27.920601404432855
3.52,post_correction,0.4122090337168325,0.6950190218194877,-68.60839160961521,0.4507863115508595,0.5775825328390044,-28.12778871920986
3.524,post_correction,0.4115496457472156,0.6948451089594719,-68.83627920463908,0.44921103097486853,0.5764889102437188,-28.333649552780233
3.528,post_correction,0.4109060512618484,0.6946781601279934,-69.06009487928233,0.44766331271225696,0.5754180307175241,-28.538125501337113
3.532,post_correction,0.4102784215909929,0.6945182743968494,-69.27974708092633,0.44614302749511703,0.5743696962662432,-28.741157178014987
3.536,post_correction,0.4096669236456382,0.6943655472430365,-69.49514524234874,0.4446500529640658,0.5733437139663309,-28.942684284952826
3.54,post_correction,0.4090717199725537,0.6942200706857964,-69.7061998645065,0.4431842733133382,0.5723398958186928,-29.142645685452738
3.544,post_correction,0.4084929688028172,0.6940819334156269,-69.91282260005451,0.4417455789422132,0.5713580585973383,-29.340979476351553
3.548,post_correction,0.40793082409438397,0.6939512209158145,-70.1149263374256,0.44033386611333036,0.5703980236945145,-29.53762306070482
3.552,post_correction,0.4073854355692227,0.69382801557701,-70.31242528529599,0.4389490366183129,0.5694596169637075,-29.732513220863893
3.556,post_correction,0.40685694874551015,0.6937123968053176,-70.50523505725747,0.4375909974510033,0.5685426685616776,-29.925586192009533
3.56,post_correction,0.40634550496534794,0.6936044411243381,-70.69327275651463,0.4362596604885197,0.5676470127905019,-30.116777736189448
3.564,post_correction,0.40585124141843487,0.6935042222715757,-70.8764570604255,0.43495494218026914,0.566772487940439,-30.30602321689161
3.568,post_correction,0.4053742911620998,0.6934118112895826,-71.05470830470186,0.43367676324498877,0.565918936134289,-30.4932576741713
3.572,post_correction,0.40491478313808066,0.6933272766121863,-71.22794856708248,0.43242504837583645,0.5650862031738059,-30.67841590033627
3.576,post_correction,0.40447284218640867,0.6932506841461321,-71.39610175029624,0.43119972595351663,0.5642741383886165,-30.86143251618052
3.58,post_correction,0.40404858905673735,0.693182097348427,-71.55909366412584,0.43000072776738973,0.5634825944880161,-31.042242047746903
3.584,post_correction,0.40364214041743773,0.693121577299676,-71.71685210638937,0.42882798874449596,0.5627114274159317,-31.220779003584607
3.588,post_correction,0.40325360886276085,0.693069182773659,-71.86930694265182,0.4276814466864006,0.5619604962092906,-31.39697795245971
3.592,post_correction,0.402883102918355,0.6930249703033926,-72.01639018448371,0.42656104201375944,0.5612296628599661,-31.570773601463287
3.596,post_correction,0.4025307270454052,0.6929889942438993,-72.15803606608411,0.4254667175184893,0.5605187921804404,-31.74210087445494
3.6,post_correction,0.40219658164365246,0.6929613068318914,-72.29418111908704,0.4243984181234269,0.5598277516732744,-31.910894990768053
3.604,post_correction,0.4282509433669179,0.7107202790329475,-65.95883559420788,0.44544888158334806,0.5650748091155623,-26.855141516351747
3.608,post_correction,0.4275086555130144,0.7104899581042653,-66.19311654676808,0.44410527902038116,0.5642542528763596,-27.054164751431482
3.612,post_correction,0.42678227885631387,0.7102676013729504,-66.42387384881987,0.4427839716537779,0.5634518252142245,-27.25208256969142
3.616,post_correction,0.4260719481832973,0.7100532653683487,-66.65102417464992,0.44148496329324755,0.5626674410200486,-27.44883468348344
3.62,post_correction,0.425377795699414,0.7098470048551156,-66.87448475959404,0.44020825958593407,0.5619010167465457,-27.644360256910556
3.624,post_correction,0.42469995100798774,0.7096488728743646,-67.0941734723717,0.4389538678528257,0.5611524703272893,-27.838597953859445
3.628,post_correction,0.4240385410876623,0.7094589207828659,-67.31000888813031,0.43772179692826024,0.5604217210976202,-28.03148598731301
3.632,post_correction,0.42339369026854623,0.709277198290408,-67.52191036208741,0.43651205700249074,0.5597086897174843,-28.222962169929392
3.636,post_correction,0.4227655202072108,0.7091037534954364,-67.72979810365854,0.43532465946727933,0.5590132980962539,-28.41296396586775
3.64,post_correction,0.42215414986068944,0.7089386329190661,-67.93359325095237,0.4341596167644838,0.5583354693195622,-28.60142854383425
3.644,post_correction,0.4215596954596244,0.7087818815375665,-68.13321794551189,0.43301694223760656,0.5576751275781758,-28.788292831315225
3.648,post_correction,0.4209822704807021,0.7086335428134086,-68.32859540717702,0.43189664998627497,0.5570321980989172,-28.97349356995913
3.652,post_correction,0.4204219856185128,0.7084936587249553,-68.51965000894035,0.4307987547236264,0.5564066070776436,-29.156967372062006
3.656,post_correction,0.41987894875696735,0.7083622697948795,-68.70630735166742,0.429723271636573,0.555798281614277,-29.338650778105553
3.66,post_correction,0.41935326494040354,0.708239415117379,-68.88849433854546,0.4286702162489265,0.5552071496498798,-29.518480315290677
3.664,post_correction,0.4188450363445038,0.7081251323842594,-69.06613924912797,0.4276396042873629,0.5546331399057588,-29.696392557004486
3.668,post_correction,0.4183543622471505,0.7080194579099548,-69.2391718128373,0.42663145155021587,0.5540761818245832,-29.872324183151946
3.672,post_correction,0.4178813389993353,0.70792242665554,-69.40752328178647,0.4256457737790859,0.5535362055134907,-30.04621204127851
3.676,post_correction,0.4174260599962411,0.7078340722518008,-69.57112650278108,0.4246825865332599,0.5530131416891606,-30.21799320840536
3.68,post_correction,0.4169886156486074,0.7077544270214113,-69.7299159883611,0.423741905066938,0.552506921624824,-30.38760505349244
3.684,post_correction,0.41656909335448966,0.707683522000272,-69.883827986742,0.4228237442092664,0.5520174770991828,-30.5549853004412
3.688,post_correction,0.4161675774715179,0.7076213869580573,-70.03280055051532,0.4219281182471818,0.5515447403472064,-30.72007209154288
3.692,post_correction,0.41578414928975904,0.7075680504180187,-70.17677360396829,0.4210550408110734,0.551088644012773,-30.882804051274956
3.696,post_correction,0.4154188870052814,0.7075235396760837,-70.31568900888433,0.4202045247632726,0.5506491211031234,-31.04312035034329
3.7,post_correction,0.41507186569451837,0.7074878808192963,-70.44949062868746,0.41937658208938183,0.5502261049450914,-31.200960769865198
3.704,post_correction,0.44065054215780397,0.723544342661546,-64.19912684515279,0.4406011761125741,0.5546713690539421,-25.889670551451943
3.708,post_correction,0.4399084308081535,0.723310661437259,-64.42300505777274,0.43947403002823293,0.5540988740781175,-26.082279319786156
3.712,post_correction,0.4391823653130143,0.7230855243863151,-64.64356984619754,0.4383665636733083,0.5535419076606896,-26.273752044924542
3.716,post_correction,0.43847245611303,0.7228689648746669,-64.86074662083787,0.43727882953427666,0.5530004310123314,-26.46403019357327
3.72,post_correction,0.4377788116804099,0.722661015208345,-65.07446133229186,0.43621087983543017,0.5524744053321583,-26.653054949154644
3.724,post_correction,0.43710153848064554,0.7224617066458684,-65.28464053389699,0.43516276645026075,0.5519637917760055,-26.84076725555406
3.728,post_correction,0.4364407409340635,0.722271069410209,-65.49121144474644,0.4341345408138071,0.5514685514257776,-27.02710786200562
3.732,post_correction,0.4357965213772891,0.7220891327003387,-65.69410201307984,0.43312625383599057,0.550988645259863,-27.21201736907473
3.736,post_correction,0.435168980024697,0.7219159247023844,-65.89324097995537,0.43213795581596753,0.5505240341246007,-27.395436275690088
3.74,post_correction,0.43455821492991964,0.721751472600411,-66.08855794310698,0.431169696357527,0.5500746787067899,-27.577305027175804
3.744,post_correction,0.43396432194749235,0.7215958025868597,-66.2799834208881,0.4302215242855664,0.5496405395072306,-27.75756406422796
3.748,post_correction,0.4333873946947043,0.7214489398726591,-66.46744891620051,0.4292934875636795,0.5492215768152843,-27.936153872778036
3.7520000000000002,post_correction,0.4328275245137315,0.7213109086970303,-66.65088698030492,0.42838563321289297,0.5488177506844403,-28.113015034679435
3.7560000000000002,post_correction,0.4322848004341231,0.7211817323370033,-66.8302312764073,0.4274980072315907,0.5484290209088774,-28.288088279151687
3.7600000000000002,post_correction,0.43175930913571225,0.7210614331166687,-67.00541664291525,0.4266306545166665,0.5480553470010073,-28.461314534911683
3.7640000000000002,post_correction,0.4312511349120246,0.7209500324161733,-67.17637915625367,0.4257836187859475,0.5476966881699854,-28.63263498291764
3.7680000000000002,post_correction,0.4307603596342522,0.7208475506804839,-67.34305619313194,0.42495694250193183,0.5473530033011764,-28.801991109649464
3.7720000000000002,post_correction,0.4302870627158652,0.7207540074279284,-67.50538649214965,0.4241506667968872,0.5470242509365622,-28.96932476084386
3.7760000000000002,post_correction,0.4298313210779268,0.7206694212585341,-67.66331021463171,0.42336483139935643,0.5467103892560763,-29.134578195601005
3.7800000000000002,post_correction,0.4293932091151816,0.7205938098621738,-67.81676900457916,0.42259947456211816,0.5464113760598528,-29.29769414077571
3.7840000000000003,post_correction,0.4289727986629808,0.7205271900265336,-67.96570604762525,0.4218546329916526,0.5461271687513743,-29.45861584556327
3.7880000000000003,post_correction,0.4285701589651115,0.7204695776449176,-68.11006612888525,0.4211303417791597,0.5458577243215067,-29.617287136188803
3.7920000000000003,post_correction,0.42818535664259205,0.7204209877238965,-68.24979568958838,0.4204266343331832,0.5456029993334034,-29.773652470604265
3.7960000000000003,post_correction,0.4278184556634953,0.7203814343908167,-68.38484288238365,0.41974354231388894,0.5453629499082696,-29.9276569930982
3.8000000000000003,post_correction,0.42746951731386196,0.7203509309011769,-68.51515762520954,0.41908109556904927,0.545137531711969,-30.079246588719062
3.8040000000000003,post_correction,0.45262006429031215,0.734719503011262,-62.32588013155559,0.4403011120898379,0.5486051083881488,-24.59771127632601
3.8080000000000003,post_correction,0.45188806775589846,0.7344949284631839,-62.53912879592661,0.4393276175211405,0.5482198691236295,-24.786115704926992
3.8120000000000003,post_correction,0.45117198565102706,0.7342791411536004,-62.749276219811954,0.43837236284047615,0.547848689564913,-24.97336420003176
3.8160000000000003,post_correction,0.4504719135748798,0.7340721624879396,-62.95625551045998,0.4374354130754714,0.5474915460329489,-25.159401746581814
3.8200000000000003,post_correction,0.4497879454150354,0.7338740130810872,-63.16000029834402,0.4365168322315366,0.5471484142769063,-25.344173208580575
3.8240000000000003,post_correction,0.4491201733084207,0.7336847127616981,-63.36044479076666,0.43561668323068103,0.5468192694620415,-25.52762336984993
3.8280000000000003,post_correction,0.44846868760242287,0.7335042805764223,-63.55752382576363,0.43473502785082685,0.5465040861581795,-25.7096969756264
3.8320000000000003,post_correction,0.4478335768162126,0.733332734794059,-63.75117292623484,0.4338719266656693,0.5462028383288074,-25.89033877494855
3.8360000000000003,post_correction,0.44721492760233206,0.7331700929096423,-63.94132835422354,0.43302743898512597,0.5459154993207714,-26.069493563783855
3.84,post_correction,0.4466128247086023,0.7330163716484661,-64.12792716526471,0.43220162279642377,0.5456420418545747,-26.24710622884074
3.844,post_correction,0.4460273509403995,0.7328715869700582,-64.31090726272261,0.43139453470587164,0.5453824380152722,-26.423121792008434
3.848,post_correction,0.4454585871233577,0.732735754072106,-64.49020745203295,0.4306062298813674,0.5451366592439546,-26.597485455363827
3.852,post_correction,0.44490661206654614,0.7326088873943436,-64.66576749476694,0.42983676199568877,0.5449046763298183,-26.770142646683084
3.856,post_correction,0.4443715025261788,0.732491000622404,-64.83752816243016,0.4290861831706196,0.5446864594028135,-26.941039065391482
3.86,post_correction,0.44385333316990466,0.7323821066916433,-65.0054312899102,0.4283545439219619,0.5444819779268677,-27.11012072888434
3.864,post_correction,0.44335217654173376,0.732282217790942,-65.16941982848496,0.42764189310548567,0.5442912006936759,-27.277334019147773
3.868,post_correction,0.44286810302764973,0.732191345366489,-65.32943789830261,0.4269482778638681,0.5441140958170517,-27.442625729606956
3.872,post_correction,0.44240118082195995,0.7321095001255521,-65.48543084024507,0.4262737435746744,0.5439506307278351,-27.605943112127463
3.876,post_correction,0.4419514758944347,0.7320366920402412,-65.63734526708467,0.42561833379943315,0.5438007721693462,-27.7672339240924
3.88,post_correction,0.4415190519582847,0.7319729303512678,-65.78512911384523,0.4249820902338568,0.5436644861933828,-27.92644647547809
3.884,post_correction,0.441103970439027,0.7319182235717048,-65.92873168727837,0.42436505265926067,0.5435417381567511,-28.083529675847757
3.888,post_correction,0.4407062904442861,0.7318725794907512,-66.0681037143658,0.42376725889523126,0.5434324927183247,-28.238433081183018
3.892,post_correction,0.44032606873457913,0.7318360051775059,-66.20319738976069,0.4231887447535947,0.5433367138366229,-28.391106940470582
3.896,post_correction,0.43996335969513045,0.731808506984752,-66.3339664220797,0.42262954399373637,0.5432543647679013,-28.541502241961748
3.9,post_correction,0.4396182153087603,0.7317900905527582,-66.46036607896121,0.42208968827932075,0.5431854080647486,-28.68957075902122
3.904,post_correction,0.46439991545049353,0.7444958915672044,-60.31352866311406,0.44325120347335367,0.5456098300577428,-23.092690055277526
3.908,post_correction,0.4636831878768432,0.7442869731935509,-60.51627332048915,0.4423951401252543,0.5453757208352961,-23.277963831357887
3.912,post_correction,0.4629821225999019,0.7440869262150345,-60.716124855226134,0.44155635860603526,0.5451547054380895,-23.462089224376143
3.916,post_correction,0.4622968043020236,0.743895764630266,-60.91302334512152,0.44073492382715074,0.5449467636688311,-23.645015225194772
3.92,post_correction,0.4616273161014547,0.7437135017756631,-61.10690936933476,0.4399308993753314,0.5447518745622305,-23.826690813429323
3.924,post_correction,0.4609737395162668,0.7435401503271246,-61.29772405416744,0.43914434746526726,0.5445700163816521,-24.007064994665154
3.928,post_correction,0.4603361544285535,0.743375722301728,-61.485409119023174,0.43837532889274705,0.5444011666161999,-24.18608683824748
3.932,post_correction,0.45971463904893656,0.7432202290594551,-61.66990692248531,0.4376239029882996,0.5442453019782328,-24.36370551559746
3.936,post_correction,0.4591092698814205,0.7430736813049486,-61.85116050844952,0.43689012757138335,0.54410239840131,-24.539870339004008
3.94,post_correction,0.4585201216886406,0.7429360890893023,-62.0291136522456,0.4361740589051683,0.5439724310385566,-24.7145308008392
3.944,post_correction,0.4579472674575434,0.7428074618118891,-62.20371090668321,0.43547575165195707,0.5438553742614529,-24.887636613143847
3.948,post_correction,0.45739077836554454,0.7426878082222231,-62.374897647951826,0.43479525882929204,0.543751201659039,-25.05913774752657
3.952,post_correction,0.4568507237472052,0.742577136421869,-62.54262012130865,0.4341326317667938,0.5436598860375328,-25.228984475319184
3.956,post_correction,0.4563271710614686,0.7424754538663894,-62.7068254864832,0.4334879200637782,0.5435813994203577,-25.397127407929073
3.96,post_correction,0.45582018585949957,0.7423827673673408,-62.867461862728966,0.4328611715476987,0.5435157130485728,-25.56351753732678
3.964,post_correction,0.4553298317531673,0.7422990830943168,-63.02447837345182,0.4322524322334598,0.543462797381704,-25.728106276607228
3.968,post_correction,0.454856170384215,0.7422244065770381,-63.17782519034192,0.4316617462836464,0.5434226220989703,-25.890845500561323
3.972,post_correction,0.45439926139415304,0.7421587427074979,-63.32745357694096,0.43108915596971825,0.543395156100898,-26.051687586191242
3.976,post_correction,0.45395916239492035,0.7421020957421562,-63.47331593156982,0.4305347016342107,0.5433803675113221,-26.210585453106386
3.98,post_correction,0.4535359289403509,0.7420544693041908,-63.61536582954731,0.42999842165398794,0.5433782236797638,-26.367492603731137
3.984,post_correction,0.45312961449848416,0.7420158663858039,-63.7535580646288,0.42948035240459376,0.5433886911841838,-26.522363163258788
3.988,post_correction,0.45274027042475934,0.7419862893505847,-63.88784868959322,0.42898052822574073,0.5434117358341005,-26.675151919283174
3.992,post_correction,0.4523679459361293,0.7419657399359328,-64.01819505590974,0.4284989813879808,0.5434473226740723,-26.82581436104102
3.996,post_correction,0.4520126880861309,0.741954219255539,-64.14455585241444,0.42803574206059924,0.5434954159875316,-26.974306718196008
4.0,post_correction,0.4516745417409472,0.7419517278019278,-64.2668911429296,0.4275908382807703,0.5435559793009705,-27.120585999097965
