local_t_yr,phase,pos_noNN_err,pos_encounterNN_err,pos_gain_instant_pct,vel_noNN_err,vel_encounterNN_err,vel_gain_instant_pct
0.0,pre_correction_window,4.938320837001675e-16,4.938320837001675e-16,0.0,1.2388403547001439e-17,1.2388403547001439e-17,0.0
0.003,pre_correction_window,0.045451037663927975,0.045451037663927975,0.0,0.04277809252858567,0.04277809252858567,0.0
0.006,pre_correction_window,0.043059974261239545,0.043059974261239545,0.0,0.040563366914916965,0.040563366914916965,0.0
0.009000000000000001,pre_correction_window,0.04066886784341557,0.04066886784341557,0.0,0.0383466091331656,0.0383466091331656,0.0
0.012,pre_correction_window,0.03827770410001437,0.03827770410001437,0.0,0.03612759978605105,0.03612759978605105,0.0
0.015,pre_correction_window,0.03588646843829476,0.03588646843829476,0.0,0.03390611304698795,0.03390611304698795,0.0
0.018000000000000002,pre_correction_window,0.03349514598679959,0.03349514598679959,0.0,0.03168191664400016,0.03168191664400016,0.0
0.021,pre_correction_window,0.031103721602202136,0.031103721602202136,0.0,0.029454771901835472,0.029454771901835472,0.0
0.024,pre_correction_window,0.02871217988121651,0.02871217988121651,0.0,0.027224433874133508,0.027224433874133508,0.0
0.027,pre_correction_window,0.02632050518066422,0.02632050518066422,0.0,0.024990651620010473,0.024990651620010473,0.0
0.03,pre_correction_window,0.023928681651244194,0.023928681651244194,0.0,0.022753168722032924,0.022753168722032924,0.0
0.033,pre_correction_window,0.021536693295462633,0.021536693295462633,0.0,0.020511724227468196,0.020511724227468196,0.0
0.036000000000000004,pre_correction_window,0.019144524070605465,0.019144524070605465,0.0,0.018266054374468876,0.018266054374468876,0.0
0.039,pre_correction_window,0.016752158081473942,0.016752158081473942,0.0,0.01601589587400399,0.01601589587400399,0.0
0.042,pre_correction_window,0.014359579967188727,0.014359579967188727,0.0,0.013760992535978471,0.013760992535978471,0.0
0.045,pre_correction_window,0.011966775753222117,0.011966775753222117,0.0,0.011501109858628901,0.011501109858628901,0.0
0.048,pre_correction_window,0.009573734982126565,0.009573734982126565,0.0,0.00923607131805649,0.00923607131805649,0.0
0.051000000000000004,pre_correction_window,0.007180457105877423,0.007180457105877423,0.0,0.006965866090881822,0.006965866090881822,0.0
0.054,pre_correction_window,0.004786977056230992,0.004786977056230992,0.0,0.004691071610031632,0.004691071610031632,0.0
0.057,pre_correction_window,0.002393544255829495,0.002393544255829495,0.0,0.002415674978466494,0.002415674978466494,0.0
0.06,pre_correction_window,7.170507625310706e-05,7.170507625310706e-05,0.0,0.00031540958801108617,0.00031540958801108617,0.0
0.063,pre_correction_window,0.04558439822293361,0.04558439822293361,0.0,0.04580239596099013,0.04580239596099013,0.0
0.066,pre_correction_window,0.04319022663667653,0.04319022663667653,0.0,0.043507784788162335,0.043507784788162335,0.0
0.069,pre_correction_window,0.04079556625748614,0.04079556625748614,0.0,0.041204359465742885,0.041204359465742885,0.0
0.07200000000000001,pre_correction_window,0.03840039614863874,0.03840039614863874,0.0,0.03889173336749134,0.03889173336749134,0.0
0.075,pre_correction_window,0.0360046951494692,0.0360046951494692,0.0,0.036569514773181405,0.036569514773181405,0.0
0.078,pre_correction_window,0.03360844191461073,0.03360844191461073,0.0,0.03423730780435965,0.03423730780435965,0.0
0.081,pre_correction_window,0.031211614968913143,0.031211614968913143,0.0,0.031894713708201336,0.031894713708201336,0.0
0.084,pre_correction_window,0.028814192786605033,0.028814192786605033,0.0,0.02954133266992277,0.02954133266992277,0.0
0.08700000000000001,pre_correction_window,0.02641615390944987,0.02641615390944987,0.0,0.027176766462182485,0.027176766462182485,0.0
0.09,pre_correction_window,0.024017477130391526,0.024017477130391526,0.0,0.024800622481574122,0.024800622481574122,0.0
0.093,pre_correction_window,0.021618141792682753,0.021618141792682753,0.0,0.02241252020225542,0.02241252020225542,0.0
0.096,pre_correction_window,0.01921812830443106,0.01921812830443106,0.0,0.020012102088118294,0.020012102088118294,0.0
0.099,pre_correction_window,0.01681741908267843,0.01681741908267843,0.0,0.01759905329294594,0.01759905329294594,0.0
0.10200000000000001,pre_correction_window,0.014416000426682797,0.014416000426682797,0.0,0.015173140124374688,0.015173140124374688,0.0
0.105,pre_correction_window,0.012013866619954766,0.012013866619954766,0.0,0.012734292790804591,0.012734292790804591,0.0
0.108,pre_correction_window,0.009611030161639379,0.009611030161639379,0.0,0.010282807295135159,0.010282807295135159,0.0
0.111,pre_correction_window,0.00720755243942231,0.00720755243942231,0.0,0.00781993192890014,0.00781993192890014,0.0
0.114,pre_correction_window,0.004803666476522406,0.004803666476522406,0.0,0.0053500910452616715,0.0053500910452616715,0.0
0.117,pre_correction_window,0.0024006373337704845,0.0024006373337704845,0.0,0.002894568427024756,0.002894568427024756,0.0
0.12,pre_correction_window,0.00015745817257074434,0.00015745817257074434,0.0,0.000808043816260734,0.000808043816260734,0.0
0.123,pre_correction_window,0.045920026406948825,0.045920026406948825,0.0,0.05210788291894124,0.05210788291894124,0.0
0.126,pre_correction_window,0.043512721965241266,0.043512721965241266,0.0,0.049571530508124066,0.049571530508124066,0.0
0.129,pre_correction_window,0.04110434082374833,0.04110434082374833,0.0,0.04701644575098513,0.04701644575098513,0.0
0.132,pre_correction_window,0.03869485782106927,0.03869485782106927,0.0,0.04444220002612383,0.04444220002612383,0.0
0.135,pre_correction_window,0.036284248128413264,0.036284248128413264,0.0,0.041848380476113785,0.041848380476113785,0.0
0.138,pre_correction_window,0.03387248737850271,0.03387248737850271,0.0,0.039234594045451626,0.039234594045451626,0.0
0.14100000000000001,pre_correction_window,0.03145955183593759,0.03145955183593759,0.0,0.03660047273930686,0.03660047273930686,0.0
0.14400000000000002,pre_correction_window,0.029045418631725394,0.029045418631725394,0.0,0.033945680761601475,0.033945680761601475,0.0
0.147,pre_correction_window,0.026630066101181172,0.026630066101181172,0.0,0.03126992466465289,0.03126992466465289,0.0
0.15,pre_correction_window,0.02421347429577714,0.02421347429577714,0.0,0.028572968537404115,0.028572968537404115,0.0
0.153,pre_correction_window,0.02179562580232097,0.02179562580232097,0.0,0.025854658035590315,0.025854658035590315,0.0
0.156,pre_correction_window,0.019376507136393377,0.019376507136393377,0.0,0.023114960796511742,0.023114960796511742,0.0
0.159,pre_correction_window,0.016956111282493237,0.016956111282493237,0.0,0.02035403922582671,0.02035403922582671,0.0
0.162,pre_correction_window,0.014534442717865059,0.014534442717865059,0.0,0.017572392425366703,0.017572392425366703,0.0
0.165,pre_correction_window,0.012111528400125419,0.012111528400125419,0.0,0.014771160984953262,0.014771160984953262,0.0
0.168,pre_correction_window,0.009687445174117968,0.009687445174117968,0.0,0.011952867836391184,0.011952867836391184,0.0
0.171,pre_correction_window,0.0072624020078307094,0.0072624020078307094,0.0,0.009123552276318702,0.009123552276318702,0.0
0.17400000000000002,pre_correction_window,0.00483706962115011,0.00483706962115011,0.0,0.006300695797730977,0.006300695797730977,0.0
0.177,pre_correction_window,0.002414896938282972,0.002414896938282972,0.0,0.0035587067618830484,0.0035587067618830484,0.0
0.18,pre_correction_window,0.00025916744596999204,0.00025916744596999204,0.0,0.0015991671469005,0.0015991671469005,0.0
0.183,pre_correction_window,0.046457802609953386,0.046457802609953386,0.0,0.06011196265708709,0.06011196265708709,0.0
0.186,pre_correction_window,0.044025640939846566,0.044025640939846566,0.0,0.05715703595676866,0.05715703595676866,0.0
0.189,pre_correction_window,0.04159180616401812,0.04159180616401812,0.0,0.05417635645262629,0.05417635645262629,0.0
0.192,pre_correction_window,0.039156284578819756,0.039156284578819756,0.0,0.05117000536044413,0.05117000536044413,0.0
0.195,pre_correction_window,0.03671906435358932,0.03671906435358932,0.0,0.048138131416934675,0.048138131416934675,0.0
0.198,pre_correction_window,0.03428013577791751,0.03428013577791751,0.0,0.045080960039750526,0.045080960039750526,0.0
0.201,pre_correction_window,0.03183949158404279,0.03183949158404279,0.0,0.041998805728526496,0.041998805728526496,0.0
0.20400000000000001,pre_correction_window,0.029397127388379723,0.029397127388379723,0.0,0.038892089655282236,0.038892089655282236,0.0
0.20700000000000002,pre_correction_window,0.02695304232858247,0.02695304232858247,0.0,0.035761365826581314,0.035761365826581314,0.0
0.21,pre_correction_window,0.024507240034169944,0.024507240034169944,0.0,0.032607361925079646,0.032607361925079646,0.0
0.213,pre_correction_window,0.022059730192135325,0.022059730192135325,0.0,0.02943104638582374,0.02943104638582374,0.0
0.216,pre_correction_window,0.019610531231488468,0.019610531231488468,0.0,0.026233744822000925,0.026233744822000925,0.0
0.219,pre_correction_window,0.0171596752515413,0.0171596752515413,0.0,0.023017355256606732,0.023017355256606732,0.0
0.222,pre_correction_window,0.014707217823273283,0.014707217823273283,0.0,0.019784777101224102,0.019784777101224102,0.0
0.225,pre_correction_window,0.012253259513906108,0.012253259513906108,0.0,0.01654085029306254,0.01654085029306254,0.0
0.228,pre_correction_window,0.00979799973561832,0.00979799973561832,0.0,0.013294679342370353,0.013294679342370353,0.0
0.231,pre_correction_window,0.007341898695837368,0.007341898695837368,0.0,0.010066439582730347,0.010066439582730347,0.0
0.234,pre_correction_window,0.004886327977969996,0.004886327977969996,0.0,0.0069128668074046684,0.0069128668074046684,0.0
0.23700000000000002,pre_correction_window,0.0024381521931697418,0.0024381521931697418,0.0,0.004065479248554619,0.004065479248554619,0.0
0.24,pre_correction_window,0.00036606321444582315,0.00036606321444582315,0.0,0.0028196532503976597,0.0028196532503976597,0.0
0.243,pre_correction_window,0.04705247400550904,0.04705247400550904,0.0,0.06494494128617026,0.06494494128617026,0.0
0.246,pre_correction_window,0.044587439816554136,0.044587439816554136,0.0,0.06156621927756216,0.06156621927756216,0.0
0.249,pre_correction_window,0.04212056881780211,0.04212056881780211,0.0,0.05816921681862647,0.05816921681862647,0.0
0.252,pre_correction_window,0.03965188625266412,0.03965188625266412,0.0,0.054755067978394745,0.054755067978394745,0.0
0.255,pre_correction_window,0.03718142045942219,0.03718142045942219,0.0,0.05132499374168661,0.05132499374168661,0.0
0.258,pre_correction_window,0.03470920309901424,0.03470920309901424,0.0,0.047880313698789145,0.047880313698789145,0.0
0.261,pre_correction_window,0.032235269491370316,0.032235269491370316,0.0,0.044422464384722735,0.044422464384722735,0.0
0.264,pre_correction_window,0.02975965912941035,0.02975965912941035,0.0,0.04095302843751795,0.04095302843751795,0.0
0.267,pre_correction_window,0.02728241649021363,0.02728241649021363,0.0,0.037473781842943456,0.037473781842943456,0.0
0.27,pre_correction_window,0.024803592358661575,0.024803592358661575,0.0,0.033986772485357634,0.033986772485357634,0.0
0.273,pre_correction_window,0.022323246070596017,0.022323246070596017,0.0,0.03049445527674423,0.03049445527674423,0.0
0.276,pre_correction_window,0.019841449490503506,0.019841449490503506,0.0,0.026999935091118824,0.026999935091118824,0.0
0.279,pre_correction_window,0.01735829447275795,0.01735829447275795,0.0,0.02350742888876362,0.02350742888876362,0.0
0.28200000000000003,pre_correction_window,0.014873907895310599,0.014873907895310599,0.0,0.02002321086288541,0.02002321086288541,0.0
0.28500000000000003,pre_correction_window,0.012388484922949692,0.012388484922949692,0.0,0.016557736003429892,0.016557736003429892,0.0
0.28800000000000003,pre_correction_window,0.00990237257195764,0.00990237257195764,0.0,0.013131043452260044,0.013131043452260044,0.0
0.291,pre_correction_window,0.007416321655293714,0.007416321655293714,0.0,0.009789032360233759,0.009789032360233759,0.0
0.294,pre_correction_window,0.004932500695921398,0.004932500695921398,0.0,0.006665075970162617,0.006665075970162617,0.0
0.297,pre_correction_window,0.002461641538413761,0.002461641538413761,0.0,0.004271261972237205,0.004271261972237205,0.0
0.3,pre_correction_window,0.00045896292078627214,0.00045896292078627214,0.0,0.004156325572434067,0.004156325572434067,0.0
0.303,pre_correction_window,0.04743773925729811,0.04743773925729811,0.0,0.06324221339528395,0.06324221339528395,0.0
0.306,pre_correction_window,0.04494425123849418,0.04494425123849418,0.0,0.0597381234776976,0.0597381234776976,0.0
0.309,pre_correction_window,0.04244953866655552,0.04244953866655552,0.0,0.056236552985299074,0.056236552985299074,0.0
0.312,pre_correction_window,0.039953661387387616,0.039953661387387616,0.0,0.052738887912843195,0.052738887912843195,0.0
0.315,pre_correction_window,0.037456680884856985,0.037456680884856985,0.0,0.049246544164182775,0.049246544164182775,0.0
0.318,pre_correction_window,0.03495866051496274,0.03495866051496274,0.0,0.045760984911952775,0.045760984911952775,0.0
0.321,pre_correction_window,0.03245966591085143,0.03245966591085143,0.0,0.04228374810444757,0.04228374810444757,0.0
0.324,pre_correction_window,0.029959765658138165,0.029959765658138165,0.0,0.03881649014996463,0.03881649014996463,0.0
0.327,pre_correction_window,0.027459032412014278,0.027459032412014278,0.0,0.035361056367222116,0.035361056367222116,0.0
0.33,pre_correction_window,0.02495754476470327,0.02495754476470327,0.0,0.03191959762557635,0.03191959762557635,0.0
0.333,pre_correction_window,0.02245539044653274,0.02245539044653274,0.0,0.028494770653510436,0.028494770653510436,0.0
0.336,pre_correction_window,0.019952672028899977,0.019952672028899977,0.0,0.025090098758260505,0.025090098758260505,0.0
0.339,pre_correction_window,0.01744951763788332,0.01744951763788332,0.0,0.021710661662520954,0.021710661662520954,0.0
0.342,pre_correction_window,0.01494610254820304,0.01494610254820304,0.0,0.018364518753141035,0.018364518753141035,0.0
0.34500000000000003,pre_correction_window,0.012442696971026514,0.012442696971026514,0.0,0.015065943674641966,0.015065943674641966,0.0
0.34800000000000003,pre_correction_window,0.009939786175278888,0.009939786175278888,0.0,0.011843754733376295,0.011843754733376295,0.0
0.35100000000000003,pre_correction_window,0.007438433068522288,0.007438433068522288,0.0,0.008766538971859878,0.008766538971859878,0.0
0.354,pre_correction_window,0.0049417400497863626,0.0049417400497863626,0.0,0.006034832864135874,0.006034832864135874,0.0
0.357,pre_correction_window,0.0024651695593048647,0.0024651695593048647,0.0,0.004320099419066628,0.004320099419066628,0.0
0.36,pre_correction_window,0.0005515481068168103,0.0005515481068168103,0.0,0.0048226588375080955,0.0048226588375080955,0.0
0.363,pre_correction_window,0.047490343029288715,0.047490343029288715,0.0,0.05732207004348619,0.05732207004348619,0.0
0.366,pre_correction_window,0.04498433328236061,0.04498433328236061,0.0,0.05405121149257736,0.05405121149257736,0.0
0.369,pre_correction_window,0.04247802071657045,0.04247802071657045,0.0,0.05079672336288747,0.05079672336288747,0.0
0.372,pre_correction_window,0.03997146109821049,0.03997146109821049,0.0,0.04755925266792389,0.04755925266792389,0.0
0.375,pre_correction_window,0.037464710615104826,0.037464710615104826,0.0,0.04433946767804959,0.04433946767804959,0.0
0.378,pre_correction_window,0.03495782638297409,0.03495782638297409,0.0,0.0411380816872724,0.0411380816872724,0.0
0.381,pre_correction_window,0.032450867206983244,0.032450867206983244,0.0,0.03795588784703093,0.03795588784703093,0.0
0.384,pre_correction_window,0.02994389474459307,0.02994389474459307,0.0,0.03479381172320777,0.03479381172320777,0.0
0.387,pre_correction_window,0.02743697532272906,0.02743697532272906,0.0,0.03165299328827603,0.03165299328827603,0.0
0.39,pre_correction_window,0.024930182865837324,0.024930182865837324,0.0,0.028534919848332216,0.028534919848332216,0.0
0.393,pre_correction_window,0.022423603799539657,0.022423603799539657,0.0,0.02544165137557282,0.02544165137557282,0.0
0.396,pre_correction_window,0.01991734566443513,0.01991734566443513,0.0,0.0223762230466268,0.0223762230466268,0.0
0.399,pre_correction_window,0.017411553169569056,0.017411553169569056,0.0,0.019343410890447613,0.019343410890447613,0.0
0.402,pre_correction_window,0.014906440422782618,0.014906440422782618,0.0,0.016351303822194952,0.016351303822194952,0.0
0.405,pre_correction_window,0.012402362165707965,0.012402362165707965,0.0,0.013414853135819273,0.013414853135819273,0.0
0.40800000000000003,pre_correction_window,0.009899992914033942,0.009899992914033942,0.0,0.0105649049755691,0.0105649049755691,0.0
0.41100000000000003,pre_correction_window,0.007400868604709647,0.007400868604709647,0.0,0.007874836427732327,0.007874836427732327,0.0
0.41400000000000003,pre_correction_window,0.004909576338960039,0.004909576338960039,0.0,0.005551443416706297,0.005551443416706297,0.0
0.417,pre_correction_window,0.002449243625389284,0.002449243625389284,0.0,0.0042081702616179805,0.0042081702616179805,0.0
0.42,pre_correction_window,0.0006726458317012102,0.0006726458317012102,0.0,0.004728799965258736,0.004728799965258736,0.0
0.423,pre_correction_window,0.04730192306460049,0.04730192306460049,0.0,0.051262922404335116,0.051262922404335116,0.0
0.426,pre_correction_window,0.04479878288924402,0.04479878288924402,0.0,0.0483474078516456,0.0483474078516456,0.0
0.429,pre_correction_window,0.042295981125013864,0.042295981125013864,0.0,0.04544903257148997,0.04544903257148997,0.0
0.432,pre_correction_window,0.039793554844847215,0.039793554844847215,0.0,0.04256793024740139,0.04256793024740139,0.0
0.435,pre_correction_window,0.0372915423031097,0.0372915423031097,0.0,0.039704279577450534,0.039704279577450534,0.0
0.438,pre_correction_window,0.03478998375852304,0.03478998375852304,0.0,0.03685832722444034,0.03685832722444034,0.0
0.441,pre_correction_window,0.03228892266883924,0.03228892266883924,0.0,0.0340304211731394,0.0340304211731394,0.0
0.444,pre_correction_window,0.029788407474717934,0.029788407474717934,0.0,0.031221060792818257,0.031221060792818257,0.0
0.447,pre_correction_window,0.027288494349448876,0.027288494349448876,0.0,0.02843097462837786,0.02843097462837786,0.0
0.45,pre_correction_window,0.024789251594471845,0.024789251594471845,0.0,0.025661246038366618,0.025661246038366618,0.0
0.453,pre_correction_window,0.022290766969265893,0.022290766969265893,0.0,0.022913525226274815,0.022913525226274815,0.0
0.456,pre_correction_window,0.01979316054242426,0.01979316054242426,0.0,0.020190405851348153,0.020190405851348153,0.0
0.459,pre_correction_window,0.017296608631389154,0.017296608631389154,0.0,0.01749613589682084,0.01749613589682084,0.0
0.462,pre_correction_window,0.01480139188936847,0.01480139188936847,0.0,0.014838062097339283,0.014838062097339283,0.0
0.465,pre_correction_window,0.012308001706168302,0.012308001706168302,0.0,0.012229844197698713,0.012229844197698713,0.0
0.468,pre_correction_window,0.009817408222470082,0.009817408222470082,0.0,0.009699463307632352,0.009699463307632352,0.0
0.47100000000000003,pre_correction_window,0.007331872407087654,0.007331872407087654,0.0,0.0073120879046420775,0.0073120879046420775,0.0
0.47400000000000003,pre_correction_window,0.0048582365902095515,0.0048582365902095515,0.0,0.00524428720480983,0.00524428720480983,0.0
0.47700000000000004,pre_correction_window,0.0024311553041701855,0.0024311553041701855,0.0,0.003995623777397486,0.003995623777397486,0.0
0.48,pre_correction_window,0.000819075911267567,0.000819075911267567,0.0,0.00431706214026883,0.00431706214026883,0.0
0.483,pre_correction_window,0.04700409604438511,0.013918655683852811,70.38841961621881,0.04679158962054748,0.013632198417311064,70.86613528657554
0.486,pre_correction_window,0.04451235738643576,0.01143129778033645,74.31882189232265,0.044173962474374384,0.011138370998352133,74.78521197908479
0.489,pre_correction_window,0.04202125617287888,0.008947846621544393,78.70637996938449,0.04156921377746938,0.00873626277561471,78.98381522830294
0.492,pre_correction_window,0.03953081790916974,0.006472053494745115,83.62782801606583,0.03897735667166745,0.006512745277487805,83.29095189202016
0.495,pre_correction_window,0.037041070691971344,0.0040168632926504645,89.15565015370596,0.03639845663765549,0.00470649328237147,87.06952514711176
0.498,pre_correction_window,0.0345520463697462,0.0016724014025424104,95.15976164003192,0.03383265128796782,0.003916632752306504,88.42351218954157
0.501,post_correction,0.03206378223214782,0.04895836720098458,-52.69055548879662,0.03128017934317187,0.04938660824373647,-57.88467099859207
0.504,post_correction,0.029576323539078516,0.046470706682810003,-57.121308946358155,0.02874142428507257,0.046818588644072734,-62.89585435885617
0.507,post_correction,0.027089727427986956,0.04398365706614305,-62.36286312981735,0.02621698225263257,0.044261259680468734,-68.82667598412954
0.51,post_correction,0.024604069172148642,0.04149723101622745,-68.66003231368558,0.0237077715366094,0.04171444942948559,-75.95263799919104
0.513,post_correction,0.02211945263451155,0.03901144115323021,-76.36711811016148,0.021215216701545362,0.0391779874723767,-84.66927782794171
0.516,post_correction,0.019636028622929534,0.0365263002143557,-86.01673951372695,0.01874157379409111,0.03665170538229386,-95.56364788238598
0.519,post_correction,0.017154029129751048,0.034041821278413466,-98.44796240536351,0.01629053948401756,0.03413543731607803,-109.54147865740035
0.522,post_correction,0.014673836199013818,0.03155801808747636,-115.06317543327404,0.013868476379668886,0.03162902077778507,-128.06413561155898
0.525,post_correction,0.012196134518175198,0.02907490552388738,-138.39443128934596,0.011487104391226043,0.029132297665336496,-153.60871350301315
0.528,post_correction,0.009722296355903968,0.026592500344296877,-173.5207750394103,0.00917009488052761,0.026645115792324852,-190.56532281803177
0.531,post_correction,0.007255549676267956,0.02411082235599616,-232.30869378318513,0.006971515609348869,0.024167331230630428,-246.65821013470594
0.534,post_correction,0.0048057146903951395,0.021629896390530604,-350.0869856831249,0.005034663479508735,0.021698812127673012,-330.9883315138732
0.537,post_correction,0.0024223776217250875,0.01914975579681368,-690.5355310860347,0.0037672279587178796,0.01923944530920171,-410.70563077232976
0.54,post_correction,0.0009752508780541695,0.01667044903402308,-1609.3498103056447,0.00387327442595643,0.01678914848640511,-333.46137247322355
0.543,post_correction,0.04667738102729914,0.014192053149293142,69.59543822522313,0.04385509287181471,0.014347894673887113,67.28340146074943
0.546,post_correction,0.04420019117594552,0.011714704320208125,73.4962587071717,0.04144258863198124,0.011915766093524939,71.24753427123144
0.549,post_correction,0.04172374031529166,0.009238677440015266,77.85750421653997,0.03903882310519003,0.009493089773037977,75.68295092436864
0.552,post_correction,0.03924805060970394,0.006764640162145969,82.76439197091374,0.03664382231034131,0.007080848180541996,80.67655682703248
0.555,post_correction,0.03677314824523674,0.004294783158273146,88.32087171424205,0.034257660415656054,0.004682345302912665,86.3319758381025
0.558,post_correction,0.034299064985554566,0.0018430267994222669,94.62659754661394,0.03188047654769924,0.0023151259150583072,92.7381075637485
0.561,post_correction,0.031825840445867025,0.04871764027570654,-53.07573843515929,0.02951249946316042,0.04640923500245583,-57.25281100093573
0.5640000000000001,post_correction,0.029353525507318266,0.04624465859881331,-57.54379686788846,0.027154084737849412,0.04402618601292656,-62.13467122152542
0.5670000000000001,post_correction,0.02688218760404175,0.04377233729543435,-62.83026493295196,0.02480577254651094,0.04165015009129899,-67.90507134258675
0.5700000000000001,post_correction,0.024411919206062616,0.04130068362212404,-69.18245252862853,0.022468380619174073,0.03928100457898719,-74.82792927882643
0.5730000000000001,post_correction,0.021942852008643286,0.03882970518806131,-76.95833327758075,0.020143159994251224,0.03691863043178514,-83.28122520161469
0.5760000000000001,post_correction,0.01947518187526103,0.036359410157073266,-86.6961263312255,0.017832068831243168,0.03456291273767261,-93.82446907739448
0.579,post_correction,0.017009215414567364,0.03388980753352009,-99.24380230081347,0.015538282295647675,0.03221374144991989,-107.31854935434573
0.582,post_correction,0.014545463757109628,0.03142090757827132,-116.01860279575617,0.01326721097293605,0.029871012454112646,-125.14914788833087
0.585,post_correction,0.012084850552098377,0.028952722432466934,-139.57865517368495,0.011028719067333272,0.0275346291666725,-149.66298441882728
0.588,post_correction,0.009629237191825816,0.02648526708453905,-175.05052120870158,0.008842508301972437,0.02520450500610395,-185.0379569390029
0.591,post_correction,0.007183017696068079,0.02401856092707885,-234.37981003758907,0.0067530528756173215,0.02288056735135583,-238.8181282271425
0.594,post_correction,0.004759578699239562,0.02155263037544499,-352.8264314421034,0.004877422013794707,0.020562764148400792,-321.5908340562611
0.597,post_correction,0.002425914093937079,0.019087513506784313,-686.8173714184038,0.00355866964911342,0.018251075488765707,-412.86231340165676
0.6,post_correction,0.0011311084453435368,0.016623268813306644,-1369.644124905979,0.003485432826549016,0.015945535143063336,-357.49081782910935
0.603,post_correction,0.04635815178043309,0.01415999307330059,69.4552251772961,0.041981330043070315,0.013646273684829673,67.49442270926286
0.606,post_correction,0.0438959253329569,0.011697861755944526,73.35091658914907,0.03970169943918619,0.011353613472057532,71.40270156583942
0.609,post_correction,0.04143445083440035,0.009237233923187217,77.7063922963397,0.037427886735796806,0.009068306283618162,75.7712575448588
0.612,post_correction,0.03897375181922032,0.006778985135760212,82.60628033142788,0.035159943922933055,0.006792245972843933,80.68186346448154
0.615,post_correction,0.03651385725949966,0.004325972541609312,88.15251834155691,0.03289796440640074,0.004531306126815265,86.226180833445
0.618,post_correction,0.03405480357244392,0.0018958537528613489,94.43293293755653,0.0306420973149332,0.00231461616469989,92.44628675083581
0.621,post_correction,0.0315966375598799,0.048487571618733245,-53.45801124199604,0.028392568491198984,0.04445526253228546,-56.57358560591489
0.624,post_correction,0.02913942082846007,0.04602922203767114,-57.96203469052835,0.02614971209706957,0.0421920549379255,-61.34806678293676
0.627,post_correction,0.02668323664204127,0.043571511794280926,-63.29170399677459,0.023914019634017587,0.03993338461190349,-66.98733723166484
0.63,post_correction,0.024228200926431177,0.04111444622333486,-69.69665369780733,0.02168621863137587,0.03767917749030324,-73.74710700273295
0.633,post_correction,0.021774480692006142,0.0386580313076219,-77.53824697097855,0.01946740413440314,0.03542936342951554,-81.99326004078861
0.636,post_correction,0.019322326442483363,0.03620227393438828,-87.35980909002517,0.017259269120622533,0.033183876950873006,-92.26698835828849
0.639,post_correction,0.016872132737000084,0.03374718226150934,-100.01728760409037,0.015064531997241323,0.030942658315469287,-105.4007274911403
0.642,post_correction,0.014424560212058025,0.03129276625361824,-116.94086886239658,0.012887786950060258,0.028705655107315816,-122.73533243953572
0.645,post_correction,0.011980806413661876,0.028839038489328134,-140.71032861730066,0.010737348049143293,0.026472824621752676,-146.54900353970436
0.648,post_correction,0.009543290056840806,0.026386015415760317,-176.4876186158288,0.008629708215195995,0.024244137571981482,-180.9380916180937
0.651,post_correction,0.007117728641847502,0.023933719370775142,-236.25501301160625,0.006601902914263944,0.022019584036886506,-233.5338965574822
0.654,post_correction,0.004721531061270234,0.021482181985315252,-354.9833879422981,0.004751655089180318,0.019799183393771017,-316.6797257413409
0.657,post_correction,0.0024406650986489283,0.019031450208140236,-679.764918123155,0.003376440045416699,0.017583001722429135,-420.7556327350439
0.66,post_correction,0.0012822182252899164,0.016581597661232173,-1193.196223090885,0.0031625913237617975,0.015371184147487435,-386.0313133726023
0.663,post_correction,0.04606036758750489,0.014132747782441911,69.3169018775356,0.04078245103714596,0.013164019523572419,67.72136252531214
0.666,post_correction,0.04361235529892621,0.0116851260138184,73.20684486373955,0.038588090888387605,0.010962082624415712,71.59205762181266
0.669,post_correction,0.04116507265690789,0.009239194782308084,77.55574280334069,0.036397634701395544,0.008766588790763787,75.91439976063153
0.672,post_correction,0.03871854688774604,0.006796079299680065,82.44748358097358,0.03421114896164096,0.0065804518367889725,80.76518317415395
0.675,post_correction,0.036272812101372696,0.004359420780492383,87.98157482714882,0.03202873536852675,0.004412450091161348,86.22346452212012
0.678,post_correction,0.033827911795037774,0.0019510824900506969,94.23232949798309,0.029850543079360546,0.002304562138482888,92.27966428498138
0.681,post_correction,0.03138390252255911,0.04827994728994624,-53.836659590827026,0.027676786654969095,0.04316376322028901,-55.95655578946836
0.684,post_correction,0.028940859415881266,0.045835297794803324,-58.375731474136025,0.025507773047020642,0.04097795895002476,-60.64890837191712
0.687,post_correction,0.026498884750213503,0.04339123847648639,-63.747413845923404,0.02334394339815915,0.03879510209208023,-66.1891542075086
0.6900000000000001,post_correction,0.024058121707337763,0.040947774370071556,-70.20353819883796,0.021185940036464415,0.03661515199522618,-72.82760138188631
0.6930000000000001,post_correction,0.021618777428905105,0.03850491141784354,-78.10864441557666,0.01903471823196298,0.03443807209049216,-80.92241592872107
0.6960000000000001,post_correction,0.01918116359354463,0.036062656792700425,-88.0107878587575,0.016891741672327536,0.03226383089300022,-91.00357748103394
0.6990000000000001,post_correction,0.016745772284589462,0.03362101936131265,-100.77317898472126,0.014759344423569146,0.030092403443332326,-103.88712790845825
0.7020000000000001,post_correction,0.01431342893195861,0.03118001036352478,-117.83746237008907,0.01264144952675846,0.027923773425167147,-120.89059775985518
0.705,post_correction,0.011885631927820228,0.028739644436352692,-141.80156857358963,0.010545124951956007,0.025757936353846118,-144.26392737118113
0.708,post_correction,0.009465410830431193,0.02629994120600662,-177.8531399973955,0.008484344955438802,0.023594904517694824,-178.099306919028
0.711,post_correction,0.0070599303268566406,0.023860927853770548,-237.97681774565575,0.006490460734064305,0.021434714899552936,-230.24951198080183
0.714,post_correction,0.00469096724606796,0.02142264343047205,-356.67859754145235,0.004646816887490549,0.019277442397019923,-314.85263705819165
0.717,post_correction,0.002464294043982329,0.01898514648871916,-670.4091374598678,0.003217568542113658,0.01712322297735025,-432.1789653656238
0.72,post_correction,0.0014270202997110118,0.01654852944741621,-1059.656204664186,0.0028938837412234063,0.014972296694889742,-417.37726991617563
0.723,post_correction,0.04578848858473587,0.014112947809271227,69.17795663171127,0.040013002629913266,0.012825093705561256,67.94768484589216
0.726,post_correction,0.043353490059046866,0.011678685868988629,73.0617169388614,0.037873482976487224,0.010682423272060714,71.79445239115552
0.729,post_correction,0.040919186149691915,0.009246325996484138,77.40344599558036,0.03573660276637148,0.008545944817158337,76.0862976455049
0.732,post_correction,0.03848560890938427,0.0068172793744746135,82.28615950828232,0.03360243264410366,0.006419570450194823,80.89551873167348
0.735,post_correction,0.03605279877090825,0.004396069885770558,87.80657803100203,0.03147107332232471,0.004314959162346527,86.28912615037628
0.738,post_correction,0.033620807581197135,0.002009077938988083,94.02430196200379,0.029342666123864384,0.00228679238533745,92.2065964432673
0.741,post_correction,0.031189703050077375,0.04809889201331608,-54.214010746077804,0.027217408420334592,0.042306653601401324,-55.4396838524615
0.744,post_correction,0.028759575447853396,0.04566667565447621,-58.787725282240764,0.025095576829993773,0.04017090302821721,-60.07164649112859
0.747,post_correction,0.026330547999236967,0.043234989955881084,-64.20087404612312,0.022977563117864974,0.03803706041317355,-65.54001056622
0.75,post_correction,0.023902793592563712,0.040803840411591165,-70.70741230968693,0.02086393168391704,0.03590510623278161,-72.09175517220017
0.753,post_correction,0.021476562779758436,0.038373233682133315,-78.6749307868758,0.01875551537749301,0.03377502532450724,-80.08049709493956
0.756,post_correction,0.019052233082521238,0.0359431779959596,-88.65598505056255,0.016653582945927427,0.031646808128275555,-90.03002675778347
0.759,post_correction,0.01663040122275133,0.03351368372480548,-101.52059638198544,0.014560148868282146,0.02952045246755642,-102.7482873603293
0.762,post_correction,0.014212069128743385,0.031084764227920583,-118.72089099997969,0.01247858818859809,0.027395966161014043,-119.54379571597873
0.765,post_correction,0.011799057098134674,0.02865643712441468,-142.87056911475585,0.010414968128833456,0.02527337095003724,-142.66392981144938
0.768,post_correction,0.00939504780226497,0.02622872627067637,-179.17608108766746,0.00838127340243469,0.023152708581019664,-176.24332806389538
0.771,post_correction,0.007008750448809301,0.023801664945373124,-239.5992640801861,0.006404441954432448,0.021034050553371382,-228.4290919182105
0.774,post_correction,0.004666569065661612,0.021375301200114407,-358.0517484976702,0.0045568260230221015,0.018917514389020788,-315.14673356949083
0.777,post_correction,0.0024943746702195155,0.018949707313306578,-659.6977125990028,0.0030772282401272857,0.01680329213729149,-446.0528380110162
0.78,post_correction,0.0015651893707473636,0.016524997555169393,-955.7826333358537,0.0026667643245547375,0.014691703360125943,-450.91870042092967
0.783,post_correction,0.04554332757257314,0.014101364247232288,69.03747486443143,0.039528709938494694,0.012583301152853119,68.1666789216438
0.786,post_correction,0.04311998146254915,0.011679158630623118,72.91474106785789,0.037424062101117955,0.010479105306185756,71.99901689487439
0.789,post_correction,0.04069729089325951,0.00925909837243064,77.24885816917072,0.03532118055966067,0.008381183915384506,76.27150683361808
0.792,post_correction,0.03827529332055363,0.006842914077191649,82.12185072003867,0.03322013404784373,0.006294386067772922,81.05249648087593
0.795,post_correction,0.03585403612764285,0.004436099430155166,87.62733597310398,0.031121017158967926,0.004233121740029549,86.39786830100533
0.798,post_correction,0.033433580215573196,0.002069765472484074,93.80932146919764,0.02902395947463936,0.0022643530501808523,92.19833168469172
0.801,post_correction,0.031014005269659608,0.04794552619786799,-54.5931451967997,0.026929138927272722,0.041747731888236,-55.02809800559802
0.804,post_correction,0.02859541769093436,0.04552436061717542,-59.20159344833793,0.024836801869881818,0.03964379191296193,-59.61713637952603
0.807,post_correction,0.026177962909414088,0.043103662754903606,-64.6562908812233,0.022747294123364445,0.0375410457736003,-65.03521504582268
0.81,post_correction,0.023761845186398654,0.04068343894971937,-71.21329859099781,0.020661110677126927,0.03543948718401057,-71.52750274574629
0.8130000000000001,post_correction,0.02134736081084774,0.03826369698328293,-79.2432203789758,0.018578978503095138,0.033339114581014434,-79.44535850267738
0.8160000000000001,post_correction,0.018934956580316374,0.03584444657029152,-89.30303018256308,0.01650200126680173,0.03123993257836937,-89.30996352070949
0.8190000000000001,post_correction,0.016525339238453195,0.03342570006075245,-102.26937298190775,0.014431927120908624,0.02914195405004669,-101.92697625133194
0.8220000000000001,post_correction,0.0141196962652411,0.031007473470167607,-119.60439437000979,0.012371680415163415,0.02704520318281405,-118.60573725834328
0.8250000000000001,post_correction,0.01172018641338668,0.02858978803144424,-143.93629096879613,0.0103265149542018,0.024949720065572643,-141.60832745824615
0.8280000000000001,post_correction,0.00933117899021734,0.026172672605304703,-180.486234727077,0.00830681663514281,0.022855567797018035,-175.14231745919724
0.8310000000000001,post_correction,0.006963004629662447,0.023756167559571665,-241.17696056627955,0.006336016222354675,0.020762843881131032,-227.69556062492
0.834,post_correction,0.004646888587249952,0.021340331279570253,-359.2391420384699,0.004477803565346133,0.018671699258070343,-316.9834380983398
0.837,post_correction,0.0025287390979420103,0.01892525165637233,-648.4066534097749,0.0029510249614975764,0.016582371675707436,-461.91905836310747
0.84,post_correction,0.0016968999426964495,0.016511067639661193,-873.0136246822173,0.0024713156695625915,0.014495247789330501,-486.53971112869107
0.843,post_correction,0.04532446053202862,0.01409801289357109,68.89535423458884,0.039246057652482326,0.01241098758979835,68.37647312324795
0.846,post_correction,0.04291135229326898,0.011686513422417779,72.76591671465243,0.037162452391216,0.01033079850436555,72.20097749305852
0.849,post_correction,0.040498859344798174,0.009277437060005455,77.0921028145029,0.03507997306484829,0.008257120501660088,76.46201014351948
0.852,post_correction,0.03808702485034518,0.006872865862568653,81.95483661542451,0.032998683498563254,0.00619567180519509,81.22448792399597
0.855,post_correction,0.035675903490665566,0.004479343538413207,87.44434450108542,0.030918669907138947,0.004163468636881659,86.53412760191104
0.858,post_correction,0.03326556562974855,0.0021328649452005593,93.58837012140509,0.0288400488401565,0.0022393911459894673,92.2351340027158
0.861,post_correction,0.03085610342765775,0.047819920200315925,-54.97718405186808,0.026762978810287674,0.041406625810991284,-54.71605797137425
0.864,post_correction,0.028447640049755404,0.04540838661796418,-59.620926511106525,0.024687677756839065,0.03932160987480286,-59.27626025461166
0.867,post_correction,0.026040343968709027,0.042997256786588355,-65.11785266068428,0.02261445006091177,0.03723726377182672,-64.66137213829461
0.87,post_correction,0.023634451973734195,0.040586538119866955,-71.72616553568585,0.020543729794958505,0.035153589652904514,-71.11590740222505
0.873,post_correction,0.021230307758417787,0.03817623977667571,-79.8195306968119,0.018476152803285177,0.033070594780214645,-78.99069753490285
0.876,post_correction,0.018828429927762572,0.03576637325024507,-89.9594038773645,0.016412682710003894,0.030988293166830036,-88.80699587241752
0.879,post_correction,0.016429639314781502,0.033356953212188796,-103.0291266478263,0.014354844275393559,0.02890670792518955,-101.37249398616015
0.882,post_correction,0.014035315935878605,0.030947998750072616,-120.50090565442824,0.012305187331694611,0.026825874708302087,-118.00460232902245
0.885,post_correction,0.011647969995953448,0.02853953523066528,-145.01724541340704,0.010268295358780755,0.02474584688479432,-140.99274534047498
0.888,post_correction,0.009272684129506105,0.026131597191868226,-181.812653455069,0.008253247024843487,0.022666703557816803,-174.63982950694066
0.891,post_correction,0.006921471832702651,0.023724232992937012,-242.76283377827934,0.006280626404713258,0.02058856243098507,-227.8106530191719
0.894,post_correction,0.004630527320744289,0.02131751261047375,-360.3690062462967,0.004407124379936901,0.018511601315587024,-320.03809558585834
0.897,post_correction,0.0025655352382407356,0.018911541377304858,-637.1382429450889,0.0028355059958303864,0.016436095889668267,-479.6530112733868
0.9,post_correction,0.001822524677074531,0.01650648571544973,-805.6934000995535,0.00230068516279548,0.014362490066142363,-524.2701217184804
0.903,post_correction,0.045131163009565524,0.014102625148210163,68.7519128518334,0.03911648276975936,0.012291537244846546,68.5770898237583
0.906,post_correction,0.042726857961309914,0.01170046827998733,72.61565947446368,0.03704367624504423,0.010224612178550505,72.39849492551816
0.909,post_correction,0.04032312730615669,0.009301047980981237,76.93371372125416,0.03497149454771692,0.008164492691244436,76.65386396310751
0.912,post_correction,0.03792002007542601,0.006906829424300118,81.78579702605148,0.03289999539018055,0.0061177022755889736,81.40515765113182
0.915,post_correction,0.035517598437999856,0.004525483194362684,87.2584763796391,0.030829255985499994,0.00410373208577571,86.68883839523785
0.918,post_correction,0.033115942456020696,0.002198009436157911,93.36268493920427,0.028759379996015334,0.00221316436886131,92.30454770176566
0.921,post_correction,0.030715157064865186,0.047721882324847094,-55.369162606157595,0.02669050770408337,0.04123582255712792,-54.496208968026735
0.924,post_correction,0.028315382592316526,0.04531854748635964,-60.04921472845287,0.02462283128947333,0.03915998815236013,-59.03933910760977
0.927,post_correction,0.025916811100930557,0.04291555198136157,-65.58963143355497,0.02255661846937648,0.037084410478126405,-64.40589500803624
0.93,post_correction,0.023519712690249366,0.0405129044690833,-72.25084762994938,0.020492250360145466,0.03500909719549795,-70.84066698494813
0.933,post_correction,0.021124479625839864,0.03811061568661886,-80.4097254069219,0.018430284615435995,0.0329340614541968,-78.69534921133769
0.936,post_correction,0.018731704146875167,0.03570869914806672,-90.63241052749419,0.016371565894522804,0.03085932369315022,-88.49341530289642
0.9390000000000001,post_correction,0.016342324196048055,0.033307172145689304,-103.8092730637649,0.014317430692649282,0.028784914220064965,-101.04804303221414
0.9420000000000001,post_correction,0.013957917658047792,0.030906057217119674,-121.42312323572133,0.012270115322648517,0.026710876992760913,-117.69051300974523
0.9450000000000001,post_correction,0.011581356383933162,0.02850538435298638,-146.13165684575563,0.01023364546606685,0.024637275309046844,-140.74779012757628
0.9480000000000001,post_correction,0.00921845781793402,0.026105194420832045,-183.1839656525387,0.008216018084410673,0.022564200630155636,-174.636696247902
0.9510000000000001,post_correction,0.0068829687582717255,0.023705544665947296,-244.40872098189828,0.006235473537506669,0.02049178675113948,-228.6324066308743
0.9540000000000001,post_correction,0.0046161715276211174,0.02130651792362951,-361.5625263519951,0.004342957986010742,0.01842023351653721,-324.1402651342998
0.9570000000000001,post_correction,0.0026031982120018234,0.018908238832825275,-626.3464897006479,0.0027281641918082294,0.016349848516285743,-499.29855268164965
0.96,post_correction,0.0019425218734838942,0.016510904154714515,-749.9726247665036,0.002150719087148067,0.014281124926123769,-564.0162823430868
0.963,post_correction,0.044962740970440174,0.014114843923755668,68.60768801209166,0.03911153873053833,0.012214898095747734,68.76906792160972
0.966,post_correction,0.042565788243143554,0.011720657417401026,72.46460619864364,0.03704138721699924,0.010152692212648114,72.59095035191127
0.969,post_correction,0.04016936801152847,0.009329557808378259,76.77444712174533,0.0349714435374703,0.008097592284252287,76.84513001135888
0.972,post_correction,0.037773535247163224,0.006944425622546063,81.61563227506595,0.03290175908120255,0.006056869330231865,81.59104710698499
0.975,post_correction,0.03537835969871337,0.0045741350199753825,87.07081091681667,0.03083240232473429,0.004052377562308086,86.85675699341405
0.978,post_correction,0.032983931246150316,0.0022648046667691295,93.13361209169553,0.028763464941843,0.002186345031346346,92.39888158201063
0.981,post_correction,0.03059036776182741,0.04765125602925157,-55.77209270662581,0.02669507074952821,0.0412072254710803,-54.362675632948324
0.984,post_correction,0.02819782696188993,0.04525467226926003,-60.48992828568971,0.02462738915122101,0.039132678388432506,-58.89901340391306
0.987,post_correction,0.02580652482578969,0.04285836286901931,-66.07568496083947,0.022560655949632684,0.0370580390986732,-64.25958173116219
0.99,post_correction,0.02341676525456437,0.040462337886428154,-72.79217452351273,0.020495206703377376,0.03498331893963572,-70.69024697306845
0.993,post_correction,0.021028989854220678,0.038066609823856366,-81.0196784902443,0.018431532402234555,0.03290853508389548,-78.54475887151844
0.996,post_correction,0.01864386575751065,0.03567119444872377,-91.32938904772841,0.016370376994521617,0.030833712478024432,-88.35065611710104
0.999,post_correction,0.016262450196269203,0.033276111968021355,-104.61930131325035,0.014312918518285136,0.02875888662213156,-100.92957690907912
1.002,post_correction,0.013886522950418614,0.030881388748664595,-122.38388154418213,0.0122611307190002,0.026684107646784857,-117.63170345647157
1.0050000000000001,post_correction,0.011519325579571988,0.028487059904408616,-147.2979837893173,0.010218574258156558,0.024609446452319522,-140.83052909926295
1.008,post_correction,0.009167428143515583,0.026093173305099176,-184.6291554906347,0.008192348263150318,0.02253500423800337,-175.07380685178137
1.0110000000000001,post_correction,0.00684635455897813,0.02369979601230848,-246.16664690888945,0.006198755992145729,0.02046092782278867,-230.08119449634964
1.014,post_correction,0.0046025832194356,0.02130702504585275,-362.93622581072117,0.0042840144788488296,0.018387435320268323,-329.2103915860076
1.0170000000000001,post_correction,0.0026404075966178124,0.01891500630864607,-616.3669098996285,0.002627331042544546,0.01631486135152368,-520.9670988290416
1.02,post_correction,0.002057404656645956,0.01652396991811341,-703.1463263552292,0.0020195812424139456,0.014243741615719856,-605.2819325403683
1.0230000000000001,post_correction,0.044818618645448706,0.014134301319215661,68.46332674590141,0.039214573191198226,0.012174983428684215,68.95291102794175
1.026,post_correction,0.04242754494751906,0.01174669895948034,72.31350771294811,0.03714015952136157,0.010110244432221823,72.7781340669611
1.029,post_correction,0.040036960223724896,0.009362572348692358,76.61517683566713,0.03506558777504838,0.008052889026173774,77.03478100000946
1.032,post_correction,0.03764692540009202,0.006985251083071548,81.44536105183646,0.032990903365888974,0.006010883650088654,81.7801786649358
1.035,post_correction,0.035257517827268596,0.0046248925415339585,86.88253505481599,0.030916166792936316,0.0040083520517811225,87.03477025910941
1.038,post_correction,0.032868837238311945,0.0023328586708537616,92.90252145538456,0.02884145905210642,0.002159266801328708,92.51332327734298
1.041,post_correction,0.03048101449924566,0.047608012596829535,-56.18906843801978,0.026766889563344665,0.04130443601641354,-54.31167644139347
1.044,post_correction,0.0280942248069192,0.04521671060864471,-60.94663910252648,0.024692608090068513,0.039224360311669586,-58.85061702917407
1.047,post_correction,0.025708708210533827,0.042825617140502356,-66.5801983895678,0.022618823206671912,0.0371438794596785,-64.2166752898184
1.05,post_correction,0.02332480267104986,0.040434743804277806,-73.35513776699325,0.020545831923669818,0.035063007279634566,-70.65752026930699
1.053,post_correction,0.020942999584111742,0.038044105060054206,-81.65547350206747,0.018474069192484767,0.03298176373079235,-78.53004331178589
1.056,post_correction,0.018564041785372628,0.035653719170387746,-92.05795581908664,0.016404194754228236,0.030900176970082505,-88.36753301845481
1.059,post_correction,0.01618910732282994,0.03326360956556109,-105.46907807975688,0.014337254759498003,0.028818286303064915,-101.00281948309288
1.062,post_correction,0.013820180928534284,0.030873806842258586,-123.39654597801957,0.012275005316294737,0.026736146515411067,-117.80965324650049
1.065,post_correction,0.011460880472991111,0.028484351767175405,-148.53545793712857,0.010220623202886617,0.024653834401193078,-141.21654728676506
1.068,post_correction,0.009118544332103955,0.026095299928753597,-186.17835235914825,0.008180469590544373,0.022571458906178572,-175.91886573685736
1.071,post_correction,0.006810515277498405,0.02370672919783895,-248.0900964449015,0.006169263888220768,0.02048917745571686,-232.11705362187047
1.074,post_correction,0.0045885823446254245,0.021318752196320227,-364.6043286395576,0.004229390004437373,0.018407223356896017,-335.2217066192431
1.077,post_correction,0.0026760527619637004,0.01893153818655197,-607.4426354979606,0.0025320779410064284,0.01632595413655067,-544.7650710965702
1.08,post_correction,0.002167746193038444,0.01654535387328251,-663.2514325900646,0.001907508614028787,0.014245942148800778,-646.8350100245359
1.083,post_correction,0.044698332468384054,0.01416064536021488,68.31952205324222,0.039416037166165256,0.01216815776958512,69.12891644005687
1.086,post_correction,0.04231163342524616,0.01177821936728848,72.16316550837588,0.03733114444108042,0.010094377587643921,72.95990321546174
1.089,post_correction,0.03992537757019358,0.009399698916102204,76.45683149877189,0.03524575855307163,0.008028219932787335,77.22216725539111
1.092,post_correction,0.037539631755879085,0.007028898792583521,81.27605822483135,0.03315991962145726,0.0059782992676117525,81.97130953314105
1.095,post_correction,0.03515448090563197,0.004677345226925946,86.69488182891472,0.031073681226821956,0.003970931415741452,87.22091731985121
1.098,post_correction,0.03277003457675537,0.0024017964745165865,92.67075392035063,0.02898711525502,0.002132083899320779,92.64471859112803
1.101,post_correction,0.03038643660457755,0.04759225998803113,-56.623366561058404,0.026900318997771434,0.04151829864866989,-54.341287373244484
1.104,post_correction,0.028003879654816974,0.04520474025114234,-61.42313425263786,0.02481342583762507,0.039426487224550895,-58.89175272512255
1.107,post_correction,0.025622627863158047,0.04281736201203508,-67.10761378851693,0.022726621818401793,0.03733397622438198,-64.27420019878443
1.11,post_correction,0.02324305332808259,0.04043013860375544,-73.945040838964,0.02064017225756332,0.03524078113302723,-70.73879371386403
1.113,post_correction,0.020865697439984374,0.03804308665177013,-82.3235804180175,0.018554466279488986,0.033146923836526676,-78.6466036652798
1.116,post_correction,0.018491379212907492,0.03565622717516146,-92.82621790738266,0.016470095082114493,0.031052434779468296,-88.53828484080414
1.119,post_correction,0.016121398579356183,0.033269587161400986,-106.36911244166774,0.014387997923617392,0.0289573560611234,-101.26049652530823
1.122,post_correction,0.013757947663462852,0.03088320187059437,-124.47535508956226,0.012309755284828304,0.026861745983678357,-118.2151095788662
1.125,post_correction,0.011405026508469666,0.028497118296287243,-149.86455117070136,0.010238235662465659,0.024765685913629123,-141.89407950846916
1.1280000000000001,post_correction,0.00907075710057261,0.02611140052161463,-187.86351824994074,0.008179211256569131,0.0226692909543274,-177.15742072465198
1.131,post_correction,0.006774345635583439,0.023726138302780454,-250.23513087603249,0.006146149310882135,0.02057272714797352,-234.7254696781974
1.1340000000000001,post_correction,0.004573031743361555,0.021341461400228908,-366.6808060365918,0.00417846765375127,0.018476240388952236,-342.177418134731
1.137,post_correction,0.002709211707139878,0.018957564707683283,-599.744676937663,0.002442159190435737,0.016380207521608663,-570.7264450965648
1.1400000000000001,post_correction,0.002274201561158818,0.016574755021942264,-628.8164472764062,0.0018166692398461058,0.014285232337157725,-686.341950633119
1.143,post_correction,0.04460149183795231,0.014193544802103258,68.17697297285092,0.03971079580336547,0.012192340214201632,69.29716474438335
1.1460000000000001,post_correction,0.04221762398000282,0.011814858931267358,72.01439158001007,0.03760958012228116,0.010103413399834903,73.13606435651403
1.149,post_correction,0.03983415070666854,0.009440552639124045,76.30035416433864,0.0355075542417202,0.008022300693742263,77.40677761377233
1.1520000000000001,post_correction,0.03745114473914457,0.007074965364364451,81.10881412666252,0.033404753891775024,0.005958221336100089,82.16355266258336
1.155,post_correction,0.03506869850646561,0.0047310868319476096,86.50908920650322,0.03130122700547658,0.003939620517683529,87.41384637415575
1.158,post_correction,0.03268693131401257,0.0024712671799829015,92.43958646272954,0.02919703812411724,0.002104867350772894,92.79081891175038
1.161,post_correction,0.03030599988207363,0.0476042186770231,-57.07852854966049,0.027092274860029002,0.04184428881956828,-54.4509976949329
1.164,post_correction,0.027926114256743607,0.04521894387652107,-61.92350808563201,0.024987057631007385,0.03973484784818327,-59.02171610183823
1.167,post_correction,0.02554756257823378,0.04283374212282184,-67.66273491513307,0.02288155477365763,0.03762442013446324,-64.43122203294647
1.17,post_correction,0.023170751032529267,0.04044862865458963,-74.56762017685169,0.020776006848514307,0.0355130222473019,-70.9328578212393
1.173,post_correction,0.02079627104527994,0.03806362249131774,-83.03099824214357,0.018670767379550954,0.033400677373951165,-78.89290083777196
1.176,post_correction,0.01842501807622351,0.03567874769588365,-93.64294541412225,0.016566374600662574,0.03128741756022663,-88.8609808387122
1.179,post_correction,0.016058414764540323,0.03329403517932656,-107.330771234315,0.014463685632565003,0.029173286927891454,-101.70022820606505
1.182,post_correction,0.013698862840202487,0.030909525340399632,-125.63570203570816,0.012364146865814224,0.02705834640505353,-118.84523613891608
1.185,post_correction,0.011350750440685215,0.028525272027801515,-151.30736665266264,0.01027039336083593,0.024942680869433104,-142.8600345975742
1.188,post_correction,0.009022999942410499,0.0261413486684344,-189.71903840498888,0.008187756714964255,0.02282641027217035,-178.78710942219297
1.191,post_correction,0.006736733820641765,0.02375785808072001,-252.6613743877557,0.0061287875221938855,0.02070970759143135,-237.90872201779348
1.194,post_correction,0.0045548279892650805,0.021374948844036335,-369.2811428755002,0.004130852648022888,0.018592829057605204,-350.0966420698671
1.197,post_correction,0.002739143874814153,0.018992843969131198,-593.3861395075436,0.0023580038453681687,0.01647616767307311,-598.7337067086331
1.2,post_correction,0.002377538033250339,0.016611894182432564,-598.701511820713,0.0017510052285857084,0.014360353998935758,-720.120566432269
1.203,post_correction,0.04452773074900929,0.014232684544628914,68.0363577815032,0.04009655028834169,0.01224646112068678,69.45756921076698
1.206,post_correction,0.042145105284074724,0.01185626896996347,71.86798113316478,0.03797332943143117,0.010136464809512065,73.30635748488795
1.209,post_correction,0.03976282255954048,0.009484755509719167,76.14667445824104,0.035848991083661776,0.008034422854279136,77.58814791878248
1.212,post_correction,0.037380961087394,0.007123052034946188,80.94470600075529,0.033723567664865665,0.005950120239732399,82.35619582464452
1.215,post_correction,0.03499962071079565,0.004785718447365497,86.32637054295465,0.03159710290971942,0.003914084034345589,87.6125224343223
1.218,post_correction,0.03261893037628303,0.0025409472579044994,92.21020668491325,0.02946965596621485,0.002077662720910847,92.94982363115213
1.221,post_correction,0.030239059566408506,0.0476441854529388,-57.55842323173645,0.027341307414010467,0.04228094967971293,-54.641287044111735
1.224,post_correction,0.027860235571599286,0.045259574729125854,-62.45223272721874,0.0252121683395332,0.04014810527559002,-59.240985285017956
1.227,post_correction,0.025482770396468114,0.042874967024371796,-68.25080773130625,0.023082394444108492,0.03801398668807344,-64.68822929146356
1.23,post_correction,0.023107104195472204,0.04049037968818234,-75.2291388209361,0.020952208767833467,0.03587861114080745,-71.24023313422445
1.233,post_correction,0.020733878394005655,0.03810583438768652,-83.78536645948135,0.018821939850373167,0.03374200265181207,-79.26952758348708
1.236,post_correction,0.018364065097742962,0.035721358547361075,-94.51770812853094,0.01669208909210293,0.03160419434138682,-89.33636267457284
1.239,post_correction,0.015999210468352138,0.03333698740628486,-108.36645328360663,0.01456345709935138,0.029465231749305508,-102.3230579682747
1.242,post_correction,0.013641928271327446,0.030952767025637852,-126.89436866996482,0.012437399259840339,0.02732517771632289,-119.70170085762501
1.245,post_correction,0.011297001626183217,0.028568758800975435,-152.88797635260337,0.010316395265089203,0.025184119763242287,-144.11743749743314
1.248,post_correction,0.00897417371083631,0.026185046437076632,-191.78225517808065,0.008205492569876627,0.023042181595709393,-180.81411809816365
1.2510000000000001,post_correction,0.006696550596305155,0.023801747109023885,-255.4329466599802,0.0061166868017176685,0.020899541698885093,-241.68075587941092
1.254,post_correction,0.004532898590781472,0.021419030063865054,-372.52391896489377,0.004086330603390233,0.01875646469433375,-359.0050711700226
1.2570000000000001,post_correction,0.0027652966086975173,0.01903714916614352,-588.430640903661,0.0022807547126213698,0.016613356976071896,-628.4148919713268
1.26,post_correction,0.002478670182059144,0.016656503302796118,-571.9935319897544,0.0017158894167112406,0.014470871744080403,-743.3452414326326
1.2630000000000001,post_correction,0.04447665901131133,0.014277757036436401,67.89831486037367,0.04057288347146986,0.012330123280847363,69.609940862306
1.266,post_correction,0.042093637740834654,0.011902105354633954,71.72469286709372,0.03842199449642964,0.010193170003258667,73.47048185068617
1.2690000000000001,post_correction,0.03971090385033695,0.009531932075396665,75.99668818589284,0.036269684908991275,0.008064259463354444,77.76584085693199
1.272,post_correction,0.037328541556182496,0.007172762612864582,80.78477670479306,0.03411598505347129,0.005953708306238258,82.54862552874617
1.2750000000000001,post_correction,0.034946658013393805,0.0048408488424263344,86.14789190837358,0.03196093608822232,0.0038940957707985823,87.81607722611865
1.278,post_correction,0.032565391689992666,0.00261054208167314,91.98369205405454,0.02980459391662524,0.002050526055803055,93.12010067461695
1.281,post_correction,0.030184924693608048,0.0477124932526911,-58.067292653523445,0.02764703496585144,0.04282893179175329,-54.91329122509501
1.284,post_correction,0.027805501407890208,0.04532691853260612,-63.014210273309295,0.02548836491176807,0.040666898068362836,-59.550831169977414
1.287,post_correction,0.02542745754916878,0.04294127518577606,-68.87758086997498,0.02332873226282378,0.038503297167989385,-65.04667606540926
1.29,post_correction,0.02305126711868243,0.04055558290134536,-75.9364580373812,0.021168350278007134,0.03633814664717191,-71.66262920793332
1.293,post_correction,0.020677621530729523,0.03816986627596987,-84.5950522851223,0.019007533852018164,0.034171470996372764,-79.77856181876292
1.296,post_correction,0.01830756983093127,0.03578415644810036,-95.46098569369809,0.016846764792975307,0.032003304002476717,-89.96706130675796
1.299,post_correction,0.015942782786666058,0.03339849343246254,-109.48973513203592,0.014686814656190636,0.029833692147207536,-103.13248887247545
1.302,post_correction,0.01358608935013065,0.031012929531487182,-128.26973040030057,0.012528994254062153,0.027662699612784624,-120.78946683063421
1.305,post_correction,0.01124267651609352,0.02862753445129803,-154.63273278670482,0.010375712778256206,0.025490415856739765,-145.6738770772316
1.308,post_correction,0.00892313477396634,0.026242403205496798,-194.0939912962004,0.008231906161142563,0.02331696743655012,-183.25113260661607
1.311,post_correction,0.006652642696709154,0.023857668754612166,-258.61942151821535,0.006109424638387306,0.021142537149109714,-246.0642924746948
1.314,post_correction,0.004506205546510661,0.02147352305523757,-376.5322583179855,0.004044842781715372,0.018967396362335864,-368.927901180179
1.317,post_correction,0.0027873254221647977,0.019090253851952982,-584.8950502925629,0.0022123474000984977,0.016791962501193903,-659.0111074077378
1.32,post_correction,0.002578697998639827,0.01670831287906275,-547.9360083218663,0.0017174366530067235,0.014616907855687462,-751.0886168696576
1.323,post_correction,0.044447815368539076,0.014328451864975575,67.76342831212015,0.0411406574844736,0.012443382290066028,69.75405097800846
1.326,post_correction,0.04206270883311832,0.011952020294445982,71.58523398513154,0.03895635630140125,0.010273517483653249,73.6281355366808
1.329,post_correction,0.039677830684479845,0.009581703467336122,75.85124160761126,0.03677033169626845,0.008111734325920793,77.93945838474991
1.332,post_correction,0.03729327076048924,0.007223699854315405,80.6300179442329,0.03458261332765895,0.005968853393512725,82.74030554903474
1.335,post_correction,0.03490914343065442,0.004896093401532394,85.97475354484625,0.03239324158211929,0.003879499039717223,88.02373936587234
1.338,post_correction,0.032525596572336106,0.0026797868477338124,91.76099094209067,0.030202271488537637,0.0020235486442338178,93.30001173917732
1.341,post_correction,0.03014282479356704,0.04780946941420357,-58.609784390236946,0.028009778479642578,0.04349038100099783,-55.268564628622485
1.344,post_correction,0.02776108944195474,0.04542125388534153,-63.61481050775105,0.025815867103299465,0.04129326596414893,-59.95304670154324
1.347,post_correction,0.025380749832254943,0.04303289653450635,-69.54935066503947,0.02362068460781963,0.03909428134702511,-65.50867172614863
1.35,post_correction,0.02300231376388063,0.040644419645449105,-76.69709257366527,0.021424442905240714,0.03689344480133225,-72.20258638467375
1.353,post_correction,0.02062652276899812,0.03825585105766228,-85.46922079935463,0.01922745561943131,0.03469078102213725,-80.4231496292139
1.356,post_correction,0.018254503405176415,0.03586722601440656,-96.48426044959251,0.017030203839058185,0.032486324154224415,-90.75710696849178
1.359,post_correction,0.01588805271045069,0.033478589801731816,-110.71550058309279,0.01483346028404756,0.03028012125648091,-104.13390184517667
1.362,post_correction,0.013530219278785461,0.031090001603628625,-129.78194930200286,0.012638542664879453,0.028072237409580342,-122.11609482150763
1.365,post_correction,0.011186606081957035,0.02870154028114595,-156.5705815585917,0.010447884841894784,0.025862763453676413,-147.54066344577024
1.368,post_correction,0.008868686408772284,0.026313313296453988,-196.69910608663196,0.00826650817379753,0.023651828082712177,-186.11630915314058
1.371,post_correction,0.0066038302349290335,0.023925470975802755,-262.29688112295736,0.006106598099125621,0.021439617449781966,-251.08938072822932
1.374,post_correction,0.004473755587459982,0.021538230245916123,-381.4351125101284,0.004006475439912931,0.019226408345048032,-379.8833446852693
1.377,post_correction,0.0028051290644424123,0.019151916087021856,-582.7463423979304,0.0021556136936931474,0.017012627314670577,-689.2243106659506
1.3800000000000001,post_correction,0.002678946584441313,0.01676703828935012,-525.8817696003761,0.0017614800631870812,0.014798962860883882,-740.1436479563567
1.383,post_correction,0.04444062218480304,0.014384444290108385,67.63221669064006,0.04180160730737403,0.012586595882321826,69.88968440909332
1.3860000000000001,post_correction,0.04205169007171765,0.012005653097591927,71.45024830841112,0.03957799477414696,0.010377723785157986,73.77905615385826
1.389,post_correction,0.03966292377299739,0.009633680447936764,75.7111187690722,0.03735235359624902,0.00817692795841674,78.10866740338986
1.3920000000000001,post_correction,0.0372744186825074,0.007275460933376529,80.48135640867594,0.03512471430080502,0.005995513603492947,82.93078328794965
1.395,post_correction,0.03488629630943499,0.004951072338350402,85.80797372574231,0.03289511850814747,0.003870173213519755,88.23480993825515
1.3980000000000001,post_correction,0.0324987138589258,0.0027484475752553045,91.54290355247261,0.030663622995648638,0.0019968774785717896,93.48779666755242
1.401,post_correction,0.03011187835801426,0.04793539219166689,-59.19097314933499,0.02843030568750679,0.044268524039368616,-55.70892738878168
1.4040000000000001,post_correction,0.02772606805292329,0.045542810961455925,-64.25989748897746,0.02619527472566516,0.0420302597850431,-60.449776630376036
1.407,post_correction,0.025341665842259938,0.04315001334717741,-70.272994742201,0.023958682642138032,0.03978981122323443,-66.07679068820312
1.41,post_correction,0.022959213434700525,0.04075702451097288,-77.51925442433827,0.021720749321063083,0.037547195937172984,-72.86326259823205
1.413,post_correction,0.020579502881000848,0.03836387588311305,-86.41789408106095,0.019481800831568415,0.03530243864069337,-81.20726592938527
1.416,post_correction,0.018203739312435324,0.03597060724494656,-97.60010087803414,0.01724233856359482,0.033055573620459994,-91.71166079671448
1.419,post_correction,0.01583384864722903,0.0335772697026639,-112.06006480641726,0.015003170286062637,0.030806648254985292,-105.33425714432818
1.422,post_correction,0.013473105556540363,0.031183930030228,-131.4531709067634,0.012765678876703759,0.028555728207928864,-123.6914188718984
1.425,post_correction,0.011127545709411733,0.028790677177527604,-158.73339844541198,0.0105324320214521,0.026302905304340273,-149.73249531321358
1.428,post_correction,0.008809573076746008,0.026397632316226567,-199.64712349008695,0.008308766711731556,0.02404830985765915,-189.43296510785598
1.431,post_correction,0.006548908072358146,0.02400496488789214,-266.54911968016637,0.0061077816511095825,0.02179213068309849,-256.79289024910673
1.434,post_correction,0.00443461812314718,0.02161291929540539,-387.3682174028331,0.003971462799305448,0.01953464902845811,-391.8754125526353
1.437,post_correction,0.0028189011134501516,0.019221861481612024,-581.892010680918,0.0021143783232181698,0.017276299170022484,-717.0864684105943
1.44,post_correction,0.002781005588787778,0.0168323650925833,-505.261821854893,0.001852533697221328,0.015017783735775676,-710.6618388805186
1.443,post_correction,0.04445434030987453,0.014445382819964986,67.50512386581009,0.04255803681519428,0.012760311402578712,70.01668225912394
1.446,post_correction,0.04205979420182557,0.012062620062269833,71.32030650367219,0.040289002681419384,0.010506140063380302,73.92305749919801
1.449,post_correction,0.039665347995148446,0.009687455694819078,75.57703087338608,0.03801763035397718,0.008260003366109804,78.27322931702477
1.452,post_correction,0.03727110260731724,0.007327632300049565,80.33964174000323,0.03574395296358571,0.006033682985999799,83.11970980896648
1.455,post_correction,0.03487718665508668,0.0050054085848164976,85.64847378798977,0.03346801559591938,0.0038660030241932522,88.44866373056007
1.458,post_correction,0.03248376664667059,0.0028163226541064704,91.33006130495913,0.03118987968985155,0.001970736298709443,93.68148797524643
1.461,post_correction,0.030091062025002044,0.048090444187055034,-59.816373869083364,0.028909629530115864,0.04516735875904793,-56.236380379748546
1.464,post_correction,0.027699367981486162,0.04569172723493138,-64.95584760443285,0.02662738209713701,0.04288164845988848,-61.043426287479996
1.467,post_correction,0.025309091150486022,0.043292718274134404,-71.05599729646173,0.024343302487722075,0.04059342457686656,-66.75397513275155
1.47,post_correction,0.022920807519941144,0.04089344566064326,-78.41188895751553,0.02205762895935414,0.03830270453378495,-73.64833094420892
1.473,post_correction,0.020535360483380664,0.03849394480150511,-87.4520042278215,0.019770715404277144,0.03600951295952113,-82.13560927456841
1.476,post_correction,0.018154035542001633,0.03609426049609704,-98.82224209922059,0.017483107225508006,0.03371388416131468,-92.83691237748535
1.479,post_correction,0.01577889147052728,0.03369445027805118,-113.54130194118902,0.015195685773947662,0.03141586569164362,-106.74200663917877
1.482,post_correction,0.013413438227553661,0.03129458929477969,-133.3077378363354,0.012909966071601936,0.029115523617407015,-125.52749911134512
1.485,post_correction,0.011064167195144865,0.028894777617840886,-161.15637181007514,0.010628776917471666,0.026812950520460233,-152.2675066816474
1.488,post_correction,0.008744477437662102,0.026495151523507926,-202.992965701923,0.00835804476021416,0.024508278035956718,-193.22980121643596
1.491,post_correction,0.006486651508661407,0.024095901506373082,-271.4690310431913,0.006112488944381901,0.022201697241073414,-263.21860772409894
1.494,post_correction,0.004387952807798616,0.02169730222523695,-394.47437508158225,0.003940205276014823,0.01989349328762017,-404.88469239705995
1.497,post_correction,0.0028292002267296403,0.01929976472859849,-582.1632681299367,0.0020934970255907705,0.017584107393797874,-739.9394495836821
1.5,post_correction,0.0028867656912902676,0.016903932984350084,-485.5665056347094,0.001993244040198494,0.015274255162491578,-666.301308542757
1.5030000000000001,post_correction,0.04448802235020559,0.014510875620397342,67.38251139560874,0.04341255775199439,0.012965171348405233,70.13497471751798
1.506,post_correction,0.042086030989163276,0.012122503391920414,71.19589776702433,0.04109173800670352,0.010659171918908415,74.0600606448685
1.5090000000000001,post_correction,0.03968407072027931,0.009742595325150758,75.44960698759135,0.03876826494031909,0.008361140359889573,78.43302925018456
1.512,post_correction,0.03728224800324262,0.007379784051578203,80.20563553212685,0.03644217622479046,0.0060833412622366915,83.30686613029881
1.5150000000000001,post_correction,0.034880698595824745,0.005058725627591905,85.49706332946714,0.03411352289906784,0.0038668480715014185,88.66476475343131
1.518,post_correction,0.032479598371272664,0.0028832453062100733,91.12290345080059,0.031782374309498956,0.001945451242584076,93.87883603773861
1.5210000000000001,post_correction,0.03007917930350136,0.04827466075306888,-60.49194782202545,0.029448825415190803,0.0461913871312096,-56.85307131938226
1.524,post_correction,0.027679753742331056,0.04586799838497869,-65.70956090130268,0.027113007892268177,0.04385166512776282,-61.73662952485625
1.5270000000000001,post_correction,0.025281752453848002,0.043460967760754594,-71.90646827229585,0.02477510755739608,0.04150908407390778,-67.54350703723233
1.53,post_correction,0.02288578644823815,0.04105360078046544,-79.38470619446827,0.022435392738717544,0.0391636612205771,-74.56195965311093
1.5330000000000001,post_correction,0.020492751884870018,0.03864593725572989,-88.58344390663574,0.02009426254028315,0.03681542109639765,-83.21359653081788
1.536,post_correction,0.018104017450598378,0.03623802753512983,-100.16566838832826,0.017752333381278452,0.03446439801087689,-94.14010130760006
1.539,post_correction,0.015721780616251735,0.03382993625126467,-115.17878335164137,0.015410604477511834,0.032110639667607944,-108.36716505485492
1.542,post_correction,0.013349799558912115,0.03142174779098229,-135.372431266248,0.013070800875374728,0.029754212507335183,-127.63878656733156
1.545,post_correction,0.010995052714050851,0.029013574489231007,-163.8784482784138,0.010736162782285858,0.027395209830241764,-155.1676086305483
1.548,post_correction,0.008672020285120494,0.02660556927007034,-206.79782098434825,0.008413536104777953,0.025033764542606775,-197.5415358161996
1.551,post_correction,0.006415827191229042,0.024197945827000765,-277.1601869215138,0.0061201372752084674,0.022670069917936596,-270.4176703645
1.554,post_correction,0.004333049764858554,0.021791012158578687,-402.9024207223713,0.0039133067071499055,0.020304414930705613,-418.85570056668234
1.557,post_correction,0.0028370408768878925,0.019385229026263762,-583.2904377299102,0.002098766654156492,0.0179372476530457,-754.6565964120864
1.56,post_correction,0.0029984482753245994,0.016981317932960708,-466.3368640608744,0.0021845957943597717,0.015569296612163141,-612.6854611896731
1.563,post_correction,0.04454046248056501,0.014580475407111273,67.26465197016446,0.044367830176198775,0.01320182279745104,70.24460573117415
1.566,post_correction,0.04212915984198962,0.012184838913570289,71.07742248060259,0.04198857620529643,0.010837201278965765,74.19011965069022
1.569,post_correction,0.03971781726780804,0.009798629575079026,75.329385527384,0.03960634759039512,0.00848047021998956,78.58810333208774
1.572,post_correction,0.037306546849828086,0.007431463879754352,80.08000067744518,0.03722118871201268,0.00614440237504158,83.49219198080434
1.575,post_correction,0.034895491611818895,0.005110645526469092,85.35442462504771,0.03483315934285375,0.003872510578710832,88.88268921978992
1.578,post_correction,0.032484836974666455,0.0029490872866675937,90.92164972547819,0.03244234036517957,0.0019214849886327304,94.07723065905854
1.581,post_correction,0.030074827722031443,0.04848787108198766,-61.22410252899858,0.030048842240818566,0.04734534555782886,-57.561296965759965
1.584,post_correction,0.027665793804741823,0.04607142222317901,-66.52846669912839,0.027652817913055208,0.04494474953513063,-62.53225865242366
1.587,post_correction,0.02525819084987839,0.04365452883318986,-72.8331577374238,0.025254483100342652,0.0425409317551606,-68.4490297668512
1.59,post_correction,0.022852666137871014,0.04123722674476051,-80.44820895721635,0.02285414943496501,0.04013390936996457,-75.60885161870394
1.593,post_correction,0.02045017082048295,0.03881956064782616,-89.82511680999933,0.020452281027672575,0.037723706892493616,-84.44743078511517
1.596,post_correction,0.01805216094117475,0.03640158702760678,-101.6467011690509,0.01804959629699525,0.035310358732660196,-95.62963155324631
1.599,post_correction,0.015660980961583495,0.033983378357686694,-116.99393186830493,0.015647263641777626,0.03289391286131713,-110.22150335277524
1.602,post_correction,0.013280655073613944,0.031565029220922663,-137.67674897028374,0.013247309530015655,0.030474436234055775,-130.0424562814587
1.605,post_correction,0.010918690932198376,0.0291466654770566,-166.9428565937821,0.010853564825766333,0.02805202304618345,-158.45907309263055
1.608,post_correction,0.008590763997805654,0.026728458404169615,-211.13016736342527,0.008474196777876015,0.02562680770589512,-202.40987290736786
1.611,post_correction,0.006335210815969036,0.024310647270456395,-283.7385680864328,0.0061300153322469296,0.023198985999566088,-278.44906973605566
1.614,post_correction,0.00426938691361022,0.021893576835115836,-412.8037649930981,0.003891636482627486,0.020768851185319195,-433.6791161772861
1.617,post_correction,0.0028440047663151856,0.019477762696833777,-584.8709582885123,0.0021366482803353514,0.018336858910943485,-758.2067100002756
1.62,post_correction,0.003118623238195297,0.017064011943233853,-447.16490707317865,0.0024266599104724295,0.015903751861755137,-555.376214570543
1.623,post_correction,0.04461014099101479,0.014653662412306053,67.15172360639357,0.045426272070382835,0.013470819614337196,70.3457514773264
1.6260000000000001,post_correction,0.04218763760303556,0.012249102339145066,70.96518545455672,0.04298163218173047,0.01104050150775628,74.31344286537102
1.629,post_correction,0.03976502197982227,0.009855042528461139,75.21680603254332,0.04053369022282278,0.008618004162622168,78.73866377512861
1.6320000000000001,post_correction,0.03734241202954975,0.00748219065499506,79.96329040268138,0.038082499712597716,0.00621665766387473,83.67581510985148
1.635,post_correction,0.03491995828803828,0.005160787364109821,85.22109527869156,0.03562813227323282,0.0038826998870785862,89.10215147596823
1.6380000000000001,post_correction,0.03249785606579963,0.0030137641457793026,90.72626778924362,0.03317068439124307,0.0018994835646360072,94.2736075559012
1.641,post_correction,0.03007636345079851,0.04872962948902935,-62.01968555389166,0.030710287454098744,0.04863389477853114,-58.3635283493259
1.6440000000000001,post_correction,0.027655828739005118,0.046301533292981194,-67.42052364418436,0.028247123073903934,0.046165251096278954,-63.43346179182636
1.647,post_correction,0.025236733584490436,0.0438729170420707,-73.84546575803047,0.025781447254742136,0.04369300535180158,-69.47460288042932
1.6500000000000001,post_correction,0.022819763445160714,0.04144382093260994,-81.61371844281211,0.023313629979259773,0.04121717477436518,-76.79432508379314
1.653,post_correction,0.020405927736509726,0.03901429505719661,-91.19098901537961,0.020844223026051132,0.0387377840619554,-85.84422174691223
1.6560000000000001,post_correction,0.017996775785274782,0.03658440268697068,-103.28309428016854,0.018374082588621193,0.036254867957828424,-97.31525524044692
1.659,post_correction,0.01559481050969045,0.03415422495593407,-119.01019531279972,0.015904606143320805,0.03376847497645252,-112.31883815389992
1.6620000000000001,post_correction,0.013204346186341111,0.03172386769899727,-140.25322610681923,0.013438229689952366,0.031278672924929425,-132.75888005036992
1.665,post_correction,0.01083347582183345,0.02929347169362668,-170.39772068895493,0.010979590381117073,0.02878555731697682,-162.17332630626018
1.668,post_correction,0.008499220603388402,0.026863228457661592,-216.06696321015565,0.008538670682239673,0.026289264615161557,-207.8847468592845
1.671,post_correction,0.006243614043792583,0.024433405463549614,-291.33433444434905,0.00614125684971014,0.02378999387220673,-287.3798874464856
1.674,post_correction,0.004196710596041774,0.022004388025411215,-424.3246471692655,0.003876424647562591,0.021288043712243125,-449.1669682171836
1.677,post_correction,0.002852369194026537,0.019576752278744905,-586.3330427120989,0.0022138079873499084,0.01878387901246442,-748.4872725999202
1.68,post_correction,0.0032502089723963766,0.017151399881658615,-427.7014501936133,0.002719434698177614,0.016278259339683437,-498.58982275220853
1.683,post_correction,0.044695161952314454,0.014729825017665597,67.04380435318494,0.04658970988704059,0.013772507785423951,70.43873460724228
1.686,post_correction,0.04225956004718054,0.012314693823594663,70.85938942609444,0.04407242561650882,0.01126913805596651,74.43041108283072
1.689,post_correction,0.03982377359585791,0.009911260817245355,75.11220077276597,0.041551506714586815,0.008773549909680791,78.8851220969063
1.692,post_correction,0.03738792662768729,0.007531447750553769,79.85593631454165,0.039027018570231914,0.0062997100470507765,83.85808017664993
1.695,post_correction,0.03495217759138046,0.0052087664301271675,85.09744803021458,0.036499048156332294,0.003896992658038762,89.3230293531294
1.698,post_correction,0.032516732232846415,0.0030772423793738513,90.5364341123263,0.03396771213883398,0.0018803404001739683,94.46433014832269
1.701,post_correction,0.030081862714774966,0.04899913431278871,-62.88597144857776,0.031433168941158204,0.05006123425713974,-59.26244773746048
1.704,post_correction,0.02764793680771326,0.04655752571765897,-68.39421343248401,0.028895637210456345,0.04751705936726788,-64.44371522657781
1.707,post_correction,0.025215463916415576,0.04411532329456093,-74.95344698314797,0.02635542502583559,0.04496888504022648,-70.62477647825662
1.71,post_correction,0.022785170424844504,0.041672572081121434,-82.89339646844368,0.023812977903531426,0.042416728880388256,-78.12442044091397
1.713,post_correction,0.020358128616486688,0.03922932815280047,-92.69614065131339,0.021268961362790918,0.039860616108925134,-87.41214217756524
1.716,post_correction,0.017935989268337487,0.03678566228405391,-105.0941363406805,0.018724410916885415,0.03730058219367944,-99.20830812382081
1.719,post_correction,0.015521429271872023,0.034341665173881535,-121.25324010022452,0.01618102347456202,0.0347366766558289,-114.67539868808659
1.722,post_correction,0.013119085093700609,0.031897455074653934,-143.13780150698264,0.013641773373639707,0.032168968717145044,-135.81222056734822
1.725,post_correction,0.010737709203904273,0.029453189219180644,-174.2967672142895,0.011112365534662171,0.029597555916721974,-166.34793306969607
1.728,post_correction,0.008395866177177377,0.027009081448575264,-221.6949970212067,0.008605209697624749,0.02702257769258437,-214.02578951728825
1.731,post_correction,0.0061399241599573075,0.02456543034944177,-300.0933840461733,0.006152825358890166,0.024444237616896475,-297.28476254534354
1.734,post_correction,0.004115147808140875,0.022122665999081064,-437.59104242419795,0.0038693996957357385,0.021862841472811135,-465.0189484664771
1.737,post_correction,0.002865241203279517,0.019681431410174623,-586.9031266075442,0.0023365897524471792,0.01927886608988932,-725.0856218853994
1.74,post_correction,0.003396448361994639,0.017242732845400878,-407.6695126103641,0.0030634644786491825,0.016693092359650736,-444.90895768477986
1.743,post_correction,0.04479318274242071,0.014808237703543536,66.94086734426304,0.04785894325292181,0.014106884820546365,70.52403613260906
1.746,post_correction,0.042342595988680426,0.01238092064083257,70.76012853783836,0.045261464667615485,0.01152284748687621,74.54159388898259
1.749,post_correction,0.039891753995613025,0.009966641292225987,75.01578573526238,0.04266001586166916,0.008946611139276724,79.02811108114139
1.752,post_correction,0.03744078736897008,0.007578676295559276,79.75823472708193,0.04005467717386797,0.006392896058492811,84.03957662486519
1.7550000000000001,post_correction,0.034989863064630845,0.005254194530103889,84.98366649678306,0.037445554873542515,0.003914788415706701,89.5453854831973
1.758,post_correction,0.032539198064664925,0.003139548792854041,90.35148688478789,0.0348327909661408,0.0018652822134734488,94.64503945352355
1.7610000000000001,post_correction,0.03008907972252852,0.04929513194660254,-63.830640222917545,0.032216577816792664,0.051630605742738506,-60.26098748398539
1.764,post_correction,0.027639896896144208,0.046838161969742026,-69.45852636764356,0.029597180595302187,0.049003128485567406,-65.56688002013755
1.7670000000000001,post_correction,0.025192189165322745,0.04438052740735746,-76.16780787136841,0.026974972889879073,0.04637123905072768,-71.90467341721046
1.77,post_correction,0.02274672764759409,0.041922278668099826,-84.30026207542834,0.02435049545500119,0.04373495586239336,-79.60602051491696
1.7730000000000001,post_correction,0.020304653780190595,0.039463478452270634,-94.35681533645042,0.02172455768969449,0.04109430516729624,-89.16060687758076
1.776,post_correction,0.017867730792255797,0.03700420583020657,-107.10075756371296,0.019098422930906477,0.03844932373652757,-101.32198284448941
1.7790000000000001,post_correction,0.015438830213266603,0.03454456206432127,-123.7511624076097,0.016474170670667712,0.03580006278016239,-117.31025795370965
1.782,post_correction,0.013022953079890138,0.03208467911031278,-146.37022734772415,0.013855468122792229,0.03314659376128024,-139.23113580517813
1.7850000000000001,post_correction,0.010629608628270164,0.029624732353417355,-178.70012330113806,0.01124940753230861,0.030489017278868182,-171.02776027362222
1.788,post_correction,0.008279164085246956,0.027164960259859948,-228.11235506573075,0.00867159076284936,0.027827477090651243,-220.90394774934623
1.7910000000000001,post_correction,0.006023161445355844,0.024705695750575737,-310.1782091467107,0.006163518741493259,0.02516218311275037,-308.2437998177358
1.794,post_correction,0.004025360599606719,0.022247418334137067,-452.68137558435524,0.0038729787657886257,0.022493450892360593,-480.7790915626262
1.797,post_correction,0.00288667440157024,0.019790844955788804,-585.5932537810064,0.0025106174084361817,0.019821773158721783,-689.5178728593462
1.8,post_correction,0.0035608555902749356,0.017337097693054873,-386.8801121956273,0.0034601622765353278,0.017147958552019008,-395.582495315489
1.803,post_correction,0.04490133479973659,0.014888036100255988,66.84277612980155,0.049233197778614006,0.014473424484280569,70.60230670093188
1.806,post_correction,0.04243391352414808,0.012446977934862612,70.66738157964302,0.04654772388145299,0.0118008881187624,74.64776548727342
1.809,post_correction,0.03996616999666026,0.010020457799194632,74.9276505603815,0.043857944754634844,0.00913626508608966,79.16850610031344
1.812,post_correction,0.03749824203934541,0.007623268680454097,79.67033048521233,0.041163959169127955,0.006495193206977576,84.22116497518823
1.815,post_correction,0.03503030594748351,0.005296681930823201,84.87971547047336,0.03846589714951023,0.0039352611098387655,89.76948049711906
1.818,post_correction,0.03256259105449588,0.003200782370921776,90.17036953366201,0.03576393187627937,0.0018559800381064324,94.81046982046897
1.821,post_correction,0.0300954014479169,0.04961580390557152,-64.86174471351256,0.03305829748307445,0.05334364969888022,-61.36236213069256
1.824,post_correction,0.02762914928509231,0.04714166562060421,-70.62293570522691,0.030349316454577255,0.05062486123091767,-66.80725349016048
1.827,post_correction,0.025164407616698983,0.04466679659303171,-77.49989299724676,0.027637443248735055,0.04790123575602396,-73.32006917179781
1.83,post_correction,0.022701997423238987,0.04219125318995233,-85.84819830330476,0.02492333654276687,0.04517279314046779,-81.24697334545932
1.833,post_correction,0.020243137689823252,0.0397151054469135,-96.19046244436359,0.02220798461265192,0.042439561355778775,-91.10046272096614
1.836,post_correction,0.017789718673710937,0.037238441605788264,-109.32563515362394,0.019492935544843618,0.039701579277522984,-103.6716285558389
1.839,post_correction,0.015344833742474851,0.03476137459442353,-126.53470984311318,0.0167807502861376,0.03695890074457442,-120.24581806157842
1.842,post_correction,0.01291390404293766,0.03228405149068444,-149.99451276192423,0.014075975633428947,0.03421160059508175,-143.04958665765827
1.845,post_correction,0.010507322931541309,0.029806667705471333,-183.67518443728864,0.011387484779864052,0.03145978390115958,-176.26630910443387
1.848,post_correction,0.00814760057697604,0.027329488873549933,-235.42990498060473,0.00873503560262731,0.028703600570557465,-228.60313198865546
1.851,post_correction,0.005892561106039973,0.02485288581463665,-321.76712922267416,0.006172007141694629,0.02594326934145801,-320.3376429395194
1.854,post_correction,0.003928754917130933,0.02237739264875669,-469.57975543809977,0.0038905159991281003,0.023179119057527495,-495.78521365089216
1.857,post_correction,0.002921729619369408,0.019903808108997275,-581.2337451435045,0.002740686305415826,0.020411663695964144,-644.764683781175
1.86,post_correction,0.003747130855088732,0.01743338262094742,-365.246165536821,0.0039118989571212,0.017641748348932475,-350.9765855996238
1.863,post_correction,0.0450161359926643,0.014968189178021092,66.74928034591804,0.050709441845717566,0.014870858790737166,70.67437887409322
1.866,post_correction,0.04253009894425686,0.012511927737905866,70.5810048683288,0.04792799420257699,0.012101856318878609,74.74992116772557
1.869,post_correction,0.04004367888287786,0.010071887412567518,74.84774702637495,0.045141912482001556,0.00934101448580554,79.30744629056228
1.872,post_correction,0.037557021710760786,0.0076645628347467,79.59219744905741,0.04235131783437415,0.006605111226491715,84.40400071534322
1.875,post_correction,0.035070314184292455,0.005335841605786715,84.78530423837329,0.03955636908991472,0.003957309069459107,89.99577271497333
1.8780000000000001,post_correction,0.032583799487266654,0.003261128849282614,89.99156359725015,0.036757277219076526,0.001854684577501131,94.95423840441975
1.881,post_correction,0.030097800508160442,0.04995863571688235,-65.98766312952678,0.03395432701666712,0.055199578715727504,-62.57008624742218
1.8840000000000001,post_correction,0.027612755653158152,0.04746559698712468,-71.89735636434352,0.031147910592259447,0.05238131890331998,-68.16960722988988
1.887,post_correction,0.025129275816946562,0.044971767924491896,-78.96165513119979,0.028338580892559778,0.049557790523685495,-74.87746020724971
1.8900000000000001,post_correction,0.022648238615418974,0.042477211505983326,-87.5519426798371,0.025527140729334805,0.04672901572161003,-83.05620757561323
1.893,post_correction,0.020170951612679445,0.03998200588856071,-98.2157642152493,0.02271479807187119,0.0438950251279893,-93.24417936317288
1.8960000000000001,post_correction,0.017699451173613004,0.037486249453182026,-111.79328717868898,0.019903452912308932,0.04105586078776613,-106.27506678690848
1.899,post_correction,0.015237088013777413,0.03499006800966621,-129.637500144569,0.017096265933209804,0.038211580411064414,-123.50834129713513
1.9020000000000001,post_correction,0.012789775852633578,0.032493625323927265,-154.05938069850077,0.014298890691181421,0.035362263702266764,-147.30774201998616
1.905,post_correction,0.01036895871225828,0.029997138900797846,-189.29750549912936,0.01152247012725746,0.03250802205709584,-182.12719753722885
1.9080000000000001,post_correction,0.007999737476897742,0.027500904355065216,-243.77258546901632,0.008792143450633312,0.02964901392130378,-237.22168078556672
1.911,post_correction,0.005747688993529668,0.025005334352784302,-335.0502329011451,0.006176924294689118,0.026785470079991207,-333.6376617570203
1.9140000000000001,post_correction,0.0038277555040616374,0.022511023377618712,-488.099823871515,0.003926603175361942,0.023917737264053034,-509.12030566593666
1.917,post_correction,0.0029764258832319303,0.020018860703311464,-572.5805206872523,0.0030309522390604146,0.021046357649240476,-594.3810390019468
1.92,post_correction,0.003959043490711674,0.01753023912897077,-342.78975894300044,0.004421939763517012,0.018172224106069453,-310.9559396534176
1.923,post_correction,0.04513339660026813,0.015047469029489535,66.66001195797406,0.05228154874394359,0.015296910984350987,70.74128186356948
1.926,post_correction,0.042627070407037664,0.012574676820186355,70.50072477392138,0.04939608853291539,0.012423464326385927,74.84929536858475
1.929,post_correction,0.04012030985214754,0.010119996804323865,74.77587575565006,0.046505679690143374,0.009558611951869375,79.44635576652958
1.932,post_correction,0.03761327005086904,0.007701838069067178,79.52361478103064,0.04361047022688944,0.006720567782350166,84.58955441804343
1.935,post_correction,0.035106149691671217,0.005371296624934476,84.69984127536267,0.04071065350861082,0.0039795083824962435,90.22489682791624
1.938,post_correction,0.03259920777298877,0.0033208779853975503,89.81301015496093,0.03780648580666707,0.0018643759840367875,95.06863453649001
1.941,post_correction,0.030092788688895214,0.0503202680659894,-67.21703191488696,0.034898312699952735,0.057194136852320165,-63.88797173107348
1.944,post_correction,0.027587360947007908,0.047806712180236875,-73.29208209537686,0.031986609996090515,0.0542682280558532,-69.65920446863859
1.947,post_correction,0.02508357898679135,0.045292315351272525,-80.56560180316696,0.02907204939616072,0.05133662045885471,-76.58411266195175
1.95,post_correction,0.02258238587053971,0.042777147888185776,-89.42705227613499,0.02615560823772712,0.04839933957649916,-85.04383127549468
1.953,post_correction,0.02008519207003612,0.04026129693917536,-100.45263594585558,0.023238761986276262,0.045456419912216786,-95.60603073029986
1.956,post_correction,0.017594204820723332,0.03774487209329805,-114.53013920151854,0.020323842168567103,0.04250790805488897,-109.1529136190193
1.959,post_correction,0.015113078297692938,0.03522801338543187,-133.09621436163366,0.017414751570003502,0.03955386718078749,-127.1285181519218
1.962,post_correction,0.01264831313181462,0.03271090299813832,-158.6187000372387,0.014518528928534228,0.036594383764810605,-152.05297275600174
1.965,post_correction,0.010212622040500075,0.030193782814739768,-195.65162301121725,0.011649198998744847,0.0336295778787107,-188.68575326367204
1.968,post_correction,0.007834288244499053,0.027676981539621448,-253.28010249118927,0.008838853835832597,0.030659619530984488,-246.87324963663045
1.971,post_correction,0.005588603216198995,0.025160958060243422,-350.2190813495662,0.0061770404352483,0.027684755628615023,-348.18802659338866
1.974,post_correction,0.003726151380577802,0.022646373616942415,-507.76848023363766,0.003987392580417592,0.024705356585187067,-519.586762199365
1.977,post_correction,0.0030575255839065856,0.020134217787073177,-558.5134689649199,0.0033852730285746932,0.021722001555777182,-541.6617322273362
1.98,post_correction,0.004200287698949428,0.01762604145671051,-319.6389085709324,0.004994276951802448,0.018735645533917045,-275.14230217359693
1.983,post_correction,0.04524812329715485,0.01512441934898796,66.57448254889509,0.05393929771306366,0.015747977159460996,70.80425992337871
1.986,post_correction,0.04271999077393493,0.012633954496483276,70.4261300913208,0.05094189831092173,0.012762279232238764,74.9473819088077
1.989,post_correction,0.040191385787429555,0.010163729892266654,74.71167093858827,0.04793926136901282,0.00978585843002819,79.58696452433534
1.992,post_correction,0.03766247411962293,0.007734313633774557,79.4641382050235,0.04493156684872053,0.006838752613799661,84.77962578775639
1.995,post_correction,0.03513346828079418,0.005402691724690531,84.62237863477905,0.041919049153337176,0.0040000787691680684,90.45761091923617
1.998,post_correction,0.032604645609335986,0.003380443169818181,89.63201989580826,0.03890201838889107,0.0018889021740068344,95.14446228695878
2.001,post_correction,0.030076375483488498,0.05069633338232336,-68.55865298714242,0.03588089245348899,0.059318327242054,-65.3200998803083
2.004,post_correction,0.027549161468216222,0.04816080870426962,-74.81769367039824,0.032856246966463186,0.056276768227970404,-71.281790903912
2.007,post_correction,0.025023708882292287,0.0456244043754358,-82.32470889925249,0.02982889574433725,0.05322909297420384,-78.44808413435456
2.0100000000000002,post_correction,0.022501037574607738,0.04308719883665742,-91.48983105241786,0.02680002599284907,0.05017533175710157,-87.22120557080666
2.013,post_correction,0.019982679382306804,0.040549289188950725,-102.9221828222603,0.02377143687724329,0.04711552448967269,-98.20225732663643
2.016,post_correction,0.01747104436660201,0.038010797410009255,-117.56454057589961,0.02074598634260839,0.044049724036858515,-112.32889730766182
2.019,post_correction,0.014970149857989194,0.03547187924232442,-136.95072914312857,0.01772849167725372,0.04097800104025603,-131.14206096185976
2.0220000000000002,post_correction,0.012487206187347853,0.03293273719359086,-163.7318283969604,0.014727720527434665,0.03790045112053722,-157.34091742124386
2.025,post_correction,0.010036480943908804,0.030393640050140388,-202.83164208652693,0.011761352411213158,0.03481720594726565,-196.03063261731086
2.028,post_correction,0.0076502254395759035,0.027854953047534235,-264.1063033703017,0.008870465666984644,0.031728450836308465,-257.68641723511666
2.031,post_correction,0.005416076770018307,0.0253171861478232,-367.44511244691284,0.006171553674335547,0.02863445385168968,-363.97480055575426
2.0340000000000003,post_correction,0.003629495134717901,0.02278107446091861,-527.6651053477511,0.004080872021294861,0.025535616248703714,-525.7392075873348
2.037,post_correction,0.0031721221249712854,0.020247718770716332,-538.3019938395221,0.003807510539020193,0.022432565025694597,-489.1661965423551
2.04,post_correction,0.004474317950456836,0.017718845677975267,-296.01221625669535,0.00563337032077107,0.019326335112233674,-243.06878496829182
2.043,post_correction,0.045354428935384467,0.015197324668225567,66.49208241630187,0.055667230230617745,0.016218761562729472,70.86479514871044
2.0460000000000003,post_correction,0.04280318725373414,0.01268829231356944,70.35666470734019,0.05255031875545358,0.013113429488462067,75.04595633475358
2.049,post_correction,0.04025145283952928,0.010201898546622557,74.65458305990958,0.049427921765479416,0.010018383441547072,79.7313277926568
2.052,post_correction,0.037699403975128054,0.007761151598277952,79.41306551318868,0.046300256941119146,0.006955989529488615,84.97634788866361
2.055,post_correction,0.03514726938174802,0.005429710267436634,84.55154450702142,0.04316760709292964,0.004016876794218468,90.69469663775645
2.058,post_correction,0.03259534793693387,0.003440382448440031,89.44517341831555,0.04003034584872973,0.0019330577155396219,95.17101919917346
2.061,post_correction,0.030044038418162777,0.05108128529076648,-70.0213685650391,0.03688897656669548,0.06155691767609513,-66.870765755184
2.064,post_correction,0.027493885749384377,0.048522564819678676,-76.48492927473941,0.033744193136978545,0.0583921513896307,-73.04355493876578
2.067,post_correction,0.024945655472964852,0.0459629413754399,-84.2522896431917,0.030596978457645335,0.05522087983722671,-80.47821262373229
2.07,post_correction,0.022400458705041343,0.043402502413891444,-93.75720374924053,0.027448770799175376,0.05204313978637358,-89.60098492985003
2.073,post_correction,0.019859972286465074,0.040841356049922575,-105.64659134875374,0.02430175933390631,0.048858978462242894,-101.05119876680635
2.076,post_correction,0.017326850191496615,0.03827963795193675,-120.9266977486941,0.021159442008862075,0.045668457139450856,-115.83015809360107
2.079,post_correction,0.014805550089440662,0.03571752120539476,-141.24413473072195,0.018027760619646283,0.04247165637592482,-135.59030581779572
2.082,post_correction,0.012304152022472016,0.03315523074980766,-169.46376060092334,0.014917639164315134,0.0392686838377923,-163.23658459126642
2.085,post_correction,0.009838855484492783,0.030593065064888555,-210.94129914914288,0.01185139637451037,0.03605968634675512,-204.26529674014796
2.088,post_correction,0.007446929522728718,0.028031429728789588,-276.41593952561345,0.00888175047952385,0.03284486907035279,-269.8017541257655
2.091,post_correction,0.0052318984516782005,0.02547089116671831,-386.83840869556985,0.006160542931293582,0.029624527334113745,-380.875268048708
2.094,post_correction,0.003545491762160728,0.022912266281205594,-546.2366243728677,0.004216970460454094,0.026399101921199427,-526.020555959899
2.097,post_correction,0.0033270566593083155,0.020356779254758726,-511.855502905407,0.004301649505964217,0.023169280891558144,-438.6138703172828
2.1,post_correction,0.004784172177642758,0.017806352205555563,-272.1929634716669,0.006343781283045567,0.019936200894216823,-214.26368603688232
2.103,post_correction,0.04544546044594504,0.015264183730754503,66.412082568928,0.05744341563629017,0.01670188298501065,70.92463461650573
2.106,post_correction,0.04287008978388584,0.01273600861692763,70.2916213118945,0.054200096804199085,0.01347029625089645,75.14709927630082
2.109,post_correction,0.040294229343621334,0.01023317894884133,74.6038598689287,0.05095110529783187,0.010250424268183362,79.88184121175573
2.112,post_correction,0.037718072188787546,0.007781466181173059,79.36939581051479,0.04769670302532292,0.0070676136637527216,85.18217567365103
2.115,post_correction,0.03514186623337301,0.0054520978949252905,84.48546284161874,0.04443722952371814,0.004027438955507528,90.93679106759366
2.118,post_correction,0.03256593589986066,0.003501419187529983,89.24821568679387,0.04117313290588553,0.00200253491177476,95.13630668729485
2.121,post_correction,0.029990714910795763,0.051468234423123926,-71.61389642164515,0.03790501692995751,0.06388678154743832,-68.54439523267071
2.124,post_correction,0.02741679749044258,0.04888538567581814,-78.30450727463503,0.034633714883032685,0.06059204978780594,-74.95105561861179
2.1270000000000002,post_correction,0.024845021221535594,0.0463016300809273,-86.36180532135421,0.03136040987916406,0.05729047258546407,-82.68406824468201
2.13,post_correction,0.022276606872088562,0.04371706508074654,-96.24651694833186,0.028086839344024138,0.05398209529606322,-92.19711636065115
2.133,post_correction,0.019713406439786967,0.041131810971005205,-108.6489267932412,0.024815660900393832,0.05066697475353921,-104.17338452886058
2.136,post_correction,0.01715837053303566,0.03854601854350744,-124.64847969854324,0.02155114902839095,0.04734518320719276,-119.68751246080377
2.1390000000000002,post_correction,0.014616496956644208,0.03595988002782396,-146.02256022416992,0.018300627271634916,0.04401681406684832,-140.52079425207597
2.142,post_correction,0.012096944448790045,0.033373645118938096,-175.88491672602646,0.01507771129125149,0.04068199050607003,-169.81542304550462
2.145,post_correction,0.009618343343662574,0.03078764507379904,-220.09301366939346,0.011910623266850228,0.03734087873268223,-213.50902380238787
2.148,post_correction,0.007224390599757194,0.028202330035910023,-290.37659504260307,0.008867210825367167,0.033993709173596225,-283.3641698959902
2.1510000000000002,post_correction,0.00503926784066233,0.02561832888167535,-408.3740275712005,0.006145621684424238,0.030640811684063973,-398.57952958154794
2.154,post_correction,0.0034842284725675114,0.023036549141744165,-561.1664339212704,0.004407331370303431,0.027282676941983663,-519.0294000994379
2.157,post_correction,0.0035282644491137207,0.020458352048776628,-479.84179881742267,0.004871662520256773,0.02392006991593372,-391.00424786142514
2.16,post_correction,0.005132290011759732,0.01788587751478478,-248.49701544149806,0.007129672440293233,0.020554255269159466,-188.29171944839166
2.1630000000000003,post_correction,0.04551336275151788,0.015322692091405611,66.33364101206827,0.059238236485388625,0.017187488304461936,70.98582043592519
2.166,post_correction,0.04291320529220885,0.012775202336832766,70.23013720405504,0.05586270959417933,0.013824222919653992,75.25321807681449
2.169,post_correction,0.04031259044291072,0.01025611716021647,74.55852613902144,0.05248140861026978,0.010474634605721006,80.04124720907112
2.172,post_correction,0.0377117288524642,0.007794342203907146,79.33178233647106,0.04909464695033547,0.00716789210733524,85.39984997837679
2.1750000000000003,post_correction,0.03511089130956789,0.005469694102044763,84.42165978123647,0.04570283020194934,0.0040291063546299445,91.18412068393502
2.178,post_correction,0.03251043274968233,0.003564459494318544,89.03595186885546,0.04230649329898073,0.0021036770011888567,95.02753162186679
2.181,post_correction,0.029910828748760963,0.05184881207148302,-73.34461879004547,0.038906357311782616,0.06627520500447646,-70.34543859598317
2.184,post_correction,0.027312732768724663,0.04924127682172663,-80.28689124111362,0.035503419035646785,0.06284499942145658,-77.01111929067396
2.187,post_correction,0.02471706929145095,0.04663285491002785,-88.66660266295021,0.032099097702922776,0.05940768272884968,-85.07586499367652
2.19,post_correction,0.022125191979612064,0.044023654826536376,-98.97524445032306,0.02869548604918082,0.055963311335939174,-95.0247897527311
2.193,post_correction,0.01953916634938437,0.041413810324596796,-111.95280076983246,0.025295803120384784,0.05251195437674634,-107.59156816187128
2.196,post_correction,0.016962307228329813,0.03880348888971489,-128.76303540185117,0.02190526460884545,0.049053698072395874,-123.93565632887976
2.199,post_correction,0.014400281706986108,0.03619290387400998,-151.33469337930705,0.0185328925009958,0.04558865210675265,-145.98778687300486
2.202,post_correction,0.011863600937405395,0.03358233228682508,-183.07031283344597,0.01519566897347299,0.042116959190641325,-177.16423188847233
2.205,post_correction,0.009373989372467112,0.030972141568216968,-230.40512782302744,0.011929355786326788,0.038638809844777085,-223.8968686730275
2.208,post_correction,0.006983475445461301,0.028362831105784053,-306.14206103091,0.008821546461120135,0.035154466054890234,-298.5068401535848
2.211,post_correction,0.0048432888908863745,0.025755098885357267,-431.76879318144086,0.0061308028421818124,0.031664300696488006,-416.4788611146955
2.214,post_correction,0.003457988461786764,0.023149952928391237,-569.4629893712691,0.004664600355793171,0.028168866509761244,-503.8859572348379
2.217,post_correction,0.003780195836961926,0.02054890682142041,-443.59371068815284,0.005521100630396381,0.024669024098685235,-346.8135205301293
2.22,post_correction,0.005520331495379947,0.017954343359516293,-225.24031164691047,0.00799414329852852,0.0211661974992097,-164.7713045512426
2.223,post_correction,0.045549302664571106,0.015370241018752452,66.25581486517983,0.06101337916024705,0.017662934486654697,71.0507191541312
2.226,post_correction,0.04292415059176642,0.012803761841220876,70.17119345472418,0.05750145252163989,0.01416429737041593,75.36706161451247
2.229,post_correction,0.04029860992367026,0.010269148460150123,74.51736305644052,0.05398376606481864,0.010681970101904666,80.21262523796737
2.232,post_correction,0.03767291230589944,0.007798865777566698,79.29847919842018,0.050460692750622184,0.007250028662199929,85.63232435585114
2.235,post_correction,0.035047355906789104,0.005482472563675232,84.35695811616645,0.04693271454902189,0.004019271523811857,91.43609833261685
2.238,post_correction,0.032422332286901924,0.003630602181653786,88.8021560277436,0.04340046696748987,0.0022429988322462853,94.83185553296822
2.241,post_correction,0.029798367422127218,0.052213092610903324,-75.22131958186313,0.03986480739763359,0.06867839164858726,-72.27824773753723
2.244,post_correction,0.02717618637631216,0.049580774651844295,-82.44198786869103,0.036326923522532466,0.06510900237322668,-79.2307084106409
2.247,post_correction,0.024556819130877247,0.04694761932730847,-91.17956229224119,0.0327885119673026,0.06153234158926198,-87.66433088096018
2.25,post_correction,0.021941781534618888,0.04431374732408801,-101.9605712242258,0.029252086274806195,0.05794847954947958,-98.10033036648257
2.253,post_correction,0.019333401339830733,0.04167930723962341,-115.58186532731605,0.025721537186527477,0.05435750072736413,-111.33068499434671
2.2560000000000002,post_correction,0.0167354442078458,0.03904448496451363,-133.30414466207628,0.02220322073750704,0.05075950869637419,-128.61326875261892
2.259,post_correction,0.014154413872289296,0.03640951713788457,-157.23083602327785,0.018708248920842687,0.0471546332732525,-152.05262915182809
2.262,post_correction,0.011602533452568937,0.033774710894085604,-191.09772475258396,0.015257826248199635,0.04354304125463356,-185.38168246457434
2.265,post_correction,0.009105506898919147,0.031140473612550984,-241.99604654901154,0.011897385872479068,0.03992495304896329,-235.57752498653807
2.2680000000000002,post_correction,0.0067262704126198935,0.02850735910660933,-323.82118704480786,0.008740394887675031,0.03630066935896995,-315.3207014726314
2.271,post_correction,0.00465153336426475,0.025876141876744113,-456.2927286631267,0.006123505531096516,0.032670615786976547,-433.52798688705235
2.274,post_correction,0.0034803376824380453,0.023247941452125845,-567.9794770902863,0.005001171593347353,0.029035421156887238,-480.5723841891503
2.277,post_correction,0.0040854327452446325,0.020624440944595302,-404.8287961318606,0.006252415029891562,0.025396063503387183,-306.18006613402366
2.2800000000000002,post_correction,0.005949000683925331,0.018008294314852215,-202.71124969798788,0.008938385867741946,0.021754163175440443,-143.3791010740519
2.283,post_correction,0.045543582101318494,0.015403941769401195,66.17757967493021,0.06272130209207266,0.01811263002706426,71.122043989974
2.286,post_correction,0.04289377145644548,0.012819396111788145,70.11361865252391,0.05907099719936255,0.014477285280963443,75.49172018866871
2.289,post_correction,0.04024368499474803,0.01027063581624323,74.47888825890672,0.05541509662312479,0.010861716193676483,80.39935531007652
2.2920000000000003,post_correction,0.03759357947154858,0.007794170448557581,79.26728298257329,0.051754041564288526,0.007306305500943137,85.88263779966383
2.295,post_correction,0.034943785902545765,0.00549059015170443,84.28736323242977,0.048088401636033486,0.003995792279406922,91.69073592911268
2.298,post_correction,0.03229473994108985,0.003701135766200346,88.53950899449342,0.044418928046689614,0.0024265107684256475,94.53721448235964
2.301,post_correction,0.029647028474367235,0.052549615069154315,-77.25086719766405,0.04074663565254471,0.07104051473255357,-74.34694569223153
2.3040000000000003,post_correction,0.027001463478533032,0.04989297223016653,-84.77877049083999,0.0370729338777857,0.0673306638056384,-81.61676663519553
2.307,post_correction,0.024359203632860118,0.047235575700767585,-93.9126435030399,0.03339984394871297,0.06361352108540111,-90.4605338368726
2.31,post_correction,0.02172196379235278,0.04457755959220357,-105.21882836347007,0.029730376397899105,0.05988917367072404,-101.44102068938524
2.313,post_correction,0.019092395731660064,0.041919088836699495,-119.55908219096332,0.02606922437069023,0.05615772464533495,-115.41770421245592
2.316,post_correction,0.01647482694242328,0.039260369581059384,-138.30520173758245,0.022424125367064875,0.05241929857736868,-133.76295716915138
2.319,post_correction,0.013876814948559175,0.036601664106560176,-163.7612754961506,0.018808767110146125,0.04867404958600791,-158.7838389457828
2.322,post_correction,0.0113127683288031,0.033943312748580964,-200.04426646092372,0.015249667095324555,0.04492217349172125,-194.57806003839968
2.325,post_correction,0.008813555763286946,0.03128576695978519,-254.9732684520669,0.011804722133251816,0.041163926683765915,-248.7072903462455
2.328,post_correction,0.006456503733430796,0.028629640712025155,-343.42328129983457,0.00862139731025246,0.037399656474390135,-333.80040529990333
2.331,post_correction,0.004474569839862074,0.025975793254799408,-480.5204563663732,0.0061354737667046605,0.033629852010054896,-448.1215190349899
2.334,post_correction,0.003564333801578087,0.023325467934849218,-554.4131171026128,0.005427510828434297,0.029855234019519387,-450.0723068687435
2.337,post_correction,0.004444538858110436,0.020680536666180912,-365.30219053980994,0.007066037654656151,0.026076922908260598,-269.0459092172721
2.34,post_correction,0.006417880043404721,0.018043956471555773,-181.15135137339453,0.009960675480425597,0.02229677827964566,-123.84805451660965
2.343,post_correction,0.045485872372497474,0.015420685709096195,66.09785653265794,0.0643055327173791,0.01851815445432435,71.20285973570721
2.346,post_correction,0.042812377291951975,0.012819696312089181,70.05609797216499,0.06051775166384366,0.014747813600022258,75.6305989655043
2.349,post_correction,0.040138771050415585,0.010258933039174729,74.44133746324924,0.05672472532539275,0.011001737186724255,80.60504105817267
2.352,post_correction,0.03746534043057472,0.007779501499460807,79.23547094446762,0.05292697229955675,0.007328420812297953,86.15371238161808
2.355,post_correction,0.034792455884533,0.005494442976474607,84.20794727825705,0.049125161840410735,0.003957608826081548,91.94382536807038
2.358,post_correction,0.03212060622665156,0.0037775161596322808,88.23958634847325,0.04532017719528231,0.002658948824477049,94.13296904595104
2.361,post_correction,0.029450452116893976,0.052845550790929834,-79.4388438628264,0.041513213871550554,0.07329377730134563,-76.55529520824365
2.364,post_correction,0.026782911322492282,0.050165684986115996,-87.30482426675873,0.037705937438011615,0.0694453029723427,-84.17604146962387
2.367,post_correction,0.024119300058815997,0.04748518867073963,-96.8763129731993,0.033900747322363256,0.06558969334738969,-93.47565622579133
2.37,post_correction,0.021461578364254216,0.04480421067232631,-108.76475118414825,0.030101239252657848,0.06172705538745796,-105.06483095046543
2.373,post_correction,0.018812800295244805,0.042122933841078194,-123.90570877279417,0.026313063377969816,0.05785751408183099,-119.88133137805329
2.376,post_correction,0.01617799738209384,0.039441586563884135,-143.79770643020962,0.02254563064615077,0.05398121868261757,-139.43095462638487
2.379,post_correction,0.013566062910276538,0.0367604593099486,-170.97367565723053,0.01881580825499955,0.050098351868465694,-166.2567091963964
2.382,post_correction,0.010994215371586655,0.034079928967180914,-209.98054718171846,0.015156821480822823,0.04620914357949626,-204.8735754918167
2.3850000000000002,post_correction,0.008500075775235087,0.03140049559830969,-269.41430204416315,0.01164269889996921,0.04231389255798638,-263.43714564411073
2.388,post_correction,0.006180032900095419,0.028722839666714243,-364.7683941338041,0.008465587602946686,0.03841300110961762,-353.75469384129815
2.391,post_correction,0.004326216288943887,0.026047914321215466,-502.0945921678425,0.006183128828652176,0.034507033616585206,-458.08369149098246
2.394,post_correction,0.0037201816808247806,0.02337710047831675,-528.3859898243986,0.005950333051288598,0.030596820131210702,-414.2034885691766
2.3970000000000002,post_correction,0.004856096872922081,0.020712480494366144,-326.52527402944355,0.007959286201021744,0.026683651423300172,-235.25181466492253
2.4,post_correction,0.006925286298342667,0.018057350420126884,-160.7451828301785,0.011055265638278208,0.022769675535001845,-105.96226522285616
2.403,post_correction,0.04536559763804916,0.01541725063729698,66.01554605253082,0.06570217885357797,0.018858787712643713,71.29655661089737
2.406,post_correction,0.04267011675183501,0.012802235263196276,69.99718717046697,0.061781383177985406,0.014958909634574073,75.78735071133146
2.4090000000000003,post_correction,0.039974749011932514,0.010232477159810544,74.40264813981412,0.05785591406006926,0.01108902514307619,80.83337663360923
2.412,post_correction,0.037279817065169286,0.007754299509691606,79.199738303071,0.05392637678623738,0.0073080741287080905,86.44805276334976
2.415,post_correction,0.03458573869010715,0.005494725321459543,84.11274262292612,0.04999355265762291,0.0039055646212072816,92.18786340719923
2.418,post_correction,0.03189306681382022,0.0038613190049205876,87.89292034077023,0.046058474195520914,0.0029430304778435,93.61023019271076
2.4210000000000003,post_correction,0.029202551532694767,0.0530870633636878,-81.78912655715123,0.04212254253040254,0.07535999411394598,-78.90656543240199
2.424,post_correction,0.026515239592859143,0.05038579971887722,-90.02581342861669,0.03818771722713313,0.071378524910073,-86.91487759147108
2.427,post_correction,0.023832640481660828,0.04768407272775523,-100.07884885624838,0.034256836192844524,0.06739028837604051,-96.72070122493336
2.43,post_correction,0.02115701719373291,0.04498204726881695,-112.61053416424622,0.030334181825968403,0.06339541406881644,-108.99002462807506
2.433,post_correction,0.018491925030812737,0.04227992576862396,-128.63993715188514,0.02642654345410279,0.059394051897982185,-124.75149654413508
2.436,post_correction,0.015843281602320614,0.03957796095890363,-149.80911122040857,0.022545358531963006,0.055386379219911755,-145.6664379117741
2.439,post_correction,0.013221682010736245,0.036876474229070054,-178.90909945592165,0.018711424547797034,0.05137261128887798,-174.55211204069585
2.442,post_correction,0.010647977948005434,0.03417588265376819,-220.96124560597886,0.014966461270577585,0.047353017075859045,-216.3942111616583
2.445,post_correction,0.008168662909190366,0.03147673986976908,-285.33527726251697,0.011405445523607614,0.043327943969414695,-279.8882198834947
2.448,post_correction,0.0059053452973282265,0.028779799815317548,-387.35168506299675,0.008278984818923606,0.039297857769935905,-374.67000640116197
2.451,post_correction,0.004223092777552821,0.026086119696024687,-517.7017903722436,0.006286636860934338,0.03526341027564202,-460.9264707934963
2.454,post_correction,0.003953197116862998,0.02339723335138659,-491.8559752960947,0.0065709619720285455,0.031225559500794507,-375.2052992197542
2.457,post_correction,0.005316850799103823,0.020715457857786477,-289.61894250028894,0.00892521988256925,0.02718579732174327,-204.59526688901533
2.46,post_correction,0.007468165556483756,0.01804446881030981,-141.6184894916243,0.0122113291498801,0.02314661563202015,-89.55033762436435
2.463,post_correction,0.045172482220501194,0.015390460802566881,65.92956586392316,0.06684298034130311,0.01911256217420556,71.40677738093663
2.466,post_correction,0.04245750630209488,0.012764709461933076,69.93532928874993,0.06279780041023963,0.015092978415870052,75.96575307212666
2.469,post_correction,0.03974293457165274,0.01018991165011032,74.36044479368056,0.05874876926253037,0.011110600720296038,81.08794301605512
2.472,post_correction,0.03702913242415402,0.007718301211646338,79.15613813676146,0.054696587853543345,0.007237820611476633,86.76732700245076
2.475,post_correction,0.03431657436006975,0.005492484034881927,83.99466107178549,0.050642161880459564,0.0038433487067459277,92.41077283426777
2.478,post_correction,0.03160589058030877,0.003954162747834276,87.48915890287294,0.046586690799628926,0.0032788191424760562,92.9618973011447
2.481,post_correction,0.028897939610307222,0.05325989342179246,-84.30342834129218,0.04253180768268553,0.0771541376239678,-81.40338214539807
2.484,post_correction,0.026193925545103497,0.050539837046710626,-92.94487555783016,0.03847980707634335,0.07304966579710669,-89.83896060647409
2.487,post_correction,0.02349559527804797,0.04781953167956146,-103.52551664966515,0.034434032377649325,0.06893903345467674,-100.20610046072952
2.49,post_correction,0.02080558683356644,0.04509915960284108,-116.76466020213815,0.03039956845406827,0.06482239482558974,-113.23458891705017
2.493,post_correction,0.018128081608049653,0.04237894453290866,-133.77511999995951,0.026384557334496135,0.06069992708763588,-130.05853885702518
2.496,post_correction,0.015470115863697469,0.03965916575791544,-156.35984957928179,0.022402888578272488,0.05657183845395523,-152.520286642061
2.499,post_correction,0.012844460830157776,0.03694017850080941,-187.5961785338377,0.018480222456391512,0.052438380115498756,-183.75405241597934
2.5020000000000002,post_correction,0.010276683530191628,0.03422244394677066,-233.0105850416561,0.014669060176715711,0.04829986436712293,-229.26352326094892
2.505,post_correction,0.007824957151425295,0.03150657472283961,-302.64213737069184,0.011091616774417036,0.04415669300011092,-298.1087148805838
2.508,post_correction,0.0056439509139425935,0.028793405928534244,-410.1640033297269,0.008074063558762216,0.04000940344035741,-395.5299540209589
2.511,post_correction,0.004182967701571797,0.026084110086842985,-523.5790459735462,0.006467024598199816,0.03585874704900194,-454.4860160108824
2.5140000000000002,post_correction,0.004262964463645433,0.02338039108053604,-448.4538114245157,0.007284132054600569,0.03170582910927711,-335.272574297333
2.517,post_correction,0.00582189046488385,0.02068482790504674,-255.29400681466467,0.009951648875792678,0.02755237555896491,-176.8624164984949
2.52,post_correction,0.00804205262953206,0.018001521255277174,-123.84237065512245,0.013412168088177192,0.023401283453052778,-74.47800608524268
2.523,post_correction,0.04489725074030259,0.01533740129267485,65.83888536652192,0.06766002333985797,0.01925788036179438,71.53728389205311
2.5260000000000002,post_correction,0.0421660988040188,0.012705122202234628,69.86886963082361,0.0635036912597071,0.015133234610025786,76.16951973998435
2.529,post_correction,0.039435714571657586,0.010130236745266412,74.31202437866561,0.05934459707961626,0.01105475537243538,81.37192614585553
2.532,post_correction,0.03670651426365064,0.007671650924814378,79.10002875862449,0.055183545559219775,0.0071121556410068,87.11181826224913
2.535,post_correction,0.03397904023669074,0.005489157189180079,83.8454613463365,0.05102157851750399,0.003778327889397108,92.59464720774784
2.5380000000000003,post_correction,0.03125401570987802,0.004057602977573473,87.01733877899395,0.046860079837893656,0.003663243315273517,92.18259267174527
2.541,post_correction,0.02853243056709931,0.0533501701991847,-86.98081144444343,0.04270094159799586,0.07859002852872161,-84.04753054066185
2.544,post_correction,0.025815680819640942,0.05061472776892075,-96.06195212334798,0.03854683692462556,0.07437726908834853,-92.95297622937457
2.547,post_correction,0.023105805059810327,0.04787929914467631,-107.21761921187674,0.03440168823916211,0.07015920855335009,-103.94117889098946
2.5500000000000003,post_correction,0.020405905924075415,0.04514408536191719,-121.23048851585183,0.030271513772148272,0.06593602683777373,-117.81542652300094
2.553,post_correction,0.017720947853043557,0.04240933317780009,-139.3175214412491,0.026166056804966142,0.061707929654822226,-135.8319792499666
2.556,post_correction,0.015059381830182971,0.03967535074444015,-163.4593583710075,0.022102169581951752,0.05747515773299655,-160.0430583065011
2.559,post_correction,0.012436767155812026,0.03694253021094997,-197.0428709335911,0.018111529326326207,0.053238000463041585,-193.94536211614624
2.562,post_correction,0.009884798593985522,0.034211381097612605,-246.10094249597324,0.014260334255825149,0.0489968166725857,-243.58813610958092
2.565,post_correction,0.007476983498041789,0.031482580920131245,-321.0599224724314,0.010706146706610306,0.04475206727722165,-318.0034937274896
2.568,post_correction,0.005410437525741946,0.028757054386697525,-431.51070038007697,0.007870481659831745,0.040504368546227944,-414.63646441041124
2.571,post_correction,0.004221714263908853,0.026036101802466537,-516.7187112838827,0.006741390555134074,0.036254582914928585,-437.7908699758984
2.574,post_correction,0.004643898501509004,0.023321616150509674,-402.1990929158221,0.008077405127738491,0.03200398223528176,-296.2161328936862
2.577,post_correction,0.0063648584475912914,0.020616468747607235,-223.91087590344299,0.011020567973568535,0.02775456093550774,-151.843289765769
2.58,post_correction,0.008641122750841623,0.01792523645158321,-107.44105793240048,0.014634973421906844,0.023509687776325772,-60.64045419539006
2.583,post_correction,0.04453243266117884,0.015255676282554668,65.74254903470879,0.06809187505860186,0.019275613386081924,71.69175710098631
2.586,post_correction,0.04178924359921917,0.012621996877689641,69.79606283678827,0.06384236148546862,0.015065491439244147,76.402045462129
2.589,post_correction,0.03904726200574726,0.010052975347359668,74.25433991791795,0.059591439554670216,0.010912525390443309,81.68776342375153
2.592,post_correction,0.0363069643661459,0.007615009738492761,79.0260357167362,0.055340024586521916,0.006928705067297205,87.47975788036659
2.595,post_correction,0.033568974033009444,0.005486582583851113,83.65579305922195,0.05108930504107335,0.0037218283712483124,92.71505382925811
2.598,post_correction,0.030834125995563958,0.00417300505467439,86.46627747686199,0.046840865912584906,0.004089824327907569,91.26868334257514
2.601,post_correction,0.02810356905201812,0.053345403644264586,-89.81718494731133,0.042596885409251384,0.07958787940570046,-86.83966830216936
2.604,post_correction,0.025378933050453904,0.05059875763007655,-99.37306871602937,0.03836046077175428,0.07528629490187622,-96.26014231119797
2.607,post_correction,0.022662614751356787,0.04785243536350061,-111.15143106174779,0.03413617304543941,0.07098051534048937,-107.93342957924911
2.61,post_correction,0.01995829219813454,0.04510665796538639,-126.0045975757506,0.029931120234593225,0.06667074592641496,-122.74724568898529
2.613,post_correction,0.01727190915481757,0.0423616970149477,-145.26354692603252,0.0257569338203214,0.06235722074436129,-142.09877301141893
2.616,post_correction,0.01461370602357732,0.03961789193125358,-171.1009231151581,0.02163403722442114,0.05804021324268053,-168.28193295869448
2.619,post_correction,0.012002813702438527,0.03687567507013793,-207.22525554692365,0.01760154474592206,0.0537200518010345,-205.20077968429675
2.622,post_correction,0.009478874989865566,0.034135608833556014,-260.12299845764863,0.013743038075740325,0.049397143503759136,-259.4339419822801
2.625,post_correction,0.007135349985469794,0.03139844204561345,-340.0406722802983,0.010261631861168696,0.04507201163866333,-339.2284994087684
2.628,post_correction,0.0052218366006953135,0.028665198297009635,-448.94858818816203,0.007694155455372217,0.04074535712700016,-429.56243688254216
2.6310000000000002,post_correction,0.004349611502246789,0.025937319449053083,-496.3134738735902,0.007117573490513715,0.03641816377179247,-411.66544076194657
2.634,post_correction,0.005086668680283134,0.02321690874485994,-356.4265967400817,0.008931333971080304,0.032091888581204424,-259.31797741656607
2.637,post_correction,0.006938193892786364,0.020507163689083115,-195.5691928760365,0.012108303204978106,0.02776882951695048,-129.33708420461286
2.64,post_correction,0.009258359502605855,0.017813194277470856,-92.40119453621519,0.015851410122050297,0.023452897867418016,-47.95464685374318
2.6430000000000002,post_correction,0.044073180257184354,0.015143686195713107,65.63967903531413,0.0680904234043475,0.01915142600091908,71.87353956195801
2.646,post_correction,0.041322849756283586,0.012514597811190865,69.71506591389456,0.06377017152850865,0.014880066676246768,76.66610216095376
2.649,post_correction,0.038574244103562694,0.009958333947887376,74.18398161957079,0.05945010376119809,0.01067917313560771,82.03674601056323
2.652,post_correction,0.03582791104609699,0.007549643349722052,78.92803925964729,0.05513125094403445,0.006689304538214812,87.86658306555506
2.6550000000000002,post_correction,0.033084570377555904,0.005486960572157331,83.41534887852252,0.05081495701115357,0.00368825495453852,92.74179263060485
2.658,post_correction,0.03034519108812785,0.004301409224912276,85.82507121994976,0.046503023380798585,0.004548705561800791,90.21847348600782
2.661,post_correction,0.027611113834139448,0.05323555331046746,-92.80480182818619,0.04219794091784939,0.08008279304566568,-89.77891172834762
2.664,post_correction,0.02488425284953714,0.050482580298137444,-102.86958424422393,0.037903277714761825,0.07571618718556146,-99.7615819807399
2.6670000000000003,post_correction,0.0221674439402605,0.04773028389900153,-115.31703893164614,0.03362435845745811,0.07134670898238583,-112.18756953431374
2.67,post_correction,0.019465076677659603,0.0449789066407532,-131.07490088840106,0.02936952288795634,0.0669745869548594,-128.04111326685492
2.673,post_correction,0.016784317799391105,0.04222874674675009,-151.59644408235673,0.0251526188308624,0.06260008178780717,-148.8809702431324
2.676,post_correction,0.014137667153372455,0.03948017741828219,-179.25524763018936,0.020998359906012364,0.05822349821727742,-177.27640862373516
2.6790000000000003,post_correction,0.011548818392976234,0.036733674711376056,-218.07301371815458,0.016955029413197313,0.053845202730897025,-217.57658107620534
2.682,post_correction,0.009067660319051958,0.033989858814160286,-274.84706769115047,0.01312818890556003,0.04946565068789928,-276.7896017016457
2.685,post_correction,0.006813161414421462,0.031249556851260418,-358.664560406778,0.009778821971173817,0.045085429259952466,-361.0517441963468
2.688,post_correction,0.005095922606035532,0.028513901468599567,-459.54345607266765,0.007573783298924562,0.04070532808875125,-437.4503927849533
2.691,post_correction,0.00456866357291286,0.025784491270169643,-464.3771063171134,0.007590572832812135,0.03632646098056108,-378.5733801740356
2.694,post_correction,0.0055797609651791315,0.023063663169578683,-313.3450037288157,0.00982048442424087,0.03195048736317898,-225.3453290380711
2.697,post_correction,0.007533437794126776,0.020354978399575174,-170.19508165905793,0.013186586801238452,0.02758004352297156,-109.15225401907118
2.7,post_correction,0.009885848447112718,0.017664143257176478,-78.68110513403133,0.01702919677362048,0.023219657210799986,-36.35204008429217
2.703,post_correction,0.043517974168234046,0.015000884670882137,65.52945085887744,0.0676272668584584,0.018877915611146528,72.08534887169495
2.706,post_correction,0.04076603251394226,0.012383125000417447,69.62391423256032,0.06326246351054352,0.014573442152469866,76.96352411246046
2.709,post_correction,0.03801640955704197,0.009847330266055313,74.09715861967496,0.05889962440888973,0.01035536232295247,82.41862757720823
2.712,post_correction,0.035269737079277344,0.007477465266210274,78.79920326765452,0.05453989890373344,0.006400690194757001,88.26420597871908
2.715,post_correction,0.03252684939255697,0.005492758753973197,83.11315465053899,0.05018479329976439,0.0036925627659731342,92.64206839725996
2.718,post_correction,0.029788875700769286,0.004443407990211233,85.0836666853577,0.045836339025549844,0.005027090170692894,89.03252249729037
2.721,post_correction,0.02705738765439337,0.05301401996183651,-95.93177522896782,0.041497365030713926,0.08003276722914804,-92.86228696668441
2.724,post_correction,0.024334644392092954,0.050260151213847824,-106.53743857534583,0.037171957538195896,0.07562840799032039,-103.45554283120205
2.727,post_correction,0.021624018394463176,0.04750734775746203,-119.6971297879874,0.03286627456050813,0.07122266144480777,-116.70439499823442
2.73,post_correction,0.01893077651821024,0.044755874866749076,-136.41858971657442,0.028590074738682653,0.06681577595211932,-133.70269774677058
2.733,post_correction,0.016263607841965285,0.04200605930505987,-158.282539232598,0.02435979352277271,0.06240803550711224,-156.1927934601342
2.736,post_correction,0.01363785380159552,0.039258310721089665,-187.8628213223459,0.02020527539504168,0.05799977315023016,-187.0526237146124
2.739,post_correction,0.011083002106554754,0.03651315262089091,-229.45182424260437,0.016186058654855725,0.053591390999972406,-231.09598910229636
2.742,post_correction,0.008661996770212598,0.033771268292030296,-289.87856019717054,0.012435291023748216,0.04918339105259016,-295.51459598864636
2.745,post_correction,0.006525468924687161,0.031033570784569857,-375.5761025412844,0.009285664399167667,0.044776424144464956,-382.2102352576791
2.748,post_correction,0.005048351944479475,0.02830131294417478,-460.604990607343,0.00753471277913907,0.040371370895287494,-435.80504099720173
2.751,post_correction,0.0048723810743536095,0.025576266805325255,-424.9233673439287,0.008142428926407468,0.03596948189268191,-341.75371032132614
2.754,post_correction,0.006110757292159086,0.022861028719340912,-274.11122102124153,0.010715343354585008,0.03157263450928699,-194.64883638821817
2.757,post_correction,0.008141611487572836,0.020159564974829767,-147.61148337280466,0.01422459257223046,0.02718383713130548,-91.10450435237294
2.7600000000000002,post_correction,0.010515182926640184,0.017478247585225808,-66.21914908341462,0.018134632612022996,0.022808309740962547,-25.77210814759474
2.763,post_correction,0.04286907998582541,0.014827967818665383,65.41104258927827,0.06669829723769397,0.01845608014807002,72.32900851681754
2.766,post_correction,0.04012151492713409,0.01222884352128535,69.52048410062649,0.06231769918508787,0.014149272876888611,77.29493697309925
2.769,post_correction,0.037376935563606925,0.009721856468882501,73.9896909088811,0.05794096021146184,0.009947705321032303,82.83130744687855
2.7720000000000002,post_correction,0.03463607249190497,0.007401012763600983,78.63206700086818,0.05356934932850255,0.006074533020004789,88.66043157859913
2.775,post_correction,0.03189989558445803,0.0055065548654969565,82.73801601977716,0.04920454023250916,0.003746343979053002,92.38618232921154
2.778,post_correction,0.029169724955539537,0.004599057000301687,84.23345778093018,0.044848806160939426,0.005510139901950491,87.71396526770988
2.781,post_correction,0.026447409370077044,0.05267838478337331,-99.18164401755867,0.04050533823431063,0.0794245235743368,-96.08408924989327
2.7840000000000003,post_correction,0.023735624669666985,0.04992941615319056,-110.3564445767379,0.03617878813073338,0.07501184204876818,-107.33652486564816
2.787,post_correction,0.021038396661022016,0.04718192780890483,-124.26579633950489,0.03187624078182942,0.07059934618491041,-121.47952347365417
2.79,post_correction,0.018362068995941824,0.0444362091800966,-142.00001203523084,0.02760906533388059,0.06618729959084298,-139.73031607709274
2.793,post_correction,0.01571721587793848,0.041692617593079455,-165.2671943737913,0.02339670002869459,0.06177600514190363,-164.0372576736857
2.7960000000000003,post_correction,0.01312272865927817,0.03895160201427961,-196.82547757885425,0.019275090477257426,0.05736582002444427,-197.61634630005958
2.799,post_correction,0.010615379136817099,0.03621373746304064,-241.144079700755,0.015317500122137484,0.05295717827879659,-245.7299027682767
2.802,post_correction,0.008274436011115126,0.033479776107134186,-304.61701633997166,0.01169127584577999,0.048550625583449226,-315.2722613329986
2.805,post_correction,0.006288083369728462,0.03075072523951287,-389.0317674150172,0.008814494700648552,0.044146874782330946,-400.8440787772294
2.8080000000000003,post_correction,0.005089266124744894,0.028027970080697164,-450.7271459910558,0.007591797535678125,0.039746898130715254,-423.55055497623897
2.811,post_correction,0.005247930438872151,0.025313474337033227,-382.35155995081027,0.008745465182231429,0.035352087986794775,-304.2333626645872
2.814,post_correction,0.006667256988904999,0.02261012195162418,-239.12180060330275,0.011584957557205145,0.030964553275236024,-167.2824058468642
2.817,post_correction,0.008753654476227694,0.01992232934592226,-127.5887105211354,0.015191703380986353,0.026587706628560526,-75.0146508378856
2.82,post_correction,0.011137942355042929,0.017257209665536462,-54.94073425261455,0.019135747563067858,0.022227536525481317,-16.15713706623428
2.823,post_correction,0.0421326452471425,0.01462695117721197,65.28356790461906,0.06532531958572652,0.01789570767390455,72.60525047960924
2.826,post_correction,0.03939568362071565,0.01205411239077446,69.40245406876002,0.06095874572359826,0.013618433897467093,77.65958971791123
2.829,post_correction,0.036662443108093946,0.009584652183650899,73.85702814350934,0.056597953670294535,0.009468465056643699,83.27065831425416
2.832,post_correction,0.03393377012744884,0.007323340768903351,78.41872346810193,0.05224433186206761,0.005726650276977134,89.03871468373583
2.835,post_correction,0.031210794424189826,0.005530828469686762,82.27911665907449,0.047899724900993174,0.003854005589660894,91.9540131021066
2.838,post_correction,0.028495062651900088,0.004767836712991603,83.26784969299348,0.043566658084882255,0.005982267721254934,86.26870183708031
2.841,post_correction,0.02578875448876226,0.05223074630892101,-102.53303172001247,0.039248707482673416,0.07827575701455958,-99.43524776991673
2.844,post_correction,0.023095046685482443,0.04949261377353741,-114.29969139074525,0.034951137310548615,0.07388476048102109,-111.39443854012129
2.847,post_correction,0.020418755959346304,0.04675639189851932,-128.9874661884945,0.030682056183601182,0.06949552503186532,-126.50217643825644
2.85,post_correction,0.017767539325647393,0.04402239581285204,-147.76866962835894,0.026454648636164698,0.0651083244151735,-146.112981164934
2.853,post_correction,0.015154287836661525,0.041291015619830965,-172.47084168441748,0.022291813920743718,0.06072347541895649,-172.40257627689087
2.856,post_correction,0.012602284088469452,0.03856274274083761,-205.99804345087617,0.018236701259285188,0.056341354636178155,-208.94487898403247
2.859,post_correction,0.010157320919379821,0.035838208143324016,-252.83130687488608,0.014379158223422566,0.05196242366755298,-261.3731962620044
2.862,post_correction,0.007918517887835572,0.03311823917556693,-318.2378526471876,0.010928143823785128,0.04758726815404865,-335.4560931974089
2.865,post_correction,0.006115704706549669,0.030403946425005556,-397.14542941296975,0.008397384770468025,0.04321666035514069,-414.64427957529483
2.868,post_correction,0.0052207536030287735,0.027696860715630888,-430.51461190512424,0.007744521959598115,0.03885166363739692,-401.6663887077808
2.871,post_correction,0.005679250030256944,0.024999157207870524,-340.1841277401815,0.00936733730761139,0.034493815598001604,-268.2350113513453
2.874,post_correction,0.0072375207194483844,0.022314037891352827,-208.31052174249962,0.012399924494522792,0.03014546840101108,-143.11009647136746
2.8770000000000002,post_correction,0.009360881972074499,0.019646417894332295,-109.8778507510482,0.016060534198646708,0.025810468944634138,-60.70741250193893
2.88,post_correction,0.011746182766965499,0.01700423224072648,-44.763899711730296,0.020005514214374763,0.021495649553091925,-7.448623028377047
2.883,post_correction,0.041318388945565054,0.014401106557578607,65.14601143681726,0.06355417577034068,0.01721451565084905,72.91363558382785
2.886,post_correction,0.03859825866507194,0.011862293142907807,69.26728419061519,0.059230854682651136,0.01299801276426206,78.05533478471109
2.8890000000000002,post_correction,0.0358826482578328,0.009439175931638184,73.69431636201013,0.05491517688515198,0.00893439661615355,83.73055114647325
2.892,post_correction,0.033172539368941066,0.007247833763292363,78.15110358998204,0.05060864925705286,0.005375400928370773,89.37849358304767
2.895,post_correction,0.030469249428744974,0.005567728537874036,81.72672894061712,0.04631328989131531,0.004011089580882482,91.33922554347701
2.898,post_correction,0.02777459251534443,0.004948673082486204,82.18273380697757,0.04203188530811812,0.006428621715495065,84.70536910640689
2.9010000000000002,post_correction,0.025091141180762305,0.05167757759798209,-105.95945487566719,0.037768418240662294,0.07663318804755553,-102.90282626941097
2.904,post_correction,0.022422670447252727,0.048956121421810266,-118.33314429240285,0.033528812169276785,0.07229279470105056,-115.6139452124525
2.907,post_correction,0.019774947621744064,0.0462370105020599,-133.81609593351732,0.029322298615274592,0.06795565537225454,-131.75418906911696
2.91,post_correction,0.017157218348361328,0.04352058740935976,-153.65759487181893,0.02516409403747666,0.06362204900721277,-152.82868881534552
2.9130000000000003,post_correction,0.014585192361545691,0.04080727748769478,-179.78566532508972,0.02108105714922955,0.05929230147528713,-181.25867244496362
2.916,post_correction,0.012087510903087318,0.03809761806917743,-215.18166456790348,0.017124770029050503,0.05496680411815324,-220.97834905173858
2.919,post_correction,0.009720907228127032,0.0353923009172621,-264.084339935433,0.01340487314780356,0.05064604172582004,-277.81813499755935
2.922,post_correction,0.00760770661774451,0.03269223540686347,-329.7252384918581,0.010179608444400409,0.04633063602895741,-355.13180867426126
2.9250000000000003,post_correction,0.006019616972544217,0.029998645208067814,-398.3480733889412,0.00806040923815943,0.042021415737401785,-421.3310453080326
2.928,post_correction,0.005436502231282635,0.02731322099334237,-402.4043002535172,0.00797716808216505,0.03771953409920844,-372.8436672099196
2.931,post_correction,0.006149766992002108,0.024638370593286846,-300.63909129125585,0.00997612294459086,0.033426676223808904,-235.06680310042825
2.934,post_correction,0.007810923835440704,0.021977646559011133,-181.37064221893186,0.013135202029078816,0.02914544732920991,-121.88807804164323
2.9370000000000003,post_correction,0.009955407654074872,0.019336514276147722,-94.23126553971947,0.016809609160360835,0.02488015598081762,-48.01150784331229
2.94,post_correction,0.012332872595310088,0.016723815548776787,-35.60357021069427,0.020724477116943668,0.020638551220179838,0.41461068609340296
2.943,post_correction,0.040438918987456954,0.014154758522087639,64.99718865759478,0.06144969277928495,0.016436186918717868,73.25261335682609
2.946,post_correction,0.03774161681324353,0.011657542203457766,69.11223421841554,0.057196691644094314,0.012309430378174177,78.4787720682003
2.949,post_correction,0.03504969227125779,0.009289384168217117,73.49653144933657,0.052953054608610474,0.008364943123919034,84.20309614667848
2.952,post_correction,0.032364284124249555,0.007177954626787784,77.82137062191477,0.048720405950840394,0.00503946716720755,89.6563522637877
2.955,post_correction,0.029686928898835858,0.005618856591603834,81.07296106393757,0.04450093954325222,0.004205687840124282,90.54921562715185
2.958,post_correction,0.02701975435906483,0.005140014068152473,80.97682902721114,0.04029771173571017,0.006836475256677468,83.03507826569898
2.961,post_correction,0.024365796194968085,0.033238109306901874,-36.41298253067576,0.03611513292452556,0.046831031081264914,-29.671490283958647
2.964,post_correction,0.021729538351253446,0.030559258106050414,-40.6346403318211,0.031959832201566354,0.04257456953132328,-33.212744243496665
2.967,post_correction,0.019117880436251525,0.027888639269797278,-45.87725539340935,0.02784226494739959,0.0383260581622099,-37.65423982070638
2.97,post_correction,0.016541969582796294,0.025228558493142244,-52.5124222171224,0.02377990562013376,0.03408705787406621,-43.343957787644385
2.973,post_correction,0.014020900212963896,0.022582381791631464,-61.062281655435484,0.01980410585572192,0.029859949936215813,-50.77656196019827
2.976,post_correction,0.011589737028150556,0.019955220820630892,-72.18010013653664,0.01597621989452916,0.02564860442670573,-60.54238484466998
2.979,post_correction,0.009318114085978471,0.017355212790893852,-86.25241793303742,0.012429133805325067,0.021459821315665924,-72.65741645223741
2.982,post_correction,0.007354060295097474,0.014796071611904634,-101.19595187121756,0.009477294294016055,0.0173068157502084,-82.61346765538227
2.985,post_correction,0.006005589465600296,0.012302571945534522,-104.85203019625325,0.007818490758126512,0.013219063742060187,-69.0743667928537
2.988,post_correction,0.00572377693181515,0.009923352394958396,-73.37070457446107,0.008263850938210098,0.009276903350985239,-12.258841796032712
2.991,post_correction,0.00664415909054307,0.007762923916082313,-16.83832085134192,0.010544290772036356,0.005775658469371385,45.22477998531174
2.994,post_correction,0.008378264454948997,0.006058317881216688,27.69006142270824,0.013772213740985374,0.00406360404267636,70.4941840208064
2.997,post_correction,0.01053047876936098,0.005269989115827908,49.95489539220916,0.017425159005736744,0.00594971646843407,65.85559726327149
3.0,post_correction,0.012892217057807583,0.0057836247657413725,55.1386333335213,0.02128228091237058,0.009480937390022075,55.45149775505892
