alpha,time,pos_err_noNN,pos_err_surrogate,pos_excess_surrogate_minus_noNN,vel_err_noNN,vel_err_surrogate,vel_excess_surrogate_minus_noNN,after_event_exit
0.25,0.0,1.583578631377114e-18,1.583578631377114e-18,0.0,1.583578631377114e-18,1.583578631377114e-18,0.0,0
0.25,0.08340283569641367,0.059154493581330965,0.059154493581330965,0.0,0.05392220097263249,0.05392220097263249,0.0,0
0.25,0.16680567139282734,0.056600188707966306,0.056600188707966306,0.0,0.05151989711062812,0.05151989711062812,0.0,0
0.25,0.25020850708924103,0.054047368528021764,0.054047368528021764,0.0,0.049123604818109304,0.049123604818109304,0.0,0
0.25,0.3336113427856547,0.051494204736431536,0.051494204736431536,0.0,0.04673142689546512,0.04673142689546512,0.0,0
0.25,0.41701417848206834,0.048938886642817335,0.048938886642817335,0.0,0.044341451362561644,0.044341451362561644,0.0,0
0.25,0.5004170141784821,0.04637963322690169,0.04637963322690169,0.0,0.04195176409521478,0.04195176409521478,0.0,0
0.25,0.5838198498748957,0.04381470546063864,0.04381470546063864,0.0,0.039560462139448416,0.039560462139448416,0.0,0
0.25,0.6672226855713094,0.04124241899440836,0.04124241899440836,0.0,0.037165667868107766,0.037165667868107766,0.0,0
0.25,0.7506255212677231,0.03866115737872603,0.03866115737872603,0.0,0.03476554423747107,0.03476554423747107,0.0,0
0.25,0.8340283569641367,0.03606938611722905,0.03606938611722905,0.0,0.032358311558795,0.032358311558795,0.0,0
0.25,0.9174311926605504,0.033465668062635415,0.033465668062635415,0.0,0.029942266477141814,0.029942266477141814,0.0,0
0.25,1.0008340283569641,0.03084868105647196,0.03084868105647196,0.0,0.027515804359653423,0.027515804359653423,0.0,0
0.25,1.0842368640533777,0.028217239444037208,0.028217239444037208,0.0,0.025077447274432188,0.025077447274432188,0.0,0
0.25,1.1676396997497913,0.025570322534855368,0.025570322534855368,0.0,0.02262588171756145,0.02262588171756145,0.0,0
0.25,1.2510425354462051,0.022907116075215134,0.022907116075215134,0.0,0.020160014479025837,0.020160014479025837,0.0,0
0.25,1.3344453711426187,0.020227079472737663,0.020227079472737663,0.0,0.017679064780414547,0.017679064780414547,0.0,0
0.25,1.4178482068390323,0.01753006764652062,0.01753006764652062,0.0,0.015182735320794697,0.015182735320794697,0.0,0
0.25,1.5012510425354462,0.01481657959375332,0.01481657959375332,0.0,0.012671573849783277,0.012671573849783277,0.0,0
0.25,1.5846538782318598,0.012088337897176463,0.012088337897176463,0.0,0.01014786201937364,0.01014786201937364,0.0,0
0.25,1.6680567139282734,0.00934988618172674,0.00934988618172674,0.0,0.007618269076621804,0.007618269076621804,0.0,0
0.25,1.7514595496246872,0.006614171679868396,0.006614171679868396,0.0,0.005104391264556382,0.005104391264556382,0.0,0
0.25,1.8348623853211008,0.003931340188932513,0.003931340188932513,0.0,0.002711406618973392,0.002711406618973392,0.0,0
0.25,1.9182652210175144,0.0017014742035664123,0.0017014742035664123,0.0,0.00150297208784631,0.00150297208784631,0.0,0
0.25,2.0016680567139282,0.06124901095817341,0.06124901095817341,0.0,0.05607573671385058,0.05607573671385058,0.0,0
0.25,2.0850708924103416,0.05846674098646835,0.05846674098646835,0.0,0.053564120818168394,0.053564120818168394,0.0,0
0.25,2.1684737281067554,0.05566331903317516,0.05566331903317516,0.0,0.051029172487859494,0.051029172487859494,0.0,0
0.25,2.2518765638031693,0.05283918958561407,0.05283918958561407,0.0,0.048470844763508956,0.048470844763508956,0.0,0
0.25,2.3352793994995826,0.04999498849638833,0.04999498849638833,0.0,0.045889339334726595,0.045889339334726595,0.0,0
0.25,2.4186822351959965,0.04713154568519692,0.04713154568519692,0.0,0.043285114112718605,0.043285114112718605,0.0,0
0.25,2.5020850708924103,0.044249888322338504,0.044249888322338504,0.0,0.04065888962701377,0.04065888962701377,0.0,0
0.25,2.5854879065888237,0.04135124551306666,0.04135124551306666,0.0,0.03801165478738841,0.03801165478738841,0.0,0
0.25,2.6688907422852375,0.03843705617852802,0.03843705617852802,0.0,0.03534467306933187,0.03534467306933187,0.0,0
0.25,2.7522935779816513,0.03550898299729714,0.03550898299729714,0.0,0.03265949106571499,0.03265949106571499,0.0,0
0.25,2.8356964136780647,0.03256893737356761,0.03256893737356761,0.0,0.029957952923540053,0.029957952923540053,0.0,0
0.25,2.9190992493744785,0.029619124358970756,0.029619124358970756,0.0,0.027242227136439288,0.027242227136439288,0.0,0
0.25,3.0025020850708923,0.02666212431937647,0.02666212431937647,0.0,0.024514858012111895,0.024514858012111895,0.0,0
0.25,3.0859049207673057,0.023701044721757523,0.023701044721757523,0.0,0.021778866491217817,0.021778866491217817,0.0,0
0.25,3.1693077564637195,0.020739812948136916,0.020739812948136916,0.0,0.019037953124831957,0.019037953124831957,0.0,0
0.25,3.2527105921601334,0.01778377350778968,0.01778377350778968,0.0,0.016296926004596902,0.016296926004596902,0.0,0
0.25,3.3361134278565467,0.014841005861699523,0.014841005861699523,0.0,0.01356267067269843,0.01356267067269843,0.0,0
0.25,3.4195162635529606,0.011925567654838706,0.011925567654838706,0.0,0.010846598570725372,0.010846598570725372,0.0,0
0.25,3.5029190992493744,0.009066782749749992,0.009066782749749992,0.0,0.008171885492340407,0.008171885492340407,0.0,0
0.25,3.5863219349457878,0.006342100098320742,0.006342100098320742,0.0,0.005600501794142889,0.005600501794142889,0.0,0
0.25,3.6697247706422016,0.004027797209192917,0.004027797209192917,0.0,0.0033731050872542272,0.0033731050872542272,0.0,0
0.25,3.7531276063386154,0.0031811668848608725,0.0031811668848608725,0.0,0.0025950134492640315,0.0025950134492640315,0.0,0
0.25,3.836530442035029,0.004666731159877029,0.004666731159877029,0.0,0.004159456677326639,0.004159456677326639,0.0,0
0.25,3.9199332777314426,0.007143057441255982,0.007143057441255982,0.0,0.0065496741740726705,0.0065496741740726705,0.0,0
0.25,4.0033361134278564,0.05442681721836089,0.05442681721836089,0.0,0.051358254175978064,0.051358254175978064,0.0,0
0.25,4.08673894912427,0.05142688103658763,0.05142688103658763,0.0,0.04853938620689752,0.04853938620689752,0.0,0
0.25,4.170141784820683,0.048436431829916894,0.048436431829916894,0.0,0.04572809064369683,0.04572809064369683,0.0,0
0.25,4.253544620517097,0.04545710984182426,0.04545710984182426,0.0,0.04292657619761061,0.04292657619761061,0.0,0
0.25,4.336947456213511,0.04249044091602157,0.04249044091602157,0.0,0.04013685899951181,0.04013685899951181,0.0,0
0.25,4.420350291909925,0.03953782997304714,0.03953782997304714,0.0,0.037360737490775085,0.037360737490775085,0.0,0
0.25,4.5037531276063385,0.03660055857566666,0.03660055857566666,0.0,0.034599769185205,0.034599769185205,0.0,0
0.25,4.587155963302752,0.033679788155915685,0.033679788155915685,0.0,0.031855249235998424,0.031855249235998424,0.0,0
0.25,4.670558798999165,0.030776571586106628,0.030776571586106628,0.0,0.029128190756168293,0.029128190756168293,0.0,0
0.25,4.753961634695579,0.027891877909696838,0.027891877909696838,0.0,0.026419306983735565,0.026419306983735565,0.0,0
0.25,4.837364470391993,0.025026639330648432,0.025026639330648432,0.0,0.023728995792570796,0.023728995792570796,0.0,0
0.25,4.920767306088407,0.022181838642520057,0.022181838642520057,0.0,0.021057328041149178,0.021057328041149178,0.0,0
0.25,5.004170141784821,0.01935867590662326,0.01935867590662326,0.0,0.018404043606772013,0.018404043606772013,0.0,0
0.25,5.087572977481234,0.016558904195285024,0.016558904195285024,0.0,0.015768564819239456,0.015768564819239456,0.0,0
0.25,5.170975813177647,0.013785564552130088,0.013785564552130088,0.0,0.013150053067127021,0.013150053067127021,0.0,0
0.25,5.254378648874061,0.011044793321787316,0.011044793321787316,0.0,0.01054758498266609,0.01054758498266609,0.0,0
0.25,5.337781484570475,0.008351055037298633,0.008351055037298633,0.0,0.007960720001573149,0.007960720001573149,0.0,0
0.25,5.421184320266889,0.005746383547523718,0.005746383547523718,0.0,0.005391752784704161,0.005391752784704161,0.0,0
0.25,5.504587155963303,0.0034016808123498634,0.0034016808123498634,0.0,0.002860071981987471,0.002860071981987471,0.0,0
0.25,5.5879899916597155,0.002271223032074118,0.002271223032074118,0.0,0.0007737692735555062,0.0007737692735555062,0.0,0
0.25,5.671392827356129,0.003684912527668806,0.003684912527668806,0.0,0.002510016534877639,0.002510016534877639,0.0,0
0.25,5.754795663052543,0.006054944851185939,0.006054944851185939,0.0,0.005033760521425158,0.005033760521425158,0.0,0
0.25,5.838198498748957,0.008618474641959402,0.008618474641959402,0.0,0.007605881103253959,0.007605881103253959,0.0,0
0.25,5.921601334445371,0.05082766876700201,0.05082766876700201,0.0,0.048012622920073154,0.048012622920073154,0.0,0
0.25,6.005004170141785,0.04810896692457359,0.04810896692457359,0.0,0.04554234816012855,0.04554234816012855,0.0,0
0.25,6.088407005838198,0.04540263634421064,0.04540263634421064,0.0,0.04308189805336178,0.04308189805336178,0.0,0
0.25,6.171809841534611,0.04270762229916759,0.04270762229916759,0.0,0.040625846783900674,0.040625846783900674,0.0,0
0.25,6.255212677231025,0.040022982872890675,0.040022982872890675,0.0,0.03816957159989122,0.03816957159989122,0.0,0
0.25,6.338615512927439,0.03734791387717683,0.03734791387717683,0.0,0.03571067173814549,0.03571067173814549,0.0,0
0.25,6.422018348623853,0.03468171749475113,0.03468171749475113,0.0,0.03325010722881754,0.03325010722881754,0.0,0
0.25,6.505421184320267,0.03202371045674186,0.03202371045674186,0.0,0.030791936268754157,0.030791936268754157,0.0,0
0.25,6.58882402001668,0.02937313381834869,0.02937313381834869,0.0,0.028340900860771723,0.028340900860771723,0.0,0
0.25,6.6722268557130935,0.026729227173818326,0.026729227173818326,0.0,0.025898654408699037,0.025898654408699037,0.0,0
0.25,6.755629691409507,0.024091723642989164,0.024091723642989164,0.0,0.023460890279742682,0.023460890279742682,0.0,0
0.25,6.839032527105921,0.021462094923302928,0.021462094923302928,0.0,0.021017263820913522,0.021017263820913522,0.0,0
0.25,6.922435362802335,0.018846046638326393,0.018846046638326393,0.0,0.018554296636438,0.018554296636438,0.0,0
0.25,7.005838198498749,0.016258346318767297,0.016258346318767297,0.0,0.016060958648571474,0.016060958648571474,0.0,0
0.25,7.089241034195162,0.013732679664787707,0.013732679664787707,0.0,0.013539292376109822,0.013539292376109822,0.0,0
0.25,7.1726438698915755,0.011343191064707868,0.011343191064707868,0.0,0.011030751256880744,0.011030751256880744,0.0,0
0.25,7.256046705587989,0.009252002999483963,0.009252002999483963,0.0,0.008693605972342418,0.008693605972342418,0.0,0
0.25,7.339449541284403,0.007792080710317899,0.007792080710317899,0.0,0.007020002410280883,0.007020002410280883,0.0,0
0.25,7.422852376980817,0.007462621619501461,0.007462621619501461,0.0,0.00704360119870841,0.00704360119870841,0.0,0
0.25,7.506255212677231,0.008516764280664859,0.008516764280664859,0.0,0.009337204230582935,0.009337204230582935,0.0,0
0.25,7.589658048373644,0.010656911909393156,0.010656911909393156,0.0,0.013343480842282665,0.013343480842282665,0.0,0
0.25,7.673060884070058,0.013465074849893649,0.013465074849893649,0.0,0.018594791278898685,0.018594791278898685,0.0,0
0.25,7.756463719766471,0.016679649769913717,0.016679649769913717,0.0,0.02496777254448842,0.02496777254448842,0.0,0
0.25,7.839866555462885,0.020154874159475644,0.020154874159475644,0.0,0.032465792076315815,0.032465792076315815,0.0,0
0.25,7.923269391159299,0.0570855090445553,0.0570855090445553,0.0,0.09424596842798164,0.09424596842798164,0.0,0
0.25,8.006672226855713,0.054906936512185034,0.054906936512185034,0.0,0.09474948528961169,0.09474948528961169,0.0,0
0.25,8.090075062552126,0.05254886228427723,0.05254886228427723,0.0,0.09366342608081589,0.09366342608081589,0.0,0
0.25,8.17347789824854,0.04996355135042552,0.04996355135042552,0.0,0.09047094599482149,0.09047094599482149,0.0,0
0.25,8.256880733944953,0.047123550168738204,0.047123550168738204,0.0,0.0849474795289279,0.0849474795289279,0.0,0
0.25,8.340283569641366,0.044035679523901715,0.044035679523901715,0.0,0.07732019381694248,0.07732019381694248,0.0,0
0.25,8.423686405337781,0.040744985874572204,0.040744985874572204,0.0,0.06823751873689503,0.06823751873689503,0.0,0
0.25,8.507089241034194,0.037324320125285367,0.037324320125285367,0.0,0.05854454290066382,0.05854454290066382,0.0,0
0.25,8.590492076730609,0.033855066588661484,0.033855066588661484,0.0,0.04901156889476988,0.04901156889476988,0.0,0
0.25,8.673894912427022,0.030409606837100152,0.030409606837100152,0.0,0.040168364502997364,0.040168364502997364,0.0,0
0.25,8.757297748123435,0.027042236243737937,0.027042236243737937,0.0,0.03228043790768942,0.03228043790768942,0.0,0
0.25,8.84070058381985,0.023788526580269125,0.023788526580269125,0.0,0.025411454827992983,0.025411454827992983,0.0,0
0.25,8.924103419516262,0.020669749012264964,0.020669749012264964,0.0,0.0195056210063349,0.0195056210063349,0.0,0
0.25,9.007506255212677,0.017699369636545215,0.017699369636545215,0.0,0.014455254249113524,0.014455254249113524,0.0,0
0.25,9.09090909090909,0.014890602730122457,0.014890602730122457,0.0,0.01014893417611751,0.01014893417611751,0.0,0
0.25,9.174311926605505,0.012266355533716855,0.012266355533716855,0.0,0.006519817667720526,0.006519817667720526,0.0,0
0.25,9.257714762301918,0.009876203931506783,0.009876203931506783,0.0,0.003692866815858624,0.003692866815858624,0.0,0
0.25,9.34111759799833,0.00783058110593036,0.00783058110593036,0.0,0.002657591570686727,0.002657591570686727,0.0,0
0.25,9.424520433694745,0.006360453466851929,0.006360453466851929,0.0,0.004073658601260843,0.004073658601260843,0.0,0
0.25,9.507923269391158,0.005821335798299856,0.005821335798299856,0.0,0.006179439750043886,0.006179439750043886,0.0,0
0.25,9.591326105087573,0.006388139523283441,0.006388139523283441,0.0,0.008321373703104788,0.008321373703104788,0.0,0
0.25,9.674728940783986,0.007787154191460486,0.007787154191460486,0.0,0.010401055804057882,0.010401055804057882,0.0,0
0.25,9.758131776480399,0.009644329751839582,0.009644329751839582,0.0,0.012413615261196075,0.012413615261196075,0.0,0
0.25,9.841534612176813,0.044679091864960795,0.044679091864960795,0.0,0.04114306825153697,0.04114306825153697,0.0,0
0.25,9.924937447873226,0.04164635464531348,0.04164635464531348,0.0,0.03801258819355878,0.03801258819355878,0.0,0
0.25,10.008340283569641,0.038712364116793914,0.038712364116793914,0.0,0.03513114248425974,0.03513114248425974,0.0,0
0.25,10.091743119266054,0.03586795851677179,0.03586795851677179,0.0,0.032461068712102574,0.032461068712102574,0.0,0
0.25,10.175145954962469,0.033105248481003234,0.033105248481003234,0.0,0.029970707973912936,0.029970707973912936,0.0,0
0.25,10.258548790658882,0.03041772489070156,0.03041772489070156,0.0,0.027633311550277005,0.027633311550277005,0.0,0
0.25,10.341951626355295,0.02780047427415158,0.02780047427415158,0.0,0.025426180537662737,0.025426180537662737,0.0,0
0.25,10.42535446205171,0.02525056878911684,0.02525056878911684,0.0,0.02333001093326221,0.02333001093326221,0.0,0
0.25,10.508757297748122,0.022767746205179577,0.022767746205179577,0.0,0.021328434899058408,0.021328434899058408,0.0,0
0.25,10.592160133444537,0.02035558696860616,0.02035558696860616,0.0,0.019407775970254705,0.019407775970254705,0.0,0
0.25,10.67556296914095,0.018023569302592864,0.018023569302592864,0.0,0.01755708108751428,0.01755708108751428,0.0,0
0.25,10.758965804837363,0.015790707478715173,0.015790707478715173,0.0,0.01576857551217044,0.01576857551217044,0.0,0
0.25,10.842368640533778,0.013692031657669733,0.013692031657669733,0.0,0.014038851005009591,0.014038851005009591,0.0,0
0.25,10.92577147623019,0.011789809184351924,0.011789809184351924,0.0,0.012371435409446458,0.012371435409446458,0.0,0
0.25,11.009174311926605,0.010190546208534181,0.010190546208534181,0.0,0.010782086822657003,0.010782086822657003,0.0,0
0.25,11.092577147623018,0.009059528814540712,0.009059528814540712,0.0,0.009309460177728034,0.009309460177728034,0.0,0
0.25,11.175979983319431,0.008595991844231808,0.008595991844231808,0.0,0.008035265990660428,0.008035265990660428,0.0,0
0.25,11.259382819015846,0.008925186172645445,0.008925186172645445,0.0,0.007113817962572178,0.007113817962572178,0.0,0
0.25,11.342785654712259,0.009995521917853993,0.009995521917853993,0.0,0.006778675343212999,0.006778675343212999,0.0,0
0.25,11.426188490408673,0.011634542638994893,0.011634542638994893,0.0,0.007243379723787148,0.007243379723787148,0.0,0
0.25,11.509591326105086,0.013672582092034972,0.013672582092034972,0.0,0.008546339646354798,0.008546339646354798,0.0,0
0.25,11.592994161801501,0.015993722602539128,0.015993722602539128,0.0,0.01058502884466088,0.01058502884466088,0.0,0
0.25,11.676396997497914,0.018530047335129883,0.018530047335129883,0.0,0.013268085713680279,0.013268085713680279,0.0,0
0.25,11.759799833194327,0.02124480489803142,0.02124480489803142,0.0,0.016578197509477893,0.016578197509477893,0.0,0
0.25,11.843202668890742,0.05121599424094865,0.05121599424094865,0.0,0.08235648288190893,0.08235648288190893,0.0,0
0.25,11.926605504587155,0.05066364555955169,0.05066364555955169,0.0,0.08623220731630822,0.08623220731630822,0.0,0
0.25,12.01000834028357,0.050127225159449805,0.050127225159449805,0.0,0.09033539641784065,0.09033539641784065,0.0,0
0.25,12.093411175979982,0.049543053962809835,0.049543053962809835,0.0,0.09434183881192142,0.09434183881192142,0.0,0
0.25,12.176814011676395,0.04882350776915622,0.04882350776915622,0.0,0.09772359278300655,0.09772359278300655,0.0,0
0.25,12.26021684737281,0.047858787631634155,0.047858787631634155,0.0,0.09974082142058131,0.09974082142058131,0.0,0
0.25,12.343619683069223,0.046529481069848264,0.046529481069848264,0.0,0.09953959332818807,0.09953959332818807,0.0,0
0.25,12.427022518765638,0.044734172507267446,0.044734172507267446,0.0,0.09639911399344665,0.09639911399344665,0.0,0
0.25,12.51042535446205,0.04242834963190292,0.04242834963190292,0.0,0.0900640971114491,0.0900640971114491,0.0,0
0.25,12.593828190158465,0.0396583529686062,0.0396583529686062,0.0,0.080959435414584,0.080959435414584,0.0,0
0.25,12.677231025854878,0.03657021507386365,0.03657021507386365,0.0,0.0700988000450335,0.0700988000450335,0.0,0
0.25,12.760633861551291,0.03338829196737389,0.03338829196737389,0.0,0.058727984559710615,0.058727984559710615,0.0,0
0.25,12.844036697247706,0.030379109744629193,0.030379109744629193,0.0,0.04794499849535446,0.04794499849535446,0.0,0
0.25,12.927439532944119,0.027817599163414832,0.027817599163414832,0.0,0.03849836518023362,0.03849836518023362,0.0,0
0.25,13.010842368640533,0.025955263531308174,0.025955263531308174,0.0,0.030794924638467964,0.030794924638467964,0.0,0
0.25,13.094245204336946,0.024977883251650356,0.024977883251650356,0.0,0.025027979637805807,0.025027979637805807,0.0,0
0.25,13.17764804003336,0.024957232159926516,0.024957232159926516,0.0,0.021287694434809212,0.021287694434809212,0.0,0
0.25,13.261050875729774,0.02583233697668658,0.02583233697668658,0.0,0.019533634943482845,0.019533634943482845,0.0,0
0.25,13.344453711426187,0.027445997523025394,0.027445997523025394,0.0,0.019478807309152982,0.019478807309152982,0.0,0
0.25,13.427856547122602,0.02961009860887164,0.02961009860887164,0.0,0.020632680351017785,0.020632680351017785,0.0,0
0.25,13.511259382819015,0.03215512834039528,0.03215512834039528,0.0,0.022516728863820726,0.022516728863820726,0.0,0
0.25,13.594662218515428,0.03494931552761632,0.03494931552761632,0.0,0.02479795843047463,0.02479795843047463,0.0,0
0.25,13.678065054211842,0.03789786506039223,0.03789786506039223,0.0,0.027283707547797322,0.027283707547797322,0.0,0
0.25,13.761467889908255,0.03348146924878659,0.03348146924878659,0.0,0.04692919473181609,0.04692919473181609,0.0,0
0.25,13.84487072560467,0.029703200081322607,0.029703200081322607,0.0,0.04237118752247856,0.04237118752247856,0.0,0
0.25,13.928273561301083,0.026319854526429314,0.026319854526429314,0.0,0.03833972980179126,0.03833972980179126,0.0,0
0.25,14.011676396997498,0.023379773176714365,0.023379773176714365,0.0,0.03477610083386036,0.03477610083386036,0.0,0
0.25,14.09507923269391,0.020950200416111366,0.020950200416111366,0.0,0.03163998753638723,0.03163998753638723,0.0,0
0.25,14.178482068390323,0.01911155534224099,0.01911155534224099,0.0,0.028906887297905658,0.028906887297905658,0.0,0
0.25,14.261884904086738,0.01793840488510147,0.01793840488510147,0.0,0.02656540235469795,0.02656540235469795,0.0,0
0.25,14.345287739783151,0.01746710855060539,0.01746710855060539,0.0,0.024613925795300945,0.024613925795300945,0.0,0
0.25,14.428690575479566,0.017667329101555898,0.017667329101555898,0.0,0.023056222306210378,0.023056222306210378,0.0,0
0.25,14.512093411175979,0.018442585863406618,0.018442585863406618,0.0,0.021895740450513762,0.021895740450513762,0.0,0
0.25,14.595496246872392,0.01966137346336161,0.01966137346336161,0.0,0.02112929408878926,0.02112929408878926,0.0,0
0.25,14.678899082568806,0.021193244240237316,0.021193244240237316,0.0,0.020741755762673477,0.020741755762673477,0.0,0
0.25,14.76230191826522,0.022929514010948324,0.022929514010948324,0.0,0.020703785253962905,0.020703785253962905,0.0,0
0.25,14.845704753961634,0.024788015468950396,0.024788015468950396,0.0,0.020973634026249632,0.020973634026249632,0.0,0
0.25,14.929107589658047,0.02670974748654365,0.02670974748654365,0.0,0.021502179932944388,0.021502179932944388,0.0,0
0.25,15.012510425354462,0.028653489018893148,0.028653489018893148,0.0,0.0222390567707342,0.0222390567707342,0.0,0
0.25,15.095913261050875,0.030591006525384854,0.030591006525384854,0.0,0.023137952479876718,0.023137952479876718,0.0,0
0.25,15.179316096747288,0.0325035041666819,0.0325035041666819,0.0,0.02416032657603938,0.02416032657603938,0.0,0
0.25,15.262718932443702,0.03437923068832439,0.03437923068832439,0.0,0.025277908167129895,0.025277908167129895,0.0,0
0.25,15.346121768140115,0.03621199637173907,0.03621199637173907,0.0,0.026474890624076944,0.026474890624076944,0.0,0
0.25,15.42952460383653,0.03800038498836514,0.03800038498836514,0.0,0.027750847303393545,0.027750847303393545,0.0,0
0.25,15.512927439532943,0.03974751779070647,0.03974751779070647,0.0,0.029125355969737053,0.029125355969737053,0.0,0
0.25,15.596330275229356,0.04146129359270165,0.04146129359270165,0.0,0.030645369471479677,0.030645369471479677,0.0,0
0.25,15.67973311092577,0.04315508222649464,0.04315508222649464,0.0,0.03239657009576673,0.03239657009576673,0.0,0
0.25,15.763135946622183,0.048869594380881336,0.048869594380881336,0.0,0.07905568372936224,0.07905568372936224,0.0,0
0.25,15.846538782318598,0.0497333537499325,0.0497333537499325,0.0,0.08391905299508469,0.08391905299508469,0.0,0
0.25,15.929941618015011,0.050556640992541646,0.050556640992541646,0.0,0.08953965214829138,0.08953965214829138,0.0,0
0.25,16.013344453711426,0.05124097966473259,0.05124097966473259,0.0,0.09575408442021385,0.09575408442021385,0.0,0
0.25,16.096747289407837,0.05164792282543767,0.05164792282543767,0.0,0.10212222916758977,0.10212222916758977,0.0,0
0.25,16.18015012510425,0.05158777329637567,0.05158777329637567,0.0,0.10774303325684213,0.10774303325684213,0.0,0
0.25,16.263552960800666,0.050820039355771056,0.050820039355771056,0.0,0.11111269337960675,0.11111269337960675,0.0,0
0.25,16.34695579649708,0.04908727350733708,0.04908727350733708,0.0,0.11027797715273585,0.11027797715273585,0.0,0
0.25,16.430358632193492,0.0462054981139573,0.0462054981139573,0.0,0.10359440116802617,0.10359440116802617,0.0,0
0.25,16.513761467889907,0.04219905338850866,0.04219905338850866,0.0,0.09093082943330773,0.09093082943330773,0.0,0
0.25,16.59716430358632,0.03739873164876064,0.03739873164876064,0.0,0.07430123225733316,0.07430123225733316,0.0,0
0.25,16.680567139282733,0.03241461811109186,0.03241461811109186,0.0,0.057073497428751244,0.057073497428751244,0.0,0
0.25,16.763969974979148,0.02800359508666343,0.02800359508666343,0.0,0.04248588467339922,0.04248588467339922,0.0,0
0.25,16.847372810675562,0.024907321804618892,0.024907321804618892,0.0,0.03274777544827251,0.03274777544827251,0.0,0
0.25,16.930775646371977,0.02363592376999224,0.02363592376999224,0.0,0.028535790731208727,0.028535790731208727,0.0,0
0.25,17.014178482068388,0.024218503945334157,0.024218503945334157,0.0,0.028517004919414838,0.028517004919414838,0.0,0
0.25,17.097581317764803,0.02622032729357825,0.02622032729357825,0.0,0.03048205868191855,0.03048205868191855,0.0,0
0.25,17.180984153461218,0.029076291816890323,0.029076291816890323,0.0,0.032962144648885215,0.032962144648885215,0.0,0
0.25,17.26438698915763,0.03234672922874344,0.03234672922874344,0.0,0.03535140489824926,0.03535140489824926,0.0,0
0.25,17.347789824854043,0.035758511690354135,0.035758511690354135,0.0,0.03748100296386634,0.03748100296386634,0.0,0
0.25,17.431192660550458,0.03915833971800567,0.03915833971800567,0.0,0.0393491333428382,0.0393491333428382,0.0,0
0.25,17.51459549624687,0.042464829213569644,0.042464829213569644,0.0,0.041006465429748166,0.041006465429748166,0.0,0
0.25,17.597998331943284,0.04563734891881548,0.04563734891881548,0.0,0.04251335764273927,0.04251335764273927,0.0,0
0.25,17.6814011676397,0.018234224780276035,0.018234224780276035,0.0,0.024724307056122552,0.024724307056122552,0.0,0
0.25,17.764804003336113,0.01611986908904046,0.01611986908904046,0.0,0.020164888822526598,0.020164888822526598,0.0,0
0.25,17.848206839032525,0.01502857610984664,0.01502857610984664,0.0,0.01614175980617953,0.01614175980617953,0.0,0
0.25,17.93160967472894,0.014908424345090517,0.014908424345090517,0.0,0.012581348401217001,0.012581348401217001,0.0,0
0.25,18.015012510425354,0.015565005570989185,0.015565005570989185,0.0,0.009464626448434916,0.009464626448434916,0.0,0
0.25,18.098415346121765,0.01674178669614281,0.01674178669614281,0.0,0.006877030210015719,0.006877030210015719,0.0,0
0.25,18.18181818181818,0.018212742650421037,0.018212742650421037,0.0,0.005145553366742645,0.005145553366742645,0.0,0
0.25,18.265221017514595,0.019817336859024683,0.019817336859024683,0.0,0.004870570825175712,0.004870570825175712,0.0,0
0.25,18.34862385321101,0.021453501501191234,0.021453501501191234,0.0,0.006063376651861849,0.006063376651861849,0.0,0
0.25,18.43202668890742,0.02306005245101019,0.02306005245101019,0.0,0.008013022275244773,0.008013022275244773,0.0,0
0.25,18.515429524603835,0.0246020354529965,0.0246020354529965,0.0,0.01026464285139761,0.01026464285139761,0.0,0
0.25,18.59883236030025,0.026061041388421212,0.026061041388421212,0.0,0.012654762942146269,0.012654762942146269,0.0,0
0.25,18.68223519599666,0.02742931608372199,0.02742931608372199,0.0,0.01513385075154777,0.01513385075154777,0.0,0
0.25,18.765638031693076,0.02870630778399257,0.02870630778399257,0.0,0.017694687064682864,0.017694687064682864,0.0,0
0.25,18.84904086738949,0.029896710280330217,0.029896710280330217,0.0,0.020348637246816514,0.020348637246816514,0.0,0
0.25,18.9324437030859,0.031009429462625727,0.031009429462625727,0.0,0.023117683206951192,0.023117683206951192,0.0,0
0.25,19.015846538782316,0.03205714171812543,0.03205714171812543,0.0,0.026032119238391434,0.026032119238391434,0.0,0
0.25,19.09924937447873,0.03305625556672509,0.03305625556672509,0.0,0.029130730553800794,0.029130730553800794,0.0,0
0.25,19.182652210175146,0.03402716995435892,0.03402716995435892,0.0,0.03246244615363607,0.03246244615363607,0.0,0
0.25,19.266055045871557,0.0349947679505419,0.0349947679505419,0.0,0.03608924551973906,0.03608924551973906,0.0,0
0.25,19.34945788156797,0.03598910657834521,0.03598910657834521,0.0,0.040090460729932165,0.040090460729932165,0.0,0
0.25,19.432860717264386,0.03704626804896904,0.03704626804896904,0.0,0.04456884201762391,0.04456884201762391,0.0,0
0.25,19.516263552960798,0.03820932496730348,0.03820932496730348,0.0,0.04965892330098637,0.04965892330098637,0.0,0
0.25,19.599666388657212,0.039529335786633465,0.039529335786633465,0.0,0.055538297655058175,0.055538297655058175,0.0,0
0.25,19.683069224353627,0.02792253513510797,0.02792253513510797,0.0,0.03572520403391907,0.03572520403391907,0.0,0
0.25,19.76647206005004,0.027644666279464738,0.027644666279464738,0.0,0.03657391214971702,0.03657391214971702,0.0,0
0.25,19.849874895746453,0.027290864074726424,0.027290864074726424,0.0,0.03734516580468786,0.03734516580468786,0.0,0
0.25,19.933277731442868,0.026792542898441015,0.026792542898441015,0.0,0.03781723730667777,0.03781723730667777,0.0,0
0.25,20.016680567139282,0.026043849587501545,0.026043849587501545,0.0,0.037598782180949794,0.037598782180949794,0.0,0
0.25,20.100083402835693,0.024891933866878126,0.024891933866878126,0.0,0.03605361493789409,0.03605361493789409,0.0,0
0.25,20.183486238532108,0.02314150859667737,0.02314150859667737,0.0,0.03233472611065324,0.03233472611065324,0.0,0
0.25,20.266889074228523,0.020601329912401548,0.020601329912401548,0.0,0.025896214153989624,0.025896214153989624,0.0,0
0.25,20.350291909924938,0.017219109497062502,0.017219109497062502,0.0,0.01862192546323859,0.01862192546323859,0.0,0
0.25,20.43369474562135,0.013380980509895175,0.013380980509895175,0.0,0.019418797286328844,0.019418797286328844,0.0,0
0.25,20.517097581317763,0.010541394311358518,0.010541394311358518,0.0,0.030964492073639906,0.030964492073639906,0.0,0
0.25,20.600500417014178,0.011291659973634703,0.011291659973634703,0.0,0.04444933716344286,0.04444933716344286,0.0,0
0.25,20.68390325271059,0.015656620753620048,0.015656620753620048,0.0,0.0557823652699063,0.0557823652699063,0.0,0
0.25,20.767306088407004,0.02149423460947582,0.02149423460947582,0.0,0.06403985587479077,0.06403985587479077,0.0,0
0.25,20.85070892410342,0.027650480846827395,0.027650480846827395,0.0,0.06952001312839357,0.06952001312839357,0.0,0
0.25,20.93411175979983,0.03369424460702573,0.03369424460702573,0.0,0.07288336869022287,0.07288336869022287,0.0,0
0.25,21.017514595496245,0.03946424294946036,0.03946424294946036,0.0,0.07477523143158203,0.07477523143158203,0.0,0
0.25,21.10091743119266,0.044905689667839956,0.044905689667839956,0.0,0.07570737144778698,0.07570737144778698,0.0,0
0.25,21.184320266889074,0.05000939250598685,0.05000939250598685,0.0,0.07605154978469712,0.07605154978469712,0.0,0
0.25,21.267723102585485,0.054786119772220976,0.054786119772220976,0.0,0.07606734671699121,0.07606734671699121,0.0,0
0.25,21.3511259382819,0.05925500046918424,0.05925500046918424,0.0,0.07593321303519573,0.07593321303519573,0.0,0
0.25,21.434528773978315,0.06343812106864276,0.06343812106864276,0.0,0.07577157088456872,0.07577157088456872,0.0,0
0.25,21.517931609674726,0.06735802667642313,0.06735802667642313,0.0,0.07566695591579259,0.07566695591579259,0.0,0
0.25,21.60133444537114,0.039099249211543854,0.039099249211543854,0.0,0.02689127566577784,0.02689127566577784,0.0,0
0.25,21.684737281067555,0.040898592424481954,0.040898592424481954,0.0,0.026905417701303554,0.026905417701303554,0.0,0
0.25,21.76814011676397,0.04279616208174314,0.04279616208174314,0.0,0.027253676925084236,0.027253676925084236,0.0,0
0.25,21.85154295246038,0.04470822951830545,0.04470822951830545,0.0,0.027881029160375333,0.027881029160375333,0.0,0
0.25,21.934945788156796,0.046578334177502345,0.046578334177502345,0.0,0.028752555997198174,0.028752555997198174,0.0,0
0.25,22.01834862385321,0.048369624113656015,0.048369624113656015,0.0,0.029846611753620654,0.029846611753620654,0.0,0
0.25,22.10175145954962,0.05005911627039962,0.05005911627039962,0.0,0.031150350475295782,0.031150350475295782,0.0,0
0.25,22.185154295246036,0.05163363890227687,0.05163363890227687,0.0,0.032656966752628885,0.032656966752628885,0.0,0
0.25,22.26855713094245,0.05308705323089195,0.05308705323089195,0.0,0.034364107553807116,0.034364107553807116,0.0,0
0.25,22.351959966638862,0.05441839157597566,0.05441839157597566,0.0,0.03627305600382506,0.03627305600382506,0.0,0
0.25,22.435362802335277,0.055630637143523363,0.055630637143523363,0.0,0.0383884196794055,0.0383884196794055,0.0,0
0.25,22.51876563803169,0.056729952179159264,0.056729952179159264,0.0,0.04071815996178178,0.04071815996178178,0.0,0
0.25,22.602168473728106,0.05772522359292833,0.05772522359292833,0.0,0.04327387591899831,0.04327387591899831,0.0,0
0.25,22.685571309424517,0.058627839473804635,0.058627839473804635,0.0,0.046071312340167016,0.046071312340167016,0.0,0
0.25,22.768974145120932,0.05945164039137187,0.05945164039137187,0.0,0.0491311042910006,0.0491311042910006,0.0,0
0.25,22.852376980817347,0.06021301007555017,0.06021301007555017,0.0,0.052479806759111,0.052479806759111,0.0,0
0.25,22.935779816513758,0.06093108399591863,0.06093108399591863,0.0,0.05615129356361617,0.05615129356361617,0.0,0
0.25,23.019182652210173,0.061628063515976925,0.061628063515976925,0.0,0.060188649797849096,0.060188649797849096,0.0,0
0.25,23.102585487906588,0.06232962876532606,0.06232962876532606,0.0,0.06464673074901192,0.06464673074901192,0.0,0
0.25,23.185988323603002,0.06306544540339,0.06306544540339,0.0,0.06959561965052152,0.06959561965052152,0.0,0
0.25,23.269391159299413,0.06386975827884588,0.06386975827884588,0.0,0.07512528389400766,0.07512528389400766,0.0,0
0.25,23.352793994995828,0.06478205625814065,0.06478205625814065,0.0,0.08135178838556449,0.08135178838556449,0.0,0
0.25,23.436196830692243,0.06584777187011068,0.06584777187011068,0.0,0.08842542657169483,0.08842542657169483,0.0,0
0.25,23.519599666388654,0.06711893573347648,0.06711893573347648,0.0,0.09654094702938337,0.09654094702938337,0.0,0
0.25,23.60300250208507,0.026155646185052412,0.026155646185052412,0.0,0.034302266233116795,0.034302266233116795,0.0,0
0.25,23.686405337781483,0.023358869448746208,0.023358869448746208,0.0,0.03454244452292982,0.03454244452292982,0.0,0
0.25,23.769808173477898,0.020425275966392976,0.020425275966392976,0.0,0.03452473986835738,0.03452473986835738,0.0,0
0.25,23.85321100917431,0.017367205737930273,0.017367205737930273,0.0,0.03429798096434314,0.03429798096434314,0.0,0
0.25,23.936613844870724,0.014216423705113472,0.014216423705113472,0.0,0.034204306044877536,0.034204306044877536,0.0,0
0.25,24.02001668056714,0.011085381899773997,0.011085381899773997,0.0,0.03521431944831718,0.03521431944831718,0.0,0
0.25,24.10341951626355,0.008412871706475917,0.008412871706475917,0.0,0.039094424357026904,0.039094424357026904,0.0,0
0.25,24.186822351959965,0.007592292241584944,0.007592292241584944,0.0,0.04752330620079083,0.04752330620079083,0.0,0
0.25,24.27022518765638,0.01012922557616031,0.01012922557616031,0.0,0.06045432153897111,0.06045432153897111,0.0,0
0.25,24.35362802335279,0.01519768089769582,0.01519768089769582,0.0,0.07582258491008737,0.07582258491008737,0.0,0
0.25,24.437030859049205,0.02162323936690216,0.02162323936690216,0.0,0.09076086013693685,0.09076086013693685,0.0,0
0.25,24.52043369474562,0.028763241453398668,0.028763241453398668,0.0,0.10301065352266875,0.10301065352266875,0.0,0
0.25,24.603836530442035,0.03619849367761101,0.03619849367761101,0.0,0.11163294928927692,0.11163294928927692,0.0,0
0.25,24.687239366138446,0.043636022098531575,0.043636022098531575,0.0,0.11682126476640665,0.11682126476640665,0.0,0
0.25,24.77064220183486,0.05088726338921836,0.05088726338921836,0.0,0.11931795762335652,0.11931795762335652,0.0,0
0.25,24.854045037531275,0.05784441347779713,0.05784441347779713,0.0,0.11994663822844175,0.11994663822844175,0.0,0
0.25,24.937447873227686,0.0644542395142735,0.0644542395142735,0.0,0.11939560181988777,0.11939560181988777,0.0,0
0.25,25.0208507089241,0.07069676843314314,0.07069676843314314,0.0,0.11817067834029144,0.11817067834029144,0.0,0
0.25,25.104253544620516,0.07657082898970341,0.07657082898970341,0.0,0.11661948371918648,0.11661948371918648,0.0,0
0.25,25.18765638031693,0.08208519762601428,0.08208519762601428,0.0,0.11497229134905922,0.11497229134905922,0.0,0
0.25,25.27105921601334,0.08725349791224415,0.08725349791224415,0.0,0.11337854077073344,0.11337854077073344,0.0,0
0.25,25.354462051709756,0.09209138720473521,0.09209138720473521,0.0,0.11193412130294537,0.11193412130294537,0.0,0
0.25,25.43786488740617,0.09661507099023045,0.09661507099023045,0.0,0.11070026917902609,0.11070026917902609,0.0,0
0.25,25.521267723102582,0.060433012617241995,0.060433012617241995,0.0,0.05477657880805814,0.05477657880805814,0.0,0
0.25,25.604670558798997,0.0640066564924078,0.0640066564924078,0.0,0.055269369496399406,0.055269369496399406,0.0,0
0.25,25.68807339449541,0.06740631963302605,0.06740631963302605,0.0,0.05587508973626759,0.05587508973626759,0.0,0
0.25,25.771476230191823,0.0706039185253968,0.0706039185253968,0.0,0.05662578442695912,0.05662578442695912,0.0,0
0.25,25.854879065888237,0.07358330838849214,0.07358330838849214,0.0,0.05754864100959236,0.05754864100959236,0.0,0
0.25,25.938281901584652,0.07633612262506966,0.07633612262506966,0.0,0.05866655022661143,0.05866655022661143,0.0,0
0.25,26.021684737281067,0.07885914960033598,0.07885914960033598,0.0,0.05999897410032032,0.05999897410032032,0.0,0
0.25,26.105087572977478,0.08115268206751086,0.08115268206751086,0.0,0.06156294841876295,0.06156294841876295,0.0,0
0.25,26.188490408673893,0.08321948926345775,0.08321948926345775,0.0,0.06337414270354308,0.06337414270354308,0.0,0
0.25,26.271893244370307,0.08506419630213108,0.08506419630213108,0.0,0.06544794719172796,0.06544794719172796,0.0,0
0.25,26.35529608006672,0.08669293883046676,0.08669293883046676,0.0,0.06780058210677767,0.06780058210677767,0.0,0
0.25,26.438698915763133,0.08811321278755949,0.08811321278755949,0.0,0.07045024265481521,0.07045024265481521,0.0,0
0.25,26.522101751459548,0.08933387198044825,0.08933387198044825,0.0,0.07341830963304054,0.07341830963304054,0.0,0
0.25,26.605504587155963,0.09036524763019825,0.09036524763019825,0.0,0.07673067283000942,0.07673067283000942,0.0,0
0.25,26.688907422852374,0.09121937857638296,0.09121937857638296,0.0,0.08041923387979873,0.08041923387979873,0.0,0
0.25,26.77231025854879,0.09191035108896539,0.09191035108896539,0.0,0.08452367803557129,0.08452367803557129,0.0,0
0.25,26.855713094245203,0.09245475459959214,0.09245475459959214,0.0,0.08909363162342746,0.08909363162342746,0.0,0
0.25,26.939115929941615,0.09287226451610926,0.09287226451610926,0.0,0.09419135455448574,0.09419135455448574,0.0,0
0.25,27.02251876563803,0.09318636498052406,0.09318636498052406,0.0,0.09989515443793955,0.09989515443793955,0.0,0
0.25,27.105921601334444,0.09342522092967602,0.09342522092967602,0.0,0.1063037451861011,0.1063037451861011,0.0,0
0.25,27.189324437030855,0.09362269588745725,0.09362269588745725,0.0,0.11354179183345675,0.11354179183345675,0.0,0
0.25,27.27272727272727,0.09381948176085532,0.09381948176085532,0.0,0.12176684156946484,0.12176684156946484,0.0,0
0.25,27.356130108423685,0.09406424608003532,0.09406424608003532,0.0,0.13117763647775169,0.13117763647775169,0.0,0
0.25,27.4395329441201,0.09441458894269975,0.09441458894269975,0.0,0.14202320426125867,0.14202320426125867,0.0,0
0.25,27.52293577981651,0.045852103351147575,0.045852103351147575,0.0,0.07176656974257854,0.07176656974257854,0.0,0
0.25,27.606338615512925,0.04322130415867547,0.04322130415867547,0.0,0.07636190175103126,0.07636190175103126,0.0,0
0.25,27.68974145120934,0.04057266538464259,0.04057266538464259,0.0,0.08131353227285393,0.08131353227285393,0.0,0
0.25,27.77314428690575,0.0380236577947703,0.0380236577947703,0.0,0.08675434031598678,0.08675434031598678,0.0,0
0.25,27.856547122602166,0.03575037141968358,0.03575037141968358,0.0,0.09293107371484316,0.09293107371484316,0.0,0
0.25,27.93994995829858,0.034004795629623226,0.034004795629623226,0.0,0.10023087720022344,0.10023087720022344,0.0,0
0.25,28.023352793994995,0.03311368426576371,0.03311368426576371,0.0,0.10908589824459622,0.10908589824459622,0.0,0
0.25,28.106755629691406,0.03342608551498579,0.03342608551498579,0.0,0.11961828035792639,0.11961828035792639,0.0,0
0.25,28.19015846538782,0.03519473779685844,0.03519473779685844,0.0,0.13113272602038079,0.13113272602038079,0.0,0
0.25,28.273561301084236,0.038454237405570066,0.038454237405570066,0.0,0.14204679356445002,0.14204679356445002,0.0,0
0.25,28.356964136780647,0.04300239050069944,0.04300239050069944,0.0,0.15064714733701132,0.15064714733701132,0.0,0
0.25,28.44036697247706,0.04849778981708394,0.04849778981708394,0.0,0.15600651282997588,0.15600651282997588,0.0,0
0.25,28.523769808173476,0.05458300632999168,0.05458300632999168,0.0,0.15820131448874059,0.15820131448874059,0.0,0
0.25,28.60717264386989,0.060960044875942254,0.060960044875942254,0.0,0.15790838863559678,0.15790838863559678,0.0,0
0.25,28.690575479566302,0.06741122365887339,0.06741122365887339,0.0,0.15593752416889653,0.15593752416889653,0.0,0
0.25,28.773978315262717,0.07378988313356681,0.07378988313356681,0.0,0.152978135895374,0.152978135895374,0.0,0
0.25,28.85738115095913,0.08000234154447906,0.08000234154447906,0.0,0.14953307963340687,0.14953307963340687,0.0,0
0.25,28.940783986655543,0.08599128671381041,0.08599128671381041,0.0,0.14593990927456904,0.14593990927456904,0.0,0
0.25,29.024186822351957,0.09172336851176284,0.09172336851176284,0.0,0.1424145372256842,0.1424145372256842,0.0,0
0.25,29.107589658048372,0.09718072464078956,0.09718072464078956,0.0,0.13909091207400198,0.13909091207400198,0.0,0
0.25,29.190992493744783,0.10235542761202754,0.10235542761202754,0.0,0.13605034825213463,0.13605034825213463,0.0,0
0.25,29.274395329441198,0.10724591269925983,0.10724591269925983,0.0,0.13334138004734214,0.13334138004734214,0.0,0
0.25,29.357798165137613,0.11185469830796614,0.11185469830796614,0.0,0.130992641780414,0.130992641780414,0.0,0
0.25,29.441201000834027,0.08209940288810882,0.08209940288810882,0.0,0.07482532342650314,0.07482532342650314,0.0,0
0.25,29.52460383653044,0.08600497923716659,0.08600497923716659,0.0,0.07497609309357767,0.07497609309357767,0.0,0
0.25,29.608006672226853,0.08964018297471359,0.08964018297471359,0.0,0.07522117811151327,0.07522117811151327,0.0,0
0.25,29.691409507923268,0.09299616863045201,0.09299616863045201,0.0,0.07560748280147202,0.07560748280147202,0.0,0
0.25,29.77481234361968,0.09606932595419844,0.09606932595419844,0.0,0.07617369715461328,0.07617369715461328,0.0,0
0.25,29.858215179316094,0.09885954931637589,0.09885954931637589,0.0,0.07695230860990654,0.07695230860990654,0.0,0
0.25,29.94161801501251,0.10136913106011301,0.10136913106011301,0.0,0.07797119187542967,0.07797119187542967,0.0,0
0.25,30.025020850708923,0.10360206505945639,0.10360206505945639,0.0,0.0792549180447843,0.0792549180447843,0.0,0
0.25,30.108423686405335,0.10556362655319806,0.10556362655319806,0.0,0.08082589486192343,0.08082589486192343,0.0,0
0.25,30.19182652210175,0.10726014463019179,0.10726014463019179,0.0,0.08270542402257675,0.08270542402257675,0.0,0
0.25,30.275229357798164,0.10869891590632322,0.10869891590632322,0.0,0.08491474126320077,0.08491474126320077,0.0,0
0.25,30.358632193494575,0.10988822902763623,0.10988822902763623,0.0,0.08747609161597264,0.08747609161597264,0.0,0
0.25,30.44203502919099,0.11083748401985208,0.11083748401985208,0.0,0.09041388595701587,0.09041388595701587,0.0,0
0.25,30.525437864887405,0.11155740087938092,0.11155740087938092,0.0,0.09375598591239453,0.09375598591239453,0.0,0
0.25,30.608840700583816,0.1120603198387685,0.1120603198387685,0.0,0.09753517223378445,0.09753517223378445,0.0,0
0.25,30.69224353628023,0.11236060245653626,0.11236060245653626,0.0,0.10179086680996102,0.10179086680996102,0.0,0
0.25,30.775646371976645,0.11247514861430039,0.11247514861430039,0.0,0.10657120046357038,0.10657120046357038,0.0,0
0.25,30.85904920767306,0.11242404973744619,0.11242404973744619,0.0,0.1119355473386661,0.1119355473386661,0.0,0
0.25,30.94245204336947,0.11223140259318973,0.11223140259318973,0.0,0.11795768076888427,0.11795768076888427,0.0,0
0.25,31.025854879065886,0.11192630944713608,0.11192630944713608,0.0,0.12472974067138116,0.12472974067138116,0.0,0
0.25,31.1092577147623,0.11154408618280921,0.11154408618280921,0.0,0.13236722631057346,0.13236722631057346,0.0,0
0.25,31.19266055045871,0.11112768446101136,0.11112768446101136,0.0,0.14101520919476668,0.14101520919476668,0.0,0
0.25,31.276063386155126,0.11072929664316253,0.11072929664316253,0.0,0.15085582440632908,0.15085582440632908,0.0,0
0.25,31.35946622185154,0.11041203473672326,0.11041203473672326,0.0,0.16211667717648595,0.16211667717648595,0.0,0
0.25,31.442869057547956,0.06260931263158831,0.06260931263158831,0.0,0.09655475409287473,0.09655475409287473,0.0,0
0.25,31.526271893244367,0.05907713562512465,0.05907713562512465,0.0,0.10257978107103964,0.10257978107103964,0.0,0
0.25,31.60967472894078,0.0555047878731174,0.0555047878731174,0.0,0.1091120308627188,0.1091120308627188,0.0,0
0.25,31.693077564637196,0.05203219223279406,0.05203219223279406,0.0,0.1162741386979039,0.1162741386979039,0.0,0
0.25,31.776480400333607,0.04886569093813738,0.04886569093813738,0.0,0.12426711530821724,0.12426711530821724,0.0,0
0.25,31.859883236030022,0.04629641147161688,0.04629641147161688,0.0,0.13338990841421025,0.13338990841421025,0.0,0
0.25,31.943286071726437,0.04470065052221546,0.04470065052221546,0.0,0.14398224212915023,0.14398224212915023,0.0,0
0.25,32.02668890742285,0.044490662233077086,0.044490662233077086,0.0,0.1561766011547463,0.1561766011547463,0.0,0
0.25,32.11009174311926,0.04599491192848002,0.04599491192848002,0.0,0.16944813844955536,0.16944813844955536,0.0,0
0.25,32.193494578815674,0.04931566830666598,0.04931566830666598,0.0,0.1823353017438158,0.1823353017438158,0.0,0
0.25,32.27689741451209,0.054275648513218054,0.054275648513218054,0.0,0.19288802003093417,0.19288802003093417,0.0,0
0.25,32.3603002502085,0.06050076659920039,0.06050076659920039,0.0,0.19966984579772154,0.19966984579772154,0.0,0
0.25,32.44370308590492,0.06756157545291674,0.06756157545291674,0.0,0.202370122906496,0.202370122906496,0.0,0
0.25,32.52710592160133,0.07507828665488102,0.07507828665488102,0.0,0.20159825303951615,0.20159825303951615,0.0,0
0.25,32.610508757297744,0.08276129037220933,0.08276129037220933,0.0,0.1983177739014356,0.1983177739014356,0.0,0
0.25,32.69391159299416,0.09040779651710813,0.09040779651710813,0.0,0.19342368923632172,0.19342368923632172,0.0,0
0.25,32.77731442869057,0.09788146402328418,0.09788146402328418,0.0,0.18757608033667797,0.18757608033667797,0.0,0
0.25,32.860717264386984,0.1050905468980667,0.1050905468980667,0.0,0.1811928397643349,0.1811928397643349,0.0,0
0.25,32.9441201000834,0.11196997657111057,0.11196997657111057,0.0,0.1744999554411494,0.1744999554411494,0.0,0
0.25,33.027522935779814,0.11846789849409868,0.11846789849409868,0.0,0.16758659098613007,0.16758659098613007,0.0,0
0.25,33.110925771476225,0.12453563027764372,0.12453563027764372,0.0,0.16044556784600714,0.16044556784600714,0.0,0
0.25,33.19432860717264,0.13011980116190563,0.13011980116190563,0.0,0.15299274069176622,0.15299274069176622,0.0,0
0.25,33.277731442869054,0.13515556556265063,0.13515556556265063,0.0,0.14506022173679756,0.14506022173679756,0.0,0
0.25,33.361134278565466,0.0972709189602942,0.0972709189602942,0.0,0.08112203907561139,0.08112203907561139,0.0,0
0.25,33.444537114261884,0.10007997847798286,0.10007997847798286,0.0,0.07304860858272087,0.07304860858272087,0.0,0
0.25,33.527939949958295,0.10169485095632996,0.10169485095632996,0.0,0.06309939724309861,0.06309939724309861,0.0,0
0.25,33.611342785654706,0.10181505752410717,0.10181505752410717,0.0,0.055294673498297975,0.055294673498297975,0.0,0
0.25,33.694745621351124,0.10032888483856074,0.10032888483856074,0.0,0.0950239475589687,0.0950239475589687,0.0,0
0.25,33.778148457047536,0.11571865821318454,0.11571865821318454,0.0,0.5820908026882279,0.5820908026882279,0.0,0
0.25,33.861551292743954,0.14134271458427555,0.14134271458427555,0.0,0.40655687895014087,0.40655687895014087,0.0,0
0.25,33.944954128440365,0.16127783222930248,0.16127783222930248,0.0,0.35189226421939596,0.35189226421939596,0.0,0
0.25,34.028356964136776,0.1792691898263507,0.1792691898263507,0.0,0.3165347653780086,0.3165347653780086,0.0,0
0.25,34.111759799833195,0.19566245814452438,0.19566245814452438,0.0,0.28910379303437017,0.28910379303437017,0.0,0
0.25,34.195162635529606,0.21052091798376885,0.21052091798376885,0.0,0.2663149770534191,0.2663149770534191,0.0,0
0.25,34.27856547122602,0.2238777162868477,0.2238777162868477,0.0,0.24686024830532677,0.24686024830532677,0.0,0
0.25,34.361968306922435,0.23577135507443014,0.23577135507443014,0.0,0.23011028521071925,0.23011028521071925,0.0,0
0.25,34.445371142618846,0.24624821016721019,0.24624821016721019,0.0,0.21572392442009833,0.21572392442009833,0.0,0
0.25,34.52877397831526,0.2553604284665519,0.2553604284665519,0.0,0.2035040396526459,0.2035040396526459,0.0,0
0.25,34.612176814011676,0.2631642491118103,0.2631642491118103,0.0,0.19333228634590585,0.19333228634590585,0.0,0
0.25,34.69557964970809,0.2697193394868204,0.2697193394868204,0.0,0.18513084733781088,0.18513084733781088,0.0,0
0.25,34.7789824854045,0.27508893129259726,0.27508893129259726,0.0,0.17883378125879867,0.17883378125879867,0.0,0
0.25,34.862385321100916,0.2793404826277524,0.2793404826277524,0.0,0.1743627561607772,0.1743627561607772,0.0,0
0.25,34.94578815679733,0.2825466365015464,0.2825466365015464,0.0,0.17160705029506626,0.17160705029506626,0.0,0
0.25,35.02919099249374,0.28478625501111837,0.28478625501111837,0.0,0.17040992670326535,0.17040992670326535,0.0,0
0.25,35.11259382819016,0.2861452682360754,0.2861452682360754,0.0,0.17056390370324112,0.17056390370324112,0.0,0
0.25,35.19599666388657,0.28671701837270364,0.28671701837270364,0.0,0.1718164653528522,0.1718164653528522,0.0,0
0.25,35.279399499582986,0.28660176167842866,0.28660176167842866,0.0,0.17388587771392167,0.17388587771392167,0.0,0
0.25,35.3628023352794,0.25772917896275604,0.25772917896275604,0.0,0.1655644033927384,0.1655644033927384,0.0,0
0.25,35.44620517097581,0.25640047747707495,0.25640047747707495,0.0,0.16922403145647566,0.16922403145647566,0.0,0
0.25,35.52960800667223,0.2547279072545151,0.2547279072545151,0.0,0.1728316033796308,0.1728316033796308,0.0,0
0.25,35.61301084236864,0.25281917606380516,0.25281917606380516,0.0,0.1762298147408965,0.1762298147408965,0.0,0
0.25,35.69641367806505,0.25077446881625537,0.25077446881625537,0.0,0.1793264307033861,0.1793264307033861,0.0,0
0.25,35.77981651376147,0.2486842081421677,0.2486842081421677,0.0,0.1820863853646789,0.1820863853646789,0.0,0
0.25,35.86321934945788,0.24662802247524782,0.24662802247524782,0.0,0.18451826068524302,0.18451826068524302,0.0,0
0.25,35.94662218515429,0.24467476406405658,0.24467476406405658,0.0,0.1866593852855623,0.1866593852855623,0.0,0
0.25,36.03002502085071,0.24288324329872416,0.24288324329872416,0.0,0.18856265967158137,0.18856265967158137,0.0,0
0.25,36.11342785654712,0.24130332459339496,0.24130332459339496,0.0,0.19028656859400303,0.19028656859400303,0.0,0
0.25,36.19683069224353,0.2399771037286257,0.2399771037286257,0.0,0.19188851814565408,0.19188851814565408,0.0,0
0.25,36.28023352793995,0.23893999017125273,0.23893999017125273,0.0,0.1934209225797083,0.1934209225797083,0.0,0
0.25,36.36363636363636,0.23822160859088543,0.23822160859088543,0.0,0.1949292600845778,0.1949292600845778,0.0,0
0.25,36.44703919933277,0.23784649690127213,0.23784649690127213,0.0,0.19645139432237974,0.19645139432237974,0.0,0
0.25,36.53044203502919,0.2378346152474585,0.2378346152474585,0.0,0.19801763720092114,0.19801763720092114,0.0,0
0.25,36.6138448707256,0.23820169875774408,0.23820169875774408,0.0,0.19965120687625945,0.19965120687625945,0.0,0
0.25,36.69724770642202,0.2389594938130239,0.2389594938130239,0.0,0.20136887450606028,0.20136887450606028,0.0,0
0.25,36.78065054211843,0.2401159182002676,0.2401159182002676,0.0,0.20318168853644236,0.20318168853644236,0.0,0
0.25,36.86405337781484,0.2416751828427038,0.2416751828427038,0.0,0.20509572419792324,0.20509572419792324,0.0,0
0.25,36.94745621351126,0.24363790836986476,0.24363790836986476,0.0,0.20711283886524465,0.20711283886524465,0.0,0
0.25,37.03085904920767,0.24600126428501085,0.24600126428501085,0.0,0.20923142990492904,0.20923142990492904,0.0,0
0.25,37.11426188490408,0.24875915220011624,0.24875915220011624,0.0,0.21144719703516868,0.21144719703516868,0.0,0
0.25,37.1976647206005,0.25190244773521997,0.25190244773521997,0.0,0.21375391036307628,0.21375391036307628,0.0,0
0.25,37.28106755629691,0.24742244864442337,0.24742244864442337,0.0,0.23117925026545297,0.23117925026545297,0.0,0
0.25,37.36447039199332,0.2516313561633053,0.2516313561633053,0.0,0.2335597372943144,0.2335597372943144,0.0,0
0.25,37.44787322768974,0.2561053428444967,0.2561053428444967,0.0,0.23591177531190943,0.23591177531190943,0.0,0
0.25,37.53127606338615,0.2608199609641884,0.2608199609641884,0.0,0.23822376053430486,0.23822376053430486,0.0,0
0.25,37.61467889908256,0.26575128333934733,0.26575128333934733,0.0,0.2404870510647619,0.2404870510647619,0.0,0
0.25,37.69808173477898,0.27087648454785557,0.27087648454785557,0.0,0.2426966322601483,0.2426966322601483,0.0,0
0.25,37.78148457047539,0.2761743575553568,0.2761743575553568,0.0,0.2448516219924599,0.2448516219924599,0.0,0
0.25,37.8648874061718,0.2816257478284756,0.2816257478284756,0.0,0.24695559210804108,0.24695559210804108,0.0,0
0.25,37.94829024186822,0.28721389023903654,0.28721389023903654,0.0,0.24901669088059758,0.24901669088059758,0.0,0
0.25,38.03169307756463,0.29292463807777275,0.29292463807777275,0.0,0.25104756125730204,0.25104756125730204,0.0,0
0.25,38.11509591326105,0.2987465780401832,0.2987465780401832,0.0,0.25306506026560577,0.25306506026560577,0.0,0
0.25,38.19849874895746,0.3046710298267648,0.3046710298267648,0.0,0.25508979513228064,0.25508979513228064,0.0,0
0.25,38.28190158465387,0.31069193371398873,0.31069193371398873,0.0,0.2571455006282358,0.2571455006282358,0.0,0
0.25,38.36530442035029,0.3168056338243952,0.3168056338243952,0.0,0.2592582892505648,0.2592582892505648,0.0,0
0.25,38.4487072560467,0.32301056862626315,0.32301056862626315,0.0,0.2614558106783051,0.2614558106783051,0.0,0
0.25,38.532110091743114,0.32930688326071494,0.32930688326071494,0.0,0.2637663593154225,0.2637663593154225,0.0,0
0.25,38.61551292743953,0.3356959805298144,0.3356959805298144,0.0,0.26621796869323094,0.26621796869323094,0.0,0
0.25,38.69891576313594,0.3421800287499864,0.3421800287499864,0.0,0.2688375292398049,0.2688375292398049,0.0,0
0.25,38.782318598832354,0.34876144520202496,0.34876144520202496,0.0,0.2716499617581754,0.2716499617581754,0.0,0
0.25,38.86572143452877,0.35544237365623704,0.35544237365623704,0.0,0.2746774733067215,0.2746774733067215,0.0,0
0.25,38.949124270225184,0.36222417351478137,0.36222417351478137,0.0,0.27793891553466943,0.27793891553466943,0.0,0
0.25,39.032527105921595,0.3691069366101577,0.3691069366101577,0.0,0.2814492584308015,0.2814492584308015,0.0,0
0.25,39.11592994161801,0.3760890457587905,0.3760890457587905,0.0,0.28521918544743724,0.28521918544743724,0.0,0
0.25,39.199332777314424,0.3831667869264132,0.3831667869264132,0.0,0.2892548095904964,0.2892548095904964,0.0,0
0.25,39.28273561301084,0.37537553382283656,0.37537553382283656,0.0,0.2924150808309841,0.2924150808309841,0.0,0
0.25,39.366138448707254,0.381163601918108,0.381163601918108,0.0,0.29522192102705674,0.29522192102705674,0.0,0
0.25,39.449541284403665,0.38703516090253914,0.38703516090253914,0.0,0.29831699548116747,0.29831699548116747,0.0,0
0.25,39.53294412010008,0.39298040858256916,0.39298040858256916,0.0,0.30169380301216675,0.30169380301216675,0.0,0
0.25,39.616346955796494,0.398985986612216,0.398985986612216,0.0,0.30534041374884924,0.30534041374884924,0.0,0
0.25,39.699749791492906,0.40503502422947757,0.40503502422947757,0.0,0.3092396887005641,0.3092396887005641,0.0,0
0.25,39.783152627189324,0.41110726807231823,0.41110726807231823,0.0,0.31336958080568517,0.31336958080568517,0.0,0
0.25,39.866555462885735,0.41717929253372693,0.41717929253372693,0.0,0.31770350729790475,0.31770350729790475,0.0,0
0.25,39.949958298582146,0.42322478351180653,0.42322478351180653,0.0,0.32221078413409254,0.32221078413409254,0.0,0
0.25,40.033361134278564,0.42921488710920425,0.42921488710920425,0.0,0.326857114269286,0.326857114269286,0.0,0
0.25,40.116763969974976,0.43511861382044315,0.43511861382044315,0.0,0.3316051224632656,0.3316051224632656,0.0,0
0.25,40.20016680567139,0.440903287995389,0.440903287995389,0.0,0.3364149298431827,0.3364149298431827,0.0,0
0.25,40.283569641367805,0.4465350318650735,0.4465350318650735,0.0,0.3412447615095508,0.3412447615095508,0.0,0
0.25,40.366972477064216,0.45197927315326863,0.45197927315326863,0.0,0.3460515800505817,0.3460515800505817,0.0,0
0.25,40.45037531276063,0.45720126527255717,0.45720126527255717,0.0,0.350791737016292,0.350791737016292,0.0,0
0.25,40.533778148457046,0.462166609321839,0.462166609321839,0.0,0.3554216333701383,0.3554216333701383,0.0,0
0.25,40.61718098415346,0.46684176756800466,0.46684176756800466,0.0,0.35989837889396886,0.35989837889396886,0.0,0
0.25,40.700583819849875,0.4711945588049487,0.4711945588049487,0.0,0.3641804396831718,0.3641804396831718,0.0,0
0.25,40.783986655546286,0.47519462692188885,0.47519462692188885,0.0,0.3682282624068065,0.3682282624068065,0.0,0
0.25,40.8673894912427,0.47881387514681095,0.47881387514681095,0.0,0.37200486403063754,0.37200486403063754,0.0,0
0.25,40.950792326939116,0.48202685970762543,0.48202685970762543,0.0,0.37547637623757035,0.37547637623757035,0.0,0
0.25,41.03419516263553,0.4848111380082367,0.4848111380082367,0.0,0.3786125347812501,0.3786125347812501,0.0,0
0.25,41.11759799833194,0.4871475677759942,0.4871475677759942,0.0,0.38138710536357434,0.38138710536357434,0.0,0
0.25,41.201000834028356,0.4523304595415698,0.4523304595415698,0.0,0.36035012378905784,0.36035012378905784,0.0,0
0.25,41.28440366972477,0.45304530456049147,0.45304530456049147,0.0,0.36172176480096163,0.36172176480096163,0.0,0
0.25,41.36780650542118,0.45333303374246214,0.45333303374246214,0.0,0.36274490215554767,0.36274490215554767,0.0,0
0.25,41.4512093411176,0.4531909096985446,0.4531909096985446,0.0,0.36341298498067104,0.36341298498067104,0.0,0
0.25,41.53461217681401,0.4526204074118024,0.4526204074118024,0.0,0.36372470299882353,0.36372470299882353,0.0,0
0.25,41.61801501251042,0.4516271861898486,0.4516271861898486,0.0,0.36368389873252766,0.36368389873252766,0.0,0
0.25,41.70141784820684,0.4502210068151612,0.4502210068151612,0.0,0.36329938389039307,0.36329938389039307,0.0,0
0.25,41.78482068390325,0.44841559704373796,0.44841559704373796,0.0,0.36258466401068806,0.36258466401068806,0.0,0
0.25,41.86822351959966,0.44622846897409213,0.44622846897409213,0.0,0.36155757715211734,0.36155757715211734,0.0,0
0.25,41.95162635529608,0.44368069211435435,0.44368069211435435,0.0,0.36023985420324367,0.36023985420324367,0.0,0
0.25,42.03502919099249,0.440796626212346,0.440796626212346,0.0,0.3586566101995969,0.3586566101995969,0.0,0
0.25,42.11843202668891,0.43760361807063763,0.43760361807063763,0.0,0.3568357778229252,0.3568357778229252,0.0,0
0.25,42.20183486238532,0.4341316666347482,0.4341316666347482,0.0,0.3548074959193495,0.3548074959193495,0.0,0
0.25,42.28523769808173,0.43041306061699447,0.43041306061699447,0.0,0.35260346731623804,0.35260346731623804,0.0,0
0.25,42.36864053377815,0.4264819928187072,0.4264819928187072,0.0,0.3502563013574035,0.3502563013574035,0.0,0
0.25,42.45204336947456,0.4223741551846342,0.4223741551846342,0.0,0.34779885735606336,0.34779885735606336,0.0,0
0.25,42.53544620517097,0.4181263185369417,0.4181263185369417,0.0,0.3452636055594349,0.3452636055594349,0.0,0
0.25,42.61884904086739,0.4137759009861889,0.4137759009861889,0.0,0.34268202222906324,0.34268202222906324,0.0,0
0.25,42.7022518765638,0.4093605293054999,0.4093605293054999,0.0,0.3400840350796461,0.3400840350796461,0.0,0
0.25,42.78565471226021,0.40491759817184775,0.40491759817184775,0.0,0.3374975345893252,0.3374975345893252,0.0,0
0.25,42.86905754795663,0.4004838331780446,0.4004838331780446,0.0,0.3349479655704607,0.3349479655704607,0.0,0
0.25,42.95246038365304,0.3960948648912522,0.3960948648912522,0.0,0.33245801180583845,0.33245801180583845,0.0,0
0.25,43.03586321934945,0.3917848228851251,0.3917848228851251,0.0,0.33004738440809295,0.33004738440809295,0.0,0
0.25,43.11926605504587,0.38758596041609666,0.38758596041609666,0.0,0.32773272173210766,0.32773272173210766,0.0,0
0.25,43.20266889074228,0.358128904228505,0.358128904228505,0.0,0.3180208084086963,0.3180208084086963,0.0,0
0.25,43.28607172643869,0.35537606169862235,0.35537606169862235,0.0,0.31688556160599407,0.31688556160599407,0.0,0
0.25,43.36947456213511,0.3528330373073358,0.3528330373073358,0.0,0.3158443291393981,0.3158443291393981,0.0,0
0.25,43.45287739783152,0.3505095463561924,0.3505095463561924,0.0,0.3148912491763358,0.3148912491763358,0.0,0
0.25,43.53628023352794,0.34841212914819647,0.34841212914819647,0.0,0.3140194150759175,0.3140194150759175,0.0,0
0.25,43.61968306922435,0.3465444842827302,0.3465444842827302,0.0,0.3132216010693722,0.3132216010693722,0.0,0
0.25,43.70308590492076,0.3449079120785888,0.3449079120785888,0.0,0.31249098065992764,0.31249098065992764,0.0,0
0.25,43.78648874061718,0.3435018496610878,0.3435018496610878,0.0,0.31182180109797747,0.31182180109797747,0.0,0
0.25,43.86989157631359,0.34232447367974705,0.34232447367974705,0.0,0.3112099811047691,0.3112099811047691,0.0,0
0.25,43.95329441201,0.34137334274651143,0.34137334274651143,0.0,0.31065360514754914,0.31065360514754914,0.0,0
0.25,44.03669724770642,0.3406460498191525,0.3406460498191525,0.0,0.3101532953511044,0.3101532953511044,0.0,0
0.25,44.12010008340283,0.34014085495524177,0.34014085495524177,0.0,0.3097124507543966,0.3097124507543966,0.0,0
0.25,44.20350291909924,0.33985727093720347,0.33985727093720347,0.0,0.30933735224827397,0.30933735224827397,0.0,0
0.25,44.28690575479566,0.33979657784030787,0.33979657784030787,0.0,0.30903713940952066,0.30903713940952066,0.0,0
0.25,44.37030859049207,0.33996224720294305,0.33996224720294305,0.0,0.30882367199883404,0.30882367199883404,0.0,0
0.25,44.453711426188484,0.34036026156795723,0.34036026156795723,0.0,0.30871129375598466,0.30871129375598466,0.0,0
0.25,44.5371142618849,0.3409993203608093,0.3409993203608093,0.0,0.3087165191694544,0.3087165191694544,0.0,0
0.25,44.62051709758131,0.3418909280272524,0.3418909280272524,0.0,0.30885766518251734,0.30885766518251734,0.0,0
0.25,44.703919933277724,0.3430493648674205,0.3430493648674205,0.0,0.30915444953340865,0.30915444953340865,0.0,0
0.25,44.78732276897414,0.3444915449871637,0.3444915449871637,0.0,0.3096275759150958,0.3096275759150958,0.0,0
0.25,44.870725604670554,0.346236769240869,0.346236769240869,0.0,0.3102983237177862,0.3102983237177862,0.0,0
0.25,44.95412844036697,0.34830638401019987,0.34830638401019987,0.0,0.3111881571149334,0.3111881571149334,0.0,0
0.25,45.03753127606338,0.35072335920525327,0.35072335920525327,0.0,0.3123183649641182,0.3123183649641182,0.0,0
0.25,45.120934111759794,0.3502372603078538,0.3502372603078538,0.0,0.3190025284964062,0.3190025284964062,0.0,0
0.25,45.20433694745621,0.3527314211473302,0.3527314211473302,0.0,0.31987455194023745,0.31987455194023745,0.0,0
0.25,45.287739783152624,0.3555814081359897,0.3555814081359897,0.0,0.3210235802624952,0.3210235802624952,0.0,0
0.25,45.371142618849035,0.358819725444979,0.358819725444979,0.0,0.32247286158180666,0.32247286158180666,0.0,0
0.25,45.45454545454545,0.36247806415516765,0.36247806415516765,0.0,0.32424411650940166,0.32424411650940166,0.0,0
0.25,45.537948290241864,0.3665866475345442,0.3665866475345442,0.0,0.32635740692210796,0.32635740692210796,0.0,0
0.25,45.621351125938276,0.371173607931862,0.371173607931862,0.0,0.32883103804390695,0.32883103804390695,0.0,0
0.25,45.704753961634694,0.376264413097676,0.376264413097676,0.0,0.33168148795781827,0.33168148795781827,0.0,0
0.25,45.788156797331105,0.381881357727079,0.381881357727079,0.0,0.3349233582315101,0.3349233582315101,0.0,0
0.25,45.871559633027516,0.38804313291123194,0.38804313291123194,0.0,0.338569339123519,0.338569339123519,0.0,0
0.25,45.954962468723934,0.39476448218446836,0.39476448218446836,0.0,0.34263018283679,0.34263018283679,0.0,0
0.25,46.038365304420346,0.4020559482952366,0.4020559482952366,0.0,0.34711467850204947,0.34711467850204947,0.0,0
0.25,46.12176814011676,0.4099237101373984,0.4099237101373984,0.0,0.35202962300759805,0.35202962300759805,0.0,0
0.25,46.205170975813175,0.41836950490321,0.41836950490321,0.0,0.35737978244712443,0.35737978244712443,0.0,0
0.25,46.288573811509586,0.4273906268665308,0.4273906268665308,0.0,0.3631678398345463,0.3631678398345463,0.0,0
0.25,46.371976647206004,0.436979991578018,0.436979991578018,0.0,0.3693943258334494,0.3693943258334494,0.0,0
0.25,46.455379482902416,0.44712625281909596,0.44712625281909596,0.0,0.3760575305634198,0.3760575305634198,0.0,0
0.25,46.53878231859883,0.45781395943762193,0.45781395943762193,0.0,0.38315339606623194,0.38315339606623194,0.0,0
0.25,46.622185154295245,0.46902374006284125,0.46902374006284125,0.0,0.39067539072347085,0.39067539072347085,0.0,0
0.25,46.705587989991656,0.4807325054601216,0.4807325054601216,0.0,0.3986143687850099,0.3986143687850099,0.0,0
0.25,46.78899082568807,0.49291366066809933,0.49291366066809933,0.0,0.4069584201504799,0.4069584201504799,0.0,0
0.25,46.872393661384486,0.5055373217743647,0.5055373217743647,0.0,0.4156927175782843,0.4156927175782843,0.0,0
0.25,46.9557964970809,0.5185705349551515,0.5185705349551515,0.0,0.4247993704876385,0.4247993704876385,0.0,0
0.25,47.03919933277731,0.5319774979867758,0.5319774979867758,0.0,0.4342572963466776,0.4342572963466776,0.0,0
0.25,47.122602168473726,0.527204667710907,0.527204667710907,0.0,0.43727222284394657,0.43727222284394657,0.0,0
0.25,47.20600500417014,0.5406503089285736,0.5406503089285736,0.0,0.4468792840018768,0.4468792840018768,0.0,0
0.25,47.28940783986655,0.5543996707051508,0.5543996707051508,0.0,0.4567997230406795,0.4567997230406795,0.0,0
0.25,47.37281067556297,0.5684068761546452,0.5684068761546452,0.0,0.4669999556698024,0.4669999556698024,0.0,0
0.25,47.45621351125938,0.5826243159191249,0.5826243159191249,0.0,0.47744313960080903,0.47744313960080903,0.0,0
0.25,47.539616346955796,0.5970030071486871,0.5970030071486871,0.0,0.4880894096676821,0.4880894096676821,0.0,0
0.25,47.62301918265221,0.6114929736253505,0.6114929736253505,0.0,0.49889620351948927,0.49889620351948927,0.0,0
0.25,47.70642201834862,0.6260436473096191,0.6260436473096191,0.0,0.5098186775948509,0.5098186775948509,0.0,0
0.25,47.78982485404504,0.6406042890860839,0.6406042890860839,0.0,0.5208102072474643,0.5208102072474643,0.0,0
0.25,47.87322768974145,0.6551244237517795,0.6551244237517795,0.0,0.5318229585983736,0.5318229585983736,0.0,0
0.25,47.95663052543786,0.6695542815940688,0.6695542815940688,0.0,0.5428085134954929,0.5428085134954929,0.0,0
0.25,48.04003336113428,0.6838452365241219,0.6838452365241219,0.0,0.5537185235083787,0.5537185235083787,0.0,0
0.25,48.12343619683069,0.6979502289368532,0.6979502289368532,0.0,0.5645053648393612,0.5645053648393612,0.0,0
0.25,48.2068390325271,0.7118241604868816,0.7118241604868816,0.0,0.5751227639817085,0.5751227639817085,0.0,0
0.25,48.29024186822352,0.7254242479627984,0.7254242479627984,0.0,0.5855263643277284,0.5855263643277284,0.0,0
0.25,48.37364470391993,0.7387103244784076,0.7387103244784076,0.0,0.5956742069086828,0.5956742069086828,0.0,0
0.25,48.45704753961634,0.7516450782455559,0.7516450782455559,0.0,0.6055271039289928,0.6055271039289928,0.0,0
0.25,48.54045037531276,0.7641942221122249,0.7641942221122249,0.0,0.6150488913401867,0.6150488913401867,0.0,0
0.25,48.62385321100917,0.7763265906160275,0.7763265906160275,0.0,0.6242065557293306,0.6242065557293306,0.0,0
0.25,48.70725604670558,0.7880141652259599,0.7880141652259599,0.0,0.6329702404323957,0.6329702404323957,0.0,0
0.25,48.790658882402,0.7992320323989607,0.7992320323989607,0.0,0.6413131450972368,0.6413131450972368,0.0,0
0.25,48.87406171809841,0.809958282736182,0.809958282736182,0.0,0.6492113409999695,0.6492113409999695,0.0,0
0.25,48.95746455379483,0.8201738625889416,0.8201738625889416,0.0,0.6566435304583472,0.6566435304583472,0.0,0
0.25,49.04086738949124,0.8114171694078703,0.8114171694078703,0.0,0.6613893588854355,0.6613893588854355,0.0,0
0.25,49.12427022518765,0.8207165584326407,0.8207165584326407,0.0,0.6680933224876734,0.6680933224876734,0.0,0
0.25,49.20767306088407,0.8294660999309388,0.8294660999309388,0.0,0.6742619643279428,0.6742619643279428,0.0,0
0.25,49.29107589658048,0.8376527891525029,0.8376527891525029,0.0,0.6798759287232568,0.6798759287232568,0.0,0
0.25,49.37447873227689,0.8452656790723823,0.8452656790723823,0.0,0.684918071269701,0.684918071269701,0.0,0
0.25,49.45788156797331,0.8522957941087358,0.8522957941087358,0.0,0.6893736172417183,0.6893736172417183,0.0,0
0.25,49.54128440366972,0.8587360766402955,0.8587360766402955,0.0,0.6932303745427804,0.6932303745427804,0.0,0
0.25,49.62468723936613,0.8645813653456877,0.8645813653456877,0.0,0.6964789798723492,0.6964789798723492,0.0,0
0.25,49.70809007506255,0.8698284011677592,0.8698284011677592,0.0,0.6991131517686706,0.6991131517686706,0.0,0
0.25,49.79149291075896,0.8744758541086992,0.8744758541086992,0.0,0.7011299223646176,0.7011299223646176,0.0,0
0.25,49.87489574645537,0.8785243622762618,0.8785243622762618,0.0,0.7025298210947512,0.7025298210947512,0.0,0
0.25,49.95829858215179,0.8819765737153638,0.8819765737153638,0.0,0.7033169878118264,0.7033169878118264,0.0,0
0.25,50.0417014178482,0.8848371815564866,0.8848371815564866,0.0,0.7034991990578793,0.7034991990578793,0.0,0
0.25,50.12510425354461,0.8871129437862545,0.8871129437862545,0.0,0.7030877986398543,0.7030877986398543,0.0,0
0.25,50.20850708924103,0.8888126803256358,0.8888126803256358,0.0,0.702097531207006,0.702097531207006,0.0,0
0.25,50.29190992493744,0.8899472418834405,0.8899472418834405,0.0,0.7005462843667337,0.7005462843667337,0.0,0
0.25,50.37531276063386,0.8905294470294308,0.8905294470294308,0.0,0.6984547503873144,0.6984547503873144,0.0,0
0.25,50.45871559633027,0.890573985916047,0.890573985916047,0.0,0.6958460223773026,0.6958460223773026,0.0,0
0.25,50.54211843202668,0.890097290921243,0.890097290921243,0.0,0.6927451419266323,0.6927451419266323,0.0,0
0.25,50.6255212677231,0.8891173760817438,0.8891173760817438,0.0,0.6891786156847302,0.6891786156847302,0.0,0
0.25,50.70892410341951,0.8876536484749095,0.8876536484749095,0.0,0.6851739175211369,0.6851739175211369,0.0,0
0.25,50.792326939115924,0.885726695664645,0.885726695664645,0.0,0.6807589911179245,0.6807589911179245,0.0,0
0.25,50.87572977481234,0.883358053958827,0.883358053958827,0.0,0.6759617654387027,0.6759617654387027,0.0,0
0.25,50.95913261050875,0.8805699625602234,0.8805699625602234,0.0,0.6708096928233153,0.6708096928233153,0.0,0
0.25,51.042535446205164,0.8620065480665218,0.8620065480665218,0.0,0.6630785102795795,0.6630785102795795,0.0,0
0.25,51.12593828190158,0.8582740858467239,0.8582740858467239,0.0,0.6568274019940737,0.6568274019940737,0.0,0
0.25,51.209341117597994,0.8541821386761566,0.8541821386761566,0.0,0.6502904043385969,0.6502904043385969,0.0,0
0.25,51.292743953294405,0.849753346133181,0.849753346133181,0.0,0.6434886190710769,0.6434886190710769,0.0,0
0.25,51.37614678899082,0.845009658137511,0.845009658137511,0.0,0.6364404407889935,0.6364404407889935,0.0,0
0.25,51.459549624687234,0.8399721129829628,0.8399721129829628,0.0,0.6291613083294505,0.6291613083294505,0.0,0
0.25,51.542952460383646,0.8346606346847978,0.8346606346847978,0.0,0.6216634824327717,0.6216634824327717,0.0,0
0.25,51.626355296080064,0.8290938524733733,0.8290938524733733,0.0,0.6139558441490707,0.6139558441490707,0.0,0
0.25,51.709758131776475,0.8232889453973099,0.8232889453973099,0.0,0.6060437086563006,0.6060437086563006,0.0,0
0.25,51.79316096747289,0.8172615153986169,0.8172615153986169,0.0,0.5979286500344236,0.5979286500344236,0.0,0
0.25,51.876563803169304,0.8110254929549356,0.8110254929549356,0.0,0.5896083344326168,0.5896083344326168,0.0,0
0.25,51.959966638865716,0.8045930805232493,0.8045930805232493,0.0,0.5810763625366201,0.5810763625366201,0.0,0
0.25,52.043369474562134,0.7979747406413782,0.7979747406413782,0.0,0.5723221282316385,0.5723221282316385,0.0,0
0.25,52.126772310258545,0.7911792377152634,0.7911792377152634,0.0,0.5633307104128922,0.5633307104128922,0.0,0
0.25,52.210175145954956,0.784213745264174,0.784213745264174,0.0,0.5540828315396942,0.5540828315396942,0.0,0
0.25,52.293577981651374,0.7770840336139377,0.7770840336139377,0.0,0.5445549437698184,0.5445549437698184,0.0,0
0.25,52.376980817347786,0.7697947563360809,0.7697947563360809,0.0,0.5347195475290981,0.5347195475290981,0.0,0
0.25,52.4603836530442,0.7623498561280325,0.7623498561280325,0.0,0.5245459171542617,0.5245459171542617,0.0,0
0.25,52.543786488740615,0.7547531100598007,0.7547531100598007,0.0,0.514001515409845,0.514001515409845,0.0,0
0.25,52.627189324437026,0.7470088254847603,0.7470088254847603,0.0,0.5030545341550371,0.5030545341550371,0.0,0
0.25,52.71059216013344,0.7391226722897113,0.7391226722897113,0.0,0.4916782000843355,0.4916782000843355,0.0,0
0.25,52.793994995829856,0.7311025779879008,0.7311025779879008,0.0,0.47985768235773163,0.47985768235773163,0.0,0
0.25,52.87739783152627,0.722959492484709,0.722959492484709,0.0,0.4676004548749364,0.4676004548749364,0.0,0
0.25,52.96080066722268,0.6966948425215901,0.6966948425215901,0.0,0.4412997605697271,0.4412997605697271,0.0,0
0.25,53.044203502919096,0.6881773012462256,0.6881773012462256,0.0,0.4277988051621339,0.4277988051621339,0.0,0
0.25,53.12760633861551,0.6796012055270937,0.6796012055270937,0.0,0.4143567359139521,0.4143567359139521,0.0,0
0.25,53.211009174311926,0.6709533070352888,0.6709533070352888,0.0,0.401174281550406,0.401174281550406,0.0,0
0.25,53.29441201000834,0.662185583500337,0.662185583500337,0.0,0.38837238889775016,0.38837238889775016,0.0,0
0.25,53.37781484570475,0.6532048113829216,0.6532048113829216,0.0,0.37591160365322057,0.37591160365322057,0.0,0
0.25,53.461217681401166,0.6438726139989503,0.6438726139989503,0.0,0.3635729229455443,0.3635729229455443,0.0,0
0.25,53.54462051709758,0.6340186870735413,0.6340186870735413,0.0,0.35103200152831016,0.35103200152831016,0.0,0
0.25,53.62802335279399,0.6234620563118105,0.6234620563118105,0.0,0.33798670107154216,0.33798670107154216,0.0,0
0.25,53.71142618849041,0.6120316366401517,0.6120316366401517,0.0,0.3242638671432044,0.3242638671432044,0.0,0
0.25,53.79482902418682,0.5995810580016181,0.5995810580016181,0.0,0.30986870310338227,0.30986870310338227,0.0,0
0.25,53.87823185988323,0.5859987066319864,0.5859987066319864,0.0,0.29499514094821055,0.29499514094821055,0.0,0
0.25,53.96163469557965,0.5712173295217563,0.5712173295217563,0.0,0.28003744731901453,0.28003744731901453,0.0,0
0.25,54.04503753127606,0.5552282814369057,0.5552282814369057,0.0,0.2656361473097438,0.2656361473097438,0.0,0
0.25,54.12844036697247,0.5381056573805794,0.5381056573805794,0.0,0.25277716407649253,0.25277716407649253,0.0,0
0.25,54.21184320266889,0.5200466235351733,0.5200466235351733,0.0,0.24294464670142293,0.24294464670142293,0.0,0
0.25,54.2952460383653,0.5014366148182701,0.5014366148182701,0.0,0.23828544213599262,0.23828544213599262,0.0,0
0.25,54.37864887406171,0.48295099119803364,0.48295099119803364,0.0,0.24166000047394387,0.24166000047394387,0.0,0
0.25,54.46205170975813,0.4657050617141965,0.4657050617141965,0.0,0.2564007983932936,0.2564007983932936,0.0,0
0.25,54.54545454545454,0.45145233451839933,0.45145233451839933,0.0,0.2857733083166537,0.2857733083166537,0.0,0
0.25,54.62885738115096,0.44278358350205654,0.44278358350205654,0.0,0.3324756277257502,0.3324756277257502,0.0,0
0.25,54.71226021684737,0.4431649966170575,0.4431649966170575,0.0,0.39836833888047796,0.39836833888047796,0.0,0
0.25,54.79566305254378,0.4564914847970124,0.4564914847970124,0.0,0.4838681047276607,0.4838681047276607,0.0,0
0.25,54.8790658882402,0.4858290454111131,0.4858290454111131,0.0,0.5861531823655595,0.5861531823655595,0.0,0
0.25,54.96246872393661,0.6074966915008462,0.6074966915008462,0.0,0.8301432558660271,0.8301432558660271,0.0,0
0.25,55.04587155963302,0.6715715679662954,0.6715715679662954,0.0,0.9150539395919335,0.9150539395919335,0.0,0
0.25,55.12927439532944,0.7349174149786519,0.7349174149786519,0.0,0.971970042345743,0.971970042345743,0.0,0
0.25,55.21267723102585,0.7939651310056222,0.7939651310056222,0.0,1.003961419547371,1.003961419547371,0.0,0
0.25,55.29608006672226,0.847504820824113,0.847504820824113,0.0,1.018293556745441,1.018293556745441,0.0,0
0.25,55.37948290241868,0.8956443607240316,0.8956443607240316,0.0,1.0218443079392525,1.0218443079392525,0.0,0
0.25,55.46288573811509,0.9389925682784548,0.9389925682784548,0.0,1.0195295264456783,1.0195295264456783,0.0,0
0.25,55.5462885738115,0.9782505734337846,0.9782505734337846,0.0,1.0144626065667492,1.0144626065667492,0.0,0
0.25,55.62969140950792,1.0140556704400445,1.0140556704400445,0.0,1.0085141028635005,1.0085141028635005,0.0,0
0.25,55.71309424520433,1.046940152533909,1.046940152533909,0.0,1.0027807237828703,1.0027807237828703,0.0,0
0.25,55.79649708090075,1.0773338354628272,1.0773338354628272,0.0,0.9978937120573955,0.9978937120573955,0.0,0
0.25,55.87989991659716,1.1055797754880492,1.1055797754880492,0.0,0.9942057718207058,0.9942057718207058,0.0,0
0.25,55.96330275229357,1.1319516193285297,1.1319516193285297,0.0,0.9919016443234933,0.9919016443234933,0.0,0
0.25,56.04670558798999,1.1566688273116021,1.1566688273116021,0.0,0.9910635978204537,0.9910635978204537,0.0,0
0.25,56.1301084236864,1.1799089790892603,1.1799089790892603,0.0,0.991710794963994,0.991710794963994,0.0,0
0.25,56.21351125938281,1.2018173849505283,1.2018173849505283,0.0,0.9938235279485966,0.9938235279485966,0.0,0
0.25,56.29691409507923,1.2225144910832664,1.2225144910832664,0.0,0.9973586106204085,0.9973586106204085,0.0,0
0.25,56.38031693077564,1.2421015671918327,1.2421015671918327,0.0,1.002259531139535,1.002259531139535,0.0,0
0.25,56.46371976647205,1.2606650862229953,1.2606650862229953,0.0,1.0084634455188248,1.0084634455188248,0.0,0
0.25,56.54712260216847,1.278280116685283,1.278280116685283,0.0,1.0159062264058347,1.0159062264058347,0.0,0
0.25,56.63052543786488,1.2950129700681705,1.2950129700681705,0.0,1.0245262871048384,1.0245262871048384,0.0,0
0.25,56.713928273561294,1.3109232837953178,1.3109232837953178,0.0,1.0342676182562218,1.0342676182562218,0.0,0
0.25,56.79733110925771,1.3260656726887552,1.3260656726887552,0.0,1.0450823141035157,1.0450823141035157,0.0,0
0.25,56.88073394495412,1.3413607339921705,1.3413607339921705,0.0,1.063747845576118,1.063747845576118,0.0,0
0.25,56.964136780650534,1.3537415241978576,1.3537415241978576,0.0,1.0774075239222434,1.0774075239222434,0.0,0
0.25,57.04753961634695,1.3655871583164623,1.3655871583164623,0.0,1.09216168536922,1.09216168536922,0.0,0
0.25,57.130942452043364,1.3769391766528964,1.3769391766528964,0.0,1.1080258717673412,1.1080258717673412,0.0,0
0.25,57.21434528773978,1.387838630887702,1.387838630887702,0.0,1.1250362729949863,1.1250362729949863,0.0,0
0.25,57.29774812343619,1.398326224252338,1.398326224252338,0.0,1.14325263487203,1.14325263487203,0.0,0
0.25,57.381150959132604,1.408442254923195,1.408442254923195,0.0,1.1627617059843836,1.1627617059843836,0.0,0
0.25,57.46455379482902,1.4182263111026927,1.4182263111026927,0.0,1.1836813839989513,1.1836813839989513,0.0,0
0.25,57.547956630525434,1.4277166331188604,1.4277166331188604,0.0,1.206165716616228,1.206165716616228,0.0,0
0.25,57.631359466221845,1.43694900869344,1.43694900869344,0.0,1.2304108622139351,1.2304108622139351,0.0,0
0.25,57.71476230191826,1.445954992591831,1.445954992591831,0.0,1.2566619608773324,1.2566619608773324,0.0,0
0.25,57.798165137614674,1.4547591258223211,1.4547591258223211,0.0,1.2852204786098564,1.2852204786098564,0.0,0
0.25,57.881567973311085,1.4633746483762595,1.4633746483762595,0.0,1.3164506859234761,1.3164506859234761,0.0,0
0.25,57.964970809007504,1.471796917110671,1.471796917110671,0.0,1.3507819090287403,1.3507819090287403,0.0,0
0.25,58.048373644703915,1.4799933082582815,1.4799933082582815,0.0,1.388698732685373,1.388698732685373,0.0,0
0.25,58.131776480400326,1.4878877576097895,1.4878877576097895,0.0,1.4307016388379967,1.4307016388379967,0.0,0
0.25,58.215179316096744,1.4953373105695285,1.4953373105695285,0.0,1.4771999686173505,1.4771999686173505,0.0,0
0.25,58.298582151793156,1.5020975401696053,1.5020975401696053,0.0,1.5282577222232623,1.5282577222232623,0.0,0
0.25,58.38198498748957,1.5077751949643843,1.5077751949643843,0.0,1.5830413151669782,1.5830413151669782,0.0,0
0.25,58.465387823185985,1.5117756221525354,1.5117756221525354,0.0,1.6387489244294335,1.6387489244294335,0.0,0
0.25,58.548790658882396,1.5132836548109148,1.5132836548109148,0.0,1.6889682336479117,1.6889682336479117,0.0,0
0.25,58.632193494578814,1.5113886602511588,1.5113886602511588,0.0,1.722512021394839,1.722512021394839,0.0,0
0.25,58.715596330275226,1.5055287090209732,1.5055287090209732,0.0,1.7260127796027454,1.7260127796027454,0.0,0
0.25,58.79899916597164,1.4961902300432266,1.4961902300432266,0.0,1.6923807728994544,1.6923807728994544,0.0,0
0.25,58.882402001668055,1.4415562738356926,1.4415562738356926,0.0,1.5167704714191357,1.5167704714191357,0.0,0
0.25,58.965804837364466,1.4323653871804936,1.4323653871804936,0.0,1.4364649995104624,1.4364649995104624,0.0,0
0.25,59.04920767306088,1.4259891564783118,1.4259891564783118,0.0,1.3659886391296285,1.3659886391296285,0.0,0
0.25,59.132610508757296,1.4224670264611206,1.4224670264611206,0.0,1.3076696044531626,1.3076696044531626,0.0,0
0.25,59.21601334445371,1.4215394523790283,1.4215394523790283,0.0,1.2609332510746754,1.2609332510746754,0.0,0
0.25,59.29941618015012,1.422843661881552,1.422843661881552,0.0,1.2243193694037906,1.2243193694037906,0.0,0
0.25,59.382819015846536,1.4260216032852489,1.4260216032852489,0.0,1.1963424949036991,1.1963424949036991,0.0,0
0.25,59.46622185154295,1.4307710799573259,1.4307710799573259,0.0,1.1757178697932393,1.1757178697932393,0.0,0
0.25,59.54962468723936,1.4368615288381457,1.4368615288381457,0.0,1.1613878637110313,1.1613878637110313,0.0,0
0.25,59.63302752293578,1.4441312660228305,1.4441312660228305,0.0,1.152529664512544,1.152529664512544,0.0,0
0.25,59.71643035863219,1.452478481620146,1.452478481620146,0.0,1.1485669610804523,1.1485669610804523,0.0,0
0.25,59.7998331943286,1.4618524485895081,1.4618524485895081,0.0,1.1491764493312033,1.1491764493312033,0.0,0
0.25,59.88323603002502,1.4722470688742542,1.4722470688742542,0.0,1.154291211364453,1.154291211364453,0.0,0
0.25,59.96663886572143,1.4836967917393515,1.4836967917393515,0.0,1.1641098570344397,1.1641098570344397,0.0,0
0.25,60.05004170141785,1.496274161675864,1.496274161675864,0.0,1.1791194873217103,1.1791194873217103,0.0,0
0.25,60.13344453711426,1.5100877841864884,1.5100877841864884,0.0,1.2001370404711964,1.2001370404711964,0.0,0
0.25,60.21684737281067,1.525278628949703,1.525278628949703,0.0,1.2283674097198707,1.2283674097198707,0.0,0
0.25,60.30025020850709,1.5420105692330475,1.5420105692330475,0.0,1.2654608872576134,1.2654608872576134,0.0,0
0.25,60.3836530442035,1.560446608703775,1.560446608703775,0.0,1.3135075056186156,1.3135075056186156,0.0,0
0.25,60.46705587989991,1.580693225445469,1.580693225445469,0.0,1.3747850995281665,1.3747850995281665,0.0,0
0.25,60.55045871559633,1.6026800465645932,1.6026800465645932,0.0,1.4507969722677405,1.4507969722677405,0.0,0
0.25,60.63386155129274,1.625930681335912,1.625930681335912,0.0,1.5397025295133655,1.5397025295133655,0.0,0
0.25,60.71726438698915,1.649235971434159,1.649235971434159,0.0,1.6316054050044861,1.6316054050044861,0.0,0
0.25,60.80066722268557,1.6497082916940136,1.6497082916940136,0.0,1.6825830574963456,1.6825830574963456,0.0,0
0.25,60.88407005838198,1.6671535474720163,1.6671535474720163,0.0,1.7236600119389676,1.7236600119389676,0.0,0
0.25,60.96747289407839,1.6791880953618004,1.6791880953618004,0.0,1.7218294972210046,1.7218294972210046,0.0,0
0.25,61.05087572977481,1.6862494879732821,1.6862494879732821,0.0,1.691908851053647,1.691908851053647,0.0,0
0.25,61.13427856547122,1.6896540957671404,1.6896540957671404,0.0,1.6515309728081644,1.6515309728081644,0.0,0
0.25,61.21768140116763,1.6907089736936372,1.6907089736936372,0.0,1.6116990870510937,1.6116990870510937,0.0,0
0.25,61.30108423686405,1.690376852161769,1.690376852161769,0.0,1.577346215280488,1.577346215280488,0.0,0
0.25,61.38448707256046,1.6892828146636663,1.6892828146636663,0.0,1.5501326907319284,1.5501326907319284,0.0,0
0.25,61.46788990825688,1.6878071362509184,1.6878071362509184,0.0,1.5303359728422001,1.5303359728422001,0.0,0
0.25,61.55129274395329,1.6861674187687987,1.6861674187687987,0.0,1.5177768905042723,1.5177768905042723,0.0,0
0.25,61.6346955796497,1.6844726743140408,1.6844726743140408,0.0,1.5122160112837477,1.5122160112837477,0.0,0
0.25,61.71809841534612,1.682753268868464,1.682753268868464,0.0,1.513501823296316,1.513501823296316,0.0,0
0.25,61.80150125104253,1.6809723727329853,1.6809723727329853,0.0,1.5215985855589789,1.5215985855589789,0.0,0
0.25,61.88490408673894,1.6790219311419445,1.6790219311419445,0.0,1.5365306921297093,1.5365306921297093,0.0,0
0.25,61.96830692243536,1.6767032906249852,1.6767032906249852,0.0,1.5582189867644272,1.5582189867644272,0.0,0
0.25,62.05170975813177,1.673690899662029,1.673690899662029,0.0,1.5861231784412804,1.5861231784412804,0.0,0
0.25,62.13511259382818,1.669479656856877,1.669479656856877,0.0,1.6185420405038509,1.6185420405038509,0.0,0
0.25,62.2185154295246,1.6633305605564561,1.6633305605564561,0.0,1.651457667234555,1.651457667234555,0.0,0
0.25,62.30191826522101,1.6542719474325291,1.6542719474325291,0.0,1.6773039799631466,1.6773039799631466,0.0,0
0.25,62.38532110091742,1.6412887149321822,1.6412887149321822,0.0,1.6854269597724176,1.6854269597724176,0.0,0
0.25,62.46872393661384,1.6238221569906586,1.6238221569906586,0.0,1.6667137967981944,1.6667137967981944,0.0,0
0.25,62.55212677231025,1.6023271582489895,1.6023271582489895,0.0,1.6204677010784307,1.6204677010784307,0.0,0
0.25,62.635529608006664,1.5782052908554847,1.5782052908554847,0.0,1.5559101410331928,1.5559101410331928,0.0,0
0.25,62.71893244370308,1.553072496989883,1.553072496989883,0.0,1.4858817559701532,1.4858817559701532,0.0,0
0.25,62.80233527939949,1.4816929870842652,1.4816929870842652,0.0,1.3238493667365985,1.3238493667365985,0.0,0
0.25,62.88573811509591,1.4587824102567863,1.4587824102567863,0.0,1.2749849458266769,1.2749849458266769,0.0,0
0.25,62.96914095079232,1.4373023022492653,1.4373023022492653,0.0,1.2355742218093715,1.2355742218093715,0.0,0
0.25,63.052543786488734,1.4172960547724724,1.4172960547724724,0.0,1.2044971604088006,1.2044971604088006,0.0,0
0.25,63.13594662218515,1.3987766053414503,1.3987766053414503,0.0,1.180688690511174,1.180688690511174,0.0,0
0.25,63.21934945788156,1.3817595429810077,1.3817595429810077,0.0,1.1633166353889606,1.1633166353889606,0.0,0
0.25,63.302752293577974,1.3662802609633302,1.3662802609633302,0.0,1.1518281924468838,1.1518281924468838,0.0,0
0.25,63.38615512927439,1.3524028413711164,1.3524028413711164,0.0,1.1459525665494503,1.1459525665494503,0.0,0
0.25,63.469557964970804,1.3402247560591805,1.3402247560591805,0.0,1.1456977310167493,1.1456977310167493,0.0,0
0.25,63.552960800667215,1.3298792956814418,1.3298792956814418,0.0,1.15135706033381,1.15135706033381,0.0,0
0.25,63.63636363636363,1.3215362016476457,1.3215362016476457,0.0,1.1635320194226741,1.1635320194226741,0.0,0
0.25,63.719766472060044,1.3153996475211862,1.3153996475211862,0.0,1.1831714120640042,1.1831714120640042,0.0,0
0.25,63.803169307756455,1.3117008135126904,1.3117008135126904,0.0,1.211618725217301,1.211618725217301,0.0,0
0.25,63.886572143452874,1.3106787698554538,1.3106787698554538,0.0,1.2506350963485713,1.2506350963485713,0.0,0
0.25,63.969974979149285,1.3125363784419148,1.3125363784419148,0.0,1.3022988725314235,1.3022988725314235,0.0,0
0.25,64.0533778148457,1.317344733483013,1.317344733483013,0.0,1.3685110082098713,1.3685110082098713,0.0,0
0.25,64.13678065054211,1.3248506022865747,1.3248506022865747,0.0,1.4494643057427872,1.4494643057427872,0.0,0
0.25,64.22018348623853,1.3341424838064926,1.3341424838064926,0.0,1.5400202039288282,1.5400202039288282,0.0,0
0.25,64.30358632193494,1.3432715391514511,1.3432715391514511,0.0,1.624289783694949,1.624289783694949,0.0,0
0.25,64.38698915763135,1.3493790858682866,1.3493790858682866,0.0,1.6760906007818799,1.6760906007818799,0.0,0
0.25,64.47039199332777,1.3500450400679946,1.3500450400679946,0.0,1.677099976787211,1.677099976787211,0.0,0
0.25,64.55379482902418,1.344888889385826,1.344888889385826,0.0,1.6352236690822353,1.6352236690822353,0.0,0
0.25,64.63719766472059,1.3353695474882066,1.3353695474882066,0.0,1.5732871500418069,1.5732871500418069,0.0,0
0.25,64.720600500417,1.2968777225645516,1.2968777225645516,0.0,1.5126461044746207,1.5126461044746207,0.0,0
0.25,64.80400333611342,1.2849566981268337,1.2849566981268337,0.0,1.4589874258047262,1.4589874258047262,0.0,0
0.25,64.88740617180984,1.27305687362675,1.27305687362675,0.0,1.4141742471779912,1.4141742471779912,0.0,0
0.25,64.97080900750625,1.2618236727888776,1.2618236727888776,0.0,1.3786851348477749,1.3786851348477749,0.0,0
0.25,65.05421184320267,1.2516461444280693,1.2516461444280693,0.0,1.3520891363525787,1.3520891363525787,0.0,0
0.25,65.13761467889908,1.2427546678252903,1.2427546678252903,0.0,1.3337763679056422,1.3337763679056422,0.0,0
0.25,65.22101751459549,1.235279953128844,1.235279953128844,0.0,1.3232338839069533,1.3232338839069533,0.0,0
0.25,65.3044203502919,1.2292852272788524,1.2292852272788524,0.0,1.3201337615951898,1.3201337615951898,0.0,0
0.25,65.38782318598832,1.224780395368831,1.224780395368831,0.0,1.3243450969172819,1.3243450969172819,0.0,0
0.25,65.47122602168473,1.2217227289984152,1.2217227289984152,0.0,1.3359078058380156,1.3359078058380156,0.0,0
0.25,65.55462885738115,1.2200051898668327,1.2200051898668327,0.0,1.3549676369188626,1.3549676369188626,0.0,0
0.25,65.63803169307756,1.2194307733485157,1.2194307733485157,0.0,1.3816410927178946,1.3816410927178946,0.0,0
0.25,65.72143452877397,1.219669388070644,1.219669388070644,0.0,1.4157403701384104,1.4157403701384104,0.0,0
0.25,65.80483736447039,1.2201945942329018,1.2201945942329018,0.0,1.4562401816889805,1.4562401816889805,0.0,0
0.25,65.8882402001668,1.2202072887063247,1.2202072887063247,0.0,1.5003603660318343,1.5003603660318343,0.0,0
0.25,65.97164303586321,1.2185867855720596,1.2185867855720596,0.0,1.5423791624873728,1.5423791624873728,0.0,0
0.25,66.05504587155963,1.2139818767217592,1.2139818767217592,0.0,1.5731655395290187,1.5731655395290187,0.0,0
0.25,66.13844870725605,1.205212584993785,1.205212584993785,0.0,1.5825205092870889,1.5825205092870889,0.0,0
0.25,66.22185154295245,1.1919573331353845,1.1919573331353845,0.0,1.564843333861515,1.564843333861515,0.0,0
0.25,66.30525437864887,1.175161260446799,1.175161260446799,0.0,1.5234834022342343,1.5234834022342343,0.0,0
0.25,66.38865721434529,1.1566205841953925,1.1566205841953925,0.0,1.4686406621658943,1.4686406621658943,0.0,0
0.25,66.47206005004169,1.1381744979498403,1.1381744979498403,0.0,1.4111336268817831,1.4111336268817831,0.0,0
0.25,66.55546288573811,1.1212269520031515,1.1212269520031515,0.0,1.3582810558544083,1.3582810558544083,0.0,0
0.25,66.63886572143453,1.106689068151874,1.106689068151874,0.0,1.3136162381658643,1.3136162381658643,0.0,0
0.25,66.72226855713093,1.0529021244904924,1.0529021244904924,0.0,1.2023117077610534,1.2023117077610534,0.0,0
0.25,66.80567139282735,1.046491242307636,1.046491242307636,0.0,1.182142948770531,1.182142948770531,0.0,0
0.25,66.88907422852377,1.0434935960247058,1.0434935960247058,0.0,1.17004435381349,1.17004435381349,0.0,0
0.25,66.97247706422017,1.043945020392928,1.043945020392928,0.0,1.1655771947863403,1.1655771947863403,0.0,0
0.25,67.05587989991659,1.0478635543270112,1.0478635543270112,0.0,1.168534272172688,1.168534272172688,0.0,0
0.25,67.13928273561301,1.0552597206258019,1.0552597206258019,0.0,1.1789726014070812,1.1789726014070812,0.0,0
0.25,67.22268557130941,1.0661397663104883,1.0661397663104883,0.0,1.1972369064250847,1.1972369064250847,0.0,0
0.25,67.30608840700583,1.0805019663687379,1.0805019663687379,0.0,1.2239811161185519,1.2239811161185519,0.0,0
0.25,67.38949124270225,1.0983230941288342,1.0983230941288342,0.0,1.2601765197454546,1.2601765197454546,0.0,0
0.25,67.47289407839865,1.1195277350578217,1.1195277350578217,0.0,1.3070611565628278,1.3070611565628278,0.0,0
0.25,67.55629691409507,1.1439257581097102,1.1439257581097102,0.0,1.365905247707827,1.365905247707827,0.0,0
0.25,67.63969974979149,1.1710922505346126,1.1710922505346126,0.0,1.4372866947043714,1.4372866947043714,0.0,0
0.25,67.72310258548791,1.200157076943007,1.200157076943007,0.0,1.5192538154192143,1.5192538154192143,0.0,0
0.25,67.80650542118431,1.2295115258769513,1.2295115258769513,0.0,1.6036878357887938,1.6036878357887938,0.0,0
0.25,67.88990825688073,1.2566492237584508,1.2566492237584508,0.0,1.6724529633955205,1.6724529633955205,0.0,0
0.25,67.97331109257715,1.2787441726054258,1.2787441726054258,0.0,1.701832408069349,1.701832408069349,0.0,0
0.25,68.05671392827355,1.294219414492102,1.294219414492102,0.0,1.681441124748583,1.681441124748583,0.0,0
0.25,68.14011676396997,1.3037776912104588,1.3037776912104588,0.0,1.6251632662052897,1.6251632662052897,0.0,0
0.25,68.22351959966639,1.30952211024076,1.30952211024076,0.0,1.5558866680992731,1.5558866680992731,0.0,0
0.25,68.3069224353628,1.3135242094350121,1.3135242094350121,0.0,1.4893380768641171,1.4893380768641171,0.0,0
0.25,68.39032527105921,1.3172169733408519,1.3172169733408519,0.0,1.4322410343972665,1.4322410343972665,0.0,0
0.25,68.47372810675563,1.3214312408180067,1.3214312408180067,0.0,1.3861725830860403,1.3861725830860403,0.0,0
0.25,68.55713094245203,1.3265942065823009,1.3265942065823009,0.0,1.3506178875995876,1.3506178875995876,0.0,0
0.25,68.64053377814845,1.3197841582490366,1.3197841582490366,0.0,1.3408687384342963,1.3408687384342963,0.0,0
0.25,68.72393661384487,1.3277719184141965,1.3277719184141965,0.0,1.3247776916838518,1.3247776916838518,0.0,0
0.25,68.80733944954127,1.3369681651477243,1.3369681651477243,0.0,1.3162070506467372,1.3162070506467372,0.0,0
0.25,68.89074228523769,1.347340385801463,1.347340385801463,0.0,1.3146261066559257,1.3146261066559257,0.0,0
0.25,68.97414512093411,1.3588392342484419,1.3588392342484419,0.0,1.3197734396022265,1.3197734396022265,0.0,0
0.25,69.05754795663051,1.3714082927724156,1.3714082927724156,0.0,1.3316515102111999,1.3316515102111999,0.0,0
0.25,69.14095079232693,1.384985812720632,1.384985812720632,0.0,1.3505055941746715,1.3505055941746715,0.0,0
0.25,69.22435362802335,1.399499069416045,1.399499069416045,0.0,1.3767650112625285,1.3767650112625285,0.0,0
0.25,69.30775646371976,1.414851068469003,1.414851068469003,0.0,1.4109005522171547,1.4109005522171547,0.0,0
0.25,69.39115929941617,1.4309000070005375,1.4309000070005375,0.0,1.4531493073001847,1.4531493073001847,0.0,0
0.25,69.47456213511259,1.4474334097360164,1.4474334097360164,0.0,1.5031215182214317,1.5031215182214317,0.0,0
0.25,69.557964970809,1.464136489238361,1.464136489238361,0.0,1.5593983830814984,1.5593983830814984,0.0,0
0.25,69.64136780650541,1.4805439693764157,1.4805439693764157,0.0,1.6191235217296625,1.6191235217296625,0.0,0
0.25,69.72477064220183,1.4959631921166587,1.4959631921166587,0.0,1.677296384012417,1.677296384012417,0.0,0
0.25,69.80817347789824,1.509402723051115,1.509402723051115,0.0,1.7258321938405619,1.7258321938405619,0.0,0
0.25,69.89157631359465,1.5196418457804062,1.5196418457804062,0.0,1.7539779988950444,1.7539779988950444,0.0,0
0.25,69.97497914929107,1.5256189008267136,1.5256189008267136,0.0,1.7523706178029024,1.7523706178029024,0.0,0
0.25,70.05838198498748,1.5270361867776123,1.5270361867776123,0.0,1.7192667171214364,1.7192667171214364,0.0,0
0.25,70.1417848206839,1.5245999789898526,1.5245999789898526,0.0,1.6625380283675817,1.6625380283675817,0.0,0
0.25,70.22518765638031,1.5195840087684953,1.5195840087684953,0.0,1.5946667949179545,1.5946667949179545,0.0,0
0.25,70.30859049207673,1.51322062483512,1.51322062483512,0.0,1.5262420217714334,1.5262420217714334,0.0,0
0.25,70.39199332777314,1.5064011464801097,1.5064011464801097,0.0,1.4633663033211206,1.4633663033211206,0.0,0
0.25,70.47539616346955,1.49966303278498,1.49966303278498,0.0,1.4084474945409569,1.4084474945409569,0.0,0
0.25,70.55879899916597,1.4932824703342626,1.4932824703342626,0.0,1.361797250349804,1.361797250349804,0.0,0
0.25,70.64220183486238,1.451127991886863,1.451127991886863,0.0,1.2609540266034405,1.2609540266034405,0.0,0
0.25,70.7256046705588,1.4462546512566858,1.4462546512566858,0.0,1.2345826319456055,1.2345826319456055,0.0,0
0.25,70.80900750625521,1.4417929252974326,1.4417929252974326,0.0,1.2131858625190366,1.2131858625190366,0.0,0
0.25,70.89241034195162,1.437655951036596,1.437655951036596,0.0,1.1960364479272694,1.1960364479272694,0.0,0
0.25,70.97581317764804,1.4337562526331702,1.4337562526331702,0.0,1.1825324585044397,1.1825324585044397,0.0,0
0.25,71.05921601334445,1.4300103381929736,1.4300103381929736,0.0,1.1721804853758058,1.1721804853758058,0.0,0
0.25,71.14261884904086,1.4263410320954142,1.4263410320954142,0.0,1.1645769665917822,1.1645769665917822,0.0,0
0.25,71.22602168473728,1.422678500921374,1.422678500921374,0.0,1.1593909446393442,1.1593909446393442,0.0,0
0.25,71.3094245204337,1.4189605333342963,1.4189605333342963,0.0,1.1563492296539,1.1563492296539,0.0,0
0.25,71.3928273561301,1.4151324004426482,1.4151324004426482,0.0,1.1552239992841624,1.1552239992841624,0.0,0
0.25,71.47623019182652,1.4111464862021597,1.4111464862021597,0.0,1.1558225205891417,1.1558225205891417,0.0,0
0.25,71.55963302752293,1.4069617975150168,1.4069617975150168,0.0,1.1579785891266487,1.1579785891266487,0.0,0
0.25,71.64303586321934,1.4025434177159601,1.4025434177159601,0.0,1.1615452943808737,1.1615452943808737,0.0,0
0.25,71.72643869891576,1.39786194186507,1.39786194186507,0.0,1.1663887738075431,1.1663887738075431,0.0,0
0.25,71.80984153461218,1.3928929203292961,1.3928929203292961,0.0,1.172382684283398,1.172382684283398,0.0,0
0.25,71.89324437030858,1.3876163347219868,1.3876163347219868,0.0,1.179403192246101,1.179403192246101,0.0,0
0.25,71.976647206005,1.38201613584998,1.38201613584998,0.0,1.1873243639224023,1.1873243639224023,0.0,0
0.25,72.06005004170142,1.3760798869747304,1.3760798869747304,0.0,1.19601393119103,1.19601393119103,0.0,0
0.25,72.14345287739782,1.3697985788463645,1.3697985788463645,0.0,1.205329526016199,1.205329526016199,0.0,0
0.25,72.22685571309424,1.363166718341855,1.363166718341855,0.0,1.2151156276070791,1.2151156276070791,0.0,0
0.25,72.31025854879066,1.3561828442992956,1.3561828442992956,0.0,1.2252016617731405,1.2252016617731405,0.0,0
0.25,72.39366138448706,1.3488506981428412,1.3488506981428412,0.0,1.2354019387787438,1.2354019387787438,0.0,0
0.25,72.47706422018348,1.3411813809737758,1.3411813809737758,0.0,1.2455184160948063,1.2455184160948063,0.0,0
0.25,72.5604670558799,1.304522479500307,1.304522479500307,0.0,1.2417930823128531,1.2417930823128531,0.0,0
0.25,72.6438698915763,1.2974342657871678,1.2974342657871678,0.0,1.2527565446274238,1.2527565446274238,0.0,0
0.25,72.72727272727272,1.2904046896417005,1.2904046896417005,0.0,1.2633519660981931,1.2633519660981931,0.0,0
0.25,72.81067556296914,1.283610535782829,1.283610535782829,0.0,1.2735849252179183,1.2735849252179183,0.0,0
0.25,72.89407839866554,1.2773138656015728,1.2773138656015728,0.0,1.2836220336828006,1.2836220336828006,0.0,0
0.25,72.97748123436196,1.2719019247716534,1.2719019247716534,0.0,1.2938881433862113,1.2938881433862113,0.0,0
0.25,73.06088407005838,1.2679439154735648,1.2679439154735648,0.0,1.3052072795746161,1.3052072795746161,0.0,0
0.25,73.1442869057548,1.266269489823644,1.266269489823644,0.0,1.3189978176611032,1.3189978176611032,0.0,0
0.25,73.2276897414512,1.2680700611239477,1.2680700611239477,0.0,1.3375045146720692,1.3375045146720692,0.0,0
0.25,73.31109257714762,1.2750061194194995,1.2750061194194995,0.0,1.363930155176114,1.363930155176114,0.0,0
0.25,73.39449541284404,1.289244751732188,1.289244751732188,0.0,1.4019696313498988,1.4019696313498988,0.0,0
0.25,73.47789824854044,1.313203147354889,1.313203147354889,0.0,1.4536173719399783,1.4536173719399783,0.0,0
0.25,73.56130108423686,1.3485690439400664,1.3485690439400664,0.0,1.5145813564473358,1.5145813564473358,0.0,0
0.25,73.64470391993328,1.3944940561944263,1.3944940561944263,0.0,1.5715071296381893,1.5715071296381893,0.0,0
0.25,73.72810675562968,1.446699908638698,1.446699908638698,0.0,1.608722749102779,1.608722749102779,0.0,0
0.25,73.8115095913261,1.4997122164739167,1.4997122164739167,0.0,1.6198040906443556,1.6198040906443556,0.0,0
0.25,73.89491242702252,1.5497871550830864,1.5497871550830864,0.0,1.6095012830947821,1.6095012830947821,0.0,0
0.25,73.97831526271892,1.5953996044839518,1.5953996044839518,0.0,1.5862272245289377,1.5862272245289377,0.0,0
0.25,74.06171809841534,1.6363381809428603,1.6363381809428603,0.0,1.5565563241085292,1.5565563241085292,0.0,0
0.25,74.14512093411176,1.6729174291605047,1.6729174291605047,0.0,1.5244025472753648,1.5244025472753648,0.0,0
0.25,74.22852376980816,1.7055840066993802,1.7055840066993802,0.0,1.491854742098871,1.491854742098871,0.0,0
0.25,74.31192660550458,1.7347640443157761,1.7347640443157761,0.0,1.4599806213750688,1.4599806213750688,0.0,0
0.25,74.395329441201,1.7608176075741129,1.7608176075741129,0.0,1.4293146063630415,1.4293146063630415,0.0,0
0.25,74.4787322768974,1.784033897523062,1.784033897523062,0.0,1.4001178629948916,1.4001178629948916,0.0,0
0.25,74.56213511259382,1.8360295366399817,1.8360295366399817,0.0,1.3715443183848188,1.3715443183848188,0.0,0
0.25,74.64553794829024,1.8522384888626378,1.8522384888626378,0.0,1.346559035305476,1.346559035305476,0.0,0
0.25,74.72894078398664,1.8662730010234267,1.8662730010234267,0.0,1.3231937915174459,1.3231937915174459,0.0,0
0.25,74.81234361968306,1.878209679223484,1.878209679223484,0.0,1.301442634230257,1.301442634230257,0.0,0
0.25,74.89574645537948,1.8881045589888892,1.8881045589888892,0.0,1.2812970684051834,1.2812970684051834,0.0,0
0.25,74.97914929107588,1.8959972791499513,1.8959972791499513,0.0,1.2627491445864296,1.2627491445864296,0.0,0
0.25,75.0625521267723,1.9019142523195491,1.9019142523195491,0.0,1.2457932869061392,1.2457932869061392,0.0,0
0.25,75.14595496246872,1.9058710567658272,1.9058710567658272,0.0,1.2304274356572529,1.2304274356572529,0.0,0
0.25,75.22935779816513,1.907874220277696,1.907874220277696,0.0,1.2166538185564069,1.2166538185564069,0.0,0
0.25,75.31276063386154,1.9079225221096847,1.9079225221096847,0.0,1.204479529081726,1.204479529081726,0.0,0
0.25,75.39616346955796,1.906007903614015,1.906007903614015,0.0,1.193917018408298,1.193917018408298,0.0,0
0.25,75.47956630525437,1.9021160497578864,1.9021160497578864,0.0,1.1849845686731633,1.1849845686731633,0.0,0
0.25,75.56296914095078,1.8962266802365384,1.8962266802365384,0.0,1.1777067934674856,1.1777067934674856,0.0,0
0.25,75.6463719766472,1.8883135683077483,1.8883135683077483,0.0,1.1721151976027069,1.1721151976027069,0.0,0
0.25,75.7297748123436,1.8783442858918036,1.8783442858918036,0.0,1.1682488165197027,1.1682488165197027,0.0,0
0.25,75.81317764804002,1.8662796529931003,1.8662796529931003,0.0,1.1661549411288432,1.1661549411288432,0.0,0
0.25,75.89658048373644,1.8520728459941993,1.8520728459941993,0.0,1.1658899100027087,1.1658899100027087,0.0,0
0.25,75.97998331943286,1.835668090306307,1.835668090306307,0.0,1.1675199074161178,1.1675199074161178,0.0,0
0.25,76.06338615512927,1.8169988249925153,1.8169988249925153,0.0,1.1711216242080091,1.1711216242080091,0.0,0
0.25,76.14678899082568,1.795985176134345,1.795985176134345,0.0,1.1767824837095944,1.1767824837095944,0.0,0
0.25,76.2301918265221,1.772530506736851,1.772530506736851,0.0,1.1845998385839809,1.1845998385839809,0.0,0
0.25,76.3135946622185,1.7465167184747266,1.7465167184747266,0.0,1.1946779698083387,1.1946779698083387,0.0,0
0.25,76.39699749791492,1.7177978621083247,1.7177978621083247,0.0,1.2071205879479843,1.2071205879479843,0.0,0
0.25,76.48040033361134,1.6758828048613579,1.6758828048613579,0.0,1.2411469118291374,1.2411469118291374,0.0,0
0.25,76.56380316930775,1.6383378351312785,1.6383378351312785,0.0,1.2593128556427795,1.2593128556427795,0.0,0
0.25,76.64720600500416,1.5970153276783843,1.5970153276783843,0.0,1.2793625520823437,1.2793625520823437,0.0,0
0.25,76.73060884070058,1.5514621274765752,1.5514621274765752,0.0,1.3003434296870506,1.3003434296870506,0.0,0
0.25,76.81401167639699,1.5011405085471536,1.5011405085471536,0.0,1.3201391877717665,1.3201391877717665,0.0,0
0.25,76.8974145120934,1.445491899321631,1.445491899321631,0.0,1.3343532790815025,1.3343532790815025,0.0,0
0.25,76.98081734778982,1.3841665189492611,1.3841665189492611,0.0,1.3346053660443054,1.3346053660443054,0.0,0
0.25,77.06422018348623,1.3176195732286584,1.3176195732286584,0.0,1.3075511558306858,1.3075511558306858,0.0,0
0.25,77.14762301918265,1.2481661491840685,1.2481661491840685,0.0,1.239379063722124,1.239379063722124,0.0,0
0.25,77.23102585487906,1.1805448759043462,1.1805448759043462,0.0,1.1286753244378174,1.1286753244378174,0.0,0
0.25,77.31442869057547,1.119900875696068,1.119900875696068,0.0,0.993812368384761,0.993812368384761,0.0,0
0.25,77.39783152627189,1.0685439173715217,1.0685439173715217,0.0,0.8610248271973471,0.8610248271973471,0.0,0
0.25,77.4812343619683,1.0256849785399564,1.0256849785399564,0.0,0.7472889820965917,0.7472889820965917,0.0,0
0.25,77.56463719766471,0.9892517276976375,0.9892517276976375,0.0,0.6568998414617816,0.6568998414617816,0.0,0
0.25,77.64804003336113,0.9571898997881119,0.9571898997881119,0.0,0.5874096199024492,0.5874096199024492,0.0,0
0.25,77.73144286905755,0.9279000663072714,0.9279000663072714,0.0,0.534585842581879,0.534585842581879,0.0,0
0.25,77.81484570475395,0.9002682160848842,0.9002682160848842,0.0,0.4944734709467549,0.4944734709467549,0.0,0
0.25,77.89824854045037,0.8735835029756396,0.8735835029756396,0.0,0.46392355701848553,0.46392355701848553,0.0,0
0.25,77.98165137614679,0.8474493359226783,0.8474493359226783,0.0,0.44058694163813367,0.44058694163813367,0.0,0
0.25,78.06505421184319,0.8217139185370156,0.8217139185370156,0.0,0.4227759273972229,0.4227759273972229,0.0,0
0.25,78.14845704753961,0.7964208676124379,0.7964208676124379,0.0,0.40932067158822755,0.40932067158822755,0.0,0
0.25,78.23185988323603,0.771774247996922,0.771774247996922,0.0,0.3994499058020708,0.3994499058020708,0.0,0
0.25,78.31526271893243,0.7481116280901725,0.7481116280901725,0.0,0.3926959734804474,0.3926959734804474,0.0,0
0.25,78.39866555462885,0.7258792956595376,0.7258792956595376,0.0,0.3888169001048767,0.3888169001048767,0.0,0
0.25,78.48206839032527,0.736646978969805,0.736646978969805,0.0,0.42597332954196293,0.42597332954196293,0.0,0
0.25,78.56547122602169,0.7170657727912032,0.7170657727912032,0.0,0.427494304957322,0.427494304957322,0.0,0
0.25,78.64887406171809,0.7002806579581239,0.7002806579581239,0.0,0.4313702650845038,0.4313702650845038,0.0,0
0.25,78.73227689741451,0.6868514828294512,0.6868514828294512,0.0,0.4377535499425774,0.4377535499425774,0.0,0
0.25,78.81567973311093,0.6772558181802764,0.6772558181802764,0.0,0.4467503043443172,0.4467503043443172,0.0,0
0.25,78.89908256880733,0.6718427539426256,0.6718427539426256,0.0,0.4583964879675551,0.4583964879675551,0.0,0
0.25,78.98248540450375,0.6707981304182875,0.6707981304182875,0.0,0.4726502231015663,0.4726502231015663,0.0,0
0.25,79.06588824020017,0.674129429297107,0.674129429297107,0.0,0.48940097866177223,0.48940097866177223,0.0,0
0.25,79.14929107589657,0.6816743381580685,0.6816743381580685,0.0,0.5084922528666638,0.5084922528666638,0.0,0
0.25,79.23269391159299,0.6931308972786757,0.6931308972786757,0.0,0.5297519739461696,0.5297519739461696,0.0,0
0.25,79.31609674728941,0.708101865313658,0.708101865313658,0.0,0.5530245751904437,0.5530245751904437,0.0,0
0.25,79.39949958298581,0.7261437146078957,0.7261437146078957,0.0,0.5782002352276823,0.5782002352276823,0.0,0
0.25,79.48290241868223,0.7468118425030332,0.7468118425030332,0.0,0.6052390980668886,0.6052390980668886,0.0,0
0.25,79.56630525437865,0.7696968300551075,0.7696968300551075,0.0,0.6341904692954524,0.6341904692954524,0.0,0
0.25,79.64970809007505,0.7944500955142566,0.7944500955142566,0.0,0.6652085405827823,0.6652085405827823,0.0,0
0.25,79.73311092577147,0.820799869233595,0.820799869233595,0.0,0.6985670700674916,0.6985670700674916,0.0,0
0.25,79.81651376146789,0.8485597175298887,0.8485597175298887,0.0,0.7346758163751836,0.7346758163751836,0.0,0
0.25,79.89991659716429,0.8776320923004416,0.8776320923004416,0.0,0.7741015838522751,0.7741015838522751,0.0,0
0.25,79.98331943286071,0.9080089677652198,0.9080089677652198,0.0,0.8175965247904527,0.8175965247904527,0.0,0
0.25,80.06672226855713,0.9397708224518304,0.9397708224518304,0.0,0.8661355151929668,0.8661355151929668,0.0,0
0.25,80.15012510425353,0.973084072488678,0.973084072488678,0.0,0.9209617293107332,0.9209617293107332,0.0,0
0.25,80.23352793994995,1.008195265913279,1.008195265913279,0.0,0.9836314912877693,0.9836314912877693,0.0,0
0.25,80.31693077564637,1.0454170745161377,1.0454170745161377,0.0,1.0560268588540496,1.0560268588540496,0.0,0
0.25,80.40033361134277,1.1007482268480209,1.1007482268480209,0.0,1.2463641233675369,1.2463641233675369,0.0,0
0.25,80.48373644703919,1.1463103242308095,1.1463103242308095,0.0,1.358066183624021,1.358066183624021,0.0,0
0.25,80.56713928273561,1.1940074624021733,1.1940074624021733,0.0,1.4782819479375233,1.4782819479375233,0.0,0
0.25,80.65054211843201,1.242131240911198,1.242131240911198,0.0,1.5924131624638858,1.5924131624638858,0.0,0
0.25,80.73394495412843,1.2875178368446845,1.2875178368446845,0.0,1.6757219391776423,1.6757219391776423,0.0,0
0.25,80.81734778982485,1.3264688809841518,1.3264688809841518,0.0,1.7063894783331066,1.7063894783331066,0.0,0
0.25,80.90075062552125,1.3570625121818933,1.3570625121818933,0.0,1.68319106057168,1.68319106057168,0.0,0
0.25,80.98415346121767,1.3800495346727342,1.3800495346727342,0.0,1.6248605787646353,1.6248605787646353,0.0,0
0.25,81.06755629691409,1.3974223993460675,1.3974223993460675,0.0,1.553134016987203,1.553134016987203,0.0,0
0.25,81.1509591326105,1.4110375892942917,1.4110375892942917,0.0,1.4817406578999317,1.4817406578999317,0.0,0
0.25,81.23436196830691,1.4221992802460457,1.4221992802460457,0.0,1.4166787927325806,1.4166787927325806,0.0,0
0.25,81.31776480400333,1.4317229313476452,1.4317229313476452,0.0,1.3596693320053532,1.3596693320053532,0.0,0
0.25,81.40116763969975,1.440090576567174,1.440090576567174,0.0,1.3105908670388275,1.3105908670388275,0.0,0
0.25,81.48457047539615,1.4475769515815595,1.4475769515815595,0.0,1.2686755185669052,1.2686755185669052,0.0,0
0.25,81.56797331109257,1.454332943645907,1.454332943645907,0.0,1.2330137592010602,1.2330137592010602,0.0,0
0.25,81.65137614678899,1.4604371777643708,1.4604371777643708,0.0,1.2027454060063514,1.2027454060063514,0.0,0
0.25,81.7347789824854,1.4659272036145712,1.4659272036145712,0.0,1.1771198770486333,1.1771198770486333,0.0,0
0.25,81.81818181818181,1.4708183122241556,1.4708183122241556,0.0,1.155505200920544,1.155505200920544,0.0,0
0.25,81.90158465387823,1.4751150439721787,1.4751150439721787,0.0,1.137378703892124,1.137378703892124,0.0,0
0.25,81.98498748957464,1.478818498892056,1.478818498892056,0.0,1.1223126602072466,1.1223126602072466,0.0,0
0.25,82.06839032527105,1.4819313935304181,1.4819313935304181,0.0,1.109960249997756,1.109960249997756,0.0,0
0.25,82.15179316096747,1.484462169955471,1.484462169955471,0.0,1.1000442446872667,1.1000442446872667,0.0,0
0.25,82.23519599666388,1.486429203122335,1.486429203122335,0.0,1.092350307202877,1.092350307202877,0.0,0
0.25,82.3185988323603,1.4878662436017795,1.4878662436017795,0.0,1.0867281733315894,1.0867281733315894,0.0,0
0.25,82.40200166805671,1.4548923785146683,1.4548923785146683,0.0,1.0486176930161086,1.0486176930161086,0.0,0
0.25,82.48540450375312,1.4554997284283213,1.4554997284283213,0.0,1.0487869226040183,1.0487869226040183,0.0,0
0.25,82.56880733944953,1.456170171089281,1.2622557790571693,-0.19391439203211158,1.052760613191642,0.9395609031610743,-0.11319971003056772,0
0.25,82.65221017514595,1.4573971011007636,1.30175415223664,-0.15564294886412355,1.0645161427479108,0.9764273334403083,-0.08808880930760254,0
0.25,82.73561301084236,1.4598727100318984,1.3402444227646064,-0.11962828726729202,1.0904796904740988,1.0133652733015188,-0.07711441717257994,0
0.25,82.81901584653878,1.4626123687572588,1.377658136761583,-0.08495423199567576,1.118090875221474,1.0502841333279491,-0.06780674189352487,0
0.25,82.9024186822352,1.4619562064388103,1.4139255362808822,-0.04803067015792806,1.1302395322996035,1.0870856603547134,-0.043153871944890065,0
0.25,82.9858215179316,1.45861296400045,1.4489749968467245,-0.009637967153725446,1.1324917528642,1.123662454201653,-0.008829298662547114,0
0.25,83.06922435362802,1.4536902003286054,1.4431682324564667,-0.01052196787213866,1.1341991427874343,1.1266948363652471,-0.007504306422187135,1
0.25,83.15262718932443,1.4477861230945932,1.4369283026885904,-0.010857820406002805,1.137168006524165,1.1295948907204478,-0.007573115803717112,1
0.25,83.23603002502084,1.4412316205134375,1.430109339585871,-0.011122280927566397,1.1415049780841955,1.1339031901794603,-0.007601787904735202,1
0.25,83.31943286071726,1.4342312843867868,1.4228957905581463,-0.01133549382864052,1.1470637621692779,1.1394409439112743,-0.007622818258003594,1
0.25,83.40283569641367,1.426925757583887,1.4154166616205812,-0.011509095963305738,1.1536890881788313,1.146046661642888,-0.007642426535943381,1
0.25,83.48623853211008,1.4194205990638795,1.4077703022681312,-0.01165029679574836,1.1612494409406426,1.1535887248772445,-0.007660716063398132,1
0.25,83.5696413678065,1.4118007987057584,1.4000369974185727,-0.011763801287185682,1.1696326353619861,1.1619559727715805,-0.0076766625904056696,1
0.25,83.65304420350292,1.4041387122903104,1.3922859377574865,-0.011852774532823851,1.1787364002418477,1.1710468887733354,-0.007689511468512267,1
0.25,83.73644703919932,1.396498750808615,1.3845793975840928,-0.011919353224522311,1.1884600052726249,1.1807607673925025,-0.007699237880122389,1
0.25,83.81984987489574,1.3889403490995151,1.3769754198456077,-0.011964929253907464,1.198697773627419,1.1909910166427178,-0.007706756984701135,1
0.25,83.90325271059216,1.3815199510059477,1.3695296378624324,-0.011990313143515285,1.2093343406078632,1.2016202650956493,-0.007714075512213814,1
0.25,83.98665554628856,1.3742923820168145,1.3622965495350463,-0.011995832481768165,1.220241429019038,1.212516992679546,-0.007724436339491936,1
0.25,84.07005838198498,1.367311799344285,1.3553304038079717,-0.011981395536313277,1.2312759905550383,1.2235335283818192,-0.007742462173219167,1
0.25,84.1534612176814,1.3606323152518334,1.3486857778627328,-0.011946537389100564,1.2422796444228383,1.2345053592686508,-0.0077742851541875435,1
0.25,84.23686405337781,1.3543083395958007,1.3424178809514757,-0.01189045864432492,1.2530793956275443,1.245251759384019,-0.007827636243525227,1
0.25,84.32026688907422,1.3052183032494309,1.3365826010083424,0.031364297758911475,1.2267922282289565,1.255577778936735,0.02878555070777855,1
0.25,84.40366972477064,1.2999454331999576,1.3312363057931018,0.031290872593144226,1.2358582879342117,1.2652776422446381,0.029419354310426415,1
0.25,84.48707256046706,1.2952268035811574,1.3264354171798867,0.031208613598729285,1.244029899119499,1.2741395939324063,0.030109694812907373,1
0.25,84.57047539616346,1.2911161826752127,1.3222357916906762,0.031119609015463512,1.2511078169456622,1.2819522077107768,0.030844390765114582,1
0.25,84.65387823185988,1.2876658509338885,1.318691958065281,0.031026107131392422,1.2569063610887472,1.2885121219180533,0.031605760829306107,1
0.25,84.7372810675563,1.2849258284091505,1.3158562780144096,0.030930449605259147,1.2612628669640529,1.2936330715619924,0.03237020459793949,1
0.25,84.8206839032527,1.2829430885670212,1.2718443823245646,-0.011098706242456569,1.2640475189702012,1.2525728079956258,-0.01147471097457542,1
0.25,84.90408673894912,1.2817608084432954,1.2709747588314635,-0.010786049611831938,1.2651728032200664,1.2529475565138228,-0.012225246706243587,1
0.25,84.98748957464554,1.281417689649462,1.2709885790210935,-0.010429110628368488,1.2646016057613867,1.2515470153079271,-0.01305459045345958,1
0.25,85.07089241034194,1.281947363959581,1.2719226835601516,-0.010024680399429498,1.2623528605804504,1.248409341761848,-0.01394351881860234,1
0.25,85.15429524603836,1.283377877877653,1.2738081163731052,-0.009569761504547802,1.2585037087795383,1.2436376634155757,-0.014866045363962632,1
0.25,85.23769808173478,1.2857312397700846,1.2766694731579002,-0.009061766612184385,1.2531874314399494,1.23739624039235,-0.015791191047599407,1
0.25,85.32110091743118,1.2890230149549289,1.2805242797569971,-0.008498735197931762,1.2465869601034878,1.2299013327710233,-0.01668562733246448,1
0.25,85.4045037531276,1.2932619673815666,1.2853824289044167,-0.00787953847714995,1.2389244526791454,1.2214076765001651,-0.017516776178980287,1
0.25,85.48790658882402,1.298449764882025,1.2912457250870575,-0.007204039794967532,1.2304480756756788,1.2121922514365453,-0.018255824239133522,1
0.25,85.57130942452042,1.3045807798066777,1.2981075958553863,-0.0064731839512914835,1.2214175703970254,1.2025374352984592,-0.01888013509856612,1
0.25,85.65471226021684,1.3116420213195938,1.3059530189200512,-0.00568900239954262,1.2120902805780875,1.192715569918506,-0.01937471065958163,1
0.25,85.73811509591326,1.3196132276114019,1.3147586902798774,-0.004854537331524522,1.2027090751928269,1.1829764819820212,-0.01973259321080567,1
0.25,85.82151793160966,1.328467128781637,1.3244934275030427,-0.0039737012785943104,1.1934931142003316,1.1735387867941933,-0.019954327406138228,1
0.25,85.90492076730608,1.3381698701940616,1.3351187735316687,-0.0030510966623928937,1.184631833988782,1.164585082186445,-0.02004675180233706,1
0.25,85.9883236030025,1.3486815678773938,1.3465897468959152,-0.0020918209814786426,1.1762820207359292,1.1562605800525798,-0.020021440683349434,1
0.25,86.0717264386989,1.3599569560811084,1.3588556766340987,-0.001101279447009773,1.1685674860895532,1.148674401200135,-0.0198930848894181,1
0.25,86.15512927439532,1.371946083603502,1.3718610633200534,-8.502028344858914e-05,1.161580685861739,1.141902664851241,-0.019678021010498092,1
0.25,86.23853211009174,1.3845950188724212,1.3855464180142978,0.0009513991418765855,1.155385602863263,1.1359925755088542,-0.01939302735440873,1
0.25,86.32193494578814,1.366154916496089,1.399849044831431,0.03369412833534202,1.1072051716271487,1.1309668716646653,0.023761700037516542,1
0.25,86.40533778148456,1.3805805124895028,1.4147037469767834,0.03412323448728061,1.1040069124980803,1.1268281894060774,0.02282127690799718,1
0.25,86.48874061718098,1.395461525593118,1.4300434484988307,0.034581922905712714,1.1016306331182846,1.1235630678270438,0.021932434708759274,1
0.25,86.57214345287738,1.4107333782265576,1.4457997336489683,0.035066355422410656,1.1000536125597522,1.1211454619545742,0.021091849394822004,1
0.25,86.6555462885738,1.426330823071175,1.461903312440011,0.035572489368835836,1.0992446792936683,1.1195397277683667,0.02029504847469843,1
0.25,86.73894912427022,1.442188275982542,1.478284425015135,0.03609614903259306,1.0991662269662812,1.1187031067470248,0.019536879780743588,1
0.25,86.82235195996664,1.458240112758602,1.4675914170136097,0.009351304255007742,1.0997758950033698,1.083507647457798,-0.016268247545571768,1
0.25,86.90575479566304,1.4744209429088135,1.4848059772545865,0.010385034345772981,1.1010279754454153,1.0851550622208297,-0.015872913224585616,1
0.25,86.98915763135946,1.490665872301303,1.502061107199423,0.011395234898119888,1.1028746068201498,1.0873639353773061,-0.015510671442843682,1
0.25,87.07256046705588,1.506910764615625,1.5192893513371832,0.012378586721558227,1.1052668094713038,1.0900819074135877,-0.015184902057716165,1
0.25,87.15596330275228,1.5230925091107532,1.5364244329296464,0.013331923818893143,1.1081554071801858,1.0932571485262157,-0.014898258653970098,1
0.25,87.2393661384487,1.5391492995088392,1.553401529391974,0.014252229883134904,1.1114918688999553,1.096839099644735,-0.0146527692552203,1
0.25,87.32276897414512,1.5550209259569727,1.5701575643081445,0.015136638351171738,1.1152290931443756,1.1007791721441818,-0.014449921000193822,1
0.25,87.40617180984152,1.5706490792170913,1.5866315147922057,0.015982435575114362,1.1193221468273704,1.1050314159862022,-0.014290730841168164,1
0.25,87.48957464553794,1.5859776636031617,1.602764730124077,0.016787066520915328,1.1237289607004817,1.1095531560133016,-0.01417580468718005,1
0.25,87.57297748123436,1.600953112889354,1.618501255196894,0.017548142307540093,1.1284109754047063,1.1143055879176151,-0.014105387487091114,1
0.25,87.65638031693076,1.6155247015979637,1.633788150451577,0.018263448853613307,1.1333337258578084,1.1192543192275473,-0.014079406630261193,1
0.25,87.73978315262718,1.629644842864126,1.6485757987625416,0.018930955898415647,1.1384673474491824,1.1243698366406463,-0.014097510808536162,1
0.25,87.8231859883236,1.643269363554332,1.6628181892611722,0.019548825706840134,1.14378698539897,1.1296278792136725,-0.014159106185297476,1
0.25,87.90658882402,1.656357747526589,1.6764731683754728,0.020115420848883847,1.1492730885954543,1.135009697200106,-0.014263391395348268,1
0.25,87.98999165971642,1.6688733388426982,1.689502649400088,0.020629310557389813,1.1549115710328053,1.1405021784479372,-0.014409392584868064,1
0.25,88.07339449541284,1.6807834983000345,1.70187277360502,0.02108927530498561,1.160693827256404,1.1460978278372278,-0.01459599941917622,1
0.25,88.15679733110925,1.6920597087086466,1.7135540181017284,0.021494309393081723,1.1666165924905225,1.1517945897324449,-0.014822002758077657,1
0.25,88.24020016680566,1.678348883080229,1.7245212482269383,0.046172365146709415,1.1490478981641759,1.1575955082725111,0.008547610108335268,1
0.25,88.32360300250208,1.688395767860539,1.734753714870735,0.04635794701019602,1.1556100884559308,1.1635082249547315,0.007898136498800667,1
0.25,88.40700583819849,1.697733964819263,1.744234999758408,0.046501034939144814,1.1622946124655797,1.1695443169008655,0.00724970443528572,1
0.25,88.4904086738949,1.7063520888041381,1.7529529140072924,0.04660082520315423,1.169114046760411,1.175718482083278,0.0066044353228669195,1
0.25,88.57381150959132,1.7142426727562743,1.7608993571713016,0.04665668441502735,1.176083039527303,1.1820475794877197,0.0059645399604166816,1
0.25,88.65721434528773,1.7214020090828428,1.7680701453552576,0.04666813627241484,1.1832172629919067,1.1885495327636604,0.005332269771753717,1
0.25,88.74061718098415,1.7278299686157137,1.7518441517729604,0.024014183157246682,1.190532239148217,1.1732653576984957,-0.017266881449721216,1
0.25,88.82402001668056,1.7335298061287523,1.7575042908026024,0.023974484673850105,1.1980420475976892,1.1802190895162863,-0.017822958081402884,1
0.25,88.90742285237697,1.7385079611182672,1.76238857933537,0.023880618217102745,1.2057579244069467,1.1873409430366475,-0.018416981370299235,1
0.25,88.99082568807339,1.7427738618191906,1.7665075208030594,0.02373365898386881,1.2136867620731573,1.1946364322654346,-0.0190503298077227,1
0.25,89.0742285237698,1.7463397393042555,1.76987461394642,0.023534874642164638,1.2218295237787407,1.2021044659693187,-0.01972505780942191,1
0.25,89.15763135946621,1.74922045706794,1.772506186078401,0.02328572901046111,1.2301795909901618,1.2097355900673417,-0.02044400092282017,1
0.25,89.24103419516263,1.7514333598011658,1.7744212480524022,0.022987888251236432,1.2387210729338725,1.2175101918428823,-0.02121088109099012,1
0.25,89.32443703085904,1.7529981431833304,1.7756413729169982,0.022643229733667836,1.2474271202576948,1.2253967167577113,-0.02203040349998342,1
0.25,89.40783986655545,1.7539367445215115,1.7761905981907034,0.02225385366919186,1.256258303693397,1.2333499724181356,-0.022908331275261373,1
0.25,89.49124270225187,1.754273252027721,1.7760953496103662,0.021822097582645084,1.2651611417923827,1.2413096246205415,-0.023851517171841197,1
0.25,89.57464553794829,1.754033828540303,1.7753843821754793,0.02135055363517635,1.2740668892032112,1.2491990268762436,-0.024867862326967582,1
0.25,89.6580483736447,1.7532466436913101,1.7740887324174504,0.02084208872614024,1.2828907270078136,1.2569245655344106,-0.025966161473403027,1
0.25,89.74145120934111,1.7519418070560049,1.7722416741570022,0.020299867100997293,1.2915315266584475,1.2643757437005156,-0.027155782957931862,1
0.25,89.82485404503753,1.750151293870351,1.7698786686426085,0.0197273747722575,1.2998723848504807,1.2714262617827519,-0.028446123067728868,1
0.25,89.90825688073394,1.7479088546243429,1.767037298897226,0.019128444272883183,1.3077821420977915,1.277936370024667,-0.029845772073124444,1
0.25,89.99165971643035,1.745249900310682,1.7637571772540712,0.01850727694338916,1.3151180944580947,1.283756753626591,-0.03136134083150366,1
0.25,90.07506255212677,1.7422113562516541,1.7600798142406502,0.017868457988996056,1.3217300750387553,1.2887341447441278,-0.03299593029462744,1
0.25,90.15846538782318,1.7388314789532717,1.7560484359305588,0.01721695697728709,1.3274660071238689,1.2927187171152386,-0.034747290008630305,1
0.25,90.24186822351959,1.7102188971715586,1.7517077354999047,0.041488838328346045,1.299387415223633,1.2955730928114932,-0.003814322412139859,1
0.25,90.325271059216,1.7063313267386533,1.7471035432757587,0.04077221653710539,1.3017228529888634,1.2971824775711152,-0.00454037541774821,1
0.25,90.40867389491243,1.7022399622701831,1.7422823990279623,0.04004243675777919,1.3028047673405627,1.2974650730905577,-0.005339694250005023,1
0.25,90.49207673060883,1.697986919651079,1.7372910124171332,0.03930409276605418,1.3025930383254976,1.2963815653867663,-0.006211472938731255,1
0.25,90.57547956630525,1.6936136039717862,1.732175604568357,0.03856200059657078,1.3010906461407603,1.2939422712970934,-0.007148374843666927,1
0.25,90.65888240200167,1.689160065767149,1.7269811372635404,0.037821071496391356,1.2983464799084374,1.2902105659310068,-0.008135913977430631,1
0.25,90.74228523769807,1.6846643066255778,1.7000198283153194,0.015355521689741636,1.2944542761829851,1.245071199863727,-0.0493830763192582,1
0.25,90.82568807339449,1.680161571608117,1.695075258063156,0.014913686455038988,1.289547483462537,1.2390284669209173,-0.05051901654161961,1
0.25,90.9090909090909,1.675683678077131,1.6901842295625145,0.01450055148538354,1.2837905239410166,1.232456923838619,-0.051333600102397625,1
0.25,90.99249374478731,1.6712584356882,1.6853725875711698,0.014114151882969717,1.277367548791271,1.2255633987140577,-0.051804150077213285,1
0.25,91.07589658048373,1.666909207515835,1.6806603684061883,0.013751160890353331,1.2704701818094921,1.2185464344881052,-0.05192374732138694,1
0.25,91.15929941618015,1.6626546476519766,1.6760617048823239,0.013407057230347297,1.2632858113542142,1.2115860322478704,-0.051699779106343824,1
0.25,91.24270225187655,1.6585086294503033,1.6715849301186334,0.013076300668330099,1.2559877275258613,1.2048368128470932,-0.05115091467876809,1
0.25,91.32610508757297,1.6544803561363468,1.667232825696652,0.01275246956030518,1.2487279181034243,1.1984247234020025,-0.05030319470142186,1
0.25,91.40950792326939,1.650574626893702,1.6630029488834064,0.012428321989704338,1.241632789468716,1.1924468642459745,-0.04918592522274157,1
0.25,91.49291075896579,1.6467922200734788,1.6588879735146431,0.012095753441164314,1.2348016089990368,1.1869736984242087,-0.04782791057482805,1
0.25,91.57631359466221,1.643130351681136,1.6548759860330624,0.011745634351926437,1.2283071565610988,1.1820528244992763,-0.0462543320618225,1
0.25,91.65971643035863,1.6395831705259276,1.6509506876427194,0.011367517116791737,1.2221979414454456,1.1777135810860144,-0.04448436035943115,1
0.25,91.74311926605503,1.6361422590285477,1.647091461489789,0.010949202461241203,1.2165013550692623,1.173971928399371,-0.042529426669891235,1
0.25,91.82652210175145,1.632797118190936,1.643273266826465,0.010476148635528926,1.211227235204386,1.1708352512427098,-0.0403919839616762,1
0.25,91.90992493744787,1.6295356246335275,1.6394663171005008,0.009930692466973312,1.2063714617615826,1.1683069074378167,-0.038064554323765876,1
0.25,91.99332777314427,1.62634445557358,1.635635481728421,0.00929102615484112,1.2019193482039436,1.166390488433109,-0.03552885977083453,1
0.25,92.07673060884069,1.623209483426114,1.6317393148449675,0.00852983141885355,1.1978487135070248,1.1650938652439742,-0.03275484826305064,1
0.25,92.16013344453711,1.597346924768429,1.627728544697201,0.030381619928771864,1.166388843847751,1.1644331722547052,-0.0019556715930457713,1
0.25,92.24353628023351,1.5941998053662239,1.6235437260535277,0.02934392068730385,1.163546638221233,1.1644369386742426,0.0008903004530096403,1
0.25,92.32693911592993,1.5910391806084079,1.6191115034720935,0.02807232286368566,1.1609125356618344,1.165150579639611,0.004238043977776718,1
0.25,92.41034195162635,1.5878526962910349,1.614338413710876,0.02648571741984118,1.1584637927994255,1.1666412102148074,0.008177417415381916,1
0.25,92.49374478732277,1.5846291059099609,1.609100015916817,0.024470910006856084,1.1561826555996066,1.1690013390840563,0.0128186834844497,1
0.25,92.57714762301917,1.5813584831985452,1.6032203929338875,0.0218619097353423,1.1540573671512933,1.1723430427630184,0.018285675611725116,1
0.25,92.66055045871559,1.578032375566184,1.571455988312067,-0.006576387254117133,1.1520827897229515,1.1581950346055474,0.006112244882595874,1
0.25,92.74395329441201,1.5746438869825325,1.560606492648648,-0.014037394333884512,1.1502605788116493,1.1571606065582534,0.006900027746604032,1
0.25,92.82735613010841,1.5711876859538823,1.5449028494327646,-0.026284836521117683,1.1485988937554048,1.0633402364922115,-0.08525865726319326,1
0.25,92.91075896580483,1.5676599433211051,1.5331067632531352,-0.034553180067969924,1.1471116935219012,0.8931235802403386,-0.2539881132815627,1
0.25,92.99416180150125,1.5640582131920355,1.535813794484181,-0.028244418707854546,1.1458177269505665,0.9539673325108049,-0.1918503944397616,1
0.25,93.07756463719765,1.5603812760887488,1.5389475370583006,-0.021433739030448207,1.1447393642628385,0.9896033529577106,-0.15513601130512789,1
0.25,93.16096747289407,1.5566289650840182,1.5409462107564482,-0.015682754327569937,1.1439014207459681,1.0123013916120285,-0.13160002913393964,1
0.25,93.24437030859049,1.5528019934771664,1.541761905500606,-0.01104008797656042,1.1433300966879452,1.0296712520023958,-0.11365884468554932,1
0.25,93.3277731442869,1.5489017976851611,1.5414824166221728,-0.0074193810629883394,1.143052112186125,1.0445609148055819,-0.09849119738054313,1
0.25,93.41117597998331,1.5449304031926383,1.5402190657317287,-0.00471133746090957,1.1430940666196647,1.0582474753955133,-0.08484659122415139,1
0.25,93.49457881567973,1.5408903160707879,1.5380837081984158,-0.00280660787237208,1.1434820123413967,1.071387185014615,-0.07209482732678163,1
0.25,93.57798165137613,1.5367844385966756,1.535184290508611,-0.0016001480880645236,1.1442412062677572,1.0843500760229332,-0.059891130244823954,1
0.25,93.66138448707255,1.5326160051138975,1.5316250104430018,-0.0009909946708956952,1.145395991524085,1.0973583057834433,-0.04803768574064171,1
0.25,93.74478732276897,1.5283885332657716,1.5275076604412983,-0.0008808728244733555,1.1469697606669784,1.1105507665231873,-0.03641899414379113,1
0.25,93.82819015846538,1.5241057856944922,1.5229332357446514,-0.0011725499498407288,1.1489849577504536,1.1240163844433946,-0.02496857330705904,1
0.25,93.9115929941618,1.519771737808862,1.5180035882818803,-0.0017681495269816772,1.1514630847176357,1.1378129576670617,-0.013650127050574001,1
0.25,93.99499582985821,1.5153905479421441,1.512823134385606,-0.0025674135565381118,1.15442468564079,1.1519791112331477,-0.0024455744076423702,1
0.25,94.07839866555462,1.5109665269313213,1.507500724548653,-0.0034658023826683593,1.157889288820132,1.1665433376695173,0.008654048849385365,1
0.25,94.16180150125103,1.4762651921694812,1.502151868263703,0.025886676094221794,1.1347608025235811,1.181532820921325,0.04677201839774381,1
0.25,94.24520433694745,1.4713875756815902,1.496901636588289,0.025514060906698832,1.139110703436451,1.196984835524971,0.0578741320885201,1
0.25,94.32860717264386,1.4664722405502315,1.4918888157749932,0.025416575224761706,1.1440012232711032,1.212965164194288,0.06896394092318481,1
0.25,94.41201000834027,1.4615235386335168,1.4872724232852783,0.025748884651761506,1.1494457356794991,1.2296029454823414,0.08015720980284224,1
0.25,94.4954128440367,1.4565458003534757,1.4832429691930804,0.026697168839604712,1.1554553126029887,1.2471660772376996,0.09171076463471084,1
0.25,94.5788156797331,1.451543280521946,1.4800442488348164,0.028500968312870523,1.162038175860345,1.266251651202557,0.10421347534221193,1
0.25,94.66221851542952,1.4465200964436025,1.454261832627515,0.007741736183912495,1.169199045346896,1.2930523625297003,0.12385331718280446,1
0.25,94.74562135112593,1.441480158862561,1.4563845103090243,0.014904351446463293,1.1769383933183777,1.380841552654131,0.20390315933575343,1
0.25,94.82902418682234,1.4364270969533113,1.8323683964181607,0.39594129946484946,1.1852516307734429,12.994640993083001,11.809389362309558,1
0.25,94.91242702251876,1.43136417896291,2.7212641986142736,1.2899000196513637,1.1941282776224047,12.958530012917384,11.76440173529498,1
0.25,94.99582985821517,1.4262942296295755,3.6862133426879065,2.2599191130583307,1.203551205283632,12.908270717103152,11.704719511819519,1
0.25,95.07923269391159,1.421219542831464,4.677442037586395,3.2562224947549314,1.2134960885204522,12.878149014124213,11.664652925603761,1
0.25,95.162635529608,1.416141780789382,5.680097179867735,4.263955399078353,1.223931256155801,12.856023679905265,11.632092423749464,1
0.25,95.24603836530441,1.4110618361450173,6.688350639840795,5.277288803695778,1.234818166546463,12.838199007294259,11.603380840747796,1
0.25,95.32944120100083,1.4059796063912977,7.699543810123561,6.293564203732264,1.2461127054903969,12.82375952119638,11.577646815705982,1
0.25,95.41284403669724,1.4008935896224466,8.71236164372052,7.311468054098073,1.2577673286283193,12.812407704655328,11.55464037602701,1
0.25,95.49624687239366,1.3958001634814108,9.72613650498221,8.330336341500798,1.2697336497539435,12.804015217824185,11.534281568070242,1
0.25,95.57964970809007,1.3906923826525834,10.740542222624029,9.349849839971446,1.2819643950058315,12.798487065321854,11.516522670316023,1
0.25,95.66305254378648,1.3855581792074645,11.755443734384592,10.369885555177127,1.294412961357096,12.795708587680492,11.501295626323396,1
0.25,95.7464553794829,1.380378037905031,12.770815860569947,11.390437822664916,1.3070288145943914,12.795521934702311,11.48849312010792,1
0.25,95.82985821517931,1.3751225439937265,13.786695604067887,12.411573060074161,1.3197483991405028,12.797716551586829,11.477968152446326,1
0.25,95.91326105087572,1.369750506034538,14.803152054636866,13.433401548602328,1.3324839228927225,12.802028463377784,11.469544540485062,1
0.25,95.99666388657214,1.364208360878461,15.820266342161668,14.456057981283207,1.3451144544958609,12.808146225609756,11.463031771113895,1
0.25,96.08006672226855,1.314731167950067,16.838117907431563,15.523386739481497,1.3245221040739918,12.815722221131349,11.491200117057357,1
0.25,96.16346955796496,1.3078610225376779,17.856775191042146,16.548914168504467,1.3363275203551528,12.824387995657876,11.488060475302722,1
0.25,96.24687239366138,1.300543695823902,18.876289728773642,17.57574603294974,1.347284500571524,12.833772098494771,11.486487597923247,1
0.25,96.3302752293578,1.292698070165277,19.89669305269308,18.603994982527805,1.357085818541559,12.843518700994197,11.486432882452638,1
0.25,96.4136780650542,1.284247421969781,20.91799596026999,19.63374853830021,1.3653778707888726,12.853305246024698,11.487927375235826,1
0.25,96.49708090075062,1.275125867311585,21.94018975355561,20.665063886244027,1.3717395142459219,12.8628575909355,11.491118076689578,1
0.25,96.58048373644704,1.2652890830452193,24.0089464376258,22.74365735458058,1.3756532238972712,12.871855080412757,11.496201856515487,1
0.25,96.66388657214344,1.2547320209317827,25.033058547170803,23.77832652623902,1.3764734121948212,12.8803726127917,11.503899200596878,1
0.25,96.74728940783986,1.2435168909920908,26.057930496224994,24.814413605232904,1.37340432658819,12.888217170090003,11.514812843501813,1
0.25,96.83069224353628,1.231814230627067,27.083515282966427,25.85170105233936,1.3655141172702896,12.89538233119036,11.529868213920071,1
0.25,96.91409507923268,1.2199563346748055,28.109767600990978,26.889811266316173,1.3518313239539739,12.901928506418237,11.550097182464263,1
0.25,96.9974979149291,1.208492342733237,29.136648843544805,27.928156500811568,1.331580409048633,12.90797849793508,11.576398088886446,1
0.25,97.08090075062552,1.1982159203228404,30.164131852654915,28.965915932332074,1.304573578767673,12.913713207127504,11.60913962835983,1
0.25,97.16430358632192,1.190118124459972,31.19220546966654,30.00208734520657,1.2716412473578416,12.919369271270028,11.647728023912187,1
0.25,97.24770642201834,1.185227949899367,32.22087911187433,31.035651161974965,1.2348045643017114,12.925240962987827,11.690436398686115,1
0.25,97.33110925771476,1.1843691314346323,33.250187839137496,32.06581870770286,1.196902466315655,12.931689969909106,11.734787503593452,1
0.25,97.41451209341116,1.1879480046525126,34.28019878070788,33.092250776055366,1.1607521296479513,12.93916974564389,11.778417615995938,1
0.25,97.49791492910758,1.195891342902767,35.31102060726981,34.11512926436704,1.128341569604344,12.948278810815003,11.81993724121066,1
0.25,97.581317764804,1.2077496004735193,36.34281961954813,35.13507001907461,1.1005224417072281,12.959878407168816,11.859355965461587,1
0.25,97.6647206005004,1.222883362470879,37.37585108411636,36.15296772164548,1.0772517473006697,12.975376214501532,11.898124467200862,1
0.25,97.74812343619682,1.2406494137132567,38.410530812112476,37.16988139839922,1.0581861483111958,12.997536885681715,11.93935073737052,1
0.25,97.83152627189324,1.2605797858916103,39.4476423162986,38.18706253040699,1.0439363157030193,13.0336091581176,11.98967284241458,1
0.25,97.91492910758966,1.2827903972280386,40.48930003258731,39.20650963535927,1.0453673579081995,13.118777822772294,12.073410464864095,1
0.25,97.99833194328606,1.305847578115614,41.53315851245233,40.227310934336714,1.1696579151150504,12.730470610131642,11.56081269501659,1
0.25,98.08173477898248,1.3249925123621225,42.55075772624239,41.225765213880265,1.0945659036368869,12.797668497277648,11.70310259364076,1
0.25,98.1651376146789,1.3421878204669258,43.57206911986353,42.2298812993966,1.0728505862692908,12.827936351699398,11.755085765430106,1
0.25,98.2485404503753,1.3598326614808929,44.59553075989847,43.23569809841758,1.0620523766421037,12.848499760984343,11.786447384342239,1
0.25,98.33194328607172,1.377543808220965,45.62058582027782,44.243042012056854,1.0555785040576027,12.864396825404228,11.808818321346624,1
0.25,98.41534612176814,1.3950866019804589,46.64693273806502,45.25184613608456,1.0515176822279764,12.877465918551538,11.825948236323562,1
0.25,98.49874895746454,1.4123016155248032,47.67437599363218,46.26207437810738,1.049108029489947,12.888596681899378,11.83948865240943,1
0.25,98.58215179316096,1.4290762453809909,49.75062617804447,48.32154993266348,1.0479895057357467,12.898276010805382,11.850286505069636,1
0.25,98.66555462885738,1.4453303026222044,50.77989028429423,49.33455998167203,1.0479738772832357,12.90687477693993,11.858900899656694,1
0.25,98.74895746455378,1.4610074208993005,51.80991710258951,50.34890968169021,1.0489572295525837,12.914597210886319,11.865639981333736,1
0.25,98.8323603002502,1.4760693969316188,52.84063814658319,51.36456874965157,1.050881780458845,12.921612312023965,11.87073053156512,1
0.25,98.91576313594662,1.4904922308330273,53.87199709054643,52.3815048597134,1.0537175416818994,12.92805272606084,11.87433518437894,1
0.25,98.99916597164302,1.5042632568146903,54.903947375857626,53.39968411904294,1.057452899446606,12.934027543417892,11.876574643971287,1
0.25,99.08256880733944,1.517379025518967,55.93645065477506,54.41907162925609,1.0620895624618163,12.939630371886691,11.877540809424875,1
0.25,99.16597164303586,1.5298437310946387,56.9694757774332,55.439632046338566,1.0676398113848269,12.944944774741913,11.877304963357085,1
0.25,99.24937447873226,1.541668046827616,58.00299815418111,56.46133010735349,1.0741250515484089,12.950048155916638,11.87592310436823,1
0.25,99.33277731442868,1.55286827415395,59.03699939236166,57.484131118207706,1.0815751648493683,12.955014684976355,11.873439520126986,1
0.25,99.4161801501251,1.563465735035806,60.071467144179564,58.50800140914376,1.0900284000070324,12.959917603287247,11.869889203280215,1
0.25,99.4995829858215,1.5734863534276071,61.10639512435974,59.53290877093214,1.0995316664951924,12.964831116279308,11.865299449784116,1
0.25,99.58298582151792,1.582960380970416,62.14178326973933,60.558822888768916,1.1101411654315287,12.969831998327471,11.859690832895943,1
0.25,99.66638865721434,1.5919222264717796,63.177638021301526,61.585715794829746,1.1219233276883478,12.975000988782236,11.853077661093888,1
0.25,99.74979149291075,1.6004103484545549,64.21397271431681,62.61356236586226,1.1349560475234697,12.980424025810477,11.845467978287006,1
0.25,99.83319432860716,1.608467164581135,65.2508080651932,63.64234090061206,1.1493302029560724,12.986193341231026,11.836863138274953,1
0.25,99.91659716430358,1.616138919748444,66.28817274484965,64.67203382510121,1.1651514398672405,12.992408420019046,11.827256980151805,1
0.25,100.0,1.6234754337688884,67.06412595388855,65.44065052011966,1.1825421571897452,12.99917952492484,11.816637367735094,1
0.5,0.0,1.583578631377114e-18,1.583578631377114e-18,0.0,1.583578631377114e-18,1.583578631377114e-18,0.0,0
0.5,0.08340283569641367,0.059154493581330965,0.059154493581330965,0.0,0.05392220097263249,0.05392220097263249,0.0,0
0.5,0.16680567139282734,0.056600188707966306,0.056600188707966306,0.0,0.05151989711062812,0.05151989711062812,0.0,0
0.5,0.25020850708924103,0.054047368528021764,0.054047368528021764,0.0,0.049123604818109304,0.049123604818109304,0.0,0
0.5,0.3336113427856547,0.051494204736431536,0.051494204736431536,0.0,0.04673142689546512,0.04673142689546512,0.0,0
0.5,0.41701417848206834,0.048938886642817335,0.048938886642817335,0.0,0.044341451362561644,0.044341451362561644,0.0,0
0.5,0.5004170141784821,0.04637963322690169,0.04637963322690169,0.0,0.04195176409521478,0.04195176409521478,0.0,0
0.5,0.5838198498748957,0.04381470546063864,0.04381470546063864,0.0,0.039560462139448416,0.039560462139448416,0.0,0
0.5,0.6672226855713094,0.04124241899440836,0.04124241899440836,0.0,0.037165667868107766,0.037165667868107766,0.0,0
0.5,0.7506255212677231,0.03866115737872603,0.03866115737872603,0.0,0.03476554423747107,0.03476554423747107,0.0,0
0.5,0.8340283569641367,0.03606938611722905,0.03606938611722905,0.0,0.032358311558795,0.032358311558795,0.0,0
0.5,0.9174311926605504,0.033465668062635415,0.033465668062635415,0.0,0.029942266477141814,0.029942266477141814,0.0,0
0.5,1.0008340283569641,0.03084868105647196,0.03084868105647196,0.0,0.027515804359653423,0.027515804359653423,0.0,0
0.5,1.0842368640533777,0.028217239444037208,0.028217239444037208,0.0,0.025077447274432188,0.025077447274432188,0.0,0
0.5,1.1676396997497913,0.025570322534855368,0.025570322534855368,0.0,0.02262588171756145,0.02262588171756145,0.0,0
0.5,1.2510425354462051,0.022907116075215134,0.022907116075215134,0.0,0.020160014479025837,0.020160014479025837,0.0,0
0.5,1.3344453711426187,0.020227079472737663,0.020227079472737663,0.0,0.017679064780414547,0.017679064780414547,0.0,0
0.5,1.4178482068390323,0.01753006764652062,0.01753006764652062,0.0,0.015182735320794697,0.015182735320794697,0.0,0
0.5,1.5012510425354462,0.01481657959375332,0.01481657959375332,0.0,0.012671573849783277,0.012671573849783277,0.0,0
0.5,1.5846538782318598,0.012088337897176463,0.012088337897176463,0.0,0.01014786201937364,0.01014786201937364,0.0,0
0.5,1.6680567139282734,0.00934988618172674,0.00934988618172674,0.0,0.007618269076621804,0.007618269076621804,0.0,0
0.5,1.7514595496246872,0.006614171679868396,0.006614171679868396,0.0,0.005104391264556382,0.005104391264556382,0.0,0
0.5,1.8348623853211008,0.003931340188932513,0.003931340188932513,0.0,0.002711406618973392,0.002711406618973392,0.0,0
0.5,1.9182652210175144,0.0017014742035664123,0.0017014742035664123,0.0,0.00150297208784631,0.00150297208784631,0.0,0
0.5,2.0016680567139282,0.06124901095817341,0.06124901095817341,0.0,0.05607573671385058,0.05607573671385058,0.0,0
0.5,2.0850708924103416,0.05846674098646835,0.05846674098646835,0.0,0.053564120818168394,0.053564120818168394,0.0,0
0.5,2.1684737281067554,0.05566331903317516,0.05566331903317516,0.0,0.051029172487859494,0.051029172487859494,0.0,0
0.5,2.2518765638031693,0.05283918958561407,0.05283918958561407,0.0,0.048470844763508956,0.048470844763508956,0.0,0
0.5,2.3352793994995826,0.04999498849638833,0.04999498849638833,0.0,0.045889339334726595,0.045889339334726595,0.0,0
0.5,2.4186822351959965,0.04713154568519692,0.04713154568519692,0.0,0.043285114112718605,0.043285114112718605,0.0,0
0.5,2.5020850708924103,0.044249888322338504,0.044249888322338504,0.0,0.04065888962701377,0.04065888962701377,0.0,0
0.5,2.5854879065888237,0.04135124551306666,0.04135124551306666,0.0,0.03801165478738841,0.03801165478738841,0.0,0
0.5,2.6688907422852375,0.03843705617852802,0.03843705617852802,0.0,0.03534467306933187,0.03534467306933187,0.0,0
0.5,2.7522935779816513,0.03550898299729714,0.03550898299729714,0.0,0.03265949106571499,0.03265949106571499,0.0,0
0.5,2.8356964136780647,0.03256893737356761,0.03256893737356761,0.0,0.029957952923540053,0.029957952923540053,0.0,0
0.5,2.9190992493744785,0.029619124358970756,0.029619124358970756,0.0,0.027242227136439288,0.027242227136439288,0.0,0
0.5,3.0025020850708923,0.02666212431937647,0.02666212431937647,0.0,0.024514858012111895,0.024514858012111895,0.0,0
0.5,3.0859049207673057,0.023701044721757523,0.023701044721757523,0.0,0.021778866491217817,0.021778866491217817,0.0,0
0.5,3.1693077564637195,0.020739812948136916,0.020739812948136916,0.0,0.019037953124831957,0.019037953124831957,0.0,0
0.5,3.2527105921601334,0.01778377350778968,0.01778377350778968,0.0,0.016296926004596902,0.016296926004596902,0.0,0
0.5,3.3361134278565467,0.014841005861699523,0.014841005861699523,0.0,0.01356267067269843,0.01356267067269843,0.0,0
0.5,3.4195162635529606,0.011925567654838706,0.011925567654838706,0.0,0.010846598570725372,0.010846598570725372,0.0,0
0.5,3.5029190992493744,0.009066782749749992,0.009066782749749992,0.0,0.008171885492340407,0.008171885492340407,0.0,0
0.5,3.5863219349457878,0.006342100098320742,0.006342100098320742,0.0,0.005600501794142889,0.005600501794142889,0.0,0
0.5,3.6697247706422016,0.004027797209192917,0.004027797209192917,0.0,0.0033731050872542272,0.0033731050872542272,0.0,0
0.5,3.7531276063386154,0.0031811668848608725,0.0031811668848608725,0.0,0.0025950134492640315,0.0025950134492640315,0.0,0
0.5,3.836530442035029,0.004666731159877029,0.004666731159877029,0.0,0.004159456677326639,0.004159456677326639,0.0,0
0.5,3.9199332777314426,0.007143057441255982,0.007143057441255982,0.0,0.0065496741740726705,0.0065496741740726705,0.0,0
0.5,4.0033361134278564,0.05442681721836089,0.05442681721836089,0.0,0.051358254175978064,0.051358254175978064,0.0,0
0.5,4.08673894912427,0.05142688103658763,0.05142688103658763,0.0,0.04853938620689752,0.04853938620689752,0.0,0
0.5,4.170141784820683,0.048436431829916894,0.048436431829916894,0.0,0.04572809064369683,0.04572809064369683,0.0,0
0.5,4.253544620517097,0.04545710984182426,0.04545710984182426,0.0,0.04292657619761061,0.04292657619761061,0.0,0
0.5,4.336947456213511,0.04249044091602157,0.04249044091602157,0.0,0.04013685899951181,0.04013685899951181,0.0,0
0.5,4.420350291909925,0.03953782997304714,0.03953782997304714,0.0,0.037360737490775085,0.037360737490775085,0.0,0
0.5,4.5037531276063385,0.03660055857566666,0.03660055857566666,0.0,0.034599769185205,0.034599769185205,0.0,0
0.5,4.587155963302752,0.033679788155915685,0.033679788155915685,0.0,0.031855249235998424,0.031855249235998424,0.0,0
0.5,4.670558798999165,0.030776571586106628,0.030776571586106628,0.0,0.029128190756168293,0.029128190756168293,0.0,0
0.5,4.753961634695579,0.027891877909696838,0.027891877909696838,0.0,0.026419306983735565,0.026419306983735565,0.0,0
0.5,4.837364470391993,0.025026639330648432,0.025026639330648432,0.0,0.023728995792570796,0.023728995792570796,0.0,0
0.5,4.920767306088407,0.022181838642520057,0.022181838642520057,0.0,0.021057328041149178,0.021057328041149178,0.0,0
0.5,5.004170141784821,0.01935867590662326,0.01935867590662326,0.0,0.018404043606772013,0.018404043606772013,0.0,0
0.5,5.087572977481234,0.016558904195285024,0.016558904195285024,0.0,0.015768564819239456,0.015768564819239456,0.0,0
0.5,5.170975813177647,0.013785564552130088,0.013785564552130088,0.0,0.013150053067127021,0.013150053067127021,0.0,0
0.5,5.254378648874061,0.011044793321787316,0.011044793321787316,0.0,0.01054758498266609,0.01054758498266609,0.0,0
0.5,5.337781484570475,0.008351055037298633,0.008351055037298633,0.0,0.007960720001573149,0.007960720001573149,0.0,0
0.5,5.421184320266889,0.005746383547523718,0.005746383547523718,0.0,0.005391752784704161,0.005391752784704161,0.0,0
0.5,5.504587155963303,0.0034016808123498634,0.0034016808123498634,0.0,0.002860071981987471,0.002860071981987471,0.0,0
0.5,5.5879899916597155,0.002271223032074118,0.002271223032074118,0.0,0.0007737692735555062,0.0007737692735555062,0.0,0
0.5,5.671392827356129,0.003684912527668806,0.003684912527668806,0.0,0.002510016534877639,0.002510016534877639,0.0,0
0.5,5.754795663052543,0.006054944851185939,0.006054944851185939,0.0,0.005033760521425158,0.005033760521425158,0.0,0
0.5,5.838198498748957,0.008618474641959402,0.008618474641959402,0.0,0.007605881103253959,0.007605881103253959,0.0,0
0.5,5.921601334445371,0.05082766876700201,0.05082766876700201,0.0,0.048012622920073154,0.048012622920073154,0.0,0
0.5,6.005004170141785,0.04810896692457359,0.04810896692457359,0.0,0.04554234816012855,0.04554234816012855,0.0,0
0.5,6.088407005838198,0.04540263634421064,0.04540263634421064,0.0,0.04308189805336178,0.04308189805336178,0.0,0
0.5,6.171809841534611,0.04270762229916759,0.04270762229916759,0.0,0.040625846783900674,0.040625846783900674,0.0,0
0.5,6.255212677231025,0.040022982872890675,0.040022982872890675,0.0,0.03816957159989122,0.03816957159989122,0.0,0
0.5,6.338615512927439,0.03734791387717683,0.03734791387717683,0.0,0.03571067173814549,0.03571067173814549,0.0,0
0.5,6.422018348623853,0.03468171749475113,0.03468171749475113,0.0,0.03325010722881754,0.03325010722881754,0.0,0
0.5,6.505421184320267,0.03202371045674186,0.03202371045674186,0.0,0.030791936268754157,0.030791936268754157,0.0,0
0.5,6.58882402001668,0.02937313381834869,0.02937313381834869,0.0,0.028340900860771723,0.028340900860771723,0.0,0
0.5,6.6722268557130935,0.026729227173818326,0.026729227173818326,0.0,0.025898654408699037,0.025898654408699037,0.0,0
0.5,6.755629691409507,0.024091723642989164,0.024091723642989164,0.0,0.023460890279742682,0.023460890279742682,0.0,0
0.5,6.839032527105921,0.021462094923302928,0.021462094923302928,0.0,0.021017263820913522,0.021017263820913522,0.0,0
0.5,6.922435362802335,0.018846046638326393,0.018846046638326393,0.0,0.018554296636438,0.018554296636438,0.0,0
0.5,7.005838198498749,0.016258346318767297,0.016258346318767297,0.0,0.016060958648571474,0.016060958648571474,0.0,0
0.5,7.089241034195162,0.013732679664787707,0.013732679664787707,0.0,0.013539292376109822,0.013539292376109822,0.0,0
0.5,7.1726438698915755,0.011343191064707868,0.011343191064707868,0.0,0.011030751256880744,0.011030751256880744,0.0,0
0.5,7.256046705587989,0.009252002999483963,0.009252002999483963,0.0,0.008693605972342418,0.008693605972342418,0.0,0
0.5,7.339449541284403,0.007792080710317899,0.007792080710317899,0.0,0.007020002410280883,0.007020002410280883,0.0,0
0.5,7.422852376980817,0.007462621619501461,0.007462621619501461,0.0,0.00704360119870841,0.00704360119870841,0.0,0
0.5,7.506255212677231,0.008516764280664859,0.008516764280664859,0.0,0.009337204230582935,0.009337204230582935,0.0,0
0.5,7.589658048373644,0.010656911909393156,0.010656911909393156,0.0,0.013343480842282665,0.013343480842282665,0.0,0
0.5,7.673060884070058,0.013465074849893649,0.013465074849893649,0.0,0.018594791278898685,0.018594791278898685,0.0,0
0.5,7.756463719766471,0.016679649769913717,0.016679649769913717,0.0,0.02496777254448842,0.02496777254448842,0.0,0
0.5,7.839866555462885,0.020154874159475644,0.020154874159475644,0.0,0.032465792076315815,0.032465792076315815,0.0,0
0.5,7.923269391159299,0.0570855090445553,0.0570855090445553,0.0,0.09424596842798164,0.09424596842798164,0.0,0
0.5,8.006672226855713,0.054906936512185034,0.054906936512185034,0.0,0.09474948528961169,0.09474948528961169,0.0,0
0.5,8.090075062552126,0.05254886228427723,0.05254886228427723,0.0,0.09366342608081589,0.09366342608081589,0.0,0
0.5,8.17347789824854,0.04996355135042552,0.04996355135042552,0.0,0.09047094599482149,0.09047094599482149,0.0,0
0.5,8.256880733944953,0.047123550168738204,0.047123550168738204,0.0,0.0849474795289279,0.0849474795289279,0.0,0
0.5,8.340283569641366,0.044035679523901715,0.044035679523901715,0.0,0.07732019381694248,0.07732019381694248,0.0,0
0.5,8.423686405337781,0.040744985874572204,0.040744985874572204,0.0,0.06823751873689503,0.06823751873689503,0.0,0
0.5,8.507089241034194,0.037324320125285367,0.037324320125285367,0.0,0.05854454290066382,0.05854454290066382,0.0,0
0.5,8.590492076730609,0.033855066588661484,0.033855066588661484,0.0,0.04901156889476988,0.04901156889476988,0.0,0
0.5,8.673894912427022,0.030409606837100152,0.030409606837100152,0.0,0.040168364502997364,0.040168364502997364,0.0,0
0.5,8.757297748123435,0.027042236243737937,0.027042236243737937,0.0,0.03228043790768942,0.03228043790768942,0.0,0
0.5,8.84070058381985,0.023788526580269125,0.023788526580269125,0.0,0.025411454827992983,0.025411454827992983,0.0,0
0.5,8.924103419516262,0.020669749012264964,0.020669749012264964,0.0,0.0195056210063349,0.0195056210063349,0.0,0
0.5,9.007506255212677,0.017699369636545215,0.017699369636545215,0.0,0.014455254249113524,0.014455254249113524,0.0,0
0.5,9.09090909090909,0.014890602730122457,0.014890602730122457,0.0,0.01014893417611751,0.01014893417611751,0.0,0
0.5,9.174311926605505,0.012266355533716855,0.012266355533716855,0.0,0.006519817667720526,0.006519817667720526,0.0,0
0.5,9.257714762301918,0.009876203931506783,0.009876203931506783,0.0,0.003692866815858624,0.003692866815858624,0.0,0
0.5,9.34111759799833,0.00783058110593036,0.00783058110593036,0.0,0.002657591570686727,0.002657591570686727,0.0,0
0.5,9.424520433694745,0.006360453466851929,0.006360453466851929,0.0,0.004073658601260843,0.004073658601260843,0.0,0
0.5,9.507923269391158,0.005821335798299856,0.005821335798299856,0.0,0.006179439750043886,0.006179439750043886,0.0,0
0.5,9.591326105087573,0.006388139523283441,0.006388139523283441,0.0,0.008321373703104788,0.008321373703104788,0.0,0
0.5,9.674728940783986,0.007787154191460486,0.007787154191460486,0.0,0.010401055804057882,0.010401055804057882,0.0,0
0.5,9.758131776480399,0.009644329751839582,0.009644329751839582,0.0,0.012413615261196075,0.012413615261196075,0.0,0
0.5,9.841534612176813,0.044679091864960795,0.044679091864960795,0.0,0.04114306825153697,0.04114306825153697,0.0,0
0.5,9.924937447873226,0.04164635464531348,0.04164635464531348,0.0,0.03801258819355878,0.03801258819355878,0.0,0
0.5,10.008340283569641,0.038712364116793914,0.038712364116793914,0.0,0.03513114248425974,0.03513114248425974,0.0,0
0.5,10.091743119266054,0.03586795851677179,0.03586795851677179,0.0,0.032461068712102574,0.032461068712102574,0.0,0
0.5,10.175145954962469,0.033105248481003234,0.033105248481003234,0.0,0.029970707973912936,0.029970707973912936,0.0,0
0.5,10.258548790658882,0.03041772489070156,0.03041772489070156,0.0,0.027633311550277005,0.027633311550277005,0.0,0
0.5,10.341951626355295,0.02780047427415158,0.02780047427415158,0.0,0.025426180537662737,0.025426180537662737,0.0,0
0.5,10.42535446205171,0.02525056878911684,0.02525056878911684,0.0,0.02333001093326221,0.02333001093326221,0.0,0
0.5,10.508757297748122,0.022767746205179577,0.022767746205179577,0.0,0.021328434899058408,0.021328434899058408,0.0,0
0.5,10.592160133444537,0.02035558696860616,0.02035558696860616,0.0,0.019407775970254705,0.019407775970254705,0.0,0
0.5,10.67556296914095,0.018023569302592864,0.018023569302592864,0.0,0.01755708108751428,0.01755708108751428,0.0,0
0.5,10.758965804837363,0.015790707478715173,0.015790707478715173,0.0,0.01576857551217044,0.01576857551217044,0.0,0
0.5,10.842368640533778,0.013692031657669733,0.013692031657669733,0.0,0.014038851005009591,0.014038851005009591,0.0,0
0.5,10.92577147623019,0.011789809184351924,0.011789809184351924,0.0,0.012371435409446458,0.012371435409446458,0.0,0
0.5,11.009174311926605,0.010190546208534181,0.010190546208534181,0.0,0.010782086822657003,0.010782086822657003,0.0,0
0.5,11.092577147623018,0.009059528814540712,0.009059528814540712,0.0,0.009309460177728034,0.009309460177728034,0.0,0
0.5,11.175979983319431,0.008595991844231808,0.008595991844231808,0.0,0.008035265990660428,0.008035265990660428,0.0,0
0.5,11.259382819015846,0.008925186172645445,0.008925186172645445,0.0,0.007113817962572178,0.007113817962572178,0.0,0
0.5,11.342785654712259,0.009995521917853993,0.009995521917853993,0.0,0.006778675343212999,0.006778675343212999,0.0,0
0.5,11.426188490408673,0.011634542638994893,0.011634542638994893,0.0,0.007243379723787148,0.007243379723787148,0.0,0
0.5,11.509591326105086,0.013672582092034972,0.013672582092034972,0.0,0.008546339646354798,0.008546339646354798,0.0,0
0.5,11.592994161801501,0.015993722602539128,0.015993722602539128,0.0,0.01058502884466088,0.01058502884466088,0.0,0
0.5,11.676396997497914,0.018530047335129883,0.018530047335129883,0.0,0.013268085713680279,0.013268085713680279,0.0,0
0.5,11.759799833194327,0.02124480489803142,0.02124480489803142,0.0,0.016578197509477893,0.016578197509477893,0.0,0
0.5,11.843202668890742,0.05121599424094865,0.05121599424094865,0.0,0.08235648288190893,0.08235648288190893,0.0,0
0.5,11.926605504587155,0.05066364555955169,0.05066364555955169,0.0,0.08623220731630822,0.08623220731630822,0.0,0
0.5,12.01000834028357,0.050127225159449805,0.050127225159449805,0.0,0.09033539641784065,0.09033539641784065,0.0,0
0.5,12.093411175979982,0.049543053962809835,0.049543053962809835,0.0,0.09434183881192142,0.09434183881192142,0.0,0
0.5,12.176814011676395,0.04882350776915622,0.04882350776915622,0.0,0.09772359278300655,0.09772359278300655,0.0,0
0.5,12.26021684737281,0.047858787631634155,0.047858787631634155,0.0,0.09974082142058131,0.09974082142058131,0.0,0
0.5,12.343619683069223,0.046529481069848264,0.046529481069848264,0.0,0.09953959332818807,0.09953959332818807,0.0,0
0.5,12.427022518765638,0.044734172507267446,0.044734172507267446,0.0,0.09639911399344665,0.09639911399344665,0.0,0
0.5,12.51042535446205,0.04242834963190292,0.04242834963190292,0.0,0.0900640971114491,0.0900640971114491,0.0,0
0.5,12.593828190158465,0.0396583529686062,0.0396583529686062,0.0,0.080959435414584,0.080959435414584,0.0,0
0.5,12.677231025854878,0.03657021507386365,0.03657021507386365,0.0,0.0700988000450335,0.0700988000450335,0.0,0
0.5,12.760633861551291,0.03338829196737389,0.03338829196737389,0.0,0.058727984559710615,0.058727984559710615,0.0,0
0.5,12.844036697247706,0.030379109744629193,0.030379109744629193,0.0,0.04794499849535446,0.04794499849535446,0.0,0
0.5,12.927439532944119,0.027817599163414832,0.027817599163414832,0.0,0.03849836518023362,0.03849836518023362,0.0,0
0.5,13.010842368640533,0.025955263531308174,0.025955263531308174,0.0,0.030794924638467964,0.030794924638467964,0.0,0
0.5,13.094245204336946,0.024977883251650356,0.024977883251650356,0.0,0.025027979637805807,0.025027979637805807,0.0,0
0.5,13.17764804003336,0.024957232159926516,0.024957232159926516,0.0,0.021287694434809212,0.021287694434809212,0.0,0
0.5,13.261050875729774,0.02583233697668658,0.02583233697668658,0.0,0.019533634943482845,0.019533634943482845,0.0,0
0.5,13.344453711426187,0.027445997523025394,0.027445997523025394,0.0,0.019478807309152982,0.019478807309152982,0.0,0
0.5,13.427856547122602,0.02961009860887164,0.02961009860887164,0.0,0.020632680351017785,0.020632680351017785,0.0,0
0.5,13.511259382819015,0.03215512834039528,0.03215512834039528,0.0,0.022516728863820726,0.022516728863820726,0.0,0
0.5,13.594662218515428,0.03494931552761632,0.03494931552761632,0.0,0.02479795843047463,0.02479795843047463,0.0,0
0.5,13.678065054211842,0.03789786506039223,0.03789786506039223,0.0,0.027283707547797322,0.027283707547797322,0.0,0
0.5,13.761467889908255,0.03348146924878659,0.03348146924878659,0.0,0.04692919473181609,0.04692919473181609,0.0,0
0.5,13.84487072560467,0.029703200081322607,0.029703200081322607,0.0,0.04237118752247856,0.04237118752247856,0.0,0
0.5,13.928273561301083,0.026319854526429314,0.026319854526429314,0.0,0.03833972980179126,0.03833972980179126,0.0,0
0.5,14.011676396997498,0.023379773176714365,0.023379773176714365,0.0,0.03477610083386036,0.03477610083386036,0.0,0
0.5,14.09507923269391,0.020950200416111366,0.020950200416111366,0.0,0.03163998753638723,0.03163998753638723,0.0,0
0.5,14.178482068390323,0.01911155534224099,0.01911155534224099,0.0,0.028906887297905658,0.028906887297905658,0.0,0
0.5,14.261884904086738,0.01793840488510147,0.01793840488510147,0.0,0.02656540235469795,0.02656540235469795,0.0,0
0.5,14.345287739783151,0.01746710855060539,0.01746710855060539,0.0,0.024613925795300945,0.024613925795300945,0.0,0
0.5,14.428690575479566,0.017667329101555898,0.017667329101555898,0.0,0.023056222306210378,0.023056222306210378,0.0,0
0.5,14.512093411175979,0.018442585863406618,0.018442585863406618,0.0,0.021895740450513762,0.021895740450513762,0.0,0
0.5,14.595496246872392,0.01966137346336161,0.01966137346336161,0.0,0.02112929408878926,0.02112929408878926,0.0,0
0.5,14.678899082568806,0.021193244240237316,0.021193244240237316,0.0,0.020741755762673477,0.020741755762673477,0.0,0
0.5,14.76230191826522,0.022929514010948324,0.022929514010948324,0.0,0.020703785253962905,0.020703785253962905,0.0,0
0.5,14.845704753961634,0.024788015468950396,0.024788015468950396,0.0,0.020973634026249632,0.020973634026249632,0.0,0
0.5,14.929107589658047,0.02670974748654365,0.02670974748654365,0.0,0.021502179932944388,0.021502179932944388,0.0,0
0.5,15.012510425354462,0.028653489018893148,0.028653489018893148,0.0,0.0222390567707342,0.0222390567707342,0.0,0
0.5,15.095913261050875,0.030591006525384854,0.030591006525384854,0.0,0.023137952479876718,0.023137952479876718,0.0,0
0.5,15.179316096747288,0.0325035041666819,0.0325035041666819,0.0,0.02416032657603938,0.02416032657603938,0.0,0
0.5,15.262718932443702,0.03437923068832439,0.03437923068832439,0.0,0.025277908167129895,0.025277908167129895,0.0,0
0.5,15.346121768140115,0.03621199637173907,0.03621199637173907,0.0,0.026474890624076944,0.026474890624076944,0.0,0
0.5,15.42952460383653,0.03800038498836514,0.03800038498836514,0.0,0.027750847303393545,0.027750847303393545,0.0,0
0.5,15.512927439532943,0.03974751779070647,0.03974751779070647,0.0,0.029125355969737053,0.029125355969737053,0.0,0
0.5,15.596330275229356,0.04146129359270165,0.04146129359270165,0.0,0.030645369471479677,0.030645369471479677,0.0,0
0.5,15.67973311092577,0.04315508222649464,0.04315508222649464,0.0,0.03239657009576673,0.03239657009576673,0.0,0
0.5,15.763135946622183,0.048869594380881336,0.048869594380881336,0.0,0.07905568372936224,0.07905568372936224,0.0,0
0.5,15.846538782318598,0.0497333537499325,0.0497333537499325,0.0,0.08391905299508469,0.08391905299508469,0.0,0
0.5,15.929941618015011,0.050556640992541646,0.050556640992541646,0.0,0.08953965214829138,0.08953965214829138,0.0,0
0.5,16.013344453711426,0.05124097966473259,0.05124097966473259,0.0,0.09575408442021385,0.09575408442021385,0.0,0
0.5,16.096747289407837,0.05164792282543767,0.05164792282543767,0.0,0.10212222916758977,0.10212222916758977,0.0,0
0.5,16.18015012510425,0.05158777329637567,0.05158777329637567,0.0,0.10774303325684213,0.10774303325684213,0.0,0
0.5,16.263552960800666,0.050820039355771056,0.050820039355771056,0.0,0.11111269337960675,0.11111269337960675,0.0,0
0.5,16.34695579649708,0.04908727350733708,0.04908727350733708,0.0,0.11027797715273585,0.11027797715273585,0.0,0
0.5,16.430358632193492,0.0462054981139573,0.0462054981139573,0.0,0.10359440116802617,0.10359440116802617,0.0,0
0.5,16.513761467889907,0.04219905338850866,0.04219905338850866,0.0,0.09093082943330773,0.09093082943330773,0.0,0
0.5,16.59716430358632,0.03739873164876064,0.03739873164876064,0.0,0.07430123225733316,0.07430123225733316,0.0,0
0.5,16.680567139282733,0.03241461811109186,0.03241461811109186,0.0,0.057073497428751244,0.057073497428751244,0.0,0
0.5,16.763969974979148,0.02800359508666343,0.02800359508666343,0.0,0.04248588467339922,0.04248588467339922,0.0,0
0.5,16.847372810675562,0.024907321804618892,0.024907321804618892,0.0,0.03274777544827251,0.03274777544827251,0.0,0
0.5,16.930775646371977,0.02363592376999224,0.02363592376999224,0.0,0.028535790731208727,0.028535790731208727,0.0,0
0.5,17.014178482068388,0.024218503945334157,0.024218503945334157,0.0,0.028517004919414838,0.028517004919414838,0.0,0
0.5,17.097581317764803,0.02622032729357825,0.02622032729357825,0.0,0.03048205868191855,0.03048205868191855,0.0,0
0.5,17.180984153461218,0.029076291816890323,0.029076291816890323,0.0,0.032962144648885215,0.032962144648885215,0.0,0
0.5,17.26438698915763,0.03234672922874344,0.03234672922874344,0.0,0.03535140489824926,0.03535140489824926,0.0,0
0.5,17.347789824854043,0.035758511690354135,0.035758511690354135,0.0,0.03748100296386634,0.03748100296386634,0.0,0
0.5,17.431192660550458,0.03915833971800567,0.03915833971800567,0.0,0.0393491333428382,0.0393491333428382,0.0,0
0.5,17.51459549624687,0.042464829213569644,0.042464829213569644,0.0,0.041006465429748166,0.041006465429748166,0.0,0
0.5,17.597998331943284,0.04563734891881548,0.04563734891881548,0.0,0.04251335764273927,0.04251335764273927,0.0,0
0.5,17.6814011676397,0.018234224780276035,0.018234224780276035,0.0,0.024724307056122552,0.024724307056122552,0.0,0
0.5,17.764804003336113,0.01611986908904046,0.01611986908904046,0.0,0.020164888822526598,0.020164888822526598,0.0,0
0.5,17.848206839032525,0.01502857610984664,0.01502857610984664,0.0,0.01614175980617953,0.01614175980617953,0.0,0
0.5,17.93160967472894,0.014908424345090517,0.014908424345090517,0.0,0.012581348401217001,0.012581348401217001,0.0,0
0.5,18.015012510425354,0.015565005570989185,0.015565005570989185,0.0,0.009464626448434916,0.009464626448434916,0.0,0
0.5,18.098415346121765,0.01674178669614281,0.01674178669614281,0.0,0.006877030210015719,0.006877030210015719,0.0,0
0.5,18.18181818181818,0.018212742650421037,0.018212742650421037,0.0,0.005145553366742645,0.005145553366742645,0.0,0
0.5,18.265221017514595,0.019817336859024683,0.019817336859024683,0.0,0.004870570825175712,0.004870570825175712,0.0,0
0.5,18.34862385321101,0.021453501501191234,0.021453501501191234,0.0,0.006063376651861849,0.006063376651861849,0.0,0
0.5,18.43202668890742,0.02306005245101019,0.02306005245101019,0.0,0.008013022275244773,0.008013022275244773,0.0,0
0.5,18.515429524603835,0.0246020354529965,0.0246020354529965,0.0,0.01026464285139761,0.01026464285139761,0.0,0
0.5,18.59883236030025,0.026061041388421212,0.026061041388421212,0.0,0.012654762942146269,0.012654762942146269,0.0,0
0.5,18.68223519599666,0.02742931608372199,0.02742931608372199,0.0,0.01513385075154777,0.01513385075154777,0.0,0
0.5,18.765638031693076,0.02870630778399257,0.02870630778399257,0.0,0.017694687064682864,0.017694687064682864,0.0,0
0.5,18.84904086738949,0.029896710280330217,0.029896710280330217,0.0,0.020348637246816514,0.020348637246816514,0.0,0
0.5,18.9324437030859,0.031009429462625727,0.031009429462625727,0.0,0.023117683206951192,0.023117683206951192,0.0,0
0.5,19.015846538782316,0.03205714171812543,0.03205714171812543,0.0,0.026032119238391434,0.026032119238391434,0.0,0
0.5,19.09924937447873,0.03305625556672509,0.03305625556672509,0.0,0.029130730553800794,0.029130730553800794,0.0,0
0.5,19.182652210175146,0.03402716995435892,0.03402716995435892,0.0,0.03246244615363607,0.03246244615363607,0.0,0
0.5,19.266055045871557,0.0349947679505419,0.0349947679505419,0.0,0.03608924551973906,0.03608924551973906,0.0,0
0.5,19.34945788156797,0.03598910657834521,0.03598910657834521,0.0,0.040090460729932165,0.040090460729932165,0.0,0
0.5,19.432860717264386,0.03704626804896904,0.03704626804896904,0.0,0.04456884201762391,0.04456884201762391,0.0,0
0.5,19.516263552960798,0.03820932496730348,0.03820932496730348,0.0,0.04965892330098637,0.04965892330098637,0.0,0
0.5,19.599666388657212,0.039529335786633465,0.039529335786633465,0.0,0.055538297655058175,0.055538297655058175,0.0,0
0.5,19.683069224353627,0.02792253513510797,0.02792253513510797,0.0,0.03572520403391907,0.03572520403391907,0.0,0
0.5,19.76647206005004,0.027644666279464738,0.027644666279464738,0.0,0.03657391214971702,0.03657391214971702,0.0,0
0.5,19.849874895746453,0.027290864074726424,0.027290864074726424,0.0,0.03734516580468786,0.03734516580468786,0.0,0
0.5,19.933277731442868,0.026792542898441015,0.026792542898441015,0.0,0.03781723730667777,0.03781723730667777,0.0,0
0.5,20.016680567139282,0.026043849587501545,0.026043849587501545,0.0,0.037598782180949794,0.037598782180949794,0.0,0
0.5,20.100083402835693,0.024891933866878126,0.024891933866878126,0.0,0.03605361493789409,0.03605361493789409,0.0,0
0.5,20.183486238532108,0.02314150859667737,0.02314150859667737,0.0,0.03233472611065324,0.03233472611065324,0.0,0
0.5,20.266889074228523,0.020601329912401548,0.020601329912401548,0.0,0.025896214153989624,0.025896214153989624,0.0,0
0.5,20.350291909924938,0.017219109497062502,0.017219109497062502,0.0,0.01862192546323859,0.01862192546323859,0.0,0
0.5,20.43369474562135,0.013380980509895175,0.013380980509895175,0.0,0.019418797286328844,0.019418797286328844,0.0,0
0.5,20.517097581317763,0.010541394311358518,0.010541394311358518,0.0,0.030964492073639906,0.030964492073639906,0.0,0
0.5,20.600500417014178,0.011291659973634703,0.011291659973634703,0.0,0.04444933716344286,0.04444933716344286,0.0,0
0.5,20.68390325271059,0.015656620753620048,0.015656620753620048,0.0,0.0557823652699063,0.0557823652699063,0.0,0
0.5,20.767306088407004,0.02149423460947582,0.02149423460947582,0.0,0.06403985587479077,0.06403985587479077,0.0,0
0.5,20.85070892410342,0.027650480846827395,0.027650480846827395,0.0,0.06952001312839357,0.06952001312839357,0.0,0
0.5,20.93411175979983,0.03369424460702573,0.03369424460702573,0.0,0.07288336869022287,0.07288336869022287,0.0,0
0.5,21.017514595496245,0.03946424294946036,0.03946424294946036,0.0,0.07477523143158203,0.07477523143158203,0.0,0
0.5,21.10091743119266,0.044905689667839956,0.044905689667839956,0.0,0.07570737144778698,0.07570737144778698,0.0,0
0.5,21.184320266889074,0.05000939250598685,0.05000939250598685,0.0,0.07605154978469712,0.07605154978469712,0.0,0
0.5,21.267723102585485,0.054786119772220976,0.054786119772220976,0.0,0.07606734671699121,0.07606734671699121,0.0,0
0.5,21.3511259382819,0.05925500046918424,0.05925500046918424,0.0,0.07593321303519573,0.07593321303519573,0.0,0
0.5,21.434528773978315,0.06343812106864276,0.06343812106864276,0.0,0.07577157088456872,0.07577157088456872,0.0,0
0.5,21.517931609674726,0.06735802667642313,0.06735802667642313,0.0,0.07566695591579259,0.07566695591579259,0.0,0
0.5,21.60133444537114,0.039099249211543854,0.039099249211543854,0.0,0.02689127566577784,0.02689127566577784,0.0,0
0.5,21.684737281067555,0.040898592424481954,0.040898592424481954,0.0,0.026905417701303554,0.026905417701303554,0.0,0
0.5,21.76814011676397,0.04279616208174314,0.04279616208174314,0.0,0.027253676925084236,0.027253676925084236,0.0,0
0.5,21.85154295246038,0.04470822951830545,0.04470822951830545,0.0,0.027881029160375333,0.027881029160375333,0.0,0
0.5,21.934945788156796,0.046578334177502345,0.046578334177502345,0.0,0.028752555997198174,0.028752555997198174,0.0,0
0.5,22.01834862385321,0.048369624113656015,0.048369624113656015,0.0,0.029846611753620654,0.029846611753620654,0.0,0
0.5,22.10175145954962,0.05005911627039962,0.05005911627039962,0.0,0.031150350475295782,0.031150350475295782,0.0,0
0.5,22.185154295246036,0.05163363890227687,0.05163363890227687,0.0,0.032656966752628885,0.032656966752628885,0.0,0
0.5,22.26855713094245,0.05308705323089195,0.05308705323089195,0.0,0.034364107553807116,0.034364107553807116,0.0,0
0.5,22.351959966638862,0.05441839157597566,0.05441839157597566,0.0,0.03627305600382506,0.03627305600382506,0.0,0
0.5,22.435362802335277,0.055630637143523363,0.055630637143523363,0.0,0.0383884196794055,0.0383884196794055,0.0,0
0.5,22.51876563803169,0.056729952179159264,0.056729952179159264,0.0,0.04071815996178178,0.04071815996178178,0.0,0
0.5,22.602168473728106,0.05772522359292833,0.05772522359292833,0.0,0.04327387591899831,0.04327387591899831,0.0,0
0.5,22.685571309424517,0.058627839473804635,0.058627839473804635,0.0,0.046071312340167016,0.046071312340167016,0.0,0
0.5,22.768974145120932,0.05945164039137187,0.05945164039137187,0.0,0.0491311042910006,0.0491311042910006,0.0,0
0.5,22.852376980817347,0.06021301007555017,0.06021301007555017,0.0,0.052479806759111,0.052479806759111,0.0,0
0.5,22.935779816513758,0.06093108399591863,0.06093108399591863,0.0,0.05615129356361617,0.05615129356361617,0.0,0
0.5,23.019182652210173,0.061628063515976925,0.061628063515976925,0.0,0.060188649797849096,0.060188649797849096,0.0,0
0.5,23.102585487906588,0.06232962876532606,0.06232962876532606,0.0,0.06464673074901192,0.06464673074901192,0.0,0
0.5,23.185988323603002,0.06306544540339,0.06306544540339,0.0,0.06959561965052152,0.06959561965052152,0.0,0
0.5,23.269391159299413,0.06386975827884588,0.06386975827884588,0.0,0.07512528389400766,0.07512528389400766,0.0,0
0.5,23.352793994995828,0.06478205625814065,0.06478205625814065,0.0,0.08135178838556449,0.08135178838556449,0.0,0
0.5,23.436196830692243,0.06584777187011068,0.06584777187011068,0.0,0.08842542657169483,0.08842542657169483,0.0,0
0.5,23.519599666388654,0.06711893573347648,0.06711893573347648,0.0,0.09654094702938337,0.09654094702938337,0.0,0
0.5,23.60300250208507,0.026155646185052412,0.026155646185052412,0.0,0.034302266233116795,0.034302266233116795,0.0,0
0.5,23.686405337781483,0.023358869448746208,0.023358869448746208,0.0,0.03454244452292982,0.03454244452292982,0.0,0
0.5,23.769808173477898,0.020425275966392976,0.020425275966392976,0.0,0.03452473986835738,0.03452473986835738,0.0,0
0.5,23.85321100917431,0.017367205737930273,0.017367205737930273,0.0,0.03429798096434314,0.03429798096434314,0.0,0
0.5,23.936613844870724,0.014216423705113472,0.014216423705113472,0.0,0.034204306044877536,0.034204306044877536,0.0,0
0.5,24.02001668056714,0.011085381899773997,0.011085381899773997,0.0,0.03521431944831718,0.03521431944831718,0.0,0
0.5,24.10341951626355,0.008412871706475917,0.008412871706475917,0.0,0.039094424357026904,0.039094424357026904,0.0,0
0.5,24.186822351959965,0.007592292241584944,0.007592292241584944,0.0,0.04752330620079083,0.04752330620079083,0.0,0
0.5,24.27022518765638,0.01012922557616031,0.01012922557616031,0.0,0.06045432153897111,0.06045432153897111,0.0,0
0.5,24.35362802335279,0.01519768089769582,0.01519768089769582,0.0,0.07582258491008737,0.07582258491008737,0.0,0
0.5,24.437030859049205,0.02162323936690216,0.02162323936690216,0.0,0.09076086013693685,0.09076086013693685,0.0,0
0.5,24.52043369474562,0.028763241453398668,0.028763241453398668,0.0,0.10301065352266875,0.10301065352266875,0.0,0
0.5,24.603836530442035,0.03619849367761101,0.03619849367761101,0.0,0.11163294928927692,0.11163294928927692,0.0,0
0.5,24.687239366138446,0.043636022098531575,0.043636022098531575,0.0,0.11682126476640665,0.11682126476640665,0.0,0
0.5,24.77064220183486,0.05088726338921836,0.05088726338921836,0.0,0.11931795762335652,0.11931795762335652,0.0,0
0.5,24.854045037531275,0.05784441347779713,0.05784441347779713,0.0,0.11994663822844175,0.11994663822844175,0.0,0
0.5,24.937447873227686,0.0644542395142735,0.0644542395142735,0.0,0.11939560181988777,0.11939560181988777,0.0,0
0.5,25.0208507089241,0.07069676843314314,0.07069676843314314,0.0,0.11817067834029144,0.11817067834029144,0.0,0
0.5,25.104253544620516,0.07657082898970341,0.07657082898970341,0.0,0.11661948371918648,0.11661948371918648,0.0,0
0.5,25.18765638031693,0.08208519762601428,0.08208519762601428,0.0,0.11497229134905922,0.11497229134905922,0.0,0
0.5,25.27105921601334,0.08725349791224415,0.08725349791224415,0.0,0.11337854077073344,0.11337854077073344,0.0,0
0.5,25.354462051709756,0.09209138720473521,0.09209138720473521,0.0,0.11193412130294537,0.11193412130294537,0.0,0
0.5,25.43786488740617,0.09661507099023045,0.09661507099023045,0.0,0.11070026917902609,0.11070026917902609,0.0,0
0.5,25.521267723102582,0.060433012617241995,0.060433012617241995,0.0,0.05477657880805814,0.05477657880805814,0.0,0
0.5,25.604670558798997,0.0640066564924078,0.0640066564924078,0.0,0.055269369496399406,0.055269369496399406,0.0,0
0.5,25.68807339449541,0.06740631963302605,0.06740631963302605,0.0,0.05587508973626759,0.05587508973626759,0.0,0
0.5,25.771476230191823,0.0706039185253968,0.0706039185253968,0.0,0.05662578442695912,0.05662578442695912,0.0,0
0.5,25.854879065888237,0.07358330838849214,0.07358330838849214,0.0,0.05754864100959236,0.05754864100959236,0.0,0
0.5,25.938281901584652,0.07633612262506966,0.07633612262506966,0.0,0.05866655022661143,0.05866655022661143,0.0,0
0.5,26.021684737281067,0.07885914960033598,0.07885914960033598,0.0,0.05999897410032032,0.05999897410032032,0.0,0
0.5,26.105087572977478,0.08115268206751086,0.08115268206751086,0.0,0.06156294841876295,0.06156294841876295,0.0,0
0.5,26.188490408673893,0.08321948926345775,0.08321948926345775,0.0,0.06337414270354308,0.06337414270354308,0.0,0
0.5,26.271893244370307,0.08506419630213108,0.08506419630213108,0.0,0.06544794719172796,0.06544794719172796,0.0,0
0.5,26.35529608006672,0.08669293883046676,0.08669293883046676,0.0,0.06780058210677767,0.06780058210677767,0.0,0
0.5,26.438698915763133,0.08811321278755949,0.08811321278755949,0.0,0.07045024265481521,0.07045024265481521,0.0,0
0.5,26.522101751459548,0.08933387198044825,0.08933387198044825,0.0,0.07341830963304054,0.07341830963304054,0.0,0
0.5,26.605504587155963,0.09036524763019825,0.09036524763019825,0.0,0.07673067283000942,0.07673067283000942,0.0,0
0.5,26.688907422852374,0.09121937857638296,0.09121937857638296,0.0,0.08041923387979873,0.08041923387979873,0.0,0
0.5,26.77231025854879,0.09191035108896539,0.09191035108896539,0.0,0.08452367803557129,0.08452367803557129,0.0,0
0.5,26.855713094245203,0.09245475459959214,0.09245475459959214,0.0,0.08909363162342746,0.08909363162342746,0.0,0
0.5,26.939115929941615,0.09287226451610926,0.09287226451610926,0.0,0.09419135455448574,0.09419135455448574,0.0,0
0.5,27.02251876563803,0.09318636498052406,0.09318636498052406,0.0,0.09989515443793955,0.09989515443793955,0.0,0
0.5,27.105921601334444,0.09342522092967602,0.09342522092967602,0.0,0.1063037451861011,0.1063037451861011,0.0,0
0.5,27.189324437030855,0.09362269588745725,0.09362269588745725,0.0,0.11354179183345675,0.11354179183345675,0.0,0
0.5,27.27272727272727,0.09381948176085532,0.09381948176085532,0.0,0.12176684156946484,0.12176684156946484,0.0,0
0.5,27.356130108423685,0.09406424608003532,0.09406424608003532,0.0,0.13117763647775169,0.13117763647775169,0.0,0
0.5,27.4395329441201,0.09441458894269975,0.09441458894269975,0.0,0.14202320426125867,0.14202320426125867,0.0,0
0.5,27.52293577981651,0.045852103351147575,0.045852103351147575,0.0,0.07176656974257854,0.07176656974257854,0.0,0
0.5,27.606338615512925,0.04322130415867547,0.04322130415867547,0.0,0.07636190175103126,0.07636190175103126,0.0,0
0.5,27.68974145120934,0.04057266538464259,0.04057266538464259,0.0,0.08131353227285393,0.08131353227285393,0.0,0
0.5,27.77314428690575,0.0380236577947703,0.0380236577947703,0.0,0.08675434031598678,0.08675434031598678,0.0,0
0.5,27.856547122602166,0.03575037141968358,0.03575037141968358,0.0,0.09293107371484316,0.09293107371484316,0.0,0
0.5,27.93994995829858,0.034004795629623226,0.034004795629623226,0.0,0.10023087720022344,0.10023087720022344,0.0,0
0.5,28.023352793994995,0.03311368426576371,0.03311368426576371,0.0,0.10908589824459622,0.10908589824459622,0.0,0
0.5,28.106755629691406,0.03342608551498579,0.03342608551498579,0.0,0.11961828035792639,0.11961828035792639,0.0,0
0.5,28.19015846538782,0.03519473779685844,0.03519473779685844,0.0,0.13113272602038079,0.13113272602038079,0.0,0
0.5,28.273561301084236,0.038454237405570066,0.038454237405570066,0.0,0.14204679356445002,0.14204679356445002,0.0,0
0.5,28.356964136780647,0.04300239050069944,0.04300239050069944,0.0,0.15064714733701132,0.15064714733701132,0.0,0
0.5,28.44036697247706,0.04849778981708394,0.04849778981708394,0.0,0.15600651282997588,0.15600651282997588,0.0,0
0.5,28.523769808173476,0.05458300632999168,0.05458300632999168,0.0,0.15820131448874059,0.15820131448874059,0.0,0
0.5,28.60717264386989,0.060960044875942254,0.060960044875942254,0.0,0.15790838863559678,0.15790838863559678,0.0,0
0.5,28.690575479566302,0.06741122365887339,0.06741122365887339,0.0,0.15593752416889653,0.15593752416889653,0.0,0
0.5,28.773978315262717,0.07378988313356681,0.07378988313356681,0.0,0.152978135895374,0.152978135895374,0.0,0
0.5,28.85738115095913,0.08000234154447906,0.08000234154447906,0.0,0.14953307963340687,0.14953307963340687,0.0,0
0.5,28.940783986655543,0.08599128671381041,0.08599128671381041,0.0,0.14593990927456904,0.14593990927456904,0.0,0
0.5,29.024186822351957,0.09172336851176284,0.09172336851176284,0.0,0.1424145372256842,0.1424145372256842,0.0,0
0.5,29.107589658048372,0.09718072464078956,0.09718072464078956,0.0,0.13909091207400198,0.13909091207400198,0.0,0
0.5,29.190992493744783,0.10235542761202754,0.10235542761202754,0.0,0.13605034825213463,0.13605034825213463,0.0,0
0.5,29.274395329441198,0.10724591269925983,0.10724591269925983,0.0,0.13334138004734214,0.13334138004734214,0.0,0
0.5,29.357798165137613,0.11185469830796614,0.11185469830796614,0.0,0.130992641780414,0.130992641780414,0.0,0
0.5,29.441201000834027,0.08209940288810882,0.08209940288810882,0.0,0.07482532342650314,0.07482532342650314,0.0,0
0.5,29.52460383653044,0.08600497923716659,0.08600497923716659,0.0,0.07497609309357767,0.07497609309357767,0.0,0
0.5,29.608006672226853,0.08964018297471359,0.08964018297471359,0.0,0.07522117811151327,0.07522117811151327,0.0,0
0.5,29.691409507923268,0.09299616863045201,0.09299616863045201,0.0,0.07560748280147202,0.07560748280147202,0.0,0
0.5,29.77481234361968,0.09606932595419844,0.09606932595419844,0.0,0.07617369715461328,0.07617369715461328,0.0,0
0.5,29.858215179316094,0.09885954931637589,0.09885954931637589,0.0,0.07695230860990654,0.07695230860990654,0.0,0
0.5,29.94161801501251,0.10136913106011301,0.10136913106011301,0.0,0.07797119187542967,0.07797119187542967,0.0,0
0.5,30.025020850708923,0.10360206505945639,0.10360206505945639,0.0,0.0792549180447843,0.0792549180447843,0.0,0
0.5,30.108423686405335,0.10556362655319806,0.10556362655319806,0.0,0.08082589486192343,0.08082589486192343,0.0,0
0.5,30.19182652210175,0.10726014463019179,0.10726014463019179,0.0,0.08270542402257675,0.08270542402257675,0.0,0
0.5,30.275229357798164,0.10869891590632322,0.10869891590632322,0.0,0.08491474126320077,0.08491474126320077,0.0,0
0.5,30.358632193494575,0.10988822902763623,0.10988822902763623,0.0,0.08747609161597264,0.08747609161597264,0.0,0
0.5,30.44203502919099,0.11083748401985208,0.11083748401985208,0.0,0.09041388595701587,0.09041388595701587,0.0,0
0.5,30.525437864887405,0.11155740087938092,0.11155740087938092,0.0,0.09375598591239453,0.09375598591239453,0.0,0
0.5,30.608840700583816,0.1120603198387685,0.1120603198387685,0.0,0.09753517223378445,0.09753517223378445,0.0,0
0.5,30.69224353628023,0.11236060245653626,0.11236060245653626,0.0,0.10179086680996102,0.10179086680996102,0.0,0
0.5,30.775646371976645,0.11247514861430039,0.11247514861430039,0.0,0.10657120046357038,0.10657120046357038,0.0,0
0.5,30.85904920767306,0.11242404973744619,0.11242404973744619,0.0,0.1119355473386661,0.1119355473386661,0.0,0
0.5,30.94245204336947,0.11223140259318973,0.11223140259318973,0.0,0.11795768076888427,0.11795768076888427,0.0,0
0.5,31.025854879065886,0.11192630944713608,0.11192630944713608,0.0,0.12472974067138116,0.12472974067138116,0.0,0
0.5,31.1092577147623,0.11154408618280921,0.11154408618280921,0.0,0.13236722631057346,0.13236722631057346,0.0,0
0.5,31.19266055045871,0.11112768446101136,0.11112768446101136,0.0,0.14101520919476668,0.14101520919476668,0.0,0
0.5,31.276063386155126,0.11072929664316253,0.11072929664316253,0.0,0.15085582440632908,0.15085582440632908,0.0,0
0.5,31.35946622185154,0.11041203473672326,0.11041203473672326,0.0,0.16211667717648595,0.16211667717648595,0.0,0
0.5,31.442869057547956,0.06260931263158831,0.06260931263158831,0.0,0.09655475409287473,0.09655475409287473,0.0,0
0.5,31.526271893244367,0.05907713562512465,0.05907713562512465,0.0,0.10257978107103964,0.10257978107103964,0.0,0
0.5,31.60967472894078,0.0555047878731174,0.0555047878731174,0.0,0.1091120308627188,0.1091120308627188,0.0,0
0.5,31.693077564637196,0.05203219223279406,0.05203219223279406,0.0,0.1162741386979039,0.1162741386979039,0.0,0
0.5,31.776480400333607,0.04886569093813738,0.04886569093813738,0.0,0.12426711530821724,0.12426711530821724,0.0,0
0.5,31.859883236030022,0.04629641147161688,0.04629641147161688,0.0,0.13338990841421025,0.13338990841421025,0.0,0
0.5,31.943286071726437,0.04470065052221546,0.04470065052221546,0.0,0.14398224212915023,0.14398224212915023,0.0,0
0.5,32.02668890742285,0.044490662233077086,0.044490662233077086,0.0,0.1561766011547463,0.1561766011547463,0.0,0
0.5,32.11009174311926,0.04599491192848002,0.04599491192848002,0.0,0.16944813844955536,0.16944813844955536,0.0,0
0.5,32.193494578815674,0.04931566830666598,0.04931566830666598,0.0,0.1823353017438158,0.1823353017438158,0.0,0
0.5,32.27689741451209,0.054275648513218054,0.054275648513218054,0.0,0.19288802003093417,0.19288802003093417,0.0,0
0.5,32.3603002502085,0.06050076659920039,0.06050076659920039,0.0,0.19966984579772154,0.19966984579772154,0.0,0
0.5,32.44370308590492,0.06756157545291674,0.06756157545291674,0.0,0.202370122906496,0.202370122906496,0.0,0
0.5,32.52710592160133,0.07507828665488102,0.07507828665488102,0.0,0.20159825303951615,0.20159825303951615,0.0,0
0.5,32.610508757297744,0.08276129037220933,0.08276129037220933,0.0,0.1983177739014356,0.1983177739014356,0.0,0
0.5,32.69391159299416,0.09040779651710813,0.09040779651710813,0.0,0.19342368923632172,0.19342368923632172,0.0,0
0.5,32.77731442869057,0.09788146402328418,0.09788146402328418,0.0,0.18757608033667797,0.18757608033667797,0.0,0
0.5,32.860717264386984,0.1050905468980667,0.1050905468980667,0.0,0.1811928397643349,0.1811928397643349,0.0,0
0.5,32.9441201000834,0.11196997657111057,0.11196997657111057,0.0,0.1744999554411494,0.1744999554411494,0.0,0
0.5,33.027522935779814,0.11846789849409868,0.11846789849409868,0.0,0.16758659098613007,0.16758659098613007,0.0,0
0.5,33.110925771476225,0.12453563027764372,0.12453563027764372,0.0,0.16044556784600714,0.16044556784600714,0.0,0
0.5,33.19432860717264,0.13011980116190563,0.13011980116190563,0.0,0.15299274069176622,0.15299274069176622,0.0,0
0.5,33.277731442869054,0.13515556556265063,0.13515556556265063,0.0,0.14506022173679756,0.14506022173679756,0.0,0
0.5,33.361134278565466,0.0972709189602942,0.0972709189602942,0.0,0.08112203907561139,0.08112203907561139,0.0,0
0.5,33.444537114261884,0.10007997847798286,0.10007997847798286,0.0,0.07304860858272087,0.07304860858272087,0.0,0
0.5,33.527939949958295,0.10169485095632996,0.10169485095632996,0.0,0.06309939724309861,0.06309939724309861,0.0,0
0.5,33.611342785654706,0.10181505752410717,0.10181505752410717,0.0,0.055294673498297975,0.055294673498297975,0.0,0
0.5,33.694745621351124,0.10032888483856074,0.10032888483856074,0.0,0.0950239475589687,0.0950239475589687,0.0,0
0.5,33.778148457047536,0.11571865821318454,0.11571865821318454,0.0,0.5820908026882279,0.5820908026882279,0.0,0
0.5,33.861551292743954,0.14134271458427555,0.14134271458427555,0.0,0.40655687895014087,0.40655687895014087,0.0,0
0.5,33.944954128440365,0.16127783222930248,0.16127783222930248,0.0,0.35189226421939596,0.35189226421939596,0.0,0
0.5,34.028356964136776,0.1792691898263507,0.1792691898263507,0.0,0.3165347653780086,0.3165347653780086,0.0,0
0.5,34.111759799833195,0.19566245814452438,0.19566245814452438,0.0,0.28910379303437017,0.28910379303437017,0.0,0
0.5,34.195162635529606,0.21052091798376885,0.21052091798376885,0.0,0.2663149770534191,0.2663149770534191,0.0,0
0.5,34.27856547122602,0.2238777162868477,0.2238777162868477,0.0,0.24686024830532677,0.24686024830532677,0.0,0
0.5,34.361968306922435,0.23577135507443014,0.23577135507443014,0.0,0.23011028521071925,0.23011028521071925,0.0,0
0.5,34.445371142618846,0.24624821016721019,0.24624821016721019,0.0,0.21572392442009833,0.21572392442009833,0.0,0
0.5,34.52877397831526,0.2553604284665519,0.2553604284665519,0.0,0.2035040396526459,0.2035040396526459,0.0,0
0.5,34.612176814011676,0.2631642491118103,0.2631642491118103,0.0,0.19333228634590585,0.19333228634590585,0.0,0
0.5,34.69557964970809,0.2697193394868204,0.2697193394868204,0.0,0.18513084733781088,0.18513084733781088,0.0,0
0.5,34.7789824854045,0.27508893129259726,0.27508893129259726,0.0,0.17883378125879867,0.17883378125879867,0.0,0
0.5,34.862385321100916,0.2793404826277524,0.2793404826277524,0.0,0.1743627561607772,0.1743627561607772,0.0,0
0.5,34.94578815679733,0.2825466365015464,0.2825466365015464,0.0,0.17160705029506626,0.17160705029506626,0.0,0
0.5,35.02919099249374,0.28478625501111837,0.28478625501111837,0.0,0.17040992670326535,0.17040992670326535,0.0,0
0.5,35.11259382819016,0.2861452682360754,0.2861452682360754,0.0,0.17056390370324112,0.17056390370324112,0.0,0
0.5,35.19599666388657,0.28671701837270364,0.28671701837270364,0.0,0.1718164653528522,0.1718164653528522,0.0,0
0.5,35.279399499582986,0.28660176167842866,0.28660176167842866,0.0,0.17388587771392167,0.17388587771392167,0.0,0
0.5,35.3628023352794,0.25772917896275604,0.25772917896275604,0.0,0.1655644033927384,0.1655644033927384,0.0,0
0.5,35.44620517097581,0.25640047747707495,0.25640047747707495,0.0,0.16922403145647566,0.16922403145647566,0.0,0
0.5,35.52960800667223,0.2547279072545151,0.2547279072545151,0.0,0.1728316033796308,0.1728316033796308,0.0,0
0.5,35.61301084236864,0.25281917606380516,0.25281917606380516,0.0,0.1762298147408965,0.1762298147408965,0.0,0
0.5,35.69641367806505,0.25077446881625537,0.25077446881625537,0.0,0.1793264307033861,0.1793264307033861,0.0,0
0.5,35.77981651376147,0.2486842081421677,0.2486842081421677,0.0,0.1820863853646789,0.1820863853646789,0.0,0
0.5,35.86321934945788,0.24662802247524782,0.24662802247524782,0.0,0.18451826068524302,0.18451826068524302,0.0,0
0.5,35.94662218515429,0.24467476406405658,0.24467476406405658,0.0,0.1866593852855623,0.1866593852855623,0.0,0
0.5,36.03002502085071,0.24288324329872416,0.24288324329872416,0.0,0.18856265967158137,0.18856265967158137,0.0,0
0.5,36.11342785654712,0.24130332459339496,0.24130332459339496,0.0,0.19028656859400303,0.19028656859400303,0.0,0
0.5,36.19683069224353,0.2399771037286257,0.2399771037286257,0.0,0.19188851814565408,0.19188851814565408,0.0,0
0.5,36.28023352793995,0.23893999017125273,0.23893999017125273,0.0,0.1934209225797083,0.1934209225797083,0.0,0
0.5,36.36363636363636,0.23822160859088543,0.23822160859088543,0.0,0.1949292600845778,0.1949292600845778,0.0,0
0.5,36.44703919933277,0.23784649690127213,0.23784649690127213,0.0,0.19645139432237974,0.19645139432237974,0.0,0
0.5,36.53044203502919,0.2378346152474585,0.2378346152474585,0.0,0.19801763720092114,0.19801763720092114,0.0,0
0.5,36.6138448707256,0.23820169875774408,0.23820169875774408,0.0,0.19965120687625945,0.19965120687625945,0.0,0
0.5,36.69724770642202,0.2389594938130239,0.2389594938130239,0.0,0.20136887450606028,0.20136887450606028,0.0,0
0.5,36.78065054211843,0.2401159182002676,0.2401159182002676,0.0,0.20318168853644236,0.20318168853644236,0.0,0
0.5,36.86405337781484,0.2416751828427038,0.2416751828427038,0.0,0.20509572419792324,0.20509572419792324,0.0,0
0.5,36.94745621351126,0.24363790836986476,0.24363790836986476,0.0,0.20711283886524465,0.20711283886524465,0.0,0
0.5,37.03085904920767,0.24600126428501085,0.24600126428501085,0.0,0.20923142990492904,0.20923142990492904,0.0,0
0.5,37.11426188490408,0.24875915220011624,0.24875915220011624,0.0,0.21144719703516868,0.21144719703516868,0.0,0
0.5,37.1976647206005,0.25190244773521997,0.25190244773521997,0.0,0.21375391036307628,0.21375391036307628,0.0,0
0.5,37.28106755629691,0.24742244864442337,0.24742244864442337,0.0,0.23117925026545297,0.23117925026545297,0.0,0
0.5,37.36447039199332,0.2516313561633053,0.2516313561633053,0.0,0.2335597372943144,0.2335597372943144,0.0,0
0.5,37.44787322768974,0.2561053428444967,0.2561053428444967,0.0,0.23591177531190943,0.23591177531190943,0.0,0
0.5,37.53127606338615,0.2608199609641884,0.2608199609641884,0.0,0.23822376053430486,0.23822376053430486,0.0,0
0.5,37.61467889908256,0.26575128333934733,0.26575128333934733,0.0,0.2404870510647619,0.2404870510647619,0.0,0
0.5,37.69808173477898,0.27087648454785557,0.27087648454785557,0.0,0.2426966322601483,0.2426966322601483,0.0,0
0.5,37.78148457047539,0.2761743575553568,0.2761743575553568,0.0,0.2448516219924599,0.2448516219924599,0.0,0
0.5,37.8648874061718,0.2816257478284756,0.2816257478284756,0.0,0.24695559210804108,0.24695559210804108,0.0,0
0.5,37.94829024186822,0.28721389023903654,0.28721389023903654,0.0,0.24901669088059758,0.24901669088059758,0.0,0
0.5,38.03169307756463,0.29292463807777275,0.29292463807777275,0.0,0.25104756125730204,0.25104756125730204,0.0,0
0.5,38.11509591326105,0.2987465780401832,0.2987465780401832,0.0,0.25306506026560577,0.25306506026560577,0.0,0
0.5,38.19849874895746,0.3046710298267648,0.3046710298267648,0.0,0.25508979513228064,0.25508979513228064,0.0,0
0.5,38.28190158465387,0.31069193371398873,0.31069193371398873,0.0,0.2571455006282358,0.2571455006282358,0.0,0
0.5,38.36530442035029,0.3168056338243952,0.3168056338243952,0.0,0.2592582892505648,0.2592582892505648,0.0,0
0.5,38.4487072560467,0.32301056862626315,0.32301056862626315,0.0,0.2614558106783051,0.2614558106783051,0.0,0
0.5,38.532110091743114,0.32930688326071494,0.32930688326071494,0.0,0.2637663593154225,0.2637663593154225,0.0,0
0.5,38.61551292743953,0.3356959805298144,0.3356959805298144,0.0,0.26621796869323094,0.26621796869323094,0.0,0
0.5,38.69891576313594,0.3421800287499864,0.3421800287499864,0.0,0.2688375292398049,0.2688375292398049,0.0,0
0.5,38.782318598832354,0.34876144520202496,0.34876144520202496,0.0,0.2716499617581754,0.2716499617581754,0.0,0
0.5,38.86572143452877,0.35544237365623704,0.35544237365623704,0.0,0.2746774733067215,0.2746774733067215,0.0,0
0.5,38.949124270225184,0.36222417351478137,0.36222417351478137,0.0,0.27793891553466943,0.27793891553466943,0.0,0
0.5,39.032527105921595,0.3691069366101577,0.3691069366101577,0.0,0.2814492584308015,0.2814492584308015,0.0,0
0.5,39.11592994161801,0.3760890457587905,0.3760890457587905,0.0,0.28521918544743724,0.28521918544743724,0.0,0
0.5,39.199332777314424,0.3831667869264132,0.3831667869264132,0.0,0.2892548095904964,0.2892548095904964,0.0,0
0.5,39.28273561301084,0.37537553382283656,0.37537553382283656,0.0,0.2924150808309841,0.2924150808309841,0.0,0
0.5,39.366138448707254,0.381163601918108,0.381163601918108,0.0,0.29522192102705674,0.29522192102705674,0.0,0
0.5,39.449541284403665,0.38703516090253914,0.38703516090253914,0.0,0.29831699548116747,0.29831699548116747,0.0,0
0.5,39.53294412010008,0.39298040858256916,0.39298040858256916,0.0,0.30169380301216675,0.30169380301216675,0.0,0
0.5,39.616346955796494,0.398985986612216,0.398985986612216,0.0,0.30534041374884924,0.30534041374884924,0.0,0
0.5,39.699749791492906,0.40503502422947757,0.40503502422947757,0.0,0.3092396887005641,0.3092396887005641,0.0,0
0.5,39.783152627189324,0.41110726807231823,0.41110726807231823,0.0,0.31336958080568517,0.31336958080568517,0.0,0
0.5,39.866555462885735,0.41717929253372693,0.41717929253372693,0.0,0.31770350729790475,0.31770350729790475,0.0,0
0.5,39.949958298582146,0.42322478351180653,0.42322478351180653,0.0,0.32221078413409254,0.32221078413409254,0.0,0
0.5,40.033361134278564,0.42921488710920425,0.42921488710920425,0.0,0.326857114269286,0.326857114269286,0.0,0
0.5,40.116763969974976,0.43511861382044315,0.43511861382044315,0.0,0.3316051224632656,0.3316051224632656,0.0,0
0.5,40.20016680567139,0.440903287995389,0.440903287995389,0.0,0.3364149298431827,0.3364149298431827,0.0,0
0.5,40.283569641367805,0.4465350318650735,0.4465350318650735,0.0,0.3412447615095508,0.3412447615095508,0.0,0
0.5,40.366972477064216,0.45197927315326863,0.45197927315326863,0.0,0.3460515800505817,0.3460515800505817,0.0,0
0.5,40.45037531276063,0.45720126527255717,0.45720126527255717,0.0,0.350791737016292,0.350791737016292,0.0,0
0.5,40.533778148457046,0.462166609321839,0.462166609321839,0.0,0.3554216333701383,0.3554216333701383,0.0,0
0.5,40.61718098415346,0.46684176756800466,0.46684176756800466,0.0,0.35989837889396886,0.35989837889396886,0.0,0
0.5,40.700583819849875,0.4711945588049487,0.4711945588049487,0.0,0.3641804396831718,0.3641804396831718,0.0,0
0.5,40.783986655546286,0.47519462692188885,0.47519462692188885,0.0,0.3682282624068065,0.3682282624068065,0.0,0
0.5,40.8673894912427,0.47881387514681095,0.47881387514681095,0.0,0.37200486403063754,0.37200486403063754,0.0,0
0.5,40.950792326939116,0.48202685970762543,0.48202685970762543,0.0,0.37547637623757035,0.37547637623757035,0.0,0
0.5,41.03419516263553,0.4848111380082367,0.4848111380082367,0.0,0.3786125347812501,0.3786125347812501,0.0,0
0.5,41.11759799833194,0.4871475677759942,0.4871475677759942,0.0,0.38138710536357434,0.38138710536357434,0.0,0
0.5,41.201000834028356,0.4523304595415698,0.4523304595415698,0.0,0.36035012378905784,0.36035012378905784,0.0,0
0.5,41.28440366972477,0.45304530456049147,0.45304530456049147,0.0,0.36172176480096163,0.36172176480096163,0.0,0
0.5,41.36780650542118,0.45333303374246214,0.45333303374246214,0.0,0.36274490215554767,0.36274490215554767,0.0,0
0.5,41.4512093411176,0.4531909096985446,0.4531909096985446,0.0,0.36341298498067104,0.36341298498067104,0.0,0
0.5,41.53461217681401,0.4526204074118024,0.4526204074118024,0.0,0.36372470299882353,0.36372470299882353,0.0,0
0.5,41.61801501251042,0.4516271861898486,0.4516271861898486,0.0,0.36368389873252766,0.36368389873252766,0.0,0
0.5,41.70141784820684,0.4502210068151612,0.4502210068151612,0.0,0.36329938389039307,0.36329938389039307,0.0,0
0.5,41.78482068390325,0.44841559704373796,0.44841559704373796,0.0,0.36258466401068806,0.36258466401068806,0.0,0
0.5,41.86822351959966,0.44622846897409213,0.44622846897409213,0.0,0.36155757715211734,0.36155757715211734,0.0,0
0.5,41.95162635529608,0.44368069211435435,0.44368069211435435,0.0,0.36023985420324367,0.36023985420324367,0.0,0
0.5,42.03502919099249,0.440796626212346,0.440796626212346,0.0,0.3586566101995969,0.3586566101995969,0.0,0
0.5,42.11843202668891,0.43760361807063763,0.43760361807063763,0.0,0.3568357778229252,0.3568357778229252,0.0,0
0.5,42.20183486238532,0.4341316666347482,0.4341316666347482,0.0,0.3548074959193495,0.3548074959193495,0.0,0
0.5,42.28523769808173,0.43041306061699447,0.43041306061699447,0.0,0.35260346731623804,0.35260346731623804,0.0,0
0.5,42.36864053377815,0.4264819928187072,0.4264819928187072,0.0,0.3502563013574035,0.3502563013574035,0.0,0
0.5,42.45204336947456,0.4223741551846342,0.4223741551846342,0.0,0.34779885735606336,0.34779885735606336,0.0,0
0.5,42.53544620517097,0.4181263185369417,0.4181263185369417,0.0,0.3452636055594349,0.3452636055594349,0.0,0
0.5,42.61884904086739,0.4137759009861889,0.4137759009861889,0.0,0.34268202222906324,0.34268202222906324,0.0,0
0.5,42.7022518765638,0.4093605293054999,0.4093605293054999,0.0,0.3400840350796461,0.3400840350796461,0.0,0
0.5,42.78565471226021,0.40491759817184775,0.40491759817184775,0.0,0.3374975345893252,0.3374975345893252,0.0,0
0.5,42.86905754795663,0.4004838331780446,0.4004838331780446,0.0,0.3349479655704607,0.3349479655704607,0.0,0
0.5,42.95246038365304,0.3960948648912522,0.3960948648912522,0.0,0.33245801180583845,0.33245801180583845,0.0,0
0.5,43.03586321934945,0.3917848228851251,0.3917848228851251,0.0,0.33004738440809295,0.33004738440809295,0.0,0
0.5,43.11926605504587,0.38758596041609666,0.38758596041609666,0.0,0.32773272173210766,0.32773272173210766,0.0,0
0.5,43.20266889074228,0.358128904228505,0.358128904228505,0.0,0.3180208084086963,0.3180208084086963,0.0,0
0.5,43.28607172643869,0.35537606169862235,0.35537606169862235,0.0,0.31688556160599407,0.31688556160599407,0.0,0
0.5,43.36947456213511,0.3528330373073358,0.3528330373073358,0.0,0.3158443291393981,0.3158443291393981,0.0,0
0.5,43.45287739783152,0.3505095463561924,0.3505095463561924,0.0,0.3148912491763358,0.3148912491763358,0.0,0
0.5,43.53628023352794,0.34841212914819647,0.34841212914819647,0.0,0.3140194150759175,0.3140194150759175,0.0,0
0.5,43.61968306922435,0.3465444842827302,0.3465444842827302,0.0,0.3132216010693722,0.3132216010693722,0.0,0
0.5,43.70308590492076,0.3449079120785888,0.3449079120785888,0.0,0.31249098065992764,0.31249098065992764,0.0,0
0.5,43.78648874061718,0.3435018496610878,0.3435018496610878,0.0,0.31182180109797747,0.31182180109797747,0.0,0
0.5,43.86989157631359,0.34232447367974705,0.34232447367974705,0.0,0.3112099811047691,0.3112099811047691,0.0,0
0.5,43.95329441201,0.34137334274651143,0.34137334274651143,0.0,0.31065360514754914,0.31065360514754914,0.0,0
0.5,44.03669724770642,0.3406460498191525,0.3406460498191525,0.0,0.3101532953511044,0.3101532953511044,0.0,0
0.5,44.12010008340283,0.34014085495524177,0.34014085495524177,0.0,0.3097124507543966,0.3097124507543966,0.0,0
0.5,44.20350291909924,0.33985727093720347,0.33985727093720347,0.0,0.30933735224827397,0.30933735224827397,0.0,0
0.5,44.28690575479566,0.33979657784030787,0.33979657784030787,0.0,0.30903713940952066,0.30903713940952066,0.0,0
0.5,44.37030859049207,0.33996224720294305,0.33996224720294305,0.0,0.30882367199883404,0.30882367199883404,0.0,0
0.5,44.453711426188484,0.34036026156795723,0.34036026156795723,0.0,0.30871129375598466,0.30871129375598466,0.0,0
0.5,44.5371142618849,0.3409993203608093,0.3409993203608093,0.0,0.3087165191694544,0.3087165191694544,0.0,0
0.5,44.62051709758131,0.3418909280272524,0.3418909280272524,0.0,0.30885766518251734,0.30885766518251734,0.0,0
0.5,44.703919933277724,0.3430493648674205,0.3430493648674205,0.0,0.30915444953340865,0.30915444953340865,0.0,0
0.5,44.78732276897414,0.3444915449871637,0.3444915449871637,0.0,0.3096275759150958,0.3096275759150958,0.0,0
0.5,44.870725604670554,0.346236769240869,0.346236769240869,0.0,0.3102983237177862,0.3102983237177862,0.0,0
0.5,44.95412844036697,0.34830638401019987,0.34830638401019987,0.0,0.3111881571149334,0.3111881571149334,0.0,0
0.5,45.03753127606338,0.35072335920525327,0.35072335920525327,0.0,0.3123183649641182,0.3123183649641182,0.0,0
0.5,45.120934111759794,0.3502372603078538,0.3502372603078538,0.0,0.3190025284964062,0.3190025284964062,0.0,0
0.5,45.20433694745621,0.3527314211473302,0.3527314211473302,0.0,0.31987455194023745,0.31987455194023745,0.0,0
0.5,45.287739783152624,0.3555814081359897,0.3555814081359897,0.0,0.3210235802624952,0.3210235802624952,0.0,0
0.5,45.371142618849035,0.358819725444979,0.358819725444979,0.0,0.32247286158180666,0.32247286158180666,0.0,0
0.5,45.45454545454545,0.36247806415516765,0.36247806415516765,0.0,0.32424411650940166,0.32424411650940166,0.0,0
0.5,45.537948290241864,0.3665866475345442,0.3665866475345442,0.0,0.32635740692210796,0.32635740692210796,0.0,0
0.5,45.621351125938276,0.371173607931862,0.371173607931862,0.0,0.32883103804390695,0.32883103804390695,0.0,0
0.5,45.704753961634694,0.376264413097676,0.376264413097676,0.0,0.33168148795781827,0.33168148795781827,0.0,0
0.5,45.788156797331105,0.381881357727079,0.381881357727079,0.0,0.3349233582315101,0.3349233582315101,0.0,0
0.5,45.871559633027516,0.38804313291123194,0.38804313291123194,0.0,0.338569339123519,0.338569339123519,0.0,0
0.5,45.954962468723934,0.39476448218446836,0.39476448218446836,0.0,0.34263018283679,0.34263018283679,0.0,0
0.5,46.038365304420346,0.4020559482952366,0.4020559482952366,0.0,0.34711467850204947,0.34711467850204947,0.0,0
0.5,46.12176814011676,0.4099237101373984,0.4099237101373984,0.0,0.35202962300759805,0.35202962300759805,0.0,0
0.5,46.205170975813175,0.41836950490321,0.41836950490321,0.0,0.35737978244712443,0.35737978244712443,0.0,0
0.5,46.288573811509586,0.4273906268665308,0.4273906268665308,0.0,0.3631678398345463,0.3631678398345463,0.0,0
0.5,46.371976647206004,0.436979991578018,0.436979991578018,0.0,0.3693943258334494,0.3693943258334494,0.0,0
0.5,46.455379482902416,0.44712625281909596,0.44712625281909596,0.0,0.3760575305634198,0.3760575305634198,0.0,0
0.5,46.53878231859883,0.45781395943762193,0.45781395943762193,0.0,0.38315339606623194,0.38315339606623194,0.0,0
0.5,46.622185154295245,0.46902374006284125,0.46902374006284125,0.0,0.39067539072347085,0.39067539072347085,0.0,0
0.5,46.705587989991656,0.4807325054601216,0.4807325054601216,0.0,0.3986143687850099,0.3986143687850099,0.0,0
0.5,46.78899082568807,0.49291366066809933,0.49291366066809933,0.0,0.4069584201504799,0.4069584201504799,0.0,0
0.5,46.872393661384486,0.5055373217743647,0.5055373217743647,0.0,0.4156927175782843,0.4156927175782843,0.0,0
0.5,46.9557964970809,0.5185705349551515,0.5185705349551515,0.0,0.4247993704876385,0.4247993704876385,0.0,0
0.5,47.03919933277731,0.5319774979867758,0.5319774979867758,0.0,0.4342572963466776,0.4342572963466776,0.0,0
0.5,47.122602168473726,0.527204667710907,0.527204667710907,0.0,0.43727222284394657,0.43727222284394657,0.0,0
0.5,47.20600500417014,0.5406503089285736,0.5406503089285736,0.0,0.4468792840018768,0.4468792840018768,0.0,0
0.5,47.28940783986655,0.5543996707051508,0.5543996707051508,0.0,0.4567997230406795,0.4567997230406795,0.0,0
0.5,47.37281067556297,0.5684068761546452,0.5684068761546452,0.0,0.4669999556698024,0.4669999556698024,0.0,0
0.5,47.45621351125938,0.5826243159191249,0.5826243159191249,0.0,0.47744313960080903,0.47744313960080903,0.0,0
0.5,47.539616346955796,0.5970030071486871,0.5970030071486871,0.0,0.4880894096676821,0.4880894096676821,0.0,0
0.5,47.62301918265221,0.6114929736253505,0.6114929736253505,0.0,0.49889620351948927,0.49889620351948927,0.0,0
0.5,47.70642201834862,0.6260436473096191,0.6260436473096191,0.0,0.5098186775948509,0.5098186775948509,0.0,0
0.5,47.78982485404504,0.6406042890860839,0.6406042890860839,0.0,0.5208102072474643,0.5208102072474643,0.0,0
0.5,47.87322768974145,0.6551244237517795,0.6551244237517795,0.0,0.5318229585983736,0.5318229585983736,0.0,0
0.5,47.95663052543786,0.6695542815940688,0.6695542815940688,0.0,0.5428085134954929,0.5428085134954929,0.0,0
0.5,48.04003336113428,0.6838452365241219,0.6838452365241219,0.0,0.5537185235083787,0.5537185235083787,0.0,0
0.5,48.12343619683069,0.6979502289368532,0.6979502289368532,0.0,0.5645053648393612,0.5645053648393612,0.0,0
0.5,48.2068390325271,0.7118241604868816,0.7118241604868816,0.0,0.5751227639817085,0.5751227639817085,0.0,0
0.5,48.29024186822352,0.7254242479627984,0.7254242479627984,0.0,0.5855263643277284,0.5855263643277284,0.0,0
0.5,48.37364470391993,0.7387103244784076,0.7387103244784076,0.0,0.5956742069086828,0.5956742069086828,0.0,0
0.5,48.45704753961634,0.7516450782455559,0.7516450782455559,0.0,0.6055271039289928,0.6055271039289928,0.0,0
0.5,48.54045037531276,0.7641942221122249,0.7641942221122249,0.0,0.6150488913401867,0.6150488913401867,0.0,0
0.5,48.62385321100917,0.7763265906160275,0.7763265906160275,0.0,0.6242065557293306,0.6242065557293306,0.0,0
0.5,48.70725604670558,0.7880141652259599,0.7880141652259599,0.0,0.6329702404323957,0.6329702404323957,0.0,0
0.5,48.790658882402,0.7992320323989607,0.7992320323989607,0.0,0.6413131450972368,0.6413131450972368,0.0,0
0.5,48.87406171809841,0.809958282736182,0.809958282736182,0.0,0.6492113409999695,0.6492113409999695,0.0,0
0.5,48.95746455379483,0.8201738625889416,0.8201738625889416,0.0,0.6566435304583472,0.6566435304583472,0.0,0
0.5,49.04086738949124,0.8114171694078703,0.8114171694078703,0.0,0.6613893588854355,0.6613893588854355,0.0,0
0.5,49.12427022518765,0.8207165584326407,0.8207165584326407,0.0,0.6680933224876734,0.6680933224876734,0.0,0
0.5,49.20767306088407,0.8294660999309388,0.8294660999309388,0.0,0.6742619643279428,0.6742619643279428,0.0,0
0.5,49.29107589658048,0.8376527891525029,0.8376527891525029,0.0,0.6798759287232568,0.6798759287232568,0.0,0
0.5,49.37447873227689,0.8452656790723823,0.8452656790723823,0.0,0.684918071269701,0.684918071269701,0.0,0
0.5,49.45788156797331,0.8522957941087358,0.8522957941087358,0.0,0.6893736172417183,0.6893736172417183,0.0,0
0.5,49.54128440366972,0.8587360766402955,0.8587360766402955,0.0,0.6932303745427804,0.6932303745427804,0.0,0
0.5,49.62468723936613,0.8645813653456877,0.8645813653456877,0.0,0.6964789798723492,0.6964789798723492,0.0,0
0.5,49.70809007506255,0.8698284011677592,0.8698284011677592,0.0,0.6991131517686706,0.6991131517686706,0.0,0
0.5,49.79149291075896,0.8744758541086992,0.8744758541086992,0.0,0.7011299223646176,0.7011299223646176,0.0,0
0.5,49.87489574645537,0.8785243622762618,0.8785243622762618,0.0,0.7025298210947512,0.7025298210947512,0.0,0
0.5,49.95829858215179,0.8819765737153638,0.8819765737153638,0.0,0.7033169878118264,0.7033169878118264,0.0,0
0.5,50.0417014178482,0.8848371815564866,0.8848371815564866,0.0,0.7034991990578793,0.7034991990578793,0.0,0
0.5,50.12510425354461,0.8871129437862545,0.8871129437862545,0.0,0.7030877986398543,0.7030877986398543,0.0,0
0.5,50.20850708924103,0.8888126803256358,0.8888126803256358,0.0,0.702097531207006,0.702097531207006,0.0,0
0.5,50.29190992493744,0.8899472418834405,0.8899472418834405,0.0,0.7005462843667337,0.7005462843667337,0.0,0
0.5,50.37531276063386,0.8905294470294308,0.8905294470294308,0.0,0.6984547503873144,0.6984547503873144,0.0,0
0.5,50.45871559633027,0.890573985916047,0.890573985916047,0.0,0.6958460223773026,0.6958460223773026,0.0,0
0.5,50.54211843202668,0.890097290921243,0.890097290921243,0.0,0.6927451419266323,0.6927451419266323,0.0,0
0.5,50.6255212677231,0.8891173760817438,0.8891173760817438,0.0,0.6891786156847302,0.6891786156847302,0.0,0
0.5,50.70892410341951,0.8876536484749095,0.8876536484749095,0.0,0.6851739175211369,0.6851739175211369,0.0,0
0.5,50.792326939115924,0.885726695664645,0.885726695664645,0.0,0.6807589911179245,0.6807589911179245,0.0,0
0.5,50.87572977481234,0.883358053958827,0.883358053958827,0.0,0.6759617654387027,0.6759617654387027,0.0,0
0.5,50.95913261050875,0.8805699625602234,0.8805699625602234,0.0,0.6708096928233153,0.6708096928233153,0.0,0
0.5,51.042535446205164,0.8620065480665218,0.8620065480665218,0.0,0.6630785102795795,0.6630785102795795,0.0,0
0.5,51.12593828190158,0.8582740858467239,0.8582740858467239,0.0,0.6568274019940737,0.6568274019940737,0.0,0
0.5,51.209341117597994,0.8541821386761566,0.8541821386761566,0.0,0.6502904043385969,0.6502904043385969,0.0,0
0.5,51.292743953294405,0.849753346133181,0.849753346133181,0.0,0.6434886190710769,0.6434886190710769,0.0,0
0.5,51.37614678899082,0.845009658137511,0.845009658137511,0.0,0.6364404407889935,0.6364404407889935,0.0,0
0.5,51.459549624687234,0.8399721129829628,0.8399721129829628,0.0,0.6291613083294505,0.6291613083294505,0.0,0
0.5,51.542952460383646,0.8346606346847978,0.8346606346847978,0.0,0.6216634824327717,0.6216634824327717,0.0,0
0.5,51.626355296080064,0.8290938524733733,0.8290938524733733,0.0,0.6139558441490707,0.6139558441490707,0.0,0
0.5,51.709758131776475,0.8232889453973099,0.8232889453973099,0.0,0.6060437086563006,0.6060437086563006,0.0,0
0.5,51.79316096747289,0.8172615153986169,0.8172615153986169,0.0,0.5979286500344236,0.5979286500344236,0.0,0
0.5,51.876563803169304,0.8110254929549356,0.8110254929549356,0.0,0.5896083344326168,0.5896083344326168,0.0,0
0.5,51.959966638865716,0.8045930805232493,0.8045930805232493,0.0,0.5810763625366201,0.5810763625366201,0.0,0
0.5,52.043369474562134,0.7979747406413782,0.7979747406413782,0.0,0.5723221282316385,0.5723221282316385,0.0,0
0.5,52.126772310258545,0.7911792377152634,0.7911792377152634,0.0,0.5633307104128922,0.5633307104128922,0.0,0
0.5,52.210175145954956,0.784213745264174,0.784213745264174,0.0,0.5540828315396942,0.5540828315396942,0.0,0
0.5,52.293577981651374,0.7770840336139377,0.7770840336139377,0.0,0.5445549437698184,0.5445549437698184,0.0,0
0.5,52.376980817347786,0.7697947563360809,0.7697947563360809,0.0,0.5347195475290981,0.5347195475290981,0.0,0
0.5,52.4603836530442,0.7623498561280325,0.7623498561280325,0.0,0.5245459171542617,0.5245459171542617,0.0,0
0.5,52.543786488740615,0.7547531100598007,0.7547531100598007,0.0,0.514001515409845,0.514001515409845,0.0,0
0.5,52.627189324437026,0.7470088254847603,0.7470088254847603,0.0,0.5030545341550371,0.5030545341550371,0.0,0
0.5,52.71059216013344,0.7391226722897113,0.7391226722897113,0.0,0.4916782000843355,0.4916782000843355,0.0,0
0.5,52.793994995829856,0.7311025779879008,0.7311025779879008,0.0,0.47985768235773163,0.47985768235773163,0.0,0
0.5,52.87739783152627,0.722959492484709,0.722959492484709,0.0,0.4676004548749364,0.4676004548749364,0.0,0
0.5,52.96080066722268,0.6966948425215901,0.6966948425215901,0.0,0.4412997605697271,0.4412997605697271,0.0,0
0.5,53.044203502919096,0.6881773012462256,0.6881773012462256,0.0,0.4277988051621339,0.4277988051621339,0.0,0
0.5,53.12760633861551,0.6796012055270937,0.6796012055270937,0.0,0.4143567359139521,0.4143567359139521,0.0,0
0.5,53.211009174311926,0.6709533070352888,0.6709533070352888,0.0,0.401174281550406,0.401174281550406,0.0,0
0.5,53.29441201000834,0.662185583500337,0.662185583500337,0.0,0.38837238889775016,0.38837238889775016,0.0,0
0.5,53.37781484570475,0.6532048113829216,0.6532048113829216,0.0,0.37591160365322057,0.37591160365322057,0.0,0
0.5,53.461217681401166,0.6438726139989503,0.6438726139989503,0.0,0.3635729229455443,0.3635729229455443,0.0,0
0.5,53.54462051709758,0.6340186870735413,0.6340186870735413,0.0,0.35103200152831016,0.35103200152831016,0.0,0
0.5,53.62802335279399,0.6234620563118105,0.6234620563118105,0.0,0.33798670107154216,0.33798670107154216,0.0,0
0.5,53.71142618849041,0.6120316366401517,0.6120316366401517,0.0,0.3242638671432044,0.3242638671432044,0.0,0
0.5,53.79482902418682,0.5995810580016181,0.5995810580016181,0.0,0.30986870310338227,0.30986870310338227,0.0,0
0.5,53.87823185988323,0.5859987066319864,0.5859987066319864,0.0,0.29499514094821055,0.29499514094821055,0.0,0
0.5,53.96163469557965,0.5712173295217563,0.5712173295217563,0.0,0.28003744731901453,0.28003744731901453,0.0,0
0.5,54.04503753127606,0.5552282814369057,0.5552282814369057,0.0,0.2656361473097438,0.2656361473097438,0.0,0
0.5,54.12844036697247,0.5381056573805794,0.5381056573805794,0.0,0.25277716407649253,0.25277716407649253,0.0,0
0.5,54.21184320266889,0.5200466235351733,0.5200466235351733,0.0,0.24294464670142293,0.24294464670142293,0.0,0
0.5,54.2952460383653,0.5014366148182701,0.5014366148182701,0.0,0.23828544213599262,0.23828544213599262,0.0,0
0.5,54.37864887406171,0.48295099119803364,0.48295099119803364,0.0,0.24166000047394387,0.24166000047394387,0.0,0
0.5,54.46205170975813,0.4657050617141965,0.4657050617141965,0.0,0.2564007983932936,0.2564007983932936,0.0,0
0.5,54.54545454545454,0.45145233451839933,0.45145233451839933,0.0,0.2857733083166537,0.2857733083166537,0.0,0
0.5,54.62885738115096,0.44278358350205654,0.44278358350205654,0.0,0.3324756277257502,0.3324756277257502,0.0,0
0.5,54.71226021684737,0.4431649966170575,0.4431649966170575,0.0,0.39836833888047796,0.39836833888047796,0.0,0
0.5,54.79566305254378,0.4564914847970124,0.4564914847970124,0.0,0.4838681047276607,0.4838681047276607,0.0,0
0.5,54.8790658882402,0.4858290454111131,0.4858290454111131,0.0,0.5861531823655595,0.5861531823655595,0.0,0
0.5,54.96246872393661,0.6074966915008462,0.6074966915008462,0.0,0.8301432558660271,0.8301432558660271,0.0,0
0.5,55.04587155963302,0.6715715679662954,0.6715715679662954,0.0,0.9150539395919335,0.9150539395919335,0.0,0
0.5,55.12927439532944,0.7349174149786519,0.7349174149786519,0.0,0.971970042345743,0.971970042345743,0.0,0
0.5,55.21267723102585,0.7939651310056222,0.7939651310056222,0.0,1.003961419547371,1.003961419547371,0.0,0
0.5,55.29608006672226,0.847504820824113,0.847504820824113,0.0,1.018293556745441,1.018293556745441,0.0,0
0.5,55.37948290241868,0.8956443607240316,0.8956443607240316,0.0,1.0218443079392525,1.0218443079392525,0.0,0
0.5,55.46288573811509,0.9389925682784548,0.9389925682784548,0.0,1.0195295264456783,1.0195295264456783,0.0,0
0.5,55.5462885738115,0.9782505734337846,0.9782505734337846,0.0,1.0144626065667492,1.0144626065667492,0.0,0
0.5,55.62969140950792,1.0140556704400445,1.0140556704400445,0.0,1.0085141028635005,1.0085141028635005,0.0,0
0.5,55.71309424520433,1.046940152533909,1.046940152533909,0.0,1.0027807237828703,1.0027807237828703,0.0,0
0.5,55.79649708090075,1.0773338354628272,1.0773338354628272,0.0,0.9978937120573955,0.9978937120573955,0.0,0
0.5,55.87989991659716,1.1055797754880492,1.1055797754880492,0.0,0.9942057718207058,0.9942057718207058,0.0,0
0.5,55.96330275229357,1.1319516193285297,1.1319516193285297,0.0,0.9919016443234933,0.9919016443234933,0.0,0
0.5,56.04670558798999,1.1566688273116021,1.1566688273116021,0.0,0.9910635978204537,0.9910635978204537,0.0,0
0.5,56.1301084236864,1.1799089790892603,1.1799089790892603,0.0,0.991710794963994,0.991710794963994,0.0,0
0.5,56.21351125938281,1.2018173849505283,1.2018173849505283,0.0,0.9938235279485966,0.9938235279485966,0.0,0
0.5,56.29691409507923,1.2225144910832664,1.2225144910832664,0.0,0.9973586106204085,0.9973586106204085,0.0,0
0.5,56.38031693077564,1.2421015671918327,1.2421015671918327,0.0,1.002259531139535,1.002259531139535,0.0,0
0.5,56.46371976647205,1.2606650862229953,1.2606650862229953,0.0,1.0084634455188248,1.0084634455188248,0.0,0
0.5,56.54712260216847,1.278280116685283,1.278280116685283,0.0,1.0159062264058347,1.0159062264058347,0.0,0
0.5,56.63052543786488,1.2950129700681705,1.2950129700681705,0.0,1.0245262871048384,1.0245262871048384,0.0,0
0.5,56.713928273561294,1.3109232837953178,1.3109232837953178,0.0,1.0342676182562218,1.0342676182562218,0.0,0
0.5,56.79733110925771,1.3260656726887552,1.3260656726887552,0.0,1.0450823141035157,1.0450823141035157,0.0,0
0.5,56.88073394495412,1.3413607339921705,1.3413607339921705,0.0,1.063747845576118,1.063747845576118,0.0,0
0.5,56.964136780650534,1.3537415241978576,1.3537415241978576,0.0,1.0774075239222434,1.0774075239222434,0.0,0
0.5,57.04753961634695,1.3655871583164623,1.3655871583164623,0.0,1.09216168536922,1.09216168536922,0.0,0
0.5,57.130942452043364,1.3769391766528964,1.3769391766528964,0.0,1.1080258717673412,1.1080258717673412,0.0,0
0.5,57.21434528773978,1.387838630887702,1.387838630887702,0.0,1.1250362729949863,1.1250362729949863,0.0,0
0.5,57.29774812343619,1.398326224252338,1.398326224252338,0.0,1.14325263487203,1.14325263487203,0.0,0
0.5,57.381150959132604,1.408442254923195,1.408442254923195,0.0,1.1627617059843836,1.1627617059843836,0.0,0
0.5,57.46455379482902,1.4182263111026927,1.4182263111026927,0.0,1.1836813839989513,1.1836813839989513,0.0,0
0.5,57.547956630525434,1.4277166331188604,1.4277166331188604,0.0,1.206165716616228,1.206165716616228,0.0,0
0.5,57.631359466221845,1.43694900869344,1.43694900869344,0.0,1.2304108622139351,1.2304108622139351,0.0,0
0.5,57.71476230191826,1.445954992591831,1.445954992591831,0.0,1.2566619608773324,1.2566619608773324,0.0,0
0.5,57.798165137614674,1.4547591258223211,1.4547591258223211,0.0,1.2852204786098564,1.2852204786098564,0.0,0
0.5,57.881567973311085,1.4633746483762595,1.4633746483762595,0.0,1.3164506859234761,1.3164506859234761,0.0,0
0.5,57.964970809007504,1.471796917110671,1.471796917110671,0.0,1.3507819090287403,1.3507819090287403,0.0,0
0.5,58.048373644703915,1.4799933082582815,1.4799933082582815,0.0,1.388698732685373,1.388698732685373,0.0,0
0.5,58.131776480400326,1.4878877576097895,1.4878877576097895,0.0,1.4307016388379967,1.4307016388379967,0.0,0
0.5,58.215179316096744,1.4953373105695285,1.4953373105695285,0.0,1.4771999686173505,1.4771999686173505,0.0,0
0.5,58.298582151793156,1.5020975401696053,1.5020975401696053,0.0,1.5282577222232623,1.5282577222232623,0.0,0
0.5,58.38198498748957,1.5077751949643843,1.5077751949643843,0.0,1.5830413151669782,1.5830413151669782,0.0,0
0.5,58.465387823185985,1.5117756221525354,1.5117756221525354,0.0,1.6387489244294335,1.6387489244294335,0.0,0
0.5,58.548790658882396,1.5132836548109148,1.5132836548109148,0.0,1.6889682336479117,1.6889682336479117,0.0,0
0.5,58.632193494578814,1.5113886602511588,1.5113886602511588,0.0,1.722512021394839,1.722512021394839,0.0,0
0.5,58.715596330275226,1.5055287090209732,1.5055287090209732,0.0,1.7260127796027454,1.7260127796027454,0.0,0
0.5,58.79899916597164,1.4961902300432266,1.4961902300432266,0.0,1.6923807728994544,1.6923807728994544,0.0,0
0.5,58.882402001668055,1.4415562738356926,1.4415562738356926,0.0,1.5167704714191357,1.5167704714191357,0.0,0
0.5,58.965804837364466,1.4323653871804936,1.4323653871804936,0.0,1.4364649995104624,1.4364649995104624,0.0,0
0.5,59.04920767306088,1.4259891564783118,1.4259891564783118,0.0,1.3659886391296285,1.3659886391296285,0.0,0
0.5,59.132610508757296,1.4224670264611206,1.4224670264611206,0.0,1.3076696044531626,1.3076696044531626,0.0,0
0.5,59.21601334445371,1.4215394523790283,1.4215394523790283,0.0,1.2609332510746754,1.2609332510746754,0.0,0
0.5,59.29941618015012,1.422843661881552,1.422843661881552,0.0,1.2243193694037906,1.2243193694037906,0.0,0
0.5,59.382819015846536,1.4260216032852489,1.4260216032852489,0.0,1.1963424949036991,1.1963424949036991,0.0,0
0.5,59.46622185154295,1.4307710799573259,1.4307710799573259,0.0,1.1757178697932393,1.1757178697932393,0.0,0
0.5,59.54962468723936,1.4368615288381457,1.4368615288381457,0.0,1.1613878637110313,1.1613878637110313,0.0,0
0.5,59.63302752293578,1.4441312660228305,1.4441312660228305,0.0,1.152529664512544,1.152529664512544,0.0,0
0.5,59.71643035863219,1.452478481620146,1.452478481620146,0.0,1.1485669610804523,1.1485669610804523,0.0,0
0.5,59.7998331943286,1.4618524485895081,1.4618524485895081,0.0,1.1491764493312033,1.1491764493312033,0.0,0
0.5,59.88323603002502,1.4722470688742542,1.4722470688742542,0.0,1.154291211364453,1.154291211364453,0.0,0
0.5,59.96663886572143,1.4836967917393515,1.4836967917393515,0.0,1.1641098570344397,1.1641098570344397,0.0,0
0.5,60.05004170141785,1.496274161675864,1.496274161675864,0.0,1.1791194873217103,1.1791194873217103,0.0,0
0.5,60.13344453711426,1.5100877841864884,1.5100877841864884,0.0,1.2001370404711964,1.2001370404711964,0.0,0
0.5,60.21684737281067,1.525278628949703,1.525278628949703,0.0,1.2283674097198707,1.2283674097198707,0.0,0
0.5,60.30025020850709,1.5420105692330475,1.5420105692330475,0.0,1.2654608872576134,1.2654608872576134,0.0,0
0.5,60.3836530442035,1.560446608703775,1.560446608703775,0.0,1.3135075056186156,1.3135075056186156,0.0,0
0.5,60.46705587989991,1.580693225445469,1.580693225445469,0.0,1.3747850995281665,1.3747850995281665,0.0,0
0.5,60.55045871559633,1.6026800465645932,1.6026800465645932,0.0,1.4507969722677405,1.4507969722677405,0.0,0
0.5,60.63386155129274,1.625930681335912,1.625930681335912,0.0,1.5397025295133655,1.5397025295133655,0.0,0
0.5,60.71726438698915,1.649235971434159,1.649235971434159,0.0,1.6316054050044861,1.6316054050044861,0.0,0
0.5,60.80066722268557,1.6497082916940136,1.6497082916940136,0.0,1.6825830574963456,1.6825830574963456,0.0,0
0.5,60.88407005838198,1.6671535474720163,1.6671535474720163,0.0,1.7236600119389676,1.7236600119389676,0.0,0
0.5,60.96747289407839,1.6791880953618004,1.6791880953618004,0.0,1.7218294972210046,1.7218294972210046,0.0,0
0.5,61.05087572977481,1.6862494879732821,1.6862494879732821,0.0,1.691908851053647,1.691908851053647,0.0,0
0.5,61.13427856547122,1.6896540957671404,1.6896540957671404,0.0,1.6515309728081644,1.6515309728081644,0.0,0
0.5,61.21768140116763,1.6907089736936372,1.6907089736936372,0.0,1.6116990870510937,1.6116990870510937,0.0,0
0.5,61.30108423686405,1.690376852161769,1.690376852161769,0.0,1.577346215280488,1.577346215280488,0.0,0
0.5,61.38448707256046,1.6892828146636663,1.6892828146636663,0.0,1.5501326907319284,1.5501326907319284,0.0,0
0.5,61.46788990825688,1.6878071362509184,1.6878071362509184,0.0,1.5303359728422001,1.5303359728422001,0.0,0
0.5,61.55129274395329,1.6861674187687987,1.6861674187687987,0.0,1.5177768905042723,1.5177768905042723,0.0,0
0.5,61.6346955796497,1.6844726743140408,1.6844726743140408,0.0,1.5122160112837477,1.5122160112837477,0.0,0
0.5,61.71809841534612,1.682753268868464,1.682753268868464,0.0,1.513501823296316,1.513501823296316,0.0,0
0.5,61.80150125104253,1.6809723727329853,1.6809723727329853,0.0,1.5215985855589789,1.5215985855589789,0.0,0
0.5,61.88490408673894,1.6790219311419445,1.6790219311419445,0.0,1.5365306921297093,1.5365306921297093,0.0,0
0.5,61.96830692243536,1.6767032906249852,1.6767032906249852,0.0,1.5582189867644272,1.5582189867644272,0.0,0
0.5,62.05170975813177,1.673690899662029,1.673690899662029,0.0,1.5861231784412804,1.5861231784412804,0.0,0
0.5,62.13511259382818,1.669479656856877,1.669479656856877,0.0,1.6185420405038509,1.6185420405038509,0.0,0
0.5,62.2185154295246,1.6633305605564561,1.6633305605564561,0.0,1.651457667234555,1.651457667234555,0.0,0
0.5,62.30191826522101,1.6542719474325291,1.6542719474325291,0.0,1.6773039799631466,1.6773039799631466,0.0,0
0.5,62.38532110091742,1.6412887149321822,1.6412887149321822,0.0,1.6854269597724176,1.6854269597724176,0.0,0
0.5,62.46872393661384,1.6238221569906586,1.6238221569906586,0.0,1.6667137967981944,1.6667137967981944,0.0,0
0.5,62.55212677231025,1.6023271582489895,1.6023271582489895,0.0,1.6204677010784307,1.6204677010784307,0.0,0
0.5,62.635529608006664,1.5782052908554847,1.5782052908554847,0.0,1.5559101410331928,1.5559101410331928,0.0,0
0.5,62.71893244370308,1.553072496989883,1.553072496989883,0.0,1.4858817559701532,1.4858817559701532,0.0,0
0.5,62.80233527939949,1.4816929870842652,1.4816929870842652,0.0,1.3238493667365985,1.3238493667365985,0.0,0
0.5,62.88573811509591,1.4587824102567863,1.4587824102567863,0.0,1.2749849458266769,1.2749849458266769,0.0,0
0.5,62.96914095079232,1.4373023022492653,1.4373023022492653,0.0,1.2355742218093715,1.2355742218093715,0.0,0
0.5,63.052543786488734,1.4172960547724724,1.4172960547724724,0.0,1.2044971604088006,1.2044971604088006,0.0,0
0.5,63.13594662218515,1.3987766053414503,1.3987766053414503,0.0,1.180688690511174,1.180688690511174,0.0,0
0.5,63.21934945788156,1.3817595429810077,1.3817595429810077,0.0,1.1633166353889606,1.1633166353889606,0.0,0
0.5,63.302752293577974,1.3662802609633302,1.3662802609633302,0.0,1.1518281924468838,1.1518281924468838,0.0,0
0.5,63.38615512927439,1.3524028413711164,1.3524028413711164,0.0,1.1459525665494503,1.1459525665494503,0.0,0
0.5,63.469557964970804,1.3402247560591805,1.3402247560591805,0.0,1.1456977310167493,1.1456977310167493,0.0,0
0.5,63.552960800667215,1.3298792956814418,1.3298792956814418,0.0,1.15135706033381,1.15135706033381,0.0,0
0.5,63.63636363636363,1.3215362016476457,1.3215362016476457,0.0,1.1635320194226741,1.1635320194226741,0.0,0
0.5,63.719766472060044,1.3153996475211862,1.3153996475211862,0.0,1.1831714120640042,1.1831714120640042,0.0,0
0.5,63.803169307756455,1.3117008135126904,1.3117008135126904,0.0,1.211618725217301,1.211618725217301,0.0,0
0.5,63.886572143452874,1.3106787698554538,1.3106787698554538,0.0,1.2506350963485713,1.2506350963485713,0.0,0
0.5,63.969974979149285,1.3125363784419148,1.3125363784419148,0.0,1.3022988725314235,1.3022988725314235,0.0,0
0.5,64.0533778148457,1.317344733483013,1.317344733483013,0.0,1.3685110082098713,1.3685110082098713,0.0,0
0.5,64.13678065054211,1.3248506022865747,1.3248506022865747,0.0,1.4494643057427872,1.4494643057427872,0.0,0
0.5,64.22018348623853,1.3341424838064926,1.3341424838064926,0.0,1.5400202039288282,1.5400202039288282,0.0,0
0.5,64.30358632193494,1.3432715391514511,1.3432715391514511,0.0,1.624289783694949,1.624289783694949,0.0,0
0.5,64.38698915763135,1.3493790858682866,1.3493790858682866,0.0,1.6760906007818799,1.6760906007818799,0.0,0
0.5,64.47039199332777,1.3500450400679946,1.3500450400679946,0.0,1.677099976787211,1.677099976787211,0.0,0
0.5,64.55379482902418,1.344888889385826,1.344888889385826,0.0,1.6352236690822353,1.6352236690822353,0.0,0
0.5,64.63719766472059,1.3353695474882066,1.3353695474882066,0.0,1.5732871500418069,1.5732871500418069,0.0,0
0.5,64.720600500417,1.2968777225645516,1.2968777225645516,0.0,1.5126461044746207,1.5126461044746207,0.0,0
0.5,64.80400333611342,1.2849566981268337,1.2849566981268337,0.0,1.4589874258047262,1.4589874258047262,0.0,0
0.5,64.88740617180984,1.27305687362675,1.27305687362675,0.0,1.4141742471779912,1.4141742471779912,0.0,0
0.5,64.97080900750625,1.2618236727888776,1.2618236727888776,0.0,1.3786851348477749,1.3786851348477749,0.0,0
0.5,65.05421184320267,1.2516461444280693,1.2516461444280693,0.0,1.3520891363525787,1.3520891363525787,0.0,0
0.5,65.13761467889908,1.2427546678252903,1.2427546678252903,0.0,1.3337763679056422,1.3337763679056422,0.0,0
0.5,65.22101751459549,1.235279953128844,1.235279953128844,0.0,1.3232338839069533,1.3232338839069533,0.0,0
0.5,65.3044203502919,1.2292852272788524,1.2292852272788524,0.0,1.3201337615951898,1.3201337615951898,0.0,0
0.5,65.38782318598832,1.224780395368831,1.224780395368831,0.0,1.3243450969172819,1.3243450969172819,0.0,0
0.5,65.47122602168473,1.2217227289984152,1.2217227289984152,0.0,1.3359078058380156,1.3359078058380156,0.0,0
0.5,65.55462885738115,1.2200051898668327,1.2200051898668327,0.0,1.3549676369188626,1.3549676369188626,0.0,0
0.5,65.63803169307756,1.2194307733485157,1.2194307733485157,0.0,1.3816410927178946,1.3816410927178946,0.0,0
0.5,65.72143452877397,1.219669388070644,1.219669388070644,0.0,1.4157403701384104,1.4157403701384104,0.0,0
0.5,65.80483736447039,1.2201945942329018,1.2201945942329018,0.0,1.4562401816889805,1.4562401816889805,0.0,0
0.5,65.8882402001668,1.2202072887063247,1.2202072887063247,0.0,1.5003603660318343,1.5003603660318343,0.0,0
0.5,65.97164303586321,1.2185867855720596,1.2185867855720596,0.0,1.5423791624873728,1.5423791624873728,0.0,0
0.5,66.05504587155963,1.2139818767217592,1.2139818767217592,0.0,1.5731655395290187,1.5731655395290187,0.0,0
0.5,66.13844870725605,1.205212584993785,1.205212584993785,0.0,1.5825205092870889,1.5825205092870889,0.0,0
0.5,66.22185154295245,1.1919573331353845,1.1919573331353845,0.0,1.564843333861515,1.564843333861515,0.0,0
0.5,66.30525437864887,1.175161260446799,1.175161260446799,0.0,1.5234834022342343,1.5234834022342343,0.0,0
0.5,66.38865721434529,1.1566205841953925,1.1566205841953925,0.0,1.4686406621658943,1.4686406621658943,0.0,0
0.5,66.47206005004169,1.1381744979498403,1.1381744979498403,0.0,1.4111336268817831,1.4111336268817831,0.0,0
0.5,66.55546288573811,1.1212269520031515,1.1212269520031515,0.0,1.3582810558544083,1.3582810558544083,0.0,0
0.5,66.63886572143453,1.106689068151874,1.106689068151874,0.0,1.3136162381658643,1.3136162381658643,0.0,0
0.5,66.72226855713093,1.0529021244904924,1.0529021244904924,0.0,1.2023117077610534,1.2023117077610534,0.0,0
0.5,66.80567139282735,1.046491242307636,1.046491242307636,0.0,1.182142948770531,1.182142948770531,0.0,0
0.5,66.88907422852377,1.0434935960247058,1.0434935960247058,0.0,1.17004435381349,1.17004435381349,0.0,0
0.5,66.97247706422017,1.043945020392928,1.043945020392928,0.0,1.1655771947863403,1.1655771947863403,0.0,0
0.5,67.05587989991659,1.0478635543270112,1.0478635543270112,0.0,1.168534272172688,1.168534272172688,0.0,0
0.5,67.13928273561301,1.0552597206258019,1.0552597206258019,0.0,1.1789726014070812,1.1789726014070812,0.0,0
0.5,67.22268557130941,1.0661397663104883,1.0661397663104883,0.0,1.1972369064250847,1.1972369064250847,0.0,0
0.5,67.30608840700583,1.0805019663687379,1.0805019663687379,0.0,1.2239811161185519,1.2239811161185519,0.0,0
0.5,67.38949124270225,1.0983230941288342,1.0983230941288342,0.0,1.2601765197454546,1.2601765197454546,0.0,0
0.5,67.47289407839865,1.1195277350578217,1.1195277350578217,0.0,1.3070611565628278,1.3070611565628278,0.0,0
0.5,67.55629691409507,1.1439257581097102,1.1439257581097102,0.0,1.365905247707827,1.365905247707827,0.0,0
0.5,67.63969974979149,1.1710922505346126,1.1710922505346126,0.0,1.4372866947043714,1.4372866947043714,0.0,0
0.5,67.72310258548791,1.200157076943007,1.200157076943007,0.0,1.5192538154192143,1.5192538154192143,0.0,0
0.5,67.80650542118431,1.2295115258769513,1.2295115258769513,0.0,1.6036878357887938,1.6036878357887938,0.0,0
0.5,67.88990825688073,1.2566492237584508,1.2566492237584508,0.0,1.6724529633955205,1.6724529633955205,0.0,0
0.5,67.97331109257715,1.2787441726054258,1.2787441726054258,0.0,1.701832408069349,1.701832408069349,0.0,0
0.5,68.05671392827355,1.294219414492102,1.294219414492102,0.0,1.681441124748583,1.681441124748583,0.0,0
0.5,68.14011676396997,1.3037776912104588,1.3037776912104588,0.0,1.6251632662052897,1.6251632662052897,0.0,0
0.5,68.22351959966639,1.30952211024076,1.30952211024076,0.0,1.5558866680992731,1.5558866680992731,0.0,0
0.5,68.3069224353628,1.3135242094350121,1.3135242094350121,0.0,1.4893380768641171,1.4893380768641171,0.0,0
0.5,68.39032527105921,1.3172169733408519,1.3172169733408519,0.0,1.4322410343972665,1.4322410343972665,0.0,0
0.5,68.47372810675563,1.3214312408180067,1.3214312408180067,0.0,1.3861725830860403,1.3861725830860403,0.0,0
0.5,68.55713094245203,1.3265942065823009,1.3265942065823009,0.0,1.3506178875995876,1.3506178875995876,0.0,0
0.5,68.64053377814845,1.3197841582490366,1.3197841582490366,0.0,1.3408687384342963,1.3408687384342963,0.0,0
0.5,68.72393661384487,1.3277719184141965,1.3277719184141965,0.0,1.3247776916838518,1.3247776916838518,0.0,0
0.5,68.80733944954127,1.3369681651477243,1.3369681651477243,0.0,1.3162070506467372,1.3162070506467372,0.0,0
0.5,68.89074228523769,1.347340385801463,1.347340385801463,0.0,1.3146261066559257,1.3146261066559257,0.0,0
0.5,68.97414512093411,1.3588392342484419,1.3588392342484419,0.0,1.3197734396022265,1.3197734396022265,0.0,0
0.5,69.05754795663051,1.3714082927724156,1.3714082927724156,0.0,1.3316515102111999,1.3316515102111999,0.0,0
0.5,69.14095079232693,1.384985812720632,1.384985812720632,0.0,1.3505055941746715,1.3505055941746715,0.0,0
0.5,69.22435362802335,1.399499069416045,1.399499069416045,0.0,1.3767650112625285,1.3767650112625285,0.0,0
0.5,69.30775646371976,1.414851068469003,1.414851068469003,0.0,1.4109005522171547,1.4109005522171547,0.0,0
0.5,69.39115929941617,1.4309000070005375,1.4309000070005375,0.0,1.4531493073001847,1.4531493073001847,0.0,0
0.5,69.47456213511259,1.4474334097360164,1.4474334097360164,0.0,1.5031215182214317,1.5031215182214317,0.0,0
0.5,69.557964970809,1.464136489238361,1.464136489238361,0.0,1.5593983830814984,1.5593983830814984,0.0,0
0.5,69.64136780650541,1.4805439693764157,1.4805439693764157,0.0,1.6191235217296625,1.6191235217296625,0.0,0
0.5,69.72477064220183,1.4959631921166587,1.4959631921166587,0.0,1.677296384012417,1.677296384012417,0.0,0
0.5,69.80817347789824,1.509402723051115,1.509402723051115,0.0,1.7258321938405619,1.7258321938405619,0.0,0
0.5,69.89157631359465,1.5196418457804062,1.5196418457804062,0.0,1.7539779988950444,1.7539779988950444,0.0,0
0.5,69.97497914929107,1.5256189008267136,1.5256189008267136,0.0,1.7523706178029024,1.7523706178029024,0.0,0
0.5,70.05838198498748,1.5270361867776123,1.5270361867776123,0.0,1.7192667171214364,1.7192667171214364,0.0,0
0.5,70.1417848206839,1.5245999789898526,1.5245999789898526,0.0,1.6625380283675817,1.6625380283675817,0.0,0
0.5,70.22518765638031,1.5195840087684953,1.5195840087684953,0.0,1.5946667949179545,1.5946667949179545,0.0,0
0.5,70.30859049207673,1.51322062483512,1.51322062483512,0.0,1.5262420217714334,1.5262420217714334,0.0,0
0.5,70.39199332777314,1.5064011464801097,1.5064011464801097,0.0,1.4633663033211206,1.4633663033211206,0.0,0
0.5,70.47539616346955,1.49966303278498,1.49966303278498,0.0,1.4084474945409569,1.4084474945409569,0.0,0
0.5,70.55879899916597,1.4932824703342626,1.4932824703342626,0.0,1.361797250349804,1.361797250349804,0.0,0
0.5,70.64220183486238,1.451127991886863,1.451127991886863,0.0,1.2609540266034405,1.2609540266034405,0.0,0
0.5,70.7256046705588,1.4462546512566858,1.4462546512566858,0.0,1.2345826319456055,1.2345826319456055,0.0,0
0.5,70.80900750625521,1.4417929252974326,1.4417929252974326,0.0,1.2131858625190366,1.2131858625190366,0.0,0
0.5,70.89241034195162,1.437655951036596,1.437655951036596,0.0,1.1960364479272694,1.1960364479272694,0.0,0
0.5,70.97581317764804,1.4337562526331702,1.4337562526331702,0.0,1.1825324585044397,1.1825324585044397,0.0,0
0.5,71.05921601334445,1.4300103381929736,1.4300103381929736,0.0,1.1721804853758058,1.1721804853758058,0.0,0
0.5,71.14261884904086,1.4263410320954142,1.4263410320954142,0.0,1.1645769665917822,1.1645769665917822,0.0,0
0.5,71.22602168473728,1.422678500921374,1.422678500921374,0.0,1.1593909446393442,1.1593909446393442,0.0,0
0.5,71.3094245204337,1.4189605333342963,1.4189605333342963,0.0,1.1563492296539,1.1563492296539,0.0,0
0.5,71.3928273561301,1.4151324004426482,1.4151324004426482,0.0,1.1552239992841624,1.1552239992841624,0.0,0
0.5,71.47623019182652,1.4111464862021597,1.4111464862021597,0.0,1.1558225205891417,1.1558225205891417,0.0,0
0.5,71.55963302752293,1.4069617975150168,1.4069617975150168,0.0,1.1579785891266487,1.1579785891266487,0.0,0
0.5,71.64303586321934,1.4025434177159601,1.4025434177159601,0.0,1.1615452943808737,1.1615452943808737,0.0,0
0.5,71.72643869891576,1.39786194186507,1.39786194186507,0.0,1.1663887738075431,1.1663887738075431,0.0,0
0.5,71.80984153461218,1.3928929203292961,1.3928929203292961,0.0,1.172382684283398,1.172382684283398,0.0,0
0.5,71.89324437030858,1.3876163347219868,1.3876163347219868,0.0,1.179403192246101,1.179403192246101,0.0,0
0.5,71.976647206005,1.38201613584998,1.38201613584998,0.0,1.1873243639224023,1.1873243639224023,0.0,0
0.5,72.06005004170142,1.3760798869747304,1.3760798869747304,0.0,1.19601393119103,1.19601393119103,0.0,0
0.5,72.14345287739782,1.3697985788463645,1.3697985788463645,0.0,1.205329526016199,1.205329526016199,0.0,0
0.5,72.22685571309424,1.363166718341855,1.363166718341855,0.0,1.2151156276070791,1.2151156276070791,0.0,0
0.5,72.31025854879066,1.3561828442992956,1.3561828442992956,0.0,1.2252016617731405,1.2252016617731405,0.0,0
0.5,72.39366138448706,1.3488506981428412,1.3488506981428412,0.0,1.2354019387787438,1.2354019387787438,0.0,0
0.5,72.47706422018348,1.3411813809737758,1.3411813809737758,0.0,1.2455184160948063,1.2455184160948063,0.0,0
0.5,72.5604670558799,1.304522479500307,1.304522479500307,0.0,1.2417930823128531,1.2417930823128531,0.0,0
0.5,72.6438698915763,1.2974342657871678,1.2974342657871678,0.0,1.2527565446274238,1.2527565446274238,0.0,0
0.5,72.72727272727272,1.2904046896417005,1.2904046896417005,0.0,1.2633519660981931,1.2633519660981931,0.0,0
0.5,72.81067556296914,1.283610535782829,1.283610535782829,0.0,1.2735849252179183,1.2735849252179183,0.0,0
0.5,72.89407839866554,1.2773138656015728,1.2773138656015728,0.0,1.2836220336828006,1.2836220336828006,0.0,0
0.5,72.97748123436196,1.2719019247716534,1.2719019247716534,0.0,1.2938881433862113,1.2938881433862113,0.0,0
0.5,73.06088407005838,1.2679439154735648,1.2679439154735648,0.0,1.3052072795746161,1.3052072795746161,0.0,0
0.5,73.1442869057548,1.266269489823644,1.266269489823644,0.0,1.3189978176611032,1.3189978176611032,0.0,0
0.5,73.2276897414512,1.2680700611239477,1.2680700611239477,0.0,1.3375045146720692,1.3375045146720692,0.0,0
0.5,73.31109257714762,1.2750061194194995,1.2750061194194995,0.0,1.363930155176114,1.363930155176114,0.0,0
0.5,73.39449541284404,1.289244751732188,1.289244751732188,0.0,1.4019696313498988,1.4019696313498988,0.0,0
0.5,73.47789824854044,1.313203147354889,1.313203147354889,0.0,1.4536173719399783,1.4536173719399783,0.0,0
0.5,73.56130108423686,1.3485690439400664,1.3485690439400664,0.0,1.5145813564473358,1.5145813564473358,0.0,0
0.5,73.64470391993328,1.3944940561944263,1.3944940561944263,0.0,1.5715071296381893,1.5715071296381893,0.0,0
0.5,73.72810675562968,1.446699908638698,1.446699908638698,0.0,1.608722749102779,1.608722749102779,0.0,0
0.5,73.8115095913261,1.4997122164739167,1.4997122164739167,0.0,1.6198040906443556,1.6198040906443556,0.0,0
0.5,73.89491242702252,1.5497871550830864,1.5497871550830864,0.0,1.6095012830947821,1.6095012830947821,0.0,0
0.5,73.97831526271892,1.5953996044839518,1.5953996044839518,0.0,1.5862272245289377,1.5862272245289377,0.0,0
0.5,74.06171809841534,1.6363381809428603,1.6363381809428603,0.0,1.5565563241085292,1.5565563241085292,0.0,0
0.5,74.14512093411176,1.6729174291605047,1.6729174291605047,0.0,1.5244025472753648,1.5244025472753648,0.0,0
0.5,74.22852376980816,1.7055840066993802,1.7055840066993802,0.0,1.491854742098871,1.491854742098871,0.0,0
0.5,74.31192660550458,1.7347640443157761,1.7347640443157761,0.0,1.4599806213750688,1.4599806213750688,0.0,0
0.5,74.395329441201,1.7608176075741129,1.7608176075741129,0.0,1.4293146063630415,1.4293146063630415,0.0,0
0.5,74.4787322768974,1.784033897523062,1.784033897523062,0.0,1.4001178629948916,1.4001178629948916,0.0,0
0.5,74.56213511259382,1.8360295366399817,1.8360295366399817,0.0,1.3715443183848188,1.3715443183848188,0.0,0
0.5,74.64553794829024,1.8522384888626378,1.8522384888626378,0.0,1.346559035305476,1.346559035305476,0.0,0
0.5,74.72894078398664,1.8662730010234267,1.8662730010234267,0.0,1.3231937915174459,1.3231937915174459,0.0,0
0.5,74.81234361968306,1.878209679223484,1.878209679223484,0.0,1.301442634230257,1.301442634230257,0.0,0
0.5,74.89574645537948,1.8881045589888892,1.8881045589888892,0.0,1.2812970684051834,1.2812970684051834,0.0,0
0.5,74.97914929107588,1.8959972791499513,1.8959972791499513,0.0,1.2627491445864296,1.2627491445864296,0.0,0
0.5,75.0625521267723,1.9019142523195491,1.9019142523195491,0.0,1.2457932869061392,1.2457932869061392,0.0,0
0.5,75.14595496246872,1.9058710567658272,1.9058710567658272,0.0,1.2304274356572529,1.2304274356572529,0.0,0
0.5,75.22935779816513,1.907874220277696,1.907874220277696,0.0,1.2166538185564069,1.2166538185564069,0.0,0
0.5,75.31276063386154,1.9079225221096847,1.9079225221096847,0.0,1.204479529081726,1.204479529081726,0.0,0
0.5,75.39616346955796,1.906007903614015,1.906007903614015,0.0,1.193917018408298,1.193917018408298,0.0,0
0.5,75.47956630525437,1.9021160497578864,1.9021160497578864,0.0,1.1849845686731633,1.1849845686731633,0.0,0
0.5,75.56296914095078,1.8962266802365384,1.8962266802365384,0.0,1.1777067934674856,1.1777067934674856,0.0,0
0.5,75.6463719766472,1.8883135683077483,1.8883135683077483,0.0,1.1721151976027069,1.1721151976027069,0.0,0
0.5,75.7297748123436,1.8783442858918036,1.8783442858918036,0.0,1.1682488165197027,1.1682488165197027,0.0,0
0.5,75.81317764804002,1.8662796529931003,1.8662796529931003,0.0,1.1661549411288432,1.1661549411288432,0.0,0
0.5,75.89658048373644,1.8520728459941993,1.8520728459941993,0.0,1.1658899100027087,1.1658899100027087,0.0,0
0.5,75.97998331943286,1.835668090306307,1.835668090306307,0.0,1.1675199074161178,1.1675199074161178,0.0,0
0.5,76.06338615512927,1.8169988249925153,1.8169988249925153,0.0,1.1711216242080091,1.1711216242080091,0.0,0
0.5,76.14678899082568,1.795985176134345,1.795985176134345,0.0,1.1767824837095944,1.1767824837095944,0.0,0
0.5,76.2301918265221,1.772530506736851,1.772530506736851,0.0,1.1845998385839809,1.1845998385839809,0.0,0
0.5,76.3135946622185,1.7465167184747266,1.7465167184747266,0.0,1.1946779698083387,1.1946779698083387,0.0,0
0.5,76.39699749791492,1.7177978621083247,1.7177978621083247,0.0,1.2071205879479843,1.2071205879479843,0.0,0
0.5,76.48040033361134,1.6758828048613579,1.6758828048613579,0.0,1.2411469118291374,1.2411469118291374,0.0,0
0.5,76.56380316930775,1.6383378351312785,1.6383378351312785,0.0,1.2593128556427795,1.2593128556427795,0.0,0
0.5,76.64720600500416,1.5970153276783843,1.5970153276783843,0.0,1.2793625520823437,1.2793625520823437,0.0,0
0.5,76.73060884070058,1.5514621274765752,1.5514621274765752,0.0,1.3003434296870506,1.3003434296870506,0.0,0
0.5,76.81401167639699,1.5011405085471536,1.5011405085471536,0.0,1.3201391877717665,1.3201391877717665,0.0,0
0.5,76.8974145120934,1.445491899321631,1.445491899321631,0.0,1.3343532790815025,1.3343532790815025,0.0,0
0.5,76.98081734778982,1.3841665189492611,1.3841665189492611,0.0,1.3346053660443054,1.3346053660443054,0.0,0
0.5,77.06422018348623,1.3176195732286584,1.3176195732286584,0.0,1.3075511558306858,1.3075511558306858,0.0,0
0.5,77.14762301918265,1.2481661491840685,1.2481661491840685,0.0,1.239379063722124,1.239379063722124,0.0,0
0.5,77.23102585487906,1.1805448759043462,1.1805448759043462,0.0,1.1286753244378174,1.1286753244378174,0.0,0
0.5,77.31442869057547,1.119900875696068,1.119900875696068,0.0,0.993812368384761,0.993812368384761,0.0,0
0.5,77.39783152627189,1.0685439173715217,1.0685439173715217,0.0,0.8610248271973471,0.8610248271973471,0.0,0
0.5,77.4812343619683,1.0256849785399564,1.0256849785399564,0.0,0.7472889820965917,0.7472889820965917,0.0,0
0.5,77.56463719766471,0.9892517276976375,0.9892517276976375,0.0,0.6568998414617816,0.6568998414617816,0.0,0
0.5,77.64804003336113,0.9571898997881119,0.9571898997881119,0.0,0.5874096199024492,0.5874096199024492,0.0,0
0.5,77.73144286905755,0.9279000663072714,0.9279000663072714,0.0,0.534585842581879,0.534585842581879,0.0,0
0.5,77.81484570475395,0.9002682160848842,0.9002682160848842,0.0,0.4944734709467549,0.4944734709467549,0.0,0
0.5,77.89824854045037,0.8735835029756396,0.8735835029756396,0.0,0.46392355701848553,0.46392355701848553,0.0,0
0.5,77.98165137614679,0.8474493359226783,0.8474493359226783,0.0,0.44058694163813367,0.44058694163813367,0.0,0
0.5,78.06505421184319,0.8217139185370156,0.8217139185370156,0.0,0.4227759273972229,0.4227759273972229,0.0,0
0.5,78.14845704753961,0.7964208676124379,0.7964208676124379,0.0,0.40932067158822755,0.40932067158822755,0.0,0
0.5,78.23185988323603,0.771774247996922,0.771774247996922,0.0,0.3994499058020708,0.3994499058020708,0.0,0
0.5,78.31526271893243,0.7481116280901725,0.7481116280901725,0.0,0.3926959734804474,0.3926959734804474,0.0,0
0.5,78.39866555462885,0.7258792956595376,0.7258792956595376,0.0,0.3888169001048767,0.3888169001048767,0.0,0
0.5,78.48206839032527,0.736646978969805,0.736646978969805,0.0,0.42597332954196293,0.42597332954196293,0.0,0
0.5,78.56547122602169,0.7170657727912032,0.7170657727912032,0.0,0.427494304957322,0.427494304957322,0.0,0
0.5,78.64887406171809,0.7002806579581239,0.7002806579581239,0.0,0.4313702650845038,0.4313702650845038,0.0,0
0.5,78.73227689741451,0.6868514828294512,0.6868514828294512,0.0,0.4377535499425774,0.4377535499425774,0.0,0
0.5,78.81567973311093,0.6772558181802764,0.6772558181802764,0.0,0.4467503043443172,0.4467503043443172,0.0,0
0.5,78.89908256880733,0.6718427539426256,0.6718427539426256,0.0,0.4583964879675551,0.4583964879675551,0.0,0
0.5,78.98248540450375,0.6707981304182875,0.6707981304182875,0.0,0.4726502231015663,0.4726502231015663,0.0,0
0.5,79.06588824020017,0.674129429297107,0.674129429297107,0.0,0.48940097866177223,0.48940097866177223,0.0,0
0.5,79.14929107589657,0.6816743381580685,0.6816743381580685,0.0,0.5084922528666638,0.5084922528666638,0.0,0
0.5,79.23269391159299,0.6931308972786757,0.6931308972786757,0.0,0.5297519739461696,0.5297519739461696,0.0,0
0.5,79.31609674728941,0.708101865313658,0.708101865313658,0.0,0.5530245751904437,0.5530245751904437,0.0,0
0.5,79.39949958298581,0.7261437146078957,0.7261437146078957,0.0,0.5782002352276823,0.5782002352276823,0.0,0
0.5,79.48290241868223,0.7468118425030332,0.7468118425030332,0.0,0.6052390980668886,0.6052390980668886,0.0,0
0.5,79.56630525437865,0.7696968300551075,0.7696968300551075,0.0,0.6341904692954524,0.6341904692954524,0.0,0
0.5,79.64970809007505,0.7944500955142566,0.7944500955142566,0.0,0.6652085405827823,0.6652085405827823,0.0,0
0.5,79.73311092577147,0.820799869233595,0.820799869233595,0.0,0.6985670700674916,0.6985670700674916,0.0,0
0.5,79.81651376146789,0.8485597175298887,0.8485597175298887,0.0,0.7346758163751836,0.7346758163751836,0.0,0
0.5,79.89991659716429,0.8776320923004416,0.8776320923004416,0.0,0.7741015838522751,0.7741015838522751,0.0,0
0.5,79.98331943286071,0.9080089677652198,0.9080089677652198,0.0,0.8175965247904527,0.8175965247904527,0.0,0
0.5,80.06672226855713,0.9397708224518304,0.9397708224518304,0.0,0.8661355151929668,0.8661355151929668,0.0,0
0.5,80.15012510425353,0.973084072488678,0.973084072488678,0.0,0.9209617293107332,0.9209617293107332,0.0,0
0.5,80.23352793994995,1.008195265913279,1.008195265913279,0.0,0.9836314912877693,0.9836314912877693,0.0,0
0.5,80.31693077564637,1.0454170745161377,1.0454170745161377,0.0,1.0560268588540496,1.0560268588540496,0.0,0
0.5,80.40033361134277,1.1007482268480209,1.1007482268480209,0.0,1.2463641233675369,1.2463641233675369,0.0,0
0.5,80.48373644703919,1.1463103242308095,1.1463103242308095,0.0,1.358066183624021,1.358066183624021,0.0,0
0.5,80.56713928273561,1.1940074624021733,1.1940074624021733,0.0,1.4782819479375233,1.4782819479375233,0.0,0
0.5,80.65054211843201,1.242131240911198,1.242131240911198,0.0,1.5924131624638858,1.5924131624638858,0.0,0
0.5,80.73394495412843,1.2875178368446845,1.2875178368446845,0.0,1.6757219391776423,1.6757219391776423,0.0,0
0.5,80.81734778982485,1.3264688809841518,1.3264688809841518,0.0,1.7063894783331066,1.7063894783331066,0.0,0
0.5,80.90075062552125,1.3570625121818933,1.3570625121818933,0.0,1.68319106057168,1.68319106057168,0.0,0
0.5,80.98415346121767,1.3800495346727342,1.3800495346727342,0.0,1.6248605787646353,1.6248605787646353,0.0,0
0.5,81.06755629691409,1.3974223993460675,1.3974223993460675,0.0,1.553134016987203,1.553134016987203,0.0,0
0.5,81.1509591326105,1.4110375892942917,1.4110375892942917,0.0,1.4817406578999317,1.4817406578999317,0.0,0
0.5,81.23436196830691,1.4221992802460457,1.4221992802460457,0.0,1.4166787927325806,1.4166787927325806,0.0,0
0.5,81.31776480400333,1.4317229313476452,1.4317229313476452,0.0,1.3596693320053532,1.3596693320053532,0.0,0
0.5,81.40116763969975,1.440090576567174,1.440090576567174,0.0,1.3105908670388275,1.3105908670388275,0.0,0
0.5,81.48457047539615,1.4475769515815595,1.4475769515815595,0.0,1.2686755185669052,1.2686755185669052,0.0,0
0.5,81.56797331109257,1.454332943645907,1.454332943645907,0.0,1.2330137592010602,1.2330137592010602,0.0,0
0.5,81.65137614678899,1.4604371777643708,1.4604371777643708,0.0,1.2027454060063514,1.2027454060063514,0.0,0
0.5,81.7347789824854,1.4659272036145712,1.4659272036145712,0.0,1.1771198770486333,1.1771198770486333,0.0,0
0.5,81.81818181818181,1.4708183122241556,1.4708183122241556,0.0,1.155505200920544,1.155505200920544,0.0,0
0.5,81.90158465387823,1.4751150439721787,1.4751150439721787,0.0,1.137378703892124,1.137378703892124,0.0,0
0.5,81.98498748957464,1.478818498892056,1.478818498892056,0.0,1.1223126602072466,1.1223126602072466,0.0,0
0.5,82.06839032527105,1.4819313935304181,1.4819313935304181,0.0,1.109960249997756,1.109960249997756,0.0,0
0.5,82.15179316096747,1.484462169955471,1.484462169955471,0.0,1.1000442446872667,1.1000442446872667,0.0,0
0.5,82.23519599666388,1.486429203122335,1.486429203122335,0.0,1.092350307202877,1.092350307202877,0.0,0
0.5,82.3185988323603,1.4878662436017795,1.4878662436017795,0.0,1.0867281733315894,1.0867281733315894,0.0,0
0.5,82.40200166805671,1.4548923785146683,1.4548923785146683,0.0,1.0486176930161086,1.0486176930161086,0.0,0
0.5,82.48540450375312,1.4554997284283213,1.4554997284283213,0.0,1.0487869226040183,1.0487869226040183,0.0,0
0.5,82.56880733944953,1.456170171089281,1.2622557790571693,-0.19391439203211158,1.052760613191642,0.9395609031610743,-0.11319971003056772,0
0.5,82.65221017514595,1.4573971011007636,1.30175415223664,-0.15564294886412355,1.0645161427479108,0.9764273334403083,-0.08808880930760254,0
0.5,82.73561301084236,1.4598727100318984,1.3402444227646064,-0.11962828726729202,1.0904796904740988,1.0133652733015188,-0.07711441717257994,0
0.5,82.81901584653878,1.4626123687572588,1.377658136761583,-0.08495423199567576,1.118090875221474,1.0502841333279491,-0.06780674189352487,0
0.5,82.9024186822352,1.4619562064388103,1.4139255362808822,-0.04803067015792806,1.1302395322996035,1.0870856603547134,-0.043153871944890065,0
0.5,82.9858215179316,1.45861296400045,1.4489749968467245,-0.009637967153725446,1.1324917528642,1.123662454201653,-0.008829298662547114,0
0.5,83.06922435362802,1.4536902003286054,1.4425750380845932,-0.011115162244012211,1.1341991427874343,1.1279967033245468,-0.006202439462887455,1
0.5,83.15262718932443,1.4477861230945932,1.4361958395702243,-0.01159028352436886,1.137168006524165,1.1306766373764794,-0.006491369147685555,1
0.5,83.23603002502084,1.4412316205134375,1.4292567677813854,-0.01197485273205201,1.1415049780841955,1.1348313483888932,-0.0066736296953022745,1
0.5,83.31943286071726,1.4342312843867868,1.421941539890728,-0.012289744496058796,1.1470637621692779,1.1402599436624472,-0.00680381850683065,1
0.5,83.40283569641367,1.426925757583887,1.4143777351806928,-0.012548022403194192,1.1536890881788313,1.146789085983866,-0.006900002194965227,1
0.5,83.48623853211008,1.4194205990638795,1.406662234696106,-0.012758364367773556,1.1612494409406426,1.1542807745815942,-0.00696866635904847,1
0.5,83.5696413678065,1.4118007987057584,1.3988740218172295,-0.012926776888528835,1.1696326353619861,1.1626203017210999,-0.00701233364088627,1
0.5,83.65304420350292,1.4041387122903104,1.3910812221996949,-0.01305749009061552,1.1787364002418477,1.171704022721372,-0.007032377520475697,1
0.5,83.73644703919932,1.396498750808615,1.3833453081521967,-0.01315344265641838,1.1884600052726249,1.1814297018708682,-0.007030303401756699,1
0.5,83.81984987489574,1.3889403490995151,1.3757237983760435,-0.01321655072347161,1.198697773627419,1.1916892823984164,-0.007008491229002489,1
0.5,83.90325271059216,1.3815199510059477,1.368272092003182,-0.013247859002765816,1.2093343406078632,1.2023635993494153,-0.006970741258447877,1
0.5,83.98665554628856,1.3742923820168145,1.3610447541953807,-0.013247627821433738,1.220241429019038,1.213318680253333,-0.006922748765705089,1
0.5,84.07005838198498,1.367311799344285,1.354096411511346,-0.013215387832938852,1.2312759905550383,1.2244034411870826,-0.0068725493679557825,1
0.5,84.1534612176814,1.3606323152518334,1.347482332938106,-0.013149982313727326,1.2422796444228383,1.2354487100039588,-0.006830934418879497,1
0.5,84.23686405337781,1.3543083395958007,1.3412587300066965,-0.013049609589104172,1.2530793956275443,1.2462675900849207,-0.006811805542623617,1
0.5,84.32026688907422,1.3052183032494309,1.3354827905098894,0.030264487260458495,1.2267922282289565,1.2566572268679357,0.02986499863897918,1
0.5,84.40366972477064,1.2999454331999576,1.3302124574727272,0.030267024272769616,1.2358582879342117,1.266402066239676,0.030543778305464286,1
0.5,84.48707256046706,1.2952268035811574,1.325505973833099,0.0302791702519416,1.244029899119499,1.2752787048902225,0.031248805770723642,1
0.5,84.57047539616346,1.2911161826752127,1.3214212297541605,0.030305047078947878,1.2511078169456622,1.2830624251772427,0.03195460823158047,1
0.5,84.65387823185988,1.2876658509338885,1.3180149685457625,0.030349117611873977,1.2569063610887472,1.2895354647684691,0.03262910367972194,1
0.5,84.7372810675563,1.2849258284091505,1.3153419224558944,0.030416094046743947,1.2612628669640529,1.2944969640411443,0.03323409707709146,1
0.5,84.8206839032527,1.2829430885670212,1.2716328932356054,-0.011310195331415862,1.2640475189702012,1.2523971874006803,-0.011650331569520889,1
0.5,84.90408673894912,1.2817608084432954,1.2710078637176019,-0.010752944725693547,1.2651728032200664,1.2522873107937593,-0.012885492426307099,1
0.5,84.98748957464554,1.281417689649462,1.2713037380048764,-0.010113951644585617,1.2646016057613867,1.2503046928348058,-0.014296912926580863,1
0.5,85.07089241034194,1.281947363959581,1.2725607841727575,-0.009386579786823557,1.2623528605804504,1.2464970516586757,-0.015855808921774628,1
0.5,85.15429524603836,1.283377877877653,1.2748133231455565,-0.008564554732096497,1.2585037087795383,1.240984690589167,-0.01751901819037127,1
0.5,85.23769808173478,1.2857312397700846,1.2780888894332574,-0.007642350336827253,1.2531874314399494,1.2339556585146116,-0.01923177292533773,1
0.5,85.32110091743118,1.2890230149549289,1.28240739762717,-0.006615617327758949,1.2465869601034878,1.2256545405463406,-0.020932419557147197,1
0.5,85.4045037531276,1.2932619673815666,1.2877803717974756,-0.0054815955840910036,1.2389244526791454,1.2163661139392663,-0.022558338739879114,1
0.5,85.48790658882402,1.298449764882025,1.294210320776266,-0.004239444105758938,1.2304480756756788,1.2063960807754186,-0.02405199490026022,1
0.5,85.57130942452042,1.3045807798066777,1.301690345847564,-0.002890433959113814,1.2214175703970254,1.1960515357738857,-0.025366034623139688,1
0.5,85.65471226021684,1.3116420213195938,1.3102040452558028,-0.0014379760637910355,1.2120902805780875,1.1856236304763845,-0.026466650101703015,1
0.5,85.73811509591326,1.3196132276114019,1.319725739540015,0.00011251192861316817,1.2027090751928269,1.1753741778461524,-0.02733489734667449,1
0.5,85.82151793160966,1.328467128781637,1.330220996543298,0.0017538677616610876,1.1934931142003316,1.1655269851910506,-0.02796612900928097,1
0.5,85.90492076730608,1.3381698701940616,1.3416473980736419,0.0034775278795802222,1.184631833988782,1.1562638066565436,-0.02836802733223842,1
0.5,85.9883236030025,1.3486815678773938,1.3539554692733056,0.005273901395911773,1.1762820207359292,1.1477241709235946,-0.028557849812334668,1
0.5,86.0717264386989,1.3599569560811084,1.3670896878966599,0.0071327318155514075,1.1685674860895532,1.1400080300537576,-0.028559456035795572,1
0.5,86.15512927439532,1.371946083603502,1.380989500204992,0.009043416601489884,1.161580685861739,1.1331801468228824,-0.028400539038856643,1
0.5,86.23853211009174,1.3845950188724212,1.395590287388083,0.010995268515661794,1.155385602863263,1.127275292221032,-0.028110310642230907,1
0.5,86.32193494578814,1.366154916496089,1.410824245986609,0.04466932949052005,1.1072051716271487,1.1223035610336738,0.015098389406525081,1
0.5,86.40533778148456,1.3805805124895028,1.4266211639289517,0.04604065143944891,1.1040069124980803,1.1182553559507855,0.014248443452705262,1
0.5,86.48874061718098,1.395461525593118,1.4429090884751743,0.047447562882056316,1.1016306331182846,1.1151057963782125,0.013475163259927925,1
0.5,86.57214345287738,1.4107333782265576,1.459614892940073,0.04888151471351532,1.1000536125597522,1.1128184608789207,0.012764848319168465,1
0.5,86.6555462885738,1.426330823071175,1.4766647557811148,0.05033393270993969,1.0992446792936683,1.1113484729236758,0.012103793630007464,1
0.5,86.73894912427022,1.442188275982542,1.4939845691379188,0.051796293155376816,1.0991662269662812,1.110644997639759,0.0114787706734778,1
0.5,86.82235195996664,1.458240112758602,1.4854822960971956,0.02724218333859363,1.0997758950033698,1.0759961223903012,-0.023779772613068628,1
0.5,86.90575479566304,1.4744209429088135,1.503624662426893,0.02920371951807943,1.1010279754454153,1.0777776070507454,-0.023250368394669874,1
0.5,86.98915763135946,1.490665872301303,1.5217862685158838,0.031120396214580737,1.1028746068201498,1.0800946968922032,-0.02277990992794665,1
0.5,87.07256046705588,1.506910764615625,1.5398962250093902,0.032985460393765154,1.1052668094713038,1.0828916080216713,-0.022375201449632565,1
0.5,87.15596330275228,1.5230925091107532,1.5578849637518255,0.03479245464107228,1.1081554071801858,1.0861137477140879,-0.02204165946609793,1
0.5,87.2393661384487,1.5391492995088392,1.5756845140316305,0.03653521452279129,1.1114918688999553,1.0897083820063571,-0.021783486893598214,1
0.5,87.32276897414512,1.5550209259569727,1.5932287981004791,0.038207872143506405,1.1152290931443756,1.0936252721904982,-0.021603820953877362,1
0.5,87.40617180984152,1.5706490792170913,1.610453944253832,0.03980486503674063,1.1193221468273704,1.0978172887116007,-0.021504858115769743,1
0.5,87.48957464553794,1.5859776636031617,1.627298612844075,0.04132094924091323,1.1237289607004817,1.102241000520116,-0.021487960180365695,1
0.5,87.57297748123436,1.600953112889354,1.643704328124456,0.04275121523510217,1.1284109754047063,1.1068572295659178,-0.02155374583878844,1
0.5,87.65638031693076,1.6155247015979637,1.6596158069274982,0.04409110532953453,1.1333337258578084,1.1116315539772375,-0.021702171880570997,1
0.5,87.73978315262718,1.629644842864126,1.6749812739815133,0.04533643111738739,1.1384673474491824,1.1165347396123035,-0.021932607836878892,1
0.5,87.8231859883236,1.643269363554332,1.6897527532446917,0.04648338969035959,1.14378698539897,1.121543078088581,-0.022243907310389055,1
0.5,87.90658882402,1.656357747526589,1.703886325017839,0.04752857749125017,1.1492730885954543,1.1266386099419163,-0.02263447865353796,1
0.5,87.98999165971642,1.6688733388426982,1.7173423397525964,0.04846900090989825,1.1549115710328053,1.1318092139579328,-0.023102357074872515,1
0.5,88.07339449541284,1.6807834983000345,1.7300855813080174,0.04930208300798289,1.160693827256404,1.1370485475223795,-0.023645279734024527,1
0.5,88.15679733110925,1.6920597087086466,1.7420853747727318,0.050025666064085206,1.1666165924905225,1.1423558275169265,-0.024260764973595972,1
0.5,88.24020016680566,1.678348883080229,1.7533156366674227,0.07496675358719385,1.1490478981641759,1.1477354462479592,-0.0013124519162166504,1
0.5,88.32360300250208,1.688395767860539,1.763754868155941,0.07535910029540194,1.1556100884559308,1.1531964215604038,-0.0024136668955270224,1
0.5,88.40700583819849,1.697733964819263,1.7733860946062905,0.0756521297870274,1.1622946124655797,1.158751684167299,-0.003542928298280845,1
0.5,88.4904086738949,1.7063520888041381,1.7821967572599724,0.07584466845583426,1.169114046760411,1.1644172079830157,-0.004696838777395351,1
0.5,88.57381150959132,1.7142426727562743,1.7901785647360533,0.07593589197977901,1.176083039527303,1.1702109907496852,-0.005872048777617822,1
0.5,88.65721434528773,1.7214020090828428,1.7973273135111598,0.07592530442831702,1.1832172629919067,1.1761518925835348,-0.007065370408371852,1
0.5,88.74061718098415,1.7278299686157137,1.7825473149281688,0.05471734631245506,1.190532239148217,1.1605723120230367,-0.029959927125180252,1
0.5,88.82402001668056,1.7335298061287523,1.7880776882229132,0.05454788209416095,1.1980420475976892,1.1668689566137205,-0.0311730909839687,1
0.5,88.90742285237697,1.7385079611182672,1.792776241149414,0.0542682800311467,1.2057579244069467,1.173303331269451,-0.03245459313749577,1
0.5,88.99082568807339,1.7427738618191906,1.796654211584208,0.05388034976501732,1.2136867620731573,1.1798795723372564,-0.03380718973590091,1
0.5,89.0742285237698,1.7463397393042555,1.7997260044237784,0.053386265119522935,1.2218295237787407,1.1865944730005125,-0.035235050778228194,1
0.5,89.15763135946621,1.74922045706794,1.802009031583517,0.05278857451557717,1.2301795909901618,1.193435607168212,-0.03674398382194988,1
0.5,89.24103419516263,1.7514333598011658,1.803523577464592,0.05209021766342614,1.2387210729338725,1.200379415112312,-0.038341657821560515,1
0.5,89.32443703085904,1.7529981431833304,1.8042926921440878,0.05129454896075747,1.2474271202576948,1.2073893116464576,-0.04003780861123718,1
0.5,89.40783986655545,1.7539367445215115,1.804342112397021,0.05040536787550942,1.256258303693397,1.2144139077266265,-0.041844395966770476,1
0.5,89.49124270225187,1.754273252027721,1.803700208443714,0.04942695641599282,1.2651611417923827,1.221385475282184,-0.04377566651019871,1
0.5,89.57464553794829,1.754033828540303,1.8023979520755136,0.04836412353521058,1.2740668892032112,1.2282188323898156,-0.045848056813395655,1
0.5,89.6580483736447,1.7532466436913101,1.8004688995716367,0.04722225588032658,1.2828907270078136,1.2348108791324983,-0.048079847875315274,1
0.5,89.74145120934111,1.7519418070560049,1.7979491805734187,0.0460073735174138,1.2915315266584475,1.2410410679451795,-0.05049045871326796,1
0.5,89.82485404503753,1.750151293870351,1.794877481770448,0.04472618790009708,1.2998723848504807,1.246773135396016,-0.05309924945446465,1
0.5,89.90825688073394,1.7479088546243429,1.7912950117477207,0.04338615712337779,1.3077821420977915,1.2518584381670517,-0.055923703930739865,1
0.5,89.99165971643035,1.745249900310682,1.7872454304674272,0.041995530156745176,1.3151180944580947,1.2561412001830992,-0.05897689427499553,1
0.5,90.07506255212677,1.7422113562516541,1.7827747234827986,0.04056336723114451,1.3217300750387553,1.2594658604872873,-0.06226421455146802,1
0.5,90.15846538782318,1.7388314789532717,1.7779309972384931,0.0390995182852214,1.3274660071238689,1.2616864836246509,-0.065779523499218,1
0.5,90.24186822351959,1.7102188971715586,1.772764168431563,0.06254527126000431,1.299387415223633,1.26267784166198,-0.036709573561653164,1
0.5,90.325271059216,1.7063313267386533,1.7673255190487378,0.060994192310084516,1.3017228529888634,1.262347320420577,-0.0393755325682863,1
0.5,90.40867389491243,1.7022399622701831,1.7616670920081725,0.05942712973798936,1.3028047673405627,1.2606463191692743,-0.04215844817128844,1
0.5,90.49207673060883,1.697986919651079,1.7558409133598503,0.0578539937087712,1.3025930383254976,1.2575794433675056,-0.045013594957991954,1
0.5,90.57547956630525,1.6936136039717862,1.7498980477074448,0.05628444373565866,1.3010906461407603,1.2532097120550716,-0.04788093408568872,1
0.5,90.65888240200167,1.689160065767149,1.7438875228025144,0.0547274570353653,1.2983464799084374,1.2476583628732707,-0.050688117035166735,1
0.5,90.74228523769807,1.6846643066255778,1.718918109715546,0.03425380308996817,1.2944542761829851,1.2003277091906943,-0.09412656699229083,1
0.5,90.82568807339449,1.680161571608117,1.7132876571933269,0.0331260855852098,1.289547483462537,1.193242529085396,-0.09630495437714082,1
0.5,90.9090909090909,1.675683678077131,1.7077230573010047,0.03203937922387379,1.2837905239410166,1.1859290520848815,-0.09786147185613503,1
0.5,90.99249374478731,1.6712584356882,1.7022472050657202,0.030988769377520153,1.277367548791271,1.1786063122727237,-0.09876123651854729,1
0.5,91.07589658048373,1.666909207515835,1.6968763535500524,0.029967146034217462,1.2704701818094921,1.1714727506770792,-0.09899743113241288,1
0.5,91.15929941618015,1.6626546476519766,1.6916203366496911,0.028965688997714567,1.2632858113542142,1.164699257832638,-0.09858655352157619,1
0.5,91.24270225187655,1.6585086294503033,1.6864830135506936,0.027974384100390326,1.2559877275258613,1.1584265647095944,-0.09756116281626692,1
0.5,91.32610508757297,1.6544803561363468,1.6814628846513808,0.02698252851503402,1.2487279181034243,1.1527662734979198,-0.09596164460550449,1
0.5,91.40950792326939,1.650574626893702,1.676553848922385,0.02597922202868297,1.241632789468716,1.1478043522342827,-0.09382843723443335,1
0.5,91.49291075896579,1.6467922200734788,1.6717461006668255,0.02495388059334669,1.2348016089990368,1.1436057432303322,-0.09119586576870464,1
0.5,91.57631359466221,1.643130351681136,1.6670271860386296,0.02389683435749368,1.2283071565610988,1.1402187974564473,-0.08808835910465151,1
0.5,91.65971643035863,1.6395831705259276,1.6623832413823276,0.022800070856400012,1.2221979414454456,1.1376785067817097,-0.0845194346637359,1
0.5,91.74311926605503,1.6361422590285477,1.6578004044576191,0.021658145429071407,1.2165013550692623,1.136007961395857,-0.08049339367340536,1
0.5,91.82652210175145,1.632797118190936,1.6532663256629576,0.020469207472021633,1.211227235204386,1.1352180883634886,-0.07600914684089743,1
0.5,91.90992493744787,1.6295356246335275,1.6487716298860766,0.019236005252549093,1.2063714617615826,1.1353063915215753,-0.0710650702400073,1
0.5,91.99332777314427,1.62634445557358,1.644311130195145,0.017966674621564982,1.2019193482039436,1.1362558408254106,-0.06566350737853299,1
0.5,92.07673060884069,1.623209483426114,1.6398846106812124,0.016675127255098454,1.1978487135070248,1.1380349942454167,-0.05981371926160817,1
0.5,92.16013344453711,1.597346924768429,1.635497084700877,0.03815015993244786,1.166388843847751,1.140599871896566,-0.025788971951185014,1
0.5,92.24353628023351,1.5941998053662239,1.6311585606187105,0.0369587552524866,1.163546638221233,1.1438973569014537,-0.019649281319779277,1
0.5,92.32693911592993,1.5910391806084079,1.626883453030884,0.03584427242247612,1.1609125356618344,1.1478693898898686,-0.013043145771965747,1
0.5,92.41034195162635,1.5878526962910349,1.6226898238565175,0.03483712756548263,1.1584637927994255,1.152457167875511,-0.006006624923914572,1
0.5,92.49374478732277,1.5846291059099609,1.6185986223626265,0.03396951645266566,1.1561826555996066,1.1576048642868715,0.0014222086872648365,1
0.5,92.57714762301917,1.5813584831985452,1.6146330409506677,0.03327455775212251,1.1540573671512933,1.1632628163564334,0.009205449205140104,1
0.5,92.66055045871559,1.578032375566184,1.5947402881917063,0.016707912625522292,1.1520827897229515,1.158821877166693,0.0067390874437414094,1
0.5,92.74395329441201,1.5746438869825325,1.5910084788250278,0.01636459184249528,1.1502605788116493,1.165971746904991,0.01571116809334172,1
0.5,92.82735613010841,1.5711876859538823,1.5874892151896867,0.016301529235804413,1.1485988937554048,1.173529143991359,0.0249302502359543,1
0.5,92.91075896580483,1.5676599433211051,1.5842138640678674,0.016553920746762207,1.1471116935219012,1.1815429638364103,0.0344312703145091,1
0.5,92.99416180150125,1.5640582131920355,1.5812143849372917,0.017156171745256188,1.1458177269505665,1.1901119006448089,0.04429417369424238,1
0.5,93.07756463719765,1.5603812760887488,1.5785221106559784,0.01814083456722959,1.1447393642628385,1.1994094533667563,0.054670089103917796,1
0.5,93.16096747289407,1.5566289650840182,1.576164857618552,0.019535892534533916,1.1439014207459681,1.209722993450159,0.06582157270419087,1
0.5,93.24437030859049,1.5528019934771664,1.5741602835295068,0.021358290052340356,1.1433300966879452,1.2215112679354507,0.07818117124750557,1
0.5,93.3277731442869,1.5489017976851611,1.5725006345212718,0.023598836836110637,1.143052112186125,1.235468924891272,0.09241681270514701,1
0.5,93.41117597998331,1.5449304031926383,1.5711173872096227,0.026186984016984383,1.1430940666196647,1.2524934924486977,0.10939942582903295,1
0.5,93.49457881567973,1.5408903160707879,1.569800904562031,0.02891058849124306,1.1434820123413967,1.2730549487569331,0.12957293641553647,1
0.5,93.57798165137613,1.5367844385966756,1.568047037429749,0.031262598833073474,1.1442412062677572,1.2946547648905264,0.15041355862276928,1
0.5,93.66138448707255,1.5326160051138975,1.5649754405594332,0.032359435445535656,1.145395991524085,1.3089916786867908,0.16359568716270578,1
0.5,93.74478732276897,1.5283885332657716,1.5600121524272568,0.03162361916148515,1.1469697606669784,1.3093793606217257,0.16240959995474724,1
0.5,93.82819015846538,1.5241057856944922,1.5537810694835419,0.02967528378904971,1.1489849577504536,1.3000387427100055,0.1510537849595519,1
0.5,93.9115929941618,1.519771737808862,1.5472298462743437,0.02745810846548169,1.1514630847176357,1.2893319947631654,0.1378689100455297,1
0.5,93.99499582985821,1.5153905479421441,1.54091843363438,0.025527885692235852,1.15442468564079,1.2808804755085312,0.1264557898677412,1
0.5,94.07839866555462,1.5109665269313213,1.5350980441648114,0.024131517233490163,1.157889288820132,1.2749788575224397,0.11708956870230769,1
0.5,94.16180150125103,1.4762651921694812,1.5298705542951248,0.053605362125643596,1.1347608025235811,1.2711114393190308,0.13635063679544968,1
0.5,94.24520433694745,1.4713875756815902,1.5252723464997833,0.053884770818193095,1.139110703436451,1.2687691622655886,0.12965845882913762,1
0.5,94.32860717264386,1.4664722405502315,1.5213110578328226,0.0548388172825911,1.1440012232711032,1.2675882375447203,0.12358701427361707,1
0.5,94.41201000834027,1.4615235386335168,1.5179813049103856,0.056457766276868826,1.1494457356794991,1.2673327765794298,0.11788704089993063,1
0.5,94.4954128440367,1.4565458003534757,1.515271489030114,0.0587256886766383,1.1554553126029887,1.267857302536231,0.11240198993324224,1
0.5,94.5788156797331,1.451543280521946,1.5131668037437183,0.061623523221772336,1.162038175860345,1.269075681736987,0.10703750587664196,1
0.5,94.66221851542952,1.4465200964436025,1.4854347663976166,0.03891466995401416,1.169199045346896,1.242425962644969,0.07322691729807307,1
0.5,94.74562135112593,1.441480158862561,1.484703183937446,0.04322302507488507,1.1769383933183777,1.244639905193321,0.06770151187494333,1
0.5,94.82902418682234,1.4364270969533113,1.4845398225801,0.04811272562678881,1.1852516307734429,1.2474158117746317,0.06216418100118881,1
0.5,94.91242702251876,1.43136417896291,1.4849284557473108,0.0535642767844009,1.1941282776224047,1.2507299958060782,0.056601718183673544,1
0.5,94.99582985821517,1.4262942296295755,1.4858542908255106,0.05956006119593504,1.203551205283632,1.2545447825362264,0.05099357725259446,1
0.5,95.07923269391159,1.421219542831464,1.4873047446894867,0.06608520185802269,1.2134960885204522,1.2588025997191308,0.04530651119867857,1
0.5,95.162635529608,1.416141780789382,1.4892701262080636,0.07312834541868174,1.223931256155801,1.2634211846835313,0.03948992852773037,1
0.5,95.24603836530441,1.4110618361450173,1.4917440798349284,0.08068224368991106,1.234818166546463,1.2682903699847847,0.03347220343832169,1
0.5,95.32944120100083,1.4059796063912977,1.494723665332716,0.08874405894141835,1.2461127054903969,1.2732708830616306,0.027158177571233733,1
0.5,95.41284403669724,1.4008935896224466,1.4982090239431447,0.09731543432069811,1.2577673286283193,1.278195279731511,0.020427951103191733,1
0.5,95.49624687239366,1.3958001634814108,1.5022026903387469,0.10640252685733609,1.2697336497539435,1.2828707087341045,0.013137058980160932,1
0.5,95.57964970809007,1.3906923826525834,1.5067087040572265,0.11601632140464302,1.2819643950058315,1.2870829952171883,0.005118600211356794,1
0.5,95.66305254378648,1.3855581792074645,1.5117317062392646,0.12617352703180007,1.294412961357096,1.2906017444522333,-0.0038112169048627464,1
0.5,95.7464553794829,1.380378037905031,1.517276164120221,0.13689812621519004,1.3070288145943914,1.2931867017103722,-0.013842112884019153,1
0.5,95.82985821517931,1.3751225439937265,1.5233457742022072,0.14822323020848072,1.3197483991405028,1.2945961101956338,-0.025152288944868983,1
0.5,95.91326105087572,1.369750506034538,1.5299429989114788,0.1601924928769407,1.3324839228927225,1.2945979323265513,-0.03788599056617126,1
0.5,95.99666388657214,1.364208360878461,1.5370686227766932,0.17286026189823223,1.3451144544958609,1.292984363780574,-0.05213009071528685,1
0.5,96.08006672226855,1.314731167950067,1.5447211844782613,0.22999001652819429,1.3245221040739918,1.289589098468953,-0.03493300560503876,1
0.5,96.16346955796496,1.3078610225376779,1.5528961504583956,0.2450351279207177,1.3363275203551528,1.2843054877870128,-0.052022032568139975,1
0.5,96.24687239366138,1.300543695823902,1.5615847423774782,0.2610410465535762,1.347284500571524,1.2771024434452145,-0.07018205712630943,1
0.5,96.3302752293578,1.292698070165277,1.5707724121883437,0.2780743420230667,1.357085818541559,1.2680341916353681,-0.08905162690619095,1
0.5,96.4136780650542,1.284247421969781,1.5804370643683507,0.2961896423985697,1.3653778707888726,1.257240355247136,-0.10813751554173656,1
0.5,96.49708090075062,1.275125867311585,1.5905472281898396,0.31542136087825456,1.3717395142459219,1.244934587687641,-0.1268049265582809,1
0.5,96.58048373644704,1.2652890830452193,1.589449156620137,0.3241600735749177,1.3756532238972712,1.183169820771775,-0.19248340312549628,1
0.5,96.66388657214344,1.2547320209317827,1.6014199000702811,0.3466878791384984,1.3764734121948212,1.1697731592818994,-0.20670025291292182,1
0.5,96.74728940783986,1.2435168909920908,1.6136423385155303,0.37012544752343945,1.37340432658819,1.1560683466518236,-0.21733597993636633,1
0.5,96.83069224353628,1.231814230627067,1.6260239292577625,0.39420969863069555,1.3655141172702896,1.1422315002737855,-0.2232826169965041,1
0.5,96.91409507923268,1.2199563346748055,1.6384622364326973,0.4185059017578918,1.3518313239539739,1.1283849418733085,-0.22344638208066536,1
0.5,96.9974979149291,1.208492342733237,1.6508457606404525,0.4423534179072155,1.331580409048633,1.1145981493943102,-0.21698225965432272,1
0.5,97.08090075062552,1.1982159203228404,1.663054225778353,0.4648383054555125,1.304573578767673,1.1008934688331886,-0.2036801099344845,1
0.5,97.16430358632192,1.190118124459972,1.6749580403764486,0.4848399159164767,1.2716412473578416,1.0872538508508072,-0.1843873965070344,1
0.5,97.24770642201834,1.185227949899367,1.6864166316062081,0.5011886817068412,1.2348045643017114,1.0736301426315094,-0.16117442167020202,1
0.5,97.33110925771476,1.1843691314346323,1.6972752242550835,0.5129060928204512,1.196902466315655,1.0599457347519412,-0.13695673156371369,1
0.5,97.41451209341116,1.1879480046525126,1.7073593024112117,0.5194112977586991,1.1607521296479513,1.0460960544301992,-0.11465607521775212,1
0.5,97.49791492910758,1.195891342902767,1.7164652145410537,0.5205738716382866,1.128341569604344,1.0319385651961739,-0.09640300440817007,1
0.5,97.581317764804,1.2077496004735193,1.7243435276570198,0.5165939271835005,1.1005224417072281,1.0172630408115855,-0.08325940089564265,1
0.5,97.6647206005004,1.222883362470879,1.7306668113377401,0.5077834488668611,1.0772517473006697,1.0017127848688911,-0.0755389624317786,1
0.5,97.74812343619682,1.2406494137132567,1.7349579880781603,0.4943085743649036,1.0581861483111958,0.9845534082681089,-0.07363274004308695,1
0.5,97.83152627189324,1.2605797858916103,1.7363908887965145,0.47581110290490414,1.0439363157030193,0.9637874902181595,-0.0801488254848598,1
0.5,97.91492910758966,1.2827903972280386,1.7329216332430968,0.4501312360150582,1.0453673579081995,0.9299080501119028,-0.11545930779629665,1
0.5,97.99833194328606,1.305847578115614,1.7390092026160828,0.4331616245004688,1.1696579151150504,1.1307167412294479,-0.038941173885602476,1
0.5,98.08173477898248,1.3249925123621225,1.7675857618524222,0.44259324949029977,1.0945659036368869,1.0591273862185333,-0.03543851741835358,1
0.5,98.1651376146789,1.3421878204669258,1.7897249739713263,0.4475371535044006,1.0728505862692908,1.0280968769615582,-0.04475370930773259,1
0.5,98.2485404503753,1.3598326614808929,1.8086968236663885,0.44886416218549563,1.0620523766421037,1.006043468502634,-0.05600890813946968,1
0.5,98.33194328607172,1.377543808220965,1.8254543111320891,0.4479105029111241,1.0555785040576027,0.9882567716324033,-0.06732173242519934,1
0.5,98.41534612176814,1.3950866019804589,1.8404555213763716,0.4453689193959127,1.0515176822279764,0.9730809236996003,-0.07843675852837606,1
0.5,98.49874895746454,1.4123016155248032,1.8539697119712715,0.4416680964464683,1.049108029489947,0.9597228143583371,-0.08938521513161002,1
0.5,98.58215179316096,1.4290762453809909,1.867754211386428,0.4386779660054372,1.0479895057357467,0.9318381454239668,-0.11615136031177986,1
0.5,98.66555462885738,1.4453303026222044,1.8788373776294496,0.43350707500724517,1.0479738772832357,0.9214906751413837,-0.12648320214185194,1
0.5,98.74895746455378,1.4610074208993005,1.8887999493953407,0.4277925284960402,1.0489572295525837,0.9119626269631246,-0.13699460258945917,1
0.5,98.8323603002502,1.4760693969316188,1.897717510752724,0.42164811382110523,1.050881780458845,0.9031297761885203,-0.14775200427032475,1
0.5,98.91576313594662,1.4904922308330273,1.90564988929873,0.41515765846570263,1.0537175416818994,0.8949029961873394,-0.15881454549455998,1
0.5,98.99916597164302,1.5042632568146903,1.9126453423448562,0.40838208553016586,1.057452899446606,0.8872171589914976,-0.17023574045510836,1
0.5,99.08256880733944,1.517379025518967,1.9187433744360056,0.40136434891703865,1.0620895624618163,0.8800240935778455,-0.1820654688839708,1
0.5,99.16597164303586,1.5298437310946387,1.9239767197915052,0.3941329886968665,1.0676398113848269,0.8732878665855103,-0.1943519447993166,1
0.5,99.24937447873226,1.541668046827616,1.9283727898989402,0.3867047430713242,1.0741250515484089,0.8669814727502748,-0.20714357879813405,1
0.5,99.33277731442868,1.55286827415395,1.9319547643921977,0.3790864902382478,1.0815751648493683,0.8610844207354121,-0.2204907441139562,1
0.5,99.4161801501251,1.563465735035806,1.9347424359846759,0.3712767009488698,1.0900284000070324,0.8555809057698297,-0.23444749423720268,1
0.5,99.4995829858215,1.5734863534276071,1.936752881343343,0.3632665279157359,1.0995316664951924,0.8504583728569742,-0.24907329363821817,1
0.5,99.58298582151792,1.582960380970416,1.938001006431544,0.355040625461128,1.1101411654315287,0.8457063387910534,-0.26443482664047535,1
0.5,99.66638865721434,1.5919222264717796,1.9385000003127209,0.34657777384094124,1.1219233276883478,0.8413153798862143,-0.2806079478021335,1
0.5,99.74979149291075,1.6004103484545549,1.9382617220702874,0.3378513736157325,1.1349560475234697,0.8372762164942261,-0.29767983102924356,1
0.5,99.83319432860716,1.608467164581135,1.9372970393265412,0.32882987474540615,1.1493302029560724,0.8335788412017773,-0.3157513617542951,1
0.5,99.91659716430358,1.616138919748444,1.9356161326495425,0.31947721290109854,1.1651514398672405,0.8302116486778636,-0.3349397911893769,1
0.5,100.0,1.6234754337688884,1.9330915796910286,0.30961614592214026,1.1825421571897452,0.8306968255479289,-0.3518453316418163,1
0.75,0.0,1.583578631377114e-18,1.583578631377114e-18,0.0,1.583578631377114e-18,1.583578631377114e-18,0.0,0
0.75,0.08340283569641367,0.059154493581330965,0.059154493581330965,0.0,0.05392220097263249,0.05392220097263249,0.0,0
0.75,0.16680567139282734,0.056600188707966306,0.056600188707966306,0.0,0.05151989711062812,0.05151989711062812,0.0,0
0.75,0.25020850708924103,0.054047368528021764,0.054047368528021764,0.0,0.049123604818109304,0.049123604818109304,0.0,0
0.75,0.3336113427856547,0.051494204736431536,0.051494204736431536,0.0,0.04673142689546512,0.04673142689546512,0.0,0
0.75,0.41701417848206834,0.048938886642817335,0.048938886642817335,0.0,0.044341451362561644,0.044341451362561644,0.0,0
0.75,0.5004170141784821,0.04637963322690169,0.04637963322690169,0.0,0.04195176409521478,0.04195176409521478,0.0,0
0.75,0.5838198498748957,0.04381470546063864,0.04381470546063864,0.0,0.039560462139448416,0.039560462139448416,0.0,0
0.75,0.6672226855713094,0.04124241899440836,0.04124241899440836,0.0,0.037165667868107766,0.037165667868107766,0.0,0
0.75,0.7506255212677231,0.03866115737872603,0.03866115737872603,0.0,0.03476554423747107,0.03476554423747107,0.0,0
0.75,0.8340283569641367,0.03606938611722905,0.03606938611722905,0.0,0.032358311558795,0.032358311558795,0.0,0
0.75,0.9174311926605504,0.033465668062635415,0.033465668062635415,0.0,0.029942266477141814,0.029942266477141814,0.0,0
0.75,1.0008340283569641,0.03084868105647196,0.03084868105647196,0.0,0.027515804359653423,0.027515804359653423,0.0,0
0.75,1.0842368640533777,0.028217239444037208,0.028217239444037208,0.0,0.025077447274432188,0.025077447274432188,0.0,0
0.75,1.1676396997497913,0.025570322534855368,0.025570322534855368,0.0,0.02262588171756145,0.02262588171756145,0.0,0
0.75,1.2510425354462051,0.022907116075215134,0.022907116075215134,0.0,0.020160014479025837,0.020160014479025837,0.0,0
0.75,1.3344453711426187,0.020227079472737663,0.020227079472737663,0.0,0.017679064780414547,0.017679064780414547,0.0,0
0.75,1.4178482068390323,0.01753006764652062,0.01753006764652062,0.0,0.015182735320794697,0.015182735320794697,0.0,0
0.75,1.5012510425354462,0.01481657959375332,0.01481657959375332,0.0,0.012671573849783277,0.012671573849783277,0.0,0
0.75,1.5846538782318598,0.012088337897176463,0.012088337897176463,0.0,0.01014786201937364,0.01014786201937364,0.0,0
0.75,1.6680567139282734,0.00934988618172674,0.00934988618172674,0.0,0.007618269076621804,0.007618269076621804,0.0,0
0.75,1.7514595496246872,0.006614171679868396,0.006614171679868396,0.0,0.005104391264556382,0.005104391264556382,0.0,0
0.75,1.8348623853211008,0.003931340188932513,0.003931340188932513,0.0,0.002711406618973392,0.002711406618973392,0.0,0
0.75,1.9182652210175144,0.0017014742035664123,0.0017014742035664123,0.0,0.00150297208784631,0.00150297208784631,0.0,0
0.75,2.0016680567139282,0.06124901095817341,0.06124901095817341,0.0,0.05607573671385058,0.05607573671385058,0.0,0
0.75,2.0850708924103416,0.05846674098646835,0.05846674098646835,0.0,0.053564120818168394,0.053564120818168394,0.0,0
0.75,2.1684737281067554,0.05566331903317516,0.05566331903317516,0.0,0.051029172487859494,0.051029172487859494,0.0,0
0.75,2.2518765638031693,0.05283918958561407,0.05283918958561407,0.0,0.048470844763508956,0.048470844763508956,0.0,0
0.75,2.3352793994995826,0.04999498849638833,0.04999498849638833,0.0,0.045889339334726595,0.045889339334726595,0.0,0
0.75,2.4186822351959965,0.04713154568519692,0.04713154568519692,0.0,0.043285114112718605,0.043285114112718605,0.0,0
0.75,2.5020850708924103,0.044249888322338504,0.044249888322338504,0.0,0.04065888962701377,0.04065888962701377,0.0,0
0.75,2.5854879065888237,0.04135124551306666,0.04135124551306666,0.0,0.03801165478738841,0.03801165478738841,0.0,0
0.75,2.6688907422852375,0.03843705617852802,0.03843705617852802,0.0,0.03534467306933187,0.03534467306933187,0.0,0
0.75,2.7522935779816513,0.03550898299729714,0.03550898299729714,0.0,0.03265949106571499,0.03265949106571499,0.0,0
0.75,2.8356964136780647,0.03256893737356761,0.03256893737356761,0.0,0.029957952923540053,0.029957952923540053,0.0,0
0.75,2.9190992493744785,0.029619124358970756,0.029619124358970756,0.0,0.027242227136439288,0.027242227136439288,0.0,0
0.75,3.0025020850708923,0.02666212431937647,0.02666212431937647,0.0,0.024514858012111895,0.024514858012111895,0.0,0
0.75,3.0859049207673057,0.023701044721757523,0.023701044721757523,0.0,0.021778866491217817,0.021778866491217817,0.0,0
0.75,3.1693077564637195,0.020739812948136916,0.020739812948136916,0.0,0.019037953124831957,0.019037953124831957,0.0,0
0.75,3.2527105921601334,0.01778377350778968,0.01778377350778968,0.0,0.016296926004596902,0.016296926004596902,0.0,0
0.75,3.3361134278565467,0.014841005861699523,0.014841005861699523,0.0,0.01356267067269843,0.01356267067269843,0.0,0
0.75,3.4195162635529606,0.011925567654838706,0.011925567654838706,0.0,0.010846598570725372,0.010846598570725372,0.0,0
0.75,3.5029190992493744,0.009066782749749992,0.009066782749749992,0.0,0.008171885492340407,0.008171885492340407,0.0,0
0.75,3.5863219349457878,0.006342100098320742,0.006342100098320742,0.0,0.005600501794142889,0.005600501794142889,0.0,0
0.75,3.6697247706422016,0.004027797209192917,0.004027797209192917,0.0,0.0033731050872542272,0.0033731050872542272,0.0,0
0.75,3.7531276063386154,0.0031811668848608725,0.0031811668848608725,0.0,0.0025950134492640315,0.0025950134492640315,0.0,0
0.75,3.836530442035029,0.004666731159877029,0.004666731159877029,0.0,0.004159456677326639,0.004159456677326639,0.0,0
0.75,3.9199332777314426,0.007143057441255982,0.007143057441255982,0.0,0.0065496741740726705,0.0065496741740726705,0.0,0
0.75,4.0033361134278564,0.05442681721836089,0.05442681721836089,0.0,0.051358254175978064,0.051358254175978064,0.0,0
0.75,4.08673894912427,0.05142688103658763,0.05142688103658763,0.0,0.04853938620689752,0.04853938620689752,0.0,0
0.75,4.170141784820683,0.048436431829916894,0.048436431829916894,0.0,0.04572809064369683,0.04572809064369683,0.0,0
0.75,4.253544620517097,0.04545710984182426,0.04545710984182426,0.0,0.04292657619761061,0.04292657619761061,0.0,0
0.75,4.336947456213511,0.04249044091602157,0.04249044091602157,0.0,0.04013685899951181,0.04013685899951181,0.0,0
0.75,4.420350291909925,0.03953782997304714,0.03953782997304714,0.0,0.037360737490775085,0.037360737490775085,0.0,0
0.75,4.5037531276063385,0.03660055857566666,0.03660055857566666,0.0,0.034599769185205,0.034599769185205,0.0,0
0.75,4.587155963302752,0.033679788155915685,0.033679788155915685,0.0,0.031855249235998424,0.031855249235998424,0.0,0
0.75,4.670558798999165,0.030776571586106628,0.030776571586106628,0.0,0.029128190756168293,0.029128190756168293,0.0,0
0.75,4.753961634695579,0.027891877909696838,0.027891877909696838,0.0,0.026419306983735565,0.026419306983735565,0.0,0
0.75,4.837364470391993,0.025026639330648432,0.025026639330648432,0.0,0.023728995792570796,0.023728995792570796,0.0,0
0.75,4.920767306088407,0.022181838642520057,0.022181838642520057,0.0,0.021057328041149178,0.021057328041149178,0.0,0
0.75,5.004170141784821,0.01935867590662326,0.01935867590662326,0.0,0.018404043606772013,0.018404043606772013,0.0,0
0.75,5.087572977481234,0.016558904195285024,0.016558904195285024,0.0,0.015768564819239456,0.015768564819239456,0.0,0
0.75,5.170975813177647,0.013785564552130088,0.013785564552130088,0.0,0.013150053067127021,0.013150053067127021,0.0,0
0.75,5.254378648874061,0.011044793321787316,0.011044793321787316,0.0,0.01054758498266609,0.01054758498266609,0.0,0
0.75,5.337781484570475,0.008351055037298633,0.008351055037298633,0.0,0.007960720001573149,0.007960720001573149,0.0,0
0.75,5.421184320266889,0.005746383547523718,0.005746383547523718,0.0,0.005391752784704161,0.005391752784704161,0.0,0
0.75,5.504587155963303,0.0034016808123498634,0.0034016808123498634,0.0,0.002860071981987471,0.002860071981987471,0.0,0
0.75,5.5879899916597155,0.002271223032074118,0.002271223032074118,0.0,0.0007737692735555062,0.0007737692735555062,0.0,0
0.75,5.671392827356129,0.003684912527668806,0.003684912527668806,0.0,0.002510016534877639,0.002510016534877639,0.0,0
0.75,5.754795663052543,0.006054944851185939,0.006054944851185939,0.0,0.005033760521425158,0.005033760521425158,0.0,0
0.75,5.838198498748957,0.008618474641959402,0.008618474641959402,0.0,0.007605881103253959,0.007605881103253959,0.0,0
0.75,5.921601334445371,0.05082766876700201,0.05082766876700201,0.0,0.048012622920073154,0.048012622920073154,0.0,0
0.75,6.005004170141785,0.04810896692457359,0.04810896692457359,0.0,0.04554234816012855,0.04554234816012855,0.0,0
0.75,6.088407005838198,0.04540263634421064,0.04540263634421064,0.0,0.04308189805336178,0.04308189805336178,0.0,0
0.75,6.171809841534611,0.04270762229916759,0.04270762229916759,0.0,0.040625846783900674,0.040625846783900674,0.0,0
0.75,6.255212677231025,0.040022982872890675,0.040022982872890675,0.0,0.03816957159989122,0.03816957159989122,0.0,0
0.75,6.338615512927439,0.03734791387717683,0.03734791387717683,0.0,0.03571067173814549,0.03571067173814549,0.0,0
0.75,6.422018348623853,0.03468171749475113,0.03468171749475113,0.0,0.03325010722881754,0.03325010722881754,0.0,0
0.75,6.505421184320267,0.03202371045674186,0.03202371045674186,0.0,0.030791936268754157,0.030791936268754157,0.0,0
0.75,6.58882402001668,0.02937313381834869,0.02937313381834869,0.0,0.028340900860771723,0.028340900860771723,0.0,0
0.75,6.6722268557130935,0.026729227173818326,0.026729227173818326,0.0,0.025898654408699037,0.025898654408699037,0.0,0
0.75,6.755629691409507,0.024091723642989164,0.024091723642989164,0.0,0.023460890279742682,0.023460890279742682,0.0,0
0.75,6.839032527105921,0.021462094923302928,0.021462094923302928,0.0,0.021017263820913522,0.021017263820913522,0.0,0
0.75,6.922435362802335,0.018846046638326393,0.018846046638326393,0.0,0.018554296636438,0.018554296636438,0.0,0
0.75,7.005838198498749,0.016258346318767297,0.016258346318767297,0.0,0.016060958648571474,0.016060958648571474,0.0,0
0.75,7.089241034195162,0.013732679664787707,0.013732679664787707,0.0,0.013539292376109822,0.013539292376109822,0.0,0
0.75,7.1726438698915755,0.011343191064707868,0.011343191064707868,0.0,0.011030751256880744,0.011030751256880744,0.0,0
0.75,7.256046705587989,0.009252002999483963,0.009252002999483963,0.0,0.008693605972342418,0.008693605972342418,0.0,0
0.75,7.339449541284403,0.007792080710317899,0.007792080710317899,0.0,0.007020002410280883,0.007020002410280883,0.0,0
0.75,7.422852376980817,0.007462621619501461,0.007462621619501461,0.0,0.00704360119870841,0.00704360119870841,0.0,0
0.75,7.506255212677231,0.008516764280664859,0.008516764280664859,0.0,0.009337204230582935,0.009337204230582935,0.0,0
0.75,7.589658048373644,0.010656911909393156,0.010656911909393156,0.0,0.013343480842282665,0.013343480842282665,0.0,0
0.75,7.673060884070058,0.013465074849893649,0.013465074849893649,0.0,0.018594791278898685,0.018594791278898685,0.0,0
0.75,7.756463719766471,0.016679649769913717,0.016679649769913717,0.0,0.02496777254448842,0.02496777254448842,0.0,0
0.75,7.839866555462885,0.020154874159475644,0.020154874159475644,0.0,0.032465792076315815,0.032465792076315815,0.0,0
0.75,7.923269391159299,0.0570855090445553,0.0570855090445553,0.0,0.09424596842798164,0.09424596842798164,0.0,0
0.75,8.006672226855713,0.054906936512185034,0.054906936512185034,0.0,0.09474948528961169,0.09474948528961169,0.0,0
0.75,8.090075062552126,0.05254886228427723,0.05254886228427723,0.0,0.09366342608081589,0.09366342608081589,0.0,0
0.75,8.17347789824854,0.04996355135042552,0.04996355135042552,0.0,0.09047094599482149,0.09047094599482149,0.0,0
0.75,8.256880733944953,0.047123550168738204,0.047123550168738204,0.0,0.0849474795289279,0.0849474795289279,0.0,0
0.75,8.340283569641366,0.044035679523901715,0.044035679523901715,0.0,0.07732019381694248,0.07732019381694248,0.0,0
0.75,8.423686405337781,0.040744985874572204,0.040744985874572204,0.0,0.06823751873689503,0.06823751873689503,0.0,0
0.75,8.507089241034194,0.037324320125285367,0.037324320125285367,0.0,0.05854454290066382,0.05854454290066382,0.0,0
0.75,8.590492076730609,0.033855066588661484,0.033855066588661484,0.0,0.04901156889476988,0.04901156889476988,0.0,0
0.75,8.673894912427022,0.030409606837100152,0.030409606837100152,0.0,0.040168364502997364,0.040168364502997364,0.0,0
0.75,8.757297748123435,0.027042236243737937,0.027042236243737937,0.0,0.03228043790768942,0.03228043790768942,0.0,0
0.75,8.84070058381985,0.023788526580269125,0.023788526580269125,0.0,0.025411454827992983,0.025411454827992983,0.0,0
0.75,8.924103419516262,0.020669749012264964,0.020669749012264964,0.0,0.0195056210063349,0.0195056210063349,0.0,0
0.75,9.007506255212677,0.017699369636545215,0.017699369636545215,0.0,0.014455254249113524,0.014455254249113524,0.0,0
0.75,9.09090909090909,0.014890602730122457,0.014890602730122457,0.0,0.01014893417611751,0.01014893417611751,0.0,0
0.75,9.174311926605505,0.012266355533716855,0.012266355533716855,0.0,0.006519817667720526,0.006519817667720526,0.0,0
0.75,9.257714762301918,0.009876203931506783,0.009876203931506783,0.0,0.003692866815858624,0.003692866815858624,0.0,0
0.75,9.34111759799833,0.00783058110593036,0.00783058110593036,0.0,0.002657591570686727,0.002657591570686727,0.0,0
0.75,9.424520433694745,0.006360453466851929,0.006360453466851929,0.0,0.004073658601260843,0.004073658601260843,0.0,0
0.75,9.507923269391158,0.005821335798299856,0.005821335798299856,0.0,0.006179439750043886,0.006179439750043886,0.0,0
0.75,9.591326105087573,0.006388139523283441,0.006388139523283441,0.0,0.008321373703104788,0.008321373703104788,0.0,0
0.75,9.674728940783986,0.007787154191460486,0.007787154191460486,0.0,0.010401055804057882,0.010401055804057882,0.0,0
0.75,9.758131776480399,0.009644329751839582,0.009644329751839582,0.0,0.012413615261196075,0.012413615261196075,0.0,0
0.75,9.841534612176813,0.044679091864960795,0.044679091864960795,0.0,0.04114306825153697,0.04114306825153697,0.0,0
0.75,9.924937447873226,0.04164635464531348,0.04164635464531348,0.0,0.03801258819355878,0.03801258819355878,0.0,0
0.75,10.008340283569641,0.038712364116793914,0.038712364116793914,0.0,0.03513114248425974,0.03513114248425974,0.0,0
0.75,10.091743119266054,0.03586795851677179,0.03586795851677179,0.0,0.032461068712102574,0.032461068712102574,0.0,0
0.75,10.175145954962469,0.033105248481003234,0.033105248481003234,0.0,0.029970707973912936,0.029970707973912936,0.0,0
0.75,10.258548790658882,0.03041772489070156,0.03041772489070156,0.0,0.027633311550277005,0.027633311550277005,0.0,0
0.75,10.341951626355295,0.02780047427415158,0.02780047427415158,0.0,0.025426180537662737,0.025426180537662737,0.0,0
0.75,10.42535446205171,0.02525056878911684,0.02525056878911684,0.0,0.02333001093326221,0.02333001093326221,0.0,0
0.75,10.508757297748122,0.022767746205179577,0.022767746205179577,0.0,0.021328434899058408,0.021328434899058408,0.0,0
0.75,10.592160133444537,0.02035558696860616,0.02035558696860616,0.0,0.019407775970254705,0.019407775970254705,0.0,0
0.75,10.67556296914095,0.018023569302592864,0.018023569302592864,0.0,0.01755708108751428,0.01755708108751428,0.0,0
0.75,10.758965804837363,0.015790707478715173,0.015790707478715173,0.0,0.01576857551217044,0.01576857551217044,0.0,0
0.75,10.842368640533778,0.013692031657669733,0.013692031657669733,0.0,0.014038851005009591,0.014038851005009591,0.0,0
0.75,10.92577147623019,0.011789809184351924,0.011789809184351924,0.0,0.012371435409446458,0.012371435409446458,0.0,0
0.75,11.009174311926605,0.010190546208534181,0.010190546208534181,0.0,0.010782086822657003,0.010782086822657003,0.0,0
0.75,11.092577147623018,0.009059528814540712,0.009059528814540712,0.0,0.009309460177728034,0.009309460177728034,0.0,0
0.75,11.175979983319431,0.008595991844231808,0.008595991844231808,0.0,0.008035265990660428,0.008035265990660428,0.0,0
0.75,11.259382819015846,0.008925186172645445,0.008925186172645445,0.0,0.007113817962572178,0.007113817962572178,0.0,0
0.75,11.342785654712259,0.009995521917853993,0.009995521917853993,0.0,0.006778675343212999,0.006778675343212999,0.0,0
0.75,11.426188490408673,0.011634542638994893,0.011634542638994893,0.0,0.007243379723787148,0.007243379723787148,0.0,0
0.75,11.509591326105086,0.013672582092034972,0.013672582092034972,0.0,0.008546339646354798,0.008546339646354798,0.0,0
0.75,11.592994161801501,0.015993722602539128,0.015993722602539128,0.0,0.01058502884466088,0.01058502884466088,0.0,0
0.75,11.676396997497914,0.018530047335129883,0.018530047335129883,0.0,0.013268085713680279,0.013268085713680279,0.0,0
0.75,11.759799833194327,0.02124480489803142,0.02124480489803142,0.0,0.016578197509477893,0.016578197509477893,0.0,0
0.75,11.843202668890742,0.05121599424094865,0.05121599424094865,0.0,0.08235648288190893,0.08235648288190893,0.0,0
0.75,11.926605504587155,0.05066364555955169,0.05066364555955169,0.0,0.08623220731630822,0.08623220731630822,0.0,0
0.75,12.01000834028357,0.050127225159449805,0.050127225159449805,0.0,0.09033539641784065,0.09033539641784065,0.0,0
0.75,12.093411175979982,0.049543053962809835,0.049543053962809835,0.0,0.09434183881192142,0.09434183881192142,0.0,0
0.75,12.176814011676395,0.04882350776915622,0.04882350776915622,0.0,0.09772359278300655,0.09772359278300655,0.0,0
0.75,12.26021684737281,0.047858787631634155,0.047858787631634155,0.0,0.09974082142058131,0.09974082142058131,0.0,0
0.75,12.343619683069223,0.046529481069848264,0.046529481069848264,0.0,0.09953959332818807,0.09953959332818807,0.0,0
0.75,12.427022518765638,0.044734172507267446,0.044734172507267446,0.0,0.09639911399344665,0.09639911399344665,0.0,0
0.75,12.51042535446205,0.04242834963190292,0.04242834963190292,0.0,0.0900640971114491,0.0900640971114491,0.0,0
0.75,12.593828190158465,0.0396583529686062,0.0396583529686062,0.0,0.080959435414584,0.080959435414584,0.0,0
0.75,12.677231025854878,0.03657021507386365,0.03657021507386365,0.0,0.0700988000450335,0.0700988000450335,0.0,0
0.75,12.760633861551291,0.03338829196737389,0.03338829196737389,0.0,0.058727984559710615,0.058727984559710615,0.0,0
0.75,12.844036697247706,0.030379109744629193,0.030379109744629193,0.0,0.04794499849535446,0.04794499849535446,0.0,0
0.75,12.927439532944119,0.027817599163414832,0.027817599163414832,0.0,0.03849836518023362,0.03849836518023362,0.0,0
0.75,13.010842368640533,0.025955263531308174,0.025955263531308174,0.0,0.030794924638467964,0.030794924638467964,0.0,0
0.75,13.094245204336946,0.024977883251650356,0.024977883251650356,0.0,0.025027979637805807,0.025027979637805807,0.0,0
0.75,13.17764804003336,0.024957232159926516,0.024957232159926516,0.0,0.021287694434809212,0.021287694434809212,0.0,0
0.75,13.261050875729774,0.02583233697668658,0.02583233697668658,0.0,0.019533634943482845,0.019533634943482845,0.0,0
0.75,13.344453711426187,0.027445997523025394,0.027445997523025394,0.0,0.019478807309152982,0.019478807309152982,0.0,0
0.75,13.427856547122602,0.02961009860887164,0.02961009860887164,0.0,0.020632680351017785,0.020632680351017785,0.0,0
0.75,13.511259382819015,0.03215512834039528,0.03215512834039528,0.0,0.022516728863820726,0.022516728863820726,0.0,0
0.75,13.594662218515428,0.03494931552761632,0.03494931552761632,0.0,0.02479795843047463,0.02479795843047463,0.0,0
0.75,13.678065054211842,0.03789786506039223,0.03789786506039223,0.0,0.027283707547797322,0.027283707547797322,0.0,0
0.75,13.761467889908255,0.03348146924878659,0.03348146924878659,0.0,0.04692919473181609,0.04692919473181609,0.0,0
0.75,13.84487072560467,0.029703200081322607,0.029703200081322607,0.0,0.04237118752247856,0.04237118752247856,0.0,0
0.75,13.928273561301083,0.026319854526429314,0.026319854526429314,0.0,0.03833972980179126,0.03833972980179126,0.0,0
0.75,14.011676396997498,0.023379773176714365,0.023379773176714365,0.0,0.03477610083386036,0.03477610083386036,0.0,0
0.75,14.09507923269391,0.020950200416111366,0.020950200416111366,0.0,0.03163998753638723,0.03163998753638723,0.0,0
0.75,14.178482068390323,0.01911155534224099,0.01911155534224099,0.0,0.028906887297905658,0.028906887297905658,0.0,0
0.75,14.261884904086738,0.01793840488510147,0.01793840488510147,0.0,0.02656540235469795,0.02656540235469795,0.0,0
0.75,14.345287739783151,0.01746710855060539,0.01746710855060539,0.0,0.024613925795300945,0.024613925795300945,0.0,0
0.75,14.428690575479566,0.017667329101555898,0.017667329101555898,0.0,0.023056222306210378,0.023056222306210378,0.0,0
0.75,14.512093411175979,0.018442585863406618,0.018442585863406618,0.0,0.021895740450513762,0.021895740450513762,0.0,0
0.75,14.595496246872392,0.01966137346336161,0.01966137346336161,0.0,0.02112929408878926,0.02112929408878926,0.0,0
0.75,14.678899082568806,0.021193244240237316,0.021193244240237316,0.0,0.020741755762673477,0.020741755762673477,0.0,0
0.75,14.76230191826522,0.022929514010948324,0.022929514010948324,0.0,0.020703785253962905,0.020703785253962905,0.0,0
0.75,14.845704753961634,0.024788015468950396,0.024788015468950396,0.0,0.020973634026249632,0.020973634026249632,0.0,0
0.75,14.929107589658047,0.02670974748654365,0.02670974748654365,0.0,0.021502179932944388,0.021502179932944388,0.0,0
0.75,15.012510425354462,0.028653489018893148,0.028653489018893148,0.0,0.0222390567707342,0.0222390567707342,0.0,0
0.75,15.095913261050875,0.030591006525384854,0.030591006525384854,0.0,0.023137952479876718,0.023137952479876718,0.0,0
0.75,15.179316096747288,0.0325035041666819,0.0325035041666819,0.0,0.02416032657603938,0.02416032657603938,0.0,0
0.75,15.262718932443702,0.03437923068832439,0.03437923068832439,0.0,0.025277908167129895,0.025277908167129895,0.0,0
0.75,15.346121768140115,0.03621199637173907,0.03621199637173907,0.0,0.026474890624076944,0.026474890624076944,0.0,0
0.75,15.42952460383653,0.03800038498836514,0.03800038498836514,0.0,0.027750847303393545,0.027750847303393545,0.0,0
0.75,15.512927439532943,0.03974751779070647,0.03974751779070647,0.0,0.029125355969737053,0.029125355969737053,0.0,0
0.75,15.596330275229356,0.04146129359270165,0.04146129359270165,0.0,0.030645369471479677,0.030645369471479677,0.0,0
0.75,15.67973311092577,0.04315508222649464,0.04315508222649464,0.0,0.03239657009576673,0.03239657009576673,0.0,0
0.75,15.763135946622183,0.048869594380881336,0.048869594380881336,0.0,0.07905568372936224,0.07905568372936224,0.0,0
0.75,15.846538782318598,0.0497333537499325,0.0497333537499325,0.0,0.08391905299508469,0.08391905299508469,0.0,0
0.75,15.929941618015011,0.050556640992541646,0.050556640992541646,0.0,0.08953965214829138,0.08953965214829138,0.0,0
0.75,16.013344453711426,0.05124097966473259,0.05124097966473259,0.0,0.09575408442021385,0.09575408442021385,0.0,0
0.75,16.096747289407837,0.05164792282543767,0.05164792282543767,0.0,0.10212222916758977,0.10212222916758977,0.0,0
0.75,16.18015012510425,0.05158777329637567,0.05158777329637567,0.0,0.10774303325684213,0.10774303325684213,0.0,0
0.75,16.263552960800666,0.050820039355771056,0.050820039355771056,0.0,0.11111269337960675,0.11111269337960675,0.0,0
0.75,16.34695579649708,0.04908727350733708,0.04908727350733708,0.0,0.11027797715273585,0.11027797715273585,0.0,0
0.75,16.430358632193492,0.0462054981139573,0.0462054981139573,0.0,0.10359440116802617,0.10359440116802617,0.0,0
0.75,16.513761467889907,0.04219905338850866,0.04219905338850866,0.0,0.09093082943330773,0.09093082943330773,0.0,0
0.75,16.59716430358632,0.03739873164876064,0.03739873164876064,0.0,0.07430123225733316,0.07430123225733316,0.0,0
0.75,16.680567139282733,0.03241461811109186,0.03241461811109186,0.0,0.057073497428751244,0.057073497428751244,0.0,0
0.75,16.763969974979148,0.02800359508666343,0.02800359508666343,0.0,0.04248588467339922,0.04248588467339922,0.0,0
0.75,16.847372810675562,0.024907321804618892,0.024907321804618892,0.0,0.03274777544827251,0.03274777544827251,0.0,0
0.75,16.930775646371977,0.02363592376999224,0.02363592376999224,0.0,0.028535790731208727,0.028535790731208727,0.0,0
0.75,17.014178482068388,0.024218503945334157,0.024218503945334157,0.0,0.028517004919414838,0.028517004919414838,0.0,0
0.75,17.097581317764803,0.02622032729357825,0.02622032729357825,0.0,0.03048205868191855,0.03048205868191855,0.0,0
0.75,17.180984153461218,0.029076291816890323,0.029076291816890323,0.0,0.032962144648885215,0.032962144648885215,0.0,0
0.75,17.26438698915763,0.03234672922874344,0.03234672922874344,0.0,0.03535140489824926,0.03535140489824926,0.0,0
0.75,17.347789824854043,0.035758511690354135,0.035758511690354135,0.0,0.03748100296386634,0.03748100296386634,0.0,0
0.75,17.431192660550458,0.03915833971800567,0.03915833971800567,0.0,0.0393491333428382,0.0393491333428382,0.0,0
0.75,17.51459549624687,0.042464829213569644,0.042464829213569644,0.0,0.041006465429748166,0.041006465429748166,0.0,0
0.75,17.597998331943284,0.04563734891881548,0.04563734891881548,0.0,0.04251335764273927,0.04251335764273927,0.0,0
0.75,17.6814011676397,0.018234224780276035,0.018234224780276035,0.0,0.024724307056122552,0.024724307056122552,0.0,0
0.75,17.764804003336113,0.01611986908904046,0.01611986908904046,0.0,0.020164888822526598,0.020164888822526598,0.0,0
0.75,17.848206839032525,0.01502857610984664,0.01502857610984664,0.0,0.01614175980617953,0.01614175980617953,0.0,0
0.75,17.93160967472894,0.014908424345090517,0.014908424345090517,0.0,0.012581348401217001,0.012581348401217001,0.0,0
0.75,18.015012510425354,0.015565005570989185,0.015565005570989185,0.0,0.009464626448434916,0.009464626448434916,0.0,0
0.75,18.098415346121765,0.01674178669614281,0.01674178669614281,0.0,0.006877030210015719,0.006877030210015719,0.0,0
0.75,18.18181818181818,0.018212742650421037,0.018212742650421037,0.0,0.005145553366742645,0.005145553366742645,0.0,0
0.75,18.265221017514595,0.019817336859024683,0.019817336859024683,0.0,0.004870570825175712,0.004870570825175712,0.0,0
0.75,18.34862385321101,0.021453501501191234,0.021453501501191234,0.0,0.006063376651861849,0.006063376651861849,0.0,0
0.75,18.43202668890742,0.02306005245101019,0.02306005245101019,0.0,0.008013022275244773,0.008013022275244773,0.0,0
0.75,18.515429524603835,0.0246020354529965,0.0246020354529965,0.0,0.01026464285139761,0.01026464285139761,0.0,0
0.75,18.59883236030025,0.026061041388421212,0.026061041388421212,0.0,0.012654762942146269,0.012654762942146269,0.0,0
0.75,18.68223519599666,0.02742931608372199,0.02742931608372199,0.0,0.01513385075154777,0.01513385075154777,0.0,0
0.75,18.765638031693076,0.02870630778399257,0.02870630778399257,0.0,0.017694687064682864,0.017694687064682864,0.0,0
0.75,18.84904086738949,0.029896710280330217,0.029896710280330217,0.0,0.020348637246816514,0.020348637246816514,0.0,0
0.75,18.9324437030859,0.031009429462625727,0.031009429462625727,0.0,0.023117683206951192,0.023117683206951192,0.0,0
0.75,19.015846538782316,0.03205714171812543,0.03205714171812543,0.0,0.026032119238391434,0.026032119238391434,0.0,0
0.75,19.09924937447873,0.03305625556672509,0.03305625556672509,0.0,0.029130730553800794,0.029130730553800794,0.0,0
0.75,19.182652210175146,0.03402716995435892,0.03402716995435892,0.0,0.03246244615363607,0.03246244615363607,0.0,0
0.75,19.266055045871557,0.0349947679505419,0.0349947679505419,0.0,0.03608924551973906,0.03608924551973906,0.0,0
0.75,19.34945788156797,0.03598910657834521,0.03598910657834521,0.0,0.040090460729932165,0.040090460729932165,0.0,0
0.75,19.432860717264386,0.03704626804896904,0.03704626804896904,0.0,0.04456884201762391,0.04456884201762391,0.0,0
0.75,19.516263552960798,0.03820932496730348,0.03820932496730348,0.0,0.04965892330098637,0.04965892330098637,0.0,0
0.75,19.599666388657212,0.039529335786633465,0.039529335786633465,0.0,0.055538297655058175,0.055538297655058175,0.0,0
0.75,19.683069224353627,0.02792253513510797,0.02792253513510797,0.0,0.03572520403391907,0.03572520403391907,0.0,0
0.75,19.76647206005004,0.027644666279464738,0.027644666279464738,0.0,0.03657391214971702,0.03657391214971702,0.0,0
0.75,19.849874895746453,0.027290864074726424,0.027290864074726424,0.0,0.03734516580468786,0.03734516580468786,0.0,0
0.75,19.933277731442868,0.026792542898441015,0.026792542898441015,0.0,0.03781723730667777,0.03781723730667777,0.0,0
0.75,20.016680567139282,0.026043849587501545,0.026043849587501545,0.0,0.037598782180949794,0.037598782180949794,0.0,0
0.75,20.100083402835693,0.024891933866878126,0.024891933866878126,0.0,0.03605361493789409,0.03605361493789409,0.0,0
0.75,20.183486238532108,0.02314150859667737,0.02314150859667737,0.0,0.03233472611065324,0.03233472611065324,0.0,0
0.75,20.266889074228523,0.020601329912401548,0.020601329912401548,0.0,0.025896214153989624,0.025896214153989624,0.0,0
0.75,20.350291909924938,0.017219109497062502,0.017219109497062502,0.0,0.01862192546323859,0.01862192546323859,0.0,0
0.75,20.43369474562135,0.013380980509895175,0.013380980509895175,0.0,0.019418797286328844,0.019418797286328844,0.0,0
0.75,20.517097581317763,0.010541394311358518,0.010541394311358518,0.0,0.030964492073639906,0.030964492073639906,0.0,0
0.75,20.600500417014178,0.011291659973634703,0.011291659973634703,0.0,0.04444933716344286,0.04444933716344286,0.0,0
0.75,20.68390325271059,0.015656620753620048,0.015656620753620048,0.0,0.0557823652699063,0.0557823652699063,0.0,0
0.75,20.767306088407004,0.02149423460947582,0.02149423460947582,0.0,0.06403985587479077,0.06403985587479077,0.0,0
0.75,20.85070892410342,0.027650480846827395,0.027650480846827395,0.0,0.06952001312839357,0.06952001312839357,0.0,0
0.75,20.93411175979983,0.03369424460702573,0.03369424460702573,0.0,0.07288336869022287,0.07288336869022287,0.0,0
0.75,21.017514595496245,0.03946424294946036,0.03946424294946036,0.0,0.07477523143158203,0.07477523143158203,0.0,0
0.75,21.10091743119266,0.044905689667839956,0.044905689667839956,0.0,0.07570737144778698,0.07570737144778698,0.0,0
0.75,21.184320266889074,0.05000939250598685,0.05000939250598685,0.0,0.07605154978469712,0.07605154978469712,0.0,0
0.75,21.267723102585485,0.054786119772220976,0.054786119772220976,0.0,0.07606734671699121,0.07606734671699121,0.0,0
0.75,21.3511259382819,0.05925500046918424,0.05925500046918424,0.0,0.07593321303519573,0.07593321303519573,0.0,0
0.75,21.434528773978315,0.06343812106864276,0.06343812106864276,0.0,0.07577157088456872,0.07577157088456872,0.0,0
0.75,21.517931609674726,0.06735802667642313,0.06735802667642313,0.0,0.07566695591579259,0.07566695591579259,0.0,0
0.75,21.60133444537114,0.039099249211543854,0.039099249211543854,0.0,0.02689127566577784,0.02689127566577784,0.0,0
0.75,21.684737281067555,0.040898592424481954,0.040898592424481954,0.0,0.026905417701303554,0.026905417701303554,0.0,0
0.75,21.76814011676397,0.04279616208174314,0.04279616208174314,0.0,0.027253676925084236,0.027253676925084236,0.0,0
0.75,21.85154295246038,0.04470822951830545,0.04470822951830545,0.0,0.027881029160375333,0.027881029160375333,0.0,0
0.75,21.934945788156796,0.046578334177502345,0.046578334177502345,0.0,0.028752555997198174,0.028752555997198174,0.0,0
0.75,22.01834862385321,0.048369624113656015,0.048369624113656015,0.0,0.029846611753620654,0.029846611753620654,0.0,0
0.75,22.10175145954962,0.05005911627039962,0.05005911627039962,0.0,0.031150350475295782,0.031150350475295782,0.0,0
0.75,22.185154295246036,0.05163363890227687,0.05163363890227687,0.0,0.032656966752628885,0.032656966752628885,0.0,0
0.75,22.26855713094245,0.05308705323089195,0.05308705323089195,0.0,0.034364107553807116,0.034364107553807116,0.0,0
0.75,22.351959966638862,0.05441839157597566,0.05441839157597566,0.0,0.03627305600382506,0.03627305600382506,0.0,0
0.75,22.435362802335277,0.055630637143523363,0.055630637143523363,0.0,0.0383884196794055,0.0383884196794055,0.0,0
0.75,22.51876563803169,0.056729952179159264,0.056729952179159264,0.0,0.04071815996178178,0.04071815996178178,0.0,0
0.75,22.602168473728106,0.05772522359292833,0.05772522359292833,0.0,0.04327387591899831,0.04327387591899831,0.0,0
0.75,22.685571309424517,0.058627839473804635,0.058627839473804635,0.0,0.046071312340167016,0.046071312340167016,0.0,0
0.75,22.768974145120932,0.05945164039137187,0.05945164039137187,0.0,0.0491311042910006,0.0491311042910006,0.0,0
0.75,22.852376980817347,0.06021301007555017,0.06021301007555017,0.0,0.052479806759111,0.052479806759111,0.0,0
0.75,22.935779816513758,0.06093108399591863,0.06093108399591863,0.0,0.05615129356361617,0.05615129356361617,0.0,0
0.75,23.019182652210173,0.061628063515976925,0.061628063515976925,0.0,0.060188649797849096,0.060188649797849096,0.0,0
0.75,23.102585487906588,0.06232962876532606,0.06232962876532606,0.0,0.06464673074901192,0.06464673074901192,0.0,0
0.75,23.185988323603002,0.06306544540339,0.06306544540339,0.0,0.06959561965052152,0.06959561965052152,0.0,0
0.75,23.269391159299413,0.06386975827884588,0.06386975827884588,0.0,0.07512528389400766,0.07512528389400766,0.0,0
0.75,23.352793994995828,0.06478205625814065,0.06478205625814065,0.0,0.08135178838556449,0.08135178838556449,0.0,0
0.75,23.436196830692243,0.06584777187011068,0.06584777187011068,0.0,0.08842542657169483,0.08842542657169483,0.0,0
0.75,23.519599666388654,0.06711893573347648,0.06711893573347648,0.0,0.09654094702938337,0.09654094702938337,0.0,0
0.75,23.60300250208507,0.026155646185052412,0.026155646185052412,0.0,0.034302266233116795,0.034302266233116795,0.0,0
0.75,23.686405337781483,0.023358869448746208,0.023358869448746208,0.0,0.03454244452292982,0.03454244452292982,0.0,0
0.75,23.769808173477898,0.020425275966392976,0.020425275966392976,0.0,0.03452473986835738,0.03452473986835738,0.0,0
0.75,23.85321100917431,0.017367205737930273,0.017367205737930273,0.0,0.03429798096434314,0.03429798096434314,0.0,0
0.75,23.936613844870724,0.014216423705113472,0.014216423705113472,0.0,0.034204306044877536,0.034204306044877536,0.0,0
0.75,24.02001668056714,0.011085381899773997,0.011085381899773997,0.0,0.03521431944831718,0.03521431944831718,0.0,0
0.75,24.10341951626355,0.008412871706475917,0.008412871706475917,0.0,0.039094424357026904,0.039094424357026904,0.0,0
0.75,24.186822351959965,0.007592292241584944,0.007592292241584944,0.0,0.04752330620079083,0.04752330620079083,0.0,0
0.75,24.27022518765638,0.01012922557616031,0.01012922557616031,0.0,0.06045432153897111,0.06045432153897111,0.0,0
0.75,24.35362802335279,0.01519768089769582,0.01519768089769582,0.0,0.07582258491008737,0.07582258491008737,0.0,0
0.75,24.437030859049205,0.02162323936690216,0.02162323936690216,0.0,0.09076086013693685,0.09076086013693685,0.0,0
0.75,24.52043369474562,0.028763241453398668,0.028763241453398668,0.0,0.10301065352266875,0.10301065352266875,0.0,0
0.75,24.603836530442035,0.03619849367761101,0.03619849367761101,0.0,0.11163294928927692,0.11163294928927692,0.0,0
0.75,24.687239366138446,0.043636022098531575,0.043636022098531575,0.0,0.11682126476640665,0.11682126476640665,0.0,0
0.75,24.77064220183486,0.05088726338921836,0.05088726338921836,0.0,0.11931795762335652,0.11931795762335652,0.0,0
0.75,24.854045037531275,0.05784441347779713,0.05784441347779713,0.0,0.11994663822844175,0.11994663822844175,0.0,0
0.75,24.937447873227686,0.0644542395142735,0.0644542395142735,0.0,0.11939560181988777,0.11939560181988777,0.0,0
0.75,25.0208507089241,0.07069676843314314,0.07069676843314314,0.0,0.11817067834029144,0.11817067834029144,0.0,0
0.75,25.104253544620516,0.07657082898970341,0.07657082898970341,0.0,0.11661948371918648,0.11661948371918648,0.0,0
0.75,25.18765638031693,0.08208519762601428,0.08208519762601428,0.0,0.11497229134905922,0.11497229134905922,0.0,0
0.75,25.27105921601334,0.08725349791224415,0.08725349791224415,0.0,0.11337854077073344,0.11337854077073344,0.0,0
0.75,25.354462051709756,0.09209138720473521,0.09209138720473521,0.0,0.11193412130294537,0.11193412130294537,0.0,0
0.75,25.43786488740617,0.09661507099023045,0.09661507099023045,0.0,0.11070026917902609,0.11070026917902609,0.0,0
0.75,25.521267723102582,0.060433012617241995,0.060433012617241995,0.0,0.05477657880805814,0.05477657880805814,0.0,0
0.75,25.604670558798997,0.0640066564924078,0.0640066564924078,0.0,0.055269369496399406,0.055269369496399406,0.0,0
0.75,25.68807339449541,0.06740631963302605,0.06740631963302605,0.0,0.05587508973626759,0.05587508973626759,0.0,0
0.75,25.771476230191823,0.0706039185253968,0.0706039185253968,0.0,0.05662578442695912,0.05662578442695912,0.0,0
0.75,25.854879065888237,0.07358330838849214,0.07358330838849214,0.0,0.05754864100959236,0.05754864100959236,0.0,0
0.75,25.938281901584652,0.07633612262506966,0.07633612262506966,0.0,0.05866655022661143,0.05866655022661143,0.0,0
0.75,26.021684737281067,0.07885914960033598,0.07885914960033598,0.0,0.05999897410032032,0.05999897410032032,0.0,0
0.75,26.105087572977478,0.08115268206751086,0.08115268206751086,0.0,0.06156294841876295,0.06156294841876295,0.0,0
0.75,26.188490408673893,0.08321948926345775,0.08321948926345775,0.0,0.06337414270354308,0.06337414270354308,0.0,0
0.75,26.271893244370307,0.08506419630213108,0.08506419630213108,0.0,0.06544794719172796,0.06544794719172796,0.0,0
0.75,26.35529608006672,0.08669293883046676,0.08669293883046676,0.0,0.06780058210677767,0.06780058210677767,0.0,0
0.75,26.438698915763133,0.08811321278755949,0.08811321278755949,0.0,0.07045024265481521,0.07045024265481521,0.0,0
0.75,26.522101751459548,0.08933387198044825,0.08933387198044825,0.0,0.07341830963304054,0.07341830963304054,0.0,0
0.75,26.605504587155963,0.09036524763019825,0.09036524763019825,0.0,0.07673067283000942,0.07673067283000942,0.0,0
0.75,26.688907422852374,0.09121937857638296,0.09121937857638296,0.0,0.08041923387979873,0.08041923387979873,0.0,0
0.75,26.77231025854879,0.09191035108896539,0.09191035108896539,0.0,0.08452367803557129,0.08452367803557129,0.0,0
0.75,26.855713094245203,0.09245475459959214,0.09245475459959214,0.0,0.08909363162342746,0.08909363162342746,0.0,0
0.75,26.939115929941615,0.09287226451610926,0.09287226451610926,0.0,0.09419135455448574,0.09419135455448574,0.0,0
0.75,27.02251876563803,0.09318636498052406,0.09318636498052406,0.0,0.09989515443793955,0.09989515443793955,0.0,0
0.75,27.105921601334444,0.09342522092967602,0.09342522092967602,0.0,0.1063037451861011,0.1063037451861011,0.0,0
0.75,27.189324437030855,0.09362269588745725,0.09362269588745725,0.0,0.11354179183345675,0.11354179183345675,0.0,0
0.75,27.27272727272727,0.09381948176085532,0.09381948176085532,0.0,0.12176684156946484,0.12176684156946484,0.0,0
0.75,27.356130108423685,0.09406424608003532,0.09406424608003532,0.0,0.13117763647775169,0.13117763647775169,0.0,0
0.75,27.4395329441201,0.09441458894269975,0.09441458894269975,0.0,0.14202320426125867,0.14202320426125867,0.0,0
0.75,27.52293577981651,0.045852103351147575,0.045852103351147575,0.0,0.07176656974257854,0.07176656974257854,0.0,0
0.75,27.606338615512925,0.04322130415867547,0.04322130415867547,0.0,0.07636190175103126,0.07636190175103126,0.0,0
0.75,27.68974145120934,0.04057266538464259,0.04057266538464259,0.0,0.08131353227285393,0.08131353227285393,0.0,0
0.75,27.77314428690575,0.0380236577947703,0.0380236577947703,0.0,0.08675434031598678,0.08675434031598678,0.0,0
0.75,27.856547122602166,0.03575037141968358,0.03575037141968358,0.0,0.09293107371484316,0.09293107371484316,0.0,0
0.75,27.93994995829858,0.034004795629623226,0.034004795629623226,0.0,0.10023087720022344,0.10023087720022344,0.0,0
0.75,28.023352793994995,0.03311368426576371,0.03311368426576371,0.0,0.10908589824459622,0.10908589824459622,0.0,0
0.75,28.106755629691406,0.03342608551498579,0.03342608551498579,0.0,0.11961828035792639,0.11961828035792639,0.0,0
0.75,28.19015846538782,0.03519473779685844,0.03519473779685844,0.0,0.13113272602038079,0.13113272602038079,0.0,0
0.75,28.273561301084236,0.038454237405570066,0.038454237405570066,0.0,0.14204679356445002,0.14204679356445002,0.0,0
0.75,28.356964136780647,0.04300239050069944,0.04300239050069944,0.0,0.15064714733701132,0.15064714733701132,0.0,0
0.75,28.44036697247706,0.04849778981708394,0.04849778981708394,0.0,0.15600651282997588,0.15600651282997588,0.0,0
0.75,28.523769808173476,0.05458300632999168,0.05458300632999168,0.0,0.15820131448874059,0.15820131448874059,0.0,0
0.75,28.60717264386989,0.060960044875942254,0.060960044875942254,0.0,0.15790838863559678,0.15790838863559678,0.0,0
0.75,28.690575479566302,0.06741122365887339,0.06741122365887339,0.0,0.15593752416889653,0.15593752416889653,0.0,0
0.75,28.773978315262717,0.07378988313356681,0.07378988313356681,0.0,0.152978135895374,0.152978135895374,0.0,0
0.75,28.85738115095913,0.08000234154447906,0.08000234154447906,0.0,0.14953307963340687,0.14953307963340687,0.0,0
0.75,28.940783986655543,0.08599128671381041,0.08599128671381041,0.0,0.14593990927456904,0.14593990927456904,0.0,0
0.75,29.024186822351957,0.09172336851176284,0.09172336851176284,0.0,0.1424145372256842,0.1424145372256842,0.0,0
0.75,29.107589658048372,0.09718072464078956,0.09718072464078956,0.0,0.13909091207400198,0.13909091207400198,0.0,0
0.75,29.190992493744783,0.10235542761202754,0.10235542761202754,0.0,0.13605034825213463,0.13605034825213463,0.0,0
0.75,29.274395329441198,0.10724591269925983,0.10724591269925983,0.0,0.13334138004734214,0.13334138004734214,0.0,0
0.75,29.357798165137613,0.11185469830796614,0.11185469830796614,0.0,0.130992641780414,0.130992641780414,0.0,0
0.75,29.441201000834027,0.08209940288810882,0.08209940288810882,0.0,0.07482532342650314,0.07482532342650314,0.0,0
0.75,29.52460383653044,0.08600497923716659,0.08600497923716659,0.0,0.07497609309357767,0.07497609309357767,0.0,0
0.75,29.608006672226853,0.08964018297471359,0.08964018297471359,0.0,0.07522117811151327,0.07522117811151327,0.0,0
0.75,29.691409507923268,0.09299616863045201,0.09299616863045201,0.0,0.07560748280147202,0.07560748280147202,0.0,0
0.75,29.77481234361968,0.09606932595419844,0.09606932595419844,0.0,0.07617369715461328,0.07617369715461328,0.0,0
0.75,29.858215179316094,0.09885954931637589,0.09885954931637589,0.0,0.07695230860990654,0.07695230860990654,0.0,0
0.75,29.94161801501251,0.10136913106011301,0.10136913106011301,0.0,0.07797119187542967,0.07797119187542967,0.0,0
0.75,30.025020850708923,0.10360206505945639,0.10360206505945639,0.0,0.0792549180447843,0.0792549180447843,0.0,0
0.75,30.108423686405335,0.10556362655319806,0.10556362655319806,0.0,0.08082589486192343,0.08082589486192343,0.0,0
0.75,30.19182652210175,0.10726014463019179,0.10726014463019179,0.0,0.08270542402257675,0.08270542402257675,0.0,0
0.75,30.275229357798164,0.10869891590632322,0.10869891590632322,0.0,0.08491474126320077,0.08491474126320077,0.0,0
0.75,30.358632193494575,0.10988822902763623,0.10988822902763623,0.0,0.08747609161597264,0.08747609161597264,0.0,0
0.75,30.44203502919099,0.11083748401985208,0.11083748401985208,0.0,0.09041388595701587,0.09041388595701587,0.0,0
0.75,30.525437864887405,0.11155740087938092,0.11155740087938092,0.0,0.09375598591239453,0.09375598591239453,0.0,0
0.75,30.608840700583816,0.1120603198387685,0.1120603198387685,0.0,0.09753517223378445,0.09753517223378445,0.0,0
0.75,30.69224353628023,0.11236060245653626,0.11236060245653626,0.0,0.10179086680996102,0.10179086680996102,0.0,0
0.75,30.775646371976645,0.11247514861430039,0.11247514861430039,0.0,0.10657120046357038,0.10657120046357038,0.0,0
0.75,30.85904920767306,0.11242404973744619,0.11242404973744619,0.0,0.1119355473386661,0.1119355473386661,0.0,0
0.75,30.94245204336947,0.11223140259318973,0.11223140259318973,0.0,0.11795768076888427,0.11795768076888427,0.0,0
0.75,31.025854879065886,0.11192630944713608,0.11192630944713608,0.0,0.12472974067138116,0.12472974067138116,0.0,0
0.75,31.1092577147623,0.11154408618280921,0.11154408618280921,0.0,0.13236722631057346,0.13236722631057346,0.0,0
0.75,31.19266055045871,0.11112768446101136,0.11112768446101136,0.0,0.14101520919476668,0.14101520919476668,0.0,0
0.75,31.276063386155126,0.11072929664316253,0.11072929664316253,0.0,0.15085582440632908,0.15085582440632908,0.0,0
0.75,31.35946622185154,0.11041203473672326,0.11041203473672326,0.0,0.16211667717648595,0.16211667717648595,0.0,0
0.75,31.442869057547956,0.06260931263158831,0.06260931263158831,0.0,0.09655475409287473,0.09655475409287473,0.0,0
0.75,31.526271893244367,0.05907713562512465,0.05907713562512465,0.0,0.10257978107103964,0.10257978107103964,0.0,0
0.75,31.60967472894078,0.0555047878731174,0.0555047878731174,0.0,0.1091120308627188,0.1091120308627188,0.0,0
0.75,31.693077564637196,0.05203219223279406,0.05203219223279406,0.0,0.1162741386979039,0.1162741386979039,0.0,0
0.75,31.776480400333607,0.04886569093813738,0.04886569093813738,0.0,0.12426711530821724,0.12426711530821724,0.0,0
0.75,31.859883236030022,0.04629641147161688,0.04629641147161688,0.0,0.13338990841421025,0.13338990841421025,0.0,0
0.75,31.943286071726437,0.04470065052221546,0.04470065052221546,0.0,0.14398224212915023,0.14398224212915023,0.0,0
0.75,32.02668890742285,0.044490662233077086,0.044490662233077086,0.0,0.1561766011547463,0.1561766011547463,0.0,0
0.75,32.11009174311926,0.04599491192848002,0.04599491192848002,0.0,0.16944813844955536,0.16944813844955536,0.0,0
0.75,32.193494578815674,0.04931566830666598,0.04931566830666598,0.0,0.1823353017438158,0.1823353017438158,0.0,0
0.75,32.27689741451209,0.054275648513218054,0.054275648513218054,0.0,0.19288802003093417,0.19288802003093417,0.0,0
0.75,32.3603002502085,0.06050076659920039,0.06050076659920039,0.0,0.19966984579772154,0.19966984579772154,0.0,0
0.75,32.44370308590492,0.06756157545291674,0.06756157545291674,0.0,0.202370122906496,0.202370122906496,0.0,0
0.75,32.52710592160133,0.07507828665488102,0.07507828665488102,0.0,0.20159825303951615,0.20159825303951615,0.0,0
0.75,32.610508757297744,0.08276129037220933,0.08276129037220933,0.0,0.1983177739014356,0.1983177739014356,0.0,0
0.75,32.69391159299416,0.09040779651710813,0.09040779651710813,0.0,0.19342368923632172,0.19342368923632172,0.0,0
0.75,32.77731442869057,0.09788146402328418,0.09788146402328418,0.0,0.18757608033667797,0.18757608033667797,0.0,0
0.75,32.860717264386984,0.1050905468980667,0.1050905468980667,0.0,0.1811928397643349,0.1811928397643349,0.0,0
0.75,32.9441201000834,0.11196997657111057,0.11196997657111057,0.0,0.1744999554411494,0.1744999554411494,0.0,0
0.75,33.027522935779814,0.11846789849409868,0.11846789849409868,0.0,0.16758659098613007,0.16758659098613007,0.0,0
0.75,33.110925771476225,0.12453563027764372,0.12453563027764372,0.0,0.16044556784600714,0.16044556784600714,0.0,0
0.75,33.19432860717264,0.13011980116190563,0.13011980116190563,0.0,0.15299274069176622,0.15299274069176622,0.0,0
0.75,33.277731442869054,0.13515556556265063,0.13515556556265063,0.0,0.14506022173679756,0.14506022173679756,0.0,0
0.75,33.361134278565466,0.0972709189602942,0.0972709189602942,0.0,0.08112203907561139,0.08112203907561139,0.0,0
0.75,33.444537114261884,0.10007997847798286,0.10007997847798286,0.0,0.07304860858272087,0.07304860858272087,0.0,0
0.75,33.527939949958295,0.10169485095632996,0.10169485095632996,0.0,0.06309939724309861,0.06309939724309861,0.0,0
0.75,33.611342785654706,0.10181505752410717,0.10181505752410717,0.0,0.055294673498297975,0.055294673498297975,0.0,0
0.75,33.694745621351124,0.10032888483856074,0.10032888483856074,0.0,0.0950239475589687,0.0950239475589687,0.0,0
0.75,33.778148457047536,0.11571865821318454,0.11571865821318454,0.0,0.5820908026882279,0.5820908026882279,0.0,0
0.75,33.861551292743954,0.14134271458427555,0.14134271458427555,0.0,0.40655687895014087,0.40655687895014087,0.0,0
0.75,33.944954128440365,0.16127783222930248,0.16127783222930248,0.0,0.35189226421939596,0.35189226421939596,0.0,0
0.75,34.028356964136776,0.1792691898263507,0.1792691898263507,0.0,0.3165347653780086,0.3165347653780086,0.0,0
0.75,34.111759799833195,0.19566245814452438,0.19566245814452438,0.0,0.28910379303437017,0.28910379303437017,0.0,0
0.75,34.195162635529606,0.21052091798376885,0.21052091798376885,0.0,0.2663149770534191,0.2663149770534191,0.0,0
0.75,34.27856547122602,0.2238777162868477,0.2238777162868477,0.0,0.24686024830532677,0.24686024830532677,0.0,0
0.75,34.361968306922435,0.23577135507443014,0.23577135507443014,0.0,0.23011028521071925,0.23011028521071925,0.0,0
0.75,34.445371142618846,0.24624821016721019,0.24624821016721019,0.0,0.21572392442009833,0.21572392442009833,0.0,0
0.75,34.52877397831526,0.2553604284665519,0.2553604284665519,0.0,0.2035040396526459,0.2035040396526459,0.0,0
0.75,34.612176814011676,0.2631642491118103,0.2631642491118103,0.0,0.19333228634590585,0.19333228634590585,0.0,0
0.75,34.69557964970809,0.2697193394868204,0.2697193394868204,0.0,0.18513084733781088,0.18513084733781088,0.0,0
0.75,34.7789824854045,0.27508893129259726,0.27508893129259726,0.0,0.17883378125879867,0.17883378125879867,0.0,0
0.75,34.862385321100916,0.2793404826277524,0.2793404826277524,0.0,0.1743627561607772,0.1743627561607772,0.0,0
0.75,34.94578815679733,0.2825466365015464,0.2825466365015464,0.0,0.17160705029506626,0.17160705029506626,0.0,0
0.75,35.02919099249374,0.28478625501111837,0.28478625501111837,0.0,0.17040992670326535,0.17040992670326535,0.0,0
0.75,35.11259382819016,0.2861452682360754,0.2861452682360754,0.0,0.17056390370324112,0.17056390370324112,0.0,0
0.75,35.19599666388657,0.28671701837270364,0.28671701837270364,0.0,0.1718164653528522,0.1718164653528522,0.0,0
0.75,35.279399499582986,0.28660176167842866,0.28660176167842866,0.0,0.17388587771392167,0.17388587771392167,0.0,0
0.75,35.3628023352794,0.25772917896275604,0.25772917896275604,0.0,0.1655644033927384,0.1655644033927384,0.0,0
0.75,35.44620517097581,0.25640047747707495,0.25640047747707495,0.0,0.16922403145647566,0.16922403145647566,0.0,0
0.75,35.52960800667223,0.2547279072545151,0.2547279072545151,0.0,0.1728316033796308,0.1728316033796308,0.0,0
0.75,35.61301084236864,0.25281917606380516,0.25281917606380516,0.0,0.1762298147408965,0.1762298147408965,0.0,0
0.75,35.69641367806505,0.25077446881625537,0.25077446881625537,0.0,0.1793264307033861,0.1793264307033861,0.0,0
0.75,35.77981651376147,0.2486842081421677,0.2486842081421677,0.0,0.1820863853646789,0.1820863853646789,0.0,0
0.75,35.86321934945788,0.24662802247524782,0.24662802247524782,0.0,0.18451826068524302,0.18451826068524302,0.0,0
0.75,35.94662218515429,0.24467476406405658,0.24467476406405658,0.0,0.1866593852855623,0.1866593852855623,0.0,0
0.75,36.03002502085071,0.24288324329872416,0.24288324329872416,0.0,0.18856265967158137,0.18856265967158137,0.0,0
0.75,36.11342785654712,0.24130332459339496,0.24130332459339496,0.0,0.19028656859400303,0.19028656859400303,0.0,0
0.75,36.19683069224353,0.2399771037286257,0.2399771037286257,0.0,0.19188851814565408,0.19188851814565408,0.0,0
0.75,36.28023352793995,0.23893999017125273,0.23893999017125273,0.0,0.1934209225797083,0.1934209225797083,0.0,0
0.75,36.36363636363636,0.23822160859088543,0.23822160859088543,0.0,0.1949292600845778,0.1949292600845778,0.0,0
0.75,36.44703919933277,0.23784649690127213,0.23784649690127213,0.0,0.19645139432237974,0.19645139432237974,0.0,0
0.75,36.53044203502919,0.2378346152474585,0.2378346152474585,0.0,0.19801763720092114,0.19801763720092114,0.0,0
0.75,36.6138448707256,0.23820169875774408,0.23820169875774408,0.0,0.19965120687625945,0.19965120687625945,0.0,0
0.75,36.69724770642202,0.2389594938130239,0.2389594938130239,0.0,0.20136887450606028,0.20136887450606028,0.0,0
0.75,36.78065054211843,0.2401159182002676,0.2401159182002676,0.0,0.20318168853644236,0.20318168853644236,0.0,0
0.75,36.86405337781484,0.2416751828427038,0.2416751828427038,0.0,0.20509572419792324,0.20509572419792324,0.0,0
0.75,36.94745621351126,0.24363790836986476,0.24363790836986476,0.0,0.20711283886524465,0.20711283886524465,0.0,0
0.75,37.03085904920767,0.24600126428501085,0.24600126428501085,0.0,0.20923142990492904,0.20923142990492904,0.0,0
0.75,37.11426188490408,0.24875915220011624,0.24875915220011624,0.0,0.21144719703516868,0.21144719703516868,0.0,0
0.75,37.1976647206005,0.25190244773521997,0.25190244773521997,0.0,0.21375391036307628,0.21375391036307628,0.0,0
0.75,37.28106755629691,0.24742244864442337,0.24742244864442337,0.0,0.23117925026545297,0.23117925026545297,0.0,0
0.75,37.36447039199332,0.2516313561633053,0.2516313561633053,0.0,0.2335597372943144,0.2335597372943144,0.0,0
0.75,37.44787322768974,0.2561053428444967,0.2561053428444967,0.0,0.23591177531190943,0.23591177531190943,0.0,0
0.75,37.53127606338615,0.2608199609641884,0.2608199609641884,0.0,0.23822376053430486,0.23822376053430486,0.0,0
0.75,37.61467889908256,0.26575128333934733,0.26575128333934733,0.0,0.2404870510647619,0.2404870510647619,0.0,0
0.75,37.69808173477898,0.27087648454785557,0.27087648454785557,0.0,0.2426966322601483,0.2426966322601483,0.0,0
0.75,37.78148457047539,0.2761743575553568,0.2761743575553568,0.0,0.2448516219924599,0.2448516219924599,0.0,0
0.75,37.8648874061718,0.2816257478284756,0.2816257478284756,0.0,0.24695559210804108,0.24695559210804108,0.0,0
0.75,37.94829024186822,0.28721389023903654,0.28721389023903654,0.0,0.24901669088059758,0.24901669088059758,0.0,0
0.75,38.03169307756463,0.29292463807777275,0.29292463807777275,0.0,0.25104756125730204,0.25104756125730204,0.0,0
0.75,38.11509591326105,0.2987465780401832,0.2987465780401832,0.0,0.25306506026560577,0.25306506026560577,0.0,0
0.75,38.19849874895746,0.3046710298267648,0.3046710298267648,0.0,0.25508979513228064,0.25508979513228064,0.0,0
0.75,38.28190158465387,0.31069193371398873,0.31069193371398873,0.0,0.2571455006282358,0.2571455006282358,0.0,0
0.75,38.36530442035029,0.3168056338243952,0.3168056338243952,0.0,0.2592582892505648,0.2592582892505648,0.0,0
0.75,38.4487072560467,0.32301056862626315,0.32301056862626315,0.0,0.2614558106783051,0.2614558106783051,0.0,0
0.75,38.532110091743114,0.32930688326071494,0.32930688326071494,0.0,0.2637663593154225,0.2637663593154225,0.0,0
0.75,38.61551292743953,0.3356959805298144,0.3356959805298144,0.0,0.26621796869323094,0.26621796869323094,0.0,0
0.75,38.69891576313594,0.3421800287499864,0.3421800287499864,0.0,0.2688375292398049,0.2688375292398049,0.0,0
0.75,38.782318598832354,0.34876144520202496,0.34876144520202496,0.0,0.2716499617581754,0.2716499617581754,0.0,0
0.75,38.86572143452877,0.35544237365623704,0.35544237365623704,0.0,0.2746774733067215,0.2746774733067215,0.0,0
0.75,38.949124270225184,0.36222417351478137,0.36222417351478137,0.0,0.27793891553466943,0.27793891553466943,0.0,0
0.75,39.032527105921595,0.3691069366101577,0.3691069366101577,0.0,0.2814492584308015,0.2814492584308015,0.0,0
0.75,39.11592994161801,0.3760890457587905,0.3760890457587905,0.0,0.28521918544743724,0.28521918544743724,0.0,0
0.75,39.199332777314424,0.3831667869264132,0.3831667869264132,0.0,0.2892548095904964,0.2892548095904964,0.0,0
0.75,39.28273561301084,0.37537553382283656,0.37537553382283656,0.0,0.2924150808309841,0.2924150808309841,0.0,0
0.75,39.366138448707254,0.381163601918108,0.381163601918108,0.0,0.29522192102705674,0.29522192102705674,0.0,0
0.75,39.449541284403665,0.38703516090253914,0.38703516090253914,0.0,0.29831699548116747,0.29831699548116747,0.0,0
0.75,39.53294412010008,0.39298040858256916,0.39298040858256916,0.0,0.30169380301216675,0.30169380301216675,0.0,0
0.75,39.616346955796494,0.398985986612216,0.398985986612216,0.0,0.30534041374884924,0.30534041374884924,0.0,0
0.75,39.699749791492906,0.40503502422947757,0.40503502422947757,0.0,0.3092396887005641,0.3092396887005641,0.0,0
0.75,39.783152627189324,0.41110726807231823,0.41110726807231823,0.0,0.31336958080568517,0.31336958080568517,0.0,0
0.75,39.866555462885735,0.41717929253372693,0.41717929253372693,0.0,0.31770350729790475,0.31770350729790475,0.0,0
0.75,39.949958298582146,0.42322478351180653,0.42322478351180653,0.0,0.32221078413409254,0.32221078413409254,0.0,0
0.75,40.033361134278564,0.42921488710920425,0.42921488710920425,0.0,0.326857114269286,0.326857114269286,0.0,0
0.75,40.116763969974976,0.43511861382044315,0.43511861382044315,0.0,0.3316051224632656,0.3316051224632656,0.0,0
0.75,40.20016680567139,0.440903287995389,0.440903287995389,0.0,0.3364149298431827,0.3364149298431827,0.0,0
0.75,40.283569641367805,0.4465350318650735,0.4465350318650735,0.0,0.3412447615095508,0.3412447615095508,0.0,0
0.75,40.366972477064216,0.45197927315326863,0.45197927315326863,0.0,0.3460515800505817,0.3460515800505817,0.0,0
0.75,40.45037531276063,0.45720126527255717,0.45720126527255717,0.0,0.350791737016292,0.350791737016292,0.0,0
0.75,40.533778148457046,0.462166609321839,0.462166609321839,0.0,0.3554216333701383,0.3554216333701383,0.0,0
0.75,40.61718098415346,0.46684176756800466,0.46684176756800466,0.0,0.35989837889396886,0.35989837889396886,0.0,0
0.75,40.700583819849875,0.4711945588049487,0.4711945588049487,0.0,0.3641804396831718,0.3641804396831718,0.0,0
0.75,40.783986655546286,0.47519462692188885,0.47519462692188885,0.0,0.3682282624068065,0.3682282624068065,0.0,0
0.75,40.8673894912427,0.47881387514681095,0.47881387514681095,0.0,0.37200486403063754,0.37200486403063754,0.0,0
0.75,40.950792326939116,0.48202685970762543,0.48202685970762543,0.0,0.37547637623757035,0.37547637623757035,0.0,0
0.75,41.03419516263553,0.4848111380082367,0.4848111380082367,0.0,0.3786125347812501,0.3786125347812501,0.0,0
0.75,41.11759799833194,0.4871475677759942,0.4871475677759942,0.0,0.38138710536357434,0.38138710536357434,0.0,0
0.75,41.201000834028356,0.4523304595415698,0.4523304595415698,0.0,0.36035012378905784,0.36035012378905784,0.0,0
0.75,41.28440366972477,0.45304530456049147,0.45304530456049147,0.0,0.36172176480096163,0.36172176480096163,0.0,0
0.75,41.36780650542118,0.45333303374246214,0.45333303374246214,0.0,0.36274490215554767,0.36274490215554767,0.0,0
0.75,41.4512093411176,0.4531909096985446,0.4531909096985446,0.0,0.36341298498067104,0.36341298498067104,0.0,0
0.75,41.53461217681401,0.4526204074118024,0.4526204074118024,0.0,0.36372470299882353,0.36372470299882353,0.0,0
0.75,41.61801501251042,0.4516271861898486,0.4516271861898486,0.0,0.36368389873252766,0.36368389873252766,0.0,0
0.75,41.70141784820684,0.4502210068151612,0.4502210068151612,0.0,0.36329938389039307,0.36329938389039307,0.0,0
0.75,41.78482068390325,0.44841559704373796,0.44841559704373796,0.0,0.36258466401068806,0.36258466401068806,0.0,0
0.75,41.86822351959966,0.44622846897409213,0.44622846897409213,0.0,0.36155757715211734,0.36155757715211734,0.0,0
0.75,41.95162635529608,0.44368069211435435,0.44368069211435435,0.0,0.36023985420324367,0.36023985420324367,0.0,0
0.75,42.03502919099249,0.440796626212346,0.440796626212346,0.0,0.3586566101995969,0.3586566101995969,0.0,0
0.75,42.11843202668891,0.43760361807063763,0.43760361807063763,0.0,0.3568357778229252,0.3568357778229252,0.0,0
0.75,42.20183486238532,0.4341316666347482,0.4341316666347482,0.0,0.3548074959193495,0.3548074959193495,0.0,0
0.75,42.28523769808173,0.43041306061699447,0.43041306061699447,0.0,0.35260346731623804,0.35260346731623804,0.0,0
0.75,42.36864053377815,0.4264819928187072,0.4264819928187072,0.0,0.3502563013574035,0.3502563013574035,0.0,0
0.75,42.45204336947456,0.4223741551846342,0.4223741551846342,0.0,0.34779885735606336,0.34779885735606336,0.0,0
0.75,42.53544620517097,0.4181263185369417,0.4181263185369417,0.0,0.3452636055594349,0.3452636055594349,0.0,0
0.75,42.61884904086739,0.4137759009861889,0.4137759009861889,0.0,0.34268202222906324,0.34268202222906324,0.0,0
0.75,42.7022518765638,0.4093605293054999,0.4093605293054999,0.0,0.3400840350796461,0.3400840350796461,0.0,0
0.75,42.78565471226021,0.40491759817184775,0.40491759817184775,0.0,0.3374975345893252,0.3374975345893252,0.0,0
0.75,42.86905754795663,0.4004838331780446,0.4004838331780446,0.0,0.3349479655704607,0.3349479655704607,0.0,0
0.75,42.95246038365304,0.3960948648912522,0.3960948648912522,0.0,0.33245801180583845,0.33245801180583845,0.0,0
0.75,43.03586321934945,0.3917848228851251,0.3917848228851251,0.0,0.33004738440809295,0.33004738440809295,0.0,0
0.75,43.11926605504587,0.38758596041609666,0.38758596041609666,0.0,0.32773272173210766,0.32773272173210766,0.0,0
0.75,43.20266889074228,0.358128904228505,0.358128904228505,0.0,0.3180208084086963,0.3180208084086963,0.0,0
0.75,43.28607172643869,0.35537606169862235,0.35537606169862235,0.0,0.31688556160599407,0.31688556160599407,0.0,0
0.75,43.36947456213511,0.3528330373073358,0.3528330373073358,0.0,0.3158443291393981,0.3158443291393981,0.0,0
0.75,43.45287739783152,0.3505095463561924,0.3505095463561924,0.0,0.3148912491763358,0.3148912491763358,0.0,0
0.75,43.53628023352794,0.34841212914819647,0.34841212914819647,0.0,0.3140194150759175,0.3140194150759175,0.0,0
0.75,43.61968306922435,0.3465444842827302,0.3465444842827302,0.0,0.3132216010693722,0.3132216010693722,0.0,0
0.75,43.70308590492076,0.3449079120785888,0.3449079120785888,0.0,0.31249098065992764,0.31249098065992764,0.0,0
0.75,43.78648874061718,0.3435018496610878,0.3435018496610878,0.0,0.31182180109797747,0.31182180109797747,0.0,0
0.75,43.86989157631359,0.34232447367974705,0.34232447367974705,0.0,0.3112099811047691,0.3112099811047691,0.0,0
0.75,43.95329441201,0.34137334274651143,0.34137334274651143,0.0,0.31065360514754914,0.31065360514754914,0.0,0
0.75,44.03669724770642,0.3406460498191525,0.3406460498191525,0.0,0.3101532953511044,0.3101532953511044,0.0,0
0.75,44.12010008340283,0.34014085495524177,0.34014085495524177,0.0,0.3097124507543966,0.3097124507543966,0.0,0
0.75,44.20350291909924,0.33985727093720347,0.33985727093720347,0.0,0.30933735224827397,0.30933735224827397,0.0,0
0.75,44.28690575479566,0.33979657784030787,0.33979657784030787,0.0,0.30903713940952066,0.30903713940952066,0.0,0
0.75,44.37030859049207,0.33996224720294305,0.33996224720294305,0.0,0.30882367199883404,0.30882367199883404,0.0,0
0.75,44.453711426188484,0.34036026156795723,0.34036026156795723,0.0,0.30871129375598466,0.30871129375598466,0.0,0
0.75,44.5371142618849,0.3409993203608093,0.3409993203608093,0.0,0.3087165191694544,0.3087165191694544,0.0,0
0.75,44.62051709758131,0.3418909280272524,0.3418909280272524,0.0,0.30885766518251734,0.30885766518251734,0.0,0
0.75,44.703919933277724,0.3430493648674205,0.3430493648674205,0.0,0.30915444953340865,0.30915444953340865,0.0,0
0.75,44.78732276897414,0.3444915449871637,0.3444915449871637,0.0,0.3096275759150958,0.3096275759150958,0.0,0
0.75,44.870725604670554,0.346236769240869,0.346236769240869,0.0,0.3102983237177862,0.3102983237177862,0.0,0
0.75,44.95412844036697,0.34830638401019987,0.34830638401019987,0.0,0.3111881571149334,0.3111881571149334,0.0,0
0.75,45.03753127606338,0.35072335920525327,0.35072335920525327,0.0,0.3123183649641182,0.3123183649641182,0.0,0
0.75,45.120934111759794,0.3502372603078538,0.3502372603078538,0.0,0.3190025284964062,0.3190025284964062,0.0,0
0.75,45.20433694745621,0.3527314211473302,0.3527314211473302,0.0,0.31987455194023745,0.31987455194023745,0.0,0
0.75,45.287739783152624,0.3555814081359897,0.3555814081359897,0.0,0.3210235802624952,0.3210235802624952,0.0,0
0.75,45.371142618849035,0.358819725444979,0.358819725444979,0.0,0.32247286158180666,0.32247286158180666,0.0,0
0.75,45.45454545454545,0.36247806415516765,0.36247806415516765,0.0,0.32424411650940166,0.32424411650940166,0.0,0
0.75,45.537948290241864,0.3665866475345442,0.3665866475345442,0.0,0.32635740692210796,0.32635740692210796,0.0,0
0.75,45.621351125938276,0.371173607931862,0.371173607931862,0.0,0.32883103804390695,0.32883103804390695,0.0,0
0.75,45.704753961634694,0.376264413097676,0.376264413097676,0.0,0.33168148795781827,0.33168148795781827,0.0,0
0.75,45.788156797331105,0.381881357727079,0.381881357727079,0.0,0.3349233582315101,0.3349233582315101,0.0,0
0.75,45.871559633027516,0.38804313291123194,0.38804313291123194,0.0,0.338569339123519,0.338569339123519,0.0,0
0.75,45.954962468723934,0.39476448218446836,0.39476448218446836,0.0,0.34263018283679,0.34263018283679,0.0,0
0.75,46.038365304420346,0.4020559482952366,0.4020559482952366,0.0,0.34711467850204947,0.34711467850204947,0.0,0
0.75,46.12176814011676,0.4099237101373984,0.4099237101373984,0.0,0.35202962300759805,0.35202962300759805,0.0,0
0.75,46.205170975813175,0.41836950490321,0.41836950490321,0.0,0.35737978244712443,0.35737978244712443,0.0,0
0.75,46.288573811509586,0.4273906268665308,0.4273906268665308,0.0,0.3631678398345463,0.3631678398345463,0.0,0
0.75,46.371976647206004,0.436979991578018,0.436979991578018,0.0,0.3693943258334494,0.3693943258334494,0.0,0
0.75,46.455379482902416,0.44712625281909596,0.44712625281909596,0.0,0.3760575305634198,0.3760575305634198,0.0,0
0.75,46.53878231859883,0.45781395943762193,0.45781395943762193,0.0,0.38315339606623194,0.38315339606623194,0.0,0
0.75,46.622185154295245,0.46902374006284125,0.46902374006284125,0.0,0.39067539072347085,0.39067539072347085,0.0,0
0.75,46.705587989991656,0.4807325054601216,0.4807325054601216,0.0,0.3986143687850099,0.3986143687850099,0.0,0
0.75,46.78899082568807,0.49291366066809933,0.49291366066809933,0.0,0.4069584201504799,0.4069584201504799,0.0,0
0.75,46.872393661384486,0.5055373217743647,0.5055373217743647,0.0,0.4156927175782843,0.4156927175782843,0.0,0
0.75,46.9557964970809,0.5185705349551515,0.5185705349551515,0.0,0.4247993704876385,0.4247993704876385,0.0,0
0.75,47.03919933277731,0.5319774979867758,0.5319774979867758,0.0,0.4342572963466776,0.4342572963466776,0.0,0
0.75,47.122602168473726,0.527204667710907,0.527204667710907,0.0,0.43727222284394657,0.43727222284394657,0.0,0
0.75,47.20600500417014,0.5406503089285736,0.5406503089285736,0.0,0.4468792840018768,0.4468792840018768,0.0,0
0.75,47.28940783986655,0.5543996707051508,0.5543996707051508,0.0,0.4567997230406795,0.4567997230406795,0.0,0
0.75,47.37281067556297,0.5684068761546452,0.5684068761546452,0.0,0.4669999556698024,0.4669999556698024,0.0,0
0.75,47.45621351125938,0.5826243159191249,0.5826243159191249,0.0,0.47744313960080903,0.47744313960080903,0.0,0
0.75,47.539616346955796,0.5970030071486871,0.5970030071486871,0.0,0.4880894096676821,0.4880894096676821,0.0,0
0.75,47.62301918265221,0.6114929736253505,0.6114929736253505,0.0,0.49889620351948927,0.49889620351948927,0.0,0
0.75,47.70642201834862,0.6260436473096191,0.6260436473096191,0.0,0.5098186775948509,0.5098186775948509,0.0,0
0.75,47.78982485404504,0.6406042890860839,0.6406042890860839,0.0,0.5208102072474643,0.5208102072474643,0.0,0
0.75,47.87322768974145,0.6551244237517795,0.6551244237517795,0.0,0.5318229585983736,0.5318229585983736,0.0,0
0.75,47.95663052543786,0.6695542815940688,0.6695542815940688,0.0,0.5428085134954929,0.5428085134954929,0.0,0
0.75,48.04003336113428,0.6838452365241219,0.6838452365241219,0.0,0.5537185235083787,0.5537185235083787,0.0,0
0.75,48.12343619683069,0.6979502289368532,0.6979502289368532,0.0,0.5645053648393612,0.5645053648393612,0.0,0
0.75,48.2068390325271,0.7118241604868816,0.7118241604868816,0.0,0.5751227639817085,0.5751227639817085,0.0,0
0.75,48.29024186822352,0.7254242479627984,0.7254242479627984,0.0,0.5855263643277284,0.5855263643277284,0.0,0
0.75,48.37364470391993,0.7387103244784076,0.7387103244784076,0.0,0.5956742069086828,0.5956742069086828,0.0,0
0.75,48.45704753961634,0.7516450782455559,0.7516450782455559,0.0,0.6055271039289928,0.6055271039289928,0.0,0
0.75,48.54045037531276,0.7641942221122249,0.7641942221122249,0.0,0.6150488913401867,0.6150488913401867,0.0,0
0.75,48.62385321100917,0.7763265906160275,0.7763265906160275,0.0,0.6242065557293306,0.6242065557293306,0.0,0
0.75,48.70725604670558,0.7880141652259599,0.7880141652259599,0.0,0.6329702404323957,0.6329702404323957,0.0,0
0.75,48.790658882402,0.7992320323989607,0.7992320323989607,0.0,0.6413131450972368,0.6413131450972368,0.0,0
0.75,48.87406171809841,0.809958282736182,0.809958282736182,0.0,0.6492113409999695,0.6492113409999695,0.0,0
0.75,48.95746455379483,0.8201738625889416,0.8201738625889416,0.0,0.6566435304583472,0.6566435304583472,0.0,0
0.75,49.04086738949124,0.8114171694078703,0.8114171694078703,0.0,0.6613893588854355,0.6613893588854355,0.0,0
0.75,49.12427022518765,0.8207165584326407,0.8207165584326407,0.0,0.6680933224876734,0.6680933224876734,0.0,0
0.75,49.20767306088407,0.8294660999309388,0.8294660999309388,0.0,0.6742619643279428,0.6742619643279428,0.0,0
0.75,49.29107589658048,0.8376527891525029,0.8376527891525029,0.0,0.6798759287232568,0.6798759287232568,0.0,0
0.75,49.37447873227689,0.8452656790723823,0.8452656790723823,0.0,0.684918071269701,0.684918071269701,0.0,0
0.75,49.45788156797331,0.8522957941087358,0.8522957941087358,0.0,0.6893736172417183,0.6893736172417183,0.0,0
0.75,49.54128440366972,0.8587360766402955,0.8587360766402955,0.0,0.6932303745427804,0.6932303745427804,0.0,0
0.75,49.62468723936613,0.8645813653456877,0.8645813653456877,0.0,0.6964789798723492,0.6964789798723492,0.0,0
0.75,49.70809007506255,0.8698284011677592,0.8698284011677592,0.0,0.6991131517686706,0.6991131517686706,0.0,0
0.75,49.79149291075896,0.8744758541086992,0.8744758541086992,0.0,0.7011299223646176,0.7011299223646176,0.0,0
0.75,49.87489574645537,0.8785243622762618,0.8785243622762618,0.0,0.7025298210947512,0.7025298210947512,0.0,0
0.75,49.95829858215179,0.8819765737153638,0.8819765737153638,0.0,0.7033169878118264,0.7033169878118264,0.0,0
0.75,50.0417014178482,0.8848371815564866,0.8848371815564866,0.0,0.7034991990578793,0.7034991990578793,0.0,0
0.75,50.12510425354461,0.8871129437862545,0.8871129437862545,0.0,0.7030877986398543,0.7030877986398543,0.0,0
0.75,50.20850708924103,0.8888126803256358,0.8888126803256358,0.0,0.702097531207006,0.702097531207006,0.0,0
0.75,50.29190992493744,0.8899472418834405,0.8899472418834405,0.0,0.7005462843667337,0.7005462843667337,0.0,0
0.75,50.37531276063386,0.8905294470294308,0.8905294470294308,0.0,0.6984547503873144,0.6984547503873144,0.0,0
0.75,50.45871559633027,0.890573985916047,0.890573985916047,0.0,0.6958460223773026,0.6958460223773026,0.0,0
0.75,50.54211843202668,0.890097290921243,0.890097290921243,0.0,0.6927451419266323,0.6927451419266323,0.0,0
0.75,50.6255212677231,0.8891173760817438,0.8891173760817438,0.0,0.6891786156847302,0.6891786156847302,0.0,0
0.75,50.70892410341951,0.8876536484749095,0.8876536484749095,0.0,0.6851739175211369,0.6851739175211369,0.0,0
0.75,50.792326939115924,0.885726695664645,0.885726695664645,0.0,0.6807589911179245,0.6807589911179245,0.0,0
0.75,50.87572977481234,0.883358053958827,0.883358053958827,0.0,0.6759617654387027,0.6759617654387027,0.0,0
0.75,50.95913261050875,0.8805699625602234,0.8805699625602234,0.0,0.6708096928233153,0.6708096928233153,0.0,0
0.75,51.042535446205164,0.8620065480665218,0.8620065480665218,0.0,0.6630785102795795,0.6630785102795795,0.0,0
0.75,51.12593828190158,0.8582740858467239,0.8582740858467239,0.0,0.6568274019940737,0.6568274019940737,0.0,0
0.75,51.209341117597994,0.8541821386761566,0.8541821386761566,0.0,0.6502904043385969,0.6502904043385969,0.0,0
0.75,51.292743953294405,0.849753346133181,0.849753346133181,0.0,0.6434886190710769,0.6434886190710769,0.0,0
0.75,51.37614678899082,0.845009658137511,0.845009658137511,0.0,0.6364404407889935,0.6364404407889935,0.0,0
0.75,51.459549624687234,0.8399721129829628,0.8399721129829628,0.0,0.6291613083294505,0.6291613083294505,0.0,0
0.75,51.542952460383646,0.8346606346847978,0.8346606346847978,0.0,0.6216634824327717,0.6216634824327717,0.0,0
0.75,51.626355296080064,0.8290938524733733,0.8290938524733733,0.0,0.6139558441490707,0.6139558441490707,0.0,0
0.75,51.709758131776475,0.8232889453973099,0.8232889453973099,0.0,0.6060437086563006,0.6060437086563006,0.0,0
0.75,51.79316096747289,0.8172615153986169,0.8172615153986169,0.0,0.5979286500344236,0.5979286500344236,0.0,0
0.75,51.876563803169304,0.8110254929549356,0.8110254929549356,0.0,0.5896083344326168,0.5896083344326168,0.0,0
0.75,51.959966638865716,0.8045930805232493,0.8045930805232493,0.0,0.5810763625366201,0.5810763625366201,0.0,0
0.75,52.043369474562134,0.7979747406413782,0.7979747406413782,0.0,0.5723221282316385,0.5723221282316385,0.0,0
0.75,52.126772310258545,0.7911792377152634,0.7911792377152634,0.0,0.5633307104128922,0.5633307104128922,0.0,0
0.75,52.210175145954956,0.784213745264174,0.784213745264174,0.0,0.5540828315396942,0.5540828315396942,0.0,0
0.75,52.293577981651374,0.7770840336139377,0.7770840336139377,0.0,0.5445549437698184,0.5445549437698184,0.0,0
0.75,52.376980817347786,0.7697947563360809,0.7697947563360809,0.0,0.5347195475290981,0.5347195475290981,0.0,0
0.75,52.4603836530442,0.7623498561280325,0.7623498561280325,0.0,0.5245459171542617,0.5245459171542617,0.0,0
0.75,52.543786488740615,0.7547531100598007,0.7547531100598007,0.0,0.514001515409845,0.514001515409845,0.0,0
0.75,52.627189324437026,0.7470088254847603,0.7470088254847603,0.0,0.5030545341550371,0.5030545341550371,0.0,0
0.75,52.71059216013344,0.7391226722897113,0.7391226722897113,0.0,0.4916782000843355,0.4916782000843355,0.0,0
0.75,52.793994995829856,0.7311025779879008,0.7311025779879008,0.0,0.47985768235773163,0.47985768235773163,0.0,0
0.75,52.87739783152627,0.722959492484709,0.722959492484709,0.0,0.4676004548749364,0.4676004548749364,0.0,0
0.75,52.96080066722268,0.6966948425215901,0.6966948425215901,0.0,0.4412997605697271,0.4412997605697271,0.0,0
0.75,53.044203502919096,0.6881773012462256,0.6881773012462256,0.0,0.4277988051621339,0.4277988051621339,0.0,0
0.75,53.12760633861551,0.6796012055270937,0.6796012055270937,0.0,0.4143567359139521,0.4143567359139521,0.0,0
0.75,53.211009174311926,0.6709533070352888,0.6709533070352888,0.0,0.401174281550406,0.401174281550406,0.0,0
0.75,53.29441201000834,0.662185583500337,0.662185583500337,0.0,0.38837238889775016,0.38837238889775016,0.0,0
0.75,53.37781484570475,0.6532048113829216,0.6532048113829216,0.0,0.37591160365322057,0.37591160365322057,0.0,0
0.75,53.461217681401166,0.6438726139989503,0.6438726139989503,0.0,0.3635729229455443,0.3635729229455443,0.0,0
0.75,53.54462051709758,0.6340186870735413,0.6340186870735413,0.0,0.35103200152831016,0.35103200152831016,0.0,0
0.75,53.62802335279399,0.6234620563118105,0.6234620563118105,0.0,0.33798670107154216,0.33798670107154216,0.0,0
0.75,53.71142618849041,0.6120316366401517,0.6120316366401517,0.0,0.3242638671432044,0.3242638671432044,0.0,0
0.75,53.79482902418682,0.5995810580016181,0.5995810580016181,0.0,0.30986870310338227,0.30986870310338227,0.0,0
0.75,53.87823185988323,0.5859987066319864,0.5859987066319864,0.0,0.29499514094821055,0.29499514094821055,0.0,0
0.75,53.96163469557965,0.5712173295217563,0.5712173295217563,0.0,0.28003744731901453,0.28003744731901453,0.0,0
0.75,54.04503753127606,0.5552282814369057,0.5552282814369057,0.0,0.2656361473097438,0.2656361473097438,0.0,0
0.75,54.12844036697247,0.5381056573805794,0.5381056573805794,0.0,0.25277716407649253,0.25277716407649253,0.0,0
0.75,54.21184320266889,0.5200466235351733,0.5200466235351733,0.0,0.24294464670142293,0.24294464670142293,0.0,0
0.75,54.2952460383653,0.5014366148182701,0.5014366148182701,0.0,0.23828544213599262,0.23828544213599262,0.0,0
0.75,54.37864887406171,0.48295099119803364,0.48295099119803364,0.0,0.24166000047394387,0.24166000047394387,0.0,0
0.75,54.46205170975813,0.4657050617141965,0.4657050617141965,0.0,0.2564007983932936,0.2564007983932936,0.0,0
0.75,54.54545454545454,0.45145233451839933,0.45145233451839933,0.0,0.2857733083166537,0.2857733083166537,0.0,0
0.75,54.62885738115096,0.44278358350205654,0.44278358350205654,0.0,0.3324756277257502,0.3324756277257502,0.0,0
0.75,54.71226021684737,0.4431649966170575,0.4431649966170575,0.0,0.39836833888047796,0.39836833888047796,0.0,0
0.75,54.79566305254378,0.4564914847970124,0.4564914847970124,0.0,0.4838681047276607,0.4838681047276607,0.0,0
0.75,54.8790658882402,0.4858290454111131,0.4858290454111131,0.0,0.5861531823655595,0.5861531823655595,0.0,0
0.75,54.96246872393661,0.6074966915008462,0.6074966915008462,0.0,0.8301432558660271,0.8301432558660271,0.0,0
0.75,55.04587155963302,0.6715715679662954,0.6715715679662954,0.0,0.9150539395919335,0.9150539395919335,0.0,0
0.75,55.12927439532944,0.7349174149786519,0.7349174149786519,0.0,0.971970042345743,0.971970042345743,0.0,0
0.75,55.21267723102585,0.7939651310056222,0.7939651310056222,0.0,1.003961419547371,1.003961419547371,0.0,0
0.75,55.29608006672226,0.847504820824113,0.847504820824113,0.0,1.018293556745441,1.018293556745441,0.0,0
0.75,55.37948290241868,0.8956443607240316,0.8956443607240316,0.0,1.0218443079392525,1.0218443079392525,0.0,0
0.75,55.46288573811509,0.9389925682784548,0.9389925682784548,0.0,1.0195295264456783,1.0195295264456783,0.0,0
0.75,55.5462885738115,0.9782505734337846,0.9782505734337846,0.0,1.0144626065667492,1.0144626065667492,0.0,0
0.75,55.62969140950792,1.0140556704400445,1.0140556704400445,0.0,1.0085141028635005,1.0085141028635005,0.0,0
0.75,55.71309424520433,1.046940152533909,1.046940152533909,0.0,1.0027807237828703,1.0027807237828703,0.0,0
0.75,55.79649708090075,1.0773338354628272,1.0773338354628272,0.0,0.9978937120573955,0.9978937120573955,0.0,0
0.75,55.87989991659716,1.1055797754880492,1.1055797754880492,0.0,0.9942057718207058,0.9942057718207058,0.0,0
0.75,55.96330275229357,1.1319516193285297,1.1319516193285297,0.0,0.9919016443234933,0.9919016443234933,0.0,0
0.75,56.04670558798999,1.1566688273116021,1.1566688273116021,0.0,0.9910635978204537,0.9910635978204537,0.0,0
0.75,56.1301084236864,1.1799089790892603,1.1799089790892603,0.0,0.991710794963994,0.991710794963994,0.0,0
0.75,56.21351125938281,1.2018173849505283,1.2018173849505283,0.0,0.9938235279485966,0.9938235279485966,0.0,0
0.75,56.29691409507923,1.2225144910832664,1.2225144910832664,0.0,0.9973586106204085,0.9973586106204085,0.0,0
0.75,56.38031693077564,1.2421015671918327,1.2421015671918327,0.0,1.002259531139535,1.002259531139535,0.0,0
0.75,56.46371976647205,1.2606650862229953,1.2606650862229953,0.0,1.0084634455188248,1.0084634455188248,0.0,0
0.75,56.54712260216847,1.278280116685283,1.278280116685283,0.0,1.0159062264058347,1.0159062264058347,0.0,0
0.75,56.63052543786488,1.2950129700681705,1.2950129700681705,0.0,1.0245262871048384,1.0245262871048384,0.0,0
0.75,56.713928273561294,1.3109232837953178,1.3109232837953178,0.0,1.0342676182562218,1.0342676182562218,0.0,0
0.75,56.79733110925771,1.3260656726887552,1.3260656726887552,0.0,1.0450823141035157,1.0450823141035157,0.0,0
0.75,56.88073394495412,1.3413607339921705,1.3413607339921705,0.0,1.063747845576118,1.063747845576118,0.0,0
0.75,56.964136780650534,1.3537415241978576,1.3537415241978576,0.0,1.0774075239222434,1.0774075239222434,0.0,0
0.75,57.04753961634695,1.3655871583164623,1.3655871583164623,0.0,1.09216168536922,1.09216168536922,0.0,0
0.75,57.130942452043364,1.3769391766528964,1.3769391766528964,0.0,1.1080258717673412,1.1080258717673412,0.0,0
0.75,57.21434528773978,1.387838630887702,1.387838630887702,0.0,1.1250362729949863,1.1250362729949863,0.0,0
0.75,57.29774812343619,1.398326224252338,1.398326224252338,0.0,1.14325263487203,1.14325263487203,0.0,0
0.75,57.381150959132604,1.408442254923195,1.408442254923195,0.0,1.1627617059843836,1.1627617059843836,0.0,0
0.75,57.46455379482902,1.4182263111026927,1.4182263111026927,0.0,1.1836813839989513,1.1836813839989513,0.0,0
0.75,57.547956630525434,1.4277166331188604,1.4277166331188604,0.0,1.206165716616228,1.206165716616228,0.0,0
0.75,57.631359466221845,1.43694900869344,1.43694900869344,0.0,1.2304108622139351,1.2304108622139351,0.0,0
0.75,57.71476230191826,1.445954992591831,1.445954992591831,0.0,1.2566619608773324,1.2566619608773324,0.0,0
0.75,57.798165137614674,1.4547591258223211,1.4547591258223211,0.0,1.2852204786098564,1.2852204786098564,0.0,0
0.75,57.881567973311085,1.4633746483762595,1.4633746483762595,0.0,1.3164506859234761,1.3164506859234761,0.0,0
0.75,57.964970809007504,1.471796917110671,1.471796917110671,0.0,1.3507819090287403,1.3507819090287403,0.0,0
0.75,58.048373644703915,1.4799933082582815,1.4799933082582815,0.0,1.388698732685373,1.388698732685373,0.0,0
0.75,58.131776480400326,1.4878877576097895,1.4878877576097895,0.0,1.4307016388379967,1.4307016388379967,0.0,0
0.75,58.215179316096744,1.4953373105695285,1.4953373105695285,0.0,1.4771999686173505,1.4771999686173505,0.0,0
0.75,58.298582151793156,1.5020975401696053,1.5020975401696053,0.0,1.5282577222232623,1.5282577222232623,0.0,0
0.75,58.38198498748957,1.5077751949643843,1.5077751949643843,0.0,1.5830413151669782,1.5830413151669782,0.0,0
0.75,58.465387823185985,1.5117756221525354,1.5117756221525354,0.0,1.6387489244294335,1.6387489244294335,0.0,0
0.75,58.548790658882396,1.5132836548109148,1.5132836548109148,0.0,1.6889682336479117,1.6889682336479117,0.0,0
0.75,58.632193494578814,1.5113886602511588,1.5113886602511588,0.0,1.722512021394839,1.722512021394839,0.0,0
0.75,58.715596330275226,1.5055287090209732,1.5055287090209732,0.0,1.7260127796027454,1.7260127796027454,0.0,0
0.75,58.79899916597164,1.4961902300432266,1.4961902300432266,0.0,1.6923807728994544,1.6923807728994544,0.0,0
0.75,58.882402001668055,1.4415562738356926,1.4415562738356926,0.0,1.5167704714191357,1.5167704714191357,0.0,0
0.75,58.965804837364466,1.4323653871804936,1.4323653871804936,0.0,1.4364649995104624,1.4364649995104624,0.0,0
0.75,59.04920767306088,1.4259891564783118,1.4259891564783118,0.0,1.3659886391296285,1.3659886391296285,0.0,0
0.75,59.132610508757296,1.4224670264611206,1.4224670264611206,0.0,1.3076696044531626,1.3076696044531626,0.0,0
0.75,59.21601334445371,1.4215394523790283,1.4215394523790283,0.0,1.2609332510746754,1.2609332510746754,0.0,0
0.75,59.29941618015012,1.422843661881552,1.422843661881552,0.0,1.2243193694037906,1.2243193694037906,0.0,0
0.75,59.382819015846536,1.4260216032852489,1.4260216032852489,0.0,1.1963424949036991,1.1963424949036991,0.0,0
0.75,59.46622185154295,1.4307710799573259,1.4307710799573259,0.0,1.1757178697932393,1.1757178697932393,0.0,0
0.75,59.54962468723936,1.4368615288381457,1.4368615288381457,0.0,1.1613878637110313,1.1613878637110313,0.0,0
0.75,59.63302752293578,1.4441312660228305,1.4441312660228305,0.0,1.152529664512544,1.152529664512544,0.0,0
0.75,59.71643035863219,1.452478481620146,1.452478481620146,0.0,1.1485669610804523,1.1485669610804523,0.0,0
0.75,59.7998331943286,1.4618524485895081,1.4618524485895081,0.0,1.1491764493312033,1.1491764493312033,0.0,0
0.75,59.88323603002502,1.4722470688742542,1.4722470688742542,0.0,1.154291211364453,1.154291211364453,0.0,0
0.75,59.96663886572143,1.4836967917393515,1.4836967917393515,0.0,1.1641098570344397,1.1641098570344397,0.0,0
0.75,60.05004170141785,1.496274161675864,1.496274161675864,0.0,1.1791194873217103,1.1791194873217103,0.0,0
0.75,60.13344453711426,1.5100877841864884,1.5100877841864884,0.0,1.2001370404711964,1.2001370404711964,0.0,0
0.75,60.21684737281067,1.525278628949703,1.525278628949703,0.0,1.2283674097198707,1.2283674097198707,0.0,0
0.75,60.30025020850709,1.5420105692330475,1.5420105692330475,0.0,1.2654608872576134,1.2654608872576134,0.0,0
0.75,60.3836530442035,1.560446608703775,1.560446608703775,0.0,1.3135075056186156,1.3135075056186156,0.0,0
0.75,60.46705587989991,1.580693225445469,1.580693225445469,0.0,1.3747850995281665,1.3747850995281665,0.0,0
0.75,60.55045871559633,1.6026800465645932,1.6026800465645932,0.0,1.4507969722677405,1.4507969722677405,0.0,0
0.75,60.63386155129274,1.625930681335912,1.625930681335912,0.0,1.5397025295133655,1.5397025295133655,0.0,0
0.75,60.71726438698915,1.649235971434159,1.649235971434159,0.0,1.6316054050044861,1.6316054050044861,0.0,0
0.75,60.80066722268557,1.6497082916940136,1.6497082916940136,0.0,1.6825830574963456,1.6825830574963456,0.0,0
0.75,60.88407005838198,1.6671535474720163,1.6671535474720163,0.0,1.7236600119389676,1.7236600119389676,0.0,0
0.75,60.96747289407839,1.6791880953618004,1.6791880953618004,0.0,1.7218294972210046,1.7218294972210046,0.0,0
0.75,61.05087572977481,1.6862494879732821,1.6862494879732821,0.0,1.691908851053647,1.691908851053647,0.0,0
0.75,61.13427856547122,1.6896540957671404,1.6896540957671404,0.0,1.6515309728081644,1.6515309728081644,0.0,0
0.75,61.21768140116763,1.6907089736936372,1.6907089736936372,0.0,1.6116990870510937,1.6116990870510937,0.0,0
0.75,61.30108423686405,1.690376852161769,1.690376852161769,0.0,1.577346215280488,1.577346215280488,0.0,0
0.75,61.38448707256046,1.6892828146636663,1.6892828146636663,0.0,1.5501326907319284,1.5501326907319284,0.0,0
0.75,61.46788990825688,1.6878071362509184,1.6878071362509184,0.0,1.5303359728422001,1.5303359728422001,0.0,0
0.75,61.55129274395329,1.6861674187687987,1.6861674187687987,0.0,1.5177768905042723,1.5177768905042723,0.0,0
0.75,61.6346955796497,1.6844726743140408,1.6844726743140408,0.0,1.5122160112837477,1.5122160112837477,0.0,0
0.75,61.71809841534612,1.682753268868464,1.682753268868464,0.0,1.513501823296316,1.513501823296316,0.0,0
0.75,61.80150125104253,1.6809723727329853,1.6809723727329853,0.0,1.5215985855589789,1.5215985855589789,0.0,0
0.75,61.88490408673894,1.6790219311419445,1.6790219311419445,0.0,1.5365306921297093,1.5365306921297093,0.0,0
0.75,61.96830692243536,1.6767032906249852,1.6767032906249852,0.0,1.5582189867644272,1.5582189867644272,0.0,0
0.75,62.05170975813177,1.673690899662029,1.673690899662029,0.0,1.5861231784412804,1.5861231784412804,0.0,0
0.75,62.13511259382818,1.669479656856877,1.669479656856877,0.0,1.6185420405038509,1.6185420405038509,0.0,0
0.75,62.2185154295246,1.6633305605564561,1.6633305605564561,0.0,1.651457667234555,1.651457667234555,0.0,0
0.75,62.30191826522101,1.6542719474325291,1.6542719474325291,0.0,1.6773039799631466,1.6773039799631466,0.0,0
0.75,62.38532110091742,1.6412887149321822,1.6412887149321822,0.0,1.6854269597724176,1.6854269597724176,0.0,0
0.75,62.46872393661384,1.6238221569906586,1.6238221569906586,0.0,1.6667137967981944,1.6667137967981944,0.0,0
0.75,62.55212677231025,1.6023271582489895,1.6023271582489895,0.0,1.6204677010784307,1.6204677010784307,0.0,0
0.75,62.635529608006664,1.5782052908554847,1.5782052908554847,0.0,1.5559101410331928,1.5559101410331928,0.0,0
0.75,62.71893244370308,1.553072496989883,1.553072496989883,0.0,1.4858817559701532,1.4858817559701532,0.0,0
0.75,62.80233527939949,1.4816929870842652,1.4816929870842652,0.0,1.3238493667365985,1.3238493667365985,0.0,0
0.75,62.88573811509591,1.4587824102567863,1.4587824102567863,0.0,1.2749849458266769,1.2749849458266769,0.0,0
0.75,62.96914095079232,1.4373023022492653,1.4373023022492653,0.0,1.2355742218093715,1.2355742218093715,0.0,0
0.75,63.052543786488734,1.4172960547724724,1.4172960547724724,0.0,1.2044971604088006,1.2044971604088006,0.0,0
0.75,63.13594662218515,1.3987766053414503,1.3987766053414503,0.0,1.180688690511174,1.180688690511174,0.0,0
0.75,63.21934945788156,1.3817595429810077,1.3817595429810077,0.0,1.1633166353889606,1.1633166353889606,0.0,0
0.75,63.302752293577974,1.3662802609633302,1.3662802609633302,0.0,1.1518281924468838,1.1518281924468838,0.0,0
0.75,63.38615512927439,1.3524028413711164,1.3524028413711164,0.0,1.1459525665494503,1.1459525665494503,0.0,0
0.75,63.469557964970804,1.3402247560591805,1.3402247560591805,0.0,1.1456977310167493,1.1456977310167493,0.0,0
0.75,63.552960800667215,1.3298792956814418,1.3298792956814418,0.0,1.15135706033381,1.15135706033381,0.0,0
0.75,63.63636363636363,1.3215362016476457,1.3215362016476457,0.0,1.1635320194226741,1.1635320194226741,0.0,0
0.75,63.719766472060044,1.3153996475211862,1.3153996475211862,0.0,1.1831714120640042,1.1831714120640042,0.0,0
0.75,63.803169307756455,1.3117008135126904,1.3117008135126904,0.0,1.211618725217301,1.211618725217301,0.0,0
0.75,63.886572143452874,1.3106787698554538,1.3106787698554538,0.0,1.2506350963485713,1.2506350963485713,0.0,0
0.75,63.969974979149285,1.3125363784419148,1.3125363784419148,0.0,1.3022988725314235,1.3022988725314235,0.0,0
0.75,64.0533778148457,1.317344733483013,1.317344733483013,0.0,1.3685110082098713,1.3685110082098713,0.0,0
0.75,64.13678065054211,1.3248506022865747,1.3248506022865747,0.0,1.4494643057427872,1.4494643057427872,0.0,0
0.75,64.22018348623853,1.3341424838064926,1.3341424838064926,0.0,1.5400202039288282,1.5400202039288282,0.0,0
0.75,64.30358632193494,1.3432715391514511,1.3432715391514511,0.0,1.624289783694949,1.624289783694949,0.0,0
0.75,64.38698915763135,1.3493790858682866,1.3493790858682866,0.0,1.6760906007818799,1.6760906007818799,0.0,0
0.75,64.47039199332777,1.3500450400679946,1.3500450400679946,0.0,1.677099976787211,1.677099976787211,0.0,0
0.75,64.55379482902418,1.344888889385826,1.344888889385826,0.0,1.6352236690822353,1.6352236690822353,0.0,0
0.75,64.63719766472059,1.3353695474882066,1.3353695474882066,0.0,1.5732871500418069,1.5732871500418069,0.0,0
0.75,64.720600500417,1.2968777225645516,1.2968777225645516,0.0,1.5126461044746207,1.5126461044746207,0.0,0
0.75,64.80400333611342,1.2849566981268337,1.2849566981268337,0.0,1.4589874258047262,1.4589874258047262,0.0,0
0.75,64.88740617180984,1.27305687362675,1.27305687362675,0.0,1.4141742471779912,1.4141742471779912,0.0,0
0.75,64.97080900750625,1.2618236727888776,1.2618236727888776,0.0,1.3786851348477749,1.3786851348477749,0.0,0
0.75,65.05421184320267,1.2516461444280693,1.2516461444280693,0.0,1.3520891363525787,1.3520891363525787,0.0,0
0.75,65.13761467889908,1.2427546678252903,1.2427546678252903,0.0,1.3337763679056422,1.3337763679056422,0.0,0
0.75,65.22101751459549,1.235279953128844,1.235279953128844,0.0,1.3232338839069533,1.3232338839069533,0.0,0
0.75,65.3044203502919,1.2292852272788524,1.2292852272788524,0.0,1.3201337615951898,1.3201337615951898,0.0,0
0.75,65.38782318598832,1.224780395368831,1.224780395368831,0.0,1.3243450969172819,1.3243450969172819,0.0,0
0.75,65.47122602168473,1.2217227289984152,1.2217227289984152,0.0,1.3359078058380156,1.3359078058380156,0.0,0
0.75,65.55462885738115,1.2200051898668327,1.2200051898668327,0.0,1.3549676369188626,1.3549676369188626,0.0,0
0.75,65.63803169307756,1.2194307733485157,1.2194307733485157,0.0,1.3816410927178946,1.3816410927178946,0.0,0
0.75,65.72143452877397,1.219669388070644,1.219669388070644,0.0,1.4157403701384104,1.4157403701384104,0.0,0
0.75,65.80483736447039,1.2201945942329018,1.2201945942329018,0.0,1.4562401816889805,1.4562401816889805,0.0,0
0.75,65.8882402001668,1.2202072887063247,1.2202072887063247,0.0,1.5003603660318343,1.5003603660318343,0.0,0
0.75,65.97164303586321,1.2185867855720596,1.2185867855720596,0.0,1.5423791624873728,1.5423791624873728,0.0,0
0.75,66.05504587155963,1.2139818767217592,1.2139818767217592,0.0,1.5731655395290187,1.5731655395290187,0.0,0
0.75,66.13844870725605,1.205212584993785,1.205212584993785,0.0,1.5825205092870889,1.5825205092870889,0.0,0
0.75,66.22185154295245,1.1919573331353845,1.1919573331353845,0.0,1.564843333861515,1.564843333861515,0.0,0
0.75,66.30525437864887,1.175161260446799,1.175161260446799,0.0,1.5234834022342343,1.5234834022342343,0.0,0
0.75,66.38865721434529,1.1566205841953925,1.1566205841953925,0.0,1.4686406621658943,1.4686406621658943,0.0,0
0.75,66.47206005004169,1.1381744979498403,1.1381744979498403,0.0,1.4111336268817831,1.4111336268817831,0.0,0
0.75,66.55546288573811,1.1212269520031515,1.1212269520031515,0.0,1.3582810558544083,1.3582810558544083,0.0,0
0.75,66.63886572143453,1.106689068151874,1.106689068151874,0.0,1.3136162381658643,1.3136162381658643,0.0,0
0.75,66.72226855713093,1.0529021244904924,1.0529021244904924,0.0,1.2023117077610534,1.2023117077610534,0.0,0
0.75,66.80567139282735,1.046491242307636,1.046491242307636,0.0,1.182142948770531,1.182142948770531,0.0,0
0.75,66.88907422852377,1.0434935960247058,1.0434935960247058,0.0,1.17004435381349,1.17004435381349,0.0,0
0.75,66.97247706422017,1.043945020392928,1.043945020392928,0.0,1.1655771947863403,1.1655771947863403,0.0,0
0.75,67.05587989991659,1.0478635543270112,1.0478635543270112,0.0,1.168534272172688,1.168534272172688,0.0,0
0.75,67.13928273561301,1.0552597206258019,1.0552597206258019,0.0,1.1789726014070812,1.1789726014070812,0.0,0
0.75,67.22268557130941,1.0661397663104883,1.0661397663104883,0.0,1.1972369064250847,1.1972369064250847,0.0,0
0.75,67.30608840700583,1.0805019663687379,1.0805019663687379,0.0,1.2239811161185519,1.2239811161185519,0.0,0
0.75,67.38949124270225,1.0983230941288342,1.0983230941288342,0.0,1.2601765197454546,1.2601765197454546,0.0,0
0.75,67.47289407839865,1.1195277350578217,1.1195277350578217,0.0,1.3070611565628278,1.3070611565628278,0.0,0
0.75,67.55629691409507,1.1439257581097102,1.1439257581097102,0.0,1.365905247707827,1.365905247707827,0.0,0
0.75,67.63969974979149,1.1710922505346126,1.1710922505346126,0.0,1.4372866947043714,1.4372866947043714,0.0,0
0.75,67.72310258548791,1.200157076943007,1.200157076943007,0.0,1.5192538154192143,1.5192538154192143,0.0,0
0.75,67.80650542118431,1.2295115258769513,1.2295115258769513,0.0,1.6036878357887938,1.6036878357887938,0.0,0
0.75,67.88990825688073,1.2566492237584508,1.2566492237584508,0.0,1.6724529633955205,1.6724529633955205,0.0,0
0.75,67.97331109257715,1.2787441726054258,1.2787441726054258,0.0,1.701832408069349,1.701832408069349,0.0,0
0.75,68.05671392827355,1.294219414492102,1.294219414492102,0.0,1.681441124748583,1.681441124748583,0.0,0
0.75,68.14011676396997,1.3037776912104588,1.3037776912104588,0.0,1.6251632662052897,1.6251632662052897,0.0,0
0.75,68.22351959966639,1.30952211024076,1.30952211024076,0.0,1.5558866680992731,1.5558866680992731,0.0,0
0.75,68.3069224353628,1.3135242094350121,1.3135242094350121,0.0,1.4893380768641171,1.4893380768641171,0.0,0
0.75,68.39032527105921,1.3172169733408519,1.3172169733408519,0.0,1.4322410343972665,1.4322410343972665,0.0,0
0.75,68.47372810675563,1.3214312408180067,1.3214312408180067,0.0,1.3861725830860403,1.3861725830860403,0.0,0
0.75,68.55713094245203,1.3265942065823009,1.3265942065823009,0.0,1.3506178875995876,1.3506178875995876,0.0,0
0.75,68.64053377814845,1.3197841582490366,1.3197841582490366,0.0,1.3408687384342963,1.3408687384342963,0.0,0
0.75,68.72393661384487,1.3277719184141965,1.3277719184141965,0.0,1.3247776916838518,1.3247776916838518,0.0,0
0.75,68.80733944954127,1.3369681651477243,1.3369681651477243,0.0,1.3162070506467372,1.3162070506467372,0.0,0
0.75,68.89074228523769,1.347340385801463,1.347340385801463,0.0,1.3146261066559257,1.3146261066559257,0.0,0
0.75,68.97414512093411,1.3588392342484419,1.3588392342484419,0.0,1.3197734396022265,1.3197734396022265,0.0,0
0.75,69.05754795663051,1.3714082927724156,1.3714082927724156,0.0,1.3316515102111999,1.3316515102111999,0.0,0
0.75,69.14095079232693,1.384985812720632,1.384985812720632,0.0,1.3505055941746715,1.3505055941746715,0.0,0
0.75,69.22435362802335,1.399499069416045,1.399499069416045,0.0,1.3767650112625285,1.3767650112625285,0.0,0
0.75,69.30775646371976,1.414851068469003,1.414851068469003,0.0,1.4109005522171547,1.4109005522171547,0.0,0
0.75,69.39115929941617,1.4309000070005375,1.4309000070005375,0.0,1.4531493073001847,1.4531493073001847,0.0,0
0.75,69.47456213511259,1.4474334097360164,1.4474334097360164,0.0,1.5031215182214317,1.5031215182214317,0.0,0
0.75,69.557964970809,1.464136489238361,1.464136489238361,0.0,1.5593983830814984,1.5593983830814984,0.0,0
0.75,69.64136780650541,1.4805439693764157,1.4805439693764157,0.0,1.6191235217296625,1.6191235217296625,0.0,0
0.75,69.72477064220183,1.4959631921166587,1.4959631921166587,0.0,1.677296384012417,1.677296384012417,0.0,0
0.75,69.80817347789824,1.509402723051115,1.509402723051115,0.0,1.7258321938405619,1.7258321938405619,0.0,0
0.75,69.89157631359465,1.5196418457804062,1.5196418457804062,0.0,1.7539779988950444,1.7539779988950444,0.0,0
0.75,69.97497914929107,1.5256189008267136,1.5256189008267136,0.0,1.7523706178029024,1.7523706178029024,0.0,0
0.75,70.05838198498748,1.5270361867776123,1.5270361867776123,0.0,1.7192667171214364,1.7192667171214364,0.0,0
0.75,70.1417848206839,1.5245999789898526,1.5245999789898526,0.0,1.6625380283675817,1.6625380283675817,0.0,0
0.75,70.22518765638031,1.5195840087684953,1.5195840087684953,0.0,1.5946667949179545,1.5946667949179545,0.0,0
0.75,70.30859049207673,1.51322062483512,1.51322062483512,0.0,1.5262420217714334,1.5262420217714334,0.0,0
0.75,70.39199332777314,1.5064011464801097,1.5064011464801097,0.0,1.4633663033211206,1.4633663033211206,0.0,0
0.75,70.47539616346955,1.49966303278498,1.49966303278498,0.0,1.4084474945409569,1.4084474945409569,0.0,0
0.75,70.55879899916597,1.4932824703342626,1.4932824703342626,0.0,1.361797250349804,1.361797250349804,0.0,0
0.75,70.64220183486238,1.451127991886863,1.451127991886863,0.0,1.2609540266034405,1.2609540266034405,0.0,0
0.75,70.7256046705588,1.4462546512566858,1.4462546512566858,0.0,1.2345826319456055,1.2345826319456055,0.0,0
0.75,70.80900750625521,1.4417929252974326,1.4417929252974326,0.0,1.2131858625190366,1.2131858625190366,0.0,0
0.75,70.89241034195162,1.437655951036596,1.437655951036596,0.0,1.1960364479272694,1.1960364479272694,0.0,0
0.75,70.97581317764804,1.4337562526331702,1.4337562526331702,0.0,1.1825324585044397,1.1825324585044397,0.0,0
0.75,71.05921601334445,1.4300103381929736,1.4300103381929736,0.0,1.1721804853758058,1.1721804853758058,0.0,0
0.75,71.14261884904086,1.4263410320954142,1.4263410320954142,0.0,1.1645769665917822,1.1645769665917822,0.0,0
0.75,71.22602168473728,1.422678500921374,1.422678500921374,0.0,1.1593909446393442,1.1593909446393442,0.0,0
0.75,71.3094245204337,1.4189605333342963,1.4189605333342963,0.0,1.1563492296539,1.1563492296539,0.0,0
0.75,71.3928273561301,1.4151324004426482,1.4151324004426482,0.0,1.1552239992841624,1.1552239992841624,0.0,0
0.75,71.47623019182652,1.4111464862021597,1.4111464862021597,0.0,1.1558225205891417,1.1558225205891417,0.0,0
0.75,71.55963302752293,1.4069617975150168,1.4069617975150168,0.0,1.1579785891266487,1.1579785891266487,0.0,0
0.75,71.64303586321934,1.4025434177159601,1.4025434177159601,0.0,1.1615452943808737,1.1615452943808737,0.0,0
0.75,71.72643869891576,1.39786194186507,1.39786194186507,0.0,1.1663887738075431,1.1663887738075431,0.0,0
0.75,71.80984153461218,1.3928929203292961,1.3928929203292961,0.0,1.172382684283398,1.172382684283398,0.0,0
0.75,71.89324437030858,1.3876163347219868,1.3876163347219868,0.0,1.179403192246101,1.179403192246101,0.0,0
0.75,71.976647206005,1.38201613584998,1.38201613584998,0.0,1.1873243639224023,1.1873243639224023,0.0,0
0.75,72.06005004170142,1.3760798869747304,1.3760798869747304,0.0,1.19601393119103,1.19601393119103,0.0,0
0.75,72.14345287739782,1.3697985788463645,1.3697985788463645,0.0,1.205329526016199,1.205329526016199,0.0,0
0.75,72.22685571309424,1.363166718341855,1.363166718341855,0.0,1.2151156276070791,1.2151156276070791,0.0,0
0.75,72.31025854879066,1.3561828442992956,1.3561828442992956,0.0,1.2252016617731405,1.2252016617731405,0.0,0
0.75,72.39366138448706,1.3488506981428412,1.3488506981428412,0.0,1.2354019387787438,1.2354019387787438,0.0,0
0.75,72.47706422018348,1.3411813809737758,1.3411813809737758,0.0,1.2455184160948063,1.2455184160948063,0.0,0
0.75,72.5604670558799,1.304522479500307,1.304522479500307,0.0,1.2417930823128531,1.2417930823128531,0.0,0
0.75,72.6438698915763,1.2974342657871678,1.2974342657871678,0.0,1.2527565446274238,1.2527565446274238,0.0,0
0.75,72.72727272727272,1.2904046896417005,1.2904046896417005,0.0,1.2633519660981931,1.2633519660981931,0.0,0
0.75,72.81067556296914,1.283610535782829,1.283610535782829,0.0,1.2735849252179183,1.2735849252179183,0.0,0
0.75,72.89407839866554,1.2773138656015728,1.2773138656015728,0.0,1.2836220336828006,1.2836220336828006,0.0,0
0.75,72.97748123436196,1.2719019247716534,1.2719019247716534,0.0,1.2938881433862113,1.2938881433862113,0.0,0
0.75,73.06088407005838,1.2679439154735648,1.2679439154735648,0.0,1.3052072795746161,1.3052072795746161,0.0,0
0.75,73.1442869057548,1.266269489823644,1.266269489823644,0.0,1.3189978176611032,1.3189978176611032,0.0,0
0.75,73.2276897414512,1.2680700611239477,1.2680700611239477,0.0,1.3375045146720692,1.3375045146720692,0.0,0
0.75,73.31109257714762,1.2750061194194995,1.2750061194194995,0.0,1.363930155176114,1.363930155176114,0.0,0
0.75,73.39449541284404,1.289244751732188,1.289244751732188,0.0,1.4019696313498988,1.4019696313498988,0.0,0
0.75,73.47789824854044,1.313203147354889,1.313203147354889,0.0,1.4536173719399783,1.4536173719399783,0.0,0
0.75,73.56130108423686,1.3485690439400664,1.3485690439400664,0.0,1.5145813564473358,1.5145813564473358,0.0,0
0.75,73.64470391993328,1.3944940561944263,1.3944940561944263,0.0,1.5715071296381893,1.5715071296381893,0.0,0
0.75,73.72810675562968,1.446699908638698,1.446699908638698,0.0,1.608722749102779,1.608722749102779,0.0,0
0.75,73.8115095913261,1.4997122164739167,1.4997122164739167,0.0,1.6198040906443556,1.6198040906443556,0.0,0
0.75,73.89491242702252,1.5497871550830864,1.5497871550830864,0.0,1.6095012830947821,1.6095012830947821,0.0,0
0.75,73.97831526271892,1.5953996044839518,1.5953996044839518,0.0,1.5862272245289377,1.5862272245289377,0.0,0
0.75,74.06171809841534,1.6363381809428603,1.6363381809428603,0.0,1.5565563241085292,1.5565563241085292,0.0,0
0.75,74.14512093411176,1.6729174291605047,1.6729174291605047,0.0,1.5244025472753648,1.5244025472753648,0.0,0
0.75,74.22852376980816,1.7055840066993802,1.7055840066993802,0.0,1.491854742098871,1.491854742098871,0.0,0
0.75,74.31192660550458,1.7347640443157761,1.7347640443157761,0.0,1.4599806213750688,1.4599806213750688,0.0,0
0.75,74.395329441201,1.7608176075741129,1.7608176075741129,0.0,1.4293146063630415,1.4293146063630415,0.0,0
0.75,74.4787322768974,1.784033897523062,1.784033897523062,0.0,1.4001178629948916,1.4001178629948916,0.0,0
0.75,74.56213511259382,1.8360295366399817,1.8360295366399817,0.0,1.3715443183848188,1.3715443183848188,0.0,0
0.75,74.64553794829024,1.8522384888626378,1.8522384888626378,0.0,1.346559035305476,1.346559035305476,0.0,0
0.75,74.72894078398664,1.8662730010234267,1.8662730010234267,0.0,1.3231937915174459,1.3231937915174459,0.0,0
0.75,74.81234361968306,1.878209679223484,1.878209679223484,0.0,1.301442634230257,1.301442634230257,0.0,0
0.75,74.89574645537948,1.8881045589888892,1.8881045589888892,0.0,1.2812970684051834,1.2812970684051834,0.0,0
0.75,74.97914929107588,1.8959972791499513,1.8959972791499513,0.0,1.2627491445864296,1.2627491445864296,0.0,0
0.75,75.0625521267723,1.9019142523195491,1.9019142523195491,0.0,1.2457932869061392,1.2457932869061392,0.0,0
0.75,75.14595496246872,1.9058710567658272,1.9058710567658272,0.0,1.2304274356572529,1.2304274356572529,0.0,0
0.75,75.22935779816513,1.907874220277696,1.907874220277696,0.0,1.2166538185564069,1.2166538185564069,0.0,0
0.75,75.31276063386154,1.9079225221096847,1.9079225221096847,0.0,1.204479529081726,1.204479529081726,0.0,0
0.75,75.39616346955796,1.906007903614015,1.906007903614015,0.0,1.193917018408298,1.193917018408298,0.0,0
0.75,75.47956630525437,1.9021160497578864,1.9021160497578864,0.0,1.1849845686731633,1.1849845686731633,0.0,0
0.75,75.56296914095078,1.8962266802365384,1.8962266802365384,0.0,1.1777067934674856,1.1777067934674856,0.0,0
0.75,75.6463719766472,1.8883135683077483,1.8883135683077483,0.0,1.1721151976027069,1.1721151976027069,0.0,0
0.75,75.7297748123436,1.8783442858918036,1.8783442858918036,0.0,1.1682488165197027,1.1682488165197027,0.0,0
0.75,75.81317764804002,1.8662796529931003,1.8662796529931003,0.0,1.1661549411288432,1.1661549411288432,0.0,0
0.75,75.89658048373644,1.8520728459941993,1.8520728459941993,0.0,1.1658899100027087,1.1658899100027087,0.0,0
0.75,75.97998331943286,1.835668090306307,1.835668090306307,0.0,1.1675199074161178,1.1675199074161178,0.0,0
0.75,76.06338615512927,1.8169988249925153,1.8169988249925153,0.0,1.1711216242080091,1.1711216242080091,0.0,0
0.75,76.14678899082568,1.795985176134345,1.795985176134345,0.0,1.1767824837095944,1.1767824837095944,0.0,0
0.75,76.2301918265221,1.772530506736851,1.772530506736851,0.0,1.1845998385839809,1.1845998385839809,0.0,0
0.75,76.3135946622185,1.7465167184747266,1.7465167184747266,0.0,1.1946779698083387,1.1946779698083387,0.0,0
0.75,76.39699749791492,1.7177978621083247,1.7177978621083247,0.0,1.2071205879479843,1.2071205879479843,0.0,0
0.75,76.48040033361134,1.6758828048613579,1.6758828048613579,0.0,1.2411469118291374,1.2411469118291374,0.0,0
0.75,76.56380316930775,1.6383378351312785,1.6383378351312785,0.0,1.2593128556427795,1.2593128556427795,0.0,0
0.75,76.64720600500416,1.5970153276783843,1.5970153276783843,0.0,1.2793625520823437,1.2793625520823437,0.0,0
0.75,76.73060884070058,1.5514621274765752,1.5514621274765752,0.0,1.3003434296870506,1.3003434296870506,0.0,0
0.75,76.81401167639699,1.5011405085471536,1.5011405085471536,0.0,1.3201391877717665,1.3201391877717665,0.0,0
0.75,76.8974145120934,1.445491899321631,1.445491899321631,0.0,1.3343532790815025,1.3343532790815025,0.0,0
0.75,76.98081734778982,1.3841665189492611,1.3841665189492611,0.0,1.3346053660443054,1.3346053660443054,0.0,0
0.75,77.06422018348623,1.3176195732286584,1.3176195732286584,0.0,1.3075511558306858,1.3075511558306858,0.0,0
0.75,77.14762301918265,1.2481661491840685,1.2481661491840685,0.0,1.239379063722124,1.239379063722124,0.0,0
0.75,77.23102585487906,1.1805448759043462,1.1805448759043462,0.0,1.1286753244378174,1.1286753244378174,0.0,0
0.75,77.31442869057547,1.119900875696068,1.119900875696068,0.0,0.993812368384761,0.993812368384761,0.0,0
0.75,77.39783152627189,1.0685439173715217,1.0685439173715217,0.0,0.8610248271973471,0.8610248271973471,0.0,0
0.75,77.4812343619683,1.0256849785399564,1.0256849785399564,0.0,0.7472889820965917,0.7472889820965917,0.0,0
0.75,77.56463719766471,0.9892517276976375,0.9892517276976375,0.0,0.6568998414617816,0.6568998414617816,0.0,0
0.75,77.64804003336113,0.9571898997881119,0.9571898997881119,0.0,0.5874096199024492,0.5874096199024492,0.0,0
0.75,77.73144286905755,0.9279000663072714,0.9279000663072714,0.0,0.534585842581879,0.534585842581879,0.0,0
0.75,77.81484570475395,0.9002682160848842,0.9002682160848842,0.0,0.4944734709467549,0.4944734709467549,0.0,0
0.75,77.89824854045037,0.8735835029756396,0.8735835029756396,0.0,0.46392355701848553,0.46392355701848553,0.0,0
0.75,77.98165137614679,0.8474493359226783,0.8474493359226783,0.0,0.44058694163813367,0.44058694163813367,0.0,0
0.75,78.06505421184319,0.8217139185370156,0.8217139185370156,0.0,0.4227759273972229,0.4227759273972229,0.0,0
0.75,78.14845704753961,0.7964208676124379,0.7964208676124379,0.0,0.40932067158822755,0.40932067158822755,0.0,0
0.75,78.23185988323603,0.771774247996922,0.771774247996922,0.0,0.3994499058020708,0.3994499058020708,0.0,0
0.75,78.31526271893243,0.7481116280901725,0.7481116280901725,0.0,0.3926959734804474,0.3926959734804474,0.0,0
0.75,78.39866555462885,0.7258792956595376,0.7258792956595376,0.0,0.3888169001048767,0.3888169001048767,0.0,0
0.75,78.48206839032527,0.736646978969805,0.736646978969805,0.0,0.42597332954196293,0.42597332954196293,0.0,0
0.75,78.56547122602169,0.7170657727912032,0.7170657727912032,0.0,0.427494304957322,0.427494304957322,0.0,0
0.75,78.64887406171809,0.7002806579581239,0.7002806579581239,0.0,0.4313702650845038,0.4313702650845038,0.0,0
0.75,78.73227689741451,0.6868514828294512,0.6868514828294512,0.0,0.4377535499425774,0.4377535499425774,0.0,0
0.75,78.81567973311093,0.6772558181802764,0.6772558181802764,0.0,0.4467503043443172,0.4467503043443172,0.0,0
0.75,78.89908256880733,0.6718427539426256,0.6718427539426256,0.0,0.4583964879675551,0.4583964879675551,0.0,0
0.75,78.98248540450375,0.6707981304182875,0.6707981304182875,0.0,0.4726502231015663,0.4726502231015663,0.0,0
0.75,79.06588824020017,0.674129429297107,0.674129429297107,0.0,0.48940097866177223,0.48940097866177223,0.0,0
0.75,79.14929107589657,0.6816743381580685,0.6816743381580685,0.0,0.5084922528666638,0.5084922528666638,0.0,0
0.75,79.23269391159299,0.6931308972786757,0.6931308972786757,0.0,0.5297519739461696,0.5297519739461696,0.0,0
0.75,79.31609674728941,0.708101865313658,0.708101865313658,0.0,0.5530245751904437,0.5530245751904437,0.0,0
0.75,79.39949958298581,0.7261437146078957,0.7261437146078957,0.0,0.5782002352276823,0.5782002352276823,0.0,0
0.75,79.48290241868223,0.7468118425030332,0.7468118425030332,0.0,0.6052390980668886,0.6052390980668886,0.0,0
0.75,79.56630525437865,0.7696968300551075,0.7696968300551075,0.0,0.6341904692954524,0.6341904692954524,0.0,0
0.75,79.64970809007505,0.7944500955142566,0.7944500955142566,0.0,0.6652085405827823,0.6652085405827823,0.0,0
0.75,79.73311092577147,0.820799869233595,0.820799869233595,0.0,0.6985670700674916,0.6985670700674916,0.0,0
0.75,79.81651376146789,0.8485597175298887,0.8485597175298887,0.0,0.7346758163751836,0.7346758163751836,0.0,0
0.75,79.89991659716429,0.8776320923004416,0.8776320923004416,0.0,0.7741015838522751,0.7741015838522751,0.0,0
0.75,79.98331943286071,0.9080089677652198,0.9080089677652198,0.0,0.8175965247904527,0.8175965247904527,0.0,0
0.75,80.06672226855713,0.9397708224518304,0.9397708224518304,0.0,0.8661355151929668,0.8661355151929668,0.0,0
0.75,80.15012510425353,0.973084072488678,0.973084072488678,0.0,0.9209617293107332,0.9209617293107332,0.0,0
0.75,80.23352793994995,1.008195265913279,1.008195265913279,0.0,0.9836314912877693,0.9836314912877693,0.0,0
0.75,80.31693077564637,1.0454170745161377,1.0454170745161377,0.0,1.0560268588540496,1.0560268588540496,0.0,0
0.75,80.40033361134277,1.1007482268480209,1.1007482268480209,0.0,1.2463641233675369,1.2463641233675369,0.0,0
0.75,80.48373644703919,1.1463103242308095,1.1463103242308095,0.0,1.358066183624021,1.358066183624021,0.0,0
0.75,80.56713928273561,1.1940074624021733,1.1940074624021733,0.0,1.4782819479375233,1.4782819479375233,0.0,0
0.75,80.65054211843201,1.242131240911198,1.242131240911198,0.0,1.5924131624638858,1.5924131624638858,0.0,0
0.75,80.73394495412843,1.2875178368446845,1.2875178368446845,0.0,1.6757219391776423,1.6757219391776423,0.0,0
0.75,80.81734778982485,1.3264688809841518,1.3264688809841518,0.0,1.7063894783331066,1.7063894783331066,0.0,0
0.75,80.90075062552125,1.3570625121818933,1.3570625121818933,0.0,1.68319106057168,1.68319106057168,0.0,0
0.75,80.98415346121767,1.3800495346727342,1.3800495346727342,0.0,1.6248605787646353,1.6248605787646353,0.0,0
0.75,81.06755629691409,1.3974223993460675,1.3974223993460675,0.0,1.553134016987203,1.553134016987203,0.0,0
0.75,81.1509591326105,1.4110375892942917,1.4110375892942917,0.0,1.4817406578999317,1.4817406578999317,0.0,0
0.75,81.23436196830691,1.4221992802460457,1.4221992802460457,0.0,1.4166787927325806,1.4166787927325806,0.0,0
0.75,81.31776480400333,1.4317229313476452,1.4317229313476452,0.0,1.3596693320053532,1.3596693320053532,0.0,0
0.75,81.40116763969975,1.440090576567174,1.440090576567174,0.0,1.3105908670388275,1.3105908670388275,0.0,0
0.75,81.48457047539615,1.4475769515815595,1.4475769515815595,0.0,1.2686755185669052,1.2686755185669052,0.0,0
0.75,81.56797331109257,1.454332943645907,1.454332943645907,0.0,1.2330137592010602,1.2330137592010602,0.0,0
0.75,81.65137614678899,1.4604371777643708,1.4604371777643708,0.0,1.2027454060063514,1.2027454060063514,0.0,0
0.75,81.7347789824854,1.4659272036145712,1.4659272036145712,0.0,1.1771198770486333,1.1771198770486333,0.0,0
0.75,81.81818181818181,1.4708183122241556,1.4708183122241556,0.0,1.155505200920544,1.155505200920544,0.0,0
0.75,81.90158465387823,1.4751150439721787,1.4751150439721787,0.0,1.137378703892124,1.137378703892124,0.0,0
0.75,81.98498748957464,1.478818498892056,1.478818498892056,0.0,1.1223126602072466,1.1223126602072466,0.0,0
0.75,82.06839032527105,1.4819313935304181,1.4819313935304181,0.0,1.109960249997756,1.109960249997756,0.0,0
0.75,82.15179316096747,1.484462169955471,1.484462169955471,0.0,1.1000442446872667,1.1000442446872667,0.0,0
0.75,82.23519599666388,1.486429203122335,1.486429203122335,0.0,1.092350307202877,1.092350307202877,0.0,0
0.75,82.3185988323603,1.4878662436017795,1.4878662436017795,0.0,1.0867281733315894,1.0867281733315894,0.0,0
0.75,82.40200166805671,1.4548923785146683,1.4548923785146683,0.0,1.0486176930161086,1.0486176930161086,0.0,0
0.75,82.48540450375312,1.4554997284283213,1.4554997284283213,0.0,1.0487869226040183,1.0487869226040183,0.0,0
0.75,82.56880733944953,1.456170171089281,1.2622557790571693,-0.19391439203211158,1.052760613191642,0.9395609031610743,-0.11319971003056772,0
0.75,82.65221017514595,1.4573971011007636,1.30175415223664,-0.15564294886412355,1.0645161427479108,0.9764273334403083,-0.08808880930760254,0
0.75,82.73561301084236,1.4598727100318984,1.3402444227646064,-0.11962828726729202,1.0904796904740988,1.0133652733015188,-0.07711441717257994,0
0.75,82.81901584653878,1.4626123687572588,1.377658136761583,-0.08495423199567576,1.118090875221474,1.0502841333279491,-0.06780674189352487,0
0.75,82.9024186822352,1.4619562064388103,1.4139255362808822,-0.04803067015792806,1.1302395322996035,1.0870856603547134,-0.043153871944890065,0
0.75,82.9858215179316,1.45861296400045,1.4489749968467245,-0.009637967153725446,1.1324917528642,1.123662454201653,-0.008829298662547114,0
0.75,83.06922435362802,1.4536902003286054,1.441987831329734,-0.011702368998871338,1.1341991427874343,1.129324307795639,-0.004874834991795307,1
0.75,83.15262718932443,1.4477861230945932,1.4354771456999036,-0.012308977394689613,1.137168006524165,1.1317805596417254,-0.005387446882439528,1
0.75,83.23603002502084,1.4412316205134375,1.4284285579208635,-0.01280306259257391,1.1415049780841955,1.1357826277640048,-0.005722350320190639,1
0.75,83.31943286071726,1.4342312843867868,1.4210243255126087,-0.01320695887417811,1.1470637621692779,1.1411052283332408,-0.005958533836037061,1
0.75,83.40283569641367,1.426925757583887,1.4133901332151104,-0.013535624368776533,1.1536890881788313,1.1475621844609303,-0.006126903717901033,1
0.75,83.48623853211008,1.4194205990638795,1.4056210923824994,-0.01379950668138008,1.1612494409406426,1.1550086137970663,-0.006240827143576322,1
0.75,83.5696413678065,1.4118007987057584,1.3977946922035394,-0.014006106502219007,1.1696326353619861,1.163325951564146,-0.006306683797840051,1
0.75,83.65304420350292,1.4041387122903104,1.3899778737561326,-0.014160838534177822,1.1787364002418477,1.1724081797754546,-0.006328220466393031,1
0.75,83.73644703919932,1.396498750808615,1.3822312382491642,-0.014267512559450912,1.1884600052726249,1.182151297232633,-0.00630870803999195,1
0.75,83.81984987489574,1.3889403490995151,1.3746117460442724,-0.01432860305524275,1.198697773627419,1.1924455300888779,-0.006252243538541036,1
0.75,83.90325271059216,1.3815199510059477,1.3671745516767158,-0.014345399329231956,1.2093343406078632,1.203169635222974,-0.006164705384889224,1
0.75,83.98665554628856,1.3742923820168145,1.3599742918231177,-0.014318090193696786,1.220241429019038,1.21418685979192,-0.00605456922711789,1
0.75,84.07005838198498,1.367311799344285,1.3530659818759636,-0.01424581746832132,1.2312759905550383,1.2253423256444445,-0.005933664910593883,1
0.75,84.1534612176814,1.3606323152518334,1.346505593992906,-0.014126721258927333,1.2422796444228383,1.2364617564575113,-0.005817887965327007,1
0.75,84.23686405337781,1.3543083395958007,1.3403503474798042,-0.013957992115996465,1.2530793956275443,1.247351566216899,-0.005727829410645313,1
0.75,84.32026688907422,1.3052183032494309,1.3346587246410875,0.02944042139165659,1.2267922282289565,1.2578003956720327,0.031008167443076218,1
0.75,84.40366972477064,1.2999454331999576,1.3294902241195965,0.029544790919638908,1.2358582879342117,1.2675822317021326,0.03172394376792087,1
0.75,84.48707256046706,1.2952268035811574,1.3249048746495933,0.029678071068435896,1.244029899119499,1.2764612788472587,0.03243137972775978,1
0.75,84.57047539616346,1.2911161826752127,1.320962550574494,0.0298463678992813,1.2511078169456622,1.2841987655548495,0.033090948609187265,1
0.75,84.65387823185988,1.2876658509338885,1.317722150621507,0.03005629968761858,1.2569063610887472,1.290561834826584,0.03365547373783673,1
0.75,84.7372810675563,1.2849258284091505,1.3152407159901367,0.030314887580986216,1.2612628669640529,1.2953345459724286,0.03407167900837571,1
0.75,84.8206839032527,1.2829430885670212,1.2719023315329345,-0.01104075703408669,1.2640475189702012,1.2521265434464872,-0.011920975523713961,1
0.75,84.90408673894912,1.2817608084432954,1.2715550336783001,-0.01020577476499529,1.2651728032200664,1.2514891794990382,-0.01368362372102827,1
0.75,84.98748957464554,1.281417689649462,1.272167040525034,-0.009250649124427968,1.2646016057613867,1.2488801973788768,-0.015721408382509905,1
0.75,85.07089241034194,1.281947363959581,1.2737819865551196,-0.008165377404461438,1.2623528605804504,1.2443601457140077,-0.017992714866442716,1
0.75,85.15429524603836,1.283377877877653,1.2764373388287087,-0.006940539048944316,1.2585037087795383,1.238070363504182,-0.02043334527535623,1
0.75,85.23769808173478,1.2857312397700846,1.2801633334879996,-0.005567906282085033,1.2531874314399494,1.2302266559992017,-0.022960775440747705,1
0.75,85.32110091743118,1.2890230149549289,1.2849818999141913,-0.004041115040737564,1.2465869601034878,1.221105412780873,-0.025481547322614873,1
0.75,85.4045037531276,1.2932619673815666,1.2909056682817242,-0.0023562990998424738,1.2389244526791454,1.2110238784955556,-0.02790057418358982,1
0.75,85.48790658882402,1.298449764882025,1.297937183511309,-0.0005125813707160809,1.2304480756756788,1.2003174632002098,-0.030130612475469,1
0.75,85.57130942452042,1.3045807798066777,1.3060684411017134,0.001487661295035636,1.2214175703970254,1.189317409158183,-0.032100161238842295,1
0.75,85.65471226021684,1.3116420213195938,1.3152808187581668,0.0036387974385729827,1.2120902805780875,1.1783317180565531,-0.03375856252153442,1
0.75,85.73811509591326,1.3196132276114019,1.3255454168560217,0.005932189244619801,1.2027090751928269,1.1676312133313962,-0.03507786186143069,1
0.75,85.82151793160966,1.328467128781637,1.336823760844869,0.008356632063232006,1.1934931142003316,1.1574413718610483,-0.03605174233928321,1
0.75,85.90492076730608,1.3381698701940616,1.3490687759626496,0.010898905768587985,1.184631833988782,1.1479394898878998,-0.03669234410088218,1
0.75,85.9883236030025,1.3486815678773938,1.3622259260682286,0.013544358190834771,1.1762820207359292,1.1392560698293905,-0.03702595090653871,1
0.75,86.0717264386989,1.3599569560811084,1.3762344120364558,0.016277455955347353,1.1685674860895532,1.1314790603106966,-0.037088425778856626,1
0.75,86.15512927439532,1.371946083603502,1.3910283437957138,0.01908226019221182,1.161580685861739,1.1246596552344488,-0.03692103062729024,1
0.75,86.23853211009174,1.3845950188724212,1.4065378254630136,0.021942806590592445,1.155385602863263,1.1188186168736458,-0.03656698598961716,1
0.75,86.32193494578814,1.366154916496089,1.4226899185399235,0.05653500204383466,1.1072051716271487,1.1139524064785584,0.006747234851409711,1
0.75,86.40533778148456,1.3805805124895028,1.4394094697859714,0.05882895729646864,1.1040069124980803,1.1100387004288224,0.006031787930742105,1
0.75,86.48874061718098,1.395461525593118,1.4566198065637024,0.0611582809705844,1.1016306331182846,1.1070411008292584,0.005410467710973865,1
0.75,86.57214345287738,1.4107333782265576,1.4742433131375143,0.06350993491095669,1.1000536125597522,1.1049130083183296,0.004859395758577412,1
0.75,86.6555462885738,1.426330823071175,1.4922019074290276,0.0658710843578525,1.0992446792936683,1.1036007206627236,0.004356041369055319,1
0.75,86.73894912427022,1.442188275982542,1.510417440181223,0.06822916419868097,1.0991662269662812,1.1030458688210625,0.0038796418547812905,1
0.75,86.82235195996664,1.458240112758602,1.5040555953161325,0.04581548255753054,1.0997758950033698,1.0690144095380674,-0.03076148546530244,1
0.75,86.90575479566304,1.4744209429088135,1.5230675226074057,0.04864657969859221,1.1010279754454153,1.070926087771106,-0.030101887674309324,1
0.75,86.98915763135946,1.490665872301303,1.5420731836536758,0.05140731135237275,1.1028746068201498,1.0733435194676255,-0.0295310873525243,1
0.75,87.07256046705588,1.506910764615625,1.5609986115931829,0.05408784697755786,1.1052668094713038,1.0762081266457335,-0.029058682825570337,1
0.75,87.15596330275228,1.5230925091107532,1.579771297212179,0.05667878810142568,1.1081554071801858,1.0794631383072895,-0.02869226887289633,1
0.75,87.2393661384487,1.5391492995088392,1.5983204638117445,0.059171164302905366,1.1114918688999553,1.083054180355276,-0.028437688544679318,1
0.75,87.32276897414512,1.5550209259569727,1.6165773644258745,0.0615564384689018,1.1152290931443756,1.0869298471297353,-0.02829924601464029,1
0.75,87.40617180984152,1.5706490792170913,1.634475599097515,0.06382651988042376,1.1193221468273704,1.091042260937243,-0.02827988589012742,1
0.75,87.48957464553794,1.5859776636031617,1.6519514469145138,0.06597378331135206,1.1237289607004817,1.0953476153031905,-0.028381345397291202,1
0.75,87.57297748123436,1.600953112889354,1.6689442049913705,0.06799109210201659,1.1284109754047063,1.0998066893500682,-0.02860428605463805,1
0.75,87.65638031693076,1.6155247015979637,1.6853965246866762,0.06987182308871254,1.1333337258578084,1.1043853147390117,-0.028948411118796757,1
0.75,87.73978315262718,1.629644842864126,1.701254734183245,0.07160989131911899,1.1384673474491824,1.1090547730187001,-0.029412574430482286,1
0.75,87.8231859883236,1.643269363554332,1.7164691362062814,0.07319977265194932,1.14378698539897,1.1137920999451882,-0.029994885453781706,1
0.75,87.90658882402,1.656357747526589,1.730994270140048,0.0746365226134591,1.1492730885954543,1.1185802741923854,-0.030692814403068924,1
0.75,87.98999165971642,1.6688733388426982,1.7447891290878896,0.07591579024519146,1.1549115710328053,1.1234082705496036,-0.03150330048320171,1
0.75,88.07339449541284,1.6807834983000345,1.7578173244025495,0.07703382610251497,1.160693827256404,1.1282709617477364,-0.032422865508667575,1
0.75,88.15679733110925,1.6920597087086466,1.770047192732709,0.07798748402406241,1.1666165924905225,1.1331688579108896,-0.033447734579632904,1
0.75,88.24020016680566,1.678348883080229,1.781451843482876,0.10310296040264721,1.1490478981641759,1.1381076776875707,-0.010940220476605145,1
0.75,88.32360300250208,1.688395767860539,1.7920091475410627,0.10361337968052364,1.1556100884559308,1.1430977497896042,-0.012512338666326617,1
0.75,88.40700583819849,1.697733964819263,1.8017016709673097,0.10396770614804662,1.1622946124655797,1.1481532474687166,-0.014141364996863137,1
0.75,88.4904086738949,1.7063520888041381,1.810516559855172,0.10416447105103388,1.169114046760411,1.1532912610634458,-0.01582278569696527,1
0.75,88.57381150959132,1.7142426727562743,1.8184453846204078,0.10420271186413355,1.176083039527303,1.158530715036945,-0.01755232449035793,1
0.75,88.65721434528773,1.7214020090828428,1.825483953431576,0.1040819443487333,1.1832172629919067,1.1638911360198045,-0.01932612697210212,1
0.75,88.74061718098415,1.7278299686157137,1.8119667264916786,0.08413675787596486,1.190532239148217,1.147947317174001,-0.04258492197421604,1
0.75,88.82402001668056,1.7335298061287523,1.8172769610873538,0.08374715495860152,1.1980420475976892,1.1535624449819941,-0.04447960261569506,1
0.75,88.90742285237697,1.7385079611182672,1.821699640135241,0.08319167901697377,1.2057579244069467,1.1592830520794792,-0.0464748723274675,1
0.75,88.99082568807339,1.7427738618191906,1.825246702304157,0.08247284048496639,1.2136867620731573,1.1651112461571,-0.048575515916057244,1
0.75,89.0742285237698,1.7463397393042555,1.8279334152774545,0.081593675973199,1.2218295237787407,1.1710409400786066,-0.05078858370013406,1
0.75,89.15763135946621,1.74922045706794,1.8297782261086084,0.08055776904066847,1.2301795909901618,1.17705584726516,-0.05312374372500184,1
0.75,89.24103419516263,1.7514333598011658,1.8308026415210248,0.07936928171985902,1.2387210729338725,1.1831274432178258,-0.055593629716046644,1
0.75,89.32443703085904,1.7529981431833304,1.831031140741209,0.07803299755787863,1.2474271202576948,1.1892129683440007,-0.05821415191369406,1
0.75,89.40783986655545,1.7539367445215115,1.8304911211509896,0.07655437662947806,1.256258303693397,1.195253585787219,-0.0610047179061779,1
0.75,89.49124270225187,1.754273252027721,1.8292128745751777,0.07493962254745656,1.2651611417923827,1.2011728580992345,-0.06398828369314824,1
0.75,89.57464553794829,1.754033828540303,1.8272295893577175,0.07319576081741452,1.2740668892032112,1.2068757676753854,-0.0671911215278258,1
0.75,89.6580483736447,1.7532466436913101,1.8245773704431212,0.07133072675181107,1.2828907270078136,1.2122485741574451,-0.07064215285036846,1
0.75,89.74145120934111,1.7519418070560049,1.8212952663276893,0.06935345927168446,1.2915315266584475,1.2171598685690572,-0.07437165808939028,1
0.75,89.82485404503753,1.750151293870351,1.8174252877703267,0.06727399389997579,1.2998723848504807,1.2214632320863867,-0.07840915276409399,1
0.75,89.90825688073394,1.7479088546243429,1.8130123983294912,0.06510354370514837,1.3077821420977915,1.2250019102340406,-0.08278023186375094,1
0.75,89.99165971643035,1.745249900310682,1.808104451013853,0.06285455070317103,1.3151180944580947,1.2276158336926726,-0.08750226076542211,1
0.75,90.07506255212677,1.7422113562516541,1.8027520388890474,0.06054068263739332,1.3217300750387553,1.2291511120739873,-0.09257896296476797,1
0.75,90.15846538782318,1.7388314789532717,1.7970082214804814,0.058176742527209724,1.3274660071238689,1.2294717628084535,-0.09799424431541537,1
0.75,90.24186822351959,1.7102188971715586,1.7909280856124876,0.080709188440929,1.299387415223633,1.2284729135705394,-0.07091450165309365,1
0.75,90.325271059216,1.7063313267386533,1.78456810264145,0.07823677590279665,1.3017228529888634,1.2260940996505882,-0.07562875333827512,1
0.75,90.40867389491243,1.7022399622701831,1.7779852582086018,0.07574529593841861,1.3028047673405627,1.2223307226597653,-0.08047404468079744,1
0.75,90.49207673060883,1.697986919651079,1.7712359586693944,0.07324903901831537,1.3025930383254976,1.2172414738205686,-0.08535156450492898,1
0.75,90.57547956630525,1.6936136039717862,1.764374759144433,0.0707611551726468,1.3010906461407603,1.210949783265907,-0.09014086287485323,1
0.75,90.65888240200167,1.689160065767149,1.7574530042972187,0.06829293853006968,1.2983464799084374,1.2036382389133682,-0.09470824099506925,1
0.75,90.74228523769807,1.6846643066255778,1.7342118141556564,0.04954750753007864,1.2944542761829851,1.154601888774356,-0.13985238740862904,1
0.75,90.82568807339449,1.680161571608117,1.7277681269909284,0.04760655538281133,1.289547483462537,1.146654886906488,-0.1428925965560488,1
0.75,90.9090909090909,1.675683678077131,1.721389373434602,0.04570569535747104,1.2837905239410166,1.1387870252878272,-0.1450034986531894,1
0.75,90.99249374478731,1.6712584356882,1.7150950476958018,0.043836612007601694,1.277367548791271,1.1312126934230287,-0.14615485536824235,1
0.75,91.07589658048373,1.666909207515835,1.708898539050505,0.041989331534669994,1.2704701818094921,1.1241131560735078,-0.1463570257359843,1
0.75,91.15929941618015,1.6626546476519766,1.7028081393454098,0.040153491693433185,1.2632858113542142,1.117632277080541,-0.14565353427367334,1
0.75,91.24270225187655,1.6585086294503033,1.6968283270045836,0.03831969755428033,1.2559877275258613,1.111875750325541,-0.14411197720032032,1
0.75,91.32610508757297,1.6544803561363468,1.6909612026377192,0.0364808465013724,1.2487279181034243,1.106912605173741,-0.1418153129296833,1
0.75,91.40950792326939,1.650574626893702,1.6852079089205303,0.03463328202682825,1.241632789468716,1.102778108633584,-0.13885468083513208,1
0.75,91.49291075896579,1.6467922200734788,1.6795698368325922,0.03277761675911339,1.2348016089990368,1.0994777670032587,-0.13532384199577807,1
0.75,91.57631359466221,1.643130351681136,1.6740494391289433,0.03091908744780736,1.2283071565610988,1.0969924556337771,-0.13131470092732167,1
0.75,91.65971643035863,1.6395831705259276,1.6686505601377517,0.02906738961182409,1.2221979414454456,1.095284527274834,-0.12691341417061164,1
0.75,91.74311926605503,1.6361422590285477,1.663378319868643,0.027236060840095222,1.2165013550692623,1.0943042819607556,-0.12219707310850669,1
0.75,91.82652210175145,1.632797118190936,1.6582386962263076,0.025441578035371615,1.211227235204386,1.0939958939034344,-0.11723134130095159,1
0.75,91.90992493744787,1.6295356246335275,1.6532379846491962,0.023702360015668722,1.2063714617615826,1.09430204356873,-0.11206941819285254,1
0.75,91.99332777314427,1.62634445557358,1.648382282155772,0.02203782658219211,1.2019193482039436,1.0951669564286604,-0.10675239177528328,1
0.75,92.07673060884069,1.623209483426114,1.643677079536504,0.020467596110390174,1.1978487135070248,1.0965379913187254,-0.1013107221882994,1
0.75,92.16013344453711,1.597346924768429,1.6391269875227772,0.04178006275434809,1.166388843847751,1.0983661580381463,-0.06802268580960469,1
0.75,92.24353628023351,1.5941998053662239,1.6347355866830577,0.040535781316833885,1.163546638221233,1.1006059744408458,-0.0629406637803871,1
0.75,92.32693911592993,1.5910391806084079,1.6305053758286203,0.03946619522021244,1.1609125356618344,1.1032149907340336,-0.05769754492780077,1
0.75,92.41034195162635,1.5878526962910349,1.6264377921652167,0.038585095874181796,1.1584637927994255,1.1061531997706848,-0.05231059302874064,1
0.75,92.49374478732277,1.5846291059099609,1.6225332809010742,0.037904174991113315,1.1561826555996066,1.1093824616218397,-0.04680019397776691,1
0.75,92.57714762301917,1.5813584831985452,1.6187913978584956,0.037432914659950356,1.1540573671512933,1.11286600974292,-0.04119135740837332,1
0.75,92.66055045871559,1.578032375566184,1.604345677540561,0.026313301974376868,1.1520827897229515,1.1063120486266944,-0.04577074109625712,1
0.75,92.74395329441201,1.5746438869825325,1.6009206824739037,0.026276795491371185,1.1502605788116493,1.1104665649128642,-0.03979401389878512,1
0.75,92.82735613010841,1.5711876859538823,1.597643815125196,0.02645612917131368,1.1485988937554048,1.1146908546641312,-0.0339080390912736,1
0.75,92.91075896580483,1.5676599433211051,1.5945138289993865,0.026853885678281397,1.1471116935219012,1.11895341840393,-0.0281582751179712,1
0.75,92.99416180150125,1.5640582131920355,1.591529437718431,0.0274712245263955,1.1458177269505665,1.1232234989401817,-0.022594228010384798,1
0.75,93.07756463719765,1.5603812760887488,1.5886894617419631,0.028308185653214357,1.1447393642628385,1.1274713270817562,-0.017268037181082274,1
0.75,93.16096747289407,1.5566289650840182,1.5859929598863478,0.02936399480232965,1.1439014207459681,1.1316684081828616,-0.012233012563106493,1
0.75,93.24437030859049,1.5528019934771664,1.5834393403587081,0.030637346881541738,1.1433300966879452,1.135787817377665,-0.0075422793102801755,1
0.75,93.3277731442869,1.5489017976851611,1.5810284465722197,0.03212664888705863,1.143052112186125,1.1398044701055567,-0.0032476420805682693,1
0.75,93.41117597998331,1.5449304031926383,1.5787606141914758,0.03383021099883754,1.1430940666196647,1.1436953369738208,0.0006012703541560249,1
0.75,93.49457881567973,1.5408903160707879,1.5766366977597064,0.03574638168891853,1.1434820123413967,1.1474395793972954,0.00395756705589867,1
0.75,93.57798165137613,1.5367844385966756,1.5746580678354847,0.0378736292388091,1.1442412062677572,1.1510185951505596,0.0067773888828024376,1
0.75,93.66138448707255,1.5326160051138975,1.5728265825662464,0.040210577452348906,1.145395991524085,1.1544159794613758,0.009019987937290752,1
0.75,93.74478732276897,1.5283885332657716,1.5711445405536693,0.042756007287897635,1.1469697606669784,1.157617423195409,0.010647662528430635,1
0.75,93.82819015846538,1.5241057856944922,1.5696146240131774,0.04550883831868524,1.1489849577504536,1.160610577533099,0.011625619782645424,1
0.75,93.9115929941618,1.519771737808862,1.5682398418593162,0.04846810405045421,1.1514630847176357,1.1633849053481082,0.011921820630472535,1
0.75,93.99499582985821,1.5153905479421441,1.567023481059233,0.05163293311708883,1.15442468564079,1.1659315072601886,0.011506821619398533,1
0.75,94.07839866555462,1.5109665269313213,1.5659690717561523,0.05500254482483102,1.157889288820132,1.168242858255228,0.010353569435096022,1
0.75,94.16180150125103,1.4762651921694812,1.565080368618111,0.0888151764486298,1.1347608025235811,1.170312335267435,0.03555153274385381,1
0.75,94.24520433694745,1.4713875756815902,1.564361349561306,0.09297377387971584,1.139110703436451,1.1721333832339758,0.03302267979752482,1
0.75,94.32860717264386,1.4664722405502315,1.5638162349659763,0.09734399441574482,1.1440012232711032,1.173698179675106,0.029696956404002828,1
0.75,94.41201000834027,1.4615235386335168,1.5634495357342495,0.10192599710073269,1.1494457356794991,1.174995720374853,0.025549984695353745,1
0.75,94.4954128440367,1.4565458003534757,1.5632661450914915,0.10672034473801584,1.1554553126029887,1.1760093425787292,0.020554029975740518,1
0.75,94.5788156797331,1.451543280521946,1.5632714938303254,0.11172821330837945,1.162038175860345,1.176713796910733,0.014675621050388,1
0.75,94.66221851542952,1.4465200964436025,1.5541827930075247,0.10766269656392224,1.169199045346896,1.156184422280483,-0.01301462306641299,1
0.75,94.74562135112593,1.441480158862561,1.555076080519032,0.11359592165647103,1.1769383933183777,1.1551632572492283,-0.02177513606914938,1
0.75,94.82902418682234,1.4364270969533113,1.5562459210550594,0.11981882410174816,1.1852516307734429,1.1536126094419994,-0.03163902133144347,1
0.75,94.91242702251876,1.43136417896291,1.5577092821065424,0.12634510314363245,1.1941282776224047,1.1514379594727364,-0.04269031814966828,1
0.75,94.99582985821517,1.4262942296295755,1.5594861690229156,0.13319193939334006,1.203551205283632,1.1485283639824602,-0.05502284130117174,1
0.75,95.07923269391159,1.421219542831464,1.5615998696261677,0.1403803267947037,1.2134960885204522,1.1447605863236723,-0.06873550219677993,1
0.75,95.162635529608,1.416141780789382,1.5640768162030938,0.1479350354137119,1.223931256155801,1.140006917964095,-0.08392433819170586,1
0.75,95.24603836530441,1.4110618361450173,1.5669458305615451,0.15588399441652778,1.234818166546463,1.1341474419068687,-0.10067072463959437,1
0.75,95.32944120100083,1.4059796063912977,1.5702364950058556,0.1642568886145579,1.2461127054903969,1.1270867978682735,-0.1190259076221234,1
0.75,95.41284403669724,1.4008935896224466,1.5739764349984906,0.17308284537604401,1.2577673286283193,1.1187741239984708,-0.13899320462984854,1
0.75,95.49624687239366,1.3958001634814108,1.5781874554591537,0.18238729197774295,1.2697336497539435,1.1092228438559657,-0.16051080589797784,1
0.75,95.57964970809007,1.3906923826525834,1.5828807712726045,0.19218838862002108,1.2819643950058315,1.0985249559162673,-0.18343943908956417,1
0.75,95.66305254378648,1.3855581792074645,1.5880519781025833,0.20249379889511876,1.294412961357096,1.0868537034810348,-0.20755925787606122,1
0.75,95.7464553794829,1.380378037905031,1.5936767828600724,0.21329874495504142,1.3070288145943914,1.0744503011457391,-0.2325785134486522,1
0.75,95.82985821517931,1.3751225439937265,1.599708635464859,0.22458609147113262,1.3197483991405028,1.0615950728438421,-0.25815332629666066,1
0.75,95.91326105087572,1.369750506034538,1.6060791003233368,0.2363285942887987,1.3324839228927225,1.048569217549964,-0.28391470534275864,1
0.75,95.99666388657214,1.364208360878461,1.612701108313623,0.24849274743516192,1.3451144544958609,1.0356173044069807,-0.3094971500888801,1
0.75,96.08006672226855,1.314731167950067,1.6194744195670163,0.30474325161694926,1.3245221040739918,1.0229200998279762,-0.3016020042460157,1
0.75,96.16346955796496,1.3078610225376779,1.6262920751987906,0.3184310526611127,1.3363275203551528,1.0105827872287583,-0.3257447331263945,1
0.75,96.24687239366138,1.300543695823902,1.6330465358828463,0.33250284005894426,1.347284500571524,0.9986378621600929,-0.34864663841143106,1
0.75,96.3302752293578,1.292698070165277,1.6396345387598732,0.34693646859459615,1.357085818541559,0.9870579590242571,-0.370027859517302,1
0.75,96.4136780650542,1.284247421969781,1.6459602171231416,0.3617127951533605,1.3653778707888726,0.9757727944537743,-0.38960507633509833,1
0.75,96.49708090075062,1.275125867311585,1.6519364873526146,0.3768106200410295,1.3717395142459219,0.9646856038205514,-0.40705391042537054,1
0.75,96.58048373644704,1.2652890830452193,1.6720524032338073,0.4067633201885881,1.3756532238972712,0.9456900295408011,-0.4299631943564701,1
0.75,96.66388657214344,1.2547320209317827,1.6773682703282071,0.4226362493964244,1.3764734121948212,0.9356995010127147,-0.4407739111821065,1
0.75,96.74728940783986,1.2435168909920908,1.6820461258750654,0.4385292348829746,1.37340432658819,0.9254301704645561,-0.4479741561236338,1
0.75,96.83069224353628,1.231814230627067,1.6860347157442461,0.45422048511717916,1.3655141172702896,0.9147999363182447,-0.45071418095204485,1
0.75,96.91409507923268,1.2199563346748055,1.6892829177781565,0.46932658310335107,1.3518313239539739,0.9037307541648194,-0.44810056978915447,1
0.75,96.9974979149291,1.208492342733237,1.691737281009942,0.483244938276705,1.331580409048633,0.8921467224731985,-0.43943368657543447,1
0.75,97.08090075062552,1.1982159203228404,1.6933394974793192,0.4951235771564788,1.304573578767673,0.8799713693633069,-0.4246022094043662,1
0.75,97.16430358632192,1.190118124459972,1.6940236655020222,0.5039055410420503,1.2716412473578416,0.8671238994063438,-0.40451734795149774,1
0.75,97.24770642201834,1.185227949899367,1.6937131084520343,0.5084851585526673,1.2348045643017114,0.8535137580349339,-0.38129080626677747,1
0.75,97.33110925771476,1.1843691314346323,1.6923163613519694,0.5079472299173371,1.196902466315655,0.8390321170530483,-0.35787034926260664,1
0.75,97.41451209341116,1.1879480046525126,1.6897216513820021,0.5017736467294895,1.1607521296479513,0.8235372837910779,-0.33721484585687334,1
0.75,97.49791492910758,1.195891342902767,1.6857885970831554,0.4898972541803883,1.128341569604344,0.8068272710072144,-0.32151429859712954,1
0.75,97.581317764804,1.2077496004735193,1.6803344577703727,0.4725848572968534,1.1005224417072281,0.78858280362513,-0.3119396380820981,1
0.75,97.6647206005004,1.222883362470879,1.673108626119832,0.450225263648953,1.0772517473006697,0.7682333578059288,-0.3090183894947409,1
0.75,97.74812343619682,1.2406494137132567,1.6637378056648773,0.4230883919516206,1.0581861483111958,0.74458209736219,-0.3136040509490058,1
0.75,97.83152627189324,1.2605797858916103,1.6515790467625258,0.3909992608709154,1.0439363157030193,0.7144086500192727,-0.3295276656837466,1
0.75,97.91492910758966,1.2827903972280386,1.635117397603246,0.3523270003752075,1.0453673579081995,0.6629670896110355,-0.382400268297164,1
0.75,97.99833194328606,1.305847578115614,1.6311994734062936,0.32535189529067954,1.1696579151150504,0.9785827667767428,-0.19107514833830752,1
0.75,98.08173477898248,1.3249925123621225,1.6422044369560436,0.3172119245939211,1.0945659036368869,0.8736564872563147,-0.22090941638057215,1
0.75,98.1651376146789,1.3421878204669258,1.6471595854604455,0.30497176499351974,1.0728505862692908,0.8298205955363767,-0.2430299907329141,1
0.75,98.2485404503753,1.3598326614808929,1.6492807531575484,0.28944809167665553,1.0620523766421037,0.798930700229286,-0.2631216764128177,1
0.75,98.33194328607172,1.377543808220965,1.6494558083502298,0.27191200012926475,1.0555785040576027,0.7739502533285354,-0.2816282507290673,1
0.75,98.41534612176814,1.3950866019804589,1.6481004919974895,0.2530138900170307,1.0515176822279764,0.7524583133980629,-0.29905936882991346,1
0.75,98.49874895746454,1.4123016155248032,1.6454555051357973,0.23315388961099415,1.049108029489947,0.7333208123836583,-0.31578721710628876,1
0.75,98.58215179316096,1.4290762453809909,1.6546944897289317,0.22561824434794087,1.0479895057357467,0.7154097016850679,-0.3325798040506788,1
0.75,98.66555462885738,1.4453303026222044,1.6497721555650662,0.20444185294286177,1.0479738772832357,0.6996630800645652,-0.3483107972186704,1
0.75,98.74895746455378,1.4610074208993005,1.6439135362244546,0.1829061153251541,1.0489572295525837,0.684968860588166,-0.3639883689644178,1
0.75,98.8323603002502,1.4760693969316188,1.6371880790848061,0.16111868215318736,1.050881780458845,0.6711607425556929,-0.37972103790315215,1
0.75,98.91576313594662,1.4904922308330273,1.6296526623615535,0.1391604315285262,1.0537175416818994,0.6581216226447143,-0.39559591903718505,1
0.75,98.99916597164302,1.5042632568146903,1.6213555254327745,0.1170922686180842,1.057452899446606,0.6457682186118139,-0.41168468083479204,1
0.75,99.08256880733944,1.517379025518967,1.6123390284153942,0.09496000289642725,1.0620895624618163,0.63404174739384,-0.4280478150679763,1
0.75,99.16597164303586,1.5298437310946387,1.602641731109402,0.07279800001476322,1.0676398113848269,0.6229020791669387,-0.44473773221788815,1
0.75,99.24937447873226,1.541668046827616,1.5923000667510185,0.050632019923402494,1.0741250515484089,0.6123240452423919,-0.46180100630601695,1
0.75,99.33277731442868,1.55286827415395,1.581349773698439,0.028481499544489086,1.0815751648493683,0.6022951888535468,-0.4792799759958215,1
0.75,99.4161801501251,1.563465735035806,1.5698271848818932,0.006361449846087108,1.0900284000070324,0.592814565148071,-0.4972138348589614,1
0.75,99.4995829858215,1.5734863534276071,1.5577704353618338,-0.015715918065773327,1.0995316664951924,0.583892368467751,-0.5156392980274414,1
0.75,99.58298582151792,1.582960380970416,1.545220619456176,-0.03773976151424008,1.1101411654315287,0.5755502554001531,-0.5345909100313756,1
0.75,99.66638865721434,1.5919222264717796,1.5322229027069392,-0.05969932376484044,1.1219233276883478,0.5678222656285239,-0.5541010620598239,1
0.75,99.74979149291075,1.6004103484545549,1.5188275648296805,-0.08158278362487437,1.1349560475234697,0.5607562215255204,-0.5741998259979493,1
0.75,99.83319432860716,1.608467164581135,1.5050909130995995,-0.10337625148153551,1.1493302029560724,0.554415398609662,-0.5949148043464103,1
0.75,99.91659716430358,1.616138919748444,1.4910759575572083,-0.12506296219123558,1.1651514398672405,0.5488800783979685,-0.616271361469272,1
0.75,100.0,1.6234754337688884,1.4729168767063905,-0.15055855706249788,1.1825421571897452,0.5408028347498469,-0.6417393224398983,1
1.0,0.0,1.583578631377114e-18,1.583578631377114e-18,0.0,1.583578631377114e-18,1.583578631377114e-18,0.0,0
1.0,0.08340283569641367,0.059154493581330965,0.059154493581330965,0.0,0.05392220097263249,0.05392220097263249,0.0,0
1.0,0.16680567139282734,0.056600188707966306,0.056600188707966306,0.0,0.05151989711062812,0.05151989711062812,0.0,0
1.0,0.25020850708924103,0.054047368528021764,0.054047368528021764,0.0,0.049123604818109304,0.049123604818109304,0.0,0
1.0,0.3336113427856547,0.051494204736431536,0.051494204736431536,0.0,0.04673142689546512,0.04673142689546512,0.0,0
1.0,0.41701417848206834,0.048938886642817335,0.048938886642817335,0.0,0.044341451362561644,0.044341451362561644,0.0,0
1.0,0.5004170141784821,0.04637963322690169,0.04637963322690169,0.0,0.04195176409521478,0.04195176409521478,0.0,0
1.0,0.5838198498748957,0.04381470546063864,0.04381470546063864,0.0,0.039560462139448416,0.039560462139448416,0.0,0
1.0,0.6672226855713094,0.04124241899440836,0.04124241899440836,0.0,0.037165667868107766,0.037165667868107766,0.0,0
1.0,0.7506255212677231,0.03866115737872603,0.03866115737872603,0.0,0.03476554423747107,0.03476554423747107,0.0,0
1.0,0.8340283569641367,0.03606938611722905,0.03606938611722905,0.0,0.032358311558795,0.032358311558795,0.0,0
1.0,0.9174311926605504,0.033465668062635415,0.033465668062635415,0.0,0.029942266477141814,0.029942266477141814,0.0,0
1.0,1.0008340283569641,0.03084868105647196,0.03084868105647196,0.0,0.027515804359653423,0.027515804359653423,0.0,0
1.0,1.0842368640533777,0.028217239444037208,0.028217239444037208,0.0,0.025077447274432188,0.025077447274432188,0.0,0
1.0,1.1676396997497913,0.025570322534855368,0.025570322534855368,0.0,0.02262588171756145,0.02262588171756145,0.0,0
1.0,1.2510425354462051,0.022907116075215134,0.022907116075215134,0.0,0.020160014479025837,0.020160014479025837,0.0,0
1.0,1.3344453711426187,0.020227079472737663,0.020227079472737663,0.0,0.017679064780414547,0.017679064780414547,0.0,0
1.0,1.4178482068390323,0.01753006764652062,0.01753006764652062,0.0,0.015182735320794697,0.015182735320794697,0.0,0
1.0,1.5012510425354462,0.01481657959375332,0.01481657959375332,0.0,0.012671573849783277,0.012671573849783277,0.0,0
1.0,1.5846538782318598,0.012088337897176463,0.012088337897176463,0.0,0.01014786201937364,0.01014786201937364,0.0,0
1.0,1.6680567139282734,0.00934988618172674,0.00934988618172674,0.0,0.007618269076621804,0.007618269076621804,0.0,0
1.0,1.7514595496246872,0.006614171679868396,0.006614171679868396,0.0,0.005104391264556382,0.005104391264556382,0.0,0
1.0,1.8348623853211008,0.003931340188932513,0.003931340188932513,0.0,0.002711406618973392,0.002711406618973392,0.0,0
1.0,1.9182652210175144,0.0017014742035664123,0.0017014742035664123,0.0,0.00150297208784631,0.00150297208784631,0.0,0
1.0,2.0016680567139282,0.06124901095817341,0.06124901095817341,0.0,0.05607573671385058,0.05607573671385058,0.0,0
1.0,2.0850708924103416,0.05846674098646835,0.05846674098646835,0.0,0.053564120818168394,0.053564120818168394,0.0,0
1.0,2.1684737281067554,0.05566331903317516,0.05566331903317516,0.0,0.051029172487859494,0.051029172487859494,0.0,0
1.0,2.2518765638031693,0.05283918958561407,0.05283918958561407,0.0,0.048470844763508956,0.048470844763508956,0.0,0
1.0,2.3352793994995826,0.04999498849638833,0.04999498849638833,0.0,0.045889339334726595,0.045889339334726595,0.0,0
1.0,2.4186822351959965,0.04713154568519692,0.04713154568519692,0.0,0.043285114112718605,0.043285114112718605,0.0,0
1.0,2.5020850708924103,0.044249888322338504,0.044249888322338504,0.0,0.04065888962701377,0.04065888962701377,0.0,0
1.0,2.5854879065888237,0.04135124551306666,0.04135124551306666,0.0,0.03801165478738841,0.03801165478738841,0.0,0
1.0,2.6688907422852375,0.03843705617852802,0.03843705617852802,0.0,0.03534467306933187,0.03534467306933187,0.0,0
1.0,2.7522935779816513,0.03550898299729714,0.03550898299729714,0.0,0.03265949106571499,0.03265949106571499,0.0,0
1.0,2.8356964136780647,0.03256893737356761,0.03256893737356761,0.0,0.029957952923540053,0.029957952923540053,0.0,0
1.0,2.9190992493744785,0.029619124358970756,0.029619124358970756,0.0,0.027242227136439288,0.027242227136439288,0.0,0
1.0,3.0025020850708923,0.02666212431937647,0.02666212431937647,0.0,0.024514858012111895,0.024514858012111895,0.0,0
1.0,3.0859049207673057,0.023701044721757523,0.023701044721757523,0.0,0.021778866491217817,0.021778866491217817,0.0,0
1.0,3.1693077564637195,0.020739812948136916,0.020739812948136916,0.0,0.019037953124831957,0.019037953124831957,0.0,0
1.0,3.2527105921601334,0.01778377350778968,0.01778377350778968,0.0,0.016296926004596902,0.016296926004596902,0.0,0
1.0,3.3361134278565467,0.014841005861699523,0.014841005861699523,0.0,0.01356267067269843,0.01356267067269843,0.0,0
1.0,3.4195162635529606,0.011925567654838706,0.011925567654838706,0.0,0.010846598570725372,0.010846598570725372,0.0,0
1.0,3.5029190992493744,0.009066782749749992,0.009066782749749992,0.0,0.008171885492340407,0.008171885492340407,0.0,0
1.0,3.5863219349457878,0.006342100098320742,0.006342100098320742,0.0,0.005600501794142889,0.005600501794142889,0.0,0
1.0,3.6697247706422016,0.004027797209192917,0.004027797209192917,0.0,0.0033731050872542272,0.0033731050872542272,0.0,0
1.0,3.7531276063386154,0.0031811668848608725,0.0031811668848608725,0.0,0.0025950134492640315,0.0025950134492640315,0.0,0
1.0,3.836530442035029,0.004666731159877029,0.004666731159877029,0.0,0.004159456677326639,0.004159456677326639,0.0,0
1.0,3.9199332777314426,0.007143057441255982,0.007143057441255982,0.0,0.0065496741740726705,0.0065496741740726705,0.0,0
1.0,4.0033361134278564,0.05442681721836089,0.05442681721836089,0.0,0.051358254175978064,0.051358254175978064,0.0,0
1.0,4.08673894912427,0.05142688103658763,0.05142688103658763,0.0,0.04853938620689752,0.04853938620689752,0.0,0
1.0,4.170141784820683,0.048436431829916894,0.048436431829916894,0.0,0.04572809064369683,0.04572809064369683,0.0,0
1.0,4.253544620517097,0.04545710984182426,0.04545710984182426,0.0,0.04292657619761061,0.04292657619761061,0.0,0
1.0,4.336947456213511,0.04249044091602157,0.04249044091602157,0.0,0.04013685899951181,0.04013685899951181,0.0,0
1.0,4.420350291909925,0.03953782997304714,0.03953782997304714,0.0,0.037360737490775085,0.037360737490775085,0.0,0
1.0,4.5037531276063385,0.03660055857566666,0.03660055857566666,0.0,0.034599769185205,0.034599769185205,0.0,0
1.0,4.587155963302752,0.033679788155915685,0.033679788155915685,0.0,0.031855249235998424,0.031855249235998424,0.0,0
1.0,4.670558798999165,0.030776571586106628,0.030776571586106628,0.0,0.029128190756168293,0.029128190756168293,0.0,0
1.0,4.753961634695579,0.027891877909696838,0.027891877909696838,0.0,0.026419306983735565,0.026419306983735565,0.0,0
1.0,4.837364470391993,0.025026639330648432,0.025026639330648432,0.0,0.023728995792570796,0.023728995792570796,0.0,0
1.0,4.920767306088407,0.022181838642520057,0.022181838642520057,0.0,0.021057328041149178,0.021057328041149178,0.0,0
1.0,5.004170141784821,0.01935867590662326,0.01935867590662326,0.0,0.018404043606772013,0.018404043606772013,0.0,0
1.0,5.087572977481234,0.016558904195285024,0.016558904195285024,0.0,0.015768564819239456,0.015768564819239456,0.0,0
1.0,5.170975813177647,0.013785564552130088,0.013785564552130088,0.0,0.013150053067127021,0.013150053067127021,0.0,0
1.0,5.254378648874061,0.011044793321787316,0.011044793321787316,0.0,0.01054758498266609,0.01054758498266609,0.0,0
1.0,5.337781484570475,0.008351055037298633,0.008351055037298633,0.0,0.007960720001573149,0.007960720001573149,0.0,0
1.0,5.421184320266889,0.005746383547523718,0.005746383547523718,0.0,0.005391752784704161,0.005391752784704161,0.0,0
1.0,5.504587155963303,0.0034016808123498634,0.0034016808123498634,0.0,0.002860071981987471,0.002860071981987471,0.0,0
1.0,5.5879899916597155,0.002271223032074118,0.002271223032074118,0.0,0.0007737692735555062,0.0007737692735555062,0.0,0
1.0,5.671392827356129,0.003684912527668806,0.003684912527668806,0.0,0.002510016534877639,0.002510016534877639,0.0,0
1.0,5.754795663052543,0.006054944851185939,0.006054944851185939,0.0,0.005033760521425158,0.005033760521425158,0.0,0
1.0,5.838198498748957,0.008618474641959402,0.008618474641959402,0.0,0.007605881103253959,0.007605881103253959,0.0,0
1.0,5.921601334445371,0.05082766876700201,0.05082766876700201,0.0,0.048012622920073154,0.048012622920073154,0.0,0
1.0,6.005004170141785,0.04810896692457359,0.04810896692457359,0.0,0.04554234816012855,0.04554234816012855,0.0,0
1.0,6.088407005838198,0.04540263634421064,0.04540263634421064,0.0,0.04308189805336178,0.04308189805336178,0.0,0
1.0,6.171809841534611,0.04270762229916759,0.04270762229916759,0.0,0.040625846783900674,0.040625846783900674,0.0,0
1.0,6.255212677231025,0.040022982872890675,0.040022982872890675,0.0,0.03816957159989122,0.03816957159989122,0.0,0
1.0,6.338615512927439,0.03734791387717683,0.03734791387717683,0.0,0.03571067173814549,0.03571067173814549,0.0,0
1.0,6.422018348623853,0.03468171749475113,0.03468171749475113,0.0,0.03325010722881754,0.03325010722881754,0.0,0
1.0,6.505421184320267,0.03202371045674186,0.03202371045674186,0.0,0.030791936268754157,0.030791936268754157,0.0,0
1.0,6.58882402001668,0.02937313381834869,0.02937313381834869,0.0,0.028340900860771723,0.028340900860771723,0.0,0
1.0,6.6722268557130935,0.026729227173818326,0.026729227173818326,0.0,0.025898654408699037,0.025898654408699037,0.0,0
1.0,6.755629691409507,0.024091723642989164,0.024091723642989164,0.0,0.023460890279742682,0.023460890279742682,0.0,0
1.0,6.839032527105921,0.021462094923302928,0.021462094923302928,0.0,0.021017263820913522,0.021017263820913522,0.0,0
1.0,6.922435362802335,0.018846046638326393,0.018846046638326393,0.0,0.018554296636438,0.018554296636438,0.0,0
1.0,7.005838198498749,0.016258346318767297,0.016258346318767297,0.0,0.016060958648571474,0.016060958648571474,0.0,0
1.0,7.089241034195162,0.013732679664787707,0.013732679664787707,0.0,0.013539292376109822,0.013539292376109822,0.0,0
1.0,7.1726438698915755,0.011343191064707868,0.011343191064707868,0.0,0.011030751256880744,0.011030751256880744,0.0,0
1.0,7.256046705587989,0.009252002999483963,0.009252002999483963,0.0,0.008693605972342418,0.008693605972342418,0.0,0
1.0,7.339449541284403,0.007792080710317899,0.007792080710317899,0.0,0.007020002410280883,0.007020002410280883,0.0,0
1.0,7.422852376980817,0.007462621619501461,0.007462621619501461,0.0,0.00704360119870841,0.00704360119870841,0.0,0
1.0,7.506255212677231,0.008516764280664859,0.008516764280664859,0.0,0.009337204230582935,0.009337204230582935,0.0,0
1.0,7.589658048373644,0.010656911909393156,0.010656911909393156,0.0,0.013343480842282665,0.013343480842282665,0.0,0
1.0,7.673060884070058,0.013465074849893649,0.013465074849893649,0.0,0.018594791278898685,0.018594791278898685,0.0,0
1.0,7.756463719766471,0.016679649769913717,0.016679649769913717,0.0,0.02496777254448842,0.02496777254448842,0.0,0
1.0,7.839866555462885,0.020154874159475644,0.020154874159475644,0.0,0.032465792076315815,0.032465792076315815,0.0,0
1.0,7.923269391159299,0.0570855090445553,0.0570855090445553,0.0,0.09424596842798164,0.09424596842798164,0.0,0
1.0,8.006672226855713,0.054906936512185034,0.054906936512185034,0.0,0.09474948528961169,0.09474948528961169,0.0,0
1.0,8.090075062552126,0.05254886228427723,0.05254886228427723,0.0,0.09366342608081589,0.09366342608081589,0.0,0
1.0,8.17347789824854,0.04996355135042552,0.04996355135042552,0.0,0.09047094599482149,0.09047094599482149,0.0,0
1.0,8.256880733944953,0.047123550168738204,0.047123550168738204,0.0,0.0849474795289279,0.0849474795289279,0.0,0
1.0,8.340283569641366,0.044035679523901715,0.044035679523901715,0.0,0.07732019381694248,0.07732019381694248,0.0,0
1.0,8.423686405337781,0.040744985874572204,0.040744985874572204,0.0,0.06823751873689503,0.06823751873689503,0.0,0
1.0,8.507089241034194,0.037324320125285367,0.037324320125285367,0.0,0.05854454290066382,0.05854454290066382,0.0,0
1.0,8.590492076730609,0.033855066588661484,0.033855066588661484,0.0,0.04901156889476988,0.04901156889476988,0.0,0
1.0,8.673894912427022,0.030409606837100152,0.030409606837100152,0.0,0.040168364502997364,0.040168364502997364,0.0,0
1.0,8.757297748123435,0.027042236243737937,0.027042236243737937,0.0,0.03228043790768942,0.03228043790768942,0.0,0
1.0,8.84070058381985,0.023788526580269125,0.023788526580269125,0.0,0.025411454827992983,0.025411454827992983,0.0,0
1.0,8.924103419516262,0.020669749012264964,0.020669749012264964,0.0,0.0195056210063349,0.0195056210063349,0.0,0
1.0,9.007506255212677,0.017699369636545215,0.017699369636545215,0.0,0.014455254249113524,0.014455254249113524,0.0,0
1.0,9.09090909090909,0.014890602730122457,0.014890602730122457,0.0,0.01014893417611751,0.01014893417611751,0.0,0
1.0,9.174311926605505,0.012266355533716855,0.012266355533716855,0.0,0.006519817667720526,0.006519817667720526,0.0,0
1.0,9.257714762301918,0.009876203931506783,0.009876203931506783,0.0,0.003692866815858624,0.003692866815858624,0.0,0
1.0,9.34111759799833,0.00783058110593036,0.00783058110593036,0.0,0.002657591570686727,0.002657591570686727,0.0,0
1.0,9.424520433694745,0.006360453466851929,0.006360453466851929,0.0,0.004073658601260843,0.004073658601260843,0.0,0
1.0,9.507923269391158,0.005821335798299856,0.005821335798299856,0.0,0.006179439750043886,0.006179439750043886,0.0,0
1.0,9.591326105087573,0.006388139523283441,0.006388139523283441,0.0,0.008321373703104788,0.008321373703104788,0.0,0
1.0,9.674728940783986,0.007787154191460486,0.007787154191460486,0.0,0.010401055804057882,0.010401055804057882,0.0,0
1.0,9.758131776480399,0.009644329751839582,0.009644329751839582,0.0,0.012413615261196075,0.012413615261196075,0.0,0
1.0,9.841534612176813,0.044679091864960795,0.044679091864960795,0.0,0.04114306825153697,0.04114306825153697,0.0,0
1.0,9.924937447873226,0.04164635464531348,0.04164635464531348,0.0,0.03801258819355878,0.03801258819355878,0.0,0
1.0,10.008340283569641,0.038712364116793914,0.038712364116793914,0.0,0.03513114248425974,0.03513114248425974,0.0,0
1.0,10.091743119266054,0.03586795851677179,0.03586795851677179,0.0,0.032461068712102574,0.032461068712102574,0.0,0
1.0,10.175145954962469,0.033105248481003234,0.033105248481003234,0.0,0.029970707973912936,0.029970707973912936,0.0,0
1.0,10.258548790658882,0.03041772489070156,0.03041772489070156,0.0,0.027633311550277005,0.027633311550277005,0.0,0
1.0,10.341951626355295,0.02780047427415158,0.02780047427415158,0.0,0.025426180537662737,0.025426180537662737,0.0,0
1.0,10.42535446205171,0.02525056878911684,0.02525056878911684,0.0,0.02333001093326221,0.02333001093326221,0.0,0
1.0,10.508757297748122,0.022767746205179577,0.022767746205179577,0.0,0.021328434899058408,0.021328434899058408,0.0,0
1.0,10.592160133444537,0.02035558696860616,0.02035558696860616,0.0,0.019407775970254705,0.019407775970254705,0.0,0
1.0,10.67556296914095,0.018023569302592864,0.018023569302592864,0.0,0.01755708108751428,0.01755708108751428,0.0,0
1.0,10.758965804837363,0.015790707478715173,0.015790707478715173,0.0,0.01576857551217044,0.01576857551217044,0.0,0
1.0,10.842368640533778,0.013692031657669733,0.013692031657669733,0.0,0.014038851005009591,0.014038851005009591,0.0,0
1.0,10.92577147623019,0.011789809184351924,0.011789809184351924,0.0,0.012371435409446458,0.012371435409446458,0.0,0
1.0,11.009174311926605,0.010190546208534181,0.010190546208534181,0.0,0.010782086822657003,0.010782086822657003,0.0,0
1.0,11.092577147623018,0.009059528814540712,0.009059528814540712,0.0,0.009309460177728034,0.009309460177728034,0.0,0
1.0,11.175979983319431,0.008595991844231808,0.008595991844231808,0.0,0.008035265990660428,0.008035265990660428,0.0,0
1.0,11.259382819015846,0.008925186172645445,0.008925186172645445,0.0,0.007113817962572178,0.007113817962572178,0.0,0
1.0,11.342785654712259,0.009995521917853993,0.009995521917853993,0.0,0.006778675343212999,0.006778675343212999,0.0,0
1.0,11.426188490408673,0.011634542638994893,0.011634542638994893,0.0,0.007243379723787148,0.007243379723787148,0.0,0
1.0,11.509591326105086,0.013672582092034972,0.013672582092034972,0.0,0.008546339646354798,0.008546339646354798,0.0,0
1.0,11.592994161801501,0.015993722602539128,0.015993722602539128,0.0,0.01058502884466088,0.01058502884466088,0.0,0
1.0,11.676396997497914,0.018530047335129883,0.018530047335129883,0.0,0.013268085713680279,0.013268085713680279,0.0,0
1.0,11.759799833194327,0.02124480489803142,0.02124480489803142,0.0,0.016578197509477893,0.016578197509477893,0.0,0
1.0,11.843202668890742,0.05121599424094865,0.05121599424094865,0.0,0.08235648288190893,0.08235648288190893,0.0,0
1.0,11.926605504587155,0.05066364555955169,0.05066364555955169,0.0,0.08623220731630822,0.08623220731630822,0.0,0
1.0,12.01000834028357,0.050127225159449805,0.050127225159449805,0.0,0.09033539641784065,0.09033539641784065,0.0,0
1.0,12.093411175979982,0.049543053962809835,0.049543053962809835,0.0,0.09434183881192142,0.09434183881192142,0.0,0
1.0,12.176814011676395,0.04882350776915622,0.04882350776915622,0.0,0.09772359278300655,0.09772359278300655,0.0,0
1.0,12.26021684737281,0.047858787631634155,0.047858787631634155,0.0,0.09974082142058131,0.09974082142058131,0.0,0
1.0,12.343619683069223,0.046529481069848264,0.046529481069848264,0.0,0.09953959332818807,0.09953959332818807,0.0,0
1.0,12.427022518765638,0.044734172507267446,0.044734172507267446,0.0,0.09639911399344665,0.09639911399344665,0.0,0
1.0,12.51042535446205,0.04242834963190292,0.04242834963190292,0.0,0.0900640971114491,0.0900640971114491,0.0,0
1.0,12.593828190158465,0.0396583529686062,0.0396583529686062,0.0,0.080959435414584,0.080959435414584,0.0,0
1.0,12.677231025854878,0.03657021507386365,0.03657021507386365,0.0,0.0700988000450335,0.0700988000450335,0.0,0
1.0,12.760633861551291,0.03338829196737389,0.03338829196737389,0.0,0.058727984559710615,0.058727984559710615,0.0,0
1.0,12.844036697247706,0.030379109744629193,0.030379109744629193,0.0,0.04794499849535446,0.04794499849535446,0.0,0
1.0,12.927439532944119,0.027817599163414832,0.027817599163414832,0.0,0.03849836518023362,0.03849836518023362,0.0,0
1.0,13.010842368640533,0.025955263531308174,0.025955263531308174,0.0,0.030794924638467964,0.030794924638467964,0.0,0
1.0,13.094245204336946,0.024977883251650356,0.024977883251650356,0.0,0.025027979637805807,0.025027979637805807,0.0,0
1.0,13.17764804003336,0.024957232159926516,0.024957232159926516,0.0,0.021287694434809212,0.021287694434809212,0.0,0
1.0,13.261050875729774,0.02583233697668658,0.02583233697668658,0.0,0.019533634943482845,0.019533634943482845,0.0,0
1.0,13.344453711426187,0.027445997523025394,0.027445997523025394,0.0,0.019478807309152982,0.019478807309152982,0.0,0
1.0,13.427856547122602,0.02961009860887164,0.02961009860887164,0.0,0.020632680351017785,0.020632680351017785,0.0,0
1.0,13.511259382819015,0.03215512834039528,0.03215512834039528,0.0,0.022516728863820726,0.022516728863820726,0.0,0
1.0,13.594662218515428,0.03494931552761632,0.03494931552761632,0.0,0.02479795843047463,0.02479795843047463,0.0,0
1.0,13.678065054211842,0.03789786506039223,0.03789786506039223,0.0,0.027283707547797322,0.027283707547797322,0.0,0
1.0,13.761467889908255,0.03348146924878659,0.03348146924878659,0.0,0.04692919473181609,0.04692919473181609,0.0,0
1.0,13.84487072560467,0.029703200081322607,0.029703200081322607,0.0,0.04237118752247856,0.04237118752247856,0.0,0
1.0,13.928273561301083,0.026319854526429314,0.026319854526429314,0.0,0.03833972980179126,0.03833972980179126,0.0,0
1.0,14.011676396997498,0.023379773176714365,0.023379773176714365,0.0,0.03477610083386036,0.03477610083386036,0.0,0
1.0,14.09507923269391,0.020950200416111366,0.020950200416111366,0.0,0.03163998753638723,0.03163998753638723,0.0,0
1.0,14.178482068390323,0.01911155534224099,0.01911155534224099,0.0,0.028906887297905658,0.028906887297905658,0.0,0
1.0,14.261884904086738,0.01793840488510147,0.01793840488510147,0.0,0.02656540235469795,0.02656540235469795,0.0,0
1.0,14.345287739783151,0.01746710855060539,0.01746710855060539,0.0,0.024613925795300945,0.024613925795300945,0.0,0
1.0,14.428690575479566,0.017667329101555898,0.017667329101555898,0.0,0.023056222306210378,0.023056222306210378,0.0,0
1.0,14.512093411175979,0.018442585863406618,0.018442585863406618,0.0,0.021895740450513762,0.021895740450513762,0.0,0
1.0,14.595496246872392,0.01966137346336161,0.01966137346336161,0.0,0.02112929408878926,0.02112929408878926,0.0,0
1.0,14.678899082568806,0.021193244240237316,0.021193244240237316,0.0,0.020741755762673477,0.020741755762673477,0.0,0
1.0,14.76230191826522,0.022929514010948324,0.022929514010948324,0.0,0.020703785253962905,0.020703785253962905,0.0,0
1.0,14.845704753961634,0.024788015468950396,0.024788015468950396,0.0,0.020973634026249632,0.020973634026249632,0.0,0
1.0,14.929107589658047,0.02670974748654365,0.02670974748654365,0.0,0.021502179932944388,0.021502179932944388,0.0,0
1.0,15.012510425354462,0.028653489018893148,0.028653489018893148,0.0,0.0222390567707342,0.0222390567707342,0.0,0
1.0,15.095913261050875,0.030591006525384854,0.030591006525384854,0.0,0.023137952479876718,0.023137952479876718,0.0,0
1.0,15.179316096747288,0.0325035041666819,0.0325035041666819,0.0,0.02416032657603938,0.02416032657603938,0.0,0
1.0,15.262718932443702,0.03437923068832439,0.03437923068832439,0.0,0.025277908167129895,0.025277908167129895,0.0,0
1.0,15.346121768140115,0.03621199637173907,0.03621199637173907,0.0,0.026474890624076944,0.026474890624076944,0.0,0
1.0,15.42952460383653,0.03800038498836514,0.03800038498836514,0.0,0.027750847303393545,0.027750847303393545,0.0,0
1.0,15.512927439532943,0.03974751779070647,0.03974751779070647,0.0,0.029125355969737053,0.029125355969737053,0.0,0
1.0,15.596330275229356,0.04146129359270165,0.04146129359270165,0.0,0.030645369471479677,0.030645369471479677,0.0,0
1.0,15.67973311092577,0.04315508222649464,0.04315508222649464,0.0,0.03239657009576673,0.03239657009576673,0.0,0
1.0,15.763135946622183,0.048869594380881336,0.048869594380881336,0.0,0.07905568372936224,0.07905568372936224,0.0,0
1.0,15.846538782318598,0.0497333537499325,0.0497333537499325,0.0,0.08391905299508469,0.08391905299508469,0.0,0
1.0,15.929941618015011,0.050556640992541646,0.050556640992541646,0.0,0.08953965214829138,0.08953965214829138,0.0,0
1.0,16.013344453711426,0.05124097966473259,0.05124097966473259,0.0,0.09575408442021385,0.09575408442021385,0.0,0
1.0,16.096747289407837,0.05164792282543767,0.05164792282543767,0.0,0.10212222916758977,0.10212222916758977,0.0,0
1.0,16.18015012510425,0.05158777329637567,0.05158777329637567,0.0,0.10774303325684213,0.10774303325684213,0.0,0
1.0,16.263552960800666,0.050820039355771056,0.050820039355771056,0.0,0.11111269337960675,0.11111269337960675,0.0,0
1.0,16.34695579649708,0.04908727350733708,0.04908727350733708,0.0,0.11027797715273585,0.11027797715273585,0.0,0
1.0,16.430358632193492,0.0462054981139573,0.0462054981139573,0.0,0.10359440116802617,0.10359440116802617,0.0,0
1.0,16.513761467889907,0.04219905338850866,0.04219905338850866,0.0,0.09093082943330773,0.09093082943330773,0.0,0
1.0,16.59716430358632,0.03739873164876064,0.03739873164876064,0.0,0.07430123225733316,0.07430123225733316,0.0,0
1.0,16.680567139282733,0.03241461811109186,0.03241461811109186,0.0,0.057073497428751244,0.057073497428751244,0.0,0
1.0,16.763969974979148,0.02800359508666343,0.02800359508666343,0.0,0.04248588467339922,0.04248588467339922,0.0,0
1.0,16.847372810675562,0.024907321804618892,0.024907321804618892,0.0,0.03274777544827251,0.03274777544827251,0.0,0
1.0,16.930775646371977,0.02363592376999224,0.02363592376999224,0.0,0.028535790731208727,0.028535790731208727,0.0,0
1.0,17.014178482068388,0.024218503945334157,0.024218503945334157,0.0,0.028517004919414838,0.028517004919414838,0.0,0
1.0,17.097581317764803,0.02622032729357825,0.02622032729357825,0.0,0.03048205868191855,0.03048205868191855,0.0,0
1.0,17.180984153461218,0.029076291816890323,0.029076291816890323,0.0,0.032962144648885215,0.032962144648885215,0.0,0
1.0,17.26438698915763,0.03234672922874344,0.03234672922874344,0.0,0.03535140489824926,0.03535140489824926,0.0,0
1.0,17.347789824854043,0.035758511690354135,0.035758511690354135,0.0,0.03748100296386634,0.03748100296386634,0.0,0
1.0,17.431192660550458,0.03915833971800567,0.03915833971800567,0.0,0.0393491333428382,0.0393491333428382,0.0,0
1.0,17.51459549624687,0.042464829213569644,0.042464829213569644,0.0,0.041006465429748166,0.041006465429748166,0.0,0
1.0,17.597998331943284,0.04563734891881548,0.04563734891881548,0.0,0.04251335764273927,0.04251335764273927,0.0,0
1.0,17.6814011676397,0.018234224780276035,0.018234224780276035,0.0,0.024724307056122552,0.024724307056122552,0.0,0
1.0,17.764804003336113,0.01611986908904046,0.01611986908904046,0.0,0.020164888822526598,0.020164888822526598,0.0,0
1.0,17.848206839032525,0.01502857610984664,0.01502857610984664,0.0,0.01614175980617953,0.01614175980617953,0.0,0
1.0,17.93160967472894,0.014908424345090517,0.014908424345090517,0.0,0.012581348401217001,0.012581348401217001,0.0,0
1.0,18.015012510425354,0.015565005570989185,0.015565005570989185,0.0,0.009464626448434916,0.009464626448434916,0.0,0
1.0,18.098415346121765,0.01674178669614281,0.01674178669614281,0.0,0.006877030210015719,0.006877030210015719,0.0,0
1.0,18.18181818181818,0.018212742650421037,0.018212742650421037,0.0,0.005145553366742645,0.005145553366742645,0.0,0
1.0,18.265221017514595,0.019817336859024683,0.019817336859024683,0.0,0.004870570825175712,0.004870570825175712,0.0,0
1.0,18.34862385321101,0.021453501501191234,0.021453501501191234,0.0,0.006063376651861849,0.006063376651861849,0.0,0
1.0,18.43202668890742,0.02306005245101019,0.02306005245101019,0.0,0.008013022275244773,0.008013022275244773,0.0,0
1.0,18.515429524603835,0.0246020354529965,0.0246020354529965,0.0,0.01026464285139761,0.01026464285139761,0.0,0
1.0,18.59883236030025,0.026061041388421212,0.026061041388421212,0.0,0.012654762942146269,0.012654762942146269,0.0,0
1.0,18.68223519599666,0.02742931608372199,0.02742931608372199,0.0,0.01513385075154777,0.01513385075154777,0.0,0
1.0,18.765638031693076,0.02870630778399257,0.02870630778399257,0.0,0.017694687064682864,0.017694687064682864,0.0,0
1.0,18.84904086738949,0.029896710280330217,0.029896710280330217,0.0,0.020348637246816514,0.020348637246816514,0.0,0
1.0,18.9324437030859,0.031009429462625727,0.031009429462625727,0.0,0.023117683206951192,0.023117683206951192,0.0,0
1.0,19.015846538782316,0.03205714171812543,0.03205714171812543,0.0,0.026032119238391434,0.026032119238391434,0.0,0
1.0,19.09924937447873,0.03305625556672509,0.03305625556672509,0.0,0.029130730553800794,0.029130730553800794,0.0,0
1.0,19.182652210175146,0.03402716995435892,0.03402716995435892,0.0,0.03246244615363607,0.03246244615363607,0.0,0
1.0,19.266055045871557,0.0349947679505419,0.0349947679505419,0.0,0.03608924551973906,0.03608924551973906,0.0,0
1.0,19.34945788156797,0.03598910657834521,0.03598910657834521,0.0,0.040090460729932165,0.040090460729932165,0.0,0
1.0,19.432860717264386,0.03704626804896904,0.03704626804896904,0.0,0.04456884201762391,0.04456884201762391,0.0,0
1.0,19.516263552960798,0.03820932496730348,0.03820932496730348,0.0,0.04965892330098637,0.04965892330098637,0.0,0
1.0,19.599666388657212,0.039529335786633465,0.039529335786633465,0.0,0.055538297655058175,0.055538297655058175,0.0,0
1.0,19.683069224353627,0.02792253513510797,0.02792253513510797,0.0,0.03572520403391907,0.03572520403391907,0.0,0
1.0,19.76647206005004,0.027644666279464738,0.027644666279464738,0.0,0.03657391214971702,0.03657391214971702,0.0,0
1.0,19.849874895746453,0.027290864074726424,0.027290864074726424,0.0,0.03734516580468786,0.03734516580468786,0.0,0
1.0,19.933277731442868,0.026792542898441015,0.026792542898441015,0.0,0.03781723730667777,0.03781723730667777,0.0,0
1.0,20.016680567139282,0.026043849587501545,0.026043849587501545,0.0,0.037598782180949794,0.037598782180949794,0.0,0
1.0,20.100083402835693,0.024891933866878126,0.024891933866878126,0.0,0.03605361493789409,0.03605361493789409,0.0,0
1.0,20.183486238532108,0.02314150859667737,0.02314150859667737,0.0,0.03233472611065324,0.03233472611065324,0.0,0
1.0,20.266889074228523,0.020601329912401548,0.020601329912401548,0.0,0.025896214153989624,0.025896214153989624,0.0,0
1.0,20.350291909924938,0.017219109497062502,0.017219109497062502,0.0,0.01862192546323859,0.01862192546323859,0.0,0
1.0,20.43369474562135,0.013380980509895175,0.013380980509895175,0.0,0.019418797286328844,0.019418797286328844,0.0,0
1.0,20.517097581317763,0.010541394311358518,0.010541394311358518,0.0,0.030964492073639906,0.030964492073639906,0.0,0
1.0,20.600500417014178,0.011291659973634703,0.011291659973634703,0.0,0.04444933716344286,0.04444933716344286,0.0,0
1.0,20.68390325271059,0.015656620753620048,0.015656620753620048,0.0,0.0557823652699063,0.0557823652699063,0.0,0
1.0,20.767306088407004,0.02149423460947582,0.02149423460947582,0.0,0.06403985587479077,0.06403985587479077,0.0,0
1.0,20.85070892410342,0.027650480846827395,0.027650480846827395,0.0,0.06952001312839357,0.06952001312839357,0.0,0
1.0,20.93411175979983,0.03369424460702573,0.03369424460702573,0.0,0.07288336869022287,0.07288336869022287,0.0,0
1.0,21.017514595496245,0.03946424294946036,0.03946424294946036,0.0,0.07477523143158203,0.07477523143158203,0.0,0
1.0,21.10091743119266,0.044905689667839956,0.044905689667839956,0.0,0.07570737144778698,0.07570737144778698,0.0,0
1.0,21.184320266889074,0.05000939250598685,0.05000939250598685,0.0,0.07605154978469712,0.07605154978469712,0.0,0
1.0,21.267723102585485,0.054786119772220976,0.054786119772220976,0.0,0.07606734671699121,0.07606734671699121,0.0,0
1.0,21.3511259382819,0.05925500046918424,0.05925500046918424,0.0,0.07593321303519573,0.07593321303519573,0.0,0
1.0,21.434528773978315,0.06343812106864276,0.06343812106864276,0.0,0.07577157088456872,0.07577157088456872,0.0,0
1.0,21.517931609674726,0.06735802667642313,0.06735802667642313,0.0,0.07566695591579259,0.07566695591579259,0.0,0
1.0,21.60133444537114,0.039099249211543854,0.039099249211543854,0.0,0.02689127566577784,0.02689127566577784,0.0,0
1.0,21.684737281067555,0.040898592424481954,0.040898592424481954,0.0,0.026905417701303554,0.026905417701303554,0.0,0
1.0,21.76814011676397,0.04279616208174314,0.04279616208174314,0.0,0.027253676925084236,0.027253676925084236,0.0,0
1.0,21.85154295246038,0.04470822951830545,0.04470822951830545,0.0,0.027881029160375333,0.027881029160375333,0.0,0
1.0,21.934945788156796,0.046578334177502345,0.046578334177502345,0.0,0.028752555997198174,0.028752555997198174,0.0,0
1.0,22.01834862385321,0.048369624113656015,0.048369624113656015,0.0,0.029846611753620654,0.029846611753620654,0.0,0
1.0,22.10175145954962,0.05005911627039962,0.05005911627039962,0.0,0.031150350475295782,0.031150350475295782,0.0,0
1.0,22.185154295246036,0.05163363890227687,0.05163363890227687,0.0,0.032656966752628885,0.032656966752628885,0.0,0
1.0,22.26855713094245,0.05308705323089195,0.05308705323089195,0.0,0.034364107553807116,0.034364107553807116,0.0,0
1.0,22.351959966638862,0.05441839157597566,0.05441839157597566,0.0,0.03627305600382506,0.03627305600382506,0.0,0
1.0,22.435362802335277,0.055630637143523363,0.055630637143523363,0.0,0.0383884196794055,0.0383884196794055,0.0,0
1.0,22.51876563803169,0.056729952179159264,0.056729952179159264,0.0,0.04071815996178178,0.04071815996178178,0.0,0
1.0,22.602168473728106,0.05772522359292833,0.05772522359292833,0.0,0.04327387591899831,0.04327387591899831,0.0,0
1.0,22.685571309424517,0.058627839473804635,0.058627839473804635,0.0,0.046071312340167016,0.046071312340167016,0.0,0
1.0,22.768974145120932,0.05945164039137187,0.05945164039137187,0.0,0.0491311042910006,0.0491311042910006,0.0,0
1.0,22.852376980817347,0.06021301007555017,0.06021301007555017,0.0,0.052479806759111,0.052479806759111,0.0,0
1.0,22.935779816513758,0.06093108399591863,0.06093108399591863,0.0,0.05615129356361617,0.05615129356361617,0.0,0
1.0,23.019182652210173,0.061628063515976925,0.061628063515976925,0.0,0.060188649797849096,0.060188649797849096,0.0,0
1.0,23.102585487906588,0.06232962876532606,0.06232962876532606,0.0,0.06464673074901192,0.06464673074901192,0.0,0
1.0,23.185988323603002,0.06306544540339,0.06306544540339,0.0,0.06959561965052152,0.06959561965052152,0.0,0
1.0,23.269391159299413,0.06386975827884588,0.06386975827884588,0.0,0.07512528389400766,0.07512528389400766,0.0,0
1.0,23.352793994995828,0.06478205625814065,0.06478205625814065,0.0,0.08135178838556449,0.08135178838556449,0.0,0
1.0,23.436196830692243,0.06584777187011068,0.06584777187011068,0.0,0.08842542657169483,0.08842542657169483,0.0,0
1.0,23.519599666388654,0.06711893573347648,0.06711893573347648,0.0,0.09654094702938337,0.09654094702938337,0.0,0
1.0,23.60300250208507,0.026155646185052412,0.026155646185052412,0.0,0.034302266233116795,0.034302266233116795,0.0,0
1.0,23.686405337781483,0.023358869448746208,0.023358869448746208,0.0,0.03454244452292982,0.03454244452292982,0.0,0
1.0,23.769808173477898,0.020425275966392976,0.020425275966392976,0.0,0.03452473986835738,0.03452473986835738,0.0,0
1.0,23.85321100917431,0.017367205737930273,0.017367205737930273,0.0,0.03429798096434314,0.03429798096434314,0.0,0
1.0,23.936613844870724,0.014216423705113472,0.014216423705113472,0.0,0.034204306044877536,0.034204306044877536,0.0,0
1.0,24.02001668056714,0.011085381899773997,0.011085381899773997,0.0,0.03521431944831718,0.03521431944831718,0.0,0
1.0,24.10341951626355,0.008412871706475917,0.008412871706475917,0.0,0.039094424357026904,0.039094424357026904,0.0,0
1.0,24.186822351959965,0.007592292241584944,0.007592292241584944,0.0,0.04752330620079083,0.04752330620079083,0.0,0
1.0,24.27022518765638,0.01012922557616031,0.01012922557616031,0.0,0.06045432153897111,0.06045432153897111,0.0,0
1.0,24.35362802335279,0.01519768089769582,0.01519768089769582,0.0,0.07582258491008737,0.07582258491008737,0.0,0
1.0,24.437030859049205,0.02162323936690216,0.02162323936690216,0.0,0.09076086013693685,0.09076086013693685,0.0,0
1.0,24.52043369474562,0.028763241453398668,0.028763241453398668,0.0,0.10301065352266875,0.10301065352266875,0.0,0
1.0,24.603836530442035,0.03619849367761101,0.03619849367761101,0.0,0.11163294928927692,0.11163294928927692,0.0,0
1.0,24.687239366138446,0.043636022098531575,0.043636022098531575,0.0,0.11682126476640665,0.11682126476640665,0.0,0
1.0,24.77064220183486,0.05088726338921836,0.05088726338921836,0.0,0.11931795762335652,0.11931795762335652,0.0,0
1.0,24.854045037531275,0.05784441347779713,0.05784441347779713,0.0,0.11994663822844175,0.11994663822844175,0.0,0
1.0,24.937447873227686,0.0644542395142735,0.0644542395142735,0.0,0.11939560181988777,0.11939560181988777,0.0,0
1.0,25.0208507089241,0.07069676843314314,0.07069676843314314,0.0,0.11817067834029144,0.11817067834029144,0.0,0
1.0,25.104253544620516,0.07657082898970341,0.07657082898970341,0.0,0.11661948371918648,0.11661948371918648,0.0,0
1.0,25.18765638031693,0.08208519762601428,0.08208519762601428,0.0,0.11497229134905922,0.11497229134905922,0.0,0
1.0,25.27105921601334,0.08725349791224415,0.08725349791224415,0.0,0.11337854077073344,0.11337854077073344,0.0,0
1.0,25.354462051709756,0.09209138720473521,0.09209138720473521,0.0,0.11193412130294537,0.11193412130294537,0.0,0
1.0,25.43786488740617,0.09661507099023045,0.09661507099023045,0.0,0.11070026917902609,0.11070026917902609,0.0,0
1.0,25.521267723102582,0.060433012617241995,0.060433012617241995,0.0,0.05477657880805814,0.05477657880805814,0.0,0
1.0,25.604670558798997,0.0640066564924078,0.0640066564924078,0.0,0.055269369496399406,0.055269369496399406,0.0,0
1.0,25.68807339449541,0.06740631963302605,0.06740631963302605,0.0,0.05587508973626759,0.05587508973626759,0.0,0
1.0,25.771476230191823,0.0706039185253968,0.0706039185253968,0.0,0.05662578442695912,0.05662578442695912,0.0,0
1.0,25.854879065888237,0.07358330838849214,0.07358330838849214,0.0,0.05754864100959236,0.05754864100959236,0.0,0
1.0,25.938281901584652,0.07633612262506966,0.07633612262506966,0.0,0.05866655022661143,0.05866655022661143,0.0,0
1.0,26.021684737281067,0.07885914960033598,0.07885914960033598,0.0,0.05999897410032032,0.05999897410032032,0.0,0
1.0,26.105087572977478,0.08115268206751086,0.08115268206751086,0.0,0.06156294841876295,0.06156294841876295,0.0,0
1.0,26.188490408673893,0.08321948926345775,0.08321948926345775,0.0,0.06337414270354308,0.06337414270354308,0.0,0
1.0,26.271893244370307,0.08506419630213108,0.08506419630213108,0.0,0.06544794719172796,0.06544794719172796,0.0,0
1.0,26.35529608006672,0.08669293883046676,0.08669293883046676,0.0,0.06780058210677767,0.06780058210677767,0.0,0
1.0,26.438698915763133,0.08811321278755949,0.08811321278755949,0.0,0.07045024265481521,0.07045024265481521,0.0,0
1.0,26.522101751459548,0.08933387198044825,0.08933387198044825,0.0,0.07341830963304054,0.07341830963304054,0.0,0
1.0,26.605504587155963,0.09036524763019825,0.09036524763019825,0.0,0.07673067283000942,0.07673067283000942,0.0,0
1.0,26.688907422852374,0.09121937857638296,0.09121937857638296,0.0,0.08041923387979873,0.08041923387979873,0.0,0
1.0,26.77231025854879,0.09191035108896539,0.09191035108896539,0.0,0.08452367803557129,0.08452367803557129,0.0,0
1.0,26.855713094245203,0.09245475459959214,0.09245475459959214,0.0,0.08909363162342746,0.08909363162342746,0.0,0
1.0,26.939115929941615,0.09287226451610926,0.09287226451610926,0.0,0.09419135455448574,0.09419135455448574,0.0,0
1.0,27.02251876563803,0.09318636498052406,0.09318636498052406,0.0,0.09989515443793955,0.09989515443793955,0.0,0
1.0,27.105921601334444,0.09342522092967602,0.09342522092967602,0.0,0.1063037451861011,0.1063037451861011,0.0,0
1.0,27.189324437030855,0.09362269588745725,0.09362269588745725,0.0,0.11354179183345675,0.11354179183345675,0.0,0
1.0,27.27272727272727,0.09381948176085532,0.09381948176085532,0.0,0.12176684156946484,0.12176684156946484,0.0,0
1.0,27.356130108423685,0.09406424608003532,0.09406424608003532,0.0,0.13117763647775169,0.13117763647775169,0.0,0
1.0,27.4395329441201,0.09441458894269975,0.09441458894269975,0.0,0.14202320426125867,0.14202320426125867,0.0,0
1.0,27.52293577981651,0.045852103351147575,0.045852103351147575,0.0,0.07176656974257854,0.07176656974257854,0.0,0
1.0,27.606338615512925,0.04322130415867547,0.04322130415867547,0.0,0.07636190175103126,0.07636190175103126,0.0,0
1.0,27.68974145120934,0.04057266538464259,0.04057266538464259,0.0,0.08131353227285393,0.08131353227285393,0.0,0
1.0,27.77314428690575,0.0380236577947703,0.0380236577947703,0.0,0.08675434031598678,0.08675434031598678,0.0,0
1.0,27.856547122602166,0.03575037141968358,0.03575037141968358,0.0,0.09293107371484316,0.09293107371484316,0.0,0
1.0,27.93994995829858,0.034004795629623226,0.034004795629623226,0.0,0.10023087720022344,0.10023087720022344,0.0,0
1.0,28.023352793994995,0.03311368426576371,0.03311368426576371,0.0,0.10908589824459622,0.10908589824459622,0.0,0
1.0,28.106755629691406,0.03342608551498579,0.03342608551498579,0.0,0.11961828035792639,0.11961828035792639,0.0,0
1.0,28.19015846538782,0.03519473779685844,0.03519473779685844,0.0,0.13113272602038079,0.13113272602038079,0.0,0
1.0,28.273561301084236,0.038454237405570066,0.038454237405570066,0.0,0.14204679356445002,0.14204679356445002,0.0,0
1.0,28.356964136780647,0.04300239050069944,0.04300239050069944,0.0,0.15064714733701132,0.15064714733701132,0.0,0
1.0,28.44036697247706,0.04849778981708394,0.04849778981708394,0.0,0.15600651282997588,0.15600651282997588,0.0,0
1.0,28.523769808173476,0.05458300632999168,0.05458300632999168,0.0,0.15820131448874059,0.15820131448874059,0.0,0
1.0,28.60717264386989,0.060960044875942254,0.060960044875942254,0.0,0.15790838863559678,0.15790838863559678,0.0,0
1.0,28.690575479566302,0.06741122365887339,0.06741122365887339,0.0,0.15593752416889653,0.15593752416889653,0.0,0
1.0,28.773978315262717,0.07378988313356681,0.07378988313356681,0.0,0.152978135895374,0.152978135895374,0.0,0
1.0,28.85738115095913,0.08000234154447906,0.08000234154447906,0.0,0.14953307963340687,0.14953307963340687,0.0,0
1.0,28.940783986655543,0.08599128671381041,0.08599128671381041,0.0,0.14593990927456904,0.14593990927456904,0.0,0
1.0,29.024186822351957,0.09172336851176284,0.09172336851176284,0.0,0.1424145372256842,0.1424145372256842,0.0,0
1.0,29.107589658048372,0.09718072464078956,0.09718072464078956,0.0,0.13909091207400198,0.13909091207400198,0.0,0
1.0,29.190992493744783,0.10235542761202754,0.10235542761202754,0.0,0.13605034825213463,0.13605034825213463,0.0,0
1.0,29.274395329441198,0.10724591269925983,0.10724591269925983,0.0,0.13334138004734214,0.13334138004734214,0.0,0
1.0,29.357798165137613,0.11185469830796614,0.11185469830796614,0.0,0.130992641780414,0.130992641780414,0.0,0
1.0,29.441201000834027,0.08209940288810882,0.08209940288810882,0.0,0.07482532342650314,0.07482532342650314,0.0,0
1.0,29.52460383653044,0.08600497923716659,0.08600497923716659,0.0,0.07497609309357767,0.07497609309357767,0.0,0
1.0,29.608006672226853,0.08964018297471359,0.08964018297471359,0.0,0.07522117811151327,0.07522117811151327,0.0,0
1.0,29.691409507923268,0.09299616863045201,0.09299616863045201,0.0,0.07560748280147202,0.07560748280147202,0.0,0
1.0,29.77481234361968,0.09606932595419844,0.09606932595419844,0.0,0.07617369715461328,0.07617369715461328,0.0,0
1.0,29.858215179316094,0.09885954931637589,0.09885954931637589,0.0,0.07695230860990654,0.07695230860990654,0.0,0
1.0,29.94161801501251,0.10136913106011301,0.10136913106011301,0.0,0.07797119187542967,0.07797119187542967,0.0,0
1.0,30.025020850708923,0.10360206505945639,0.10360206505945639,0.0,0.0792549180447843,0.0792549180447843,0.0,0
1.0,30.108423686405335,0.10556362655319806,0.10556362655319806,0.0,0.08082589486192343,0.08082589486192343,0.0,0
1.0,30.19182652210175,0.10726014463019179,0.10726014463019179,0.0,0.08270542402257675,0.08270542402257675,0.0,0
1.0,30.275229357798164,0.10869891590632322,0.10869891590632322,0.0,0.08491474126320077,0.08491474126320077,0.0,0
1.0,30.358632193494575,0.10988822902763623,0.10988822902763623,0.0,0.08747609161597264,0.08747609161597264,0.0,0
1.0,30.44203502919099,0.11083748401985208,0.11083748401985208,0.0,0.09041388595701587,0.09041388595701587,0.0,0
1.0,30.525437864887405,0.11155740087938092,0.11155740087938092,0.0,0.09375598591239453,0.09375598591239453,0.0,0
1.0,30.608840700583816,0.1120603198387685,0.1120603198387685,0.0,0.09753517223378445,0.09753517223378445,0.0,0
1.0,30.69224353628023,0.11236060245653626,0.11236060245653626,0.0,0.10179086680996102,0.10179086680996102,0.0,0
1.0,30.775646371976645,0.11247514861430039,0.11247514861430039,0.0,0.10657120046357038,0.10657120046357038,0.0,0
1.0,30.85904920767306,0.11242404973744619,0.11242404973744619,0.0,0.1119355473386661,0.1119355473386661,0.0,0
1.0,30.94245204336947,0.11223140259318973,0.11223140259318973,0.0,0.11795768076888427,0.11795768076888427,0.0,0
1.0,31.025854879065886,0.11192630944713608,0.11192630944713608,0.0,0.12472974067138116,0.12472974067138116,0.0,0
1.0,31.1092577147623,0.11154408618280921,0.11154408618280921,0.0,0.13236722631057346,0.13236722631057346,0.0,0
1.0,31.19266055045871,0.11112768446101136,0.11112768446101136,0.0,0.14101520919476668,0.14101520919476668,0.0,0
1.0,31.276063386155126,0.11072929664316253,0.11072929664316253,0.0,0.15085582440632908,0.15085582440632908,0.0,0
1.0,31.35946622185154,0.11041203473672326,0.11041203473672326,0.0,0.16211667717648595,0.16211667717648595,0.0,0
1.0,31.442869057547956,0.06260931263158831,0.06260931263158831,0.0,0.09655475409287473,0.09655475409287473,0.0,0
1.0,31.526271893244367,0.05907713562512465,0.05907713562512465,0.0,0.10257978107103964,0.10257978107103964,0.0,0
1.0,31.60967472894078,0.0555047878731174,0.0555047878731174,0.0,0.1091120308627188,0.1091120308627188,0.0,0
1.0,31.693077564637196,0.05203219223279406,0.05203219223279406,0.0,0.1162741386979039,0.1162741386979039,0.0,0
1.0,31.776480400333607,0.04886569093813738,0.04886569093813738,0.0,0.12426711530821724,0.12426711530821724,0.0,0
1.0,31.859883236030022,0.04629641147161688,0.04629641147161688,0.0,0.13338990841421025,0.13338990841421025,0.0,0
1.0,31.943286071726437,0.04470065052221546,0.04470065052221546,0.0,0.14398224212915023,0.14398224212915023,0.0,0
1.0,32.02668890742285,0.044490662233077086,0.044490662233077086,0.0,0.1561766011547463,0.1561766011547463,0.0,0
1.0,32.11009174311926,0.04599491192848002,0.04599491192848002,0.0,0.16944813844955536,0.16944813844955536,0.0,0
1.0,32.193494578815674,0.04931566830666598,0.04931566830666598,0.0,0.1823353017438158,0.1823353017438158,0.0,0
1.0,32.27689741451209,0.054275648513218054,0.054275648513218054,0.0,0.19288802003093417,0.19288802003093417,0.0,0
1.0,32.3603002502085,0.06050076659920039,0.06050076659920039,0.0,0.19966984579772154,0.19966984579772154,0.0,0
1.0,32.44370308590492,0.06756157545291674,0.06756157545291674,0.0,0.202370122906496,0.202370122906496,0.0,0
1.0,32.52710592160133,0.07507828665488102,0.07507828665488102,0.0,0.20159825303951615,0.20159825303951615,0.0,0
1.0,32.610508757297744,0.08276129037220933,0.08276129037220933,0.0,0.1983177739014356,0.1983177739014356,0.0,0
1.0,32.69391159299416,0.09040779651710813,0.09040779651710813,0.0,0.19342368923632172,0.19342368923632172,0.0,0
1.0,32.77731442869057,0.09788146402328418,0.09788146402328418,0.0,0.18757608033667797,0.18757608033667797,0.0,0
1.0,32.860717264386984,0.1050905468980667,0.1050905468980667,0.0,0.1811928397643349,0.1811928397643349,0.0,0
1.0,32.9441201000834,0.11196997657111057,0.11196997657111057,0.0,0.1744999554411494,0.1744999554411494,0.0,0
1.0,33.027522935779814,0.11846789849409868,0.11846789849409868,0.0,0.16758659098613007,0.16758659098613007,0.0,0
1.0,33.110925771476225,0.12453563027764372,0.12453563027764372,0.0,0.16044556784600714,0.16044556784600714,0.0,0
1.0,33.19432860717264,0.13011980116190563,0.13011980116190563,0.0,0.15299274069176622,0.15299274069176622,0.0,0
1.0,33.277731442869054,0.13515556556265063,0.13515556556265063,0.0,0.14506022173679756,0.14506022173679756,0.0,0
1.0,33.361134278565466,0.0972709189602942,0.0972709189602942,0.0,0.08112203907561139,0.08112203907561139,0.0,0
1.0,33.444537114261884,0.10007997847798286,0.10007997847798286,0.0,0.07304860858272087,0.07304860858272087,0.0,0
1.0,33.527939949958295,0.10169485095632996,0.10169485095632996,0.0,0.06309939724309861,0.06309939724309861,0.0,0
1.0,33.611342785654706,0.10181505752410717,0.10181505752410717,0.0,0.055294673498297975,0.055294673498297975,0.0,0
1.0,33.694745621351124,0.10032888483856074,0.10032888483856074,0.0,0.0950239475589687,0.0950239475589687,0.0,0
1.0,33.778148457047536,0.11571865821318454,0.11571865821318454,0.0,0.5820908026882279,0.5820908026882279,0.0,0
1.0,33.861551292743954,0.14134271458427555,0.14134271458427555,0.0,0.40655687895014087,0.40655687895014087,0.0,0
1.0,33.944954128440365,0.16127783222930248,0.16127783222930248,0.0,0.35189226421939596,0.35189226421939596,0.0,0
1.0,34.028356964136776,0.1792691898263507,0.1792691898263507,0.0,0.3165347653780086,0.3165347653780086,0.0,0
1.0,34.111759799833195,0.19566245814452438,0.19566245814452438,0.0,0.28910379303437017,0.28910379303437017,0.0,0
1.0,34.195162635529606,0.21052091798376885,0.21052091798376885,0.0,0.2663149770534191,0.2663149770534191,0.0,0
1.0,34.27856547122602,0.2238777162868477,0.2238777162868477,0.0,0.24686024830532677,0.24686024830532677,0.0,0
1.0,34.361968306922435,0.23577135507443014,0.23577135507443014,0.0,0.23011028521071925,0.23011028521071925,0.0,0
1.0,34.445371142618846,0.24624821016721019,0.24624821016721019,0.0,0.21572392442009833,0.21572392442009833,0.0,0
1.0,34.52877397831526,0.2553604284665519,0.2553604284665519,0.0,0.2035040396526459,0.2035040396526459,0.0,0
1.0,34.612176814011676,0.2631642491118103,0.2631642491118103,0.0,0.19333228634590585,0.19333228634590585,0.0,0
1.0,34.69557964970809,0.2697193394868204,0.2697193394868204,0.0,0.18513084733781088,0.18513084733781088,0.0,0
1.0,34.7789824854045,0.27508893129259726,0.27508893129259726,0.0,0.17883378125879867,0.17883378125879867,0.0,0
1.0,34.862385321100916,0.2793404826277524,0.2793404826277524,0.0,0.1743627561607772,0.1743627561607772,0.0,0
1.0,34.94578815679733,0.2825466365015464,0.2825466365015464,0.0,0.17160705029506626,0.17160705029506626,0.0,0
1.0,35.02919099249374,0.28478625501111837,0.28478625501111837,0.0,0.17040992670326535,0.17040992670326535,0.0,0
1.0,35.11259382819016,0.2861452682360754,0.2861452682360754,0.0,0.17056390370324112,0.17056390370324112,0.0,0
1.0,35.19599666388657,0.28671701837270364,0.28671701837270364,0.0,0.1718164653528522,0.1718164653528522,0.0,0
1.0,35.279399499582986,0.28660176167842866,0.28660176167842866,0.0,0.17388587771392167,0.17388587771392167,0.0,0
1.0,35.3628023352794,0.25772917896275604,0.25772917896275604,0.0,0.1655644033927384,0.1655644033927384,0.0,0
1.0,35.44620517097581,0.25640047747707495,0.25640047747707495,0.0,0.16922403145647566,0.16922403145647566,0.0,0
1.0,35.52960800667223,0.2547279072545151,0.2547279072545151,0.0,0.1728316033796308,0.1728316033796308,0.0,0
1.0,35.61301084236864,0.25281917606380516,0.25281917606380516,0.0,0.1762298147408965,0.1762298147408965,0.0,0
1.0,35.69641367806505,0.25077446881625537,0.25077446881625537,0.0,0.1793264307033861,0.1793264307033861,0.0,0
1.0,35.77981651376147,0.2486842081421677,0.2486842081421677,0.0,0.1820863853646789,0.1820863853646789,0.0,0
1.0,35.86321934945788,0.24662802247524782,0.24662802247524782,0.0,0.18451826068524302,0.18451826068524302,0.0,0
1.0,35.94662218515429,0.24467476406405658,0.24467476406405658,0.0,0.1866593852855623,0.1866593852855623,0.0,0
1.0,36.03002502085071,0.24288324329872416,0.24288324329872416,0.0,0.18856265967158137,0.18856265967158137,0.0,0
1.0,36.11342785654712,0.24130332459339496,0.24130332459339496,0.0,0.19028656859400303,0.19028656859400303,0.0,0
1.0,36.19683069224353,0.2399771037286257,0.2399771037286257,0.0,0.19188851814565408,0.19188851814565408,0.0,0
1.0,36.28023352793995,0.23893999017125273,0.23893999017125273,0.0,0.1934209225797083,0.1934209225797083,0.0,0
1.0,36.36363636363636,0.23822160859088543,0.23822160859088543,0.0,0.1949292600845778,0.1949292600845778,0.0,0
1.0,36.44703919933277,0.23784649690127213,0.23784649690127213,0.0,0.19645139432237974,0.19645139432237974,0.0,0
1.0,36.53044203502919,0.2378346152474585,0.2378346152474585,0.0,0.19801763720092114,0.19801763720092114,0.0,0
1.0,36.6138448707256,0.23820169875774408,0.23820169875774408,0.0,0.19965120687625945,0.19965120687625945,0.0,0
1.0,36.69724770642202,0.2389594938130239,0.2389594938130239,0.0,0.20136887450606028,0.20136887450606028,0.0,0
1.0,36.78065054211843,0.2401159182002676,0.2401159182002676,0.0,0.20318168853644236,0.20318168853644236,0.0,0
1.0,36.86405337781484,0.2416751828427038,0.2416751828427038,0.0,0.20509572419792324,0.20509572419792324,0.0,0
1.0,36.94745621351126,0.24363790836986476,0.24363790836986476,0.0,0.20711283886524465,0.20711283886524465,0.0,0
1.0,37.03085904920767,0.24600126428501085,0.24600126428501085,0.0,0.20923142990492904,0.20923142990492904,0.0,0
1.0,37.11426188490408,0.24875915220011624,0.24875915220011624,0.0,0.21144719703516868,0.21144719703516868,0.0,0
1.0,37.1976647206005,0.25190244773521997,0.25190244773521997,0.0,0.21375391036307628,0.21375391036307628,0.0,0
1.0,37.28106755629691,0.24742244864442337,0.24742244864442337,0.0,0.23117925026545297,0.23117925026545297,0.0,0
1.0,37.36447039199332,0.2516313561633053,0.2516313561633053,0.0,0.2335597372943144,0.2335597372943144,0.0,0
1.0,37.44787322768974,0.2561053428444967,0.2561053428444967,0.0,0.23591177531190943,0.23591177531190943,0.0,0
1.0,37.53127606338615,0.2608199609641884,0.2608199609641884,0.0,0.23822376053430486,0.23822376053430486,0.0,0
1.0,37.61467889908256,0.26575128333934733,0.26575128333934733,0.0,0.2404870510647619,0.2404870510647619,0.0,0
1.0,37.69808173477898,0.27087648454785557,0.27087648454785557,0.0,0.2426966322601483,0.2426966322601483,0.0,0
1.0,37.78148457047539,0.2761743575553568,0.2761743575553568,0.0,0.2448516219924599,0.2448516219924599,0.0,0
1.0,37.8648874061718,0.2816257478284756,0.2816257478284756,0.0,0.24695559210804108,0.24695559210804108,0.0,0
1.0,37.94829024186822,0.28721389023903654,0.28721389023903654,0.0,0.24901669088059758,0.24901669088059758,0.0,0
1.0,38.03169307756463,0.29292463807777275,0.29292463807777275,0.0,0.25104756125730204,0.25104756125730204,0.0,0
1.0,38.11509591326105,0.2987465780401832,0.2987465780401832,0.0,0.25306506026560577,0.25306506026560577,0.0,0
1.0,38.19849874895746,0.3046710298267648,0.3046710298267648,0.0,0.25508979513228064,0.25508979513228064,0.0,0
1.0,38.28190158465387,0.31069193371398873,0.31069193371398873,0.0,0.2571455006282358,0.2571455006282358,0.0,0
1.0,38.36530442035029,0.3168056338243952,0.3168056338243952,0.0,0.2592582892505648,0.2592582892505648,0.0,0
1.0,38.4487072560467,0.32301056862626315,0.32301056862626315,0.0,0.2614558106783051,0.2614558106783051,0.0,0
1.0,38.532110091743114,0.32930688326071494,0.32930688326071494,0.0,0.2637663593154225,0.2637663593154225,0.0,0
1.0,38.61551292743953,0.3356959805298144,0.3356959805298144,0.0,0.26621796869323094,0.26621796869323094,0.0,0
1.0,38.69891576313594,0.3421800287499864,0.3421800287499864,0.0,0.2688375292398049,0.2688375292398049,0.0,0
1.0,38.782318598832354,0.34876144520202496,0.34876144520202496,0.0,0.2716499617581754,0.2716499617581754,0.0,0
1.0,38.86572143452877,0.35544237365623704,0.35544237365623704,0.0,0.2746774733067215,0.2746774733067215,0.0,0
1.0,38.949124270225184,0.36222417351478137,0.36222417351478137,0.0,0.27793891553466943,0.27793891553466943,0.0,0
1.0,39.032527105921595,0.3691069366101577,0.3691069366101577,0.0,0.2814492584308015,0.2814492584308015,0.0,0
1.0,39.11592994161801,0.3760890457587905,0.3760890457587905,0.0,0.28521918544743724,0.28521918544743724,0.0,0
1.0,39.199332777314424,0.3831667869264132,0.3831667869264132,0.0,0.2892548095904964,0.2892548095904964,0.0,0
1.0,39.28273561301084,0.37537553382283656,0.37537553382283656,0.0,0.2924150808309841,0.2924150808309841,0.0,0
1.0,39.366138448707254,0.381163601918108,0.381163601918108,0.0,0.29522192102705674,0.29522192102705674,0.0,0
1.0,39.449541284403665,0.38703516090253914,0.38703516090253914,0.0,0.29831699548116747,0.29831699548116747,0.0,0
1.0,39.53294412010008,0.39298040858256916,0.39298040858256916,0.0,0.30169380301216675,0.30169380301216675,0.0,0
1.0,39.616346955796494,0.398985986612216,0.398985986612216,0.0,0.30534041374884924,0.30534041374884924,0.0,0
1.0,39.699749791492906,0.40503502422947757,0.40503502422947757,0.0,0.3092396887005641,0.3092396887005641,0.0,0
1.0,39.783152627189324,0.41110726807231823,0.41110726807231823,0.0,0.31336958080568517,0.31336958080568517,0.0,0
1.0,39.866555462885735,0.41717929253372693,0.41717929253372693,0.0,0.31770350729790475,0.31770350729790475,0.0,0
1.0,39.949958298582146,0.42322478351180653,0.42322478351180653,0.0,0.32221078413409254,0.32221078413409254,0.0,0
1.0,40.033361134278564,0.42921488710920425,0.42921488710920425,0.0,0.326857114269286,0.326857114269286,0.0,0
1.0,40.116763969974976,0.43511861382044315,0.43511861382044315,0.0,0.3316051224632656,0.3316051224632656,0.0,0
1.0,40.20016680567139,0.440903287995389,0.440903287995389,0.0,0.3364149298431827,0.3364149298431827,0.0,0
1.0,40.283569641367805,0.4465350318650735,0.4465350318650735,0.0,0.3412447615095508,0.3412447615095508,0.0,0
1.0,40.366972477064216,0.45197927315326863,0.45197927315326863,0.0,0.3460515800505817,0.3460515800505817,0.0,0
1.0,40.45037531276063,0.45720126527255717,0.45720126527255717,0.0,0.350791737016292,0.350791737016292,0.0,0
1.0,40.533778148457046,0.462166609321839,0.462166609321839,0.0,0.3554216333701383,0.3554216333701383,0.0,0
1.0,40.61718098415346,0.46684176756800466,0.46684176756800466,0.0,0.35989837889396886,0.35989837889396886,0.0,0
1.0,40.700583819849875,0.4711945588049487,0.4711945588049487,0.0,0.3641804396831718,0.3641804396831718,0.0,0
1.0,40.783986655546286,0.47519462692188885,0.47519462692188885,0.0,0.3682282624068065,0.3682282624068065,0.0,0
1.0,40.8673894912427,0.47881387514681095,0.47881387514681095,0.0,0.37200486403063754,0.37200486403063754,0.0,0
1.0,40.950792326939116,0.48202685970762543,0.48202685970762543,0.0,0.37547637623757035,0.37547637623757035,0.0,0
1.0,41.03419516263553,0.4848111380082367,0.4848111380082367,0.0,0.3786125347812501,0.3786125347812501,0.0,0
1.0,41.11759799833194,0.4871475677759942,0.4871475677759942,0.0,0.38138710536357434,0.38138710536357434,0.0,0
1.0,41.201000834028356,0.4523304595415698,0.4523304595415698,0.0,0.36035012378905784,0.36035012378905784,0.0,0
1.0,41.28440366972477,0.45304530456049147,0.45304530456049147,0.0,0.36172176480096163,0.36172176480096163,0.0,0
1.0,41.36780650542118,0.45333303374246214,0.45333303374246214,0.0,0.36274490215554767,0.36274490215554767,0.0,0
1.0,41.4512093411176,0.4531909096985446,0.4531909096985446,0.0,0.36341298498067104,0.36341298498067104,0.0,0
1.0,41.53461217681401,0.4526204074118024,0.4526204074118024,0.0,0.36372470299882353,0.36372470299882353,0.0,0
1.0,41.61801501251042,0.4516271861898486,0.4516271861898486,0.0,0.36368389873252766,0.36368389873252766,0.0,0
1.0,41.70141784820684,0.4502210068151612,0.4502210068151612,0.0,0.36329938389039307,0.36329938389039307,0.0,0
1.0,41.78482068390325,0.44841559704373796,0.44841559704373796,0.0,0.36258466401068806,0.36258466401068806,0.0,0
1.0,41.86822351959966,0.44622846897409213,0.44622846897409213,0.0,0.36155757715211734,0.36155757715211734,0.0,0
1.0,41.95162635529608,0.44368069211435435,0.44368069211435435,0.0,0.36023985420324367,0.36023985420324367,0.0,0
1.0,42.03502919099249,0.440796626212346,0.440796626212346,0.0,0.3586566101995969,0.3586566101995969,0.0,0
1.0,42.11843202668891,0.43760361807063763,0.43760361807063763,0.0,0.3568357778229252,0.3568357778229252,0.0,0
1.0,42.20183486238532,0.4341316666347482,0.4341316666347482,0.0,0.3548074959193495,0.3548074959193495,0.0,0
1.0,42.28523769808173,0.43041306061699447,0.43041306061699447,0.0,0.35260346731623804,0.35260346731623804,0.0,0
1.0,42.36864053377815,0.4264819928187072,0.4264819928187072,0.0,0.3502563013574035,0.3502563013574035,0.0,0
1.0,42.45204336947456,0.4223741551846342,0.4223741551846342,0.0,0.34779885735606336,0.34779885735606336,0.0,0
1.0,42.53544620517097,0.4181263185369417,0.4181263185369417,0.0,0.3452636055594349,0.3452636055594349,0.0,0
1.0,42.61884904086739,0.4137759009861889,0.4137759009861889,0.0,0.34268202222906324,0.34268202222906324,0.0,0
1.0,42.7022518765638,0.4093605293054999,0.4093605293054999,0.0,0.3400840350796461,0.3400840350796461,0.0,0
1.0,42.78565471226021,0.40491759817184775,0.40491759817184775,0.0,0.3374975345893252,0.3374975345893252,0.0,0
1.0,42.86905754795663,0.4004838331780446,0.4004838331780446,0.0,0.3349479655704607,0.3349479655704607,0.0,0
1.0,42.95246038365304,0.3960948648912522,0.3960948648912522,0.0,0.33245801180583845,0.33245801180583845,0.0,0
1.0,43.03586321934945,0.3917848228851251,0.3917848228851251,0.0,0.33004738440809295,0.33004738440809295,0.0,0
1.0,43.11926605504587,0.38758596041609666,0.38758596041609666,0.0,0.32773272173210766,0.32773272173210766,0.0,0
1.0,43.20266889074228,0.358128904228505,0.358128904228505,0.0,0.3180208084086963,0.3180208084086963,0.0,0
1.0,43.28607172643869,0.35537606169862235,0.35537606169862235,0.0,0.31688556160599407,0.31688556160599407,0.0,0
1.0,43.36947456213511,0.3528330373073358,0.3528330373073358,0.0,0.3158443291393981,0.3158443291393981,0.0,0
1.0,43.45287739783152,0.3505095463561924,0.3505095463561924,0.0,0.3148912491763358,0.3148912491763358,0.0,0
1.0,43.53628023352794,0.34841212914819647,0.34841212914819647,0.0,0.3140194150759175,0.3140194150759175,0.0,0
1.0,43.61968306922435,0.3465444842827302,0.3465444842827302,0.0,0.3132216010693722,0.3132216010693722,0.0,0
1.0,43.70308590492076,0.3449079120785888,0.3449079120785888,0.0,0.31249098065992764,0.31249098065992764,0.0,0
1.0,43.78648874061718,0.3435018496610878,0.3435018496610878,0.0,0.31182180109797747,0.31182180109797747,0.0,0
1.0,43.86989157631359,0.34232447367974705,0.34232447367974705,0.0,0.3112099811047691,0.3112099811047691,0.0,0
1.0,43.95329441201,0.34137334274651143,0.34137334274651143,0.0,0.31065360514754914,0.31065360514754914,0.0,0
1.0,44.03669724770642,0.3406460498191525,0.3406460498191525,0.0,0.3101532953511044,0.3101532953511044,0.0,0
1.0,44.12010008340283,0.34014085495524177,0.34014085495524177,0.0,0.3097124507543966,0.3097124507543966,0.0,0
1.0,44.20350291909924,0.33985727093720347,0.33985727093720347,0.0,0.30933735224827397,0.30933735224827397,0.0,0
1.0,44.28690575479566,0.33979657784030787,0.33979657784030787,0.0,0.30903713940952066,0.30903713940952066,0.0,0
1.0,44.37030859049207,0.33996224720294305,0.33996224720294305,0.0,0.30882367199883404,0.30882367199883404,0.0,0
1.0,44.453711426188484,0.34036026156795723,0.34036026156795723,0.0,0.30871129375598466,0.30871129375598466,0.0,0
1.0,44.5371142618849,0.3409993203608093,0.3409993203608093,0.0,0.3087165191694544,0.3087165191694544,0.0,0
1.0,44.62051709758131,0.3418909280272524,0.3418909280272524,0.0,0.30885766518251734,0.30885766518251734,0.0,0
1.0,44.703919933277724,0.3430493648674205,0.3430493648674205,0.0,0.30915444953340865,0.30915444953340865,0.0,0
1.0,44.78732276897414,0.3444915449871637,0.3444915449871637,0.0,0.3096275759150958,0.3096275759150958,0.0,0
1.0,44.870725604670554,0.346236769240869,0.346236769240869,0.0,0.3102983237177862,0.3102983237177862,0.0,0
1.0,44.95412844036697,0.34830638401019987,0.34830638401019987,0.0,0.3111881571149334,0.3111881571149334,0.0,0
1.0,45.03753127606338,0.35072335920525327,0.35072335920525327,0.0,0.3123183649641182,0.3123183649641182,0.0,0
1.0,45.120934111759794,0.3502372603078538,0.3502372603078538,0.0,0.3190025284964062,0.3190025284964062,0.0,0
1.0,45.20433694745621,0.3527314211473302,0.3527314211473302,0.0,0.31987455194023745,0.31987455194023745,0.0,0
1.0,45.287739783152624,0.3555814081359897,0.3555814081359897,0.0,0.3210235802624952,0.3210235802624952,0.0,0
1.0,45.371142618849035,0.358819725444979,0.358819725444979,0.0,0.32247286158180666,0.32247286158180666,0.0,0
1.0,45.45454545454545,0.36247806415516765,0.36247806415516765,0.0,0.32424411650940166,0.32424411650940166,0.0,0
1.0,45.537948290241864,0.3665866475345442,0.3665866475345442,0.0,0.32635740692210796,0.32635740692210796,0.0,0
1.0,45.621351125938276,0.371173607931862,0.371173607931862,0.0,0.32883103804390695,0.32883103804390695,0.0,0
1.0,45.704753961634694,0.376264413097676,0.376264413097676,0.0,0.33168148795781827,0.33168148795781827,0.0,0
1.0,45.788156797331105,0.381881357727079,0.381881357727079,0.0,0.3349233582315101,0.3349233582315101,0.0,0
1.0,45.871559633027516,0.38804313291123194,0.38804313291123194,0.0,0.338569339123519,0.338569339123519,0.0,0
1.0,45.954962468723934,0.39476448218446836,0.39476448218446836,0.0,0.34263018283679,0.34263018283679,0.0,0
1.0,46.038365304420346,0.4020559482952366,0.4020559482952366,0.0,0.34711467850204947,0.34711467850204947,0.0,0
1.0,46.12176814011676,0.4099237101373984,0.4099237101373984,0.0,0.35202962300759805,0.35202962300759805,0.0,0
1.0,46.205170975813175,0.41836950490321,0.41836950490321,0.0,0.35737978244712443,0.35737978244712443,0.0,0
1.0,46.288573811509586,0.4273906268665308,0.4273906268665308,0.0,0.3631678398345463,0.3631678398345463,0.0,0
1.0,46.371976647206004,0.436979991578018,0.436979991578018,0.0,0.3693943258334494,0.3693943258334494,0.0,0
1.0,46.455379482902416,0.44712625281909596,0.44712625281909596,0.0,0.3760575305634198,0.3760575305634198,0.0,0
1.0,46.53878231859883,0.45781395943762193,0.45781395943762193,0.0,0.38315339606623194,0.38315339606623194,0.0,0
1.0,46.622185154295245,0.46902374006284125,0.46902374006284125,0.0,0.39067539072347085,0.39067539072347085,0.0,0
1.0,46.705587989991656,0.4807325054601216,0.4807325054601216,0.0,0.3986143687850099,0.3986143687850099,0.0,0
1.0,46.78899082568807,0.49291366066809933,0.49291366066809933,0.0,0.4069584201504799,0.4069584201504799,0.0,0
1.0,46.872393661384486,0.5055373217743647,0.5055373217743647,0.0,0.4156927175782843,0.4156927175782843,0.0,0
1.0,46.9557964970809,0.5185705349551515,0.5185705349551515,0.0,0.4247993704876385,0.4247993704876385,0.0,0
1.0,47.03919933277731,0.5319774979867758,0.5319774979867758,0.0,0.4342572963466776,0.4342572963466776,0.0,0
1.0,47.122602168473726,0.527204667710907,0.527204667710907,0.0,0.43727222284394657,0.43727222284394657,0.0,0
1.0,47.20600500417014,0.5406503089285736,0.5406503089285736,0.0,0.4468792840018768,0.4468792840018768,0.0,0
1.0,47.28940783986655,0.5543996707051508,0.5543996707051508,0.0,0.4567997230406795,0.4567997230406795,0.0,0
1.0,47.37281067556297,0.5684068761546452,0.5684068761546452,0.0,0.4669999556698024,0.4669999556698024,0.0,0
1.0,47.45621351125938,0.5826243159191249,0.5826243159191249,0.0,0.47744313960080903,0.47744313960080903,0.0,0
1.0,47.539616346955796,0.5970030071486871,0.5970030071486871,0.0,0.4880894096676821,0.4880894096676821,0.0,0
1.0,47.62301918265221,0.6114929736253505,0.6114929736253505,0.0,0.49889620351948927,0.49889620351948927,0.0,0
1.0,47.70642201834862,0.6260436473096191,0.6260436473096191,0.0,0.5098186775948509,0.5098186775948509,0.0,0
1.0,47.78982485404504,0.6406042890860839,0.6406042890860839,0.0,0.5208102072474643,0.5208102072474643,0.0,0
1.0,47.87322768974145,0.6551244237517795,0.6551244237517795,0.0,0.5318229585983736,0.5318229585983736,0.0,0
1.0,47.95663052543786,0.6695542815940688,0.6695542815940688,0.0,0.5428085134954929,0.5428085134954929,0.0,0
1.0,48.04003336113428,0.6838452365241219,0.6838452365241219,0.0,0.5537185235083787,0.5537185235083787,0.0,0
1.0,48.12343619683069,0.6979502289368532,0.6979502289368532,0.0,0.5645053648393612,0.5645053648393612,0.0,0
1.0,48.2068390325271,0.7118241604868816,0.7118241604868816,0.0,0.5751227639817085,0.5751227639817085,0.0,0
1.0,48.29024186822352,0.7254242479627984,0.7254242479627984,0.0,0.5855263643277284,0.5855263643277284,0.0,0
1.0,48.37364470391993,0.7387103244784076,0.7387103244784076,0.0,0.5956742069086828,0.5956742069086828,0.0,0
1.0,48.45704753961634,0.7516450782455559,0.7516450782455559,0.0,0.6055271039289928,0.6055271039289928,0.0,0
1.0,48.54045037531276,0.7641942221122249,0.7641942221122249,0.0,0.6150488913401867,0.6150488913401867,0.0,0
1.0,48.62385321100917,0.7763265906160275,0.7763265906160275,0.0,0.6242065557293306,0.6242065557293306,0.0,0
1.0,48.70725604670558,0.7880141652259599,0.7880141652259599,0.0,0.6329702404323957,0.6329702404323957,0.0,0
1.0,48.790658882402,0.7992320323989607,0.7992320323989607,0.0,0.6413131450972368,0.6413131450972368,0.0,0
1.0,48.87406171809841,0.809958282736182,0.809958282736182,0.0,0.6492113409999695,0.6492113409999695,0.0,0
1.0,48.95746455379483,0.8201738625889416,0.8201738625889416,0.0,0.6566435304583472,0.6566435304583472,0.0,0
1.0,49.04086738949124,0.8114171694078703,0.8114171694078703,0.0,0.6613893588854355,0.6613893588854355,0.0,0
1.0,49.12427022518765,0.8207165584326407,0.8207165584326407,0.0,0.6680933224876734,0.6680933224876734,0.0,0
1.0,49.20767306088407,0.8294660999309388,0.8294660999309388,0.0,0.6742619643279428,0.6742619643279428,0.0,0
1.0,49.29107589658048,0.8376527891525029,0.8376527891525029,0.0,0.6798759287232568,0.6798759287232568,0.0,0
1.0,49.37447873227689,0.8452656790723823,0.8452656790723823,0.0,0.684918071269701,0.684918071269701,0.0,0
1.0,49.45788156797331,0.8522957941087358,0.8522957941087358,0.0,0.6893736172417183,0.6893736172417183,0.0,0
1.0,49.54128440366972,0.8587360766402955,0.8587360766402955,0.0,0.6932303745427804,0.6932303745427804,0.0,0
1.0,49.62468723936613,0.8645813653456877,0.8645813653456877,0.0,0.6964789798723492,0.6964789798723492,0.0,0
1.0,49.70809007506255,0.8698284011677592,0.8698284011677592,0.0,0.6991131517686706,0.6991131517686706,0.0,0
1.0,49.79149291075896,0.8744758541086992,0.8744758541086992,0.0,0.7011299223646176,0.7011299223646176,0.0,0
1.0,49.87489574645537,0.8785243622762618,0.8785243622762618,0.0,0.7025298210947512,0.7025298210947512,0.0,0
1.0,49.95829858215179,0.8819765737153638,0.8819765737153638,0.0,0.7033169878118264,0.7033169878118264,0.0,0
1.0,50.0417014178482,0.8848371815564866,0.8848371815564866,0.0,0.7034991990578793,0.7034991990578793,0.0,0
1.0,50.12510425354461,0.8871129437862545,0.8871129437862545,0.0,0.7030877986398543,0.7030877986398543,0.0,0
1.0,50.20850708924103,0.8888126803256358,0.8888126803256358,0.0,0.702097531207006,0.702097531207006,0.0,0
1.0,50.29190992493744,0.8899472418834405,0.8899472418834405,0.0,0.7005462843667337,0.7005462843667337,0.0,0
1.0,50.37531276063386,0.8905294470294308,0.8905294470294308,0.0,0.6984547503873144,0.6984547503873144,0.0,0
1.0,50.45871559633027,0.890573985916047,0.890573985916047,0.0,0.6958460223773026,0.6958460223773026,0.0,0
1.0,50.54211843202668,0.890097290921243,0.890097290921243,0.0,0.6927451419266323,0.6927451419266323,0.0,0
1.0,50.6255212677231,0.8891173760817438,0.8891173760817438,0.0,0.6891786156847302,0.6891786156847302,0.0,0
1.0,50.70892410341951,0.8876536484749095,0.8876536484749095,0.0,0.6851739175211369,0.6851739175211369,0.0,0
1.0,50.792326939115924,0.885726695664645,0.885726695664645,0.0,0.6807589911179245,0.6807589911179245,0.0,0
1.0,50.87572977481234,0.883358053958827,0.883358053958827,0.0,0.6759617654387027,0.6759617654387027,0.0,0
1.0,50.95913261050875,0.8805699625602234,0.8805699625602234,0.0,0.6708096928233153,0.6708096928233153,0.0,0
1.0,51.042535446205164,0.8620065480665218,0.8620065480665218,0.0,0.6630785102795795,0.6630785102795795,0.0,0
1.0,51.12593828190158,0.8582740858467239,0.8582740858467239,0.0,0.6568274019940737,0.6568274019940737,0.0,0
1.0,51.209341117597994,0.8541821386761566,0.8541821386761566,0.0,0.6502904043385969,0.6502904043385969,0.0,0
1.0,51.292743953294405,0.849753346133181,0.849753346133181,0.0,0.6434886190710769,0.6434886190710769,0.0,0
1.0,51.37614678899082,0.845009658137511,0.845009658137511,0.0,0.6364404407889935,0.6364404407889935,0.0,0
1.0,51.459549624687234,0.8399721129829628,0.8399721129829628,0.0,0.6291613083294505,0.6291613083294505,0.0,0
1.0,51.542952460383646,0.8346606346847978,0.8346606346847978,0.0,0.6216634824327717,0.6216634824327717,0.0,0
1.0,51.626355296080064,0.8290938524733733,0.8290938524733733,0.0,0.6139558441490707,0.6139558441490707,0.0,0
1.0,51.709758131776475,0.8232889453973099,0.8232889453973099,0.0,0.6060437086563006,0.6060437086563006,0.0,0
1.0,51.79316096747289,0.8172615153986169,0.8172615153986169,0.0,0.5979286500344236,0.5979286500344236,0.0,0
1.0,51.876563803169304,0.8110254929549356,0.8110254929549356,0.0,0.5896083344326168,0.5896083344326168,0.0,0
1.0,51.959966638865716,0.8045930805232493,0.8045930805232493,0.0,0.5810763625366201,0.5810763625366201,0.0,0
1.0,52.043369474562134,0.7979747406413782,0.7979747406413782,0.0,0.5723221282316385,0.5723221282316385,0.0,0
1.0,52.126772310258545,0.7911792377152634,0.7911792377152634,0.0,0.5633307104128922,0.5633307104128922,0.0,0
1.0,52.210175145954956,0.784213745264174,0.784213745264174,0.0,0.5540828315396942,0.5540828315396942,0.0,0
1.0,52.293577981651374,0.7770840336139377,0.7770840336139377,0.0,0.5445549437698184,0.5445549437698184,0.0,0
1.0,52.376980817347786,0.7697947563360809,0.7697947563360809,0.0,0.5347195475290981,0.5347195475290981,0.0,0
1.0,52.4603836530442,0.7623498561280325,0.7623498561280325,0.0,0.5245459171542617,0.5245459171542617,0.0,0
1.0,52.543786488740615,0.7547531100598007,0.7547531100598007,0.0,0.514001515409845,0.514001515409845,0.0,0
1.0,52.627189324437026,0.7470088254847603,0.7470088254847603,0.0,0.5030545341550371,0.5030545341550371,0.0,0
1.0,52.71059216013344,0.7391226722897113,0.7391226722897113,0.0,0.4916782000843355,0.4916782000843355,0.0,0
1.0,52.793994995829856,0.7311025779879008,0.7311025779879008,0.0,0.47985768235773163,0.47985768235773163,0.0,0
1.0,52.87739783152627,0.722959492484709,0.722959492484709,0.0,0.4676004548749364,0.4676004548749364,0.0,0
1.0,52.96080066722268,0.6966948425215901,0.6966948425215901,0.0,0.4412997605697271,0.4412997605697271,0.0,0
1.0,53.044203502919096,0.6881773012462256,0.6881773012462256,0.0,0.4277988051621339,0.4277988051621339,0.0,0
1.0,53.12760633861551,0.6796012055270937,0.6796012055270937,0.0,0.4143567359139521,0.4143567359139521,0.0,0
1.0,53.211009174311926,0.6709533070352888,0.6709533070352888,0.0,0.401174281550406,0.401174281550406,0.0,0
1.0,53.29441201000834,0.662185583500337,0.662185583500337,0.0,0.38837238889775016,0.38837238889775016,0.0,0
1.0,53.37781484570475,0.6532048113829216,0.6532048113829216,0.0,0.37591160365322057,0.37591160365322057,0.0,0
1.0,53.461217681401166,0.6438726139989503,0.6438726139989503,0.0,0.3635729229455443,0.3635729229455443,0.0,0
1.0,53.54462051709758,0.6340186870735413,0.6340186870735413,0.0,0.35103200152831016,0.35103200152831016,0.0,0
1.0,53.62802335279399,0.6234620563118105,0.6234620563118105,0.0,0.33798670107154216,0.33798670107154216,0.0,0
1.0,53.71142618849041,0.6120316366401517,0.6120316366401517,0.0,0.3242638671432044,0.3242638671432044,0.0,0
1.0,53.79482902418682,0.5995810580016181,0.5995810580016181,0.0,0.30986870310338227,0.30986870310338227,0.0,0
1.0,53.87823185988323,0.5859987066319864,0.5859987066319864,0.0,0.29499514094821055,0.29499514094821055,0.0,0
1.0,53.96163469557965,0.5712173295217563,0.5712173295217563,0.0,0.28003744731901453,0.28003744731901453,0.0,0
1.0,54.04503753127606,0.5552282814369057,0.5552282814369057,0.0,0.2656361473097438,0.2656361473097438,0.0,0
1.0,54.12844036697247,0.5381056573805794,0.5381056573805794,0.0,0.25277716407649253,0.25277716407649253,0.0,0
1.0,54.21184320266889,0.5200466235351733,0.5200466235351733,0.0,0.24294464670142293,0.24294464670142293,0.0,0
1.0,54.2952460383653,0.5014366148182701,0.5014366148182701,0.0,0.23828544213599262,0.23828544213599262,0.0,0
1.0,54.37864887406171,0.48295099119803364,0.48295099119803364,0.0,0.24166000047394387,0.24166000047394387,0.0,0
1.0,54.46205170975813,0.4657050617141965,0.4657050617141965,0.0,0.2564007983932936,0.2564007983932936,0.0,0
1.0,54.54545454545454,0.45145233451839933,0.45145233451839933,0.0,0.2857733083166537,0.2857733083166537,0.0,0
1.0,54.62885738115096,0.44278358350205654,0.44278358350205654,0.0,0.3324756277257502,0.3324756277257502,0.0,0
1.0,54.71226021684737,0.4431649966170575,0.4431649966170575,0.0,0.39836833888047796,0.39836833888047796,0.0,0
1.0,54.79566305254378,0.4564914847970124,0.4564914847970124,0.0,0.4838681047276607,0.4838681047276607,0.0,0
1.0,54.8790658882402,0.4858290454111131,0.4858290454111131,0.0,0.5861531823655595,0.5861531823655595,0.0,0
1.0,54.96246872393661,0.6074966915008462,0.6074966915008462,0.0,0.8301432558660271,0.8301432558660271,0.0,0
1.0,55.04587155963302,0.6715715679662954,0.6715715679662954,0.0,0.9150539395919335,0.9150539395919335,0.0,0
1.0,55.12927439532944,0.7349174149786519,0.7349174149786519,0.0,0.971970042345743,0.971970042345743,0.0,0
1.0,55.21267723102585,0.7939651310056222,0.7939651310056222,0.0,1.003961419547371,1.003961419547371,0.0,0
1.0,55.29608006672226,0.847504820824113,0.847504820824113,0.0,1.018293556745441,1.018293556745441,0.0,0
1.0,55.37948290241868,0.8956443607240316,0.8956443607240316,0.0,1.0218443079392525,1.0218443079392525,0.0,0
1.0,55.46288573811509,0.9389925682784548,0.9389925682784548,0.0,1.0195295264456783,1.0195295264456783,0.0,0
1.0,55.5462885738115,0.9782505734337846,0.9782505734337846,0.0,1.0144626065667492,1.0144626065667492,0.0,0
1.0,55.62969140950792,1.0140556704400445,1.0140556704400445,0.0,1.0085141028635005,1.0085141028635005,0.0,0
1.0,55.71309424520433,1.046940152533909,1.046940152533909,0.0,1.0027807237828703,1.0027807237828703,0.0,0
1.0,55.79649708090075,1.0773338354628272,1.0773338354628272,0.0,0.9978937120573955,0.9978937120573955,0.0,0
1.0,55.87989991659716,1.1055797754880492,1.1055797754880492,0.0,0.9942057718207058,0.9942057718207058,0.0,0
1.0,55.96330275229357,1.1319516193285297,1.1319516193285297,0.0,0.9919016443234933,0.9919016443234933,0.0,0
1.0,56.04670558798999,1.1566688273116021,1.1566688273116021,0.0,0.9910635978204537,0.9910635978204537,0.0,0
1.0,56.1301084236864,1.1799089790892603,1.1799089790892603,0.0,0.991710794963994,0.991710794963994,0.0,0
1.0,56.21351125938281,1.2018173849505283,1.2018173849505283,0.0,0.9938235279485966,0.9938235279485966,0.0,0
1.0,56.29691409507923,1.2225144910832664,1.2225144910832664,0.0,0.9973586106204085,0.9973586106204085,0.0,0
1.0,56.38031693077564,1.2421015671918327,1.2421015671918327,0.0,1.002259531139535,1.002259531139535,0.0,0
1.0,56.46371976647205,1.2606650862229953,1.2606650862229953,0.0,1.0084634455188248,1.0084634455188248,0.0,0
1.0,56.54712260216847,1.278280116685283,1.278280116685283,0.0,1.0159062264058347,1.0159062264058347,0.0,0
1.0,56.63052543786488,1.2950129700681705,1.2950129700681705,0.0,1.0245262871048384,1.0245262871048384,0.0,0
1.0,56.713928273561294,1.3109232837953178,1.3109232837953178,0.0,1.0342676182562218,1.0342676182562218,0.0,0
1.0,56.79733110925771,1.3260656726887552,1.3260656726887552,0.0,1.0450823141035157,1.0450823141035157,0.0,0
1.0,56.88073394495412,1.3413607339921705,1.3413607339921705,0.0,1.063747845576118,1.063747845576118,0.0,0
1.0,56.964136780650534,1.3537415241978576,1.3537415241978576,0.0,1.0774075239222434,1.0774075239222434,0.0,0
1.0,57.04753961634695,1.3655871583164623,1.3655871583164623,0.0,1.09216168536922,1.09216168536922,0.0,0
1.0,57.130942452043364,1.3769391766528964,1.3769391766528964,0.0,1.1080258717673412,1.1080258717673412,0.0,0
1.0,57.21434528773978,1.387838630887702,1.387838630887702,0.0,1.1250362729949863,1.1250362729949863,0.0,0
1.0,57.29774812343619,1.398326224252338,1.398326224252338,0.0,1.14325263487203,1.14325263487203,0.0,0
1.0,57.381150959132604,1.408442254923195,1.408442254923195,0.0,1.1627617059843836,1.1627617059843836,0.0,0
1.0,57.46455379482902,1.4182263111026927,1.4182263111026927,0.0,1.1836813839989513,1.1836813839989513,0.0,0
1.0,57.547956630525434,1.4277166331188604,1.4277166331188604,0.0,1.206165716616228,1.206165716616228,0.0,0
1.0,57.631359466221845,1.43694900869344,1.43694900869344,0.0,1.2304108622139351,1.2304108622139351,0.0,0
1.0,57.71476230191826,1.445954992591831,1.445954992591831,0.0,1.2566619608773324,1.2566619608773324,0.0,0
1.0,57.798165137614674,1.4547591258223211,1.4547591258223211,0.0,1.2852204786098564,1.2852204786098564,0.0,0
1.0,57.881567973311085,1.4633746483762595,1.4633746483762595,0.0,1.3164506859234761,1.3164506859234761,0.0,0
1.0,57.964970809007504,1.471796917110671,1.471796917110671,0.0,1.3507819090287403,1.3507819090287403,0.0,0
1.0,58.048373644703915,1.4799933082582815,1.4799933082582815,0.0,1.388698732685373,1.388698732685373,0.0,0
1.0,58.131776480400326,1.4878877576097895,1.4878877576097895,0.0,1.4307016388379967,1.4307016388379967,0.0,0
1.0,58.215179316096744,1.4953373105695285,1.4953373105695285,0.0,1.4771999686173505,1.4771999686173505,0.0,0
1.0,58.298582151793156,1.5020975401696053,1.5020975401696053,0.0,1.5282577222232623,1.5282577222232623,0.0,0
1.0,58.38198498748957,1.5077751949643843,1.5077751949643843,0.0,1.5830413151669782,1.5830413151669782,0.0,0
1.0,58.465387823185985,1.5117756221525354,1.5117756221525354,0.0,1.6387489244294335,1.6387489244294335,0.0,0
1.0,58.548790658882396,1.5132836548109148,1.5132836548109148,0.0,1.6889682336479117,1.6889682336479117,0.0,0
1.0,58.632193494578814,1.5113886602511588,1.5113886602511588,0.0,1.722512021394839,1.722512021394839,0.0,0
1.0,58.715596330275226,1.5055287090209732,1.5055287090209732,0.0,1.7260127796027454,1.7260127796027454,0.0,0
1.0,58.79899916597164,1.4961902300432266,1.4961902300432266,0.0,1.6923807728994544,1.6923807728994544,0.0,0
1.0,58.882402001668055,1.4415562738356926,1.4415562738356926,0.0,1.5167704714191357,1.5167704714191357,0.0,0
1.0,58.965804837364466,1.4323653871804936,1.4323653871804936,0.0,1.4364649995104624,1.4364649995104624,0.0,0
1.0,59.04920767306088,1.4259891564783118,1.4259891564783118,0.0,1.3659886391296285,1.3659886391296285,0.0,0
1.0,59.132610508757296,1.4224670264611206,1.4224670264611206,0.0,1.3076696044531626,1.3076696044531626,0.0,0
1.0,59.21601334445371,1.4215394523790283,1.4215394523790283,0.0,1.2609332510746754,1.2609332510746754,0.0,0
1.0,59.29941618015012,1.422843661881552,1.422843661881552,0.0,1.2243193694037906,1.2243193694037906,0.0,0
1.0,59.382819015846536,1.4260216032852489,1.4260216032852489,0.0,1.1963424949036991,1.1963424949036991,0.0,0
1.0,59.46622185154295,1.4307710799573259,1.4307710799573259,0.0,1.1757178697932393,1.1757178697932393,0.0,0
1.0,59.54962468723936,1.4368615288381457,1.4368615288381457,0.0,1.1613878637110313,1.1613878637110313,0.0,0
1.0,59.63302752293578,1.4441312660228305,1.4441312660228305,0.0,1.152529664512544,1.152529664512544,0.0,0
1.0,59.71643035863219,1.452478481620146,1.452478481620146,0.0,1.1485669610804523,1.1485669610804523,0.0,0
1.0,59.7998331943286,1.4618524485895081,1.4618524485895081,0.0,1.1491764493312033,1.1491764493312033,0.0,0
1.0,59.88323603002502,1.4722470688742542,1.4722470688742542,0.0,1.154291211364453,1.154291211364453,0.0,0
1.0,59.96663886572143,1.4836967917393515,1.4836967917393515,0.0,1.1641098570344397,1.1641098570344397,0.0,0
1.0,60.05004170141785,1.496274161675864,1.496274161675864,0.0,1.1791194873217103,1.1791194873217103,0.0,0
1.0,60.13344453711426,1.5100877841864884,1.5100877841864884,0.0,1.2001370404711964,1.2001370404711964,0.0,0
1.0,60.21684737281067,1.525278628949703,1.525278628949703,0.0,1.2283674097198707,1.2283674097198707,0.0,0
1.0,60.30025020850709,1.5420105692330475,1.5420105692330475,0.0,1.2654608872576134,1.2654608872576134,0.0,0
1.0,60.3836530442035,1.560446608703775,1.560446608703775,0.0,1.3135075056186156,1.3135075056186156,0.0,0
1.0,60.46705587989991,1.580693225445469,1.580693225445469,0.0,1.3747850995281665,1.3747850995281665,0.0,0
1.0,60.55045871559633,1.6026800465645932,1.6026800465645932,0.0,1.4507969722677405,1.4507969722677405,0.0,0
1.0,60.63386155129274,1.625930681335912,1.625930681335912,0.0,1.5397025295133655,1.5397025295133655,0.0,0
1.0,60.71726438698915,1.649235971434159,1.649235971434159,0.0,1.6316054050044861,1.6316054050044861,0.0,0
1.0,60.80066722268557,1.6497082916940136,1.6497082916940136,0.0,1.6825830574963456,1.6825830574963456,0.0,0
1.0,60.88407005838198,1.6671535474720163,1.6671535474720163,0.0,1.7236600119389676,1.7236600119389676,0.0,0
1.0,60.96747289407839,1.6791880953618004,1.6791880953618004,0.0,1.7218294972210046,1.7218294972210046,0.0,0
1.0,61.05087572977481,1.6862494879732821,1.6862494879732821,0.0,1.691908851053647,1.691908851053647,0.0,0
1.0,61.13427856547122,1.6896540957671404,1.6896540957671404,0.0,1.6515309728081644,1.6515309728081644,0.0,0
1.0,61.21768140116763,1.6907089736936372,1.6907089736936372,0.0,1.6116990870510937,1.6116990870510937,0.0,0
1.0,61.30108423686405,1.690376852161769,1.690376852161769,0.0,1.577346215280488,1.577346215280488,0.0,0
1.0,61.38448707256046,1.6892828146636663,1.6892828146636663,0.0,1.5501326907319284,1.5501326907319284,0.0,0
1.0,61.46788990825688,1.6878071362509184,1.6878071362509184,0.0,1.5303359728422001,1.5303359728422001,0.0,0
1.0,61.55129274395329,1.6861674187687987,1.6861674187687987,0.0,1.5177768905042723,1.5177768905042723,0.0,0
1.0,61.6346955796497,1.6844726743140408,1.6844726743140408,0.0,1.5122160112837477,1.5122160112837477,0.0,0
1.0,61.71809841534612,1.682753268868464,1.682753268868464,0.0,1.513501823296316,1.513501823296316,0.0,0
1.0,61.80150125104253,1.6809723727329853,1.6809723727329853,0.0,1.5215985855589789,1.5215985855589789,0.0,0
1.0,61.88490408673894,1.6790219311419445,1.6790219311419445,0.0,1.5365306921297093,1.5365306921297093,0.0,0
1.0,61.96830692243536,1.6767032906249852,1.6767032906249852,0.0,1.5582189867644272,1.5582189867644272,0.0,0
1.0,62.05170975813177,1.673690899662029,1.673690899662029,0.0,1.5861231784412804,1.5861231784412804,0.0,0
1.0,62.13511259382818,1.669479656856877,1.669479656856877,0.0,1.6185420405038509,1.6185420405038509,0.0,0
1.0,62.2185154295246,1.6633305605564561,1.6633305605564561,0.0,1.651457667234555,1.651457667234555,0.0,0
1.0,62.30191826522101,1.6542719474325291,1.6542719474325291,0.0,1.6773039799631466,1.6773039799631466,0.0,0
1.0,62.38532110091742,1.6412887149321822,1.6412887149321822,0.0,1.6854269597724176,1.6854269597724176,0.0,0
1.0,62.46872393661384,1.6238221569906586,1.6238221569906586,0.0,1.6667137967981944,1.6667137967981944,0.0,0
1.0,62.55212677231025,1.6023271582489895,1.6023271582489895,0.0,1.6204677010784307,1.6204677010784307,0.0,0
1.0,62.635529608006664,1.5782052908554847,1.5782052908554847,0.0,1.5559101410331928,1.5559101410331928,0.0,0
1.0,62.71893244370308,1.553072496989883,1.553072496989883,0.0,1.4858817559701532,1.4858817559701532,0.0,0
1.0,62.80233527939949,1.4816929870842652,1.4816929870842652,0.0,1.3238493667365985,1.3238493667365985,0.0,0
1.0,62.88573811509591,1.4587824102567863,1.4587824102567863,0.0,1.2749849458266769,1.2749849458266769,0.0,0
1.0,62.96914095079232,1.4373023022492653,1.4373023022492653,0.0,1.2355742218093715,1.2355742218093715,0.0,0
1.0,63.052543786488734,1.4172960547724724,1.4172960547724724,0.0,1.2044971604088006,1.2044971604088006,0.0,0
1.0,63.13594662218515,1.3987766053414503,1.3987766053414503,0.0,1.180688690511174,1.180688690511174,0.0,0
1.0,63.21934945788156,1.3817595429810077,1.3817595429810077,0.0,1.1633166353889606,1.1633166353889606,0.0,0
1.0,63.302752293577974,1.3662802609633302,1.3662802609633302,0.0,1.1518281924468838,1.1518281924468838,0.0,0
1.0,63.38615512927439,1.3524028413711164,1.3524028413711164,0.0,1.1459525665494503,1.1459525665494503,0.0,0
1.0,63.469557964970804,1.3402247560591805,1.3402247560591805,0.0,1.1456977310167493,1.1456977310167493,0.0,0
1.0,63.552960800667215,1.3298792956814418,1.3298792956814418,0.0,1.15135706033381,1.15135706033381,0.0,0
1.0,63.63636363636363,1.3215362016476457,1.3215362016476457,0.0,1.1635320194226741,1.1635320194226741,0.0,0
1.0,63.719766472060044,1.3153996475211862,1.3153996475211862,0.0,1.1831714120640042,1.1831714120640042,0.0,0
1.0,63.803169307756455,1.3117008135126904,1.3117008135126904,0.0,1.211618725217301,1.211618725217301,0.0,0
1.0,63.886572143452874,1.3106787698554538,1.3106787698554538,0.0,1.2506350963485713,1.2506350963485713,0.0,0
1.0,63.969974979149285,1.3125363784419148,1.3125363784419148,0.0,1.3022988725314235,1.3022988725314235,0.0,0
1.0,64.0533778148457,1.317344733483013,1.317344733483013,0.0,1.3685110082098713,1.3685110082098713,0.0,0
1.0,64.13678065054211,1.3248506022865747,1.3248506022865747,0.0,1.4494643057427872,1.4494643057427872,0.0,0
1.0,64.22018348623853,1.3341424838064926,1.3341424838064926,0.0,1.5400202039288282,1.5400202039288282,0.0,0
1.0,64.30358632193494,1.3432715391514511,1.3432715391514511,0.0,1.624289783694949,1.624289783694949,0.0,0
1.0,64.38698915763135,1.3493790858682866,1.3493790858682866,0.0,1.6760906007818799,1.6760906007818799,0.0,0
1.0,64.47039199332777,1.3500450400679946,1.3500450400679946,0.0,1.677099976787211,1.677099976787211,0.0,0
1.0,64.55379482902418,1.344888889385826,1.344888889385826,0.0,1.6352236690822353,1.6352236690822353,0.0,0
1.0,64.63719766472059,1.3353695474882066,1.3353695474882066,0.0,1.5732871500418069,1.5732871500418069,0.0,0
1.0,64.720600500417,1.2968777225645516,1.2968777225645516,0.0,1.5126461044746207,1.5126461044746207,0.0,0
1.0,64.80400333611342,1.2849566981268337,1.2849566981268337,0.0,1.4589874258047262,1.4589874258047262,0.0,0
1.0,64.88740617180984,1.27305687362675,1.27305687362675,0.0,1.4141742471779912,1.4141742471779912,0.0,0
1.0,64.97080900750625,1.2618236727888776,1.2618236727888776,0.0,1.3786851348477749,1.3786851348477749,0.0,0
1.0,65.05421184320267,1.2516461444280693,1.2516461444280693,0.0,1.3520891363525787,1.3520891363525787,0.0,0
1.0,65.13761467889908,1.2427546678252903,1.2427546678252903,0.0,1.3337763679056422,1.3337763679056422,0.0,0
1.0,65.22101751459549,1.235279953128844,1.235279953128844,0.0,1.3232338839069533,1.3232338839069533,0.0,0
1.0,65.3044203502919,1.2292852272788524,1.2292852272788524,0.0,1.3201337615951898,1.3201337615951898,0.0,0
1.0,65.38782318598832,1.224780395368831,1.224780395368831,0.0,1.3243450969172819,1.3243450969172819,0.0,0
1.0,65.47122602168473,1.2217227289984152,1.2217227289984152,0.0,1.3359078058380156,1.3359078058380156,0.0,0
1.0,65.55462885738115,1.2200051898668327,1.2200051898668327,0.0,1.3549676369188626,1.3549676369188626,0.0,0
1.0,65.63803169307756,1.2194307733485157,1.2194307733485157,0.0,1.3816410927178946,1.3816410927178946,0.0,0
1.0,65.72143452877397,1.219669388070644,1.219669388070644,0.0,1.4157403701384104,1.4157403701384104,0.0,0
1.0,65.80483736447039,1.2201945942329018,1.2201945942329018,0.0,1.4562401816889805,1.4562401816889805,0.0,0
1.0,65.8882402001668,1.2202072887063247,1.2202072887063247,0.0,1.5003603660318343,1.5003603660318343,0.0,0
1.0,65.97164303586321,1.2185867855720596,1.2185867855720596,0.0,1.5423791624873728,1.5423791624873728,0.0,0
1.0,66.05504587155963,1.2139818767217592,1.2139818767217592,0.0,1.5731655395290187,1.5731655395290187,0.0,0
1.0,66.13844870725605,1.205212584993785,1.205212584993785,0.0,1.5825205092870889,1.5825205092870889,0.0,0
1.0,66.22185154295245,1.1919573331353845,1.1919573331353845,0.0,1.564843333861515,1.564843333861515,0.0,0
1.0,66.30525437864887,1.175161260446799,1.175161260446799,0.0,1.5234834022342343,1.5234834022342343,0.0,0
1.0,66.38865721434529,1.1566205841953925,1.1566205841953925,0.0,1.4686406621658943,1.4686406621658943,0.0,0
1.0,66.47206005004169,1.1381744979498403,1.1381744979498403,0.0,1.4111336268817831,1.4111336268817831,0.0,0
1.0,66.55546288573811,1.1212269520031515,1.1212269520031515,0.0,1.3582810558544083,1.3582810558544083,0.0,0
1.0,66.63886572143453,1.106689068151874,1.106689068151874,0.0,1.3136162381658643,1.3136162381658643,0.0,0
1.0,66.72226855713093,1.0529021244904924,1.0529021244904924,0.0,1.2023117077610534,1.2023117077610534,0.0,0
1.0,66.80567139282735,1.046491242307636,1.046491242307636,0.0,1.182142948770531,1.182142948770531,0.0,0
1.0,66.88907422852377,1.0434935960247058,1.0434935960247058,0.0,1.17004435381349,1.17004435381349,0.0,0
1.0,66.97247706422017,1.043945020392928,1.043945020392928,0.0,1.1655771947863403,1.1655771947863403,0.0,0
1.0,67.05587989991659,1.0478635543270112,1.0478635543270112,0.0,1.168534272172688,1.168534272172688,0.0,0
1.0,67.13928273561301,1.0552597206258019,1.0552597206258019,0.0,1.1789726014070812,1.1789726014070812,0.0,0
1.0,67.22268557130941,1.0661397663104883,1.0661397663104883,0.0,1.1972369064250847,1.1972369064250847,0.0,0
1.0,67.30608840700583,1.0805019663687379,1.0805019663687379,0.0,1.2239811161185519,1.2239811161185519,0.0,0
1.0,67.38949124270225,1.0983230941288342,1.0983230941288342,0.0,1.2601765197454546,1.2601765197454546,0.0,0
1.0,67.47289407839865,1.1195277350578217,1.1195277350578217,0.0,1.3070611565628278,1.3070611565628278,0.0,0
1.0,67.55629691409507,1.1439257581097102,1.1439257581097102,0.0,1.365905247707827,1.365905247707827,0.0,0
1.0,67.63969974979149,1.1710922505346126,1.1710922505346126,0.0,1.4372866947043714,1.4372866947043714,0.0,0
1.0,67.72310258548791,1.200157076943007,1.200157076943007,0.0,1.5192538154192143,1.5192538154192143,0.0,0
1.0,67.80650542118431,1.2295115258769513,1.2295115258769513,0.0,1.6036878357887938,1.6036878357887938,0.0,0
1.0,67.88990825688073,1.2566492237584508,1.2566492237584508,0.0,1.6724529633955205,1.6724529633955205,0.0,0
1.0,67.97331109257715,1.2787441726054258,1.2787441726054258,0.0,1.701832408069349,1.701832408069349,0.0,0
1.0,68.05671392827355,1.294219414492102,1.294219414492102,0.0,1.681441124748583,1.681441124748583,0.0,0
1.0,68.14011676396997,1.3037776912104588,1.3037776912104588,0.0,1.6251632662052897,1.6251632662052897,0.0,0
1.0,68.22351959966639,1.30952211024076,1.30952211024076,0.0,1.5558866680992731,1.5558866680992731,0.0,0
1.0,68.3069224353628,1.3135242094350121,1.3135242094350121,0.0,1.4893380768641171,1.4893380768641171,0.0,0
1.0,68.39032527105921,1.3172169733408519,1.3172169733408519,0.0,1.4322410343972665,1.4322410343972665,0.0,0
1.0,68.47372810675563,1.3214312408180067,1.3214312408180067,0.0,1.3861725830860403,1.3861725830860403,0.0,0
1.0,68.55713094245203,1.3265942065823009,1.3265942065823009,0.0,1.3506178875995876,1.3506178875995876,0.0,0
1.0,68.64053377814845,1.3197841582490366,1.3197841582490366,0.0,1.3408687384342963,1.3408687384342963,0.0,0
1.0,68.72393661384487,1.3277719184141965,1.3277719184141965,0.0,1.3247776916838518,1.3247776916838518,0.0,0
1.0,68.80733944954127,1.3369681651477243,1.3369681651477243,0.0,1.3162070506467372,1.3162070506467372,0.0,0
1.0,68.89074228523769,1.347340385801463,1.347340385801463,0.0,1.3146261066559257,1.3146261066559257,0.0,0
1.0,68.97414512093411,1.3588392342484419,1.3588392342484419,0.0,1.3197734396022265,1.3197734396022265,0.0,0
1.0,69.05754795663051,1.3714082927724156,1.3714082927724156,0.0,1.3316515102111999,1.3316515102111999,0.0,0
1.0,69.14095079232693,1.384985812720632,1.384985812720632,0.0,1.3505055941746715,1.3505055941746715,0.0,0
1.0,69.22435362802335,1.399499069416045,1.399499069416045,0.0,1.3767650112625285,1.3767650112625285,0.0,0
1.0,69.30775646371976,1.414851068469003,1.414851068469003,0.0,1.4109005522171547,1.4109005522171547,0.0,0
1.0,69.39115929941617,1.4309000070005375,1.4309000070005375,0.0,1.4531493073001847,1.4531493073001847,0.0,0
1.0,69.47456213511259,1.4474334097360164,1.4474334097360164,0.0,1.5031215182214317,1.5031215182214317,0.0,0
1.0,69.557964970809,1.464136489238361,1.464136489238361,0.0,1.5593983830814984,1.5593983830814984,0.0,0
1.0,69.64136780650541,1.4805439693764157,1.4805439693764157,0.0,1.6191235217296625,1.6191235217296625,0.0,0
1.0,69.72477064220183,1.4959631921166587,1.4959631921166587,0.0,1.677296384012417,1.677296384012417,0.0,0
1.0,69.80817347789824,1.509402723051115,1.509402723051115,0.0,1.7258321938405619,1.7258321938405619,0.0,0
1.0,69.89157631359465,1.5196418457804062,1.5196418457804062,0.0,1.7539779988950444,1.7539779988950444,0.0,0
1.0,69.97497914929107,1.5256189008267136,1.5256189008267136,0.0,1.7523706178029024,1.7523706178029024,0.0,0
1.0,70.05838198498748,1.5270361867776123,1.5270361867776123,0.0,1.7192667171214364,1.7192667171214364,0.0,0
1.0,70.1417848206839,1.5245999789898526,1.5245999789898526,0.0,1.6625380283675817,1.6625380283675817,0.0,0
1.0,70.22518765638031,1.5195840087684953,1.5195840087684953,0.0,1.5946667949179545,1.5946667949179545,0.0,0
1.0,70.30859049207673,1.51322062483512,1.51322062483512,0.0,1.5262420217714334,1.5262420217714334,0.0,0
1.0,70.39199332777314,1.5064011464801097,1.5064011464801097,0.0,1.4633663033211206,1.4633663033211206,0.0,0
1.0,70.47539616346955,1.49966303278498,1.49966303278498,0.0,1.4084474945409569,1.4084474945409569,0.0,0
1.0,70.55879899916597,1.4932824703342626,1.4932824703342626,0.0,1.361797250349804,1.361797250349804,0.0,0
1.0,70.64220183486238,1.451127991886863,1.451127991886863,0.0,1.2609540266034405,1.2609540266034405,0.0,0
1.0,70.7256046705588,1.4462546512566858,1.4462546512566858,0.0,1.2345826319456055,1.2345826319456055,0.0,0
1.0,70.80900750625521,1.4417929252974326,1.4417929252974326,0.0,1.2131858625190366,1.2131858625190366,0.0,0
1.0,70.89241034195162,1.437655951036596,1.437655951036596,0.0,1.1960364479272694,1.1960364479272694,0.0,0
1.0,70.97581317764804,1.4337562526331702,1.4337562526331702,0.0,1.1825324585044397,1.1825324585044397,0.0,0
1.0,71.05921601334445,1.4300103381929736,1.4300103381929736,0.0,1.1721804853758058,1.1721804853758058,0.0,0
1.0,71.14261884904086,1.4263410320954142,1.4263410320954142,0.0,1.1645769665917822,1.1645769665917822,0.0,0
1.0,71.22602168473728,1.422678500921374,1.422678500921374,0.0,1.1593909446393442,1.1593909446393442,0.0,0
1.0,71.3094245204337,1.4189605333342963,1.4189605333342963,0.0,1.1563492296539,1.1563492296539,0.0,0
1.0,71.3928273561301,1.4151324004426482,1.4151324004426482,0.0,1.1552239992841624,1.1552239992841624,0.0,0
1.0,71.47623019182652,1.4111464862021597,1.4111464862021597,0.0,1.1558225205891417,1.1558225205891417,0.0,0
1.0,71.55963302752293,1.4069617975150168,1.4069617975150168,0.0,1.1579785891266487,1.1579785891266487,0.0,0
1.0,71.64303586321934,1.4025434177159601,1.4025434177159601,0.0,1.1615452943808737,1.1615452943808737,0.0,0
1.0,71.72643869891576,1.39786194186507,1.39786194186507,0.0,1.1663887738075431,1.1663887738075431,0.0,0
1.0,71.80984153461218,1.3928929203292961,1.3928929203292961,0.0,1.172382684283398,1.172382684283398,0.0,0
1.0,71.89324437030858,1.3876163347219868,1.3876163347219868,0.0,1.179403192246101,1.179403192246101,0.0,0
1.0,71.976647206005,1.38201613584998,1.38201613584998,0.0,1.1873243639224023,1.1873243639224023,0.0,0
1.0,72.06005004170142,1.3760798869747304,1.3760798869747304,0.0,1.19601393119103,1.19601393119103,0.0,0
1.0,72.14345287739782,1.3697985788463645,1.3697985788463645,0.0,1.205329526016199,1.205329526016199,0.0,0
1.0,72.22685571309424,1.363166718341855,1.363166718341855,0.0,1.2151156276070791,1.2151156276070791,0.0,0
1.0,72.31025854879066,1.3561828442992956,1.3561828442992956,0.0,1.2252016617731405,1.2252016617731405,0.0,0
1.0,72.39366138448706,1.3488506981428412,1.3488506981428412,0.0,1.2354019387787438,1.2354019387787438,0.0,0
1.0,72.47706422018348,1.3411813809737758,1.3411813809737758,0.0,1.2455184160948063,1.2455184160948063,0.0,0
1.0,72.5604670558799,1.304522479500307,1.304522479500307,0.0,1.2417930823128531,1.2417930823128531,0.0,0
1.0,72.6438698915763,1.2974342657871678,1.2974342657871678,0.0,1.2527565446274238,1.2527565446274238,0.0,0
1.0,72.72727272727272,1.2904046896417005,1.2904046896417005,0.0,1.2633519660981931,1.2633519660981931,0.0,0
1.0,72.81067556296914,1.283610535782829,1.283610535782829,0.0,1.2735849252179183,1.2735849252179183,0.0,0
1.0,72.89407839866554,1.2773138656015728,1.2773138656015728,0.0,1.2836220336828006,1.2836220336828006,0.0,0
1.0,72.97748123436196,1.2719019247716534,1.2719019247716534,0.0,1.2938881433862113,1.2938881433862113,0.0,0
1.0,73.06088407005838,1.2679439154735648,1.2679439154735648,0.0,1.3052072795746161,1.3052072795746161,0.0,0
1.0,73.1442869057548,1.266269489823644,1.266269489823644,0.0,1.3189978176611032,1.3189978176611032,0.0,0
1.0,73.2276897414512,1.2680700611239477,1.2680700611239477,0.0,1.3375045146720692,1.3375045146720692,0.0,0
1.0,73.31109257714762,1.2750061194194995,1.2750061194194995,0.0,1.363930155176114,1.363930155176114,0.0,0
1.0,73.39449541284404,1.289244751732188,1.289244751732188,0.0,1.4019696313498988,1.4019696313498988,0.0,0
1.0,73.47789824854044,1.313203147354889,1.313203147354889,0.0,1.4536173719399783,1.4536173719399783,0.0,0
1.0,73.56130108423686,1.3485690439400664,1.3485690439400664,0.0,1.5145813564473358,1.5145813564473358,0.0,0
1.0,73.64470391993328,1.3944940561944263,1.3944940561944263,0.0,1.5715071296381893,1.5715071296381893,0.0,0
1.0,73.72810675562968,1.446699908638698,1.446699908638698,0.0,1.608722749102779,1.608722749102779,0.0,0
1.0,73.8115095913261,1.4997122164739167,1.4997122164739167,0.0,1.6198040906443556,1.6198040906443556,0.0,0
1.0,73.89491242702252,1.5497871550830864,1.5497871550830864,0.0,1.6095012830947821,1.6095012830947821,0.0,0
1.0,73.97831526271892,1.5953996044839518,1.5953996044839518,0.0,1.5862272245289377,1.5862272245289377,0.0,0
1.0,74.06171809841534,1.6363381809428603,1.6363381809428603,0.0,1.5565563241085292,1.5565563241085292,0.0,0
1.0,74.14512093411176,1.6729174291605047,1.6729174291605047,0.0,1.5244025472753648,1.5244025472753648,0.0,0
1.0,74.22852376980816,1.7055840066993802,1.7055840066993802,0.0,1.491854742098871,1.491854742098871,0.0,0
1.0,74.31192660550458,1.7347640443157761,1.7347640443157761,0.0,1.4599806213750688,1.4599806213750688,0.0,0
1.0,74.395329441201,1.7608176075741129,1.7608176075741129,0.0,1.4293146063630415,1.4293146063630415,0.0,0
1.0,74.4787322768974,1.784033897523062,1.784033897523062,0.0,1.4001178629948916,1.4001178629948916,0.0,0
1.0,74.56213511259382,1.8360295366399817,1.8360295366399817,0.0,1.3715443183848188,1.3715443183848188,0.0,0
1.0,74.64553794829024,1.8522384888626378,1.8522384888626378,0.0,1.346559035305476,1.346559035305476,0.0,0
1.0,74.72894078398664,1.8662730010234267,1.8662730010234267,0.0,1.3231937915174459,1.3231937915174459,0.0,0
1.0,74.81234361968306,1.878209679223484,1.878209679223484,0.0,1.301442634230257,1.301442634230257,0.0,0
1.0,74.89574645537948,1.8881045589888892,1.8881045589888892,0.0,1.2812970684051834,1.2812970684051834,0.0,0
1.0,74.97914929107588,1.8959972791499513,1.8959972791499513,0.0,1.2627491445864296,1.2627491445864296,0.0,0
1.0,75.0625521267723,1.9019142523195491,1.9019142523195491,0.0,1.2457932869061392,1.2457932869061392,0.0,0
1.0,75.14595496246872,1.9058710567658272,1.9058710567658272,0.0,1.2304274356572529,1.2304274356572529,0.0,0
1.0,75.22935779816513,1.907874220277696,1.907874220277696,0.0,1.2166538185564069,1.2166538185564069,0.0,0
1.0,75.31276063386154,1.9079225221096847,1.9079225221096847,0.0,1.204479529081726,1.204479529081726,0.0,0
1.0,75.39616346955796,1.906007903614015,1.906007903614015,0.0,1.193917018408298,1.193917018408298,0.0,0
1.0,75.47956630525437,1.9021160497578864,1.9021160497578864,0.0,1.1849845686731633,1.1849845686731633,0.0,0
1.0,75.56296914095078,1.8962266802365384,1.8962266802365384,0.0,1.1777067934674856,1.1777067934674856,0.0,0
1.0,75.6463719766472,1.8883135683077483,1.8883135683077483,0.0,1.1721151976027069,1.1721151976027069,0.0,0
1.0,75.7297748123436,1.8783442858918036,1.8783442858918036,0.0,1.1682488165197027,1.1682488165197027,0.0,0
1.0,75.81317764804002,1.8662796529931003,1.8662796529931003,0.0,1.1661549411288432,1.1661549411288432,0.0,0
1.0,75.89658048373644,1.8520728459941993,1.8520728459941993,0.0,1.1658899100027087,1.1658899100027087,0.0,0
1.0,75.97998331943286,1.835668090306307,1.835668090306307,0.0,1.1675199074161178,1.1675199074161178,0.0,0
1.0,76.06338615512927,1.8169988249925153,1.8169988249925153,0.0,1.1711216242080091,1.1711216242080091,0.0,0
1.0,76.14678899082568,1.795985176134345,1.795985176134345,0.0,1.1767824837095944,1.1767824837095944,0.0,0
1.0,76.2301918265221,1.772530506736851,1.772530506736851,0.0,1.1845998385839809,1.1845998385839809,0.0,0
1.0,76.3135946622185,1.7465167184747266,1.7465167184747266,0.0,1.1946779698083387,1.1946779698083387,0.0,0
1.0,76.39699749791492,1.7177978621083247,1.7177978621083247,0.0,1.2071205879479843,1.2071205879479843,0.0,0
1.0,76.48040033361134,1.6758828048613579,1.6758828048613579,0.0,1.2411469118291374,1.2411469118291374,0.0,0
1.0,76.56380316930775,1.6383378351312785,1.6383378351312785,0.0,1.2593128556427795,1.2593128556427795,0.0,0
1.0,76.64720600500416,1.5970153276783843,1.5970153276783843,0.0,1.2793625520823437,1.2793625520823437,0.0,0
1.0,76.73060884070058,1.5514621274765752,1.5514621274765752,0.0,1.3003434296870506,1.3003434296870506,0.0,0
1.0,76.81401167639699,1.5011405085471536,1.5011405085471536,0.0,1.3201391877717665,1.3201391877717665,0.0,0
1.0,76.8974145120934,1.445491899321631,1.445491899321631,0.0,1.3343532790815025,1.3343532790815025,0.0,0
1.0,76.98081734778982,1.3841665189492611,1.3841665189492611,0.0,1.3346053660443054,1.3346053660443054,0.0,0
1.0,77.06422018348623,1.3176195732286584,1.3176195732286584,0.0,1.3075511558306858,1.3075511558306858,0.0,0
1.0,77.14762301918265,1.2481661491840685,1.2481661491840685,0.0,1.239379063722124,1.239379063722124,0.0,0
1.0,77.23102585487906,1.1805448759043462,1.1805448759043462,0.0,1.1286753244378174,1.1286753244378174,0.0,0
1.0,77.31442869057547,1.119900875696068,1.119900875696068,0.0,0.993812368384761,0.993812368384761,0.0,0
1.0,77.39783152627189,1.0685439173715217,1.0685439173715217,0.0,0.8610248271973471,0.8610248271973471,0.0,0
1.0,77.4812343619683,1.0256849785399564,1.0256849785399564,0.0,0.7472889820965917,0.7472889820965917,0.0,0
1.0,77.56463719766471,0.9892517276976375,0.9892517276976375,0.0,0.6568998414617816,0.6568998414617816,0.0,0
1.0,77.64804003336113,0.9571898997881119,0.9571898997881119,0.0,0.5874096199024492,0.5874096199024492,0.0,0
1.0,77.73144286905755,0.9279000663072714,0.9279000663072714,0.0,0.534585842581879,0.534585842581879,0.0,0
1.0,77.81484570475395,0.9002682160848842,0.9002682160848842,0.0,0.4944734709467549,0.4944734709467549,0.0,0
1.0,77.89824854045037,0.8735835029756396,0.8735835029756396,0.0,0.46392355701848553,0.46392355701848553,0.0,0
1.0,77.98165137614679,0.8474493359226783,0.8474493359226783,0.0,0.44058694163813367,0.44058694163813367,0.0,0
1.0,78.06505421184319,0.8217139185370156,0.8217139185370156,0.0,0.4227759273972229,0.4227759273972229,0.0,0
1.0,78.14845704753961,0.7964208676124379,0.7964208676124379,0.0,0.40932067158822755,0.40932067158822755,0.0,0
1.0,78.23185988323603,0.771774247996922,0.771774247996922,0.0,0.3994499058020708,0.3994499058020708,0.0,0
1.0,78.31526271893243,0.7481116280901725,0.7481116280901725,0.0,0.3926959734804474,0.3926959734804474,0.0,0
1.0,78.39866555462885,0.7258792956595376,0.7258792956595376,0.0,0.3888169001048767,0.3888169001048767,0.0,0
1.0,78.48206839032527,0.736646978969805,0.736646978969805,0.0,0.42597332954196293,0.42597332954196293,0.0,0
1.0,78.56547122602169,0.7170657727912032,0.7170657727912032,0.0,0.427494304957322,0.427494304957322,0.0,0
1.0,78.64887406171809,0.7002806579581239,0.7002806579581239,0.0,0.4313702650845038,0.4313702650845038,0.0,0
1.0,78.73227689741451,0.6868514828294512,0.6868514828294512,0.0,0.4377535499425774,0.4377535499425774,0.0,0
1.0,78.81567973311093,0.6772558181802764,0.6772558181802764,0.0,0.4467503043443172,0.4467503043443172,0.0,0
1.0,78.89908256880733,0.6718427539426256,0.6718427539426256,0.0,0.4583964879675551,0.4583964879675551,0.0,0
1.0,78.98248540450375,0.6707981304182875,0.6707981304182875,0.0,0.4726502231015663,0.4726502231015663,0.0,0
1.0,79.06588824020017,0.674129429297107,0.674129429297107,0.0,0.48940097866177223,0.48940097866177223,0.0,0
1.0,79.14929107589657,0.6816743381580685,0.6816743381580685,0.0,0.5084922528666638,0.5084922528666638,0.0,0
1.0,79.23269391159299,0.6931308972786757,0.6931308972786757,0.0,0.5297519739461696,0.5297519739461696,0.0,0
1.0,79.31609674728941,0.708101865313658,0.708101865313658,0.0,0.5530245751904437,0.5530245751904437,0.0,0
1.0,79.39949958298581,0.7261437146078957,0.7261437146078957,0.0,0.5782002352276823,0.5782002352276823,0.0,0
1.0,79.48290241868223,0.7468118425030332,0.7468118425030332,0.0,0.6052390980668886,0.6052390980668886,0.0,0
1.0,79.56630525437865,0.7696968300551075,0.7696968300551075,0.0,0.6341904692954524,0.6341904692954524,0.0,0
1.0,79.64970809007505,0.7944500955142566,0.7944500955142566,0.0,0.6652085405827823,0.6652085405827823,0.0,0
1.0,79.73311092577147,0.820799869233595,0.820799869233595,0.0,0.6985670700674916,0.6985670700674916,0.0,0
1.0,79.81651376146789,0.8485597175298887,0.8485597175298887,0.0,0.7346758163751836,0.7346758163751836,0.0,0
1.0,79.89991659716429,0.8776320923004416,0.8776320923004416,0.0,0.7741015838522751,0.7741015838522751,0.0,0
1.0,79.98331943286071,0.9080089677652198,0.9080089677652198,0.0,0.8175965247904527,0.8175965247904527,0.0,0
1.0,80.06672226855713,0.9397708224518304,0.9397708224518304,0.0,0.8661355151929668,0.8661355151929668,0.0,0
1.0,80.15012510425353,0.973084072488678,0.973084072488678,0.0,0.9209617293107332,0.9209617293107332,0.0,0
1.0,80.23352793994995,1.008195265913279,1.008195265913279,0.0,0.9836314912877693,0.9836314912877693,0.0,0
1.0,80.31693077564637,1.0454170745161377,1.0454170745161377,0.0,1.0560268588540496,1.0560268588540496,0.0,0
1.0,80.40033361134277,1.1007482268480209,1.1007482268480209,0.0,1.2463641233675369,1.2463641233675369,0.0,0
1.0,80.48373644703919,1.1463103242308095,1.1463103242308095,0.0,1.358066183624021,1.358066183624021,0.0,0
1.0,80.56713928273561,1.1940074624021733,1.1940074624021733,0.0,1.4782819479375233,1.4782819479375233,0.0,0
1.0,80.65054211843201,1.242131240911198,1.242131240911198,0.0,1.5924131624638858,1.5924131624638858,0.0,0
1.0,80.73394495412843,1.2875178368446845,1.2875178368446845,0.0,1.6757219391776423,1.6757219391776423,0.0,0
1.0,80.81734778982485,1.3264688809841518,1.3264688809841518,0.0,1.7063894783331066,1.7063894783331066,0.0,0
1.0,80.90075062552125,1.3570625121818933,1.3570625121818933,0.0,1.68319106057168,1.68319106057168,0.0,0
1.0,80.98415346121767,1.3800495346727342,1.3800495346727342,0.0,1.6248605787646353,1.6248605787646353,0.0,0
1.0,81.06755629691409,1.3974223993460675,1.3974223993460675,0.0,1.553134016987203,1.553134016987203,0.0,0
1.0,81.1509591326105,1.4110375892942917,1.4110375892942917,0.0,1.4817406578999317,1.4817406578999317,0.0,0
1.0,81.23436196830691,1.4221992802460457,1.4221992802460457,0.0,1.4166787927325806,1.4166787927325806,0.0,0
1.0,81.31776480400333,1.4317229313476452,1.4317229313476452,0.0,1.3596693320053532,1.3596693320053532,0.0,0
1.0,81.40116763969975,1.440090576567174,1.440090576567174,0.0,1.3105908670388275,1.3105908670388275,0.0,0
1.0,81.48457047539615,1.4475769515815595,1.4475769515815595,0.0,1.2686755185669052,1.2686755185669052,0.0,0
1.0,81.56797331109257,1.454332943645907,1.454332943645907,0.0,1.2330137592010602,1.2330137592010602,0.0,0
1.0,81.65137614678899,1.4604371777643708,1.4604371777643708,0.0,1.2027454060063514,1.2027454060063514,0.0,0
1.0,81.7347789824854,1.4659272036145712,1.4659272036145712,0.0,1.1771198770486333,1.1771198770486333,0.0,0
1.0,81.81818181818181,1.4708183122241556,1.4708183122241556,0.0,1.155505200920544,1.155505200920544,0.0,0
1.0,81.90158465387823,1.4751150439721787,1.4751150439721787,0.0,1.137378703892124,1.137378703892124,0.0,0
1.0,81.98498748957464,1.478818498892056,1.478818498892056,0.0,1.1223126602072466,1.1223126602072466,0.0,0
1.0,82.06839032527105,1.4819313935304181,1.4819313935304181,0.0,1.109960249997756,1.109960249997756,0.0,0
1.0,82.15179316096747,1.484462169955471,1.484462169955471,0.0,1.1000442446872667,1.1000442446872667,0.0,0
1.0,82.23519599666388,1.486429203122335,1.486429203122335,0.0,1.092350307202877,1.092350307202877,0.0,0
1.0,82.3185988323603,1.4878662436017795,1.4878662436017795,0.0,1.0867281733315894,1.0867281733315894,0.0,0
1.0,82.40200166805671,1.4548923785146683,1.4548923785146683,0.0,1.0486176930161086,1.0486176930161086,0.0,0
1.0,82.48540450375312,1.4554997284283213,1.4554997284283213,0.0,1.0487869226040183,1.0487869226040183,0.0,0
1.0,82.56880733944953,1.456170171089281,1.2622557790571693,-0.19391439203211158,1.052760613191642,0.9395609031610743,-0.11319971003056772,0
1.0,82.65221017514595,1.4573971011007636,1.30175415223664,-0.15564294886412355,1.0645161427479108,0.9764273334403083,-0.08808880930760254,0
1.0,82.73561301084236,1.4598727100318984,1.3402444227646064,-0.11962828726729202,1.0904796904740988,1.0133652733015188,-0.07711441717257994,0
1.0,82.81901584653878,1.4626123687572588,1.377658136761583,-0.08495423199567576,1.118090875221474,1.0502841333279491,-0.06780674189352487,0
1.0,82.9024186822352,1.4619562064388103,1.4139255362808822,-0.04803067015792806,1.1302395322996035,1.0870856603547134,-0.043153871944890065,0
1.0,82.9858215179316,1.45861296400045,1.4489749968467245,-0.009637967153725446,1.1324917528642,1.123662454201653,-0.008829298662547114,0
1.0,83.06922435362802,1.4536902003286054,1.4414067980806455,-0.012283402247959874,1.1341991427874343,1.1306804558755295,-0.0035186869119048225,1
1.0,83.15262718932443,1.4477861230945932,1.434772653326661,-0.013013469767932273,1.137168006524165,1.1329118205613746,-0.004256185962790315,1
1.0,83.23603002502084,1.4412316205134375,1.427625368661496,-0.013606251851941531,1.1415049780841955,1.1367638965617615,-0.004741081522434021,1
1.0,83.31943286071726,1.4342312843867868,1.4201450021490738,-0.014086282237713021,1.1470637621692779,1.141984891735799,-0.005078870433478766,1
1.0,83.40283569641367,1.426925757583887,1.4124548905702197,-0.014470867013667288,1.1536890881788313,1.148374949665661,-0.005314138513170308,1
1.0,83.48623853211008,1.4194205990638795,1.4046480962357588,-0.014772502828120704,1.1612494409406426,1.1557819186481288,-0.005467522292513793,1
1.0,83.5696413678065,1.4118007987057584,1.3968004444292264,-0.015000354276532013,1.1696326353619861,1.1640831432346235,-0.005549492127362665,1
1.0,83.65304420350292,1.4041387122903104,1.3889775938340465,-0.015161118456263889,1.1787364002418477,1.1731700359523038,-0.005566364289543824,1
1.0,83.73644703919932,1.396498750808615,1.3812392254057844,-0.01525952540283071,1.1884600052726249,1.1829366214935855,-0.005523383779039381,1
1.0,83.81984987489574,1.3889403490995151,1.3736417253751476,-0.015298623724367522,1.198697773627419,1.1932711640613074,-0.005426609566111518,1
1.0,83.90325271059216,1.3815199510059477,1.3662400102924688,-0.015279940713478934,1.2093343406078632,1.2040500475747666,-0.005284293033096521,1
1.0,83.98665554628856,1.3742923820168145,1.3590888087606963,-0.015203573256118208,1.220241429019038,1.215133383753021,-0.005108045266017047,1
1.0,84.07005838198498,1.367311799344285,1.3522435519059728,-0.015068247438312143,1.2312759905550383,1.2263620748307211,-0.004913915724317208,1
1.0,84.1534612176814,1.3606323152518334,1.3457609419495538,-0.014871373302279611,1.2422796444228383,1.237556234013541,-0.004723410409297246,1
1.0,84.23686405337781,1.3543083395958007,1.3396992271263364,-0.01460911246946428,1.2530793956275443,1.248514988642497,-0.004564406985047231,1
1.0,84.32026688907422,1.3052183032494309,1.3341181949803207,0.028899891730889804,1.2267922282289565,1.2590177805578433,0.0322255523288868,1
1.0,84.40366972477064,1.2999454331999576,1.3290788969681222,0.029133463768164614,1.2358582879342117,1.2688273511246009,0.03296906319038917,1
1.0,84.48707256046706,1.2952268035811574,1.324643130440937,0.029416326859779574,1.244029899119499,1.277694659827833,0.03366476070833402,1
1.0,84.57047539616346,1.2911161826752127,1.3208727244091065,0.02975654173389386,1.2511078169456622,1.2853660230493724,0.03425820610371022,1
1.0,84.65387823185988,1.2876658509338885,1.3178286963379278,0.03016284540403924,1.2569063610887472,1.2915927373661256,0.03468637627737836,1
1.0,84.7372810675563,1.2849258284091505,1.3155703602426614,0.030644531833510902,1.2612628669640529,1.2961433084562022,0.034880441492149306,1
1.0,84.8206839032527,1.2829430885670212,1.2726763694296308,-0.010266719137390412,1.2640475189702012,1.2517461818703468,-0.01230133709985437,1
1.0,84.90408673894912,1.2817608084432954,1.2726435259875237,-0.009117282455771702,1.2651728032200664,1.2505336866409407,-0.014639116579125755,1
1.0,84.98748957464554,1.281417689649462,1.2736097113786697,-0.007807978270792271,1.2646016057613867,1.2472500457007334,-0.017351560060653304,1
1.0,85.07089241034194,1.281947363959581,1.2756218541830862,-0.006325509776494931,1.2623528605804504,1.2419725327686562,-0.02038032781179422,1
1.0,85.15429524603836,1.283377877877653,1.2787203977875814,-0.0046574800900716085,1.2585037087795383,1.2348679374305949,-0.023635771348943457,1
1.0,85.23769808173478,1.2857312397700846,1.2829379725280952,-0.002793267241989472,1.2531874314399494,1.2261841372405948,-0.027003294199354544,1
1.0,85.32110091743118,1.2890230149549289,1.2882980495716734,-0.0007249653832555047,1.2465869601034878,1.216232838657307,-0.03035412144618088,1
1.0,85.4045037531276,1.2932619673815666,1.2948137218201297,0.0015517544385630355,1.2389244526791454,1.2053658585055265,-0.03355859417361895,1
1.0,85.48790658882402,1.298449764882025,1.3024867801226094,0.004037015240584418,1.2304480756756788,1.193948674334409,-0.03649940134126983,1
1.0,85.57130942452042,1.3045807798066777,1.3113072263828325,0.006726446576154732,1.2214175703970254,1.1823352979109025,-0.03908227248612284,1
1.0,85.65471226021684,1.3116420213195938,1.321253297083474,0.009611275763880212,1.2120902805780875,1.1708477856476915,-0.041242494930396,1
1.0,85.73811509591326,1.3196132276114019,1.3322919862008684,0.012678758589466543,1.2027090751928269,1.1597622733668378,-0.04294680182598909,1
1.0,85.82151793160966,1.328467128781637,1.3443799830436198,0.015912854261982856,1.1934931142003316,1.1493018695877193,-0.04419124461261226,1
1.0,85.90492076730608,1.3381698701940616,1.3574648962585463,0.019295026064484633,1.184631833988782,1.1396355241582226,-0.04499630983055947,1
1.0,85.9883236030025,1.3486815678773938,1.3714866241613937,0.02280505628399987,1.1762820207359292,1.1308813211573743,-0.04540069957855497,1
1.0,86.0717264386989,1.3599569560811084,1.386378746818568,0.02642179073745954,1.1685674860895532,1.123112499565798,-0.045454986523755236,1
1.0,86.15512927439532,1.371946083603502,1.4020698454438036,0.030123761840301633,1.161580685861739,1.1163647180785377,-0.04521596778320136,1
1.0,86.23853211009174,1.3845950188724212,1.4184846889137608,0.03388967004133958,1.155385602863263,1.1106434615639216,-0.0447421412993414,1
1.0,86.32193494578814,1.366154916496089,1.4355452581984953,0.06939034170240643,1.1072051716271487,1.105930888744276,-0.0012742828828726793,1
1.0,86.40533778148456,1.3805805124895028,1.4531716036521818,0.07259109116267903,1.1040069124980803,1.102191759703414,-0.0018151527946661528,1
1.0,86.48874061718098,1.395461525593118,1.4712825466601291,0.07582102106701116,1.1016306331182846,1.0993783274527196,-0.002252305665565002,1
1.0,86.57214345287738,1.4107333782265576,1.489796246957547,0.07906286873098933,1.1000536125597522,1.0974342331757716,-0.0026193793839806023,1
1.0,86.6555462885738,1.426330823071175,1.508630661531792,0.08229983846061684,1.0992446792936683,1.0962975283554932,-0.0029471509381751027,1
1.0,86.73894912427022,1.442188275982542,1.5277039219340147,0.08551564595147276,1.0991662269662812,1.095902980450848,-0.0032632465154331936,1
1.0,86.82235195996664,1.458240112758602,1.5234388579594558,0.06519874520085378,1.0997758950033698,1.0625496008582866,-0.03722629414508316,1
1.0,86.90575479566304,1.4744209429088135,1.5432682893420286,0.0688473464332151,1.1010279754454153,1.0645852859865061,-0.03644268945890916,1
1.0,86.98915763135946,1.490665872301303,1.5630621296561336,0.07239625735483046,1.1028746068201498,1.0670933869690928,-0.03578121985105698,1
1.0,87.07256046705588,1.506910764615625,1.5827436631303529,0.07583289851472785,1.1052668094713038,1.0700131559574997,-0.03525365351380416,1
1.0,87.15596330275228,1.5230925091107532,1.6022377586958112,0.07914524958505798,1.1081554071801858,1.0732862131824001,-0.03486919399778565,1
1.0,87.2393661384487,1.5391492995088392,1.6214711425404318,0.08232184303159262,1.1114918688999553,1.0768570586474349,-0.034634810252520465,1
1.0,87.32276897414512,1.5550209259569727,1.6403726963838117,0.08535177042683895,1.1152290931443756,1.0806735799065115,-0.0345555132378641,1
1.0,87.40617180984152,1.5706490792170913,1.658873778456045,0.08822469923895371,1.1193221468273704,1.0846875593838612,-0.034634587443509224,1
1.0,87.48957464553794,1.5859776636031617,1.676908561115364,0.09093089751220229,1.1237289607004817,1.0888551741110744,-0.03487378658940732,1
1.0,87.57297748123436,1.600953112889354,1.6944143765175341,0.09346126362818019,1.1284109754047063,1.09313747264936,-0.03527350275534635,1
1.0,87.65638031693076,1.6155247015979637,1.71133205988244,0.09580735828447628,1.1333337258578084,1.0975008083078528,-0.035832917549955656,1
1.0,87.73978315262718,1.629644842864126,1.727606278800943,0.09796143593681705,1.1384673474491824,1.1019172045251378,-0.03655014292404468,1
1.0,87.8231859883236,1.643269363554332,1.7431858367635222,0.09991647320919017,1.14378698539897,1.1063646273573127,-0.03742235804165728,1
1.0,87.90658882402,1.656357747526589,1.7580239396932877,0.10166619216669881,1.1492730885954543,1.1108271412094268,-0.03844594738602747,1
1.0,87.98999165971642,1.6688733388426982,1.772078415686839,0.10320507684414082,1.1549115710328053,1.1152949269197838,-0.03961664411302146,1
1.0,88.07339449541284,1.6807834983000345,1.7853118802986674,0.1045283819986329,1.160693827256404,1.1197641455871967,-0.040929681669207296,1
1.0,88.15679733110925,1.6920597087086466,1.7976918423793546,0.105632133670708,1.1666165924905225,1.1242366365461494,-0.04237995594437316,1
1.0,88.24020016680566,1.678348883080229,1.8091907484814238,0.1308418654011949,1.1490478981641759,1.1287194430251726,-0.020328455139003276,1
1.0,88.32360300250208,1.688395767860539,1.8197859669450227,0.13139019908448368,1.1556100884559308,1.1332241636798572,-0.022385924776073596,1
1.0,88.40700583819849,1.697733964819263,1.8294597157368475,0.13172575091758443,1.1622946124655797,1.137766131887871,-0.024528480577708844,1
1.0,88.4904086738949,1.7063520888041381,1.8381989407339636,0.13184685192982548,1.169114046760411,1.142363427114381,-0.026750619646030094,1
1.0,88.57381150959132,1.7142426727562743,1.845995153259391,0.13175248050311672,1.176083039527303,1.1470357237092483,-0.029047315818054642,1
1.0,88.65721434528773,1.7214020090828428,1.8528442371835356,0.13144222810069284,1.1832172629919067,1.1518029823383902,-0.03141428065351648,1
1.0,88.74061718098415,1.7278299686157137,1.8404303910221265,0.11260042240641277,1.190532239148217,1.135446359458704,-0.05508587968951284,1
1.0,88.82402001668056,1.7335298061287523,1.845439933139676,0.11191012701092373,1.1980420475976892,1.1403644513624112,-0.05767759623527802,1
1.0,88.90742285237697,1.7385079611182672,1.8495067013310804,0.1109987402128132,1.2057579244069467,1.145354625300731,-0.06040329910621578,1
1.0,88.99082568807339,1.7427738618191906,1.8526433659489658,0.10986950412977525,1.2136867620731573,1.1504163520578907,-0.06327041001526656,1
1.0,89.0742285237698,1.7463397393042555,1.8548660865516289,0.10852634724737342,1.2218295237787407,1.1555399412443443,-0.06628958253439632,1
1.0,89.15763135946621,1.74922045706794,1.856194376639754,0.10697391957181401,1.2301795909901618,1.1607043988360557,-0.06947519215410614,1
1.0,89.24103419516263,1.7514333598011658,1.8566510035482247,0.10521764374705889,1.2387210729338725,1.165875261369093,-0.07284581156477943,1
1.0,89.32443703085904,1.7529981431833304,1.85626192641979,0.10326378323645957,1.2474271202576948,1.171002501866206,-0.07642461839148873,1
1.0,89.40783986655545,1.7539367445215115,1.8550562726191597,0.10111952809764824,1.256258303693397,1.1760186521991018,-0.08023965149429513,1
1.0,89.49124270225187,1.754273252027721,1.8530663500252629,0.09879309799754177,1.2651611417923827,1.1808373511509394,-0.08432379064144335,1
1.0,89.57464553794829,1.754033828540303,1.8503276892241522,0.09629386068384926,1.2740668892032112,1.1853526056134296,-0.08871428358978162,1
1.0,89.6580483736447,1.7532466436913101,1.846879105486311,0.09363246179500084,1.2828907270078136,1.1894391379568818,-0.09345158905093176,1
1.0,89.74145120934111,1.7519418070560049,1.842762765238871,0.09082095818286606,1.2915315266584475,1.1929542712964072,-0.09857725536204032,1
1.0,89.82485404503753,1.750151293870351,1.8380242352028955,0.08787294133254453,1.2998723848504807,1.1957418497470933,-0.10413053510338743,1
1.0,89.90825688073394,1.7479088546243429,1.8327124842726856,0.08480362964834276,1.3077821420977915,1.1976386615781096,-0.11014348051968192,1
1.0,89.99165971643035,1.745249900310682,1.8268797988739993,0.08162989856331726,1.3151180944580947,1.198483675129488,-0.11663441932860663,1
1.0,90.07506255212677,1.7422113562516541,1.8205815632847346,0.07837020703308051,1.3217300750387553,1.1981300548407543,-0.12360002019800098,1
1.0,90.15846538782318,1.7388314789532717,1.813875850200258,0.07504437124698637,1.3274660071238689,1.1964593680856845,-0.13100663903818432,1
1.0,90.24186822351959,1.7102188971715586,1.8068227685453655,0.09660387137380688,1.299387415223633,1.193396661313241,-0.10599075391039214,1
1.0,90.325271059216,1.7063313267386533,1.799483531219775,0.09315220448112171,1.3017228529888634,1.1889243257524804,-0.11279852723638295,1
1.0,90.40867389491243,1.7022399622701831,1.7919192399703816,0.08967927770019846,1.3028047673405627,1.1830921575698288,-0.11971260977073395,1
1.0,90.49207673060883,1.697986919651079,1.7841894377548062,0.08620251810372714,1.3025930383254976,1.1760210659194719,-0.1265719724060257,1
1.0,90.57547956630525,1.6936136039717862,1.776350542100727,0.0827369381289409,1.3010906461407603,1.1678987130746536,-0.13319193306610666,1
1.0,90.65888240200167,1.689160065767149,1.768454328689288,0.07929426292213893,1.2983464799084374,1.158966918052136,-0.1393795618563014,1
1.0,90.74228523769807,1.6846643066255778,1.7467367112671042,0.06207240464152641,1.2944542761829851,1.1088416378203845,-0.18561263836260067,1
1.0,90.82568807339449,1.680161571608117,1.7393864307020743,0.05922485909395725,1.289547483462537,1.100237783857164,-0.18930969960537292,1
1.0,90.9090909090909,1.675683678077131,1.73209076113023,0.05640708305309916,1.2837905239410166,1.0919944403602326,-0.19179608358078393,1
1.0,90.99249374478731,1.6712584356882,1.7248672244791634,0.05360878879096331,1.277367548791271,1.0842947530729055,-0.19307279571836555,1
1.0,91.07589658048373,1.666909207515835,1.7177290058139527,0.05081979829811778,1.2704701818094921,1.077274351544276,-0.19319583026521614,1
1.0,91.15929941618015,1.6626546476519766,1.7106863280557727,0.04803168040379613,1.2632858113542142,1.071021214903838,-0.1922645964503762,1
1.0,91.24270225187655,1.6585086294503033,1.7037476537947458,0.04523902434444249,1.2559877275258613,1.0655800292701014,-0.19040769825575987,1
1.0,91.32610508757297,1.6544803561363468,1.6969205345895988,0.04244017845325199,1.2487279181034243,1.0609597272650932,-0.18776819083833107,1
1.0,91.40950792326939,1.650574626893702,1.6902120511092527,0.03963742421555061,1.241632789468716,1.0571426161559554,-0.18449017331276063,1
1.0,91.49291075896579,1.6467922200734788,1.6836289109472413,0.03683669087376251,1.2348016089990368,1.0540934614758912,-0.18070814752314557,1
1.0,91.57631359466221,1.643130351681136,1.6771773385225808,0.034046986841444804,1.2283071565610988,1.0517672583835194,-0.17653989817757942,1
1.0,91.65971643035863,1.6395831705259276,1.6708628891208377,0.03127971859491008,1.2221979414454456,1.0501150663163366,-0.17208287512910903,1
1.0,91.74311926605503,1.6361422590285477,1.6646902749618435,0.02854801593329581,1.2165013550692623,1.0490878924941396,-0.16741346257512268,1
1.0,91.82652210175145,1.632797118190936,1.6586632421630054,0.025866123972069444,1.211227235204386,1.0486389716415452,-0.16258826356284084,1
1.0,91.90992493744787,1.6295356246335275,1.6527845040893132,0.023248879455785687,1.2063714617615826,1.04872489236783,-0.15764656939375254,1
1.0,91.99332777314427,1.62634445557358,1.6470557211964336,0.020711265622853636,1.2019193482039436,1.049305969038294,-0.15261337916564965,1
1.0,92.07673060884069,1.623209483426114,1.641477514037607,0.01826803061149307,1.1978487135070248,1.050346155277879,-0.14750255822914582,1
1.0,92.16013344453711,1.597346924768429,1.6360494981324507,0.03870257336402161,1.166388843847751,1.051812698804546,-0.11457614504320501,1
1.0,92.24353628023351,1.5941998053662239,1.6307703328269527,0.03657052746072886,1.163546638221233,1.0536756653926191,-0.1098709728286138,1
1.0,92.32693911592993,1.5910391806084079,1.6256377793168992,0.03459859870849136,1.1609125356618344,1.0559074116170875,-0.10500512404474693,1
1.0,92.41034195162635,1.5878526962910349,1.6206487651835295,0.032796068892494645,1.1584637927994255,1.058482055375282,-0.0999817374241434,1
1.0,92.49374478732277,1.5846291059099609,1.615799454174445,0.03117034826448406,1.1561826555996066,1.0613749740769365,-0.09480768152267016,1
1.0,92.57714762301917,1.5813584831985452,1.611085320772828,0.02972683757428274,1.1540573671512933,1.06456234858973,-0.08949501856156328,1
1.0,92.66055045871559,1.578032375566184,1.5992595424527392,0.021227166886555127,1.1520827897229515,1.0601920617381193,-0.09189072798483222,1
1.0,92.74395329441201,1.5746438869825325,1.5948222618691204,0.020178374886587802,1.1502605788116493,1.064262743266929,-0.0859978355447204,1
1.0,92.82735613010841,1.5711876859538823,1.5904925698060097,0.019304883852127475,1.1485988937554048,1.0684912149599417,-0.0801076787954631,1
1.0,92.91075896580483,1.5676599433211051,1.586265009551091,0.018605066229985923,1.1471116935219012,1.072854444419016,-0.07425724910288523,1
1.0,92.99416180150125,1.5640582131920355,1.5821339489913888,0.018075735799353287,1.1458177269505665,1.0773286396174506,-0.06848908733311587,1
1.0,93.07756463719765,1.5603812760887488,1.5780937052103938,0.017712429121645057,1.1447393642628385,1.0818892629993129,-0.06285010126352564,1
1.0,93.16096747289407,1.5566289650840182,1.574138672764542,0.017509707680523734,1.1439014207459681,1.086511108888256,-0.05739031185771215,1
1.0,93.24437030859049,1.5528019934771664,1.5702634543134557,0.0174614608362893,1.1433300966879452,1.0911684366053243,-0.05216166008262091,1
1.0,93.3277731442869,1.5489017976851611,1.5664629919713544,0.017561194286193293,1.143052112186125,1.095835148930229,-0.04721696325589608,1
1.0,93.41117597998331,1.5449304031926383,1.562732697495689,0.017802294303050692,1.1430940666196647,1.1004850024008486,-0.04260906421881616,1
1.0,93.49457881567973,1.5408903160707879,1.559068579285442,0.0181782632146541,1.1434820123413967,1.1050918326446104,-0.038390179696786264,1
1.0,93.57798165137613,1.5367844385966756,1.5554673641779238,0.018682925581248178,1.1442412062677572,1.1096297747485089,-0.03461143151924828,1
1.0,93.66138448707255,1.5326160051138975,1.551926612254537,0.01931060714063948,1.145395991524085,1.114073455904536,-0.03132253561954901,1
1.0,93.74478732276897,1.5283885332657716,1.5484448233223724,0.020056290056600812,1.1469697606669784,1.118398135496534,-0.028571625170444426,1
1.0,93.82819015846538,1.5241057856944922,1.5450215344340947,0.020915748739602558,1.1489849577504536,1.122579766634735,-0.026405191115718596,1
1.0,93.9115929941618,1.519771737808862,1.541657408715238,0.021885670906375942,1.1514630847176357,1.1265949530034725,-0.024868131714163244,1
1.0,93.99499582985821,1.5153905479421441,1.5383543168209892,0.022963768878845103,1.15442468564079,1.1304207757797216,-0.024003909861068484,1
1.0,94.07839866555462,1.5109665269313213,1.5351154134434124,0.024148886512091128,1.157889288820132,1.1340344673035756,-0.02385482151655638,1
1.0,94.16180150125103,1.4762651921694812,1.5319452123050816,0.05568002013560047,1.1347608025235811,1.1374129112787597,0.002652108755178517,1
1.0,94.24520433694745,1.4713875756815902,1.528849663855591,0.05746208817400089,1.139110703436451,1.1405319540620102,0.0014212506255593116,1
1.0,94.32860717264386,1.4664722405502315,1.525836240266461,0.05936399971622941,1.1440012232711032,1.1433655191692644,-0.0006357041018387743,1
1.0,94.41201000834027,1.4615235386335168,1.5229140321075836,0.061390493474066776,1.1494457356794991,1.1458845293262931,-0.0035612063532060034,1
1.0,94.4954128440367,1.4565458003534757,1.5200938600484228,0.06354805969494715,1.1554553126029887,1.1480556597749327,-0.0073996528280559914,1
1.0,94.5788156797331,1.451543280521946,1.5173884027395463,0.06584512221760042,1.162038175860345,1.1498399761384321,-0.012198199721912939,1
1.0,94.66221851542952,1.4465200964436025,1.5087010569969002,0.06218096055329769,1.169199045346896,1.1350981840786403,-0.03410086126825562,1
1.0,94.74562135112593,1.441480158862561,1.506679052669826,0.06519889380726496,1.1769383933183777,1.1349832926800478,-0.041955100638329856,1
1.0,94.82902418682234,1.4364270969533113,1.5048853233572086,0.06845822640389732,1.1852516307734429,1.1342791483810162,-0.05097248239242669,1
1.0,94.91242702251876,1.43136417896291,1.5033460356863841,0.07198185672347424,1.1941282776224047,1.1329194128200268,-0.06120886480237786,1
1.0,94.99582985821517,1.4262942296295755,1.5020892742011964,0.0757950445716209,1.203551205283632,1.130834024024595,-0.07271718125903681,1
1.0,95.07923269391159,1.421219542831464,1.5011445000020154,0.07992495717055137,1.2134960885204522,1.1279533707454352,-0.08554271777501699,1
1.0,95.162635529608,1.416141780789382,1.5005416423365967,0.0843998615472148,1.223931256155801,1.1242144260331082,-0.09971683012269272,1
1.0,95.24603836530441,1.4110618361450173,1.5003097343354836,0.0892478981904663,1.234818166546463,1.1195687168015234,-0.11524944974493967,1
1.0,95.32944120100083,1.4059796063912977,1.5004750433377358,0.09449543694643814,1.2461127054903969,1.113991464039555,-0.13212124145084192,1
1.0,95.41284403669724,1.4008935896224466,1.501058727768625,0.10016513814617833,1.2577673286283193,1.1074905356575582,-0.15027679297076113,1
1.0,95.49624687239366,1.3958001634814108,1.5020741775663504,0.10627401408493964,1.2697336497539435,1.1001132089827286,-0.16962044077121496,1
1.0,95.57964970809007,1.3906923826525834,1.5035243441307313,0.11283196147814789,1.2819643950058315,1.0919484790739045,-0.19001591593192702,1
1.0,95.66305254378648,1.3855581792074645,1.5053994922325178,0.1198413130250533,1.294412961357096,1.0831231251312479,-0.21128983622584818,1
1.0,95.7464553794829,1.380378037905031,1.5076758461892428,0.12729780828421178,1.3070288145943914,1.0737910877004415,-0.23323772689394984,1
1.0,95.82985821517931,1.3751225439937265,1.5103155038968887,0.13519295990316227,1.3197483991405028,1.0641175921635027,-0.25563080697700014,1
1.0,95.91326105087572,1.369750506034538,1.5132677535322827,0.14351724749774464,1.3324839228927225,1.0542611320999167,-0.2782227907928059,1
1.0,95.99666388657214,1.364208360878461,1.5164716163160794,0.15226325543761843,1.3451144544958609,1.0443571035632015,-0.3007573509326593,1
1.0,96.08006672226855,1.314731167950067,1.5198591661028118,0.20512799815274474,1.3245221040739918,1.0345062236491007,-0.2900158804248911,1
1.0,96.16346955796496,1.3078610225376779,1.5233590400619237,0.2154980175242458,1.3363275203551528,1.0247692311956487,-0.3115582891595041,1
1.0,96.24687239366138,1.300543695823902,1.5268995869000992,0.22635589107619714,1.347284500571524,1.0151675486458451,-0.3321169519256788,1
1.0,96.3302752293578,1.292698070165277,1.5304112600977764,0.23771318993249935,1.357085818541559,1.0056883016343903,-0.3513975169071688,1
1.0,96.4136780650542,1.284247421969781,1.5338280749423832,0.24958065297260212,1.3653778707888726,0.9962916355394001,-0.3690862352494725,1
1.0,96.49708090075062,1.275125867311585,1.5370881367447697,0.2619622694331847,1.3717395142459219,0.9869184933697399,-0.384821020876182,1
1.0,96.58048373644704,1.2652890830452193,1.5533470377077754,0.2880579546625561,1.3756532238972712,0.9693027279691475,-0.40635049592812367,1
1.0,96.66388657214344,1.2547320209317827,1.5563231387653436,0.30159111783356085,1.3764734121948212,0.9605555099937334,-0.4159179022010878,1
1.0,96.74728940783986,1.2435168909920908,1.5589143559044696,0.31539746491237874,1.37340432658819,0.9515187029085014,-0.4218856236796885,1
1.0,96.83069224353628,1.231814230627067,1.5610742973438718,0.32926006671680486,1.3655141172702896,0.9421239745770532,-0.4233901426932364,1
1.0,96.91409507923268,1.2199563346748055,1.5627540842564898,0.3427977495816843,1.3518313239539739,0.9323031474942746,-0.4195281764596993,1
1.0,96.9974979149291,1.208492342733237,1.5639003353143528,0.3554079925811158,1.331580409048633,0.9219869313231797,-0.4095934777254533,1
1.0,97.08090075062552,1.1982159203228404,1.5644529939754959,0.36623707365265545,1.304573578767673,0.9111027034349777,-0.3934708753326954,1
1.0,97.16430358632192,1.190118124459972,1.56434285946527,0.37422473500529807,1.2716412473578416,0.8995710422631258,-0.3720702050947158,1
1.0,97.24770642201834,1.185227949899367,1.5634885890868906,0.3782606391875236,1.2348045643017114,0.8873003165842581,-0.34750424771745325,1
1.0,97.33110925771476,1.1843691314346323,1.5617927847933537,0.3774236533587214,1.196902466315655,0.8741778307525657,-0.32272463556308917,1
1.0,97.41451209341116,1.1879480046525126,1.5591364828204208,0.37118847816790823,1.1607521296479513,0.8600542932139846,-0.30069783643396664,1
1.0,97.49791492910758,1.195891342902767,1.5553707471576834,0.3594794042549163,1.128341569604344,0.8447142827999998,-0.2836272868043441,1
1.0,97.581317764804,1.2077496004735193,1.550302637764966,0.3425530372914467,1.1005224417072281,0.8278145307343238,-0.27270791097290437,1
1.0,97.6647206005004,1.222883362470879,1.5436690953598393,0.3207857328889603,1.0772517473006697,0.8087382776047749,-0.26851346969589485,1
1.0,97.74812343619682,1.2406494137132567,1.5350807667272237,0.29443135301396706,1.0581861483111958,0.7861855951691954,-0.27200055314200045,1
1.0,97.83152627189324,1.2605797858916103,1.5238714990096982,0.26329171311808786,1.0439363157030193,0.7566348805599751,-0.2873014351430442,1
1.0,97.91492910758966,1.2827903972280386,1.5084822010234202,0.22569180379538167,1.0453673579081995,0.7036536350684747,-0.3417137228397248,1
1.0,97.99833194328606,1.305847578115614,1.5057904099051336,0.19994283178951955,1.1696579151150504,1.029224868237824,-0.14043304687722635,1
1.0,98.08173477898248,1.3249925123621225,1.5185247914388467,0.1935322790767242,1.0945659036368869,0.9263130375306594,-0.16825286610622747,1
1.0,98.1651376146789,1.3421878204669258,1.5254519635380772,0.18326414307115146,1.0728505862692908,0.8842040407629886,-0.1886465455063021,1
1.0,98.2485404503753,1.3598326614808929,1.5297731249648516,0.16994046348395875,1.0620523766421037,0.8551204193944286,-0.2069319572476751,1
1.0,98.33194328607172,1.377543808220965,1.5323585244987987,0.15481471627783372,1.0555785040576027,0.8320270643914086,-0.22355143966619406,1
1.0,98.41534612176814,1.3950866019804589,1.5336087691544613,0.13852216717400245,1.0515176822279764,0.8124934314460386,-0.23902425078193779,1
1.0,98.49874895746454,1.4123016155248032,1.533751704479572,0.12145008895476894,1.049108029489947,0.7953760768347432,-0.2537319526552039,1
1.0,98.58215179316096,1.4290762453809909,1.5443851057292217,0.11530886034823085,1.0479895057357467,0.7782992781243672,-0.2696902276113795,1
1.0,98.66555462885738,1.4453303026222044,1.5425954644026654,0.09726516178046096,1.0479738772832357,0.7645835510121067,-0.2833903262711289,1
1.0,98.74895746455378,1.4610074208993005,1.5400171212883924,0.07900970038909194,1.0489572295525837,0.7519406232417469,-0.2970166063108368,1
1.0,98.8323603002502,1.4760693969316188,1.5367113708087878,0.060641973877169075,1.050881780458845,0.7401925635294466,-0.31068921692939844,1
1.0,98.91576313594662,1.4904922308330273,1.5327271992199507,0.04223496838692342,1.0537175416818994,0.7292095179793218,-0.3245080237025776,1
1.0,98.99916597164302,1.5042632568146903,1.5281049904147275,0.023841733600037163,1.057452899446606,0.7188938700937356,-0.3385590293528703,1
1.0,99.08256880733944,1.517379025518967,1.5228790565646833,0.00550003104571628,1.0620895624618163,0.709170387844078,-0.35291917461773825,1
1.0,99.16597164303586,1.5298437310946387,1.5170794750592784,-0.012764256035360244,1.0676398113848269,0.6999797515548588,-0.3676600598299681,1
1.0,99.24937447873226,1.541668046827616,1.5107334993845323,-0.03093454744308377,1.0741250515484089,0.6912741107032945,-0.3828509408451144,1
1.0,99.33277731442868,1.55286827415395,1.503866700581195,-0.04900157357275492,1.0815751648493683,0.6830139264120014,-0.3985612384373669,1
1.0,99.4161801501251,1.563465735035806,1.4965039347235378,-0.06696180031226828,1.0900284000070324,0.6751656726341418,-0.41486272737289054,1
1.0,99.4995829858215,1.5734863534276071,1.488670195848034,-0.08481615757957317,1.0995316664951924,0.6677001445051299,-0.4318315219900625,1
1.0,99.58298582151792,1.582960380970416,1.480391390656196,-0.10256899031421995,1.1101411654315287,0.6605912267281079,-0.44954993870342086,1
1.0,99.66638865721434,1.5919222264717796,1.4716950545046998,-0.12022717196707977,1.1219233276883478,0.6538150418429373,-0.46810828584541053,1
1.0,99.74979149291075,1.6004103484545549,1.4626110137687451,-0.13779933468580974,1.1349560475234697,0.6473494444191359,-0.4876066031043338,1
1.0,99.83319432860716,1.608467164581135,1.453171985039328,-0.15529517954180694,1.1493302029560724,0.6411738602106895,-0.5081563427453829,1
1.0,99.91659716430358,1.616138919748444,1.4434140849239936,-0.17272483482445034,1.1651514398672405,0.6352694909349627,-0.5298819489322778,1
1.0,100.0,1.6234754337688884,1.4302129499190013,-0.1932624838498871,1.1825421571897452,0.6290521275963785,-0.5534900295933667,1
