mode,k,alpha,gate,used,use_frac,neighbor_dist_med,base_pos_mean,method_pos_mean,base_pos_med,method_pos_med,base_pos_p95,method_pos_p95,pos_impr_mean_pct,pos_impr_med_pct,pos_success_frac,pos_unsafe_frac,base_vel_mean,method_vel_mean,base_vel_med,method_vel_med,base_vel_p95,method_vel_p95,vel_impr_mean_pct,vel_impr_med_pct,vel_success_frac,vel_unsafe_frac,any_unsafe_frac,both_success_frac,pos_ratio_p95,vel_ratio_p95
hybrid26,5,1.0,vr<-0.40,237,0.5511627906976744,2.1543533092658445,0.0256006014762614,0.018049763315149906,0.006870118122986404,0.0033311282184627037,0.09209041027083548,0.08315765584904232,29.4947685823442,51.51279557599979,0.4813953488372093,0.013953488372093023,0.1194582466397035,0.10423664411556338,0.02202055897654521,0.009795739549484029,0.5671814169533762,0.5778379425156239,12.742194827327246,55.51548187347206,0.49534883720930234,0.0069767441860465115,0.01627906976744186,0.4604651162790698,1.057846247546365,1.061044024457866
hybrid26,10,1.0,vr<-0.40,237,0.5511627906976744,2.438456032806942,0.0256006014762614,0.018749651369733084,0.006870118122986404,0.0035864443795690926,0.09209041027083548,0.08095676293176111,26.760895101941173,47.79646702770106,0.5,0.009302325581395349,0.1194582466397035,0.10554048921650586,0.02202055897654521,0.0103528600482839,0.5671814169533762,0.5897869588378712,11.650729702382812,52.9854802536527,0.4930232558139535,0.009302325581395349,0.009302325581395349,0.46744186046511627,1.0012182043124755,1.024033302134575
xrel18,10,1.0,vr<-0.40,237,0.5511627906976744,1.7872060966623877,0.0256006014762614,0.019107175278823618,0.006870118122986404,0.0033734710356095434,0.09209041027083548,0.07820316374989396,25.364350144112525,50.89646240109895,0.5023255813953489,0.013953488372093023,0.1194582466397035,0.1049084242260995,0.02202055897654521,0.010466805844522767,0.5671814169533762,0.580184196179874,12.179839251690627,52.46802837443276,0.5046511627906977,0.011627906976744186,0.013953488372093023,0.4813953488372093,1.0,1.0
xrel18,5,1.0,vr<-0.40,237,0.5511627906976744,1.6110585329736966,0.0256006014762614,0.018345523365974954,0.006870118122986404,0.003306631473393069,0.09209041027083548,0.07820316374989396,28.339483027435275,51.86936506477862,0.49534883720930234,0.013953488372093023,0.1194582466397035,0.10403443273744854,0.02202055897654521,0.010810887752473693,0.5671814169533762,0.6295630027658019,12.911468513994295,50.905479901810345,0.49767441860465117,0.0069767441860465115,0.013953488372093023,0.4720930232558139,1.0249896898404485,1.0157250818899077
xrel18,5,0.75,vr<-0.40,237,0.5511627906976744,1.6110585329736966,0.0256006014762614,0.01970910774239831,0.006870118122986404,0.0034014303865303012,0.09209041027083548,0.08047589101796748,23.01310670112997,50.48949194702175,0.5116279069767442,0.011627906976744186,0.1194582466397035,0.10633649322591782,0.02202055897654521,0.012015910620576609,0.5671814169533762,0.5890284672962156,10.984384739349174,45.43321705241391,0.5093023255813953,0.004651162790697674,0.011627906976744186,0.4906976744186046,1.0,1.0
xrel18,10,0.75,vr<-0.40,237,0.5511627906976744,1.7872060966623877,0.0256006014762614,0.020427526871051146,0.006870118122986404,0.0035245142468401,0.09209041027083548,0.07996691130462116,20.206847913347183,48.69790906436391,0.5162790697674419,0.0069767441860465115,0.1194582466397035,0.10740257607035943,0.02202055897654521,0.012216415181262433,0.5671814169533762,0.5611075912540632,10.091953388287234,44.52268357822105,0.513953488372093,0.0069767441860465115,0.009302325581395349,0.49767441860465117,1.0,1.0
hybrid26,20,1.0,vr<-0.40,237,0.5511627906976744,2.699501591446031,0.0256006014762614,0.01980027527917614,0.006870118122986404,0.004295565086609346,0.09209041027083548,0.08306652469372416,22.656991877568633,37.474654588004576,0.49767441860465117,0.0069767441860465115,0.1194582466397035,0.10696594210102393,0.02202055897654521,0.011328269281925344,0.5671814169533762,0.5676688237105167,10.457465173046987,48.55594131833146,0.5,0.009302325581395349,0.009302325581395349,0.4720930232558139,1.0242393035309325,1.0009271736689804
xrel18,20,1.0,vr<-0.40,237,0.5511627906976744,1.9851629258575794,0.0256006014762614,0.019970959706620446,0.006870118122986404,0.0037261700888872604,0.09209041027083548,0.08099084262511834,21.990271497570614,45.76264887760745,0.4883720930232558,0.018604651162790697,0.1194582466397035,0.10670931461992039,0.02202055897654521,0.011460906402498288,0.5671814169533762,0.5561995894826121,10.672291263603595,47.95360819538841,0.4813953488372093,0.018604651162790697,0.020930232558139535,0.4558139534883721,1.048059140821642,1.0740852713119207
hybrid26,5,0.75,vr<-0.40,237,0.5511627906976744,2.1543533092658445,0.0256006014762614,0.019460066526546974,0.006870118122986404,0.0039695091113288025,0.09209041027083548,0.08315765584904232,23.98590109458304,42.220657050314614,0.4930232558139535,0.002325581395348837,0.1194582466397035,0.10680767964108842,0.02202055897654521,0.012633273073789324,0.5671814169533762,0.568144271305268,10.589948667813864,42.6296440192757,0.5046511627906977,0.0069767441860465115,0.0069767441860465115,0.4697674418604651,1.0143980951778255,1.0
hybrid26,10,0.75,vr<-0.40,237,0.5511627906976744,2.438456032806942,0.0256006014762614,0.02019515815757128,0.006870118122986404,0.004391472591980576,0.09209041027083548,0.08095676293176111,21.114516874544563,36.0786450339572,0.5046511627906977,0.002325581395348837,0.1194582466397035,0.10816671904519155,0.02202055897654521,0.013402237450904155,0.5671814169533762,0.5814959070798464,9.452279697832989,39.137614693708265,0.5069767441860465,0.002325581395348837,0.002325581395348837,0.4813953488372093,1.0,1.0
hybrid26,40,1.0,vr<-0.40,237,0.5511627906976744,3.0099584426507997,0.0256006014762614,0.020871292565863078,0.006870118122986404,0.004604308081195147,0.09209041027083548,0.08436970830148592,18.473428894956445,32.98065624534446,0.5023255813953489,0.011627906976744186,0.1194582466397035,0.10860030032703089,0.02202055897654521,0.01220848319762671,0.5671814169533762,0.5520210780866776,9.089323356152324,44.5587043878843,0.4906976744186046,0.01627906976744186,0.01627906976744186,0.4744186046511628,1.0,1.0066756293998724
xrel18,20,0.75,vr<-0.40,237,0.5511627906976744,1.9851629258575794,0.0256006014762614,0.021167661989799132,0.006870118122986404,0.004149761616896206,0.09209041027083548,0.08317375389375167,17.315763032258392,39.59693934502065,0.5023255813953489,0.011627906976744186,0.1194582466397035,0.10905805552263288,0.02202055897654521,0.012958738621457137,0.5671814169533762,0.5547230809357608,8.706130727364936,41.15163636281941,0.4883720930232558,0.009302325581395349,0.018604651162790697,0.4744186046511628,1.0,1.0348077488388419
hybrid26,20,0.75,vr<-0.40,237,0.5511627906976744,2.699501591446031,0.0256006014762614,0.021081041352503084,0.006870118122986404,0.004787842949040765,0.09209041027083548,0.08391621830843216,17.65411694701453,30.309161162435515,0.5046511627906977,0.002325581395348837,0.1194582466397035,0.10952470790705006,0.02202055897654521,0.013966056616600915,0.5671814169533762,0.5532269516289946,8.315490149971705,36.57719301550609,0.5069767441860465,0.002325581395348837,0.004651162790697674,0.4790697674418605,1.0,1.0
xrel18,5,0.5,vr<-0.40,237,0.5511627906976744,1.6110585329736966,0.0256006014762614,0.02148836313783372,0.006870118122986404,0.004391218298435478,0.09209041027083548,0.08112539879439652,16.063053605364797,36.082346477521135,0.5186046511627908,0.004651162790697674,0.1194582466397035,0.11002792086243475,0.02202055897654521,0.015614332420215576,0.5671814169533762,0.5655935853327487,7.894244259009964,29.09202515319028,0.5162790697674419,0.0,0.004651162790697674,0.5,1.0,1.0
hybrid26,40,0.75,vr<-0.40,237,0.5511627906976744,3.0099584426507997,0.0256006014762614,0.02192754600605574,0.006870118122986404,0.005067152009254438,0.09209041027083548,0.08722153425505265,14.347535832748171,26.24359700162224,0.5093023255813953,0.0069767441860465115,0.1194582466397035,0.11087628112193859,0.02202055897654521,0.014471559600000235,0.5671814169533762,0.5516546996026765,7.184071220841592,34.28159741351548,0.5023255813953489,0.0069767441860465115,0.0069767441860465115,0.48372093023255813,1.0,1.0
xrel18,10,0.5,vr<-0.40,237,0.5511627906976744,1.7872060966623877,0.0256006014762614,0.0220276840824455,0.006870118122986404,0.004533428459099199,0.09209041027083548,0.08315765584904232,13.956380662106504,34.01236517417343,0.5186046511627908,0.004651162790697674,0.1194582466397035,0.11093817928552302,0.02202055897654521,0.015966971197615008,0.5671814169533762,0.5573465924098499,7.132255489968598,27.490618132709834,0.5186046511627908,0.0,0.004651162790697674,0.5023255813953489,1.0,1.0
hybrid26,5,0.75,full,430,1.0,2.1543533092658445,0.0256006014762614,0.018649044021050096,0.006870118122986404,0.003732433050970273,0.09209041027083548,0.07577637940622281,27.153883324410387,45.67148651371653,0.8302325581395349,0.03255813953488372,0.1194582466397035,0.10518560098521408,0.02202055897654521,0.012052903958038746,0.5671814169533762,0.5230379790670647,11.947811102181138,45.26522250921662,0.7790697674418605,0.06279069767441861,0.07209302325581396,0.7186046511627907,1.5995538457253426,2.2216654287473343
xrel18,40,0.75,vr<-0.40,237,0.5511627906976744,2.2179227917402384,0.0256006014762614,0.02200926614461367,0.006870118122986404,0.0045075355253613465,0.09209041027083548,0.08634688614510999,14.02832404144041,34.389257292683276,0.4744186046511628,0.030232558139534883,0.1194582466397035,0.1109308785382809,0.02202055897654521,0.013791845448559678,0.5671814169533762,0.5583005862825156,7.138367037264393,37.36832265134683,0.44883720930232557,0.03255813953488372,0.03953488372093023,0.43953488372093025,1.3157985928370814,1.6236640056458929
hybrid26,5,0.5,vr<-0.40,237,0.5511627906976744,2.1543533092658445,0.0256006014762614,0.021303822597364772,0.006870118122986404,0.004886771046853757,0.09209041027083548,0.08315765584904232,16.78389815520893,28.869184497667653,0.5093023255813953,0.0,0.1194582466397035,0.11047677567896398,0.02202055897654521,0.016881846955893787,0.5671814169533762,0.5671569992678298,7.518502249433157,23.335974468789942,0.5116279069767442,0.002325581395348837,0.002325581395348837,0.4883720930232558,1.0,1.0
xrel18,20,0.5,vr<-0.40,237,0.5511627906976744,1.9851629258575794,0.0256006014762614,0.022549694252365575,0.006870118122986404,0.004865173231842403,0.09209041027083548,0.08651612889711258,11.917326343776846,29.183557767889756,0.5046511627906977,0.002325581395348837,0.1194582466397035,0.11216240333715856,0.02202055897654521,0.016757989140794065,0.5671814169533762,0.5532938556233453,6.107442146334064,23.89843891499972,0.5,0.002325581395348837,0.004651162790697674,0.4790697674418605,1.0,1.002117467715341
xrel18,40,1.0,vr<-0.40,237,0.5511627906976744,2.2179227917402384,0.0256006014762614,0.021032500419691996,0.006870118122986404,0.004279336016791521,0.09209041027083548,0.08391621830843216,17.84372551092307,37.71088152802653,0.4558139534883721,0.037209302325581395,0.1194582466397035,0.1089325341142698,0.02202055897654521,0.013177183800494832,0.5671814169533762,0.5610437197247928,8.811206276265015,40.15963075900905,0.43953488372093025,0.04883720930232558,0.053488372093023255,0.42093023255813955,1.651439892391182,1.9265769848395513
hybrid26,10,0.5,vr<-0.40,237,0.5511627906976744,2.438456032806942,0.0256006014762614,0.021884431189827993,0.006870118122986404,0.005348637803062092,0.09209041027083548,0.08315765584904232,14.515949126739425,22.146348762675018,0.5186046511627908,0.0,0.1194582466397035,0.1115693410962386,0.02202055897654521,0.01710495460311017,0.5671814169533762,0.5547353180927965,6.603902003734019,22.32279561418401,0.5093023255813953,0.0,0.0,0.4906976744186046,1.0,1.0
hybrid26,5,1.0,full,430,1.0,2.1543533092658445,0.0256006014762614,0.017236931422597287,0.006870118122986404,0.0031586350008867203,0.09209041027083548,0.07401455976493719,32.66981856430002,54.02357071098396,0.8023255813953488,0.06976744186046512,0.1194582466397035,0.10327798200396625,0.02202055897654521,0.00988359206818798,0.5671814169533762,0.5278079930320081,13.544702932513609,55.11652506770921,0.7558139534883721,0.08372093023255814,0.11627906976744186,0.6906976744186046,2.227938993750138,2.81095640617283
hybrid26,10,0.75,full,430,1.0,2.438456032806942,0.0256006014762614,0.01951752638341249,0.006870118122986404,0.00421705319740145,0.09209041027083548,0.07535181630755608,23.761453802128617,38.61745719783462,0.8372093023255814,0.02558139534883721,0.1194582466397035,0.10868986525885209,0.02202055897654521,0.013316547379223566,0.5671814169533762,0.5690302397648799,9.014347425782832,39.526751371718404,0.7441860465116279,0.06279069767441861,0.06511627906976744,0.6883720930232559,1.4836091389922845,2.6374746518972962
hybrid26,10,1.0,full,430,1.0,2.438456032806942,0.0256006014762614,0.01806676888632169,0.006870118122986404,0.0036079064241916216,0.09209041027083548,0.07328449949071163,29.42834213065496,47.48407000281265,0.8023255813953488,0.05116279069767442,0.1194582466397035,0.10709643175704353,0.02202055897654521,0.010594959187775099,0.5671814169533762,0.5822764815277538,10.348230641576617,51.886057029432706,0.713953488372093,0.09069767441860466,0.10697674418604651,0.6581395348837209,1.9629633702111537,3.378435760586847
hybrid26,80,1.0,vr<-0.40,237,0.5511627906976744,3.2987614530742686,0.0256006014762614,0.021924342955424097,0.006870118122986404,0.005124746983016654,0.09209041027083548,0.08708419695778304,14.36004745531536,25.405256630595552,0.4511627906976744,0.023255813953488372,0.1194582466397035,0.11034221011280168,0.02202055897654521,0.013523289742968455,0.5671814169533762,0.556346822215304,7.631148776523222,38.587890718975224,0.4325581395348837,0.053488372093023255,0.053488372093023255,0.41627906976744183,1.4240587922114494,2.1047390434818563
hybrid26,20,0.5,vr<-0.40,237,0.5511627906976744,2.699501591446031,0.0256006014762614,0.022508926666856163,0.006870118122986404,0.005740188480772342,0.09209041027083548,0.08566775441465538,12.07657098319368,16.44701913397214,0.5162790697674419,0.0,0.1194582466397035,0.11258256061806192,0.02202055897654521,0.01748213766463573,0.5671814169533762,0.5523743458331465,5.755723204593188,20.60992782582628,0.5162790697674419,0.002325581395348837,0.002325581395348837,0.4930232558139535,1.0,1.0
hybrid26,80,0.75,vr<-0.40,237,0.5511627906976744,3.2987614530742686,0.0256006014762614,0.02274457792414849,0.006870118122986404,0.005459363307521724,0.09209041027083548,0.0873357806698058,11.156079886487069,20.53465151850158,0.4627906976744186,0.013953488372093023,0.1194582466397035,0.11227623246152824,0.02202055897654521,0.015581735581662093,0.5671814169533762,0.5550900893972036,6.0121543553513295,29.240054268110583,0.44651162790697674,0.027906976744186046,0.03255813953488372,0.4325581395348837,1.2558302641463646,1.7472512557536999
xrel18,40,0.5,vr<-0.40,237,0.5511627906976744,2.2179227917402384,0.0256006014762614,0.023123329934452104,0.006870118122986404,0.005388678629761279,0.09209041027083548,0.08763546870286056,9.676614606521605,21.563522878426888,0.4883720930232558,0.004651162790697674,0.1194582466397035,0.11346882428458158,0.02202055897654521,0.017375044577678755,0.5671814169533762,0.5556954260873921,5.013820747919184,21.096260107722685,0.4558139534883721,0.01627906976744186,0.01627906976744186,0.4441860465116279,1.1633882875192583,1.3722489522299468
hybrid26,5,0.5,full,430,1.0,2.1543533092658445,0.0256006014762614,0.0206506938847995,0.006870118122986404,0.004748922419076047,0.09209041027083548,0.08095620978784597,19.335122247232306,30.87568024213656,0.8674418604651163,0.01627906976744186,0.1194582466397035,0.10880632796572888,0.02202055897654521,0.016401466726417128,0.5671814169533762,0.5220315397851801,8.916855029776006,25.517482349622245,0.8116279069767441,0.03488372093023256,0.04186046511627907,0.7627906976744186,1.2674694662987458,1.767225324022514
hybrid26,40,0.5,vr<-0.40,237,0.5511627906976744,3.0099584426507997,0.0256006014762614,0.023087674910074366,0.006870118122986404,0.005844634975569422,0.09209041027083548,0.0875143349380921,9.81588877322741,14.926717838895176,0.5232558139534884,0.002325581395348837,0.1194582466397035,0.11352250424959065,0.02202055897654521,0.017957110946773196,0.5671814169533762,0.5556344574793237,4.968884574386534,18.452974032585267,0.5116279069767442,0.004651162790697674,0.004651162790697674,0.5023255813953489,1.0,1.0
xrel18,5,0.25,vr<-0.40,237,0.5511627906976744,1.6110585329736966,0.0256006014762614,0.023486861234191428,0.006870118122986404,0.00588147776841831,0.09209041027083548,0.0863220064028166,8.256603830304432,14.390441865333415,0.5302325581395348,0.0,0.1194582466397035,0.11448199235355752,0.02202055897654521,0.01872757446951382,0.5671814169533762,0.5627524455380134,4.165685020603727,14.954136770727978,0.5255813953488372,0.0,0.0,0.5116279069767442,1.0,1.0
xrel18,10,0.25,vr<-0.40,237,0.5511627906976744,1.7872060966623877,0.0256006014762614,0.023773326455400222,0.006870118122986404,0.006129555274137384,0.09209041027083548,0.08799452031675879,7.137625350543231,10.779477668239878,0.5325581395348837,0.0,0.1194582466397035,0.11501354265713382,0.02202055897654521,0.018436090229233613,0.5671814169533762,0.5538345428584103,3.7207175792352776,16.277828147457683,0.5279069767441861,0.0,0.0,0.5162790697674419,1.0,1.0
hybrid26,20,1.0,full,430,1.0,2.699501591446031,0.0256006014762614,0.019104502706863515,0.006870118122986404,0.004117113037113656,0.09209041027083548,0.08048192474266905,25.37478963305415,40.072165231942634,0.7976744186046512,0.037209302325581395,0.1194582466397035,0.10734326490944261,0.02202055897654521,0.011674917376535593,0.5671814169533762,0.5676688237105167,10.141603506705344,46.98173925116562,0.7116279069767442,0.10697674418604651,0.11162790697674418,0.6395348837209303,1.7143499261449948,3.2904173307185576
hybrid26,10,0.5,full,430,1.0,2.438456032806942,0.0256006014762614,0.021341784992252425,0.006870118122986404,0.00484541065904566,0.09209041027083548,0.0817811138250194,16.63561103420963,29.47121763694821,0.8697674418604651,0.018604651162790697,0.1194582466397035,0.1113907237118041,0.02202055897654521,0.017036117300990812,0.5671814169533762,0.5555447983802612,6.753424861685575,22.635400313241284,0.7767441860465116,0.046511627906976744,0.046511627906976744,0.7302325581395349,1.1986798955869504,1.873002296710092
hybrid26,20,0.75,full,430,1.0,2.699501591446031,0.0256006014762614,0.02044355125084092,0.006870118122986404,0.004647810293459004,0.09209041027083548,0.07904210534994113,20.14425415044424,32.3474471580319,0.8302325581395349,0.023255813953488372,0.1194582466397035,0.10938376892507007,0.02202055897654521,0.013991131895184292,0.5671814169533762,0.5522609070825643,8.433471943564463,36.463320889870744,0.7511627906976744,0.07441860465116279,0.08139534883720931,0.686046511627907,1.3593635573565852,2.3852657200244316
hybrid26,5,0.25,vr<-0.40,237,0.5511627906976744,2.1543533092658445,0.0256006014762614,0.023382488006415812,0.006870118122986404,0.006362809848295981,0.09209041027083548,0.08527995327714057,8.664302172362515,7.384272957302496,0.5162790697674419,0.0,0.1194582466397035,0.11476033122765852,0.02202055897654521,0.018907648104022415,0.5671814169533762,0.5462492117014293,3.9326840500298776,14.136384438916616,0.5209302325581395,0.0,0.0,0.49767441860465117,1.0,1.0
xrel18,20,0.25,vr<-0.40,237,0.5511627906976744,1.9851629258575794,0.0256006014762614,0.024039761153407738,0.006870118122986404,0.006373710061493218,0.09209041027083548,0.08962823646005454,6.096889263718975,7.225611737770232,0.5255813953488372,0.0,0.1194582466397035,0.11567455207891052,0.02202055897654521,0.018951985605150896,0.5671814169533762,0.5529072252526362,3.1673782825600516,13.935038500442909,0.5069767441860465,0.0,0.0,0.4930232558139535,1.0,1.0
hybrid26,80,0.5,vr<-0.40,237,0.5511627906976744,3.2987614530742686,0.0256006014762614,0.02364133773296181,0.006870118122986404,0.00606596137824,0.09209041027083548,0.08962823646005454,7.653194184192702,11.705137092997187,0.4790697674418605,0.009302325581395349,0.1194582466397035,0.1144831940122533,0.02202055897654521,0.018279257085809703,0.5671814169533762,0.5590435871609729,4.164679097003143,16.990040510417938,0.4511627906976744,0.013953488372093023,0.013953488372093023,0.4418604651162791,1.114214255888984,1.4175763131983483
hybrid26,10,0.25,vr<-0.40,237,0.5511627906976744,2.438456032806942,0.0256006014762614,0.023702706258210946,0.006870118122986404,0.006372713557853815,0.09209041027083548,0.08827461004225295,7.413479014586077,7.240116635962146,0.5325581395348837,0.0,0.1194582466397035,0.11536606104456978,0.02202055897654521,0.01920241888323721,0.5671814169533762,0.5535777908602705,3.4256200055205133,12.797768196119307,0.5209302325581395,0.0,0.0,0.5069767441860465,1.0,1.0
hybrid26,20,0.25,vr<-0.40,237,0.5511627906976744,2.699501591446031,0.0256006014762614,0.02402521398370261,0.006870118122986404,0.0065768527174180766,0.09209041027083548,0.08962823646005454,6.153712810300938,4.2687097997209715,0.5302325581395348,0.0,0.1194582466397035,0.11592249531944358,0.02202055897654521,0.01927974242853299,0.5671814169533762,0.5578866712613492,2.9598218789566366,12.446625677992774,0.5232558139534884,0.0,0.0,0.5069767441860465,1.0,1.0
xrel18,40,0.25,vr<-0.40,237,0.5511627906976744,2.2179227917402384,0.0256006014762614,0.024328427592225477,0.006870118122986404,0.006520137767402009,0.09209041027083548,0.08962823646005454,4.969312479691412,5.094240729477595,0.5093023255813953,0.002325581395348837,0.1194582466397035,0.11634380396777323,0.02202055897654521,0.019237799680134293,0.5671814169533762,0.5600994854655221,2.6071391130691013,12.637096539533443,0.46744186046511627,0.002325581395348837,0.002325581395348837,0.46511627906976744,1.0,1.1628943614973566
hybrid26,40,0.25,vr<-0.40,237,0.5511627906976744,3.0099584426507997,0.0256006014762614,0.024318872880765306,0.006870118122986404,0.0065768527174180766,0.09209041027083548,0.08962823646005454,5.006634694441059,4.2687097997209715,0.5325581395348837,0.0,0.1194582466397035,0.11640577069915749,0.02202055897654521,0.01927974242853299,0.5671814169533762,0.5612613631094745,2.5552659832288938,12.446625677992774,0.5162790697674419,0.002325581395348837,0.002325581395348837,0.5116279069767442,1.0,1.0
hybrid26,80,0.25,vr<-0.40,237,0.5511627906976744,3.2987614530742686,0.0256006014762614,0.024597467731687847,0.006870118122986404,0.006616630567411758,0.09209041027083548,0.08976482121689992,3.918399126300709,3.689711749300395,0.4930232558139535,0.004651162790697674,0.1194582466397035,0.11689336687909206,0.02202055897654521,0.01950552627600619,0.5671814169533762,0.563075639669192,2.1470930913186304,11.42129363390757,0.45813953488372094,0.004651162790697674,0.004651162790697674,0.44883720930232557,1.0234377900115867,1.1904372807972168
xrel18,80,0.25,vr<-0.40,237,0.5511627906976744,2.498566192929773,0.0256006014762614,0.024591969912874177,0.006870118122986404,0.0065768527174180766,0.09209041027083548,0.09132465108047114,3.9398744764746696,4.2687097997209715,0.4744186046511628,0.004651162790697674,0.1194582466397035,0.11696766917041142,0.02202055897654521,0.019416836402880028,0.5671814169533762,0.5592899364290053,2.0848937091834996,11.82405304260663,0.43488372093023253,0.0069767441860465115,0.0069767441860465115,0.43488372093023253,1.131547540866266,1.578302652059916
hybrid26,5,0.25,full,430,1.0,2.1543533092658445,0.0256006014762614,0.022999358851780054,0.006870118122986404,0.006002713647483889,0.09209041027083548,0.08516192619316101,10.160865270659336,12.625757810485194,0.9023255813953488,0.004651162790697674,0.1194582466397035,0.1136056488076339,0.02202055897654521,0.019502523022844963,0.5671814169533762,0.5305235619089407,4.899283219618611,11.43493203956487,0.8418604651162791,0.01627906976744186,0.018604651162790697,0.8046511627906977,1.0614471098438907,1.3000542142009748
hybrid26,20,0.5,full,430,1.0,2.699501591446031,0.0256006014762614,0.022014002303454454,0.006870118122986404,0.005431683526589215,0.09209041027083548,0.08231335397521253,14.009823855633552,20.937552610404165,0.8744186046511628,0.013953488372093023,0.1194582466397035,0.11214338861085615,0.02202055897654521,0.017782577462772384,0.5671814169533762,0.5516924651014893,6.123359612760426,19.24556737313904,0.7906976744186046,0.044186046511627906,0.04883720930232558,0.727906976744186,1.1367398493738758,1.7585565739995466
hybrid26,40,0.75,full,430,1.0,3.0099584426507997,0.0256006014762614,0.021420211203658508,0.006870118122986404,0.004897350940525989,0.09209041027083548,0.08270302006772758,16.329265843535868,28.715185782029373,0.8348837209302326,0.037209302325581395,0.1194582466397035,0.11088302578318963,0.02202055897654521,0.01458841821543189,0.5671814169533762,0.5529746546997991,7.178425180119619,33.7509178083514,0.7116279069767442,0.08837209302325581,0.09534883720930233,0.6697674418604651,1.520176169053368,3.039750949016232
xrel18,80,0.75,vr<-0.40,237,0.5511627906976744,2.498566192929773,0.0256006014762614,0.022809198742763447,0.006870118122986404,0.005027526076348016,0.09209041027083548,0.0871283980388531,10.903660744402154,26.82038377874969,0.4325581395348837,0.053488372093023255,0.1194582466397035,0.11273537981781823,0.02202055897654521,0.015608652856141027,0.5671814169533762,0.5531018372909424,5.627796331350843,29.117817250841384,0.4186046511627907,0.08139534883720931,0.08372093023255814,0.40930232558139534,2.394903772524748,2.78794469283987
xrel18,80,1.0,vr<-0.40,237,0.5511627906976744,2.498566192929773,0.0256006014762614,0.02207288216808409,0.006870118122986404,0.004790842693247905,0.09209041027083548,0.08391621830843216,13.779829788172936,30.26549751425014,0.4069767441860465,0.07674418604651163,0.1194582466397035,0.11115083889212327,0.02202055897654521,0.014299037701380803,0.5671814169533762,0.5539528675559459,6.954235459889269,35.0650557208327,0.3953488372093023,0.09767441860465116,0.10232558139534884,0.3813953488372093,3.0292262249839887,3.4004685388003386
compact5,5,1.0,vr<-0.40,237,0.5511627906976744,0.12291129983670182,0.0256006014762614,0.02698255537223392,0.006870118122986404,0.006545084351912827,0.09209041027083548,0.11684347534107294,-5.398130576166182,4.731123472041365,0.2441860465116279,0.004651162790697674,0.1194582466397035,0.1210695745362579,0.02202055897654521,0.020679344817539712,0.5671814169533762,0.529331550320014,-1.3488628385902146,6.090736208985725,0.2372093023255814,0.0,0.004651162790697674,0.16744186046511628,1.7638821148657966,1.7547881947565505
hybrid26,10,0.25,full,430,1.0,2.438456032806942,0.0256006014762614,0.023387991822029462,0.006870118122986404,0.006196662716086708,0.09209041027083548,0.08576090057747804,8.642803397738986,9.80267580329388,0.9069767441860465,0.004651162790697674,0.1194582466397035,0.11492557339500131,0.02202055897654521,0.019594318178940605,0.5671814169533762,0.5552732378006511,3.7943577544488183,11.018070886342478,0.8162790697674419,0.023255813953488372,0.023255813953488372,0.7837209302325582,1.0541830714424976,1.235860549865472
hybrid26,40,1.0,full,430,1.0,3.0099584426507997,0.0256006014762614,0.02031107113842539,0.006870118122986404,0.004571012737307199,0.09209041027083548,0.08285992164719058,20.661742431094122,33.46529629507733,0.8046511627906977,0.04883720930232558,0.1194582466397035,0.10896884192600212,0.02202055897654521,0.012858495739193787,0.5671814169533762,0.5537957258672255,8.780812550629802,41.60686042125553,0.6744186046511628,0.11162790697674418,0.12325581395348838,0.6325581395348837,1.9707177774387739,4.129048802436652
compact8,40,1.0,vr<-0.40,237,0.5511627906976744,1.2133068420910154,0.0256006014762614,0.0259420429377922,0.006870118122986404,0.006507035048193904,0.09209041027083548,0.10884778966249092,-1.3337243730285442,5.284961165044266,0.23255813953488372,0.0,0.1194582466397035,0.11627263589670732,0.02202055897654521,0.02142599509268192,0.5671814169533762,0.5281163780151021,2.6667148000290575,2.700039924039055,0.2441860465116279,0.0,0.0,0.1697674418604651,1.4371022264174447,1.4318863040630256
compact5,80,0.75,vr<-0.40,237,0.5511627906976744,0.7439075106544599,0.0256006014762614,0.025159879215391166,0.006870118122986404,0.006520137767402009,0.09209041027083548,0.10777397627128052,1.7215308838696597,5.094240729477595,0.26744186046511625,0.0,0.1194582466397035,0.11854148941482533,0.02202055897654521,0.021604882772587274,0.5671814169533762,0.5546413644473395,0.7674289977176674,1.88767326206698,0.2534883720930233,0.0,0.0,0.1883720930232558,1.5203412809606172,1.5184110665882957
compact8,20,0.75,vr<-0.40,237,0.5511627906976744,0.8330760103900816,0.0256006014762614,0.02570419629042311,0.006870118122986404,0.00655883205555746,0.09209041027083548,0.10464344975261859,-0.4046577353183478,4.531014778150988,0.2372093023255814,0.0,0.1194582466397035,0.11644930297925987,0.02202055897654521,0.021580022028620548,0.5671814169533762,0.5619279681920962,2.5188245643005813,2.0005711407866222,0.24883720930232558,0.0,0.0,0.17209302325581396,1.3409783840508034,1.3193190694277095
hybrid26,20,0.25,full,430,1.0,2.699501591446031,0.0256006014762614,0.023743920968962617,0.006870118122986404,0.006241567186885592,0.09209041027083548,0.08715454144047971,7.252487833226972,9.149055734540767,0.913953488372093,0.0069767441860465115,0.1194582466397035,0.11546401206275013,0.02202055897654521,0.019569278247259417,0.5671814169533762,0.5578866712613492,3.3436239768363074,11.131782494244257,0.8162790697674419,0.027906976744186046,0.027906976744186046,0.772093023255814,1.0376588606017731,1.3729234732716789
compact5,5,0.75,vr<-0.40,237,0.5511627906976744,0.12291129983670182,0.0256006014762614,0.026005141951055123,0.006870118122986404,0.0065768527174180766,0.09209041027083548,0.11075546952896764,-1.5801991026220152,4.2687097997209715,0.2627906976744186,0.004651162790697674,0.1194582466397035,0.11959740062745637,0.02202055897654521,0.021246594860760977,0.5671814169533762,0.5669001849772629,-0.11648755248565568,3.5147341927541653,0.24883720930232558,0.0,0.004651162790697674,0.1813953488372093,1.5673418228806508,1.556489718044426
compact8,40,0.75,vr<-0.40,237,0.5511627906976744,1.2133068420910154,0.0256006014762614,0.02543606403145568,0.006870118122986404,0.00655653928409582,0.09209041027083548,0.10323512616095522,0.6427092932105083,4.564387879174814,0.2372093023255814,0.0,0.1194582466397035,0.11662435999856947,0.02202055897654521,0.021773539831662796,0.5671814169533762,0.555251861380751,2.3722821327532784,1.1217660057835976,0.2558139534883721,0.0,0.0,0.17674418604651163,1.3189732689037375,1.2943557138287463
compact5,40,0.5,vr<-0.40,237,0.5511627906976744,0.532133149272517,0.0256006014762614,0.025161443350797362,0.006870118122986404,0.006520137767402009,0.09209041027083548,0.10171658576150035,1.715421123489047,5.094240729477595,0.26976744186046514,0.0,0.1194582466397035,0.11846468967754406,0.02202055897654521,0.02187171295704516,0.5671814169533762,0.5502630288692635,0.8317190232634997,0.6759411496256251,0.25116279069767444,0.0,0.0,0.2,1.3361112987452017,1.3323922057487225
compact5,80,0.5,vr<-0.40,237,0.5511627906976744,0.7439075106544599,0.0256006014762614,0.02506341475448288,0.006870118122986404,0.006520137767402009,0.09209041027083548,0.10237260522919792,2.098336331185946,5.094240729477595,0.27674418604651163,0.0,0.1194582466397035,0.11837989914880816,0.02202055897654521,0.021890565812563136,0.5671814169533762,0.553894427002998,0.902698240790134,0.5903263587474394,0.2627906976744186,0.0,0.0,0.20232558139534884,1.333006211490807,1.3311052775705845
compact8,5,0.5,vr<-0.40,237,0.5511627906976744,0.4069519407721537,0.0256006014762614,0.025794125728425547,0.006870118122986404,0.006588236133147588,0.09209041027083548,0.10088283280637723,-0.7559363491658422,4.103015185367475,0.2651162790697674,0.0,0.1194582466397035,0.11704570274613639,0.02202055897654521,0.021797049859187727,0.5671814169533762,0.5353543516126766,2.019570821965566,1.0150020151420636,0.24883720930232558,0.0,0.0,0.18372093023255814,1.3269245222321966,1.2864270129543154
compact5,5,0.5,vr<-0.40,237,0.5511627906976744,0.12291129983670182,0.0256006014762614,0.025555786122186928,0.006870118122986404,0.006425308492766488,0.09209041027083548,0.10529003888744104,0.17505586388674166,6.474555782842351,0.26976744186046514,0.0,0.1194582466397035,0.11887859542766914,0.02202055897654521,0.022129126902656768,0.5671814169533762,0.5334824554190002,0.48523331652660096,-0.49302983737695705,0.26046511627906976,0.0,0.0,0.1930232558139535,1.3673228683497547,1.3578183383507625
compact8,10,0.75,vr<-0.40,237,0.5511627906976744,0.5986747657943583,0.0256006014762614,0.025991026356812313,0.006870118122986404,0.006604294780655926,0.09209041027083548,0.10713847551889018,-1.5250613580815253,3.869268876776244,0.23488372093023255,0.0,0.1194582466397035,0.11677767814420005,0.02202055897654521,0.021804001246869265,0.5671814169533762,0.5673980391167289,2.2439375856472044,0.983434298405439,0.24186046511627907,0.0,0.0,0.1697674418604651,1.3903310712867236,1.3999394755704366
compact5,80,1.0,vr<-0.40,237,0.5511627906976744,0.7439075106544599,0.0256006014762614,0.025695535226373595,0.006870118122986404,0.006540097773716348,0.09209041027083548,0.10925409250811516,-0.3708262487513325,4.80370705950246,0.2534883720930233,0.002325581395348837,0.1194582466397035,0.11921405667279492,0.02202055897654521,0.021705821592174514,0.5671814169533762,0.5432910245903537,0.2044144910690715,1.4292888055472686,0.24186046511627907,0.0,0.002325581395348837,0.17209302325581396,1.7041786144544184,1.7117165103296987
compact5,20,0.5,vr<-0.40,237,0.5511627906976744,0.31139392485598816,0.0256006014762614,0.025245255844075734,0.006870118122986404,0.00653747832160999,0.09209041027083548,0.10052997087864828,1.388036263582182,4.841835255546045,0.2744186046511628,0.0,0.1194582466397035,0.11874358544874475,0.02202055897654521,0.02196562260842813,0.5671814169533762,0.5461908685906863,0.5982518671266202,0.24947762759152114,0.2534883720930233,0.0,0.0,0.19534883720930232,1.3426793950698828,1.332983924024016
compact5,10,1.0,vr<-0.40,237,0.5511627906976744,0.19971758063141298,0.0256006014762614,0.026493746972999933,0.006870118122986404,0.006531647029547868,0.09209041027083548,0.11288183862604853,-3.4887676274587553,4.926714321054559,0.22790697674418606,0.0069767441860465115,0.1194582466397035,0.12046067337386261,0.02202055897654521,0.021289311483345397,0.5671814169533762,0.5281163780151021,-0.8391440209084333,3.3207490054121047,0.23488372093023255,0.002325581395348837,0.0069767441860465115,0.16511627906976745,1.7383583107220912,1.7399350326324377
compact8,80,0.75,vr<-0.40,237,0.5511627906976744,1.500398888278914,0.0256006014762614,0.02519456833961988,0.006870118122986404,0.006587276436296417,0.09209041027083548,0.10324865683495713,1.5860296759746761,4.116984331661488,0.24186046511627907,0.0,0.1194582466397035,0.11673034079799215,0.02202055897654521,0.021890565812563136,0.5671814169533762,0.5521116129493184,2.2835642732468298,0.5903263587474394,0.2534883720930233,0.0,0.0,0.17674418604651163,1.3079469566008273,1.2909425969379404
compact8,80,1.0,vr<-0.40,237,0.5511627906976744,1.500398888278914,0.0256006014762614,0.02560032213016111,0.006870118122986404,0.0065836833091369945,0.09209041027083548,0.10727452242673877,0.0010911700670357405,4.16928513777719,0.2372093023255814,0.0,0.1194582466397035,0.11635413697877438,0.02202055897654521,0.02190837894749504,0.5671814169533762,0.5281163780151021,2.598489219661315,0.5094331582120804,0.24186046511627907,0.0,0.0,0.1744186046511628,1.4251185204906636,1.419683928351892
compact5,40,1.0,vr<-0.40,237,0.5511627906976744,0.532133149272517,0.0256006014762614,0.025945324462570314,0.006870118122986404,0.006549104887313936,0.09209041027083548,0.11011842571843498,-1.3465425280283494,4.6726014011084445,0.24651162790697675,0.002325581395348837,0.1194582466397035,0.11951682704383466,0.02202055897654521,0.02178309494679677,0.5671814169533762,0.5428173480754964,-0.04903839272631938,1.0783742138488428,0.23255813953488372,0.0,0.002325581395348837,0.17209302325581396,1.7147902430191857,1.7193638456781735
compact8,20,1.0,vr<-0.40,237,0.5511627906976744,0.8330760103900816,0.0256006014762614,0.026325882936690703,0.006870118122986404,0.006497316445003982,0.09209041027083548,0.11245663251424691,-2.8330641414883617,5.426423116876,0.23255813953488372,0.002325581395348837,0.1194582466397035,0.11616745095159771,0.02202055897654521,0.021890565812563136,0.5671814169533762,0.5384285666005884,2.754766439885159,0.5903263587474394,0.23953488372093024,0.0,0.002325581395348837,0.1697674418604651,1.4691407523215914,1.4512250039828225
hybrid26,40,0.25,full,430,1.0,3.0099584426507997,0.0256006014762614,0.02409338354806016,0.006870118122986404,0.006359756140612882,0.09209041027083548,0.08835116305196594,5.887431705848134,7.42872208653772,0.9069767441860465,0.004651162790697674,0.1194582466397035,0.11620751814027104,0.02202055897654521,0.019172054004674866,0.5671814169533762,0.5612613631094745,2.721225692552598,12.935661510247654,0.772093023255814,0.03255813953488372,0.03255813953488372,0.7488372093023256,1.0637718658222257,1.5764581544482068
compact5,10,0.5,vr<-0.40,237,0.5511627906976744,0.19971758063141298,0.0256006014762614,0.025371034549233975,0.006870118122986404,0.006450383654417894,0.09209041027083548,0.10189928333140964,0.8967247400038403,6.109566983486648,0.2627906976744186,0.002325581395348837,0.1194582466397035,0.11877186516558552,0.02202055897654521,0.02202055897654521,0.5671814169533762,0.5375547621403137,0.5745785606481979,0.0,0.2558139534883721,0.0,0.002325581395348837,0.19534883720930232,1.3471979492593718,1.3561514878176801
compact8,40,0.5,vr<-0.40,237,0.5511627906976744,1.2133068420910154,0.0256006014762614,0.025309136877236293,0.006870118122986404,0.0065836833091369945,0.09209041027083548,0.09726622816379754,1.1385068405340815,4.16928513777719,0.24186046511627907,0.0,0.1194582466397035,0.11731642164089938,0.02202055897654521,0.02202055897654521,0.5671814169533762,0.5281163780151021,1.792948631888136,0.0,0.26046511627906976,0.0,0.0,0.18372093023255814,1.207366818504528,1.1772817548748364
compact5,20,1.0,vr<-0.40,237,0.5511627906976744,0.31139392485598816,0.0256006014762614,0.0261656063595999,0.006870118122986404,0.006520137767402009,0.09209041027083548,0.11085173474356387,-2.206998471744548,5.094240729477595,0.2534883720930233,0.004651162790697674,0.1194582466397035,0.12025856150036347,0.02202055897654521,0.02169336566239171,0.5671814169533762,0.5435999600803526,-0.669953630806086,1.485853808261639,0.22790697674418606,0.0,0.004651162790697674,0.1697674418604651,1.7325142654208168,1.7166815117137064
compact5,10,0.25,vr<-0.40,237,0.5511627906976744,0.19971758063141298,0.0256006014762614,0.025371404643764913,0.006870118122986404,0.006667835258578726,0.09209041027083548,0.09620540172686634,0.8952790922081011,2.944386992865078,0.28604651162790695,0.0,0.1194582466397035,0.11883017080670062,0.02202055897654521,0.021892052455811065,0.5671814169533762,0.548693158087242,0.5257701754967203,0.5835751983908288,0.27209302325581397,0.0,0.0,0.21395348837209302,1.1702803765659444,1.1766871994577783
compact8,80,0.5,vr<-0.40,237,0.5511627906976744,1.500398888278914,0.0256006014762614,0.025157266427582387,0.006870118122986404,0.006604294780655926,0.09209041027083548,0.09670247466187111,1.7317368464569105,3.869268876776244,0.24883720930232558,0.0,0.1194582466397035,0.11741534377444268,0.02202055897654521,0.02203485928938298,0.5671814169533762,0.5298275306497741,1.7101396703254723,-0.06494073494229813,0.25813953488372093,0.0,0.0,0.18372093023255814,1.1953068950607946,1.1682325008458267
compact5,40,0.75,vr<-0.40,237,0.5511627906976744,0.532133149272517,0.0256006014762614,0.025325122888117106,0.006870118122986404,0.0065768527174180766,0.09209041027083548,0.10800600033264776,1.0760629526604504,4.2687097997209715,0.2627906976744186,0.002325581395348837,0.1194582466397035,0.11871596183424088,0.02202055897654521,0.021894827849676272,0.5671814169533762,0.5685885547554274,0.6213759420908072,0.5709715498269374,0.2441860465116279,0.0,0.002325581395348837,0.19069767441860466,1.5255592584185949,1.5225458810200632
compact5,20,0.25,vr<-0.40,237,0.5511627906976744,0.31139392485598816,0.0256006014762614,0.025316521695065403,0.006870118122986404,0.006686760257217088,0.09209041027083548,0.09611704304097918,1.1096605736369725,2.668918677771015,0.3,0.0,0.1194582466397035,0.11883065324591746,0.02202055897654521,0.021927868054763135,0.5671814169533762,0.5547861519068692,0.5253663195634473,0.42092901402185356,0.2651162790697674,0.0,0.0,0.2116279069767442,1.1686742319254102,1.162663911568857
compact8,10,0.5,vr<-0.40,237,0.5511627906976744,0.5986747657943583,0.0256006014762614,0.02564414421449862,0.006870118122986404,0.006617290185325542,0.09209041027083548,0.09915820889823293,-0.17008482506786216,3.6801104891477365,0.2372093023255814,0.0,0.1194582466397035,0.11725189670681781,0.02202055897654521,0.022091563992654786,0.5671814169533762,0.5321515541902155,1.8469632653660528,-0.32244874521671907,0.24883720930232558,0.0,0.0,0.1744186046511628,1.255529464055955,1.2560355237776892
compact8,40,0.25,vr<-0.40,237,0.5511627906976744,1.2133068420910154,0.0256006014762614,0.02538992698108789,0.006870118122986404,0.006693470795581247,0.09209041027083548,0.09103567520637784,0.8229279119432387,2.5712414873060307,0.2534883720930233,0.0,0.1194582466397035,0.11826543382454319,0.02202055897654521,0.02201391625101174,0.5671814169533762,0.5418813970549312,0.9985186027030357,0.030166016859711764,0.26744186046511625,0.0,0.0,0.19534883720930232,1.1004556523292557,1.0865019038093935
compact5,40,0.25,vr<-0.40,237,0.5511627906976744,0.532133149272517,0.0256006014762614,0.02527957531017316,0.006870118122986404,0.006686760257217088,0.09209041027083548,0.09608607847174558,1.2539789988368688,2.668918677771015,0.2930232558139535,0.0,0.1194582466397035,0.11871389234854936,0.02202055897654521,0.022046990869218817,0.5671814169533762,0.558092730986801,0.623108334579181,-0.12003279617815998,0.2627906976744186,0.0,0.0,0.21395348837209302,1.164600515900924,1.1546021601599685
compact8,20,0.5,vr<-0.40,237,0.5511627906976744,0.8330760103900816,0.0256006014762614,0.02547501639658651,0.006870118122986404,0.0065836833091369945,0.09209041027083548,0.09809071330137192,0.49055519180414286,4.16928513777719,0.24186046511627907,0.0,0.1194582466397035,0.11713677280699734,0.02202055897654521,0.02226293852391653,0.5671814169533762,0.5317599063553371,1.9433349291555602,-1.100696615510488,0.2558139534883721,0.0,0.0,0.1813953488372093,1.2192389506084802,1.2062130195202754
compact8,20,0.25,vr<-0.40,237,0.5511627906976744,0.8330760103900816,0.0256006014762614,0.0254662230740259,0.006870118122986404,0.006686760257217088,0.09209041027083548,0.09254185062525586,0.5249033010419901,2.668918677771015,0.25116279069767444,0.0,0.1194582466397035,0.11814452023437909,0.02202055897654521,0.022074683430965455,0.5671814169533762,0.542953106186754,1.0997368890627746,-0.24579055635189917,0.2627906976744186,0.0,0.0,0.19534883720930232,1.1072610604560469,1.1024806131031306
compact8,10,1.0,vr<-0.40,237,0.5511627906976744,0.5986747657943583,0.0256006014762614,0.0267539939466874,0.006870118122986404,0.006601488807334918,0.09209041027083548,0.11518076533135711,-4.505333484041385,3.910112036541147,0.2302325581395349,0.002325581395348837,0.1194582466397035,0.11681502198236896,0.02202055897654521,0.02202055897654521,0.5671814169533762,0.5434059101970301,2.2126765892577893,0.0,0.2302325581395349,0.0,0.002325581395348837,0.16279069767441862,1.5253667356038405,1.5400482072667419
compact8,80,0.25,vr<-0.40,237,0.5511627906976744,1.500398888278914,0.0256006014762614,0.025318507585879193,0.006870118122986404,0.0067338361116908154,0.09209041027083548,0.09056489351962732,1.1019033699023906,1.9836924031860326,0.25813953488372093,0.0,0.1194582466397035,0.11832909958643854,0.02202055897654521,0.02202055897654521,0.5671814169533762,0.5470259141449021,0.9452231930630717,0.0,0.2651162790697674,0.0,0.0,0.19534883720930232,1.0890465521362065,1.0831257921703246
compact8,5,1.0,vr<-0.40,237,0.5511627906976744,0.4069519407721537,0.0256006014762614,0.027237280703183615,0.006870118122986404,0.0065768527174180766,0.09209041027083548,0.11767601247410532,-6.3931280225578035,4.2687097997209715,0.2441860465116279,0.004651162790697674,0.1194582466397035,0.11716496373586896,0.02202055897654521,0.021890565812563136,0.5671814169533762,0.561275787491193,1.9197359482022947,0.5903263587474394,0.22093023255813954,0.0,0.004651162790697674,0.16511627906976745,1.6630224374166207,1.6070765793402302
compact5,80,0.25,vr<-0.40,237,0.5511627906976744,0.7439075106544599,0.0256006014762614,0.02523581178463976,0.006870118122986404,0.006686760257217088,0.09209041027083548,0.0960421682303497,1.4249262540175,2.668918677771015,0.2930232558139535,0.0,0.1194582466397035,0.11868667206091459,0.02202055897654521,0.022143128849594178,0.5671814169533762,0.5601282703203396,0.6458947795509262,-0.5566156298735248,0.27674418604651163,0.0,0.0,0.21395348837209302,1.1603299571864958,1.1534054487154286
compact5,10,0.75,vr<-0.40,237,0.5511627906976744,0.19971758063141298,0.0256006014762614,0.025684349972667636,0.006870118122986404,0.006520137767402009,0.09209041027083548,0.10747622438873713,-0.3271348779984473,5.094240729477595,0.2441860465116279,0.004651162790697674,0.1194582466397035,0.11929481789930037,0.02202055897654521,0.02202055897654521,0.5671814169533762,0.5602217972352526,0.13680825309285716,0.0,0.24651162790697675,0.0,0.004651162790697674,0.17906976744186046,1.536454110652899,1.5393668842013448
compact8,5,0.75,vr<-0.40,237,0.5511627906976744,0.4069519407721537,0.0256006014762614,0.026278931720090253,0.006870118122986404,0.0065768527174180766,0.09209041027083548,0.10971017961656515,-2.6496652606301074,4.2687097997209715,0.25813953488372093,0.004651162790697674,0.1194582466397035,0.11676222830852188,0.02202055897654521,0.021929912405443275,0.5671814169533762,0.5780827029525445,2.256870837316949,0.4116451866570836,0.23488372093023255,0.0,0.004651162790697674,0.17674418604651163,1.4949624502489685,1.4369969231372837
compact5,20,0.75,vr<-0.40,237,0.5511627906976744,0.31139392485598816,0.0256006014762614,0.02546904641917125,0.006870118122986404,0.006569815393428782,0.09209041027083548,0.10579798453102518,0.5138748681828287,4.371143613278683,0.2651162790697674,0.002325581395348837,0.1194582466397035,0.11920184317000307,0.02202055897654521,0.022299819805753855,0.5671814169533762,0.56659315543626,0.21463856779496693,-1.268182290495412,0.2441860465116279,0.0,0.002325581395348837,0.18372093023255814,1.531230401219793,1.5214083970708268
hybrid26,40,0.5,full,430,1.0,3.0099584426507997,0.0256006014762614,0.022694853843674884,0.006870118122986404,0.005562840502879276,0.09209041027083548,0.08491386388451524,11.350310012367949,19.028459142982847,0.8697674418604651,0.01627906976744186,0.1194582466397035,0.1133338501764305,0.02202055897654521,0.0178286737089597,0.5671814169533762,0.5556344574793237,5.126809270643928,19.036234602629378,0.7465116279069768,0.06279069767441861,0.06744186046511629,0.7162790697674418,1.3065901606237775,2.210737377723603
compact8,5,0.5,full,430,1.0,0.4069519407721537,0.0256006014762614,0.026146868496706503,0.006870118122986404,0.006676359021763842,0.09209041027083548,0.10169830777541077,-2.1338054145002783,2.8203168818054514,0.47674418604651164,0.0,0.1194582466397035,0.11870991501834656,0.02202055897654521,0.022121395525219252,0.5671814169533762,0.6011864152153052,0.6264378076919042,-0.4579200227453173,0.45348837209302323,0.002325581395348837,0.002325581395348837,0.3395348837209302,1.3940539964425729,1.3925505339942124
compact5,5,0.25,vr<-0.40,237,0.5511627906976744,0.12291129983670182,0.0256006014762614,0.025450839322245344,0.006870118122986404,0.006686760257217088,0.09209041027083548,0.09626735497088217,0.5849946695780761,2.668918677771015,0.3,0.0,0.1194582466397035,0.11883874621183568,0.02202055897654521,0.022384793533471958,0.5671814169533762,0.5405109732646938,0.5185915960547183,-1.6540658995745972,0.27906976744186046,0.0,0.0,0.22093023255813954,1.1796922315173337,1.1762658325176112
compact8,10,0.25,vr<-0.40,237,0.5511627906976744,0.5986747657943583,0.0256006014762614,0.025539840270966396,0.006870118122986404,0.006712342100844367,0.09209041027083548,0.09251512129869068,0.23734288177308382,2.29655472173238,0.2558139534883721,0.0,0.1194582466397035,0.11815149498586029,0.02202055897654521,0.02249399783138052,0.5671814169533762,0.5403882134042688,1.0938982369166128,-2.149985635421836,0.25813953488372093,0.0,0.0,0.1930232558139535,1.1231429977424952,1.123351365268147
compact3,5,0.25,vr<-0.40,237,0.5511627906976744,1e-15,0.0256006014762614,0.02568556074145434,0.006870118122986404,0.00668872221894108,0.09209041027083548,0.09865550750995786,-0.33186433245218083,2.640360773978545,0.29534883720930233,0.0,0.1194582466397035,0.11895155262145686,0.02202055897654521,0.022646623156605736,0.5671814169533762,0.56576522232501,0.42415993244474537,-2.8430894089807923,0.27906976744186046,0.0,0.0,0.2116279069767442,1.1155682860940774,1.100210656644875
xrel18,80,0.5,vr<-0.40,237,0.5511627906976744,2.498566192929773,0.0256006014762614,0.023656641890791124,0.006870118122986404,0.0057572551837396305,0.09209041027083548,0.08962823646005454,7.593413722223852,16.198599781323963,0.4441860465116279,0.02558139534883721,0.1194582466397035,0.11470497711246572,0.02202055897654521,0.01800197759816092,0.5671814169533762,0.5522559589244159,3.9790216757274677,18.249225111245394,0.43023255813953487,0.06511627906976744,0.06511627906976744,0.42093023255813955,1.6633618010279236,2.1791198935342684
xrel18,5,0.75,full,430,1.0,1.6110585329736966,0.0256006014762614,0.019434302962251265,0.006870118122986404,0.0034014303865303012,0.09209041027083548,0.07787985435285864,24.08653765314046,50.48949194702175,0.7790697674418605,0.09534883720930233,0.1194582466397035,0.10697868892856842,0.02202055897654521,0.013011385617305863,0.5671814169533762,0.5283979728062841,10.446794643466117,40.91255525727253,0.7116279069767442,0.14418604651162792,0.16279069767441862,0.6697674418604651,3.1982742940783706,7.945030461653712
compact3,40,0.25,vr<-0.40,237,0.5511627906976744,0.2598771410544656,0.0256006014762614,0.0257609893549923,0.006870118122986404,0.006870118122986404,0.09209041027083548,0.09206429745406193,-0.6265004315606504,0.0,0.29069767441860467,0.0,0.1194582466397035,0.11901282417547171,0.02202055897654521,0.02251849117952536,0.5671814169533762,0.5662498816374137,0.37286874431969874,-2.2612150922713514,0.28837209302325584,0.0,0.0,0.2116279069767442,1.0442342983026467,1.050287255507909
xrel18,5,0.5,full,430,1.0,1.6110585329736966,0.0256006014762614,0.021070372299646787,0.006870118122986404,0.004147468893157753,0.09209041027083548,0.07794956174072273,17.69579195557317,39.630311751395766,0.8209302325581396,0.05581395348837209,0.1194582466397035,0.10971926175203699,0.02202055897654521,0.01611042696918264,0.5671814169533762,0.5481414420252675,8.15262668055069,26.83915523514928,0.7488372093023256,0.11162790697674418,0.1186046511627907,0.7093023255813954,2.171070635767196,5.206491594226615
compact3,80,0.25,vr<-0.40,237,0.5511627906976744,0.3859306324981981,0.0256006014762614,0.02578384267529936,0.006870118122986404,0.006870118122986404,0.09209041027083548,0.09206429745406193,-0.715769116627496,0.0,0.2744186046511628,0.0,0.1194582466397035,0.11905476600491462,0.02202055897654521,0.022571701360567784,0.5671814169533762,0.5662498816374141,0.33775871163237436,-2.502853740495925,0.2813953488372093,0.0,0.0,0.2,1.0357419805978052,1.0349750027018134
compact3,40,0.5,vr<-0.40,237,0.5511627906976744,0.2598771410544656,0.0256006014762614,0.02606270346104095,0.006870118122986404,0.006740133923192117,0.09209041027083548,0.09195308606887875,-1.8050434682483685,1.8920227784640087,0.2837209302325581,0.0,0.1194582466397035,0.11884461396680447,0.02202055897654521,0.022852530863569344,0.5671814169533762,0.5655935853327487,0.513679624605412,-3.7781597093438757,0.2813953488372093,0.0,0.0,0.2,1.0900168840480076,1.1036262725598032
compact3,80,0.75,vr<-0.40,237,0.5511627906976744,0.3859306324981981,0.0256006014762614,0.026579965502070174,0.006870118122986404,0.0067478974646326476,0.09209041027083548,0.09086313609023039,-3.825550843861647,1.779018295840129,0.26976744186046514,0.0,0.1194582466397035,0.11908714553466994,0.02202055897654521,0.022915926008889958,0.5671814169533762,0.5655935853327487,0.31065340022345955,-4.066050427232271,0.2813953488372093,0.0,0.0,0.19534883720930232,1.1302584645795257,1.1076190270896062
compact3,20,0.25,vr<-0.40,237,0.5511627906976744,0.16609761768137943,0.0256006014762614,0.025733852540900704,0.006870118122986404,0.006858667855434646,0.09209041027083548,0.09206429745406193,-0.5204997420191981,0.16666769547160065,0.2837209302325581,0.0,0.1194582466397035,0.11907788923400492,0.02202055897654521,0.022710235497787886,0.5671814169533762,0.5662498816374139,0.31840196587329395,-3.131966459058888,0.28604651162790695,0.0,0.0,0.1697674418604651,1.073747914674444,1.0660327153703284
compact8,5,0.25,vr<-0.40,237,0.5511627906976744,0.4069519407721537,0.0256006014762614,0.025596136299446553,0.006870118122986404,0.006686760257217088,0.09209041027083548,0.09347172877770041,0.017441687137653705,2.668918677771015,0.2744186046511628,0.0,0.1194582466397035,0.11796962499827775,0.02202055897654521,0.023089321299772397,0.5671814169533762,0.542030661194977,1.2461438898526356,-4.853474992917128,0.26046511627906976,0.0,0.0,0.20232558139534884,1.1620309279987766,1.1425314795549895
compact3,10,0.25,vr<-0.40,237,0.5511627906976744,0.023572223472230237,0.0256006014762614,0.025740476179857485,0.006870118122986404,0.0068289971517777074,0.09209041027083548,0.09467914769875244,-0.5463727238041116,0.5985482414212262,0.27209302325581397,0.0,0.1194582466397035,0.11915180093362655,0.02202055897654521,0.022819172057583742,0.5671814169533762,0.5662498816374136,0.25652955295855095,-3.6266703397001,0.27209302325581397,0.0,0.0,0.19069767441860466,1.0826861683920777,1.0839975517679368
compact3,80,0.5,vr<-0.40,237,0.5511627906976744,0.3859306324981981,0.0256006014762614,0.026105992591610703,0.006870118122986404,0.006689801367299562,0.09209041027083548,0.09195308606887875,-1.9741376616402517,2.624652916571091,0.27209302325581397,0.0,0.1194582466397035,0.1189160826914867,0.02202055897654521,0.023102222330370646,0.5671814169533762,0.5655935853327487,0.4538522567236636,-4.91206129225672,0.2813953488372093,0.0,0.0,0.19767441860465115,1.0823615607484018,1.0702243400526807
compact3,20,0.5,vr<-0.40,237,0.5511627906976744,0.16609761768137943,0.0256006014762614,0.02601965155517697,0.006870118122986404,0.006764543140568385,0.09209041027083548,0.09190370923438052,-1.6368759120919174,1.5367273244513924,0.2837209302325581,0.0,0.1194582466397035,0.11899943729377022,0.02202055897654521,0.023010749397986637,0.5671814169533762,0.5655935853327487,0.3840750712816754,-4.496663424829994,0.2813953488372093,0.0,0.0,0.16744186046511628,1.160575060450775,1.1366714637617477
compact8,20,0.25,full,430,1.0,0.8330760103900816,0.0256006014762614,0.02554053174806039,0.006870118122986404,0.006940299337552884,0.09209041027083548,0.09420641907710686,0.23464186283557176,-1.0215430551574256,0.46511627906976744,0.002325581395348837,0.1194582466397035,0.11864579338773856,0.02202055897654521,0.022436001480322397,0.5671814169533762,0.5516165784089685,0.6801148307620575,-1.8866119802848358,0.46744186046511627,0.002325581395348837,0.002325581395348837,0.34418604651162793,1.1755914011129112,1.1803912631144033
compact8,40,0.25,full,430,1.0,1.2133068420910154,0.0256006014762614,0.025450065113801573,0.006870118122986404,0.006954266177054554,0.09209041027083548,0.09222227578056352,0.5880188502579209,-1.2248414446704103,0.47674418604651164,0.002325581395348837,0.1194582466397035,0.11879788644466119,0.02202055897654521,0.02218805848558786,0.5671814169533762,0.5459504017173173,0.5527958208143002,-0.7606505775855199,0.4790697674418605,0.004651162790697674,0.004651162790697674,0.34186046511627904,1.1700156903826457,1.1852159915814298
hybrid26,80,0.25,full,430,1.0,3.2987614530742686,0.0256006014762614,0.024430882001766418,0.006870118122986404,0.006440422705647633,0.09209041027083548,0.09000984252388261,4.56910934526138,6.254556466810568,0.8418604651162791,0.004651162790697674,0.1194582466397035,0.11674206045294565,0.02202055897654521,0.019308040301117366,0.5671814169533762,0.563075639669192,2.2737536027547023,12.318119073712118,0.7093023255813954,0.044186046511627906,0.044186046511627906,0.6744186046511628,1.1379533481702253,1.940928145171532
compact3,80,0.25,full,430,1.0,0.3859306324981981,0.0256006014762614,0.025840159589641302,0.006870118122986404,0.006931104354619362,0.09209041027083548,0.09252180796360054,-0.9357518947437082,-0.8877028100711559,0.5,0.0,0.1194582466397035,0.11997396157229735,0.02202055897654521,0.022764367567330596,0.5671814169533762,0.5687813356739267,-0.43171145324885085,-3.377791597287061,0.4697674418604651,0.0,0.0,0.3302325581395349,1.1000583920716955,1.096240646736553
compact8,80,0.25,full,430,1.0,1.500398888278914,0.0256006014762614,0.025364539852830586,0.006870118122986404,0.00690627927528464,0.09209041027083548,0.09129580177614621,0.92209405177337,-0.5263541565209362,0.47674418604651164,0.0,0.1194582466397035,0.11878896358548267,0.02202055897654521,0.02236148337123646,0.5671814169533762,0.5470259141449021,0.5602652584040024,-1.5482095393417605,0.44651162790697674,0.004651162790697674,0.004651162790697674,0.3209302325581395,1.1648531011044865,1.1861856942518438
compact3,5,0.25,full,430,1.0,1e-15,0.0256006014762614,0.02570785678624796,0.006870118122986404,0.006709375568066535,0.09209041027083548,0.09934247739980863,-0.418956211189081,2.3397349513110677,0.5348837209302325,0.002325581395348837,0.1194582466397035,0.1195788462104322,0.02202055897654521,0.0230075205835319,0.5671814169533762,0.56576522232501,-0.10095541674275399,-4.482000697793076,0.4720930232558139,0.002325581395348837,0.002325581395348837,0.34186046511627904,1.144991939541334,1.1218934248903163
compact8,10,0.25,full,430,1.0,0.5986747657943583,0.0256006014762614,0.025621309195405093,0.006870118122986404,0.00691671492027009,0.09209041027083548,0.09600091981946704,-0.08088762743678757,-0.6782532184967938,0.4697674418604651,0.0,0.1194582466397035,0.1187169688150484,0.02202055897654521,0.02260297296354314,0.5671814169533762,0.558732442950918,0.6205329857978503,-2.644864681311132,0.46744186046511627,0.002325581395348837,0.002325581395348837,0.3488372093023256,1.1828159686561697,1.1821141060085023
compact3,40,0.25,full,430,1.0,0.2598771410544656,0.0256006014762614,0.02581867142343471,0.006870118122986404,0.006922234978946228,0.09209041027083548,0.09252180796360054,-0.8518157175936736,-0.758602036047229,0.513953488372093,0.0,0.1194582466397035,0.11991637854801282,0.02202055897654521,0.02287984079040021,0.5671814169533762,0.5687813356739279,-0.38350797973043527,-3.9021798437099076,0.4813953488372093,0.0,0.0,0.3488372093023256,1.1016557297491318,1.0948242784122761
compact8,5,0.25,full,430,1.0,0.4069519407721537,0.0256006014762614,0.02569850057360756,0.006870118122986404,0.006827744913713207,0.09209041027083548,0.09681944134257445,-0.38240936423676875,0.6167755563244559,0.49534883720930234,0.0,0.1194582466397035,0.11826028417116793,0.02202055897654521,0.023089321299772397,0.5671814169533762,0.5614132092796782,1.0028294422809725,-4.853474992917128,0.4720930232558139,0.0,0.0,0.3627906976744186,1.1910078729287406,1.1941197159200037
compact3,80,1.0,vr<-0.40,237,0.5511627906976744,0.3859306324981981,0.0256006014762614,0.027204775265032295,0.006870118122986404,0.006847057525022738,0.09209041027083548,0.0929109580092559,-6.266156637993037,0.3356652323998399,0.2627906976744186,0.0,0.1194582466397035,0.11960625812247934,0.02202055897654521,0.02318759472579955,0.5671814169533762,0.5655935853327487,-0.12390227291905198,-5.299755335445333,0.27674418604651163,0.0,0.0,0.19069767441860466,1.1744853820366796,1.143570401717453
compact8,10,0.5,full,430,1.0,0.5986747657943583,0.0256006014762614,0.025943818027098244,0.006870118122986404,0.006730651299334062,0.09209041027083548,0.10069873570511854,-1.3406581527199535,2.030049864582484,0.43953488372093025,0.0,0.1194582466397035,0.11932559453019818,0.02202055897654521,0.023024469013356447,0.5671814169533762,0.5953581209369372,0.11104474846798107,-4.558967090165766,0.44883720930232557,0.004651162790697674,0.004651162790697674,0.32325581395348835,1.3730102465424292,1.3732896608470146
compact3,20,0.25,full,430,1.0,0.16609761768137943,0.0256006014762614,0.02579668209610095,0.006870118122986404,0.006902142665525154,0.09209041027083548,0.09252180796360054,-0.7659219257851069,-0.466142531546887,0.5,0.002325581395348837,0.1194582466397035,0.11996091663697109,0.02202055897654521,0.022968500291221768,0.5671814169533762,0.5687813356739289,-0.42079137389625654,-4.304801325371632,0.4813953488372093,0.002325581395348837,0.002325581395348837,0.3,1.102930452009617,1.099026606011795
compact3,10,0.5,vr<-0.40,237,0.5511627906976744,0.023572223472230237,0.0256006014762614,0.026061501050096844,0.006870118122986404,0.0067593276226117155,0.09209041027083548,0.09702121449072684,-1.8003466608502272,1.6126433110953298,0.2651162790697674,0.002325581395348837,0.1194582466397035,0.11919331055897502,0.02202055897654521,0.023254410806093008,0.5671814169533762,0.5655935853327487,0.22178132375202386,-5.603181240140254,0.2627906976744186,0.0,0.002325581395348837,0.1813953488372093,1.1893833788952313,1.168513127331046
compact8,20,0.5,full,430,1.0,0.8330760103900816,0.0256006014762614,0.025750086757848983,0.006870118122986404,0.006473449362112484,0.09209041027083548,0.10129709242412023,-0.5839131620645643,5.773827374914042,0.43953488372093025,0.002325581395348837,0.1194582466397035,0.11899763452906086,0.02202055897654521,0.022917451597366308,0.5671814169533762,0.5821593939691381,0.38558418828287255,-4.072978446080344,0.45348837209302323,0.011627906976744186,0.011627906976744186,0.3186046511627907,1.3622924169055173,1.3714526937309621
compact5,5,0.25,full,430,1.0,0.12291129983670182,0.0256006014762614,0.025694013277543143,0.006870118122986404,0.0067443695918931856,0.09209041027083548,0.09795206419998606,-0.36488127581049135,1.8303692722907106,0.5093023255813953,0.0069767441860465115,0.1194582466397035,0.12064628577920437,0.02202055897654521,0.022384793533471958,0.5671814169533762,0.566689953089013,-0.994522498797501,-1.6540658995745972,0.48372093023255813,0.011627906976744186,0.011627906976744186,0.3744186046511628,1.2286967809501945,1.2333686916212379
compact8,40,0.5,full,430,1.0,1.2133068420910154,0.0256006014762614,0.025547568893229577,0.006870118122986404,0.0066020354437093635,0.09209041027083548,0.10065220998897449,0.20715366035831684,3.9021553120036634,0.45813953488372094,0.002325581395348837,0.1194582466397035,0.11925475798701232,0.02202055897654521,0.022446043181322414,0.5671814169533762,0.570005135924061,0.1703429092718256,-1.9322134612041575,0.45348837209302323,0.013953488372093023,0.013953488372093023,0.3209302325581395,1.3552735749928089,1.383241163361224
compact3,10,0.75,vr<-0.40,237,0.5511627906976744,0.023572223472230237,0.0256006014762614,0.026573814691020967,0.006870118122986404,0.006686760257217088,0.09209041027083548,0.10195182252491934,-3.80152480269651,2.668918677771015,0.25813953488372093,0.004651162790697674,0.1194582466397035,0.11962527077588024,0.02202055897654521,0.023243019384481846,0.5671814169533762,0.5655935853327487,-0.13981800409350598,-5.55145039341971,0.2627906976744186,0.0,0.004651162790697674,0.17674418604651163,1.2887297555088206,1.254436873768922
compact3,20,0.75,vr<-0.40,237,0.5511627906976744,0.16609761768137943,0.0256006014762614,0.026469776347803134,0.006870118122986404,0.006794681614727776,0.09209041027083548,0.09176820921560565,-3.3951345727079696,1.0980380090733544,0.27674418604651163,0.002325581395348837,0.1194582466397035,0.11926648234248115,0.02202055897654521,0.023329590938071618,0.5671814169533762,0.5655935853327487,0.16052830391921624,-5.944590066585964,0.2744186046511628,0.0,0.002325581395348837,0.1558139534883721,1.2422675313902312,1.210206880886295
compact5,5,0.5,full,430,1.0,0.12291129983670182,0.0256006014762614,0.02621191893177579,0.006870118122986404,0.006382361457479365,0.09209041027083548,0.10620272177888458,-2.3879027064314995,7.099683830399906,0.4604651162790698,0.013953488372093023,0.1194582466397035,0.12364318398689836,0.02202055897654521,0.02277520405055016,0.5671814169533762,0.5731356651705188,-3.503263663175127,-3.4270023517965598,0.45348837209302323,0.013953488372093023,0.01627906976744186,0.33488372093023255,1.4636754867427724,1.46952237670449
xrel18,10,0.75,full,430,1.0,1.7872060966623877,0.0256006014762614,0.020126158391581394,0.006870118122986404,0.0036018249210041722,0.09209041027083548,0.07950120768134995,21.38404087793123,47.57259108903824,0.786046511627907,0.07674418604651163,0.1194582466397035,0.1092865770924248,0.02202055897654521,0.013017256008327304,0.5671814169533762,0.5553834690450725,8.514832448493358,40.88589657423141,0.6953488372093023,0.16511627906976745,0.1697674418604651,0.6534883720930232,3.5767877799004655,8.065755667045263
compact3,10,0.25,full,430,1.0,0.023572223472230237,0.0256006014762614,0.02583290400632543,0.006870118122986404,0.0068810923930348565,0.09209041027083548,0.09608874248802927,-0.9074104383033355,-0.15973917554248374,0.4930232558139535,0.002325581395348837,0.1194582466397035,0.11968289793768741,0.02202055897654521,0.023212368453239762,0.5671814169533762,0.5666267678044159,-0.18805842568698772,-5.412258053775965,0.4744186046511628,0.002325581395348837,0.002325581395348837,0.32790697674418606,1.1046603759098583,1.105927114553654
compact3,40,0.5,full,430,1.0,0.2598771410544656,0.0256006014762614,0.026230643399126903,0.006870118122986404,0.006866265785902506,0.09209041027083548,0.09195308606887875,-2.4610434385681224,0.056073811467782786,0.5,0.002325581395348837,0.1194582466397035,0.12083962249349782,0.02202055897654521,0.02329048768585048,0.5671814169533762,0.5900613502751114,-1.15636709281417,-5.767013955721612,0.4720930232558139,0.002325581395348837,0.002325581395348837,0.3325581395348837,1.2246032599844916,1.2005218078906301
compact3,20,0.5,full,430,1.0,0.16609761768137943,0.0256006014762614,0.02619973386234383,0.006870118122986404,0.006876928997539182,0.09209041027083548,0.09190370923438052,-2.340305897257866,-0.09913766300451154,0.4930232558139535,0.002325581395348837,0.1194582466397035,0.1209576252684493,0.02202055897654521,0.02334580687852153,0.5671814169533762,0.5900613502751137,-1.2551486991668748,-6.018230070307862,0.4744186046511628,0.002325581395348837,0.002325581395348837,0.2930232558139535,1.2364424896166522,1.2086918281250207
compact3,5,0.75,vr<-0.40,237,0.5511627906976744,1e-15,0.0256006014762614,0.02675568738921797,0.006870118122986404,0.0065975665801586885,0.09209041027083548,0.11027910282262901,-4.511948338509342,3.9672031535498364,0.2627906976744186,0.009302325581395349,0.1194582466397035,0.11936365180480052,0.02202055897654521,0.023220357517532805,0.5671814169533762,0.5639052696680571,0.07918652547135308,-5.448538078736065,0.26046511627906976,0.0,0.009302325581395349,0.17906976744186046,1.395272988971097,1.3150654350352333
compact3,80,0.5,full,430,1.0,0.3859306324981981,0.0256006014762614,0.026269396963872226,0.006870118122986404,0.0068443148585593085,0.09209041027083548,0.09195308606887875,-2.61242099421366,0.37558691080959994,0.4883720930232558,0.002325581395348837,0.1194582466397035,0.12093881752501522,0.02202055897654521,0.023438064659029686,0.5671814169533762,0.590061350275109,-1.239404500701613,-6.43719209850353,0.46744186046511627,0.002325581395348837,0.002325581395348837,0.32325581395348835,1.2080931256705234,1.2064865858051033
compact8,10,0.75,full,430,1.0,0.5986747657943583,0.0256006014762614,0.0266397069955584,0.006870118122986404,0.0068125264167752525,0.09209041027083548,0.10796946679924815,-4.0589105699744055,0.8382928092379949,0.4255813953488372,0.002325581395348837,0.1194582466397035,0.12125314596912819,0.02202055897654521,0.022845399455626067,0.5671814169533762,0.593800696634969,-1.502532792765865,-3.745774482652431,0.42790697674418604,0.0069767441860465115,0.009302325581395349,0.3116279069767442,1.5728200567827875,1.5755523638625117
compact3,40,0.75,vr<-0.40,237,0.5511627906976744,0.2598771410544656,0.0256006014762614,0.026518279226012832,0.006870118122986404,0.006776426354004594,0.09209041027083548,0.08962823646005454,-3.5845944893223125,1.3637577593947126,0.27906976744186046,0.002325581395348837,0.1194582466397035,0.11899858507821058,0.02202055897654521,0.023705353836344145,0.5671814169533762,0.5655935853327487,0.3847884716400518,-7.651008594257136,0.2744186046511628,0.0,0.002325581395348837,0.19534883720930232,1.136505159930487,1.1581939840904933
compact5,10,0.25,full,430,1.0,0.19971758063141298,0.0256006014762614,0.025591008549340172,0.006870118122986404,0.00676233181339129,0.09209041027083548,0.09789488576232858,0.03747149038714204,1.568914939533228,0.5069767441860465,0.011627906976744186,0.1194582466397035,0.12079981406048895,0.02202055897654521,0.021892052455811065,0.5671814169533762,0.5652534953391634,-1.1230429531012165,0.5835751983908288,0.4790697674418605,0.020930232558139535,0.020930232558139535,0.37209302325581395,1.22574196163608,1.2334669518794752
compact8,20,0.75,full,430,1.0,0.8330760103900816,0.0256006014762614,0.026301334653745307,0.006870118122986404,0.006586492005309401,0.09209041027083548,0.10545447897941648,-2.7371746641721595,4.128402344757831,0.42093023255813955,0.002325581395348837,0.1194582466397035,0.12057411164932853,0.02202055897654521,0.022943190988859455,0.5671814169533762,0.5856775688863205,-0.9341046273603659,-4.189866448426538,0.4325581395348837,0.013953488372093023,0.013953488372093023,0.30465116279069765,1.5579074949489413,1.5716421327080652
compact3,40,1.0,vr<-0.40,237,0.5511627906976744,0.2598771410544656,0.0256006014762614,0.02712648242836616,0.006870118122986404,0.006870118122986404,0.09209041027083548,0.09057298649234992,-5.960332430156612,0.0,0.26744186046511625,0.002325581395348837,0.1194582466397035,0.11951276489755273,0.02202055897654521,0.023573851359114474,0.5671814169533762,0.5655935853327487,-0.045637919007512906,-7.053828125906003,0.27209302325581397,0.0,0.002325581395348837,0.1883720930232558,1.1822978034946139,1.2356005430794719
compact3,5,0.5,vr<-0.40,237,0.5511627906976744,1e-15,0.0256006014762614,0.026064114099295176,0.006870118122986404,0.006725368193763156,0.09209041027083548,0.10927978323667434,-1.8105536444664283,2.106949642378575,0.2744186046511628,0.004651162790697674,0.1194582466397035,0.11890647398340772,0.02202055897654521,0.02370765657898172,0.5671814169533762,0.5647148484448383,0.4618958270499185,-7.661465833966763,0.2744186046511628,0.0,0.004651162790697674,0.2,1.2502023463607466,1.2074451715591097
compact3,10,0.5,full,430,1.0,0.023572223472230237,0.0256006014762614,0.026298902430853584,0.006870118122986404,0.006858843105542478,0.09209041027083548,0.09739725212932289,-2.7276740167206492,0.16411679161965065,0.4790697674418605,0.004651162790697674,0.1194582466397035,0.12048421531891927,0.02202055897654521,0.023545025475312814,0.5671814169533762,0.5857789449153925,-0.858851279066708,-6.9229237113888065,0.4604651162790698,0.002325581395348837,0.004651162790697674,0.313953488372093,1.2454159517305199,1.2243035052131244
compact5,20,0.25,full,430,1.0,0.31139392485598816,0.0256006014762614,0.025494006641016892,0.006870118122986404,0.006771915604948937,0.09209041027083548,0.097969972011461,0.41637629234355655,1.4294152775757296,0.5186046511627908,0.011627906976744186,0.1194582466397035,0.12081202527596252,0.02202055897654521,0.021949439579484878,0.5671814169533762,0.5676947939792099,-1.1332651150842032,0.3229681732243139,0.4744186046511628,0.020930232558139535,0.023255813953488372,0.3744186046511628,1.2213644881163788,1.233570492467416
xrel18,20,0.25,full,430,1.0,1.9851629258575794,0.0256006014762614,0.02373189230158717,0.006870118122986404,0.005821074480574683,0.09209041027083548,0.0878460087637461,7.299473711221283,15.26965946774299,0.8837209302325582,0.011627906976744186,0.1194582466397035,0.11559502134908906,0.02202055897654521,0.019031891080077558,0.5671814169533762,0.5570305501065851,3.233954456293231,13.572170895620662,0.7395348837209302,0.07209302325581396,0.07209302325581396,0.7116279069767442,1.1366389452665226,2.4944461483510296
compact8,5,0.75,full,430,1.0,0.4069519407721537,0.0256006014762614,0.027025030946506146,0.006870118122986404,0.0067334640502633575,0.09209041027083548,0.11114167974104194,-5.564046889935659,1.9891080513713688,0.4604651162790698,0.0069767441860465115,0.1194582466397035,0.12084683094851481,0.02202055897654521,0.023031343904095225,0.5671814169533762,0.606885145476631,-1.1624013811280864,-4.590187418160618,0.4186046511627907,0.009302325581395349,0.013953488372093023,0.3186046511627907,1.6012899943437595,1.599483618272763
compact3,20,1.0,vr<-0.40,237,0.5511627906976744,0.16609761768137943,0.0256006014762614,0.02708271876044133,0.006870118122986404,0.006845320392277929,0.09209041027083548,0.09358961111066098,-5.789384618772542,0.36095057267654385,0.2651162790697674,0.0069767441860465115,0.1194582466397035,0.1199155741213259,0.02202055897654521,0.023679320447652898,0.5671814169533762,0.5655935853327487,-0.38283458403816084,-7.532785488663074,0.26744186046511625,0.002325581395348837,0.0069767441860465115,0.14418604651162792,1.3350358173893349,1.2945591992175762
compact3,10,1.0,vr<-0.40,237,0.5511627906976744,0.023572223472230237,0.0256006014762614,0.0272769156369111,0.006870118122986404,0.006776426354004594,0.09209041027083548,0.1065605475479441,-6.547948344901555,1.3637577593947126,0.25116279069767444,0.01627906976744186,0.1194582466397035,0.1204848154890009,0.02202055897654521,0.022943235374345283,0.5671814169533762,0.5655935853327487,-0.8593536889869302,-4.190068012273662,0.26046511627906976,0.004651162790697674,0.01627906976744186,0.17209302325581396,1.389918226224539,1.3556101570189245
compact5,20,0.5,full,430,1.0,0.31139392485598816,0.0256006014762614,0.02574701229264345,0.006870118122986404,0.006474618296453542,0.09209041027083548,0.1029482270960901,-0.5719038145170607,5.7568126115557945,0.47674418604651164,0.018604651162790697,0.1194582466397035,0.123708488198436,0.02202055897654521,0.02215394772341185,0.5671814169533762,0.5667938236873856,-3.557930639607987,-0.605746416377162,0.44651162790697674,0.027906976744186046,0.030232558139534883,0.34418604651162793,1.4518236498135115,1.483287903168988
xrel18,5,0.25,full,430,1.0,1.6110585329736966,0.0256006014762614,0.023153989675291628,0.006870118122986404,0.0056402880793234795,0.09209041027083548,0.0839402649946421,9.556852807690607,17.90114844675078,0.8697674418604651,0.020930232558139535,0.1194582466397035,0.11390513109111243,0.02202055897654521,0.0194233869788873,0.5671814169533762,0.5561111629406054,4.6485828352560326,11.794305496169466,0.7697674418604651,0.07209302325581396,0.07441860465116279,0.7395348837209302,1.288961203519656,2.7803379311690777
compact3,5,1.0,vr<-0.40,237,0.5511627906976744,1e-15,0.0256006014762614,0.0277785237619667,0.006870118122986404,0.006686760257217088,0.09209041027083548,0.11515387388447293,-8.507309047894118,2.668918677771015,0.24186046511627907,0.023255813953488372,0.1194582466397035,0.12036059238152663,0.02202055897654521,0.02246873969743884,0.5671814169533762,0.5655935853327487,-0.755364964082128,-2.0352831250605607,0.2441860465116279,0.009302325581395349,0.023255813953488372,0.1697674418604651,1.5445316281507786,1.432727243785148
compact8,80,0.5,full,430,1.0,1.500398888278914,0.0256006014762614,0.02535881072287416,0.006870118122986404,0.006639428588879788,0.09209041027083548,0.09789410743995358,0.9444729398699669,3.3578685253571217,0.4604651162790698,0.002325581395348837,0.1194582466397035,0.11912884641675292,0.02202055897654521,0.02309563882456988,0.5671814169533762,0.5654211134696852,0.2757450676001305,-4.882164204686057,0.4255813953488372,0.018604651162790697,0.018604651162790697,0.30465116279069765,1.3363776526502769,1.406523897556589
xrel18,40,0.25,full,430,1.0,2.2179227917402384,0.0256006014762614,0.02406489883966335,0.006870118122986404,0.006016977011250005,0.09209041027083548,0.08933774605575792,5.998697483815196,12.418143275905468,0.8651162790697674,0.013953488372093023,0.1194582466397035,0.11616170936872942,0.02202055897654521,0.01904094161788641,0.5671814169533762,0.5600994854655221,2.759572791082998,13.53107049567852,0.6906976744186046,0.07209302325581396,0.07209302325581396,0.6767441860465117,1.2908980990445962,2.7199783312623635
compact5,10,0.5,full,430,1.0,0.19971758063141298,0.0256006014762614,0.025964875012199004,0.006870118122986404,0.006388151003087355,0.09209041027083548,0.10484908846551243,-1.4229100682473517,7.015412417531186,0.4604651162790698,0.023255813953488372,0.1194582466397035,0.12371118746097629,0.02202055897654521,0.022553155110895166,0.5671814169533762,0.5644661038808336,-3.5601902262135443,-2.4186313113906177,0.44651162790697674,0.02558139534883721,0.030232558139534883,0.3372093023255814,1.4616835522662126,1.4783021379157253
compact3,5,0.75,full,430,1.0,1e-15,0.0256006014762614,0.027030219172503974,0.006870118122986404,0.006623952025698628,0.09209041027083548,0.11110279710608348,-5.584312921585899,3.5831421364378,0.48372093023255813,0.011627906976744186,0.1194582466397035,0.1222461926871177,0.02202055897654521,0.02405668635024901,0.5671814169533762,0.5714205280914123,-2.3338246842203203,-9.246483596863042,0.4441860465116279,0.002325581395348837,0.011627906976744186,0.29534883720930233,1.532970463339749,1.401350758035497
compact3,5,0.5,full,430,1.0,1e-15,0.0256006014762614,0.02618165962333975,0.006870118122986404,0.006784288430910335,0.09209041027083548,0.1070102541098871,-2.2697050599266078,1.2493190151839695,0.49767441860465117,0.0069767441860465115,0.1194582466397035,0.12050796253380658,0.02202055897654521,0.024250977011391846,0.5671814169533762,0.5744300634502052,-0.8787303711807359,-10.128798443410659,0.46511627906976744,0.002325581395348837,0.0069767441860465115,0.3209302325581395,1.3457117819331483,1.261866680216734
xrel18,10,0.25,full,430,1.0,1.7872060966623877,0.0256006014762614,0.023422921266191603,0.006870118122986404,0.005776053341713584,0.09209041027083548,0.08650080589005973,8.506363462159616,15.924977732365909,0.8883720930232558,0.01627906976744186,0.1194582466397035,0.11494365831910706,0.02202055897654521,0.01954312558161469,0.5671814169533762,0.5622388279042908,3.779218637130033,11.250547261626343,0.7558139534883721,0.07441860465116279,0.07441860465116279,0.7325581395348837,1.1917221350204272,2.962466884064594
compact3,80,0.75,full,430,1.0,0.3859306324981981,0.0256006014762614,0.02689325021679323,0.006870118122986404,0.00697397275250768,0.09209041027083548,0.09175571750898087,-5.0492905087814455,-1.5116862281274734,0.4813953488372093,0.002325581395348837,0.1194582466397035,0.1223757620573215,0.02202055897654521,0.024185735619712694,0.5671814169533762,0.6096568185802372,-2.442288832865147,-9.832523531640058,0.45813953488372094,0.004651162790697674,0.004651162790697674,0.3116279069767442,1.360725282224394,1.3246699629508227
compact8,40,0.75,full,430,1.0,1.2133068420910154,0.0256006014762614,0.02596726090621078,0.006870118122986404,0.006563276473721128,0.09209041027083548,0.1048806984873028,-1.432229747763425,4.466322758536401,0.4372093023255814,0.004651162790697674,0.1194582466397035,0.12073738416638147,0.02202055897654521,0.022987300583915557,0.5671814169533762,0.5808154185273224,-1.0707821039228405,-4.390177417385521,0.43953488372093025,0.023255813953488372,0.02558139534883721,0.30930232558139537,1.5456827959359962,1.6125755105155164
compact3,20,0.75,full,430,1.0,0.16609761768137943,0.0256006014762614,0.02680941797943751,0.006870118122986404,0.007006343835627694,0.09209041027083548,0.09214957903403699,-4.721828525384475,-1.9828729317695304,0.48372093023255813,0.004651162790697674,0.1194582466397035,0.12246242206168464,0.02202055897654521,0.024243827576695923,0.5671814169533762,0.6096568185802371,-2.5148330119409756,-10.096331353435616,0.4558139534883721,0.002325581395348837,0.004651162790697674,0.27209302325581397,1.376487294721252,1.3246699629508236
compact5,40,0.25,full,430,1.0,0.532133149272517,0.0256006014762614,0.02542375232752911,0.006870118122986404,0.006822920859790433,0.09209041027083548,0.09814532927181739,0.6908007567567376,0.6869934745089123,0.5116279069767442,0.01627906976744186,0.1194582466397035,0.12074395540129608,0.02202055897654521,0.022518835418209565,0.5671814169533762,0.5687650263143447,-1.076282967278419,-2.2627783526979695,0.4720930232558139,0.023255813953488372,0.02558139534883721,0.3744186046511628,1.225359815462064,1.2411431731858635
compact3,40,0.75,full,430,1.0,0.2598771410544656,0.0256006014762614,0.0268390513659239,0.006870118122986404,0.007147362245187656,0.09209041027083548,0.09175571750898086,-4.837581221718068,-4.0355073557415855,0.4930232558139535,0.004651162790697674,0.1194582466397035,0.12224766862092461,0.02202055897654521,0.024222179046250986,0.5671814169533762,0.6096568185802372,-2.33506020696439,-9.998020813417096,0.45348837209302323,0.002325581395348837,0.004651162790697674,0.31627906976744186,1.3678788544841765,1.3108649965675816
compact8,20,1.0,full,430,1.0,0.8330760103900816,0.0256006014762614,0.027362454523940684,0.006870118122986404,0.006497316445003982,0.09209041027083548,0.11429096921753731,-6.882076771957846,5.426423116876,0.3883720930232558,0.009302325581395349,0.1194582466397035,0.12345289398833097,0.02202055897654521,0.02390618867267085,0.5671814169533762,0.6208035957270651,-3.343969513193734,-8.563041919753655,0.40232558139534885,0.01627906976744186,0.020930232558139535,0.2813953488372093,1.7639030343929765,1.7837614471194805
compact8,10,1.0,full,430,1.0,0.5986747657943583,0.0256006014762614,0.027878154675766674,0.006870118122986404,0.006792953301277894,0.09209041027083548,0.11734880605182756,-8.896483161214697,1.1231949775408867,0.39069767441860465,0.011627906976744186,0.1194582466397035,0.1246091196823055,0.02202055897654521,0.02360285243907783,0.5671814169533762,0.6414398720123934,-4.311860576806792,-7.185528143122855,0.38372093023255816,0.011627906976744186,0.018604651162790697,0.27674418604651163,1.7831067996459777,1.785584681619337
compact8,5,1.0,full,430,1.0,0.4069519407721537,0.0256006014762614,0.028515981850802473,0.006870118122986404,0.006682009987044378,0.09209041027083548,0.12201877283650879,-11.38793702657499,2.7380626151484067,0.4186046511627907,0.0069767441860465115,0.1194582466397035,0.1247647316166766,0.02202055897654521,0.02432566236346818,0.5671814169533762,0.6724178778620791,-4.442125283303322,-10.467960370026086,0.3813953488372093,0.009302325581395349,0.013953488372093023,0.28604651162790695,1.8082230639020407,1.8117394790078538
compact8,40,1.0,full,430,1.0,1.2133068420910154,0.0256006014762614,0.026877464719888538,0.006870118122986404,0.006395479227627733,0.09209041027083548,0.11073973756028802,-4.987629860224696,6.90874431650016,0.4116279069767442,0.004651162790697674,0.1194582466397035,0.12335706679670894,0.02202055897654521,0.023046564884770637,0.5671814169533762,0.5928742865158453,-3.2637513664206086,-4.65930909982013,0.4046511627906977,0.030232558139534883,0.03255813953488372,0.2813953488372093,1.7515018152781223,1.8314668851382019
compact8,80,0.75,full,430,1.0,1.500398888278914,0.0256006014762614,0.025658262866231702,0.006870118122986404,0.006711660794504989,0.09209041027083548,0.10450798957813177,-0.22523451264913064,2.306471674063937,0.4441860465116279,0.002325581395348837,0.1194582466397035,0.12044859349279997,0.02202055897654521,0.02275562923719398,0.5671814169533762,0.5751308427325132,-0.8290318006118458,-3.3381089981944445,0.4116279069767442,0.030232558139534883,0.030232558139534883,0.2930232558139535,1.5176947019200824,1.6406781529493277
compact5,80,0.25,full,430,1.0,0.7439075106544599,0.0256006014762614,0.02535636577117094,0.006870118122986404,0.006823998430616703,0.09209041027083548,0.09828419440015923,0.9540233080731819,0.6713085793298212,0.5209302325581395,0.009302325581395349,0.1194582466397035,0.12070692877244187,0.02202055897654521,0.022572404321540167,0.5671814169533762,0.5640875263549451,-1.0452875107940462,-2.5060460344478397,0.48604651162790696,0.030232558139534883,0.030232558139534883,0.37209302325581395,1.221071585298072,1.247526760900465
compact5,40,0.5,full,430,1.0,0.532133149272517,0.0256006014762614,0.025590060729010194,0.006870118122986404,0.006486849775439561,0.09209041027083548,0.10457664416808837,0.041173826564111504,5.5787737661232235,0.4720930232558139,0.018604651162790697,0.1194582466397035,0.12348446365015094,0.02202055897654521,0.02212401280928481,0.5671814169533762,0.5685299082471473,-3.370396873972914,-0.4698056613812396,0.4418604651162791,0.03953488372093023,0.04186046511627907,0.34418604651162793,1.4543938321620717,1.4954217696375869
xrel18,5,1.0,full,430,1.0,1.6110585329736966,0.0256006014762614,0.018398206345900267,0.006870118122986404,0.003486418955670174,0.09209041027083548,0.07730168327781772,28.133694972126644,49.25241614106854,0.7302325581395349,0.12790697674418605,0.1194582466397035,0.10623641783299345,0.02202055897654521,0.012574994409370535,0.5671814169533762,0.5617721937918054,11.068159108837616,42.89429971889198,0.6767441860465117,0.17209302325581396,0.19767441860465115,0.6302325581395349,4.383881482000316,10.601605868347761
compact3,10,0.75,full,430,1.0,0.023572223472230237,0.0256006014762614,0.026994885754825722,0.006870118122986404,0.007088145717308679,0.09209041027083548,0.10236450570250107,-5.44629500153424,-3.173563982732519,0.4697674418604651,0.0069767441860465115,0.1194582466397035,0.12187212971918358,0.02202055897654521,0.024470713347765075,0.5671814169533762,0.6071300964682451,-2.0206918713285393,-11.126667464843209,0.44883720930232557,0.002325581395348837,0.0069767441860465115,0.3,1.3791792342269398,1.3643559845936999
hybrid26,80,0.75,full,430,1.0,3.2987614530742686,0.0256006014762614,0.022387993171959098,0.006870118122986404,0.005137334003764134,0.09209041027083548,0.08633330128133491,12.54895634886254,25.222042593774752,0.7767441860465116,0.044186046511627906,0.1194582466397035,0.1122686027969415,0.02202055897654521,0.0156028982361169,0.5671814169533762,0.5565822892508617,6.0185412434912156,29.143950193380476,0.6465116279069767,0.12790697674418605,0.13488372093023257,0.6023255813953489,1.9564848535688315,4.358286554632047
xrel18,20,0.75,full,430,1.0,1.9851629258575794,0.0256006014762614,0.020744360294163666,0.006870118122986404,0.003947465508897431,0.09209041027083548,0.08225209235686692,18.969246431966713,42.541519108823,0.7790697674418605,0.09302325581395349,0.1194582466397035,0.1103183005897134,0.02202055897654521,0.013595391783417458,0.5671814169533762,0.5701043961091979,7.6511637388726905,38.260460154992714,0.6651162790697674,0.16744186046511628,0.17906976744186046,0.6302325581395349,3.607360490830406,7.30017315823975
hybrid26,80,0.5,full,430,1.0,3.2987614530742686,0.0256006014762614,0.023358097056754824,0.006870118122986404,0.005909659608590245,0.09209041027083548,0.09004452012308396,8.75957708097591,13.980232904331091,0.8116279069767441,0.02558139534883721,0.1194582466397035,0.11434035133783887,0.02202055897654521,0.01834244103467779,0.5671814169533762,0.5590435871609729,4.284254495464546,16.703108880138316,0.6790697674418604,0.09302325581395349,0.09534883720930233,0.6348837209302326,1.4037098704264341,3.110745758726031
xrel18,10,0.5,full,430,1.0,1.7872060966623877,0.0256006014762614,0.021581994422677976,0.006870118122986404,0.004457128297211678,0.09209041027083548,0.08209300185858352,15.697314992031519,35.12297434451989,0.8255813953488372,0.05813953488372093,0.1194582466397035,0.11160897884764931,0.02202055897654521,0.016655015344647257,0.5671814169533762,0.5583138951879787,6.57072074373255,24.366064629026717,0.7209302325581395,0.13488372093023257,0.14186046511627906,0.6883720930232559,2.2161292211557084,5.621449983800185
compact5,5,0.75,full,430,1.0,0.12291129983670182,0.0256006014762614,0.027220288086498876,0.006870118122986404,0.006736731835892596,0.09209041027083548,0.11474279595705919,-6.32675217314469,1.9415428484048536,0.4441860465116279,0.023255813953488372,0.1194582466397035,0.12839406232532474,0.02202055897654521,0.023265110599716775,0.5671814169533762,0.6065441217256898,-7.480283644688379,-5.651771258382565,0.42790697674418604,0.023255813953488372,0.030232558139534883,0.3116279069767442,1.69839897946616,1.715755544730158
xrel18,20,0.5,full,430,1.0,1.9851629258575794,0.0256006014762614,0.022104839052177538,0.006870118122986404,0.004664436041615497,0.09209041027083548,0.08386364456441206,13.655001142552713,32.10544625122266,0.8209302325581396,0.06046511627906977,0.1194582466397035,0.11259264691720317,0.02202055897654521,0.01744458406378325,0.5671814169533762,0.5635391406132028,5.747279836784802,20.78046664317639,0.6883720930232559,0.12093023255813953,0.13023255813953488,0.6581395348837209,2.2891611037811206,4.807061296176082
compact3,40,1.0,full,430,1.0,0.2598771410544656,0.0256006014762614,0.027638001139578844,0.006870118122986404,0.007234512913301893,0.09209041027083548,0.09144737050712001,-7.958405450772932,-5.30405422137179,0.4790697674418605,0.004651162790697674,0.1194582466397035,0.1241727086463926,0.02202055897654521,0.02490279908885162,0.5671814169533762,0.6136561540487223,-3.946535412417629,-13.088859893958071,0.4511627906976744,0.002325581395348837,0.004651162790697674,0.30930232558139537,1.5037296055142568,1.4329862662426334
compact3,20,1.0,full,430,1.0,0.16609761768137943,0.0256006014762614,0.027619774563457693,0.006870118122986404,0.007034333217914707,0.09209041027083548,0.09402077062874892,-7.887209560558994,-2.39028051612189,0.4697674418604651,0.009302325581395349,0.1194582466397035,0.12450649399657585,0.02202055897654521,0.02498511850680023,0.5671814169533762,0.6136561540487222,-4.225951325150712,-13.462689722875187,0.44883720930232557,0.004651162790697674,0.009302325581395349,0.26046511627906976,1.525014642151553,1.458946700743853
compact3,80,1.0,full,430,1.0,0.3859306324981981,0.0256006014762614,0.02770596081219517,0.006870118122986404,0.007134069051047801,0.09209041027083548,0.09339952192872021,-8.223866684874581,-3.842014406975869,0.4720930232558139,0.002325581395348837,0.1194582466397035,0.12431642444057771,0.02202055897654521,0.02501874087787376,0.5671814169533762,0.6136561540487223,-4.06684171041527,-13.615375997139822,0.45348837209302323,0.0069767441860465115,0.0069767441860465115,0.30697674418604654,1.4948649343403229,1.4438543860619886
compact8,80,1.0,full,430,1.0,1.500398888278914,0.0256006014762614,0.026429565011894286,0.006870118122986404,0.0066057678986343165,0.09209041027083548,0.11012268180792899,-3.238062732243052,3.8478264801242723,0.42093023255813955,0.004651162790697674,0.1194582466397035,0.12283335726736942,0.02202055897654521,0.02288777567730381,0.5671814169533762,0.5823303724595165,-2.825347535734002,-3.938213837724569,0.386046511627907,0.037209302325581395,0.03953488372093023,0.27209302325581397,1.6934606061490145,1.8674095407313713
compact5,10,0.75,full,430,1.0,0.19971758063141298,0.0256006014762614,0.02678523762830588,0.006870118122986404,0.006666023404950341,0.09209041027083548,0.11035908947587984,-4.627376247948534,2.970759954667912,0.4325581395348837,0.030232558139534883,0.1194582466397035,0.1281274799455631,0.02202055897654521,0.022869259069530933,0.5671814169533762,0.5990132442219395,-7.257124183319674,-3.8541260187341386,0.42790697674418604,0.030232558139534883,0.03953488372093023,0.313953488372093,1.6954930755804969,1.7233979434198736
compact5,5,1.0,full,430,1.0,0.12291129983670182,0.0256006014762614,0.028915596314467655,0.006870118122986404,0.0070136149555064175,0.09209041027083548,0.12698841213584633,-12.948894350314944,-2.0887098293098427,0.4,0.02558139534883721,0.1194582466397035,0.13513475007606826,0.02202055897654521,0.022778956173376493,0.5671814169533762,0.6281300110623484,-13.122998099617567,-3.4440415324564544,0.4,0.030232558139534883,0.03488372093023256,0.27906976744186046,1.933690369110178,1.9577732588621082
xrel18,80,0.25,full,430,1.0,2.498566192929773,0.0256006014762614,0.024382355093546686,0.006870118122986404,0.006232177189627219,0.09209041027083548,0.09068943159235786,4.758663126897056,9.285734567281,0.8116279069767441,0.03488372093023256,0.1194582466397035,0.11675705989102743,0.02202055897654521,0.01942824968781902,0.5671814169533762,0.5592899364290053,2.2611973845749533,11.77222290990587,0.6674418604651163,0.07906976744186046,0.08604651162790698,0.6558139534883721,1.489001256406958,2.6979623554386896
compact5,20,0.75,full,430,1.0,0.31139392485598816,0.0256006014762614,0.026424999768339192,0.006870118122986404,0.006789015678687865,0.09209041027083548,0.10853830353396722,-3.2202301685850365,1.1805101869672652,0.4511627906976744,0.023255813953488372,0.1194582466397035,0.12805964899622935,0.02202055897654521,0.023485898290859016,0.5671814169533762,0.595483852489754,-7.200342042913466,-6.654414703435041,0.42790697674418604,0.03488372093023256,0.037209302325581395,0.3209302325581395,1.6869368806173477,1.736472427783846
compact5,80,0.5,full,430,1.0,0.7439075106544599,0.0256006014762614,0.025439963097968935,0.006870118122986404,0.006483321883440904,0.09209041027083548,0.10443899946368208,0.6274789224832045,5.630125022906618,0.4906976744186046,0.018604651162790697,0.1194582466397035,0.12336946186723848,0.02202055897654521,0.02354364263734487,0.5671814169533762,0.5591953908220606,-3.274127435782259,-6.916643952689605,0.4511627906976744,0.04186046511627907,0.044186046511627906,0.34651162790697676,1.4499797979013562,1.4972507756777658
xrel18,10,1.0,full,430,1.0,1.7872060966623877,0.0256006014762614,0.019104616123068578,0.006870118122986404,0.0035833931568743167,0.09209041027083548,0.07937714106636244,25.37434661141199,47.8408799859669,0.727906976744186,0.11395348837209303,0.1194582466397035,0.10836317347218406,0.02202055897654521,0.01284457361533969,0.5671814169533762,0.5632960120691232,9.287825227322433,41.67008372030496,0.6604651162790698,0.1930232558139535,0.20930232558139536,0.6093023255813953,5.019017492920581,10.51733666377141
compact5,40,0.75,full,430,1.0,0.532133149272517,0.0256006014762614,0.02616565022696912,0.006870118122986404,0.006722648540783225,0.09209041027083548,0.10989726693827788,-2.2071698246295846,2.1465363413442184,0.44883720930232557,0.027906976744186046,0.1194582466397035,0.1276125741670302,0.02202055897654521,0.022898501965007832,0.5671814169533762,0.5939287258442175,-6.826090083107328,-3.986924171169992,0.4232558139534884,0.044186046511627906,0.046511627906976744,0.32325581395348835,1.6891594055895838,1.7460771067139744
hybrid26,80,1.0,full,430,1.0,3.2987614530742686,0.0256006014762614,0.021535635431686448,0.006870118122986404,0.004793686141380494,0.09209041027083548,0.0852511814342977,15.87840054595694,30.22410887897944,0.7488372093023256,0.07441860465116279,0.1194582466397035,0.11056430464574526,0.02202055897654521,0.01434496653295218,0.5671814169533762,0.5585923011784768,7.445230650993184,34.85648321538315,0.6093023255813953,0.16046511627906976,0.17209302325581396,0.5604651162790698,2.4378211479527336,5.567062135619919
compact3,5,1.0,full,430,1.0,1e-15,0.0256006014762614,0.028273380585931967,0.006870118122986404,0.00686875813845176,0.09209041027083548,0.11668172258940286,-10.440298100608892,0.019795649948051164,0.4604651162790698,0.02558139534883721,0.1194582466397035,0.1248216768473441,0.02202055897654521,0.025186979412171052,0.5671814169533762,0.57428728140741,-4.489794851767059,-14.3793826441849,0.4255813953488372,0.011627906976744186,0.02558139534883721,0.28604651162790695,1.7207822118859972,1.5574117729017563
xrel18,20,1.0,full,430,1.0,1.9851629258575794,0.0256006014762614,0.0197130166706191,0.006870118122986404,0.0037668384694575716,0.09209041027083548,0.07964671402519602,22.99783780901268,45.170688450693675,0.727906976744186,0.11162790697674418,0.1194582466397035,0.10908170446291975,0.02202055897654521,0.0137185623883768,0.5671814169533762,0.5735668062931174,8.686333902154376,37.70111647488661,0.6395348837209303,0.19534883720930232,0.20232558139534884,0.5930232558139535,4.940830508903606,9.762307638824215
compact3,10,1.0,full,430,1.0,0.023572223472230237,0.0256006014762614,0.027916012636051663,0.006870118122986404,0.007066297836195688,0.09209041027083548,0.10831343979895278,-9.044362344131907,-2.8555508027277687,0.45813953488372094,0.018604651162790697,0.1194582466397035,0.12387789603687,0.02202055897654521,0.02556036380461606,0.5671814169533762,0.6350632182014865,-3.699744070827138,-16.074999875530914,0.4418604651162791,0.0069767441860465115,0.018604651162790697,0.29069767441860467,1.5456323513394743,1.4878207133855985
compact5,80,0.75,full,430,1.0,0.7439075106544599,0.0256006014762614,0.02591852607223552,0.006870118122986404,0.006555081003509199,0.09209041027083548,0.10931088129498483,-1.2418637752277917,4.585614305860874,0.4627906976744186,0.020930232558139535,0.1194582466397035,0.12737222041737808,0.02202055897654521,0.023450335103463126,0.5671814169533762,0.5925046739551332,-6.624886937729646,-6.492914773148217,0.42093023255813955,0.04883720930232558,0.05116279069767442,0.313953488372093,1.6856978940977114,1.8178696975754225
xrel18,40,0.5,full,430,1.0,2.2179227917402384,0.0256006014762614,0.022735094418333397,0.006870118122986404,0.00511588974706936,0.09209041027083548,0.08621411629999626,11.193123960720586,25.534180701313623,0.8,0.05581395348837209,0.1194582466397035,0.11350682774246394,0.02202055897654521,0.017886448556764106,0.5671814169533762,0.5634159977078775,4.982007575575387,18.77386684045793,0.6558139534883721,0.13488372093023257,0.13953488372093023,0.6302325581395349,2.0770494404764714,5.1504584977083105
compact5,10,1.0,full,430,1.0,0.19971758063141298,0.0256006014762614,0.02824734755355624,0.006870118122986404,0.006929992100514764,0.09209041027083548,0.1195150005769044,-10.338608957094554,-0.87151307235942,0.386046511627907,0.03255813953488372,0.1194582466397035,0.13422405472412832,0.02202055897654521,0.023712297064185227,0.5671814169533762,0.6193732093826816,-12.360643571941733,-7.682539255438248,0.39767441860465114,0.03953488372093023,0.04883720930232558,0.2813953488372093,1.9309615235651891,1.9723052891746164
xrel18,40,0.75,full,430,1.0,2.2179227917402384,0.0256006014762614,0.02162224963338183,0.006870118122986404,0.004408147932355449,0.09209041027083548,0.08411875543982089,15.54007176967528,35.835922273207565,0.7488372093023256,0.10697674418604651,0.1194582466397035,0.11141035560819122,0.02202055897654521,0.014405982936626007,0.5671814169533762,0.5698831725882717,6.736990754422689,34.57939486472495,0.6046511627906976,0.17674418604651163,0.1930232558139535,0.5813953488372093,2.9814948430881665,8.009255127363957
compact5,40,1.0,full,430,1.0,0.532133149272517,0.0256006014762614,0.02733866951107184,0.006870118122986404,0.006839527205301064,0.09209041027083548,0.11547515678518279,-6.789168748328422,0.44527498854767256,0.40930232558139534,0.027906976744186046,0.1194582466397035,0.13328843228185233,0.02202055897654521,0.024517075725285793,0.5671814169533762,0.6167011447601141,-11.57742226358125,-11.337208793835352,0.386046511627907,0.04883720930232558,0.05116279069767442,0.2813953488372093,1.9251683686020316,1.995675953997495
compact5,20,1.0,full,430,1.0,0.31139392485598816,0.0256006014762614,0.02771881141500489,0.006870118122986404,0.006937766036649964,0.09209041027083548,0.1144682418372477,-8.27406317272521,-0.9846688579810525,0.4186046511627907,0.027906976744186046,0.1194582466397035,0.134024659051919,0.02202055897654521,0.02472364873483361,0.5671814169533762,0.6147368844308037,-12.193726948085093,-12.275300373471666,0.39069767441860465,0.044186046511627906,0.04883720930232558,0.28604651162790695,1.9254084536266878,1.9917997508215401
compact5,80,1.0,full,430,1.0,0.7439075106544599,0.0256006014762614,0.026976112794564223,0.006870118122986404,0.00665999138611641,0.09209041027083548,0.11620608931729823,-5.372964848416917,3.0585607570114415,0.4186046511627907,0.02558139534883721,0.1194582466397035,0.13286784325884954,0.02202055897654521,0.024253620560421896,0.5671814169533762,0.6034330610197618,-11.225341905101406,-10.140803356786687,0.3813953488372093,0.05813953488372093,0.06279069767441861,0.27209302325581397,1.9247277087059769,2.4097473722019673
xrel18,80,0.5,full,430,1.0,2.498566192929773,0.0256006014762614,0.023342941696866414,0.006870118122986404,0.00539606245378692,0.09209041027083548,0.08873734350835547,8.818776314644161,21.45604548293735,0.7511627906976744,0.08604651162790698,0.1194582466397035,0.11452939137712055,0.02202055897654521,0.018259280096259052,0.5671814169533762,0.5575887825539327,4.1260067021147595,17.080760230893375,0.6372093023255814,0.17209302325581396,0.17209302325581396,0.6139534883720931,2.503474365639635,5.152496837232778
xrel18,40,1.0,full,430,1.0,2.2179227917402384,0.0256006014762614,0.02074394392842345,0.006870118122986404,0.004325245247653331,0.09209041027083548,0.0831607192066119,18.970872822427122,37.042636382310555,0.6813953488372093,0.13023255813953488,0.1194582466397035,0.110046606105709,0.02202055897654521,0.014575317003597689,0.5671814169533762,0.5739865918378496,7.878602606968466,33.81041317287941,0.5767441860465117,0.22093023255813954,0.23255813953488372,0.5395348837209303,4.131121087418208,10.692295921287954
xrel18,80,0.75,full,430,1.0,2.498566192929773,0.0256006014762614,0.022485718108001193,0.006870118122986404,0.004923941036446479,0.09209041027083548,0.08661182340326021,12.16722728623597,28.32814591685553,0.7093023255813954,0.1372093023255814,0.1194582466397035,0.11275877745385424,0.02202055897654521,0.015848095139045074,0.5671814169533762,0.5611052014710419,5.608209876087877,28.03045937241929,0.5953488372093023,0.2116279069767442,0.21627906976744185,0.5674418604651162,3.9619358660778743,7.793405930869684
xrel18,80,1.0,full,430,1.0,2.498566192929773,0.0256006014762614,0.021817576634409776,0.006870118122986404,0.004717311954580212,0.09209041027083548,0.08345854079541974,14.777093598209001,31.335795540446664,0.6395348837209303,0.1697674418604651,0.1194582466397035,0.11149731714677986,0.02202055897654521,0.014600783287849053,0.5671814169533762,0.5646289230800603,6.664194157256043,33.69476540808611,0.5534883720930233,0.24883720930232558,0.25813953488372093,0.513953488372093,5.343952513744389,10.467748804553949
