local_t_yr,phase,pos_noNN_err,pos_encounterNN_err,pos_gain_instant_pct,vel_noNN_err,vel_encounterNN_err,vel_gain_instant_pct
0.0,pre_correction_window,1.621964594718028e-15,1.621964594718028e-15,0.0,3.9519726900328197e-17,3.9519726900328197e-17,0.0
0.004,pre_correction_window,0.05287098206969862,0.05287098206969862,0.0,0.04956927860421797,0.04956927860421797,0.0
0.008,pre_correction_window,0.05009371010104385,0.05009371010104385,0.0,0.046983539532666735,0.046983539532666735,0.0
0.012,pre_correction_window,0.04731606572395676,0.04731606572395676,0.0,0.04439531029300618,0.04439531029300618,0.0
0.016,pre_correction_window,0.04453804947287765,0.04453804947287765,0.0,0.041804472751938514,0.041804472751938514,0.0
0.02,pre_correction_window,0.04175966185303243,0.04175966185303243,0.0,0.03921090694039631,0.03921090694039631,0.0
0.024,pre_correction_window,0.03898090336479622,0.03898090336479622,0.0,0.03661449179557459,0.03661449179557459,0.0
0.028,pre_correction_window,0.03620177454188896,0.03620177454188896,0.0,0.03401510622695937,0.03401510622695937,0.0
0.032,pre_correction_window,0.0334222760115043,0.0334222760115043,0.0,0.031412630680899,0.031412630680899,0.0
0.036000000000000004,pre_correction_window,0.030642408590341702,0.030642408590341702,0.0,0.028806949503631343,0.028806949503631343,0.0
0.04,pre_correction_window,0.027862173441656323,0.027862173441656323,0.0,0.02619795464119579,0.02619795464119579,0.0
0.044,pre_correction_window,0.02508157234069993,0.02508157234069993,0.0,0.023585551692544914,0.023585551692544914,0.0
0.048,pre_correction_window,0.022300608143190615,0.022300608143190615,0.0,0.020969670349945416,0.020969670349945416,0.0
0.052000000000000005,pre_correction_window,0.019519285659337617,0.019519285659337617,0.0,0.018350283593246464,0.018350283593246464,0.0
0.056,pre_correction_window,0.016737613405283056,0.016737613405283056,0.0,0.015727445854002396,0.015727445854002396,0.0
0.06,pre_correction_window,0.013955607456529497,0.013955607456529497,0.0,0.013101376804011283,0.013101376804011283,0.0
0.064,pre_correction_window,0.011173301067949505,0.011173301067949505,0.0,0.010472671080163615,0.010472671080163615,0.0
0.068,pre_correction_window,0.008390773448492686,0.008390773448492686,0.0,0.007842929959500112,0.007842929959500112,0.0
0.07200000000000001,pre_correction_window,0.005608264222988511,0.005608264222988511,0.0,0.005217302995053736,0.005217302995053736,0.0
0.076,pre_correction_window,0.002826963919918082,0.002826963919918082,0.0,0.002622273177204578,0.002622273177204578,0.0
0.08,pre_correction_window,0.00016982504104890052,0.00016982504104890052,0.0,0.0007459383356201706,0.0007459383356201706,0.0
0.084,pre_correction_window,0.05305598614798543,0.05305598614798543,0.0,0.05118219419904281,0.05118219419904281,0.0
0.088,pre_correction_window,0.05027280940673136,0.05027280940673136,0.0,0.048558505067601176,0.048558505067601176,0.0
0.092,pre_correction_window,0.04748903642000667,0.04748903642000667,0.0,0.04592655425729973,0.04592655425729973,0.0
0.096,pre_correction_window,0.04470466457848725,0.04470466457848725,0.0,0.043286143508308984,0.043286143508308984,0.0
0.1,pre_correction_window,0.04191969147526276,0.04191969147526276,0.0,0.04063709642994772,0.04063709642994772,0.0
0.10400000000000001,pre_correction_window,0.03913411505598908,0.03913411505598908,0.0,0.0379792650311598,0.0379792650311598,0.0
0.108,pre_correction_window,0.036347933837348606,0.036347933837348606,0.0,0.03531253858537865,0.03531253858537865,0.0
0.112,pre_correction_window,0.03356114723286164,0.03356114723286164,0.0,0.03263685614447015,0.03263685614447015,0.0
0.116,pre_correction_window,0.030773756053355868,0.030773756053355868,0.0,0.029952224982145104,0.029952224982145104,0.0
0.12,pre_correction_window,0.027985763303038685,0.027985763303038685,0.0,0.027258749087470748,0.027258749087470748,0.0
0.124,pre_correction_window,0.025197175499238805,0.025197175499238805,0.0,0.02455667551858012,0.02455667551858012,0.0
0.128,pre_correction_window,0.02240800497112425,0.02240800497112425,0.0,0.02184647428163245,0.02184647428163245,0.0
0.132,pre_correction_window,0.01961827411098936,0.01961827411098936,0.0,0.019128985374126082,0.019128985374126082,0.0
0.136,pre_correction_window,0.01682802384387069,0.01682802384387069,0.0,0.016405711555080058,0.016405711555080058,0.0
0.14,pre_correction_window,0.014037332186285036,0.014037332186285036,0.0,0.01367946082366683,0.01367946082366683,0.0
0.14400000000000002,pre_correction_window,0.01124636042293435,0.01124636042293435,0.0,0.010955946727002836,0.010955946727002836,0.0
0.148,pre_correction_window,0.008455490715417074,0.008455490715417074,0.0,0.008248535955279683,0.008248535955279683,0.0
0.152,pre_correction_window,0.005665870262878697,0.005665870262878697,0.0,0.005596509568321115,0.005596509568321115,0.0
0.156,pre_correction_window,0.0028831123975002365,0.0028831123975002365,0.0,0.0031712880404600433,0.0031712880404600433,0.0
0.16,pre_correction_window,0.0003709992668377903,0.0003709992668377903,0.0,0.0021029637095765314,0.0021029637095765314,0.0
0.164,pre_correction_window,0.05334004202884183,0.05334004202884183,0.0,0.054100462166412906,0.054100462166412906,0.0
0.168,pre_correction_window,0.05054567589421382,0.05054567589421382,0.0,0.05133106642431638,0.05133106642431638,0.0
0.17200000000000001,pre_correction_window,0.04775038526884702,0.04775038526884702,0.0,0.04854820701236109,0.04854820701236109,0.0
0.176,pre_correction_window,0.04495416623007965,0.04495416623007965,0.0,0.04575220815432953,0.04575220815432953,0.0
0.18,pre_correction_window,0.04215701603714932,0.04215701603714932,0.0,0.04294348633805917,0.04294348633805917,0.0
0.184,pre_correction_window,0.03935893350556581,0.03935893350556581,0.0,0.04012256753199685,0.04012256753199685,0.0
0.188,pre_correction_window,0.03655991953509388,0.03655991953509388,0.0,0.037290111950102296,0.037290111950102296,0.0
0.192,pre_correction_window,0.033759977880380695,0.033759977880380695,0.0,0.03444695099869477,0.03444695099869477,0.0
0.196,pre_correction_window,0.030959116318058862,0.030959116318058862,0.0,0.03159414443666454,0.03159414443666454,0.0
0.2,pre_correction_window,0.028157348487093975,0.028157348487093975,0.0,0.02873307223023918,0.02873307223023918,0.0
0.20400000000000001,pre_correction_window,0.025354696924572394,0.025354696924572394,0.0,0.025865588453133415,0.025865588453133415,0.0
0.20800000000000002,pre_correction_window,0.022551198339470405,0.022551198339470405,0.0,0.022994291800833372,0.022994291800833372,0.0
0.212,pre_correction_window,0.019746913352946305,0.019746913352946305,0.0,0.020123028942704964,0.020123028942704964,0.0
0.216,pre_correction_window,0.016941945887947826,0.016941945887947826,0.0,0.017257898564023634,0.017257898564023634,0.0
0.22,pre_correction_window,0.014136485623015036,0.014136485623015036,0.0,0.014409435975784039,0.014409435975784039,0.0
0.224,pre_correction_window,0.011330913498547599,0.011330913498547599,0.0,0.011597923392376934,0.011597923392376934,0.0
0.228,pre_correction_window,0.008526115458522169,0.008526115458522169,0.0,0.008868275625401146,0.008868275625401146,0.0
0.232,pre_correction_window,0.005724717548310196,0.005724717548310196,0.0,0.006339705195046863,0.006339705195046863,0.0
0.23600000000000002,pre_correction_window,0.0029393701261461024,0.0029393701261461024,0.0,0.0043919886442412796,0.0043919886442412796,0.0
0.24,pre_correction_window,0.0005605573134981665,0.0005605573134981665,0.0,0.00400804851620304,0.00400804851620304,0.0
0.244,pre_correction_window,0.053717960311968134,0.053717960311968134,0.0,0.05600363219603912,0.05600363219603912,0.0
0.248,pre_correction_window,0.05090593755718343,0.05090593755718343,0.0,0.053072914398971355,0.053072914398971355,0.0
0.252,pre_correction_window,0.04809269065547408,0.04809269065547408,0.0,0.05013461263416763,0.05013461263416763,0.0
0.256,pre_correction_window,0.04527822804492649,0.04527822804492649,0.0,0.04718973402395169,0.04718973402395169,0.0
0.26,pre_correction_window,0.04246256058620741,0.04246256058620741,0.0,0.04423937417830883,0.04423937417830883,0.0
0.264,pre_correction_window,0.03964570211621151,0.03964570211621151,0.0,0.04128474325791958,0.04128474325791958,0.0
0.268,pre_correction_window,0.03682767025762018,0.03682767025762018,0.0,0.03832720595794485,0.03832720595794485,0.0
0.272,pre_correction_window,0.03400848763580749,0.03400848763580749,0.0,0.035368343464934136,0.035368343464934136,0.0
0.276,pre_correction_window,0.03118818376416724,0.03118818376416724,0.0,0.03241005119867625,0.03241005119867625,0.0
0.28,pre_correction_window,0.028366798066857834,0.028366798066857834,0.0,0.029454696987879937,0.029454696987879937,0.0
0.28400000000000003,pre_correction_window,0.02554438492289896,0.02554438492289896,0.0,0.026505385692314046,0.026505385692314046,0.0
0.28800000000000003,pre_correction_window,0.022721022495040346,0.022721022495040346,0.0,0.02356642072040127,0.02356642072040127,0.0
0.292,pre_correction_window,0.01989682911061341,0.01989682911061341,0.0,0.02064415124024988,0.02064415124024988,0.0
0.296,pre_correction_window,0.017071995950301275,0.017071995950301275,0.0,0.017748627812860213,0.017748627812860213,0.0
0.3,pre_correction_window,0.01424685869106288,0.01424685869106288,0.0,0.014897093676732294,0.014897093676732294,0.0
0.304,pre_correction_window,0.01142207553147971,0.01142207553147971,0.0,0.012122050744917436,0.012122050744917436,0.0
0.308,pre_correction_window,0.00859915591039648,0.00859915591039648,0.0,0.00949191612899878,0.00949191612899878,0.0
0.312,pre_correction_window,0.005782534725770741,0.005782534725770741,0.0,0.007168544358965858,0.007168544358965858,0.0
0.316,pre_correction_window,0.002993314054055191,0.002993314054055191,0.0,0.0055510515003745165,0.0055510515003745165,0.0
0.32,pre_correction_window,0.0007289121959678968,0.0007289121959678968,0.0,0.005325314510309429,0.005325314510309429,0.0
0.324,pre_correction_window,0.05412585018605273,0.05412585018605273,0.0,0.056167155533468203,0.056167155533468203,0.0
0.328,pre_correction_window,0.05129240439606432,0.05129240439606432,0.0,0.05320312013647627,0.05320312013647627,0.0
0.332,pre_correction_window,0.04845768647951348,0.04845768647951348,0.0,0.050239665073446606,0.050239665073446606,0.0
0.336,pre_correction_window,0.04562172097056139,0.04562172097056139,0.0,0.047277559802298676,0.047277559802298676,0.0
0.34,pre_correction_window,0.042784535444967416,0.042784535444967416,0.0,0.044317644251799924,0.044317644251799924,0.0
0.34400000000000003,pre_correction_window,0.03994616146119283,0.03994616146119283,0.0,0.04136086215687826,0.04136086215687826,0.0
0.34800000000000003,pre_correction_window,0.03710663595330586,0.03710663595330586,0.0,0.03840830966309566,0.03840830966309566,0.0
0.352,pre_correction_window,0.034266003337719474,0.034266003337719474,0.0,0.03546130780841096,0.03546130780841096,0.0
0.356,pre_correction_window,0.03142431878558864,0.03142431878558864,0.0,0.03252151355600676,0.03252151355600676,0.0
0.36,pre_correction_window,0.028581653472629063,0.028581653472629063,0.0,0.029591095325329796,0.029591095325329796,0.0
0.364,pre_correction_window,0.0257381033362901,0.0257381033362901,0.0,0.026673020867645506,0.026673020867645506,0.0
0.368,pre_correction_window,0.022893804391833823,0.022893804391833823,0.0,0.023771550071613114,0.023771550071613114,0.0
0.372,pre_correction_window,0.02004896112371174,0.02004896112371174,0.0,0.020893122102479657,0.020893122102479657,0.0
0.376,pre_correction_window,0.017203903087477768,0.017203903087477768,0.0,0.018048049991026004,0.018048049991026004,0.0
0.38,pre_correction_window,0.014359208824040733,0.014359208824040733,0.0,0.015253991947833176,0.015253991947833176,0.0
0.384,pre_correction_window,0.011516013292805114,0.011516013292805114,0.0,0.012543660884292969,0.012543660884292969,0.0
0.388,pre_correction_window,0.008676918433981287,0.008676918433981287,0.0,0.009983481425280702,0.009983481425280702,0.0
0.392,pre_correction_window,0.005849543745557896,0.005849543745557896,0.0,0.007721427695387285,0.007721427695387285,0.0
0.396,pre_correction_window,0.003069558449331843,0.003069558449331843,0.0,0.006094976148425958,0.006094976148425958,0.0
0.4,pre_correction_window,0.0009604838283955743,0.0009604838283955743,0.0,0.005675015829701689,0.005675015829701689,0.0
0.404,pre_correction_window,0.05452092732468442,0.05452092732468442,0.0,0.05577603873032034,0.05577603873032034,0.0
0.40800000000000003,pre_correction_window,0.051666316999922274,0.051666316999922274,0.0,0.052849968706614736,0.052849968706614736,0.0
0.41200000000000003,pre_correction_window,0.048810537420418874,0.048810537420418874,0.0,0.04992689718806948,0.04992689718806948,0.0
0.41600000000000004,pre_correction_window,0.04595362183765099,0.04595362183765099,0.0,0.04700728690535749,0.04700728690535749,0.0
0.42,pre_correction_window,0.043095608150561494,0.043095608150561494,0.0,0.044091679845112655,0.044091679845112655,0.0
0.424,pre_correction_window,0.04023654059444787,0.04023654059444787,0.0,0.04118072952836546,0.04118072952836546,0.0
0.428,pre_correction_window,0.03737647221219058,0.03737647221219058,0.0,0.0382752474733127,0.0382752474733127,0.0
0.432,pre_correction_window,0.034515468561817156,0.034515468561817156,0.0,0.03537627181602269,0.03537627181602269,0.0
0.436,pre_correction_window,0.03165361344320192,0.03165361344320192,0.0,0.032485171584049746,0.032485171584049746,0.0
0.44,pre_correction_window,0.02879101804987224,0.02879101804987224,0.0,0.029603810297359933,0.029603810297359933,0.0
0.444,pre_correction_window,0.025927836194409044,0.025927836194409044,0.0,0.026734812162876424,0.026734812162876424,0.0
0.448,pre_correction_window,0.023064290886040124,0.023064290886040124,0.0,0.023882013726542545,0.023882013726542545,0.0
0.452,pre_correction_window,0.020200723520494922,0.020200723520494922,0.0,0.021051268466209725,0.021051268466209725,0.0
0.456,pre_correction_window,0.01733769179500041,0.01733769179500041,0.0,0.018251964460908116,0.018251964460908116,0.0
0.46,pre_correction_window,0.014476183655282842,0.014476183655282842,0.0,0.015500085997907477,0.015500085997907477,0.0
0.464,pre_correction_window,0.011618146564986838,0.011618146564986838,0.0,0.012824888666742782,0.012824888666742782,0.0
0.468,pre_correction_window,0.00876804701062026,0.00876804701062026,0.0,0.010284720739834644,0.010284720739834644,0.0
0.47200000000000003,pre_correction_window,0.005938882841704375,0.005938882841704375,0.0,0.008006959035891235,0.008006959035891235,0.0
0.47600000000000003,pre_correction_window,0.0031897577413129373,0.0031897577413129373,0.0,0.006280992517921715,0.006280992517921715,0.0
0.48,pre_correction_window,0.0012685470587076237,0.0012685470587076237,0.0,0.005635526356884543,0.005635526356884543,0.0
0.484,pre_correction_window,0.05490892267585485,0.011633810525352567,78.81253181011996,0.05547618165417501,0.012929991624706969,76.69271525335074
0.488,pre_correction_window,0.05203436916096194,0.008782695246645806,83.12135731005479,0.05258883724043357,0.01039864047936196,80.22652519997753
0.492,pre_correction_window,0.04915874963671973,0.005956364146352601,87.88340999238227,0.0497043196055249,0.008124124765937072,83.65509309771534
0.496,pre_correction_window,0.04628210567533933,0.0032235510048339547,93.03499493422665,0.046822974775108786,0.0063846264526847855,86.36432972627176
0.5,post_correction,0.043404486408708746,0.002077773011396555,95.21299943090753,0.04394523045229121,0.011239994208859124,74.42272097978476
0.504,post_correction,0.040525951275766504,0.05598862086591441,-38.15498243318028,0.041071625816317334,0.05846395742272714,-42.34634315230836
0.508,post_correction,0.03764657403233462,0.05310963058393091,-41.074272889519975,0.038202854443999394,0.05563468363952484,-45.62965110651176
0.512,post_correction,0.0347664487562038,0.05022947435493384,-44.476862469224116,0.035339827665438334,0.052811487688426514,-49.43900742355664
0.516,post_correction,0.03188569911012449,0.04734817735927151,-48.49345844901767,0.03248377067734381,0.049995258705350494,-53.90842153746726
0.52,post_correction,0.029004493128657625,0.04446576802258079,-53.306481948642606,0.029636372934418086,0.04718709059335089,-59.22019437996188
0.524,post_correction,0.02612306779294149,0.041582279196583256,-59.17839178068848,0.026800031948475633,0.04438834611326907,-65.62795969276391
0.528,post_correction,0.023241771880460345,0.03869774986833152,-66.50085917444709,0.02397826500706199,0.041600745708261846,-73.49356050577367
0.532,post_correction,0.02036114516129516,0.03581222769646521,-75.88513520615368,0.02117643844058101,0.03882649275320968,-83.34760522716306
0.536,post_correction,0.017482075743673036,0.03292577288275304,-88.34017976766437,0.018403133864032556,0.03606845350239639,-95.9908229157061
0.54,post_correction,0.01460614291572668,0.030038464278509945,-105.65637657952139,0.01567288263755795,0.033330420911646695,-112.66299048124583
0.544,post_correction,0.011736461469160506,0.027150409391630034,-131.33386040564463,0.013012076647647483,0.030617509955243667,-135.30071935734526
0.548,post_correction,0.008880149525515772,0.024261761547186712,-173.21343494807374,0.010472872747919807,0.027936763883905532,-166.75358859348808
0.552,post_correction,0.006057679641114424,0.021372750971872634,-252.8207537885036,0.008168313001657542,0.02529810666455247,-209.71029953698996
0.556,post_correction,0.0033582817877250595,0.018483745032437274,-450.39291521032203,0.006357401813203257,0.02271587527601903,-257.3138200709914
0.56,post_correction,0.0016195022003756964,0.015595375393471366,-862.9733994713629,0.005545145643071978,0.0202113364231787,-264.48702566415795
0.5640000000000001,post_correction,0.05530845131719996,0.01270883832761182,77.02188720720952,0.05538317407928266,0.01781686789233135,67.82981801146686
0.5680000000000001,post_correction,0.05241442792613598,0.009826722840365688,81.25187428504645,0.052519383070957736,0.015582824073503894,70.32938476742902
0.5720000000000001,post_correction,0.04951941305746916,0.006955887017417302,85.95321190631897,0.049657784525168454,0.013588035043793075,72.63664665324298
0.5760000000000001,post_correction,0.046623460422041685,0.004122242668476419,91.15843690888377,0.0467986874262449,0.011952307294087647,74.46016554860736
0.58,post_correction,0.043726635188985,0.0015519269473519865,96.45084296872007,0.0439424811348875,0.010838799750375133,75.33411980742748
0.584,post_correction,0.04082901809897406,0.05584025361688889,-36.76609484344181,0.0410896635268466,0.059267333599829754,-44.23903364676247
0.588,post_correction,0.037930711464721927,0.05294127874199629,-39.57365073743789,0.038240881526087685,0.05644850527138878,-47.6129812354874
0.592,post_correction,0.03503184815246904,0.050041147691637096,-42.8447265295371,0.035396990890905214,0.05363435859638921,-51.522367428610565
0.596,post_correction,0.03213260542729534,0.047139886357291536,-46.70421439665805,0.03255914678241448,0.050825614957665806,-56.10241661835325
0.6,post_correction,0.029233227037222607,0.044237524737968444,-51.326176482811476,0.029728945190564574,0.04802316369741654,-61.53672250927429
0.604,post_correction,0.026334059877684873,0.04133409842141483,-56.96060012547018,0.026908651599354582,0.04522811339399569,-68.0801924503735
0.608,post_correction,0.023435617834240963,0.038429650737416984,-63.979678322236346,0.02410158591440011,0.04244186270674398,-76.0957260550477
0.612,post_correction,0.020538699559112607,0.03552423596870368,-72.9624403261807,0.021312801688252083,0.03966619994197538,-86.1144326409228
0.616,post_correction,0.017644621851718584,0.03261792428012696,-84.8604325682955,0.018550352984950384,0.036903445618352654,-98.93662211329269
0.62,post_correction,0.014755726187193391,0.029710809544457508,-101.35104953522212,0.01582781723378022,0.034156660805944386,-115.80146081701135
0.624,post_correction,0.011876618406721622,0.02680302226637238,-125.67890411636948,0.013169719667367904,0.03142995843276628,-138.65320771135185
0.628,post_correction,0.009017752548749166,0.023894751950055818,-164.97458009501725,0.010624237869666322,0.02872897981389281,-170.4097947196575
0.632,post_correction,0.006208702803802811,0.020986288071437636,-238.01405437837354,0.008295331196277443,0.026061643207628705,-214.17242531948511
0.636,post_correction,0.003571749651569541,0.01807810059274187,-406.14131325799315,0.00642262157647417,0.023439351850230453,-264.94991291543545
0.64,post_correction,0.0019916867939863653,0.015171012992265193,-661.7168039709887,0.00549378470365963,0.020878995953117246,-280.04758248369126
0.644,post_correction,0.055733784420122244,0.012266620825958831,77.99069100800186,0.0554888032154526,0.018406345779753103,66.8287209073789
0.648,post_correction,0.052819979013057045,0.009368485905794352,82.26336685314003,0.05263447438794352,0.01606185889704079,69.48414687556958
0.652,post_correction,0.04990524134760422,0.006486509968873618,87.00234726109582,0.04978175502105666,0.01391038474009815,72.05726328006246
0.656,post_correction,0.046989641553870504,0.0036617192274252647,92.20739059431354,0.04693094374311641,0.012055596861771177,74.31205106856724
0.66,post_correction,0.044073265989004996,0.0013370896548149775,96.9662115461365,0.044082418290377914,0.010653487973877907,75.8327959602813
0.664,post_correction,0.04115622302135523,0.0557637754676528,-35.49293733469656,0.041236662769914556,0.060129024001214094,-45.814476638694025
0.668,post_correction,0.03823865146433968,0.05284488704461336,-38.197569791118426,0.03839430690154109,0.05730927635113234,-49.26503686626528
0.672,post_correction,0.0353207331920454,0.04992486132709448,-41.3471828448286,0.035556183832709615,0.054493031628338094,-53.258943323967415
0.676,post_correction,0.03240271257049812,0.047003733560545574,-45.06110702392653,0.0327234175878469,0.051680891054740455,-57.932437576245526
0.68,post_correction,0.029484927418636345,0.04408154601955108,-49.50535707165671,0.02989755936676506,0.04887359515309688,-63.47018348068271
0.684,post_correction,0.026567860339350408,0.04115835053040551,-54.917821776730406,0.027080807420635178,0.04607206560354271,-70.12810913620129
0.6880000000000001,post_correction,0.023652227938080226,0.03823421215287756,-61.651630675012456,0.02427637619052968,0.043277462919523224,-78.26986441413752
0.6920000000000001,post_correction,0.02073914500815662,0.035309214694343886,-70.25395540875438,0.021489145610447596,0.04049126728168525,-88.42660390368987
0.6960000000000001,post_correction,0.017830448753925036,0.03238346921638087,-81.61892425311092,0.018726867660554557,0.03771539395832056,-101.39723653712038
0.7000000000000001,post_correction,0.014929398929793163,0.02945712761607938,-97.30953506302676,0.016002558737941402,0.03495236152335182,-118.41732997661944
0.704,post_correction,0.012042377794040077,0.026530405201400452,-120.30869364130629,0.013339618630544283,0.0322055426166007,-141.42776123193147
0.708,post_correction,0.009183737113538468,0.023603620063978044,-157.01541509917672,0.010783762560717051,0.02947954712899961,-173.36977203473785
0.712,post_correction,0.006393250686949399,0.02067726587231816,-223.42335510989503,0.008433137154312804,0.0267808238118819,-217.56656297456135
0.716,post_correction,0.0038258030551564333,0.0177521565611061,-364.01124953830725,0.006514142738194521,0.024118632756285077,-270.25029578903377
0.72,post_correction,0.00237701786368824,0.014829741809751797,-523.8801161864892,0.005499305877360019,0.02150666594805897,-291.07964582583645
0.724,post_correction,0.0561941244816983,0.011912884831291153,78.80047969219446,0.055770574533266164,0.018965828812016052,65.99312635608001
0.728,post_correction,0.05325973845024797,0.009008140235387072,83.08639791049305,0.05291466900295007,0.016529127324870843,68.76267463007409
0.732,post_correction,0.05032447839828911,0.006134422208922887,87.81026171722539,0.0500599151780332,0.01425028846546457,71.5335345359959
0.736,post_correction,0.04738843491040337,0.003375037311969518,92.87793040991826,0.047206612468050954,0.012218214910996015,74.11757744899573
0.74,post_correction,0.04445172043271192,0.0015639849077459895,96.48160995227745,0.044355139256522055,0.010576413988197229,76.15515548935618
0.744,post_correction,0.041514477032189634,0.05578681169284843,-34.37917488299868,0.041505979912156536,0.061101974421552074,-47.21246083303803
0.748,post_correction,0.038576887702369105,0.052847671486772115,-36.99309258565876,0.03865976362506664,0.05827172379597851,-50.72964325678302
0.752,post_correction,0.03563919325959461,0.04990744804401183,-40.035291148393185,0.03581732154553277,0.0554439637662083,-54.79651010677936
0.756,post_correction,0.032701718338718024,0.046966196841930895,-43.61996625212224,0.03297977306901262,0.05261919604354517,-59.54990331023685
0.76,post_correction,0.029764912755878163,0.044023986091682225,-47.90564465198404,0.030148660059022565,0.04979803743460423,-65.17496080128845
0.764,post_correction,0.02682941996335669,0.041080901321161684,-53.118857497737565,0.027326162878930225,0.04698125401090078,-71.92773906476846
0.768,post_correction,0.02389619575664635,0.03813705208342926,-59.594658797612354,0.02451546209215558,0.04416980807898649,-80.17122382987786
0.772,post_correction,0.020966726052275893,0.03519258203620843,-67.84967738150206,0.02172137262022219,0.04136492384643159,-90.43420767949823
0.776,post_correction,0.01804345510258995,0.032247684547607264,-78.72233651623876,0.018951517558173647,0.038568180950562386,-103.50972333573478
0.78,post_correction,0.015130704447245147,0.02930262771389961,-93.6633407655699,0.01621864463364458,0.03578165044224796,-120.62047261348295
0.784,post_correction,0.01223688262111862,0.02635779614122182,-115.39633056325218,0.01354555443625574,0.03300809705477891,-143.68214095711096
0.788,post_correction,0.00938068208647168,0.02341376421573525,-149.59554113342497,0.010976511417061498,0.030251287768750832,-175.60020319141935
0.792,post_correction,0.006612672035508988,0.020471432444609743,-209.57882584651762,0.008605860824596821,0.02751647588721801,-219.74112117374543
0.796,post_correction,0.004117443752312552,0.01753230055631312,-325.8054659876325,0.00665014820818002,0.02481118418191998,-273.09219892875416
0.8,post_correction,0.002774184716409537,0.014599068544377366,-426.24716941242747,0.005566523761531763,0.022146514809560293,-297.8517968899524
0.804,post_correction,0.056695880946280384,0.011677135403369693,79.40390869941004,0.056210683456022814,0.019539417857285562,65.23896053928522
0.808,post_correction,0.053739852004139055,0.008779048006346359,83.66380315734737,0.05334459171376623,0.01701675228024617,68.10032332508267
0.812,post_correction,0.0507830157089438,0.005941654946456105,88.29991708151024,0.050479306930364405,0.01462272588377118,71.03223722159447
0.8160000000000001,post_correction,0.04782548702810072,0.0033274527937889077,93.04251142945223,0.04761513622730898,0.012432407236798589,73.88980013110168
0.8200000000000001,post_correction,0.04486740932741341,0.0020974415161931765,95.32524487677146,0.0447524669735,0.01057379180367677,76.37271748630528
0.8240000000000001,post_correction,0.04190896441564776,0.055932381021952464,-33.461615675401205,0.041891794086556515,0.06221041214728984,-48.50262086830454
0.8280000000000001,post_correction,0.03895038716609285,0.05297248135270849,-35.999883972455535,0.03903375923246046,0.05936170006389677,-52.07784551412512
0.8320000000000001,post_correction,0.03599198734327908,0.05001160997236186,-38.952065901136514,0.03617920840693499,0.056514583472740076,-56.20735212633097
0.836,post_correction,0.03303418313738357,0.04704985605450715,-42.42778717680037,0.033329278726681726,0.05366947554541116,-61.02801379390821
0.84,post_correction,0.030077554429507474,0.044087330784730226,-46.5788413351802,0.0304855331444027,0.05082688317955068,-66.72459995630012
0.844,post_correction,0.027122930751902825,0.04112417531184261,-51.62142943921178,0.027650176711927963,0.0479874345318607,-73.55199943861291
0.848,post_correction,0.024171543387983673,0.03816057240656329,-57.87395862166558,0.024826417548488,0.04515191677697787,-81.87044783562722
0.852,post_correction,0.021225303365250255,0.035196764011360716,-65.82455103555469,0.022019097345654177,0.04232132876866836,-92.20283240639361
0.856,post_correction,0.018287345249160567,0.03223307846734335,-76.25892675057865,0.01923585304294945,0.03949695586321319,-105.32988984177166
0.86,post_correction,0.015363185448066736,0.029269974259099198,-90.52021703469353,0.016489396104496044,0.036680478447350465,-122.44888906118925
0.864,post_correction,0.0124634756901101,0.026308113249630796,-111.08167499782235,0.013802326072658756,0.03387413300908441,-145.4233643717939
0.868,post_correction,0.009611577288979788,0.023348489446997137,-142.92047751379462,0.011218171698993648,0.031080957395612403,-177.05902734935492
0.872,post_correction,0.006868989731681191,0.020392669284828368,-196.8801829878008,0.0088287657690373,0.02830517511714098,-220.6017223427529
0.876,post_correction,0.004445541965355883,0.017443274282660338,-292.37677697333214,0.006842582388325468,0.025552817114023824,-273.4382089081015
0.88,post_correction,0.003185048358908888,0.014505045910509305,-355.4105393702199,0.005699696353162506,0.022832764104377058,-300.59614915640515
0.884,post_correction,0.057244368502998466,0.011587503546552079,79.75782797578573,0.056798554861657,0.02015856307600949,64.50866905837786
0.888,post_correction,0.054265496671867565,0.00871280421121068,83.94411781781851,0.05391532611176633,0.017551723668321948,67.44576183785429
0.892,post_correction,0.05128589867975914,0.005945405152296992,88.40732968447827,0.051032650277802884,0.015047928655533272,70.51313507407922
0.896,post_correction,0.04830571791806827,0.003549374264414418,92.65226888784773,0.0481508482145254,0.012708984122413971,73.60589772833926
0.9,post_correction,0.045325133676057665,0.0027724719939530244,93.88314656991835,0.045270323796443454,0.010645029113988588,76.4856351329546
0.904,post_correction,0.042344373793182115,0.056221062174453156,-32.77103222507764,0.042391592017876845,0.0634688126642969,-49.72028565837214
0.908,post_correction,0.0393637330549307,0.05323984632756174,-35.25100948445977,0.039515319273268186,0.06059490700388074,-53.345355974063295
0.912,post_correction,0.03638360061487332,0.05025784564419813,-38.13323803816473,0.03664238241384349,0.05772178700156061,-57.527385500330695
0.916,post_correction,0.03340450205347255,0.04727519886546445,-41.52343534350028,0.03377395756623646,0.05484978513845123,-62.402599786778
0.92,post_correction,0.030427166042383137,0.04429208025522246,-45.56755037102819,0.03091165763741371,0.05197930846912006,-68.15438718565277
0.924,post_correction,0.02745263414003599,0.04130871244662498,-50.472673171940734,0.028057752377635397,0.0491108603037981,-75.03490530105313
0.928,post_correction,0.024482450004804274,0.038325385285240446,-56.542279378574136,0.02521553433052728,0.04624506987173965,-83.39912716326177
0.932,post_correction,0.021519003671581955,0.03534248420169524,-64.2384784216037,0.022389955141058522,0.04338273358826423,-93.75980574748591
0.936,post_correction,0.01856620088867742,0.03236053423677654,-74.29809378240422,0.019588791288292665,0.040524873538336545,-106.87786674492995
0.9400000000000001,post_correction,0.01563087638283188,0.029380270775348986,-87.96304222339515,0.016824914811007244,0.037672822085627625,-123.91092322786207
0.9440000000000001,post_correction,0.012726108916452568,0.026402757929859327,-107.4692123350077,0.014121043591071135,0.0348283471298514,-146.64145326959888
0.9480000000000001,post_correction,0.009880141354698375,0.023429596528151297,-137.13827249050087,0.011520500511271566,0.031993842396848195,-177.71226055279175
0.9520000000000001,post_correction,0.007165116259633184,0.02046331159933048,-185.59636519251805,0.009113445687488847,0.029172625069385612,-220.10532645664946
0.9560000000000001,post_correction,0.00481075227931495,0.01750812834455308,-263.9374328176014,0.007101113502791551,0.02636941688048966,-271.34199967545175
0.96,post_correction,0.0036131377975387583,0.01457167417972604,-303.29694011814746,0.00590405443090861,0.023591151211871046,-299.5754356255226
0.964,post_correction,0.05784474239883455,0.01166917887337601,79.82672514484027,0.05753024635319071,0.020848384870060525,63.761001922244944
0.968,post_correction,0.05484175654455128,0.008835596211160047,83.8889255781179,0.054623998204582434,0.018157884030158555,66.75841273618948
0.972,post_correction,0.05183814479858436,0.0061686838955705425,88.10010674660757,0.0517181214544952,0.015547595294521861,69.93781897472513
0.976,post_correction,0.048834083307060495,0.004018603320798179,91.7709045636633,0.048812956791997174,0.01306662379493947,73.23123888884821
0.98,post_correction,0.045829792654558124,0.003518787796719752,92.32205167664056,0.04590893225111566,0.010805566752365816,76.46304058377828
0.984,post_correction,0.042825553463861604,0.056672043812514956,-32.332309167557476,0.04300659260437842,0.06488960685361642,-50.88292962556194
0.988,post_correction,0.03982172904465067,0.05366894967588078,-34.77302709709998,0.040106641414352794,0.06198462940163952,-54.54953896851942
0.992,post_correction,0.036818799097413056,0.0506653455602286,-37.60727346424621,0.03721000254721341,0.059079695482970616,-58.7736937346568
0.996,post_correction,0.03381741130055318,0.047661437222020056,-40.93756851589767,0.03431791244195985,0.05617506432921626,-63.690214036830795
1.0,post_correction,0.030818462870775522,0.044657484006986235,-44.90496879821334,0.03143206251312351,0.05327105267950326,-69.4799781505319
1.004,post_correction,0.027823234469025092,0.041653818179509076,-49.70875591722172,0.028554826207267226,0.050368051321986976,-76.3906772059718
1.008,post_correction,0.024833620035491805,0.038650873241903035,-55.63930343890193,0.025689634889231542,0.04746654766520671,-84.76925760086807
1.012,post_correction,0.021852542773135072,0.03564922651269757,-63.13537002441551,0.022841627817271164,0.04456715705282064,-95.11375200292085
1.016,post_correction,0.018884758111972252,0.03264966506840337,-72.88897678654757,0.020018834649085614,0.04167066701590859,-108.15730658833306
1.02,post_correction,0.01593853194941284,0.029653291425315587,-86.04782121359669,0.017234458263179018,0.03877810110469016,-125.00330740037585
1.024,post_correction,0.013029517497134933,0.026661699820848365,-104.62538099903561,0.014511593964477954,0.03589081310474816,-147.32509187207896
1.028,post_correction,0.0101909307212524,0.023677284498097303,-132.33682129464535,0.011893747125452553,0.03301062975200546,-177.5460870642095
1.032,post_correction,0.007504883099467216,0.020703810311815812,-175.8711899627805,0.009469914596082022,0.030140073353526874,-218.271860297417
1.036,post_correction,0.0052152669337504586,0.01774754449038407,-240.29982963156343,0.007434297599095202,0.027282720865329093,-266.98451335401967
1.04,post_correction,0.004063028615938565,0.014819702435432064,-264.74521437769135,0.006185308380981706,0.024443805664965776,-295.19138189010005
1.044,post_correction,0.058502441383509345,0.01194233612945709,79.5866021194401,0.05840721653524133,0.02163127128655598,62.964728385054514
1.048,post_correction,0.05547403506296048,0.00916457890340984,83.4795163304626,0.05547271616125096,0.01885771137813274,66.00542990662983
1.052,post_correction,0.05244512629652093,0.006615171706131388,87.3864891301249,0.05253846540156982,0.016144147634376747,69.27175639603973
1.056,post_correction,0.04941592873629514,0.004686019068042197,90.51718911719979,0.04960483121628835,0.013527837392196793,72.72879060264847
1.06,post_correction,0.04638671014607872,0.004313999306351499,90.69992398088576,0.04667227381803427,0.011079252017905888,76.26159792192331
1.064,post_correction,0.04335781130735034,0.05730349242104406,-32.1641722522316,0.04374137783934683,0.06648597859915835,-51.99790652079548
1.068,post_correction,0.04032967342092024,0.05427794929273724,-34.5856405189277,0.04081289681714338,0.06354461076450423,-55.697379309308005
1.072,post_correction,0.03730287880057817,0.051252264966093426,-37.39493201071401,0.037887818088807486,0.06060260443999912,-59.95274338033694
1.076,post_correction,0.03427821300592161,0.04822672979667761,-40.69207688378145,0.03496745982771428,0.05766015380947717,-64.89660413873492
1.08,post_correction,0.03125676278181534,0.045201710156029314,-44.614176687314874,0.03205362024470333,0.05471749568682506,-70.70613325141268
1.084,post_correction,0.028240076257685133,0.04217767565880583,-49.35397225539636,0.02914881442815038,0.0517749216354073,-77.6227357823714
1.088,post_correction,0.025230436614159964,0.039155238942414766,-55.19049290030854,0.026256664315324838,0.048832794457303895,-85.98247618530272
1.092,post_correction,0.022231354350285944,0.03613521527532856,-62.54167292719968,0.023382568542831828,0.04589157099919243,-96.26402854386573
1.096,post_correction,0.019248509621355936,0.03311871449303363,-72.0585912599119,0.020534910912415622,0.04295183427469786,-109.16494090426627
1.1,post_correction,0.01629169886992682,0.03010728758055132,-84.80139990880251,0.01772736813428127,0.040014339638883546,-125.72070109777674
1.104,post_correction,0.01337925424796577,0.027103169571869413,-102.57608585314296,0.014983612260846425,0.037080082695463534,-147.47091722572966
1.108,post_correction,0.010549325898391346,0.02410970069331074,-128.54257158732008,0.012347586635262134,0.034150401776243205,-176.57551864197313
1.112,post_correction,0.007892969367721677,0.02113209686510043,-167.73316708310315,0.009907351017080516,0.031227137200828398,-215.19159003241174
1.116,post_correction,0.005662540259695387,0.018178953343415048,-221.03883609991271,0.007849846360193103,0.028312887241712766,-260.680782050571
1.12,post_correction,0.004540061238517606,0.015265417783251568,-236.2381470483412,0.006549026859608194,0.02541143579694191,-288.018500178547
1.124,post_correction,0.059223332023760324,0.012420551345942409,79.02760462555652,0.059434988168425004,0.022528499919264356,62.09555917564281
1.1280000000000001,post_correction,0.05616818561696462,0.009706400040207354,82.71904293580083,0.056467362056491846,0.019673107068952884,65.16021582649594
1.1320000000000001,post_correction,0.05311268762049149,0.00727280182343694,86.30684653843235,0.05349991506061491,0.016860293359534213,68.48538293858661
1.1360000000000001,post_correction,0.05005709445489272,0.005507868498904929,88.99682740501817,0.050533047164788854,0.014116776053019092,72.06426913662237
1.1400000000000001,post_correction,0.04700172755528009,0.005154719354718224,89.0329151228418,0.04756725908532994,0.011493817972420228,75.83670324203102
1.1440000000000001,post_correction,0.043946995959823015,0.05813253267108368,-32.2787403358111,0.044603185664827745,0.06827248801310336,-53.066394239504426
1.1480000000000001,post_correction,0.040893428981810157,0.05508393036766169,-34.701177522099265,0.04164164340222188,0.06528975419948865,-56.78957136452731
1.1520000000000001,post_correction,0.037841724613118743,0.05203564738849168,-37.50865723083951,0.038683699569937294,0.06230575887327911,-61.06463333641309
1.156,post_correction,0.03479282321501504,0.04898807453250529,-40.79936609272974,0.03573077517539459,0.05932064057885289,-66.02114084472221
1.16,post_correction,0.03174802326799147,0.04594170457914374,-44.70729151021638,0.03278480257842962,0.05633456798894317,-71.83134732678809
1.164,post_correction,0.028709169879878375,0.04289716839106015,-49.419744877840685,0.02984847437797091,0.05334774835824825,-78.72855973376154
1.168,post_correction,0.025678975042112067,0.039855287427775034,-55.20591208338578,0.02692565061320411,0.05036043898731908,-87.0351796165057
1.172,post_correction,0.022661589597885497,0.036817152020853255,-62.46500212098353,0.02402205272530183,0.04737296302200259,-97.20614038993357
1.176,post_correction,0.01966368772123522,0.033784241332663376,-71.8103023787297,0.021146503168961703,0.04438573162260723,-109.89631840291908
1.18,post_correction,0.016696677510926544,0.030758613127044285,-84.21996296517922,0.018313262545895825,0.04139927570098875,-126.06171673253667
1.184,post_correction,0.013781622583051841,0.027743215172201855,-101.30586950131324,0.015546711900869214,0.038414292390738826,-147.08949799597875
1.188,post_correction,0.010961427693009673,0.024742418441874955,-125.72258956425632,0.012891351396883865,0.035431714847941796,-174.84872421138448
1.192,post_correction,0.008334761099486141,0.021762976726007008,-161.11098406106385,0.010434274307616509,0.03245282018992205,-211.02134401654632
1.196,post_correction,0.00615701770557574,0.01881585797950673,-205.60019280872388,0.008354649742857309,0.0294794020860369,-252.8502449936923
1.2,post_correction,0.005050179605430835,0.01591998874460602,-215.23609036569843,0.007000271139998888,0.026514057643227798,-278.7575811418071
1.204,post_correction,0.060013650003056536,0.01311054112051104,78.15406808310557,0.06062176256421234,0.02356068645627517,61.134936597531286
1.208,post_correction,0.056930448963159866,0.010458854185413601,81.62871648494884,0.05761630440233957,0.020625406721301268,64.20213525450662
1.212,post_correction,0.053847079262295656,0.008122824855255601,84.91501309534667,0.054611001045723216,0.017718348586918235,67.5553492013752
1.216,post_correction,0.05076384591319901,0.00645711210723851,87.28009670843397,0.05160629243079658,0.014857446098954914,71.21001064186395
1.22,post_correction,0.047681131167619906,0.006046449764387279,87.31898842095131,0.04860272821215155,0.012077222390725022,75.15114308396889
1.224,post_correction,0.044599421174849906,0.05917500030255548,-32.68109482982461,0.045601003787512945,0.07026459651047244,-54.0856355660162
1.228,post_correction,0.04151934444802094,0.05610264481300302,-35.124110360748254,0.04260201140675604,0.06723571723386004,-57.82287036146248
1.232,post_correction,0.03844172869025824,0.053031149869902997,-37.95204242035544,0.03960691421644419,0.06420501548844817,-62.105573631866605
1.236,post_correction,0.03536768701581089,0.04996101881396804,-41.26176470526133,0.036617256083040416,0.06117258483630585,-67.05944513586434
1.24,post_correction,0.032298752827038646,0.046892885035375295,-45.184816536071594,0.0336351288561251,0.05813853902163363,-72.850650491997
1.244,post_correction,0.029237098363672342,0.04382755726237293,-49.90392246595003,0.03066343487888795,0.05510301754855449,-79.70269073310315
1.248,post_correction,0.0261859036388047,0.04076608503890904,-55.67950451974504,0.027706313317348765,0.05206619321694636,-87.92176577438852
1.252,post_correction,0.023150009958120287,0.037709855629378855,-62.893474765661765,0.024769860141092757,0.049028282466339536,-97.93524140656123
1.256,post_correction,0.020137145573397207,0.03466074126724994,-72.12340816088441,0.021863399605306987,0.04598955982639335,-110.34953692759714
1.26,post_correction,0.017160386711506385,0.031621329703797954,-84.26933049588688,0.019001846562670666,0.0429503785051303,-126.03265616041121
1.264,post_correction,0.014243518720563338,0.02859529773986053,-100.760067093376,0.016210348671405573,0.039911200377435986,-146.20815496607915
1.268,post_correction,0.011433873728611767,0.025588040650172433,-123.791527329375,0.013533944529579452,0.03687264077262294,-172.44563247643742
1.272,post_correction,0.008836153494698414,0.022607781853470798,-155.8554677330492,0.01105851339597166,0.03383553730192229,-205.96822638246954
1.276,post_correction,0.00670387085096151,0.019667633562023275,-193.37727410429488,0.008954801208447702,0.030801059165429006,-243.9613951046973
1.28,post_correction,0.005599800349311133,0.016789655047187345,-199.82595806746477,0.007543529308646687,0.02777088751517402,-268.14183890479416
1.284,post_correction,0.060879772081121594,0.014013365668733659,76.98190188678595,0.0619769150051749,0.02474752676971425,60.06976667417554
1.288,post_correction,0.05776722755433315,0.01141463279178081,80.24029666120857,0.058928977583794444,0.021734871586095664,63.116835761846325
1.292,post_correction,0.05465473458746665,0.009147838593708213,83.26249562319532,0.05588121466558283,0.01873930869339912,66.46581717032605
1.296,post_correction,0.05154265317548137,0.00752155147163223,85.40713174771105,0.05283411305865091,0.0157720357671186,70.14800693330437
1.3,post_correction,0.04843143417245501,0.006999858556294829,85.54686914418086,0.04978827965147533,0.012854449516503283,74.18177609974444
1.304,post_correction,0.04532165040762861,0.06044504375973458,-33.36902609698515,0.04674448040226644,0.07247745172760271,-55.05028851296974
1.308,post_correction,0.042214041457746244,0.057348112316208566,-35.85079830276528,0.043703695448475265,0.06939776352531989,-58.79152280643361
1.312,post_correction,0.03910957957116081,0.054252643875184636,-38.7195783490095,0.040667198606325464,0.06631575974053792,-63.06940731890745
1.316,post_correction,0.036009569300815114,0.05115926091485179,-42.071293570550274,0.03763667470016152,0.06323150064172707,-68.00501411315093
1.32,post_correction,0.0329158026237092,0.0480687442502747,-46.03546144626246,0.034614397216810804,0.06014505939777919,-73.75735021775617
1.324,post_correction,0.02983080882993466,0.04498208702162075,-50.79070526737467,0.031603505193216384,0.057056525578901424,-80.53859921572392
1.328,post_correction,0.026758273297094487,0.04190057216283677,-56.58922269616885,0.02860844913901966,0.05396600986652881,-88.63661432427472
1.332,post_correction,0.023703772385841156,0.03882588604554082,-63.796232150509816,0.025635736399686047,0.05087365048860906,-98.4481728764854
1.336,post_correction,0.020676134816146514,0.03576028937001076,-72.9544215492571,0.02269523065531314,0.04777962216459418,-110.52714947141803
1.34,post_correction,0.017690129560387593,0.03270688140453718,-84.88774371543138,0.01980252702448381,0.04468414877946578,-125.6487201063701
1.344,post_correction,0.01477218224296463,0.029670021634563632,-100.85063362046064,0.016983520632851124,0.041587521732106426,-144.86985137618598
1.348,post_correction,0.011973578156248695,0.026656027000146652,-122.62373579810455,0.014283644531619427,0.0384901271533701,-169.46993162820073
1.352,post_correction,0.009403302355182587,0.02367437218182622,-151.76657399278668,0.011787155988297387,0.035392487418907444,-200.26316317563013
1.356,post_correction,0.007308731069857697,0.02073985084821247,-183.76814867011217,0.009655726835910055,0.03229532652218185,-234.46810448359182
1.36,post_correction,0.006195674101629842,0.017876661022582677,-188.53456023259875,0.008182912719122536,0.02919967692575147,-256.83720367095134
1.364,post_correction,0.06182781620450463,0.015126506600416501,75.53446405031784,0.06350929629186639,0.02610706203688089,58.892534540294676
1.368,post_correction,0.05868469283181199,0.012565203209500221,78.58861893422261,0.06041426770746449,0.023019824597229795,61.896708392303196
1.372,post_correction,0.05554188436044767,0.010335790399986187,81.39099794866434,0.057319478376321155,0.019941756530849116,65.20945916512892
1.3760000000000001,post_correction,0.05239981268046051,0.008699303628992794,83.39821616912631,0.05422546872819461,0.016879406227772065,68.87181130258152
1.3800000000000001,post_correction,0.04925900559902315,0.008029078495921238,83.70028302788056,0.05113291082630834,0.013845077519234838,72.92335348115675
1.3840000000000001,post_correction,0.046120132785178715,0.0619545972832744,-34.33308523167194,0.04804265056477778,0.07492397959254013,-55.95305153182006
1.3880000000000001,post_correction,0.04298405732265732,0.05883210566737245,-36.86959615224939,0.04495576706294949,0.07178892665024132,-59.68791401049525
1.3920000000000001,post_correction,0.039851911329545846,0.05571171466277395,-39.79684487923115,0.04187365793425591,0.06865114058743416,-63.94827673097119
1.3960000000000001,post_correction,0.03672520972954052,0.05259416583527746,-43.20998088942834,0.03879816442889767,0.06551066070643266,-68.84989707822098
1.4000000000000001,post_correction,0.03360602642341942,0.04948038552967939,-47.236644125225766,0.035731759681758415,0.06236753459029139,-74.54369766773877
1.4040000000000001,post_correction,0.030497276212023475,0.04637154628915692,-52.05143556680991,0.032677839840736585,0.05922182029792427,-81.22929969225702
1.408,post_correction,0.02740318335895771,0.043269154211305706,-57.89827643203956,0.02964118856682814,0.05607358930326229,-89.17456422788327
1.412,post_correction,0.024330095231160715,0.040175175788788466,-65.12543583197406,0.02662874465410304,0.05292293049031629,-98.74361776255104
1.416,post_correction,0.021287968892773318,0.037092226365615086,-74.24032585000103,0.023650921536777513,0.04976995567476795,-110.43558745639137
1.42,post_correction,0.018293252008586783,0.03402385741257855,-85.99130103607538,0.02072397619289864,0.046614807378437366,-124.93177440731948
1.424,post_correction,0.015374851309774696,0.030975007152327396,-101.46540950698343,0.017874461796683283,0.04345767000621058,-143.1271525852287
1.428,post_correction,0.012587396717520617,0.027952730313967084,-122.06919302908115,0.01514796265542275,0.04029878629698136,-166.03436523891202
1.432,post_correction,0.01004232929113779,0.024967422289111404,-148.62182433257584,0.012626618747713165,0.0371384821946501,-194.1284831410336
1.436,post_correction,0.007977413577660429,0.022034952430637782,-176.21674890146625,0.010462493196465993,0.033977205624525816,-224.75247521310308
1.44,post_correction,0.006844722468502914,0.01918053014624693,-180.22363557484192,0.008922600434583108,0.030815589151189527,-245.3655621712184
1.444,post_correction,0.0628630459230495,0.016445958812939296,73.83843151178078,0.06522534813234135,0.02765455557613818,57.6015209301337
1.448,post_correction,0.05968820153461961,0.013903451987913214,76.70653222840177,0.0620787252741119,0.02449550506577923,60.54122413497051
1.452,post_correction,0.056513984994654085,0.011680675108318397,79.33135469136829,0.058932456907653516,0.021340667609013896,63.78792141238151
1.456,post_correction,0.0533408874347509,0.009995105768160435,81.26183074777876,0.055787143618658115,0.018193819040973336,67.38707547864419
1.46,post_correction,0.05016952239762384,0.009150611294173083,81.76061709009517,0.05264353015788584,0.015061882713773407,71.38891964767454
1.464,post_correction,0.047000666945417165,0.06371270845677059,-35.55703056461189,0.04950255099310405,0.0776122171442682,-56.784277955857206
1.468,post_correction,0.04383532039994654,0.06056350331116973,-38.1614249846879,0.04636539412666951,0.07441742734761612,-60.50209159078624
1.472,post_correction,0.040674790132049506,0.057417041876009954,-41.161249239657344,0.04323359222596994,0.07121957197423637,-64.7320250466154
1.476,post_correction,0.037520819972089704,0.054274177827410744,-44.65083083947317,0.040109155544045455,0.06801868182215044,-69.58392890485173
1.48,post_correction,0.03437578782892733,0.05113597229973802,-48.75578286152601,0.03699477042800462,0.06481479387773775,-75.19988130180067
1.484,post_correction,0.031243019571906214,0.048003760843551235,-53.646355254075104,0.03389410370581621,0.06160795290780146,-81.76598927803943
1.488,post_correction,0.028127305883203613,0.04487924772224971,-59.55757692758487,0.03081228340597087,0.05839821358002913,-89.52900312708601
1.492,post_correction,0.025035789253887292,0.04176464128162625,-66.81975094969884,0.027756683398965826,0.05518564332869508,-98.81929888911445
1.496,post_correction,0.021979560053581832,0.03866285243874364,-75.90366842871848,0.02473825172591348,0.05197032629041968,-110.08083702204559
1.5,post_correction,0.018976687133228372,0.03557779259943226,-87.48157857930418,0.02177385014385358,0.04875236880719547,-123.90329907252304
1.504,post_correction,0.016058321693182553,0.03251483247069646,-102.47964321514623,0.018890545691488545,0.045531907276430895,-141.0301323214081
1.508,post_correction,0.01328172241495928,0.029481528872347156,-121.97067482107548,0.016133769033856958,0.04230911960449897,-162.2395270176029
1.512,post_correction,0.010758986092787531,0.026488811705251164,-146.20174686356725,0.013583034548206826,0.03908424235157316,-187.74308283514517
1.516,post_correction,0.008715626592001357,0.023552985215912974,-170.23857627779043,0.011380448719832004,0.0358575971602235,-215.0806971058767
1.52,post_correction,0.007553846334196508,0.02069920831712338,-174.02209948880468,0.00976763964110605,0.0326296329030414,-234.0585249042474
1.524,post_correction,0.06398904524662687,0.01796769489054098,71.9206704502469,0.06712725155151333,0.029400995628941915,56.20110320414408
1.528,post_correction,0.06078148806139622,0.015424784902618479,74.62256125246935,0.0639248351505598,0.026172650267776768,59.05714859313554
1.532,post_correction,0.05757492855614595,0.013181546935288993,77.10540461646495,0.060722950988948275,0.02294610485731908,62.21180874181275
1.536,post_correction,0.05436993476461529,0.01141768748093827,78.99999782900409,0.05752226631344206,0.019723853859490357,65.7109235717279
1.54,post_correction,0.051167215008797846,0.010382338760086943,79.70900163649365,0.05432360586193906,0.016510336514470644,69.60743630231228
1.544,post_correction,0.04796766444838774,0.0657246707650323,-37.01870107882937,0.05112800082972194,0.08054186547780341,-57.52985481681984
1.548,post_correction,0.04477243131743354,0.06254745905919008,-39.700832004705724,0.047936757119592735,0.07728332918501778,-61.21935197287364
1.552,post_correction,0.04158301318961713,0.059373610230832236,-42.78332827900322,0.04475155223212887,0.07402149139382752,-65.40541657610845
1.556,post_correction,0.03840140023923302,0.05620407680091335,-46.3594464024052,0.04157457563496148,0.07075638643086239,-70.19148205414496
1.56,post_correction,0.0352302941978218,0.053040036183111525,-50.552351011564504,0.03840873675134169,0.06748805497735175,-75.71016566951856
1.564,post_correction,0.032073453228941264,0.04988296092289764,-55.52725354152413,0.03525798094326351,0.06421654565523702,-82.13336083700622
1.568,post_correction,0.028936253985751833,0.04673471656699104,-61.50921466891721,0.03212778307423712,0.06094191712790579,-89.68603276201266
1.572,post_correction,0.02582664375559544,0.04359770046433349,-68.80900544767023,0.029025942477576897,0.057664240921867234,-98.66449114068898
1.576,post_correction,0.02275682541108013,0.04047504246082104,-77.8589136651461,0.025963907076648262,0.05438360527589865,-109.45848063372114
1.58,post_correction,0.019746387034167444,0.03737090128328501,-89.25437457810196,0.02295905898318027,0.05110012048263613,-122.57062242869756
1.584,post_correction,0.01682841879321391,0.03429091241327858,-103.76788119336828,0.02003880219691392,0.047813926444431804,-138.60670899678522
1.588,post_correction,0.01406202573808363,0.03124288185296336,-122.17909734263604,0.017248087843244823,0.044525203593389746,-158.14573764956762
1.592,post_correction,0.011558290031859913,0.028237889267613885,-144.30853690102427,0.014663342237749679,0.04123418906164473,-181.20593786244987
1.596,post_correction,0.009528669894300932,0.025292089154597307,-165.43147611530156,0.012416566989485327,0.03794120129941806,-205.56917488986818
1.6,post_correction,0.008329714663551837,0.02242972403112001,-169.27361784990424,0.010725454733333433,0.03464667877116432,-223.03225954128155
1.604,post_correction,0.06520663637043739,0.01968824787226608,69.80637406226936,0.06921176387632867,0.03135124308832545,54.702435926433616
1.608,post_correction,0.061965607151198504,0.01712698953161953,72.36049105461196,0.06595000779342824,0.02805580664068733,57.45897903671966
1.612,post_correction,0.0587260107512102,0.014840907273445223,74.72856221016275,0.06268904611930955,0.024761766027401075,60.500649538877056
1.616,post_correction,0.05548849996729113,0.012977794587369012,76.61174009926553,0.05942961981070639,0.0214713728237378,63.870923468587165
1.62,post_correction,0.05225388704535696,0.011742451812811451,77.52807977209643,0.056172641365253836,0.01818850389941182,67.62035137150859
1.624,post_correction,0.04902319587383614,0.06799088930444079,-38.69126255950151,0.052919247209238,0.08370032978925317,-58.16613841521499
1.6280000000000001,post_correction,0.04579773590376284,0.06478431587545543,-41.457464210872935,0.04967087030858133,0.08037469932291273,-61.814558157695274
1.6320000000000001,post_correction,0.042579208995903325,0.06158167537950929,-44.628509621759875,0.04642934259299942,0.07704564143613615,-65.94170223670804
1.6360000000000001,post_correction,0.03936986741169793,0.058384001052999644,-48.296158690267944,0.043197042255666215,0.07371320499767176,-70.64410234708302
1.6400000000000001,post_correction,0.03617275344382883,0.0551925623550187,-52.58048420539771,0.03997711015736769,0.07037744726780808,-76.0443588612862
1.6440000000000001,post_correction,0.032992073387555575,0.052008936158998896,-57.640702201566924,0.03677377532700906,0.06703843594193455,-82.29957448153861
1.6480000000000001,post_correction,0.029833800162053087,0.0488351048511706,-63.69052747522961,0.03359285741238047,0.06369625184164107,-89.61248535578923
1.6520000000000001,post_correction,0.026706679853309906,0.04567359371420643,-71.01936281512675,0.030442564578828532,0.06035099250646739,-98.245428206922
1.6560000000000001,post_correction,0.023623981141611298,0.042527666741989004,-80.01905134897328,0.027334799868979135,0.057002777059046134,-108.53555662478314
1.6600000000000001,post_correction,0.020606669170123746,0.039401611097145184,-91.20805391620975,0.024287369065098176,0.05365175290354211,-120.90393059757803
1.6640000000000001,post_correction,0.01768941637916845,0.03630115887342538,-105.21399968952417,0.021327827322551986,0.0502981051170886,-135.83323493951735
1.668,post_correction,0.014932375922082715,0.03323412614864236,-122.56422100580885,0.01850033341513414,0.0469420698869554,-153.73634535988734
1.672,post_correction,0.01244416321601237,0.0302114032423171,-142.77569104399853,0.015877838886146658,0.04358395418121937,-174.4955059296273
1.676,post_correction,0.010421152150605496,0.027248523370184966,-161.4732322913235,0.01358224754714915,0.04022416530273967,-196.1524973175926
1.68,post_correction,0.009178569463506451,0.024368195558725672,-165.49012518358597,0.011808815461105108,0.03686325663439779,-212.167268222752
1.684,post_correction,0.06651255239286302,0.021604439394539234,67.51825239402864,0.07147117487834952,0.033502000930019454,53.125157118176766
1.688,post_correction,0.06323764182889767,0.019009272109285363,69.93994152925748,0.06814772216456988,0.03014151257793678,55.77033007039023
1.692,post_correction,0.0599646748406361,0.016662905379802747,72.21213085189476,0.06482544649125652,0.026783461584193768,58.683722158695424
1.696,post_correction,0.0566943970058294,0.014686493139367426,74.09533584446213,0.061505171249230224,0.023430470411302456,61.904877369810265
1.7,post_correction,0.053427733671770235,0.013248224446360507,75.20346917997662,0.05818790629776346,0.02008690429836702,65.47924547142695
1.704,post_correction,0.05016584791308246,0.07050541006066419,-40.54463941847874,0.05487490378692015,0.08705923239395327,-58.65035997512673
1.708,post_correction,0.046910222191513085,0.0672681925222074,-43.397727360109265,0.05156773505436612,0.08366424667828519,-62.241460847719615
1.712,post_correction,0.04366277568246563,0.06403541149302841,-46.659048794152035,0.04826839833813985,0.08026583208852614,-66.29064740501892
1.716,post_correction,0.04042603654201925,0.060808159859054925,-50.418307260595,0.04497947244322359,0.07686406140716552,-70.88697850822732
1.72,post_correction,0.03720340101360209,0.0575877717691713,-54.79168624426675,0.04170434041352197,0.07345901923507342,-76.14238351856416
1.724,post_correction,0.03399953374945334,0.05437589264227349,-59.93128918465764,0.038447522340190166,0.07005080480683538,-82.19848911722852
1.728,post_correction,0.030821005034128397,0.05117457454440546,-66.03798120061094,0.03521518257957273,0.06663953567632748,-89.23524115130694
1.732,post_correction,0.027677339069552876,0.04798640807002833,-73.37796798109446,0.03201592307816632,0.06322535260359623,-97.48096111185869
1.736,post_correction,0.024582801298061993,0.044814707631489266,-82.30106116922595,0.02886205870894315,0.05980842612607463,-107.22162174641578
1.74,post_correction,0.021559561643969934,0.04166377627512882,-93.24964469665784,0.025771725291568074,0.05638896553224051,-118.80167080117721
1.744,post_correction,0.01864349239098355,0.03853929109752365,-106.71712300085044,0.02277245348037445,0.05296723132765458,-132.59343299703002
1.748,post_correction,0.01589503423295307,0.035448874951156034,-123.01855052104624,0.019907327495742297,0.04954355288618787,-148.8709390890568
1.752,post_correction,0.013419163862206072,0.03240296102019819,-141.46780941738376,0.017245505519479128,0.04611835398403616,-167.42245353112204
1.756,post_correction,0.011396814025771146,0.02941612469714711,-158.10831545228027,0.014898862133192444,0.04269219064130828,-186.54665208423162
1.76,post_correction,0.010106139001482427,0.02650916714010955,-162.307565097027,0.013041524428673998,0.03926580877034442,-201.08296760163938
1.764,post_correction,0.06789798607694686,0.02371239962590665,65.07643157628554,0.07389888560795542,0.03584023482382652,51.500980658944854
1.768,post_correction,0.0645893013878986,0.021070768696057444,67.37730824875396,0.070513300762649,0.032416923672697384,54.02722135811762
1.772,post_correction,0.06128316019720705,0.018651457008467584,69.56511878883553,0.06712945032651964,0.02899801049782318,56.80284829270016
1.776,post_correction,0.05798040916593793,0.016553517549921282,71.44980901644608,0.06374825232359092,0.025586762510227755,59.86280160223464
1.78,post_correction,0.05468209610205959,0.01491461104604689,72.72487320491517,0.06037082754362967,0.022188441022706056,63.24641896506953
1.784,post_correction,0.05138953372953998,0.07325410473217851,-42.54673941528728,0.056998558890097514,0.09057374784168215,-58.90532954758217
1.788,post_correction,0.04810438902888451,0.06998523295452388,-45.486169489650756,0.05363317257263581,0.08710874698022567,-62.41580126973402
1.792,post_correction,0.044828810760558314,0.06672122784202844,-48.8355963721699,0.050276850951020025,0.08364045198472152,-66.35976677657177
1.796,post_correction,0.041565615274391204,0.06346322001303893,-52.68201756209527,0.046932392088318,0.08016896657671997,-70.81798521127357
1.8,post_correction,0.03831856346554981,0.060212580517397654,-57.136841968336306,0.04360343960860536,0.07669441057239547,-75.89073536588485
1.804,post_correction,0.035092784062184544,0.05697098789965986,-62.34388186103177,0.04029482063395461,0.07321692363331901,-81.70306377197878
1.808,post_correction,0.03189543861098085,0.053740518534671086,-68.48966772373994,0.03701305362774101,0.06973667014696733,-88.41101533622239
1.812,post_correction,0.028736797874891418,0.05052376996969313,-75.81558735128917,0.033767129581855224,0.06625384565465095,-96.20810674488742
1.816,post_correction,0.025632040264421344,0.047324031787183696,-84.62842325069225,0.03056974308685929,0.06276868543043475,-105.32945027404071
1.82,post_correction,0.022604353464435865,0.04414552596533025,-95.29656548144935,0.027439278898068468,0.05928147609882224,-116.04604231416316
1.824,post_correction,0.01969043128111354,0.040993750522965375,-108.19122718904246,0.0244030831570215,0.05579257162266721,-128.6291910889711
1.828,post_correction,0.016950326948357162,0.03787597912721883,-123.45279381699359,0.02150290484263875,0.052302415701672475,-143.23418665723923
1.832,post_correction,0.014484513761155915,0.034801999733308234,-140.27040401341654,0.018803808965869185,0.04881157378388194,-159.5834379751458
1.836,post_correction,0.012458659743874214,0.03178522397168293,-155.12554821405547,0.016407641767186676,0.045320779852625025,-176.21751191119478
1.84,post_correction,0.011117860850288305,0.028844374767214263,-159.4417681209446,0.014468312334278985,0.041831006565128497,-189.1215340024183
1.844,post_correction,0.06934737176871211,0.026006068622236693,62.498840318026275,0.07650276324031341,0.038343573483490816,49.879492113187446
1.848,post_correction,0.06600577029879073,0.023308731401292377,64.68682768827652,0.07305739302738169,0.03486031973730461,52.28365221814161
1.852,post_correction,0.0626674203876919,0.020808295639997147,66.79567227872688,0.06961456254291423,0.031383890331197754,54.91763621749256
1.856,post_correction,0.05933327880204312,0.01858555814797575,68.6759968044514,0.06617530235986306,0.027918232936789446,57.81170324697672
1.86,post_correction,0.05600452588237175,0.016752692400268037,70.08689541367728,0.06274086433699304,0.024469507626361974,60.999090648589686
1.864,post_correction,0.05268263512845203,0.07621268982851907,-44.66377705423336,0.059312784705599496,0.09418893445675808,-58.80039172712465
1.868,post_correction,0.04936947009282518,0.07291169346530282,-47.685793119134615,0.05589296969092806,0.09065534704487098,-62.1945435108723
1.872,post_correction,0.046067421709458295,0.06961592522045226,-51.117476596609976,0.052483813439636096,0.08711873688828156,-65.9916289971585
1.8760000000000001,post_correction,0.04277960674482731,0.0663265325895314,-55.0424083726559,0.04908836304718991,0.08357924249161652,-70.26284297007346
1.8800000000000001,post_correction,0.03951016073414289,0.06304489766139049,-59.566290012356106,0.04571055349521006,0.08003702301963253,-75.0952830357206
1.8840000000000001,post_correction,0.0362646805352291,0.05977269995050537,-64.82345651008714,0.04235554833612954,0.07649226300804225,-80.59561500894061
1.8880000000000001,post_correction,0.03305090992963442,0.056512000093918525,-70.98470273354924,0.039030243500582935,0.0729451784556957,-86.89398761912985
1.8920000000000001,post_correction,0.02987983056801891,0.053265352728460266,-78.26524353010032,0.035744027732074524,0.06939602479385447,-94.14718820728388
1.8960000000000001,post_correction,0.026767446372175412,0.05003596073483875,-86.92840564294848,0.03250995426857227,0.06584510744192583,-102.5382961106747
1.9000000000000001,post_correction,0.02373777944405517,0.04682788895231004,-97.2715647757756,0.029346581255984487,0.06229279598174523,-112.26593802657065
1.9040000000000001,post_correction,0.020827999681650812,0.04364636461440055,-109.55619973843389,0.02628090548429195,0.05873954347966374,-123.50654361879674
1.9080000000000001,post_correction,0.018097216449580712,0.04049820601546392,-123.78140930287765,0.023353055728851553,0.055185913268284224,-136.31131578256262
1.9120000000000001,post_correction,0.01564083050961606,0.03739244321765643,-139.0694227820407,0.020623634708676376,0.051632616761149094,-150.35653264081148
1.9160000000000001,post_correction,0.013609793660288385,0.03434122923477171,-152.327332007795,0.018184259800760157,0.048080567961238274,-164.4076167413114
1.92,post_correction,0.012219794229970864,0.031361192413812244,-156.64255734269446,0.01616902598813584,0.04453096388139978,-175.40906863576538
1.924,post_correction,0.07083817440894591,0.028475453930304442,59.8021064660464,0.07932727796645515,0.04098540635836253,48.33377949046243
1.928,post_correction,0.06746558266251759,0.025716616690371376,61.88187268905191,0.07582799234573641,0.037446092184340266,50.61705970849727
1.932,post_correction,0.06409708611163899,0.02313105436666256,63.91247126838994,0.0723323815543233,0.03391612027177674,53.110737483038704
1.936,post_correction,0.06073376226282108,0.02078454895978171,65.7776034525277,0.06884161383500165,0.030400008075450395,55.84065163214711
1.94,post_correction,0.05737693585785676,0.018768094076875467,67.28982857611854,0.0653571003795421,0.026904601160219675,58.834463273341186
1.944,post_correction,0.05402825429310618,0.0793451624025838,-46.85864542676509,0.06188056240496157,0.0978577901102875,-58.13978785435422
1.948,post_correction,0.05068979194476821,0.07601244098872238,-49.956111620157806,0.05841412131474213,0.09425934768055974,-61.36397425663451
1.952,post_correction,0.04736419690810214,0.07268525617934252,-53.46033697218446,0.054960421529289094,0.0906582660414406,-64.95191179188406
1.956,post_correction,0.04405490117581667,0.0693647540261044,-57.450708490480565,0.05152280024866598,0.08705471831475607,-68.96348392284847
1.96,post_correction,0.04076642767094031,0.06605230544722314,-62.02622898524772,0.04810552570788228,0.08344890261687422,-73.47051381085062
1.964,post_correction,0.03750484839762377,0.06274956402378999,-67.3105390495744,0.044714137028741385,0.07984104763926927,-78.5588472566271
1.968,post_correction,0.034278483741257006,0.059458542157295825,-73.45732852743579,0.04135593725750534,0.07623141982074179,-84.33004999036068
1.972,post_correction,0.031098995281746804,0.05618171256323192,-80.65442968251496,0.0380407210138169,0.07262033266515891,-90.90156739874156
1.976,post_correction,0.02798313382900963,0.05292214515654373,-89.12158116358027,0.03478186629749061,0.06900815898942994,-98.40269179117809
1.98,post_correction,0.02495559346189031,0.04968369400253694,-99.08840909116796,0.031597996173088734,0.06539534723097837,-106.96042518884168
1.984,post_correction,0.022053727992839823,0.046471255994037425,-110.7183692894246,0.028515529666344547,0.061782443467703466,-116.66244390551228
1.988,post_correction,0.019335274288605354,0.04329113355930514,-123.89717835457566,0.025572583429639917,0.058170121615592894,-127.47064947756034
1.992,post_correction,0.01689023475368173,0.040151549945778714,-137.7204966735379,0.0228247615252285,0.054559225556528354,-139.03524904837823
1.996,post_correction,0.014855590222550676,0.037063390211638576,-149.49119931550499,0.020352989404306573,0.050950829039291476,-150.33585006687312
2.0,post_correction,0.013420799771153541,0.03404127730570928,-153.64566856050615,0.018271560388371598,0.047346322683023405,-159.12577621534498
2.004,post_correction,0.07234298836494113,0.031105142570669583,57.003237945111266,0.08247632035467094,0.04374754340074617,46.957450074615764
2.008,post_correction,0.0689428143291924,0.028282507425187065,58.97685973458814,0.07893258185888154,0.04015697219073562,49.12497317960576
2.012,post_correction,0.06554775393476901,0.025611721499931125,60.92662225250452,0.07539404097972777,0.03657804581864228,51.484168585051
2.016,post_correction,0.06215901910598434,0.023146277322045383,62.76280151303581,0.07186203389849304,0.03301566546706797,54.056873044111946
2.02,post_correction,0.058778094366819814,0.020959707296703455,64.34095470006392,0.06833816462154542,0.029477060835092005,56.86588746078413
2.024,post_correction,0.055406818190848105,0.08260388116890535,-49.086130310492294,0.06482437597616472,0.10157034354797288,-56.68541658668536
2.028,post_correction,0.052047494727567936,0.07924107001032978,-52.2476161919053,0.06132304389775639,0.09791265942672446,-59.666991726591
2.032,post_correction,0.04870304966127735,0.07588407448231349,-55.80969777062469,0.05783710414770376,0.0942527699904386,-62.962463939648366
2.036,post_correction,0.04537725132427149,0.07253402424406839,-59.84666793881193,0.0543702247696323,0.09059087865547669,-66.61854726426459
2.04,post_correction,0.04207503009844073,0.06919226138658868,-64.44970146118303,0.05092704390347477,0.08692721755537297,-70.68969822817832
2.044,post_correction,0.03880294873115959,0.06586039281618875,-69.73038124626198,0.047513502220592495,0.08326205382215787,-75.23872148088432
2.048,post_correction,0.035569908874766534,0.0625403585605954,-75.8237806590554,0.04413731406118717,0.07959569760781456,-80.33652319094845
2.052,post_correction,0.03238823413806436,0.05923452176577506,-82.88901306959346,0.040808644100470505,0.07592851243230554,-86.05987556305533
2.056,post_correction,0.02927536201566746,0.055945788572380306,-91.10195304310665,0.03754109081030896,0.07226092868075355,-92.48489354206609
2.06,post_correction,0.026256526251595146,0.052677769623577266,-100.62733782377997,0.034353128106613194,0.0685934614205603,-99.67166078059607
2.064,post_correction,0.023369028273339046,0.049435000242800946,-111.54067539556065,0.03127022247217082,0.06492673423147105,-107.63118743159922
2.068,post_correction,0.020668908311468906,0.04622324420830711,-123.63660195182365,0.02832790615759946,0.0612615115394539,-116.25852330430507
2.072,post_correction,0.018240595742756348,0.04304991783152495,-136.01157790375794,0.025576067628660906,0.057598743189090924,-125.20562592094868
2.076,post_correction,0.016207860426143618,0.03992468850453491,-146.32917272742273,0.02308436860743075,0.05393962697153162,-133.66299459526354
2.08,post_correction,0.014736547242315564,0.03686032714761034,-150.1286532150963,0.02094741088779602,0.0502856980618646,-140.0568658877126
2.084,post_correction,0.0738354425029991,0.03387392850337174,54.12240063165353,0.08611197740269567,0.046638959747380436,45.839172256749926
2.088,post_correction,0.0704130523926246,0.03098865402206187,55.990185101948846,0.08253547753983609,0.04300207920010931,47.89867281090828
2.092,post_correction,0.06699702199759823,0.028236180643337237,57.854573529627224,0.07896606680261768,0.03937868876033221,50.1321385820538
2.096,post_correction,0.06358871619769796,0.025659991891685392,59.646941429186555,0.07540527632166943,0.035773864079115286,52.55787681685765
2.1,post_correction,0.060189800310351295,0.023319354066289516,61.25696721695368,0.07185493103083476,0.03219490977685064,55.19457145810217
2.104,post_correction,0.0568023275894303,0.08593308527729708,-51.28444365594517,0.06831722358318534,0.1053768433544122,-54.246378625299116
2.108,post_correction,0.05342885845294578,0.08254338855261845,-54.49214327742659,0.06479481106044174,0.10166609036230782,-56.90467909146598
2.112,post_correction,0.050072625304176575,0.07915978165530634,-58.08993671578788,0.06129094278463204,0.09795352581850199,-59.817293335978256
2.116,post_correction,0.04673776391102498,0.07578336638524888,-62.145896687565596,0.057809631003639624,0.09423937679836693,-63.01674160908194
2.12,post_correction,0.04342964354502165,0.07241544291445381,-66.74196931730243,0.05435588126918919,0.09052390208477473,-66.53929615540396
2.124,post_correction,0.04015534608285704,0.06905755671827049,-71.9759968592383,0.05093600669897544,0.0868073989464759,-70.42442973493249
2.128,post_correction,0.03692437334263652,0.06571155915881352,-77.96255754714862,0.047558061050104086,0.0830902117361506,-74.71320298069374
2.132,post_correction,0.033749708835380636,0.06237968644002385,-84.83029511244173,0.044232440949883475,0.07937274290115606,-79.44463655326524
2.136,post_correction,0.030649434403262496,0.059064663537741466,-92.71045188179491,0.04097272904840154,0.07565546723039837,-84.6483477852445
2.14,post_correction,0.027649213065115228,0.055769842434577915,-101.70498995120494,0.03779687742947975,0.07193895049635067,-90.33040660719169
2.144,post_correction,0.024786088118589986,0.052499387963160796,-111.80989800397492,0.03472885979666783,0.06822387414781919,-96.44720427696029
2.148,post_correction,0.022114121908110487,0.04925853038049564,-122.74694236188404,0.031800933004596736,0.06451106845652005,-102.85904330918578
2.152,post_correction,0.019712022200955494,0.046053912322091106,-133.63362648738672,0.02905658798111446,0.0608015576666652,-109.25222777768543
2.156,post_correction,0.01769095152095211,0.04289407019031291,-142.46333013524864,0.02655400077768817,0.05709662248999315,-115.02079090834488
2.16,post_correction,0.016195143318860804,0.03979010771597984,-145.6916060115407,0.02436904922003645,0.053397888156593326,-119.12175429761577
2.164,post_correction,0.07530029817231432,0.036756643462253026,51.1865897554077,0.09039735258328255,0.04970745092954706,45.012271367403294
2.168,post_correction,0.07186345387733918,0.03381314320311574,52.94806834523981,0.0867990405802832,0.04602806388951617,46.971690491275254
2.172,post_correction,0.06843450645941411,0.03098577326750844,54.722003751302104,0.0832099600991189,0.042363416456495745,49.08852689505817
2.176,post_correction,0.06501499872730047,0.02830990051518615,56.45635458068766,0.07963184945287974,0.038718566481910674,51.37803938005801
2.18,post_correction,0.061606805136565905,0.02583323227062256,58.06756702712119,0.07606676340476216,0.035100628654258684,53.85549866571396
2.184,post_correction,0.058212225728865585,0.08927710848113811,-53.36487715993384,0.07251714775217878,0.1093704962015651,-50.82018473110596
2.188,post_correction,0.05483411299786351,0.08586547365695826,-56.591342437332436,0.06898593520173132,0.10561154974459219,-53.09142281793939
2.192,post_correction,0.05147604547744197,0.08246021411591034,-60.19143147281267,0.06547666960823234,0.10185107951871972,-55.55323770760943
2.196,post_correction,0.04814256854431078,0.07906239527570189,-64.22554439099414,0.06199366827416441,0.09808933170486346,-58.224758165733135
2.2,post_correction,0.04483953325351295,0.07567326612073656,-68.7646160206361,0.05854223565163747,0.0943265865888723,-61.12569931591588
2.204,post_correction,0.04157458005254098,0.07229430087429088,-73.89063409161811,0.05512894682254136,0.09056316563526419,-64.27516006569952
2.208,post_correction,0.038357839091094525,0.06892725227452506,-79.69534756854378,0.051762025973095024,0.08679944039590651,-67.6894185730352
2.212,post_correction,0.035202956940137885,0.06557422028401225,-86.27475071347061,0.048451854073979055,0.0830358438309976,-71.37805233255622
2.216,post_correction,0.03212861561511733,0.06223774151795118,-93.71435813956062,0.04521165102994982,0.079272884835785,-75.33729255600906
2.22,post_correction,0.0291607841664329,0.05892090674951665,-102.05528909383976,0.04205838917045716,0.07551116707728629,-79.53889477613943
2.224,post_correction,0.026336013871011376,0.05562751682279728,-111.22223391607373,0.03901400194331673,0.07175141369899453,-83.91195500333916
2.228,post_correction,0.02370605704613709,0.052362291581616455,-120.88148813490224,0.0361069403241812,0.067994500124329,-88.3142119322483
2.232,post_correction,0.021343646200413048,0.04913115258252747,-130.1909998001029,0.03337406820426265,0.06424149820428647,-92.48926385330911
2.236,post_correction,0.01934766895108398,0.04594160917781708,-137.45294223283233,0.030862713838128154,0.06049373651345095,-96.00912878476774
2.24,post_correction,0.017842189844939182,0.04280328995909472,-139.89930793856894,0.028632306764272634,0.05675288404085426,-98.21275494180739
2.244,post_correction,0.07674504427492643,0.039728678332373514,48.23290714374716,0.09538738157447797,0.053021068432049324,44.41500798441484
2.248,post_correction,0.07330410828036582,0.03673413179073139,49.888031308921235,0.0917746020236495,0.04930104634464708,46.28029404917208
2.2520000000000002,post_correction,0.06987296105370962,0.03384128490090402,51.567409781172636,0.08817331997085706,0.04559645423976791,48.28769716866917
2.2560000000000002,post_correction,0.06645335488123155,0.031078940559426414,53.23194650597836,0.08458547486452243,0.04191218649347466,50.449901049082094
2.2600000000000002,post_correction,0.063047408810909,0.028485499710091376,54.81892079732456,0.08101333766928971,0.03825498063925481,52.77940430572286
2.2640000000000002,post_correction,0.059657709175366364,0.09259180644826455,-55.20509876785079,0.07745958323446359,0.11361165742386482,-46.67217751478468
2.2680000000000002,post_correction,0.05628744393839583,0.08916478519742684,-58.40972508009749,0.07392738153541464,0.10980714187120008,-48.53379030961264
2.2720000000000002,post_correction,0.052940584324986134,0.08574443449652572,-61.963521162076205,0.07042051340140836,0.10600132476835174,-50.52620273318228
2.2760000000000002,post_correction,0.04962213330150044,0.08233177697459527,-65.91744751148332,0.0669435181442755,0.10219447283137682,-52.657756365790455
2.2800000000000002,post_correction,0.04633846958771736,0.0789280039113847,-70.32932812331298,0.06350188286600143,0.09838688881926431,-54.93538833624117
2.2840000000000003,post_correction,0.043097829468945935,0.0755345119795754,-75.26291442125098,0.060102286267219696,0.0945789187199531,-57.36326285400769
2.2880000000000003,post_correction,0.039910988690937295,0.07215294978078345,-80.7846714585836,0.05675291356340003,0.09077096073487503,-59.94061808557658
2.2920000000000003,post_correction,0.036792235276104486,0.06878527726200875,-86.95596162020317,0.05346386351563534,0.08696347660758054,-62.658421762109164
2.2960000000000003,post_correction,0.033760761839403755,0.06543384221663184,-93.81624895757228,0.050247673001161994,0.08315700603831107,-65.49424296004321
2.3000000000000003,post_correction,0.030842646638412415,0.0621014796421274,-101.34938603091292,0.04711998732467651,0.07935218520522437,-68.4045130539923
2.3040000000000003,post_correction,0.028073607433923828,0.05879164193949529,-109.41961975450344,0.044100401732182826,0.07554977081441586,-71.31311245920568
2.308,post_correction,0.025502611367968792,0.05550857107357566,-117.65838122481162,0.04121348321058965,0.07175067168721759,-74.09514095324396
2.312,post_correction,0.023195979811507852,0.052257528254371716,-125.28700524409847,0.03848993620052758,0.067955990763026,-76.5552179899288
2.316,post_correction,0.0212404014405429,0.049045102960568666,-130.90478349883335,0.03596777562441101,0.06416708170778022,-78.40158473472738
2.32,post_correction,0.019740871701513646,0.04587963182681596,-132.40935111947516,0.03369318228695956,0.060385626332543095,-79.22209252378765
2.324,post_correction,0.07820691884514287,0.04277176962693732,45.309481234480685,0.1009428828670856,0.0566137421795387,43.915072988272335
2.328,post_correction,0.07477461837279993,0.039735269310091345,46.859950375159016,0.09731970716502641,0.05285413467030466,45.69020375217616
2.332,post_correction,0.0713544004271876,0.036788043788956504,48.443202425201164,0.09371042929059842,0.04911031643648088,47.593542353553254
2.336,post_correction,0.06794826215772753,0.03395359137296353,50.03022844918764,0.09011717340123677,0.045386930199492075,49.6356482494055
2.34,post_correction,0.06455860588309904,0.03126284821137251,51.574468215775255,0.0865424013788687,0.041690235088858024,51.82681041360884
2.344,post_correction,0.061188345763644375,0.0958539722544479,-56.65396908213268,0.08298898060936029,0.11804144811529355,-42.23749616943687
2.348,post_correction,0.057841048592152895,0.09241918985005645,-59.78131811150232,0.07946026775998624,0.11419329763954722,-43.71119159134204
2.352,post_correction,0.05452112142106063,0.08899136249479794,-63.2236464975242,0.07596021275053728,0.11034416601984667,-45.26574113507362
2.356,post_correction,0.05123406402187883,0.08557146512087685,-67.0206468187546,0.07249348824132335,0.10649434580994133,-46.90194718652885
2.36,post_correction,0.04798681171805006,0.08216062669566412,-71.21501461360832,0.0690656513413768,0.10264416694380772,-48.61825661566483
2.364,post_correction,0.04478820477795802,0.07876016242408146,-75.85023292302692,0.06568334586422807,0.09879400387854141,-50.40951793587878
2.368,post_correction,0.041649635120050765,0.07537161416624596,-80.96584507642164,0.062354555236944,0.09494428446299547,-52.265193941665096
2.372,post_correction,0.038585939714790095,0.07199680154282266,-86.58817713133494,0.059088917837368526,0.09109550103605236,-54.16681227227096
2.376,post_correction,0.035616630324101325,0.06863788705328298,-92.7130287977765,0.05589811748679922,0.08724822443242941,-56.08436984131668
2.38,post_correction,0.03276756109567651,0.06529745971186088,-99.27470195661435,0.05279636080671364,0.08340312181795041,-57.97134602380546
2.384,post_correction,0.030073109916095627,0.06197864334594741,-106.09322919667649,0.049800947764006,0.07956097962269716,-59.75796283981656
2.388,post_correction,0.027578815100323457,0.05868523798912385,-112.79100561661026,0.04693292772677867,0.0757227333389255,-61.34244549955944
2.392,post_correction,0.02534402057286534,0.055421905993115014,-118.67842883797475,0.0442178038312491,0.07188950667793322,-62.58045504089077
2.396,post_correction,0.023443227726967466,0.05219441891877136,-122.64177751739584,0.041686193715878186,0.06806266365733281,-63.27387460997159
2.4,post_correction,0.021963483956001627,0.049009987356823735,-123.1430471367978,0.03937426468672631,0.06424387881161943,-63.162104290107706
2.404,post_correction,0.07974979577493056,0.04587770397790272,42.472951144127656,0.1067553385401765,0.06043523320149099,43.389029506241805
2.408,post_correction,0.07634048687976679,0.04280914044842149,43.92341181181595,0.10312678498646562,0.056639347767989685,45.07794674737213
2.412,post_correction,0.07294596988303517,0.03981915051154087,45.412816396315414,0.0995148041087068,0.05285957172874136,46.88270534000223
2.416,post_correction,0.06956851957922323,0.036926940905282424,46.92004209859495,0.0959216845102111,0.04910025368567899,48.81214405648585
2.42,post_correction,0.06621085512197945,0.0341574685602805,48.41107474393344,0.09235005122302975,0.045367139611330876,50.87480839423999
2.424,post_correction,0.06287625131248675,0.09906315684968214,-57.55258111262263,0.08880292756619722,0.12247128683358699,-37.91356905693458
2.428,post_correction,0.059568683277804714,0.09562850626919657,-60.53486665673495,0.08528381012579793,0.11858433128042357,-39.04670898908679
2.432,post_correction,0.056293015972361256,0.09220105395498883,-63.787731679286296,0.08179675984337788,0.11469698374229544,-40.22191583372493
2.436,post_correction,0.053055254131566816,0.08878172353532116,-67.33823065885157,0.07834651283954486,0.1108095642868183,-41.435221901654245
2.44,post_correction,0.04986287395281453,0.08537157859568485,-71.21271163886858,0.074938615311282,0.10692243087234121,-42.68001941082577
2.444,post_correction,0.046725265124089956,0.08197185074599406,-75.43367710873012,0.07157958756828131,0.10303598633226031,-43.94604639761589
2.448,post_correction,0.0436543207380459,0.07858397453846382,-80.01419609760597,0.06827712288933938,0.09915068698871835,-45.2180214878379
2.452,post_correction,0.0406652218655787,0.07520963120463503,-84.94828690040083,0.06504032713361543,0.09526705335287926,-46.47382255191864
2.456,post_correction,0.03777746900303337,0.07185080382679415,-90.19485879539688,0.06188000446887118,0.0913856835202991,-47.682089399768536
2.46,post_correction,0.035016203613011346,0.06850984744146416,-95.65184221172171,0.05880899236690892,0.08750727007945457,-48.79913182918912
2.464,post_correction,0.032413815519686556,0.06518957878201344,-101.11664651889099,0.05584254381940622,0.08363262164492424,-49.76506427678265
2.468,post_correction,0.030011698484884893,0.06189339202978487,-106.23088713541785,0.05299874446129196,0.07976269054260401,-50.49920777059031
2.472,post_correction,0.027861720515285033,0.058625409229286815,-110.41561018144849,0.050298934028797704,0.0758986087713442,-50.89506415362578
2.476,post_correction,0.02602644513785429,0.05539067715613227,-112.82459768418022,0.04776807188329521,0.07204173523409284,-50.81566492803382
2.48,post_correction,0.02457645880669462,0.05219542667792872,-112.37976995982311,0.04543494267037474,0.06819371851395001,-50.090909124036
2.484,post_correction,0.08145128659860375,0.04904741629705527,39.783128854963905,0.11247124364257759,0.06435658139239282,42.77952362924728
2.488,post_correction,0.07807990294362487,0.04595638876150002,41.14184696837882,0.10884777325806569,0.06053283623366973,44.387620966619814
2.492,post_correction,0.07472640495791746,0.042934678039264006,42.54416753563499,0.10524390494345769,0.056725644891361685,46.10077902198939
2.496,post_correction,0.07139336594672237,0.03999801188477168,43.97517002543292,0.10166206642293506,0.05293904393228154,47.92645300751192
2.5,post_correction,0.06808383900880681,0.037166557722727936,45.41060218722338,0.0981050149175941,0.049178267414588646,49.871810879497616
2.504,post_correction,0.06480146998044269,0.10223534522161333,-57.76701555145018,0.0945758925378308,0.12666556864107015,-33.93008011042912
2.508,post_correction,0.0615506416360633,0.09880818677899462,-60.531530058171896,0.09107829215420644,0.12275021972828253,-34.77439774611904
2.512,post_correction,0.05833665871496245,0.09538840192332085,-63.51365337770913,0.08761633577005086,0.11883536883377423,-35.631520982180476
2.516,post_correction,0.05516598628015114,0.09197686064525445,-66.72748344997497,0.08419476773092403,0.11492135726204047,-36.494654429494695
2.52,post_correction,0.05204655751334154,0.08857455947395472,-70.18331990785296,0.08081906539526826,0.111008563936927,-37.35442669871094
2.524,post_correction,0.04898817111365127,0.08518264580647407,-73.8841109394604,0.077495570092216,0.1070974121481215,-38.198108641152956
2.528,post_correction,0.04600300226852966,0.0818024479167765,-77.81980280173367,0.07423164119175593,0.10318837781503012,-39.00861702420516
2.532,post_correction,0.043106252803075486,0.07843551220218274,-81.95854917035757,0.07103583571564104,0.09928199967675061,-39.7632598765783
2.536,post_correction,0.04031696130136285,0.07508364971263899,-86.23340472363653,0.06791811481133943,0.09537889194644512,-40.432183978288094
2.54,post_correction,0.03765897397504274,0.07174899466467693,-90.52296728059093,0.06489007611104591,0.09147976014562158,-40.976503077408836
2.544,post_correction,0.0351620256901317,0.06843407852936885,-94.62496026949614,0.06196520679171983,0.08758542107866352,-41.34612892208925
2.548,post_correction,0.032862772235830194,0.06514192448646308,-98.2240695306862,0.05915914507218689,0.08369682824992414,-41.47741342069091
2.552,post_correction,0.030805419811733816,0.061876168668223666,-100.86130637523392,0.056489926766758215,0.07981510450890653,-41.290862065472055
2.556,post_correction,0.02904131081748334,0.05864121682268783,-101.92345032643937,0.05397817728981724,0.07594158440018732,-40.68941971205349
2.56,post_correction,0.02762654221822742,0.05544244798537877,-100.68544064410274,0.051647187916710406,0.07207786969603482,-39.558168805380554
2.564,post_correction,0.0833865558655403,0.052286480650675225,37.29627023451301,0.11781445377372916,0.06822590305998737,42.09037951233051
2.568,post_correction,0.08006755098759955,0.049181521912027286,38.574964132917884,0.11421290014249089,0.0643880669792258,43.624523237834005
2.572,post_correction,0.07676982940470373,0.04613782599100811,39.901096109272814,0.1106342298388084,0.06056731841192596,45.2544492783371
2.576,post_correction,0.07349626258394569,0.04316829473701178,41.264639562173684,0.10708097790006382,0.05676737466890743,46.98649957989075
2.58,post_correction,0.0702502277990267,0.04028925670477065,42.64893087602366,0.10355599753268513,0.05299297394270458,48.826745716993806
2.584,post_correction,0.06703571851673194,0.10539332638749874,-57.219656504752514,0.10006250887486941,0.13044130194808845,-30.359815494141227
2.588,post_correction,0.06385748238635235,0.10197994256723021,-59.69928465113654,0.09660415589634377,0.1265131462567111,-30.960355776473687
2.592,post_correction,0.06072119410537505,0.09857402543285504,-62.33874660269445,0.09318507271762137,0.12258655753639518,-31.551710978290583
2.596,post_correction,0.05763367210754166,0.09517639013354756,-65.14024988023147,0.08980996073307766,0.11866188699457235,-32.12553042668051
2.6,post_correction,0.0546031497228334,0.09178796565968138,-68.10012998444007,0.08648417796016092,0.1147395226623288,-32.67111438023236
2.604,post_correction,0.05163961276295837,0.08840981581770008,-71.20541980732543,0.08321384195433543,0.11081989584037963,-33.17483394312373
2.608,post_correction,0.04875521546087036,0.08504316488713175,-74.42885665305926,0.08000594733737196,0.10690348893995977,-33.61942767725166
2.612,post_correction,0.0459647834990018,0.08168942918550191,-77.72177516571122,0.07686849835176937,0.10299084507926944,-33.98316252772066
2.616,post_correction,0.043286403113984406,0.0783502561324077,-81.0043119685667,0.07381065568213514,0.0990825799056415,-34.238856151528644
2.62,post_correction,0.04074207323024423,0.07502757288991536,-84.15256500550355,0.0708428948053506,0.09517939626156866,-34.35277669424087
2.624,post_correction,0.03835835462199219,0.07172364730475336,-86.98311752827813,0.06797716999341256,0.091282102514519,-34.28346976398817
2.628,post_correction,0.03616687586994229,0.06844116474491903,-89.23714890674141,0.06522707338136231,0.08739163564840348,-33.980617430820324
2.632,post_correction,0.034204444497769396,0.06518332558385417,-90.56975355382554,0.06260797182577695,0.08350909060136914,-33.384117335337145
2.636,post_correction,0.03251237844872134,0.06195396963510113,-90.55502116775367,0.060137095407924536,0.07963575787886046,-32.423685145868376
2.64,post_correction,0.031134583980982917,0.058757735896114355,-88.72176333560046,0.05783354070922279,0.07577317224551912,-31.019424569721142
2.644,post_correction,0.08561585667536424,0.055600268649453936,35.058445002451535,0.1226334242034984,0.07192317641522308,41.35108198897433
2.648,post_correction,0.08236236317177402,0.052488484397623596,36.27127443131494,0.11907431165597432,0.06808800528554992,42.81889658764721
2.652,post_correction,0.0791337290054876,0.04943091826737526,37.534956473557024,0.11554138968457263,0.06427039866562179,44.37456668897646
2.656,post_correction,0.0759330967593237,0.046438173085939345,38.84330408237002,0.11203726479112372,0.06047375403981708,46.02353587213941
2.66,post_correction,0.07276412632085821,0.043523498218263415,40.185500164815174,0.10856484660841746,0.056702336351429634,47.77099759008615
2.664,post_correction,0.06963109799173901,0.10855894082553717,-55.90582937298581,0.10512739006112196,0.13371414079463861,-27.192485913419976
2.668,post_correction,0.06653903831862333,0.10516431414830121,-58.04904429895738,0.10172854363802851,0.12979114143794873,-27.58576580017977
2.672,post_correction,0.06349387350524736,0.10177716285092622,-60.29446186255275,0.09837240450627784,0.12587078042386704,-27.953343273045988
2.676,post_correction,0.06050261587167321,0.09839824692355079,-62.63469852651442,0.09506358117514373,0.12195340771202384,-28.286149337608794
2.68,post_correction,0.05757358908129728,0.09502842826480745,-65.05559194967286,0.09180726431921485,0.11803940897101371,-28.573059927577642
2.684,post_correction,0.0547166972960445,0.09166868866951335,-67.53330007025136,0.08860930615511008,0.11412921166701132,-28.800480016431674
2.688,post_correction,0.051943741229221234,0.08832015165580345,-70.03040128753466,0.08547630837080046,0.110223292419066,-28.951863410983897
2.692,post_correction,0.049268778883805334,0.08498410909122102,-72.49079643651434,0.08241571794781494,0.1063221859355773,-29.00717069879773
2.696,post_correction,0.04670851847692896,0.08166205384996361,-74.83332058647821,0.0794359291829112,0.10242649593798489,-28.942277117618932
2.7,post_correction,0.04428271269041969,0.07835572009162974,-76.9442640955949,0.07654638866890974,0.09853690859993029,-28.728357161481966
2.704,post_correction,0.04201449349492113,0.07506713322379659,-78.6696136962141,0.07375769777721923,0.09465420919477369,-28.331295644111798
2.708,post_correction,0.03993054299046041,0.07179867223417666,-79.80890530672147,0.07108170414642768,0.09077930286809043,-27.71120776885971
2.712,post_correction,0.03806094060448858,0.06855314790212513,-80.11417167667308,0.06853156973235934,0.08691324075873115,-26.822194644247762
2.716,post_correction,0.03643847536647551,0.06533390148661115,-79.29921828376033,0.0661217981851325,0.0830572531173164,-25.612514173868675
2.72,post_correction,0.035097199368393596,0.0621449299149662,-77.06521042510914,0.06386819907319101,0.07921279166633129,-24.025403590221543
2.724,post_correction,0.08817861654627993,0.05899104534939724,33.100509329905165,0.12688167022356137,0.07538158428809939,40.58906684056137
2.728,post_correction,0.08500188662450793,0.05587807936443086,34.262542181834384,0.12338541554087562,0.07156570633121166,41.99824507824178
2.732,post_correction,0.08185361525436836,0.05281314485511034,35.478543383834456,0.11991845735784273,0.0677676745672961,43.488537077262485
2.736,post_correction,0.07873716321904539,0.04980497208923684,36.74528005196188,0.11648343750555012,0.06399057237554465,45.064660053069204
2.74,post_correction,0.0756564027458357,0.04686433853005127,38.05634839989693,0.1130832827970031,0.06023821849298275,46.73110206650353
2.744,post_correction,0.07261580915007429,0.11174908906712651,-53.890854312696426,0.10972124079004414,0.13648788528629874,-24.395134710036334
2.748,post_correction,0.06962056972889039,0.10837692076115724,-55.66796017784405,0.10640091995672199,0.13258727635148107,-24.61102442103907
2.7520000000000002,post_correction,0.06667671259193397,0.10501215768420627,-57.49450385607316,0.103126334596177,0.12869024090587777,-24.78892167534524
2.7560000000000002,post_correction,0.06379125799101144,0.1016555050355807,-59.35648274863077,0.09990195473961863,0.12479711950554988,-24.91959724994094
2.7600000000000002,post_correction,0.0609723940978472,0.09830775879434021,-61.233227346425025,0.09673276113815335,0.1209082870559671,-24.99207676216991
2.7640000000000002,post_correction,0.05822967771175612,0.09496982106931628,-63.09522017179672,0.0936243051672584,0.11702415849527516,-24.99335326036681
2.7680000000000002,post_correction,0.055574257497445344,0.09164271858271908,-64.90138187978803,0.09058277308669455,0.11314519561478918,-24.908072207615785
2.7720000000000002,post_correction,0.05301911225678701,0.08832762503520636,-66.5958204041779,0.08761505351285236,0.10927191528811737,-24.718197281119217
2.7760000000000002,post_correction,0.05057928838419952,0.08502588830298417,-68.10416085162922,0.08472880613411915,0.10540489945606007,-24.4026727925474
2.7800000000000002,post_correction,0.04827210789826338,0.08173906368072115,-69.32979983594576,0.08193252856611141,0.10154480731447788,-23.93710909646991
2.7840000000000003,post_correction,0.04611730048924938,0.0784689547269255,-70.15079784476494,0.07923561674476623,0.0976923902855035,-23.293531746197203
2.7880000000000003,post_correction,0.04413699044896435,0.07521766371602152,-70.41865100203374,0.07664841235779352,0.09384851053122432,-22.440253678238026
2.7920000000000003,post_correction,0.04235544589269838,0.0719876542861434,-69.96079906351143,0.07418222854218649,0.09001416401093464,-21.34195181227903
2.7960000000000003,post_correction,0.04079848260227292,0.06878182963480073,-68.58918579233833,0.071849342556982,0.08619050941351625,-19.96005300279625
2.8000000000000003,post_correction,0.03949242444007627,0.0656036306063503,-66.11699974483409,0.06966294167751269,0.08237890475196669,-18.253554570404724
2.8040000000000003,post_correction,0.09109298733174825,0.0624571592929833,31.435820558257866,0.13057502551817457,0.07858095404078982,39.819307919758174
2.8080000000000003,post_correction,0.08800208674775738,0.05934733539109711,32.56144531980715,0.1271590537378642,0.07479856736713716,41.17715949559291
2.8120000000000003,post_correction,0.08494310535431664,0.056280094551889155,33.74377553406797,0.12377512553565864,0.07103403892918733,42.61040849542666
2.816,post_correction,0.08191955023232818,0.05326264030331865,34.98177156458625,0.12042588465144556,0.06729014942318255,44.12318446491494
2.82,post_correction,0.07893541691455025,0.05030376359351348,36.27225197534754,0.11711423935539257,0.06357030177282061,45.71940856831985
2.824,post_correction,0.075995266777932,0.11497468762215725,-51.29190605794984,0.1138433922078686,0.13882047479852133,-21.93986151172187
2.828,post_correction,0.07310431636607558,0.11162753974468617,-52.696236410586955,0.11061687283913722,0.13495669306786687,-22.003713903687576
2.832,post_correction,0.07026853965537974,0.10828765728192036,-54.10546143836061,0.10743857382112673,0.13109721294513293,-22.020619115249247
2.836,post_correction,0.06749478377456643,0.10495569158580627,-55.501930247468934,0.10431278958913623,0.1272423605801607,-21.981552867427574
2.84,post_correction,0.0647908977328513,0.10163237449656222,-56.862118064203,0.10124425819986221,0.12339249488123297,-21.876042232092622
2.844,post_correction,0.06216587207375361,0.09831853138374601,-58.15515507785504,0.09823820546483929,0.11954801275946866,-21.6919753305718
2.848,post_correction,0.0596299847407872,0.09501509673467014,-59.341138770540965,0.09530039065281437,0.1157093553837933,-21.415405111328603
2.852,post_correction,0.05719494444580105,0.0917231328711732,-60.36930144777337,0.09243715248534717,0.11187701567854695,-21.03035702693386
2.856,post_correction,0.054874017092621574,0.08844385252607988,-61.17619451259773,0.08965545353089577,0.10805154735797126,-20.518655700889514
2.86,post_correction,0.052682113090579186,0.08517864620382927,-61.6841869219958,0.08696292031122459,0.1042335758731104,-19.859792541553634
2.864,post_correction,0.05063580388808841,0.08192911549863728,-61.80075995181411,0.08436787545877099,0.1004238117536982,-19.0308647783521
2.868,post_correction,0.04875322586978607,0.07869711386494123,-61.41929577158985,0.08187935711656465,0.09662306696960588,-18.00662630026744
2.872,post_correction,0.04705382154174135,0.07548479675028456,-60.42224473377185,0.07950711950617474,0.09283227512627153,-16.759701147344316
2.876,post_correction,0.04555786642387008,0.0722946835373782,-58.687597142387986,0.0772616073201913,0.08905251656438658,-15.261019868938035
2.88,post_correction,0.04428574198206263,0.06912973443305144,-56.09930270797213,0.07515389552868425,0.08528504978178832,-13.480544397378944
2.884,post_correction,0.0943584791868621,0.06599344632567372,30.060926273531713,0.13375575715746812,0.0815313510719456,39.044604281249526
2.888,post_correction,0.09136018723678598,0.06288997274947382,31.162605231448875,0.13043310726187726,0.07779316493192916,40.35780748844707
2.892,post_correction,0.08839699255451289,0.05982427447567063,32.32317893758881,0.12714481249542686,0.07407256871069103,41.741572261664025
2.896,post_correction,0.08547246797107874,0.05680230889682646,33.54315109276285,0.12389348980372485,0.07037205625876321,43.19955280116141
2.9,post_correction,0.08259063762286979,0.05383126820340719,34.82158540873037,0.12068199891692792,0.06669464716842001,44.735215055287895
2.904,post_correction,0.07975603907984187,0.11824111209297554,-48.253490841749525,0.11751346666935136,0.1407923284063864,-19.809526854088098
2.908,post_correction,0.07697379282741544,0.11492058981995905,-49.29833336603916,0.11439131325251863,0.13697618033751766,-19.743515869201516
2.912,post_correction,0.07424967902315119,0.11160713387865244,-50.31328801280491,0.11131928030893996,0.13316483971587614,-19.624237011153028
2.916,post_correction,0.07159022084209016,0.10830134323200441,-51.27952108276026,0.10830146065739836,0.1293586155422922,-19.443094079318275
2.92,post_correction,0.06900277278141789,0.10500388789721096,-52.17343255152203,0.10534232928071441,0.1255578477711297,-19.190308993970806
2.924,post_correction,0.06649561089563842,0.10171551998252414,-52.965765127207604,0.10244677499307037,0.12176291209886211,-18.85480251291299
2.928,post_correction,0.0640780199439295,0.09843708678834864,-53.6206750372195,0.0996201319244157,0.11797422564255342,-18.42408091977175
2.932,post_correction,0.06176036972882661,0.09516954642301391,-54.09484567673108,0.09686820960296406,0.11419225370512162,-17.88413781277058
2.936,post_correction,0.059554169428534275,0.0919139864950017,-54.33677839349199,0.09419731997442019,0.11041751787498658,-17.2193836352999
2.94,post_correction,0.05747208456429542,0.08867164658512079,-54.28646317138829,0.09161429916510627,0.10665060577338994,-16.412619804235373
2.944,post_correction,0.055527896779352263,0.0854439453829098,-53.875709938075026,0.0891265211829804,0.10289218284829174,-15.445079065803409
2.948,post_correction,0.0537363826843267,0.08223251360266992,-53.0294923008554,0.08674190008048331,0.0991430067261188,-14.296558680555925
2.952,post_correction,0.05211308612701667,0.07903923409033702,-51.668688163453794,0.08446887642707218,0.09540394478116607,-12.945677528379207
2.956,post_correction,0.05067396052527866,0.07586629091092129,-49.7145479147529,0.08231638334347025,0.09167599578020855,-11.370291133521665
2.96,post_correction,0.04943486688757885,0.07271622968957815,-47.09502476246992,0.08029378696390045,0.08796031672515807,-9.548098366196674
2.964,post_correction,0.09795975622129265,0.06959203209349625,28.958549124717354,0.13647161245318623,0.0842582563751748,38.259499642038854
2.968,post_correction,0.09505862799034026,0.06649720811492826,30.046109942081614,0.133250726673016,0.08057139741806267,39.53399022297503
2.972,post_correction,0.09219538413172339,0.06343591077371306,31.19404906098169,0.13006605849266892,0.07690160993114596,40.87495936883452
2.976,post_correction,0.08937358451785886,0.06041307901325278,32.40387600076521,0.12692017520546728,0.07325111969877239,42.285677135106106
2.98,post_correction,0.08659719363360896,0.05743461589403883,33.67612334293006,0.12381586488435474,0.06962259624421079,43.76924450736666
2.984,post_correction,0.08387062804048123,0.12154912046727942,-44.9245383122828,0.12075615593098697,0.14248569490181004,-17.994560031574423
2.988,post_correction,0.08119880766458061,0.11825605283082156,-45.637671576802646,0.11774433773853465,0.13872439519813556,-17.818315396354453
2.992,post_correction,0.07858721024991137,0.11496980366112486,-46.29582001386099,0.11478398228299973,0.13496820395417267,-17.584528145581125
2.996,post_correction,0.07604192777018819,0.1116909214488692,-46.88070742553821,0.11187896635182727,0.1312174116534559,-17.285148345771063
3.0,post_correction,0.07356972282961262,0.10842001716489387,-47.37043038206694,0.1090334939816184,0.1274723377536375,-16.91117389591096
3.004,post_correction,0.0711780820582842,0.10515777357076654,-47.7389816216993,0.10625211850334115,0.12373333501766394,-16.4525816149003
3.008,post_correction,0.06887526218276076,0.10190495619836804,-47.95581601992725,0.10353976337858985,0.12000079462242043,-15.898270100967244
3.012,post_correction,0.06667032281664023,0.09866242634725193,-47.98552366185153,0.10090174075069276,0.1162751522107978,-15.236022040580595
3.016,post_correction,0.06457313811782348,0.09543115653111146,-47.787701376666654,0.09834376632938541,0.11255689509432198,-14.452495867742309
3.02,post_correction,0.06259437744686179,0.09221224890878688,-47.31714359978828,0.09587196888216505,0.10884657086634979,-13.53325913242863
3.024,post_correction,0.060745443336012686,0.08900695736683722,-46.52450040490497,0.0934928922322774,0.10514479775410507,-12.462878453775094
3.028,post_correction,0.05903835394583306,0.08581671408738197,-45.357565636260304,0.09121348728715405,0.10145227712655157,-11.22508320196578
3.032,post_correction,0.05748555747331501,0.08264316164633782,-43.763347315020916,0.08904109128208142,0.09776980869115963,-9.803021597551753
3.036,post_correction,0.056099668580059256,0.07948819195540509,-41.691018801596506,0.08698339118080936,0.09409830906545975,-8.179628073893854
3.04,post_correction,0.054893122713083116,0.07635399370102025,-39.095737183889874,0.08504836810694653,0.09043883461192333,-6.338118678771584
3.044,post_correction,0.10187049567386501,0.07324311036261624,28.101743416365014,0.1387666801700614,0.08679260969527894,37.45428687281931
3.048,post_correction,0.09906904349404617,0.07015851143073297,29.18220570591323,0.13565186917801814,0.08316106188514193,38.69523332847827
3.052,post_correction,0.09630780676784602,0.06710368011272075,30.32373764415904,0.132574715720227,0.07954586611931636,39.999218035524706
3.056,post_correction,0.09359026363765707,0.06408272162506329,31.52843134071598,0.12953772073640754,0.07594900051432321,41.369201123378126
3.06,post_correction,0.09092024555906017,0.061100497126357824,32.79769896060385,0.12654358457173723,0.07237281743021856,42.80799166931248
3.064,post_correction,0.08830197181982324,0.12489579959862711,-41.44168813520059,0.12359522246126385,0.14397402460652592,-16.48834132860517
3.068,post_correction,0.08574008542538478,0.12163040259052511,-41.85943714317132,0.12069578053120211,0.1402716851341414,-16.21921206920614
3.072,post_correction,0.08323968948252913,0.11837153746872318,-42.20564517310909,0.11784865208866857,0.13657458222454977,-15.889812742017556
3.076,post_correction,0.08080638278835899,0.11511970455426355,-42.46362797326917,0.11505749388099731,0.13288298726548659,-15.492683512580223
3.08,post_correction,0.0784462927879409,0.11187545891816414,-42.61408020974335,0.11232624189430299,0.12919719851933903,-15.019603914917152
3.084,post_correction,0.07616610339057342,0.10863941821552803,-42.63486430234479,0.10965912612618073,0.12551754500787118,-14.461558688186843
3.088,post_correction,0.0739730743341396,0.10541227186713237,-42.500866451731525,0.10706068360804653,0.12184439107157771,-13.808717603237923
3.092,post_correction,0.07187504788577362,0.10219479185854215,-42.183963509775666,0.10453576876906813,0.11817814174283059,-13.05043540063313
3.096,post_correction,0.06988043772906886,0.09898784548810656,-41.65315602613862,0.10208956002908666,0.1145192491053133,-12.175279306410237
3.1,post_correction,0.06799819403126024,0.09579241047185284,-40.874933278102944,0.09972756128964716,0.11086821985467328,-11.171092946582105
3.104,post_correction,0.06623773809547923,0.09260959290937297,-39.813942281482646,0.0974555967731342,0.10722562432966483,-10.02510669476907
3.108,post_correction,0.0646088599472251,0.08944064873548789,-38.434030268520935,0.0952797974602321,0.10359210735304948,-8.724105334382951
3.112,post_correction,0.06312157300957996,0.08628700943430195,-36.699713458037834,0.09320657722444259,0.09996840131222048,-7.254664090384244
3.116,post_correction,0.06178592203792344,0.08315031298338627,-34.57808873087565,0.0912425966976763,0.09635534202778305,-5.603463201565106
3.12,post_correction,0.06061174399227429,0.0800324412362939,-32.041145766231395,0.08939471297038588,0.09275388811350224,-3.757688829124788
3.124,post_correction,0.10605680561949707,0.07693556525345806,27.458153388588837,0.1406788913743199,0.08916514473595155,36.6179645966217
3.128,post_correction,0.10335575556252512,0.07386220046865048,28.535958092853857,0.1376710747432457,0.08559039295455362,37.8297924134185
3.132,post_correction,0.10069677281642768,0.07081527404546539,29.674733296008284,0.13470198055351892,0.08203112618698323,39.10176684121496
3.136,post_correction,0.09808319959775338,0.06779820734939027,30.87683963468174,0.1317740324762096,0.07848909583515001,40.43659865283368
3.14,post_correction,0.0955186798157355,0.06481501714349937,32.14414471752162,0.1288898334981307,0.07496636877056073,41.836864292599174
3.144,post_correction,0.09300718291321575,0.12827539790878803,-37.919883057291145,0.12605217802392282,0.1453179172472297,-15.283939972580662
3.148,post_correction,0.09055302753517853,0.12503741537652657,-38.081982215284135,0.12326406407501946,0.14167619085629726,-14.937140779385665
3.152,post_correction,0.08816090416796706,0.121805648795763,-38.16288517605817,0.12052870534489744,0.13803969156010146,-14.528477813725507
3.156,post_correction,0.08583589559592604,0.1185805529189861,-38.147976549584925,0.11784954279597709,0.13440867153450867,-14.051075927548561
3.16,post_correction,0.08358349366878465,0.1153626303298591,-38.02082835518372,0.11523025539581441,0.13078340766869567,-13.497455350989535
3.164,post_correction,0.08140961046699745,0.11215243802207873,-37.76314292468466,0.11267476948841083,0.12716420502365142,-12.859520903418305
3.168,post_correction,0.07932058150810105,0.10895059506538682,-37.35476088795396,0.11018726618113672,0.12355140087266496,-12.128565445628674
3.172,post_correction,0.07732315818455507,0.10575779156801005,-36.77376099355272,0.10777218600105522,0.11994536944001866,-11.295292311175956
3.176,post_correction,0.07542448621253958,0.10257479919045435,-35.99668269719143,0.10543422994061893,0.11634652748101879,-10.349862228372807
3.18,post_correction,0.07363206657701851,0.09940248352221757,-34.99890488370774,0.10317835587901787,0.1127553408805141,-9.281970932669013
3.184,post_correction,0.0719536953838706,0.09624181870343033,-33.75521325205522,0.10100976924276903,0.10917233249027936,-8.080964156934415
3.188,post_correction,0.07039737930233994,0.09309390476124733,-32.24058293623579,0.09893390667273758,0.10559809148086982,-6.735996820763009
3.192,post_correction,0.06897122404000144,0.08995998824045857,-30.43118995290589,0.09695641141470521,0.10203328455451513,-5.236242828847028
3.196,post_correction,0.0676832946646454,0.08684148684484089,-28.30564362317137,0.09508309917145875,0.09847866945733187,-3.5711607167432033
3.2,post_correction,0.06654144864767686,0.08374001897708302,-25.84640202299926,0.0933199132742045,0.0949351113483504,-1.7308182331888033
3.204,post_correction,0.11048002087343042,0.08065743927899811,26.993642251930826,0.14224038583117604,0.0914036027387589,35.740048647474076
3.208,post_correction,0.10787860293010625,0.07759588153993718,28.07111008824337,0.13933786683422134,0.08788528791987374,36.9264867357011
3.212,post_correction,0.10532063599479184,0.07455781067075606,29.20873486327695,0.13647481522830163,0.08438149306978353,38.170648607491344
3.216,post_correction,0.10280928811222294,0.07154608584450675,30.40892787195491,0.13365357147425413,0.08089376358991374,39.475045299858365
3.22,post_correction,0.10034798021450303,0.06856403739242506,31.673724527525987,0.13087663694962942,0.0774239107062971,40.84206890486092
3.224,post_correction,0.09794040163151772,0.13168003497539024,-34.449147422134864,0.12814668328849046,0.1465647200634039,-14.37262073607461
3.228,post_correction,0.09559052458188014,0.12846885696667393,-34.39497013810311,0.12546656153236427,0.1429834352041888,-13.961388164213002
3.232,post_correction,0.09330261690481874,0.12526355808318895,-34.255139071795476,0.12283931085766678,0.13940726352222507,-13.48750049872511
3.236,post_correction,0.0910812521023912,0.12206455031497737,-34.017207161091235,0.12026816658583818,0.13583643815599597,-12.944631993742378
3.24,post_correction,0.08893131554852098,0.11887228733035318,-33.66752374814066,0.11775656711489138,0.1322712147878917,-12.325977250032118
3.244,post_correction,0.08685800549479063,0.11568726999291924,-33.191257770543295,0.11530815933563168,0.12871187470295598,-11.624255772143243
3.248,post_correction,0.08486682727718947,0.11251005275571391,-32.57247426987811,0.11292680201387013,0.12515872834718206,-10.831730036780417
3.2520000000000002,post_correction,0.08296357892580666,0.10934125109493581,-31.79427950271815,0.11061656653417758,0.12161211948209392,-9.94024068223001
3.2560000000000002,post_correction,0.08115432623321599,0.10618155017980545,-30.83905086546817,0.10838173431535957,0.11807243005405538,-8.941262842776334
3.2600000000000002,post_correction,0.07944536528991988,0.10303171501714661,-29.688767420419165,0.1062267901291144,0.11454008592400212,-7.825987949728355
3.2640000000000002,post_correction,0.07784317059901742,0.0998926023611732,-28.325454362253453,0.10415641048984572,0.11101556363768166,-6.585435419267481
3.2680000000000002,post_correction,0.07635432719509,0.09676517474321712,-26.731749591579995,0.10217544624644284,0.10749939846010309,-5.210598445363383
3.2720000000000002,post_correction,0.0749854457698607,0.0936505170558136,-24.891592087400856,0.10028889850961348,0.10399219395351977,-3.6926274980987115
3.2760000000000002,post_correction,0.07374306069076579,0.09054985622451342,-22.79101976011717,0.09850188710662801,0.10049463344957527,-2.0230539753924868
3.2800000000000002,post_correction,0.07263351199877863,0.08746458462374777,-20.419049302226416,0.09681961088561207,0.09700749385817828,-0.19405466604093624
3.2840000000000003,post_correction,0.11509885754164995,0.08439628804580294,26.674955904524854,0.14347870017257622,0.09353166237486049,34.81146521235516
3.2880000000000003,post_correction,0.11259509611772905,0.08134677922133327,27.752822257660895,0.14067785655039852,0.09006815680377178,35.975597714979095
3.2920000000000003,post_correction,0.11013573652460051,0.07831813812379268,28.889440798083626,0.137916959587898,0.08661815041722279,37.195432181769625
3.2960000000000003,post_correction,0.10772374934103333,0.07531276057732807,30.087133953254924,0.13519826457027367,0.08318300254130932,38.47332078876481
3.3000000000000003,post_correction,0.10536231396334103,0.07233341703649905,31.347922880977922,0.13252417118786544,0.07976429641316558,39.81151083745152
3.3040000000000003,post_correction,0.10305482791557602,0.13510031135001396,-31.095567362152174,0.12989723065268644,0.14774990367003743,-13.743690244701748
3.3080000000000003,post_correction,0.10080491476273909,0.1319150710025,-30.86174549423881,0.1273201524387636,0.14422761475738768,-13.279486392977704
3.3120000000000003,post_correction,0.09861643003717784,0.12873535949824128,-30.541492375772247,0.12479581042687563,0.14071024916998187,-12.75238222234339
3.3160000000000003,post_correction,0.09649346447333748,0.12556154898580626,-30.124407565965992,0.12232724818787934,0.13719802138279405,-12.156550086105973
3.3200000000000003,post_correction,0.09444034372674412,0.12239404785057738,-29.599324844385524,0.11991768308754681,0.13369116628259362,-11.485781613201587
3.3240000000000003,post_correction,0.09246162363697157,0.11923330533716046,-28.954371172738103,0.11757050884066715,0.13018994185708888,-10.733502083863325
3.3280000000000003,post_correction,0.09056207999227663,0.11607981687990011,-28.177065820263522,0.1152892960847878,0.1266946323109773,-9.892797175031422
3.332,post_correction,0.08874669168045762,0.11293413026789077,-27.254467889938617,0.11307779048700316,0.12320555168920716,-8.956454807425741
3.336,post_correction,0.0870206160853666,0.10979685279646757,-26.1733802122909,0.11093990784439828,0.11972304810524734,-7.917025019678299
3.34,post_correction,0.08538915563419029,0.10666865958849951,-24.920616436905938,0.10887972559521245,0.11624750869400141,-6.766900870213926
3.344,post_correction,0.08385771454227857,0.10355030330724756,-23.483335877274083,0.10690147012999496,0.11277936543636229,-5.4984232669762685
3.348,post_correction,0.08243174506486527,0.10044262552985735,-21.849447019251357,0.10500949928795818,0.10931910203691247,-4.104012282866389
3.352,post_correction,0.08111668296896467,0.09734657010884303,-20.008075460984927,0.10320827945249463,0.10586726207995065,-2.576326862109852
3.356,post_correction,0.07991787249452852,0.09426319892088629,-17.950085479740356,0.10150235673127513,0.10242445874463996,-0.9084537966010705
3.36,post_correction,0.07884048177551703,0.09119371049120974,-15.668636768184813,0.09989632183012259,0.09899138643123902,0.9058745930830675
3.364,post_correction,0.11987098377938224,0.08813946209172628,26.471395067597474,0.14441790132707477,0.0955688347419391,33.82480020569146
3.368,post_correction,0.11746196582631074,0.08510199604698168,27.549317391111323,0.14171374889897423,0.09215770537827045,34.9691147864782
3.372,post_correction,0.11509791739415166,0.08208307114933149,28.684138681468205,0.1390498056558458,0.0887590326710723,36.16745291197695
3.376,post_correction,0.11278160092073107,0.07908470029033941,29.87801233117416,0.13642824273544982,0.085374008660407,37.42204183780546
3.38,post_correction,0.11051594921962933,0.0761091956660199,31.1328399172798,0.13385136110001253,0.0820040139074545,38.73501678762771
3.384,post_correction,0.10830407036320848,0.1385258411809875,-27.904556787595624,0.13132159688372683,0.14889915850913416,-13.385126317775926
3.388,post_correction,0.10614925108043577,0.1353654918308939,-27.523737052387883,0.12884152624669576,0.1454335875292749,-12.877883215082345
3.392,post_correction,0.1040549582227906,0.13221031392914243,-27.058158676176486,0.12641386953506253,0.1419726973466932,-12.307848710631575
3.396,post_correction,0.10202483778688134,0.1290606427383618,-26.499238359932775,0.12404149451096175,0.13851668429375943,-11.669635100630373
3.4,post_correction,0.10006271092092714,0.12591684496835645,-25.83793084304912,0.12172741837732988,0.1350657630554438,-10.95755159841458
3.404,post_correction,0.0981725662894707,0.12277932264716154,-25.064798943052576,0.11947480828264093,0.131620169020682,-10.165624797914596
3.408,post_correction,0.09635854813379964,0.11964851756437525,-24.170112441125706,0.11728697995096253,0.1281801609971333,-9.287630264437873
3.412,post_correction,0.09462493935352599,0.11652491638538116,-23.143979992457577,0.11516739404572521,0.12474602435584282,-8.31713731953906
3.416,post_correction,0.09297613895812715,0.1134090565543729,-21.976517658415514,0.11311964984441567,0.12131807468641585,-7.247569147602799
3.42,post_correction,0.09141663330750756,0.11030153312757705,-20.65805656673486,0.11114747578006016,0.11789666206080254,-6.072280304500789
3.424,post_correction,0.0899509606893333,0.10720300670672502,-19.179390509208346,0.109254716398738,0.11448217602559992,-4.784653513523097
3.428,post_correction,0.08858366897803942,0.10411421267786357,-17.53206192404866,0.10744531529609332,0.11107505147009616,-3.3782172484674393
3.432,post_correction,0.08731926639245138,0.10103597200354059,-15.708681689376848,0.10572329363604796,0.10767577555166734,-1.8467849879334912
3.436,post_correction,0.08616216571629308,0.09796920386913109,-13.703274580765704,0.10409272392786217,0.1042848959036308,-0.1846161465635212
3.44,post_correction,0.08511662276023182,0.09491494054890684,-11.511638350920313,0.10255769884894576,0.10090303040595588,1.613402466670973
3.444,post_correction,0.12475409808803908,0.09187434493724347,26.35564975796814,0.14507940390387689,0.09753087886989269,32.774138681661334
3.448,post_correction,0.12243620657990746,0.08884873128857053,27.432633066278655,0.14246603005216457,0.09416923707834621,33.90056770454983
3.452,post_correction,0.12016352535778003,0.0858395898304411,28.564354636851224,0.13989295283616057,0.09081901374102258,35.079636322075686
3.456,post_correction,0.11793860785070624,0.08284861606227273,29.75276071840065,0.13736226241607608,0.08748125107549531,36.3134753776034
3.46,post_correction,0.11576414519818093,0.07987774573334293,30.99958057255357,0.13487616607132308,0.0841571499237811,37.60413542650787
3.464,post_correction,0.11364296809309044,0.14194572233574002,-24.904976275756393,0.1324369921538027,0.15003065623461467,-13.284554258360062
3.468,post_correction,0.11157804721120486,0.1388090968368768,-24.405382874398757,0.13004719347877375,0.1466190266478696,-12.742937948753736
3.472,post_correction,0.10957249190071709,0.13567728352208747,-23.82422008347109,0.12770934997286687,0.14321180086294255,-12.138853493005275
3.476,post_correction,0.10762954677191862,0.13255058369124265,-23.15445680741835,0.1254261703708096,0.13980915770328425,-11.467293699514878
3.48,post_correction,0.10575258579918782,0.12942932589201878,-22.388804882549536,0.12320049272348854,0.13641129238488997,-10.723008787839653
3.484,post_correction,0.10394510352871592,0.12631386916136528,-21.519787727634288,0.12103528345120183,0.1330184185619033,-9.90053046435236
3.488,post_correction,0.10221070298025238,0.12320460673016052,-20.53982913508018,0.11893363464889203,0.12963077068042175,-8.994205939395608
3.492,post_correction,0.10055307984471863,0.12010197026824737,-19.44136415683891,0.11689875932683641,0.1262486066954802,-7.998243456547391
3.496,post_correction,0.09897600261736601,0.11700643476166228,-18.216973475884455,0.11493398425329747,0.12287221121754116,-6.906770887494003
3.5,post_correction,0.09748328837380009,0.11391852413157598,-16.85954180654525,0.11304274005813571,0.11950189916883847,-5.713908834287755
3.504,post_correction,0.09607877399864423,0.11083881772594596,-15.362439707557064,0.11122854826200503,0.11613802004730858,-4.413859447072008
3.508,post_correction,0.09476628281745138,0.10776795784101498,-13.719726718213451,0.10949500491850404,0.11278096291750887,-3.001011782638425
3.512,post_correction,0.09354958676289211,0.10470665846165464,-11.926371975368413,0.10784576060069885,0.10943116227503935,-1.4700639742441826
3.516,post_correction,0.09243236442399912,0.10165571544848122,-9.978486520341951,0.1062844965326844,0.10608910496509401,0.1838382586027568
3.52,post_correction,0.09141815557563299,0.09861601844731518,-7.873559498503763,0.10481489676452166,0.10275533837887396,1.9649481602550491
3.524,post_correction,0.12970661566405076,0.09558856485494235,26.30401744308598,0.14548247612319196,0.09943048020634926,31.654668757388134
3.528,post_correction,0.12747572433854432,0.09257447624674178,27.378740754681544,0.1429533585521721,0.0961152300937548,32.764622624324915
3.532,post_correction,0.12529001407377333,0.08957501775957008,28.505860246111496,0.14046448409862705,0.09281038364389058,33.92608513143876
3.536,post_correction,0.12315183550075696,0.08659162103090744,29.68710480131237,0.1380178665804538,0.08951684931296096,35.141115037610355
3.54,post_correction,0.12106364975162995,0.08362591142682978,30.924012617830503,0.13561562599418922,0.0862356689076076,36.41170161961825
3.544,post_correction,0.11902802829768383,0.1453489520199168,-22.11321492817263,0.13325999137931951,0.1511572009239317,-13.430294688875115
3.548,post_correction,0.11704765152122092,0.1422348064502453,-21.518718745465744,0.13095330308409972,0.14779647629442144,-12.861968971874532
3.552,post_correction,0.11512530578854445,0.13912511611907213,-20.84668541476811,0.12869801427117128,0.14443985774173626,-12.23161333118657
3.556,post_correction,0.11326387877635065,0.1360201512019154,-20.0913765901475,0.12649669147953863,0.1410875073011843,-11.534543434288794
3.56,post_correction,0.11146635279422507,0.13292020545207234,-19.246931580736863,0.12435201403777536,0.1377396015576301,-10.765879124231864
3.564,post_correction,0.10973579584418547,0.12982559891535847,-18.307429145270554,0.12226677210271535,0.1343963334165051,-9.920570491220454
3.568,post_correction,0.10807535016686179,0.12673668102041077,-17.266963118543703,0.12024386307971463,0.13105791413530107,-8.993432827767153
3.572,post_correction,0.10648821804575193,0.12365383410519039,-16.119732656305107,0.11828628616657036,0.12772457566089723,-7.979191671497662
3.576,post_correction,0.10497764467884788,0.12057747745145883,-14.860147434565363,0.11639713475546085,0.12439657332721198,-6.872539078008388
3.58,post_correction,0.10354689798333971,0.11750807191242754,-13.48294753487847,0.1145795864282735,0.12107418897890604,-5.6682021231575535
3.584,post_correction,0.10219924527603291,0.1144461252349864,-11.983336986369649,0.11283689029315054,0.11775773460073563,-4.361024390871393
3.588,post_correction,0.10093792687049627,0.11139219819754076,-10.357129030852157,0.11117235143689351,0.11444755654935292,-2.9460608416819913
3.592,post_correction,0.09976612675127111,0.10834691170829795,-8.600900161654831,0.10958931231185406,0.11114404050577535,-1.418685965924357
3.596,post_correction,0.09868694062325489,0.10531095503780274,-6.712148915260778,0.10809113093958829,0.10784761729355037,0.22528550115181714
3.6,post_correction,0.09770334178587946,0.10228509539480632,-4.689454347393712,0.10668115589863342,0.10455876974134314,1.9894667801565034
3.604,post_correction,0.13468805806975662,0.09927018909762693,26.296220674431535,0.14564452384832005,0.10127804081124954,30.46217040283335
3.608,post_correction,0.13253968879576092,0.09626719464579865,27.367269743523337,0.14319275619382207,0.09800604326818585,31.556563423133387
3.612,post_correction,0.13043625538647607,0.09327718806119063,28.488296612920227,0.14078106432391294,0.09474347123466968,32.70155209461885
3.616,post_correction,0.12837991661419773,0.0903013809465347,29.660819754304054,0.13841139131259936,0.09149111406373853,33.899144285669614
3.62,post_correction,0.12637291942854847,0.0873411418055488,30.8861881164883,0.13608577710190428,0.08824987307672776,35.15128843285059
3.624,post_correction,0.12441759753340187,0.14872479181241346,-19.53678158146877,0.1338063605240633,0.1522881456529319,-13.812336765220422
3.628,post_correction,0.12251636886971283,0.1456318358099592,-18.867247824515573,0.13157538071072106,0.14897518930930967,-13.224212998359834
3.632,post_correction,0.12067173184147782,0.142542983631696,-18.124585979216473,0.12939517774417938,0.1456660305558946,-12.574543422231315
3.636,post_correction,0.11888626011718856,0.13945847704392855,-17.30411647776753,0.12726819238879952,0.14236081542643267,-11.858912077202882
3.64,post_correction,0.1171625958389437,0.13637857819161062,-16.40112376741973,0.1251969647243492,0.1390597027893024,-11.072742933884458
3.644,post_correction,0.11550344107723168,0.13330357187282327,-15.41090951886835,0.12318413148836009,0.13576286587357234,-10.211326924361872
3.648,post_correction,0.11391154738277277,0.13023376811837928,-14.328855248326624,0.1212324219226155,0.13247049401444994,-9.269856952134358
3.652,post_correction,0.1123897033091787,0.12716950512435884,-13.150494556001817,0.11934465191117699,0.12918279465545732,-8.243471816066316
3.656,post_correction,0.1109407198129138,0.12411115259391936,-11.87159485103006,0.11752371619559675,0.12589999565202104,-7.127309897589948
3.66,post_correction,0.10956741348119797,0.12105911555495545,-10.488248018859624,0.11577257845907885,0.12262234793016867,-5.9165733045420215
3.664,post_correction,0.10827258759470075,0.11801383873249562,-8.996968996676715,0.1140942590874231,0.11935012856509519,-4.6066029261339585
3.668,post_correction,0.10705901110008259,0.11497581156955217,-7.394800669388463,0.11249182044271612,0.11608364435802483,-3.1929645205962025
3.672,post_correction,0.10592939564671346,0.11194557400806322,-5.679422906758011,0.11096834952787117,0.11282323600673957,-1.6715455233499026
3.676,post_correction,0.10488637093023806,0.1089237231632678,-3.8492629664106337,0.10952693797784738,0.10956928298624705,-0.03866172941695277
3.68,post_correction,0.10393245867986346,0.10591092105119207,-1.9036039332262298,0.10817065938760492,0.10632220928246414,1.708827620729653
3.684,post_correction,0.13965922848566015,0.10290790356095345,26.314999247242895,0.1455812476977969,0.10308249015498748,29.192466897268226
3.688,post_correction,0.13758867559293766,0.09991549090259935,27.381021387106113,0.14319969352022963,0.09985066014695301,30.27173613828493
3.692,post_correction,0.13556264652367164,0.09693459980877922,28.494609470572176,0.14085795519951785,0.09662732261321916,31.400876523905477
3.696,post_correction,0.13358312199148994,0.09396625782662983,29.657088091850365,0.138557911274438,0.09341316110602288,32.581863968054556
3.7,post_correction,0.13165215278160192,0.09101162010716549,30.869630169933572,0.13630152933250597,0.09020895304434368,33.81662444573164
3.704,post_correction,0.12977185758384258,0.15206308410259706,-17.177242380423383,0.13409086738941842,0.1534310299436014,-14.423176559829734
3.708,post_correction,0.12794441990078684,0.14899000002363727,-16.44900194879152,0.13192807465466,0.15016270209511176,-13.821642958243288
3.712,post_correction,0.12617208391864126,0.14592067622556534,-15.65210916200642,0.12981539155279143,0.14689785948067538,-13.159046645818654
3.716,post_correction,0.12445714922906917,0.14285532863126252,-14.78274210534153,0.12775514885657335,0.14363663296621074,-12.431189076744783
3.72,post_correction,0.12280196429421278,0.1397941907592896,-13.837096631749557,0.12574976577571903,0.14037916467084446,-11.633738484426043
3.724,post_correction,0.12120891855575164,0.13673751563052405,-12.811431089231137,0.12380174683455675,0.13712560927571352,-10.762257223205582
3.728,post_correction,0.11968043310269248,0.1336855779232266,-11.702117428432874,0.12191367736425417,0.13387613551689959,-9.812236339081085
3.732,post_correction,0.11821894983246371,0.13063867641437438,-10.505698620662358,0.12008821743174927,0.13063092789315886,-8.779138109366485
3.736,post_correction,0.1168269190664055,0.12759713675166948,-9.218952079992876,0.11832809402955358,0.12739018862502474,-7.658447192775555
3.74,post_correction,0.1155067856142836,0.12456131460848927,-7.83895850451749,0.11663609135968166,0.12415413990907326,-6.445730872622857
3.744,post_correction,0.1142609733230801,0.12153159928344406,-6.363175237275289,0.1150150390627261,0.1209230265199721,-5.1367086473134504
3.748,post_correction,0.11309186819266229,0.11850841781749778,-4.789512907867001,0.11346779827109935,0.11769711882379381,-3.727331116965624
3.7520000000000002,post_correction,0.11200180019411295,0.11549223971518746,-3.1164137674797656,0.11199724540507215,0.11447671627948208,-2.213867729909043
3.7560000000000002,post_correction,0.11099302398404984,0.11248358237286167,-1.3429297944220642,0.11060625368245615,0.11126215152198934,-0.5930024909949834
3.7600000000000002,post_correction,0.11006769876804155,0.10948301733666585,0.5312016494574577,0.10929767237800782,0.10805379514132224,1.1380637936950826
3.7640000000000002,post_correction,0.14458223861098116,0.10649117753700392,26.345601949397526,0.14530674600062451,0.10485206129766024,27.840885448491427
3.7680000000000002,post_correction,0.1425846656640257,0.1035087656753461,27.405401420062027,0.14298813988298475,0.10165741434532223,28.905002590764372
3.7720000000000002,post_correction,0.14063108108459393,0.10053656397469363,28.510423727584243,0.1407090134896758,0.09847037667956231,30.018430065400644
3.7760000000000002,post_correction,0.13872330279303446,0.09757544554817664,29.661820628829442,0.13847118740653908,0.09529153807250886,31.18312924352892
3.7800000000000002,post_correction,0.13686320422443574,0.09462638769288413,30.860607692838588,0.13627656480986333,0.0921215668313574,32.40102070382545
3.7840000000000003,post_correction,0.1350527117665787,0.15535452141893522,-15.032507964331424,0.13412713236463242,0.1545929366326953,-15.258511762128338
3.7880000000000003,post_correction,0.13329380142582417,0.15229997436934478,-14.258857306352114,0.1320249605163267,0.15136614374982194,-14.649641369219292
3.7920000000000003,post_correction,0.13158849464433708,0.14924885350826864,-13.420898925597344,0.1299722030578987,0.14814252431950095,-13.98015947572107
3.7960000000000003,post_correction,0.12993885319500434,0.14620135131595396,-12.51550073059661,0.12797109584284003,0.14492219490396968,-13.246037278564156
3.8000000000000003,post_correction,0.12834697308610873,0.1431576754512089,-11.539580567407357,0.12602395450575868,0.1417052818718568,-12.44313228195165
3.8040000000000003,post_correction,0.12681497741675446,0.14011805035069264,-10.490143360764112,0.124133171044345,0.13849192251527398,-11.567215555783633
3.8080000000000003,post_correction,0.12534500813661378,0.13708271903092284,-9.364322575587614,0.12230120911193586,0.13528226632087187,-10.614005620381997
3.8120000000000003,post_correction,0.1239392166801463,0.13405194512306118,-8.15942581678009,0.12053059786914332,0.13207647641998171,-9.579209557537775
3.8160000000000003,post_correction,0.12259975346626928,0.13102601517563042,-6.872984219890337,0.11882392424737477,0.12887473124771198,-8.45857184401084
3.8200000000000003,post_correction,0.12132875627960601,0.128005241266377,-5.5028050987226855,0.11718382348779055,0.12567722644664156,-7.247931246872093
3.8240000000000003,post_correction,0.1201283375787674,0.12498996397172181,-4.04702711362061,0.11561296783759596,0.12248417705779156,-5.943285903574188
3.8280000000000003,post_correction,0.11900057081022271,0.12198055575088747,-2.5041770139213186,0.11411405331273564,0.11929582005018444,-4.540866428824409
3.8320000000000003,post_correction,0.117947475842466,0.1189774248121534,-0.8732268005998125,0.11268978447303682,0.11611241725091041,-3.037216544408712
3.8360000000000003,post_correction,0.11697100367333829,0.11598101954114763,0.8463500364204466,0.11134285720326789,0.11293425875072957,-1.429280321553462
3.84,post_correction,0.11607302060211361,0.1129918335860911,2.654524712150375,0.11007593955154486,0.10976166687650635,0.2855053305189843
3.844,post_correction,0.14942043685387144,0.11001041171303133,26.375257609092586,0.14483360963126118,0.10659500084204766,26.401750868853593
3.848,post_correction,0.147490951340377,0.10703735656604442,27.427848560671702,0.14257062038624524,0.10343466221431787,27.450226467348028
3.852,post_correction,0.14560483301546986,0.10407333649397559,28.523432678283243,0.1403467111006359,0.10028110136395132,28.547594327276713
3.856,post_correction,0.14376375274963726,0.10111909463762465,29.663011222500387,0.1381636512112715,0.09713482510941007,29.695817779976462
3.86,post_correction,0.1419694253020284,0.09817545951061141,30.847462894386524,0.13602328753253154,0.09399640581549856,30.896828388287386
3.864,post_correction,0.1402236065909933,0.15859087052488313,-13.09855336089292,0.13392754480549046,0.1557815909627769,-16.317812880857446
3.868,post_correction,0.1385280903241594,0.15555351110747484,-12.290229904617554,0.13187842565251906,0.1525932999338745,-15.707553512912103
3.872,post_correction,0.13688470393632188,0.15251925417100162,-11.421692698369618,0.12987800982878514,0.1494078736834579,-15.037082782850213
3.876,post_correction,0.13529530378734186,0.1494882709815542,-10.490362042810407,0.1279284526533325,0.14622541534943956,-14.302496682023637
3.88,post_correction,0.13376176957819894,0.1464607458869569,-9.493726308198973,0.12603198249494713,0.14304603656175752,-13.499790870537579
3.884,post_correction,0.13228599795158957,0.14343687765915294,-8.429372632199566,0.12419089718253506,0.1398698583910696,-12.624887624001696
3.888,post_correction,0.1308698952542153,0.14041688100237787,-7.2950205466410045,0.1224075592070481,0.13669701242567125,-11.673668939393723
3.892,post_correction,0.1295153694513145,0.1374009882510936,-6.0885583179711595,0.12068438958301708,0.13352764199715716,-10.64201630261832
3.896,post_correction,0.12822432120013214,0.1343894512856259,-4.808081671082706,0.11902386024349547,0.13036190357915298,-9.525857515007896
3.9,post_correction,0.1269986341078266,0.1313825436981492,-3.4519344409645254,0.11742848485372603,0.12719996838805395,-8.321220823465186
3.904,post_correction,0.12584016422060243,0.12838056324725505,-2.0187505653594116,0.11590080794716233,0.12404202422031457,-7.024296393916182
3.908,post_correction,0.12475072881425298,0.1253838346460036,-0.5074966998335501,0.11444339231353683,0.12088827756767817,-5.631504907233527
3.912,post_correction,0.12373209458126125,0.12239271273631869,1.082485388674092,0.11305880460320632,0.1177389560601275,-4.139572741235636
3.916,post_correction,0.12278596533539012,0.11940758611212242,2.751437604484883,0.1117495991554261,0.11459431129666599,-2.5456128368597972
3.92,post_correction,0.12191396938037151,0.11642888126505858,4.499146523725639,0.11051830011044411,0.11145462213681147,-0.8472099420925426
3.924,post_correction,0.15413827245879658,0.11345706734043584,26.3926696915819,0.14417303201526638,0.10832019854154412,24.867919452457535
3.928,post_correction,0.1522719832305465,0.11049266160765996,27.437300504342158,0.1419582993169892,0.10519138607223805,25.899798336306908
3.932,post_correction,0.15044838663644494,0.10753623576954117,28.52283884612202,0.1397821927679479,0.10206857118091342,26.980276128335444
3.936,post_correction,0.1486690220579346,0.10458842325925141,29.65015723417182,0.13764643758767206,0.09895218745639528,28.111334233863477
3.94,post_correction,0.14693546352664774,0.10164992770332297,30.820017670623084,0.13555283230803494,0.09584272303053139,29.294931431063667
3.944,post_correction,0.14524931697043642,0.14585762679171457,-0.4188039117608872,0.13350324908298755,0.14092486835657483,-5.5591300770319805
3.948,post_correction,0.14361221692886061,0.14284827663666352,0.5319465909892013,0.1314996334176583,0.13777767587492484,-4.774190082588855
3.952,post_correction,0.1420258227035709,0.1398427070807804,1.5371258417893396,0.12954400321597515,0.13463367116503877,-3.9289105035438463
3.956,post_correction,0.14049181391310683,0.13684114670481243,2.5984910484196018,0.12763844703854485,0.13149299529939923,-3.0198959250031967
3.96,post_correction,0.13901188542720813,0.13384384333121938,3.7176980084159337,0.12578512145643736,0.12835580242002995,-2.0437082969966998
3.964,post_correction,0.1375877416629396,0.13085106615634437,4.896275951020871,0.12398624738240716,0.12522226134249032,-0.9968960156290223
3.968,post_correction,0.13622109023385695,0.12786310816672178,6.135600627470125,0.12224410525965915,0.12209255739882616,0.12397150808301696
3.972,post_correction,0.13491363495414327,0.12488028888375118,7.436865868896347,0.12056102899035627,0.11896689456164089,1.3222634561645084
3.976,post_correction,0.1336670682121107,0.12190295748881565,8.8010539025417,0.11893939849254652,0.11584549790007491,2.6012411628813585
3.98,post_correction,0.13248306274158864,0.11893149639032535,10.228904790415314,0.11738163078596847,0.11272861642911733,3.9640055481384175
3.984,post_correction,0.13136326283531805,0.11596632530546401,11.720885426815425,0.11589016952515371,0.10961652642684669,5.413438537550283
3.988,post_correction,0.13030927506124967,0.1130079059430168,13.277158598342798,0.11446747292314807,0.1065095353105901,6.952138812307692
3.992,post_correction,0.12932265856018393,0.11005674739007659,14.897552667571714,0.11311600004159962,0.10340798618348306,8.582352500571394
3.996,post_correction,0.1284049150209767,0.10711341232529044,16.581532484335202,0.11183819546317272,0.10031226318865867,10.305899721271373
4.0,post_correction,0.1275574784469386,0.10417852420539846,18.328172151243432,0.11063647241008931,0.09722279784080215,12.124098208380623
