r_AU,F_exact,F_no_nn_softened,F_simon_corrected,c_pred,rel_err_no_nn_softened,rel_err_simon_corrected
1.000000000000000082e-05,9.999999999999998510e+07,3.697539426485959211e+03,1.513676112269563018e+05,4.093738937377929688e+01,9.999630246057350513e-01,9.984863238877303981e-01
1.008635027459732969e-05,9.829510882534120977e+07,3.729360092887528936e+03,1.526498087034916389e+05,4.093190383911132812e+01,9.999620595557859870e-01,9.984470253858231947e-01
1.017344618618696168e-05,9.661928418985673785e+07,3.761452723154392061e+03,1.539431463002896635e+05,4.092651367187500000e+01,9.999610693377134485e-01,9.984067037176782566e-01
1.026129417336480126e-05,9.497203054068538547e+07,3.793819592553732491e+03,1.552447116752089059e+05,4.092042541503906250e+01,9.999600532959972421e-01,9.983653638782766793e-01
1.034990073032420324e-05,9.335286077360300720e+07,3.826462994098717445e+03,1.565590070668844855e+05,4.091481018066406250e+01,9.999590107580808018e-01,9.983229329474264668e-01
1.043927240733608458e-05,9.176129608898195624e+07,3.859385238652520002e+03,1.578835775367777969e+05,4.090899658203125000e+01,9.999579410339310970e-01,9.982794099008401867e-01
1.052941581123306303e-05,9.019686585020841658e+07,3.892588655031936923e+03,1.592180484139936452e+05,4.090287017822265625e+01,9.999568434155851060e-01,9.982347718303382633e-01
1.062033760589800710e-05,8.865910744450938702e+07,3.926075590110679514e+03,1.605643364729103050e+05,4.089690399169921875e+01,9.999557171766864094e-01,9.981889696264604206e-01
1.071204451275657046e-05,8.714756614615669847e+07,3.959848408922146518e+03,1.619188183544657077e+05,4.089015579223632812e+01,9.999545615720090153e-01,9.981420156004940925e-01
1.080454331127410552e-05,8.566179498200093210e+07,3.993909494761758197e+03,1.632874483407841180e+05,4.088411331176757812e+01,9.999533758369690828e-01,9.980938124355775987e-01
1.089784083945683080e-05,8.420135459929850698e+07,4.028261249288767431e+03,1.646659659158937284e+05,4.087767791748046875e+01,9.999521591871239901e-01,9.980443786599454414e-01
1.099194399435733851e-05,8.276581313579194248e+07,4.062906092627509679e+03,1.660546253726302821e+05,4.087089920043945312e+01,9.999509108176589667e-01,9.979936809767072647e-01
1.108685973258446092e-05,8.135474609200522304e+07,4.097846463468062211e+03,1.674565486022591940e+05,4.086452484130859375e+01,9.999496299028597379e-01,9.979416499141565700e-01
1.118259507081753460e-05,7.996773620571658015e+07,4.133084819166257148e+03,1.688660391497167002e+05,4.085714340209960938e+01,9.999483155955729563e-01,9.978883228766748381e-01
1.127915708632511826e-05,7.860437332857090235e+07,4.168623635843011471e+03,1.702914018646976037e+05,4.085074996948242188e+01,9.999469670266510901e-01,9.978335632655849219e-01
1.137655291748819998e-05,7.726425430479593575e+07,4.204465408482936255e+03,1.717257651361828903e+05,4.084366226196289062e+01,9.999455833043842112e-01,9.977774228628577546e-01
1.147478976432781567e-05,7.594698285198755562e+07,4.240612651032134636e+03,1.731718358539337059e+05,4.083651351928710938e+01,9.999441635139173501e-01,9.977198325812175472e-01
1.157387488903744830e-05,7.465216944392439723e+07,4.277067896495243076e+03,1.746294758487617073e+05,4.082925033569335938e+01,9.999427067166518635e-01,9.976607581916298040e-01
1.167381561651979939e-05,7.337943119538362324e+07,4.313833697031533120e+03,1.760980953826734039e+05,4.082171630859375000e+01,9.999412119496327023e-01,9.976001708855743999e-01
1.177461933492830738e-05,7.212839174891869724e+07,4.350912624050128215e+03,1.775778620968940668e+05,4.081393432617187500e+01,9.999396782249188043e-01,9.975380310333959999e-01
1.187629349621331448e-05,7.089868116356809437e+07,4.388307268304222816e+03,1.790706714844119560e+05,4.080632019042968750e+01,9.999381045289378322e-01,9.974742735895004708e-01
1.197884561667296499e-05,6.968993580546094477e+07,4.426020239984289219e+03,1.805752571739787818e+05,4.079856109619140625e+01,9.999364898218254805e-01,9.974088761155117666e-01
1.208228327750883697e-05,6.850179824028827250e+07,4.464054168810183000e+03,1.820936269020719628e+05,4.079108810424804688e+01,9.999348330367453519e-01,9.973417686603885945e-01
1.218661412538639845e-05,6.733391712760701776e+07,4.502411704122118863e+03,1.836209848464776587e+05,4.078280639648437500e+01,9.999331330791940697e-01,9.972729793144443633e-01
1.229184587300027831e-05,6.618594711694640666e+07,4.541095514970438671e+03,1.851618773342331988e+05,4.077471542358398438e+01,9.999313888262875150e-01,9.972023989169928049e-01
1.239798629964446511e-05,6.505754874568499625e+07,4.580108290204126206e+03,1.867140520417290682e+05,4.076629638671875000e+01,9.999295991260275240e-01,9.971300171057533301e-01
1.250504325178728833e-05,6.394838833867046982e+07,4.619452738557956764e+03,1.882777665055603429e+05,4.075759124755859375e+01,9.999277627965524884e-01,9.970557855890215260e-01
1.261302464365161897e-05,6.285813790954795480e+07,4.659131588738342543e+03,1.898539781441268860e+05,4.074879074096679688e+01,9.999258786253668596e-01,9.969796436156393993e-01
1.272193845779983899e-05,6.178647506377322972e+07,4.699147589507641896e+03,1.914439260136211233e+05,4.074013900756835938e+01,9.999239453685510037e-01,9.969015237425986609e-01
1.283179274572397256e-05,6.073308290327821672e+07,4.739503509766990646e+03,1.930464302615122579e+05,4.073136138916015625e+01,9.999219617499524038e-01,9.968213958351339610e-01
1.294259562844090118e-05,5.969764993276201189e+07,4.780202138637522694e+03,1.946595014832621382e+05,4.072202301025390625e+01,9.999199264603544357e-01,9.967392434760412590e-01
1.305435529709270675e-05,5.867986996757967770e+07,4.821246285539948076e+03,1.962889693412079650e+05,4.071332550048828125e+01,9.999178381566249385e-01,9.966549181269546143e-01
1.316708001355221204e-05,5.767944204320116341e+07,4.862638780272374788e+03,1.979263377557907370e+05,4.070348358154296875e+01,9.999156954608432457e-01,9.965685115745823719e-01
1.328077811103373719e-05,5.669607032621418685e+07,4.904382473086331629e+03,1.995795589453697030e+05,4.069412612915039062e+01,9.999134969594035693e-01,9.964798343554139848e-01
1.339545799470916033e-05,5.572946402684400231e+07,4.946480234760902931e+03,2.012447058761856752e+05,4.068442535400390625e+01,9.999112412020976226e-01,9.963888993122336224e-01
1.351112814232917217e-05,5.477933731296569854e+07,4.988934956674848763e+03,2.029234791794773191e+05,4.067470932006835938e+01,9.999089267011724846e-01,9.962956200433726872e-01
1.362779710485015497e-05,5.384540922558037937e+07,5.031749550876778812e+03,2.046146796926157840e+05,4.066471862792968750e+01,9.999065519303642624e-01,9.961999605419394888e-01
1.374547350706620460e-05,5.292740359573455900e+07,5.074926950153066173e+03,2.063189226428483089e+05,4.065456008911132812e+01,9.999041153239082158e-01,9.961018506742038703e-01
1.386416604824675324e-05,5.202504896285483986e+07,5.118470108093617455e+03,2.080358852446232922e+05,4.064415359497070312e+01,9.999016152755234588e-01,9.960012361469730013e-01
1.398388350277966051e-05,5.113807849447522312e+07,5.162381999155300946e+03,2.097643054325960984e+05,4.063323974609375000e+01,9.998990501373704598e-01,9.958980800294391367e-01
1.410463472081986964e-05,5.026622990733283013e+07,5.206665618722979161e+03,2.115093304713830294e+05,4.062279891967773438e+01,9.998964182189846728e-01,9.957922181380759463e-01
1.422642862894365055e-05,4.940924538980902731e+07,5.251323983168029372e+03,2.132670474912543141e+05,4.061205291748046875e+01,9.998937177861807468e-01,9.956836611081851807e-01
1.434927423080850978e-05,4.856687152569267154e+07,5.296360129904289352e+03,2.150346174697600654e+05,4.060045242309570312e+01,9.998909470599294247e-01,9.955724012950679658e-01
1.447318060781880921e-05,4.773885921924307197e+07,5.341777117441306473e+03,2.168209815674526617e+05,4.058967208862304688e+01,9.998881042152074627e-01,9.954581867871686862e-01
1.459815691979699908e-05,4.692496362153141946e+07,5.387578025434722804e+03,2.186154716377189034e+05,4.057769012451171875e+01,9.998851873798157985e-01,9.953411690757836272e-01
1.472421240566093599e-05,4.612494405803608149e+07,5.433765954733899889e+03,2.204277767983348749e+05,4.056629943847656250e+01,9.998821946331708510e-01,9.952210722137464494e-01
1.485135638410675747e-05,4.533856395747432858e+07,5.480344027426387584e+03,2.222515488394309650e+05,4.055430603027343750e+01,9.998791240050617368e-01,9.950979579095647898e-01
1.497959825429779935e-05,4.456559078184632212e+07,5.527315386879355174e+03,2.240900851205376675e+05,4.054230117797851562e+01,9.998759734743799532e-01,9.949716792442518942e-01
1.510894749655942864e-05,4.380579595767207444e+07,5.574683197777765599e+03,2.259413928234096093e+05,4.052990722656250000e+01,9.998727409678124234e-01,9.948422032316971420e-01
1.523941367307988208e-05,4.305895480840069801e+07,5.622450646159189091e+03,2.278058312752655474e+05,4.051717758178710938e+01,9.998694243585061203e-01,9.947094435457403128e-01
1.537100642861715573e-05,4.232484648797196150e+07,5.670620939445171643e+03,2.296875554142068431e+05,4.050483322143554688e+01,9.998660214646954980e-01,9.945732217722400570e-01
1.550373549121199498e-05,4.160325391551065445e+07,5.719197306468980969e+03,2.315804534463536693e+05,4.049177551269531250e+01,9.998625300482966161e-01,9.944335975758854529e-01
1.563761067290704752e-05,4.089396371113422513e+07,5.768182997499655357e+03,2.334897079832118761e+05,4.047890090942382812e+01,9.998589478134658481e-01,9.942903625182305527e-01
1.577264187047224377e-05,4.019676613285476714e+07,5.817581284262199006e+03,2.354099144402273232e+05,4.046525573730468750e+01,9.998552724051225082e-01,9.941435608610360575e-01
1.590883906613630463e-05,3.951145501455750316e+07,5.867395459953747377e+03,2.373457528543486551e+05,4.045163726806640625e+01,9.998515014074325080e-01,9.939929887986432844e-01
1.604621232832486300e-05,3.883782770503503829e+07,5.917628839255728053e+03,2.392983375184007455e+05,4.043821334838867188e+01,9.998476323422567091e-01,9.938385241487803778e-01
1.618477181240465332e-05,3.817568500806271285e+07,5.968284758341638735e+03,2.412619645634387853e+05,4.042400360107421875e+01,9.998436626675569761e-01,9.936802191103452087e-01
1.632452776143428094e-05,3.752483112349470705e+07,6.019366574880490589e+03,2.432389973288275651e+05,4.040940093994140625e+01,9.998395897757654804e-01,9.935179189340433981e-01
1.646549050692143910e-05,3.688507358936463296e+07,6.070877668035685019e+03,2.452312766530539666e+05,4.039469909667968750e+01,9.998354109921095967e-01,9.933514765516487932e-01
1.660767046958667510e-05,3.625622322497316450e+07,6.122821438459196543e+03,2.472407274170813616e+05,4.038019561767578125e+01,9.998311235728976065e-01,9.931807368383923640e-01
1.675107816013375326e-05,3.563809407494600117e+07,6.175201308280889862e+03,2.492626236432406586e+05,4.036510086059570312e+01,9.998267247037595506e-01,9.930057251906050375e-01
1.689572418002663825e-05,3.503050335424566269e+07,6.228020721092823806e+03,2.512999138524815498e+05,4.034988403320312500e+01,9.998222114978447816e-01,9.928262545556021390e-01
1.704161922227324444e-05,3.443327139412057400e+07,6.281283141928395708e+03,2.533509013074318937e+05,4.033425903320312500e+01,9.998175809939743308e-01,9.926422645583802273e-01
1.718877407221592102e-05,3.384622158897577226e+07,6.334992057236115215e+03,2.554181780267977447e+05,4.031862640380859375e+01,9.998128301547462016e-01,9.924535689351514645e-01
1.733719960832864884e-05,3.326918034414987639e+07,6.389150974847841098e+03,2.574977686080359854e+05,4.030234527587890625e+01,9.998079558645943665e-01,9.922601709466726261e-01
1.748690680302143717e-05,3.270197702458115295e+07,6.443763423941420115e+03,2.595949236344016390e+05,4.028622817993164062e+01,9.998029549277984707e-01,9.920617972595580092e-01
1.763790672345132040e-05,3.214444390435011312e+07,6.498832954997348679e+03,2.617047584411531570e+05,4.026950073242187500e+01,9.997978240664440186e-01,9.918584760955924118e-01
1.779021053234052760e-05,3.159641611708171666e+07,6.554363139749416405e+03,2.638304433923389879e+05,4.025264358520507812e+01,9.997925599183318246e-01,9.916499883273246496e-01
1.794382948880171951e-05,3.105773160719311982e+07,6.610357571129120515e+03,2.659710947052447591e+05,4.023550796508789062e+01,9.997871590348343940e-01,9.914362356507825380e-01
1.809877494917028657e-05,3.052823108197287843e+07,6.666819863203606474e+03,2.681280078176817042e+05,4.021827697753906250e+01,9.997816178787004571e-01,9.912170473586328079e-01
1.825505836784389744e-05,3.000775796447688714e+07,6.723753651106995676e+03,2.702979284963089158e+05,4.020045089721679688e+01,9.997759328218033259e-01,9.909923984052295687e-01
1.841269129812925755e-05,2.949615834722755104e+07,6.781162590964853734e+03,2.724824547472737613e+05,4.018226242065429688e+01,9.997701001428342948e-01,9.907621036088963828e-01
1.857168539309622660e-05,2.899328094670217112e+07,6.839050359811619273e+03,2.746839417364945402e+05,4.016404724121093750e+01,9.997641160249375325e-01,9.905259448821456258e-01
1.873205240643913250e-05,2.849897705859782174e+07,6.897420655500709472e+03,2.768987708709128783e+05,4.014526367187500000e+01,9.997579765532875751e-01,9.902839049169529506e-01
1.889380419334589153e-05,2.801310051385775581e+07,6.956277196607262340e+03,2.791305735482167220e+05,4.012643051147460938e+01,9.997516777126056464e-01,9.900357129904227005e-01
1.905695271137425041e-05,2.753550763544869795e+07,7.015623722323033689e+03,2.813761181992497877e+05,4.010707092285156250e+01,9.997452153846152489e-01,9.897813353607103348e-01
1.922151002133580064e-05,2.706605719587443396e+07,7.075463992343427890e+03,2.836361351164391963e+05,4.008728408813476562e+01,9.997385853454332505e-01,9.895205964775810603e-01
1.938748828818756545e-05,2.660461037541387975e+07,7.135801786746326798e+03,2.859136096076992108e+05,4.006748199462890625e+01,9.997317832628985768e-01,9.892532307155333937e-01
1.955489978193131496e-05,2.615103072107109427e+07,7.196640905862519503e+03,2.882038023671546252e+05,4.004698944091796875e+01,9.997248046938332910e-01,9.889792564797480479e-01
1.972375687852061653e-05,2.570518410622524470e+07,7.257985170137433670e+03,2.905131605447422480e+05,4.002669525146484375e+01,9.997176450812356174e-01,9.886982657138648767e-01
1.989407206077573872e-05,2.526693869096842036e+07,7.319838419983978383e+03,2.928354491737350472e+05,4.000572586059570312e+01,9.997102997514059064e-01,9.884103312730003754e-01
2.006585791930644291e-05,2.483616488311965391e+07,7.382204515626190187e+03,2.951726083924879204e+05,3.998434448242187500e+01,9.997027639109996588e-01,9.881152098248023874e-01
2.023912715344279456e-05,2.441273529990354180e+07,7.445087336933455845e+03,2.975281765650906600e+05,3.996302032470703125e+01,9.996950326440083856e-01,9.878125833541370193e-01
2.041389257217379768e-05,2.399652473028268293e+07,7.508490783244948943e+03,2.998942672429271042e+05,3.994068527221679688e+01,9.996871009086674142e-01,9.875025958711233232e-01
2.059016709509455724e-05,2.358741009793128073e+07,7.572418773184212114e+03,3.022763269984956132e+05,3.991806793212890625e+01,9.996789635342860914e-01,9.871848445529419758e-01
2.076796375336118687e-05,2.318527042484107986e+07,7.636875244463307354e+03,3.046784434645622387e+05,3.989569473266601562e+01,9.996706152180013794e-01,9.868589652878008156e-01
2.094729569065420039e-05,2.278998679554718733e+07,7.701864153676497153e+03,3.070901798613965511e+05,3.987218856811523438e+01,9.996620505214517394e-01,9.865252146648282316e-01
2.112817616415014330e-05,2.240144232196400315e+07,7.767389476083005320e+03,3.095213622863175697e+05,3.984882736206054688e+01,9.996532638673686355e-01,9.861829717105831117e-01
2.131061854550165397e-05,2.201952210882056504e+07,7.833455205378636492e+03,3.119673894129163818e+05,3.982500457763671875e+01,9.996442495360859937e-01,9.858322361461264727e-01
2.149463632182595446e-05,2.164411321968524158e+07,7.900065353455882359e+03,3.144293757207555464e+05,3.980085754394531250e+01,9.996350016619636181e-01,9.854727531440381494e-01
2.168024309670189641e-05,2.127510464356967062e+07,7.967223950152250836e+03,3.169036997707997216e+05,3.977592468261718750e+01,9.996255142297238994e-01,9.851044822067851481e-01
2.186745259117560256e-05,2.091238726210203022e+07,8.034935042986435292e+03,3.193960548122926266e+05,3.975091934204101562e+01,9.996157810706983726e-01,9.847269443316444271e-01
2.205627864477485652e-05,2.055585381725990027e+07,8.103202696882058262e+03,3.219032386533631361e+05,3.972543334960937500e+01,9.996057958589840142e-01,9.843400696699315944e-01
2.224673521653200680e-05,2.020539887965368107e+07,8.172030993878506706e+03,3.244243683154370519e+05,3.969935607910156250e+01,9.995955521075058359e-01,9.839436791004347871e-01
2.243883638601616801e-05,1.986091881734985858e+07,8.241424032828796044e+03,3.269615468429423054e+05,3.967294311523437500e+01,9.995850431639834444e-01,9.835374410494381880e-01
2.263259635437387193e-05,1.952231176522671804e+07,8.311385929083724477e+03,3.295173591936974553e+05,3.964649963378906250e+01,9.995742622068002348e-01,9.831209867378187806e-01
2.282802944537894115e-05,1.918947759485199675e+07,8.381920814162265742e+03,3.320824211020325893e+05,3.961889266967773438e+01,9.995632022407732187e-01,9.826945564588417392e-01
2.302515010649137849e-05,1.886231788487424329e+07,8.453032835407671882e+03,3.346676634040864883e+05,3.959143066406250000e+01,9.995518560928194907e-01,9.822573415713422573e-01
2.322397290992540445e-05,1.854073589191893488e+07,8.524726155628941342e+03,3.372678359792059055e+05,3.956348037719726562e+01,9.995402164075189999e-01,9.818093608611185852e-01
2.342451255372670350e-05,1.822463652198081464e+07,8.597004952727274940e+03,3.398819991847908241e+05,3.953493118286132812e+01,9.995282756425698523e-01,9.813504099917241819e-01
2.362678386285899454e-05,1.791392630230392143e+07,8.669873419307097720e+03,3.425123876034330460e+05,3.950604248046875000e+01,9.995160260641358096e-01,9.808801051303096541e-01
2.383080179030000351e-05,1.760851335374099389e+07,8.743335762271275598e+03,3.451506369864885346e+05,3.947585296630859375e+01,9.995034597420791034e-01,9.803986497864589644e-01
2.403658141814669563e-05,1.730830736358445138e+07,8.817396202399997492e+03,3.478097921803755453e+05,3.944586181640625000e+01,9.994905685450818922e-01,9.799050372243710560e-01
2.424413795873049936e-05,1.701321955885988474e+07,8.892058973913162845e+03,3.504845830592768616e+05,3.941545867919921875e+01,9.994773441356500365e-01,9.793992793752692716e-01
2.445348675574169177e-05,1.672316268007555790e+07,8.967328324015496037e+03,3.531730456359189702e+05,3.938442230224609375e+01,9.994637779649958587e-01,9.788812049256270242e-01
2.466464328536373493e-05,1.643805095541912131e+07,9.043208512424171204e+03,3.558754930442885379e+05,3.935279083251953125e+01,9.994498612678017757e-01,9.783505055429355668e-01
2.487762315741737007e-05,1.615780007539426535e+07,9.119703810878479999e+03,3.585944741984694265e+05,3.932084655761718750e+01,9.994355850568564792e-01,9.778067266258262391e-01
2.509244211651455428e-05,1.588232716788985953e+07,9.196818502630958392e+03,3.613281672461483395e+05,3.928838729858398438e+01,9.994209401175651042e-01,9.772496710698250766e-01
2.530911604322241595e-05,1.561155077367407270e+07,9.274556881919656007e+03,3.640751107410456752e+05,3.925525665283203125e+01,9.994059170023288363e-01,9.766791194533351872e-01
2.552766095523720851e-05,1.534539082230632938e+07,9.352923253420940455e+03,3.668380022017201991e+05,3.922174835205078125e+01,9.993905060247911809e-01,9.760945806822671766e-01
2.574809300856848623e-05,1.508376860845986754e+07,9.431921931682434661e+03,3.696109940627828473e+05,3.918724060058593750e+01,9.993746972539480078e-01,9.754961108422544047e-01
2.597042849873323431e-05,1.482660676864828169e+07,9.511557240535454184e+03,3.724040764409018448e+05,3.915279769897460938e+01,9.993584805081195954e-01,9.748827171144531789e-01
2.619468386196082411e-05,1.457382925834823959e+07,9.591833512486695327e+03,3.752072331140149618e+05,3.911736297607421875e+01,9.993418453487786790e-01,9.742547256137855660e-01
2.642087567640787857e-05,1.432536132951281965e+07,9.672755088088326374e+03,3.780307321331025450e+05,3.908201217651367188e+01,9.993247810742363901e-01,9.736110857214965719e-01
2.664902066338385101e-05,1.408112950846797414e+07,9.754326315286174577e+03,3.808632717997341533e+05,3.904557418823242188e+01,9.993072767131770950e-01,9.729522215124366546e-01
2.687913568858716127e-05,1.384106157418582961e+07,9.836551548745392211e+03,3.837046098680226132e+05,3.900804138183593750e+01,9.992893210180431307e-01,9.722778048626234959e-01
2.711123776335199769e-05,1.360508653692844696e+07,9.919435149153041493e+03,3.865664920535640558e+05,3.897061538696289062e+01,9.992709024582658861e-01,9.715866201215036524e-01
2.734534404590589004e-05,1.337313461725566536e+07,1.000298148249707629e+04,3.894390816489828285e+05,3.893230056762695312e+01,9.992520092133381215e-01,9.708789978718616043e-01
2.758147184263813116e-05,1.314513722539083660e+07,1.008719491932107849e+04,3.923263285237582168e+05,3.889350128173828125e+01,9.992326291657239734e-01,9.701542614735165770e-01
2.781963860937916263e-05,1.292102694093835913e+07,1.017207983395423980e+04,3.952273101155140903e+05,3.885412979125976562e+01,9.992127498936074215e-01,9.694120821880422012e-01
2.805986195269105320e-05,1.270073749294696748e+07,1.025764060371593769e+04,3.981448277754096780e+05,3.881446456909179688e+01,9.991923586634703369e-01,9.686518339587358861e-01
2.830215963116885648e-05,1.248420374031313509e+07,1.034388160809425426e+04,4.010682021678340388e+05,3.877347183227539062e+01,9.991714424224996671e-01,9.678739461073732064e-01
2.854654955675374578e-05,1.227136165251811408e+07,1.043080722789804167e+04,4.040093517077073338e+05,3.873231887817382812e+01,9.991499877908204263e-01,9.670770560637168556e-01
2.879304979605694018e-05,1.206214829069387168e+07,1.051842184438155709e+04,4.069574859666979173e+05,3.868997573852539062e+01,9.991279810535493855e-01,9.662616081182925365e-01
2.904167857169535010e-05,1.185650178901157528e+07,1.060672983834131628e+04,4.099205875682597980e+05,3.864721679687500000e+01,9.991054081526667963e-01,9.654265149313966399e-01
2.929245426363867482e-05,1.165436133638745919e+07,1.069573558918437084e+04,4.128996056988629862e+05,3.860413360595703125e+01,9.990822546787021530e-01,9.645712370003750591e-01
2.954539541056816528e-05,1.145566715850054473e+07,1.078544347396738704e+04,4.158869208837437327e+05,3.856002044677734375e+01,9.990585058622305503e-01,9.636959667970853571e-01
2.980052071124708948e-05,1.126036050011698343e+07,1.087585786640582046e+04,4.188830367649443797e+05,3.851494216918945312e+01,9.990341465651749742e-01,9.628002108138018489e-01
3.005784902590304626e-05,1.106838360771572590e+07,1.096698313585254982e+04,4.218985577163401758e+05,3.846988296508789062e+01,9.990091612719125269e-01,9.618825500932010053e-01
3.031739937762222554e-05,1.087967971241040155e+07,1.105882364624520960e+04,4.249187110464798170e+05,3.842350006103515625e+01,9.989835340801778152e-01,9.609438216676748912e-01
3.057919095375574389e-05,1.069419301316233352e+07,1.115138375502156305e+04,4.279510694861279335e+05,3.837649917602539062e+01,9.989572486917623895e-01,9.599828552786162650e-01
3.084324310733784538e-05,1.051186866027994826e+07,1.124466781200207697e+04,4.309987438178627053e+05,3.832916641235351562e+01,9.989302884030037966e-01,9.589988461855093460e-01
3.110957535851692306e-05,1.033265273919911683e+07,1.133868015823921996e+04,4.340533565963063156e+05,3.828076553344726562e+01,9.989026360950636896e-01,9.579920696502619570e-01
3.137820739599834813e-05,1.015649225454037264e+07,1.143342512483241444e+04,4.371164982397606364e+05,3.823145675659179688e+01,9.988742742239851147e-01,9.569618636745031992e-01
3.164915907849998760e-05,9.983335114437809214e+06,1.152890703170809320e+04,4.401895065334048122e+05,3.818137359619140625e+01,9.988451848105314168e-01,9.559075698163426171e-01
3.192245043622028862e-05,9.813130115135150030e+06,1.162513018636402194e+04,4.432725236050703097e+05,3.813054275512695312e+01,9.988153494297977719e-01,9.548286307830163855e-01
3.219810167231901401e-05,9.645826925844427198e+06,1.172209888257712555e+04,4.463727175564171630e+05,3.807958984375000000e+01,9.987847492005927919e-01,9.537237480012797919e-01
3.247613316441076464e-05,9.481376073862843215e+06,1.181981739907400151e+04,4.494718405723569449e+05,3.802696990966796875e+01,9.987533647745862053e-01,9.525942397948533591e-01
3.275656546607139027e-05,9.319728929943349212e+06,1.191828999816330361e+04,4.525858601859904593e+05,3.797406005859375000e+01,9.987211763252179519e-01,9.514378729694725756e-01
3.303941930835752597e-05,9.160837693914584816e+06,1.201752092432926656e+04,4.557069386652635294e+05,3.792021179199218750e+01,9.986881635363638043e-01,9.502548834624607865e-01
3.332471560133882057e-05,9.004655380546221510e+06,1.211751440278530026e+04,4.588368217962660128e+05,3.786558914184570312e+01,9.986543055907544097e-01,9.490444883890233330e-01
3.361247543564417151e-05,8.851135805654851720e+06,1.221827463798725330e+04,4.619703241274702596e+05,3.780978393554687500e+01,9.986195811581399795e-01,9.478066618487170913e-01
3.390272008402055691e-05,8.700233572447178885e+06,1.231980581210496166e+04,4.651127102797341649e+05,3.775325012207031250e+01,9.985839683832028468e-01,9.465402041902987174e-01
3.419547100290571822e-05,8.551904058095823973e+06,1.242211208345162231e+04,4.682616045399417053e+05,3.769581222534179688e+01,9.985474448732043484e-01,9.452447546933535616e-01
3.449074983401430734e-05,8.406103400544064119e+06,1.252519758486990759e+04,4.714221983192282496e+05,3.763790512084960938e+01,9.985099876853693601e-01,9.439190578730310976e-01
3.478857840593779636e-05,8.262788485535497777e+06,1.262906642207404548e+04,4.745826586501447018e+05,3.757860183715820312e+01,9.984715733139990501e-01,9.425638621294820663e-01
3.508897873575814305e-05,8.121916933864880353e+06,1.273372267194687083e+04,4.777574281080001383e+05,3.751906967163085938e+01,9.984321776773100732e-01,9.411767650422576681e-01
3.539197303067540196e-05,7.983447088846299797e+06,1.283917038079102167e+04,4.809292546542072669e+05,3.745796966552734375e+01,9.983917761039928784e-01,9.397591980879894669e-01
3.569758368964948435e-05,7.847338003994974308e+06,1.294541356253332924e+04,4.841074745246478706e+05,3.739606094360351562e+01,9.983503433194870214e-01,9.383093382395156778e-01
3.600583330505572130e-05,7.713549430919218808e+06,1.305245619688137231e+04,4.872920299580309656e+05,3.733335876464843750e+01,9.983078534319671515e-01,9.368264850932626064e-01
3.631674466435544314e-05,7.582041807418534532e+06,1.316030222743157356e+04,4.904812570762720425e+05,3.726975631713867188e+01,9.982642799180353466e-01,9.353101355104151970e-01
3.663034075178026039e-05,7.452776245784916915e+06,1.326895555972745933e+04,4.936724270027162274e+05,3.720507049560546875e+01,9.982195956081155730e-01,9.337599290892540926e-01
3.694664475003125249e-05,7.325714521303466521e+06,1.337842005926741331e+04,4.968650714305047295e+05,3.713929367065429688e+01,9.981737726715445014e-01,9.321752069391182616e-01
3.726568004199277300e-05,7.200819060949065723e+06,1.348869954946093458e+04,5.000631874572052038e+05,3.707275009155273438e+01,9.981267826013554556e-01,9.305546795129029380e-01
3.758747021246099985e-05,7.078052932275798172e+06,1.359979780953227419e+04,5.032631783025803743e+05,3.700519561767578125e+01,9.980785961987488353e-01,9.288980764741516793e-01
3.791203904988749509e-05,6.957379832495749928e+06,1.371171857237066251e+04,5.064661958619276993e+05,3.693674087524414062e+01,9.980291835572455694e-01,9.272044637413093815e-01
3.823941054813774016e-05,6.838764077744039707e+06,1.382446552232597242e+04,5.096671585251456709e+05,3.686704254150390625e+01,9.979785140465196047e-01,9.254737913559851759e-01
3.856960890826491094e-05,6.722170592526847497e+06,1.393804229294892684e+04,5.128676270454042242e+05,3.679624557495117188e+01,9.979265562959017677e-01,9.237050562781659035e-01
3.890265854029893337e-05,6.607564899349350482e+06,1.405245246467479410e+04,5.160693265620819875e+05,3.672450256347656250e+01,9.978732781775540017e-01,9.218971989797785094e-01
3.923858406505111078e-05,6.494913108520464040e+06,1.416769956244960849e+04,5.192740980521190795e+05,3.665196990966796875e+01,9.978186467893059852e-01,9.200491077592862776e-01
3.957741031593386922e-05,6.384181908131541684e+06,1.428378705329772856e+04,5.224742572855527978e+05,3.657813262939453125e+01,9.977626284371527987e-01,9.181611262329356649e-01
3.991916234079707064e-05,6.275338554205645807e+06,1.440071834383013083e+04,5.256747266081250273e+05,3.650336837768554688e+01,9.977051886174047590e-01,9.162316547438186243e-01
4.026386540377938973e-05,6.168350861015033908e+06,1.451849677769186565e+04,5.288649781754008727e+05,3.642697906494140625e+01,9.976462919984900868e-01,9.142615279040120502e-01
4.061154498717601483e-05,6.063187191563599743e+06,1.463712563294802931e+04,5.320647430262736743e+05,3.635035705566406250e+01,9.975859024024007482e-01,9.122466903600476851e-01
4.096222679332246275e-05,5.959816448231589980e+06,1.475660811940711937e+04,5.352513424981244607e+05,3.627197647094726562e+01,9.975239827857810271e-01,9.101899618641869916e-01
4.131593674649460917e-05,5.858208063579826616e+06,1.487694737588070166e+04,5.384300747204241343e+05,3.619224166870117188e+01,9.974604952206511665e-01,9.080896293069862235e-01
4.167270099482517864e-05,5.758331991310705431e+06,1.499814646737841394e+04,5.416130006932672113e+05,3.611199569702148438e+01,9.973954008747654143e-01,9.059427275970612925e-01
4.203254591223672793e-05,5.660158697383297607e+06,1.512020838223721148e+04,5.447873765676363837e+05,3.603041458129882812e+01,9.973286599915958117e-01,9.037505120095850053e-01
4.239549810039146852e-05,5.563659151279903948e+06,1.524313602918392462e+04,5.479535953391300282e+05,3.594756317138671875e+01,9.972602318699417268e-01,9.015120120697770467e-01
4.276158439065739939e-05,5.468804817421638407e+06,1.536693223432982450e+04,5.511130091840395471e+05,3.586356735229492188e+01,9.971900748431583583e-01,8.992260598827019891e-01
4.313083184609241738e-05,5.375567646730100736e+06,1.549159973809674193e+04,5.542681452437192202e+05,3.577862548828125000e+01,9.971181462580012145e-01,8.968912342530236392e-01
4.350326776344454823e-05,5.283920068333187141e+06,1.561714119207298427e+04,5.574082158910674043e+05,3.569207763671875000e+01,9.970444024530826788e-01,8.945085828925299909e-01
4.387891967517000590e-05,5.193834981412149966e+06,1.574355915579858629e+04,5.605453326653589029e+05,3.560474014282226562e+01,9.969687987369367788e-01,8.920748667080384831e-01
4.425781535146851119e-05,5.105285747187715024e+06,1.587085609347865829e+04,5.636635550724869827e+05,3.551563644409179688e+01,9.968912893656890484e-01,8.895921633019296948e-01
4.463998280233622847e-05,5.018246181042799726e+06,1.599903437062382181e+04,5.667794514229316264e+05,3.542585372924804688e+01,9.968118275203272649e-01,8.870562680714970671e-01
4.502545027963640893e-05,4.932690544779549353e+06,1.612809625061683255e+04,5.698782066314212279e+05,3.533449935913085938e+01,9.967303652835700634e-01,8.844690942077150231e-01
4.541424627918790952e-05,4.848593539008374326e+06,1.625804389120434280e+04,5.729600383672944736e+05,3.524163436889648438e+01,9.966468536163314296e-01,8.818296411613675279e-01
4.580639954287186555e-05,4.765930295666724443e+06,1.638887934091283023e+04,5.760364991244364064e+05,3.514801025390625000e+01,9.965612423337759651e-01,8.791345102868625139e-01
4.620193906075605608e-05,4.684676370665514842e+06,1.652060453538763613e+04,5.790943791687213816e+05,3.505285644531250000e+01,9.964734800809642579e-01,8.763854035265078446e-01
4.660089407323859527e-05,4.604807736660712399e+06,1.665322129365460205e+04,5.821371399098075926e+05,3.495642852783203125e+01,9.963835143080846946e-01,8.735805763886336228e-01
4.700329407320911318e-05,4.526300775948380120e+06,1.678673131430268404e+04,5.851620906136133708e+05,3.485860824584960938e+01,9.962912912452697167e-01,8.707195744209008659e-01
4.740916880822917446e-05,4.449132273480723612e+06,1.692113617158724446e+04,5.881679497868344188e+05,3.475936508178710938e+01,9.961967558769951880e-01,8.678016490333094746e-01
4.781854828273135206e-05,4.373279410001254641e+06,1.705643731145283891e+04,5.911548383100087522e+05,3.465875244140625000e+01,9.960998519160595421e-01,8.648257330738812199e-01
4.823146276023730156e-05,4.298719755296973512e+06,1.719263604747468708e+04,5.941305011800851207e+05,3.455726623535156250e+01,9.960005217771430441e-01,8.617889662502457027e-01
4.864794276559503274e-05,4.225431261565602385e+06,1.732973355671805257e+04,5.970809288757258328e+05,3.445413208007812500e+01,9.958987065499447233e-01,8.586934937726342643e-01
4.906801908723545951e-05,4.153392256895897910e+06,1.746773087551464414e+04,6.000085994617661927e+05,3.434954452514648438e+01,9.957943459718949786e-01,8.555376997042433151e-01
4.949172277944843845e-05,4.082581438859118149e+06,1.760662889515528150e+04,6.029146743554887362e+05,3.424361801147460938e+01,9.956873784004477423e-01,8.523202333168952149e-01
4.991908516467846523e-05,4.012977868209752254e+06,1.774642835749812002e+04,6.057988086015337612e+05,3.413637924194335938e+01,9.955777407849459859e-01,8.490400823287396204e-01
5.035013783584031368e-05,3.944560962693617214e+06,1.788712985049167764e+04,6.086558830986275570e+05,3.402758789062500000e+01,9.954653686380657840e-01,8.456974327802008196e-01
5.078491265865412937e-05,3.877310490961619187e+06,1.802873380361186355e+04,6.114877136287443573e+05,3.391739654541015625e+01,9.953501960068356080e-01,8.422907541054087677e-01
5.122344177400174657e-05,3.811206566587095149e+06,1.817124048321279406e+04,6.142979217880930519e+05,3.380605316162109375e+01,9.952321554432340678e-01,8.388179934476256427e-01
5.166575760030228361e-05,3.746229642185335513e+06,1.831464998779022426e+04,6.170725822470041458e+05,3.369284057617187500e+01,9.951111779743682106e-01,8.352816988851117230e-01
5.211189283590879888e-05,3.682360503633266315e+06,1.845896224315741711e+04,6.198325512872239342e+05,3.357894897460937500e+01,9.949871930722306024e-01,8.316752119528614262e-01
5.256188046152552635e-05,3.619580264387703035e+06,1.860417699753288980e+04,6.225450689704873366e+05,3.346265029907226562e+01,9.948601286230407403e-01,8.280062815306020729e-01
5.301575374264600235e-05,3.557870359900465235e+06,1.875029381653950622e+04,6.252408012658203952e+05,3.334565353393554688e+01,9.947299108961732417e-01,8.242654346508252461e-01
5.347354623201218513e-05,3.497212542128722183e+06,1.889731207811456625e+04,6.278940184209233848e+05,3.322663116455078125e+01,9.945964645126739168e-01,8.204587193780535914e-01
5.393529177209491291e-05,3.437588874138909392e+06,1.904523096733056809e+04,6.305173546711936360e+05,3.310631179809570312e+01,9.944597124133695010e-01,8.165815117058947692e-01
5.440102449759576822e-05,3.378981724802649114e+06,1.919404947112631635e+04,6.331114135704255896e+05,3.298477554321289062e+01,9.943195758265761519e-01,8.126324836493743486e-01
5.487077883797011115e-05,3.321373763583155815e+06,1.934376637294805550e+04,6.356604519331461051e+05,3.286125564575195312e+01,9.941759742354080442e-01,8.086152004622977341e-01
5.534458951997291485e-05,3.264747955410394818e+06,1.949438024730093821e+04,6.381786671832265565e+05,3.273654556274414062e+01,9.940288253446963873e-01,8.045243688335492749e-01
5.582249157022552605e-05,3.209087555643749423e+06,1.964588945421004973e+04,6.406616850965451449e+05,3.261046981811523438e+01,9.938780450475215300e-01,8.003601727943421285e-01
5.630452031780513290e-05,3.154376105120506603e+06,1.979829213359157802e+04,6.430918704938726733e+05,3.248218917846679688e+01,9.937235473913674788e-01,7.961270789967183070e-01
5.679071139685647245e-05,3.100597425288761035e+06,1.995158619953386369e+04,6.454922350239099469e+05,3.235292816162109375e+01,9.935652445439041580e-01,7.918168189913287192e-01
5.728110074922609636e-05,3.047735613423315808e+06,2.010576933448870477e+04,6.478534707698437851e+05,3.222226715087890625e+01,9.934030467584079593e-01,7.874312102675619096e-01
5.777572462711939128e-05,2.995775037923128810e+06,2.026083898337299979e+04,6.501647612623692257e+05,3.208972549438476562e+01,9.932368623388293516e-01,7.829727689722967288e-01
5.827461959578053010e-05,2.944700333688946906e+06,2.041679234758116945e+04,6.524339020920800976e+05,3.195574951171875000e+01,9.930665976045160992e-01,7.784379297859659319e-01
5.877782253619570646e-05,2.894496397579724900e+06,2.057362637890881888e+04,6.546527458572279429e+05,3.181999778747558594e+01,9.928921568546046350e-01,7.738284468397937932e-01
5.928537064781906293e-05,2.845148383946571965e+06,2.073133777338787695e+04,6.568285743234328693e+05,3.168288421630859375e+01,9.927134423320899126e-01,7.691408370721491972e-01
5.979730145132342717e-05,2.796641700242719613e+06,2.088992296503456964e+04,6.589515438561724732e+05,3.154399108886718750e+01,9.925303541875881708e-01,7.643775590562844613e-01
6.031365279137353163e-05,2.748962002708454151e+06,2.104937811951003096e+04,6.610311232645933051e+05,3.140383148193359375e+01,9.923427904428031576e-01,7.595342814439403067e-01
6.083446283942383796e-05,2.702095192129554693e+06,2.120969912769519942e+04,6.630607511175202671e+05,3.126214790344238281e+01,9.921506469537146877e-01,7.546123641206904376e-01
6.135977009654036284e-05,2.656027409668059088e+06,2.137088159918059318e+04,6.650334423815628979e+05,3.111867141723632812e+01,9.919538173734994135e-01,7.496134866828515486e-01
6.188961339624688492e-05,2.610745032764110249e+06,2.153292085567220784e+04,6.669538928754674271e+05,3.097368431091308594e+01,9.917521931152065706e-01,7.445350332930312787e-01
6.242403190739573597e-05,2.566234671107672155e+06,2.169581192431475210e+04,6.688174490113462089e+05,3.082703018188476562e+01,9.915456633142011311e-01,7.393779078190606535e-01
6.296306513706334573e-05,2.522483162678923458e+06,2.185954953093362565e+04,6.706280963937791530e+05,3.067895317077636719e+01,9.913341147903963479e-01,7.341397134712448480e-01
6.350675293347096738e-05,2.479477569856146351e+06,2.202412809319716689e+04,6.723744657474374399e+05,3.052899360656738281e+01,9.911174320102944524e-01,7.288241386323784932e-01
6.405513548892996696e-05,2.437205175590024795e+06,2.218954171370069525e+04,6.740642542469663313e+05,3.037756538391113281e+01,9.908954970488569325e-01,7.234273663136375765e-01
6.460825334281378412e-05,2.395653479643064085e+06,2.235578417297458145e+04,6.757000886537126498e+05,3.022484397888183594e+01,9.906681895512261526e-01,7.179474851453110373e-01
6.516614738455436882e-05,2.354810194893222768e+06,2.252284892241782654e+04,6.772673871303882916e+05,3.007023620605468750e+01,9.904353866943236273e-01,7.123898186787412934e-01
6.572885885666499115e-05,2.314663243700523395e+06,2.269072907715958718e+04,6.787673434759555385e+05,2.991386222839355469e+01,9.901969631483484857e-01,7.067533061998300115e-01
6.629642935778920759e-05,2.275200754335602280e+06,2.285941740885094987e+04,6.802115508125032065e+05,2.975629425048828125e+01,9.899527910382016627e-01,7.010322937365863760e-01
6.686890084577595654e-05,2.236411057469164953e+06,2.302890633838943540e+04,6.815858409220095491e+05,2.959696960449218750e+01,9.897027399048679008e-01,6.952323059548245476e-01
6.744631564078139296e-05,2.198282682721279562e+06,2.319918792857882727e+04,6.828889697874011472e+05,2.943589973449707031e+01,9.894466766667786572e-01,6.893534324975689742e-01
6.802871642839735376e-05,2.160804355269512627e+06,2.337025387672733996e+04,6.841278890956194373e+05,2.927344703674316406e+01,9.891844655811919962e-01,6.833920260169553673e-01
6.861614626280694172e-05,2.123964992514880374e+06,2.354209550718710307e+04,6.853019279192560352e+05,2.910964012145996094e+01,9.889159682056188894e-01,6.773478233707493912e-01
6.920864856996733656e-05,2.087753700804651948e+06,2.371470376383825715e+04,6.863965370097372215e+05,2.894392204284667969e+01,9.886410433593301184e-01,6.712272445043735436e-01
6.980626715082015820e-05,2.052159772211012430e+06,2.388806920252117197e+04,6.874133543470719596e+05,2.877643013000488281e+01,9.883595470849796394e-01,6.650293200093052581e-01
7.040904618452893508e-05,2.017172681364689721e+06,2.406218198342027608e+04,6.883695664544830797e+05,2.860794448852539062e+01,9.880713326103833793e-01,6.587453454957677978e-01
7.101703023174594088e-05,1.982782082342475420e+06,2.423703186340400134e+04,6.892399464169770945e+05,2.843747329711914062e+01,9.877762503104878800e-01,6.523874446138310246e-01
7.163026423790575675e-05,1.948977805607902585e+06,2.441260818832414589e+04,6.900378145765190711e+05,2.826563262939453125e+01,9.874741476695730880e-01,6.459488596581065556e-01
7.224879353654799859e-05,1.915749855004034936e+06,2.458889988527972673e+04,6.907501329253552249e+05,2.809194946289062500e+01,9.871648692437311468e-01,6.394361554453045215e-01
7.287266385266866729e-05,1.883088404797532829e+06,2.476589545484958944e+04,6.913922386356815696e+05,2.791711044311523438e+01,9.868482566236648212e-01,6.328413276433406676e-01
7.350192130610033877e-05,1.850983796773117268e+06,2.494358296329887162e+04,6.919558240284593776e+05,2.774083518981933594e+01,9.865241483978499648e-01,6.261686216622914802e-01
7.413661241492164094e-05,1.819426537377568427e+06,2.512195003476418424e+04,6.924301207033557585e+05,2.756275367736816406e+01,9.861923801161140979e-01,6.194239742697220663e-01
7.477678409889607200e-05,1.788407294912418118e+06,2.530098384342320060e+04,6.928253192863491131e+05,2.738333511352539062e+01,9.858527842536773944e-01,6.126020502951046165e-01
7.542248368294071550e-05,1.757916896774495253e+06,2.548067110565408802e+04,6.931323997397435596e+05,2.720228195190429688e+01,9.855051901757090338e-01,6.057080963204041213e-01
7.607375890062416119e-05,1.727946326743551530e+06,2.566099807219065042e+04,6.933602775462032296e+05,2.702000427246093750e+01,9.851494241024540965e-01,5.987373757998060153e-01
7.673065789769615229e-05,1.698486722316060215e+06,2.584195052027992642e+04,6.934973558155250503e+05,2.683610725402832031e+01,9.847853090749855154e-01,5.916969224994172993e-01
7.739322923564614031e-05,1.669529372084542178e+06,2.602351374584793666e+04,6.935479252064980101e+05,2.665081787109375000e+01,9.844126649216387026e-01,5.845847717308816360e-01
7.806152189529334947e-05,1.641065713161536492e+06,2.620567255568099426e+04,6.935112854591896757e+05,2.646416664123535156e+01,9.840313082251925803e-01,5.774018798289738408e-01
7.873558528040774094e-05,1.613087328647494782e+06,2.638841125962945807e+04,6.933767358422422549e+05,2.627580451965332031e+01,9.836410522908545229e-01,5.701554878472642196e-01
7.941546922136220204e-05,1.585585945141844684e+06,2.657171366284128817e+04,6.931622527028572513e+05,2.608647155761718750e+01,9.832417071151168253e-01,5.628352693042774080e-01
8.010122397881624511e-05,1.558553430296491133e+06,2.675556305803316718e+04,6.928457792337505380e+05,2.589539146423339844e+01,9.828330793555513090e-01,5.554558696765711234e-01
8.079290024743154125e-05,1.531981790411024587e+06,2.693994221780724547e+04,6.924489751188519876e+05,2.570343208312988281e+01,9.824149723016097902e-01,5.480044348744702587e-01
8.149054915961973617e-05,1.505863168068921426e+06,2.712483338702179026e+04,6.919435895068796817e+05,2.550959777832031250e+01,9.819871858465030190e-01,5.405003560886547653e-01
8.219422228932177568e-05,1.480189839814077131e+06,2.731021827522425156e+04,6.913578255917795468e+05,2.531498718261718750e+01,9.815495164602300315e-01,5.329262456776360235e-01
8.290397165582145131e-05,1.454954213866891339e+06,2.749607804915633096e+04,6.906658937823660672e+05,2.511870574951171875e+01,9.811017571638361856e-01,5.253005990155834581e-01
8.361984972759038779e-05,1.430148827879348537e+06,2.768239332533956622e+04,6.898787189636502881e+05,2.492120933532714844e+01,9.806436975049740434e-01,5.176175335635415653e-01
8.434190942616687117e-05,1.405766346728347475e+06,2.786914416275166877e+04,6.889993242735775420e+05,2.472265815734863281e+01,9.801751235348521440e-01,5.098763561404839884e-01
8.507020413006813819e-05,1.381799560346652521e+06,2.805631005560347694e+04,6.880145300605765078e+05,2.452263069152832031e+01,9.796958177866513795e-01,5.020880380885530681e-01
8.580478767873635714e-05,1.358241381590828765e+06,2.824386992622685284e+04,6.869406308333660709e+05,2.432176017761230469e+01,9.792055592554937959e-01,4.942425991845479927e-01
8.654571437651880186e-05,1.335084844145523151e+06,2.843180211808423337e+04,6.857657092700202484e+05,2.411967086791992188e+01,9.787041233800530815e-01,4.863504650830473008e-01
8.729303899668224573e-05,1.312323100463479059e+06,2.862008438891085825e+04,6.844890301873825956e+05,2.391638755798339844e+01,9.781912820258952257e-01,4.784142487885502115e-01
8.804681678546213161e-05,1.289949419740668731e+06,2.880869390400117481e+04,6.831052079360466450e+05,2.371177291870117188e+01,9.776668034706407218e-01,4.704403153471102272e-01
8.880710346614666649e-05,1.267957185925948201e+06,2.899760722965108289e+04,6.816339206796822837e+05,2.350655746459960938e+01,9.771304523910441242e-01,4.624156649406840902e-01
8.957395524319636964e-05,1.246339895764639834e+06,2.918680032676813425e+04,6.800490851817140356e+05,2.329988479614257812e+01,9.765819898520846642e-01,4.543630613986738287e-01
9.034742880639826102e-05,1.225091156875496730e+06,2.937624854466201941e+04,6.783770349786591250e+05,2.309270477294921875e+01,9.760211732981699528e-01,4.462640341729272042e-01
9.112758133505776629e-05,1.204204685860401485e+06,2.956592661502862757e+04,6.765910298912547296e+05,2.288414764404296875e+01,9.754477565465510258e-01,4.381428358187861027e-01
9.191447050222504537e-05,1.183674306446339935e+06,2.975580864614013626e+04,6.747058440117298160e+05,2.267476081848144531e+01,9.748614897830519821e-01,4.299902934977523072e-01
9.270815447895856321e-05,1.163493947659032885e+06,2.994586811725510779e+04,6.727229653190753888e+05,2.246463394165039062e+01,9.742621195602205741e-01,4.218079374863926145e-01
9.350869193862553711e-05,1.143657642027704744e+06,3.013607787326233301e+04,6.706372320932883304e+05,2.225363349914550781e+01,9.736493887980051110e-01,4.136031558323269852e-01
9.431614206123927391e-05,1.124159523820463801e+06,3.032641011957247974e+04,6.684458763180425158e+05,2.204170799255371094e+01,9.730230367870674746e-01,4.053816543346760448e-01
9.513056453783414260e-05,1.104993827309762593e+06,3.051683641727225768e+04,6.661569259124675300e+05,2.182916069030761719e+01,9.723827991948433835e-01,3.971396858077434477e-01
9.595201957487823653e-05,1.086154885067434050e+06,3.070732767855575003e+04,6.637541674038734054e+05,2.161549758911132812e+01,9.717284080744622576e-01,3.888954728932014770e-01
9.678056789872433504e-05,1.067637126288789790e+06,3.089785416244820954e+04,6.612615083386100596e+05,2.140153503417968750e+01,9.710595918766405932e-01,3.806308416444647014e-01
9.761627076009836488e-05,1.049435075145311654e+06,3.108838547083757294e+04,6.586670224681766704e+05,2.118691635131835938e+01,9.703760754646657549e-01,3.723603888721049859e-01
9.845918993862853288e-05,1.031543349165385589e+06,3.127889054483002110e+04,6.559686660758302314e+05,2.097160911560058594e+01,9.696775801325872024e-01,3.640900631014975519e-01
9.930938774741166018e-05,1.013956657642685110e+06,3.146933766144484616e+04,6.531645638366030762e+05,2.075558662414550781e+01,9.689638236267348326e-01,3.558259528024361740e-01
1.001669270376198218e-04,9.966698000716699753e+05,3.165969443066566964e+04,6.502675078131059418e+05,2.053928565979003906e+01,9.682345201706833437e-01,3.475597356653672421e-01
1.010318712031467355e-04,9.796776646097587654e+05,3.184992779286425503e+04,6.472677349037044914e+05,2.032242393493652344e+01,9.674893804937859665e-01,3.393054080073013012e-01
1.019042841852941042e-04,9.629752265657237731e+05,3.204000401661402066e+04,6.441657938737213844e+05,2.010504722595214844e+01,9.667281118633976877e-01,3.310671177170136925e-01
1.027842304774985471e-04,9.465575469138543122e+05,3.222988869691015498e+04,6.409684935257424368e+05,1.988739395141601562e+01,9.659504181209139784e-01,3.228425512896189176e-01
1.036717751300993655e-04,9.304197708334515337e+05,3.241954675381391644e+04,6.376763480872305809e+05,1.966950225830078125e+01,9.651559997217459275e-01,3.146358578386476146e-01
1.045669837551470337e-04,9.145571262732314644e+05,3.260894243153840944e+04,6.342840719931087224e+05,1.945123100280761719e+01,9.643445537793599032e-01,3.064576790541445606e-01
1.054699225312542718e-04,8.989649225401844596e+05,3.279803929799397156e+04,6.307988654838858638e+05,1.923282241821289062e+01,9.635157741135023102e-01,2.983053624590245034e-01
1.063806582084875593e-04,8.836385489125186577e+05,3.298680024481051805e+04,6.272131570306365611e+05,1.901406478881835938e+01,9.626693513027392290e-01,2.901926270616658199e-01
1.072992581133023148e-04,8.685734732762261992e+05,3.317518748785553908e+04,6.235332829870271962e+05,1.879516983032226562e+01,9.618049727414308414e-01,2.821179760014045912e-01
1.082257901535196555e-04,8.537652407849124866e+05,3.336316256826545577e+04,6.197667147613767302e+05,1.857637786865234375e+01,9.609223227012698709e-01,2.740783002695311166e-01
1.091603228233465917e-04,8.392094725424662465e+05,3.355068635400877247e+04,6.159092870176602155e+05,1.835757637023925781e+01,9.600210823975047214e-01,2.660839669126904838e-01
1.101029252084394949e-04,8.249018643081893679e+05,3.373771904199949495e+04,6.119601825462365523e+05,1.813875389099121094e+01,9.591009300599726561e-01,2.581418359874093627e-01
1.110536669910112864e-04,8.108381852240032749e+05,3.392422016077902663e+04,6.079158161591382232e+05,1.791981697082519531e+01,9.581615410090644769e-01,2.502624725410599882e-01
1.120126184549826988e-04,7.970142765633559320e+05,3.411014857378506713e+04,6.037957182212087791e+05,1.770135116577148438e+01,9.572025877367409397e-01,2.424279765417576005e-01
1.129798504911781791e-04,7.834260505014550872e+05,3.429546248322587053e+04,5.995823961323690601e+05,1.748284912109375000e+01,9.562237399927229209e-01,2.346662512070047113e-01
1.139554346025660280e-04,7.700694889064779272e+05,3.448011943457817688e+04,5.952902311046106042e+05,1.726473808288574219e+01,9.552246648759697978e-01,2.269655665101849296e-01
1.149394429095451046e-04,7.569406421513697132e+05,3.466407632172729063e+04,5.909089528451371007e+05,1.704672431945800781e+01,9.542050269315631716e-01,2.193457188853525919e-01
1.159319481552754287e-04,7.440356279459255747e+05,3.484728939276697929e+04,5.864600709745564964e+05,1.682943153381347656e+01,9.531644882531087326e-01,2.117849617045774457e-01
1.169330237110565557e-04,7.313506301887586014e+05,3.502971425647777505e+04,5.819264243887544144e+05,1.661236572265625000e+01,9.521027085907661780e-01,2.043126779851661690e-01
1.179427435817511347e-04,7.188818978388590040e+05,3.521130588950094534e+04,5.773134195413655834e+05,1.639568328857421875e+01,9.510193454650130995e-01,1.969287009772872354e-01
1.189611824112557932e-04,7.066257438063847367e+05,3.539201864422601648e+04,5.726299790249544894e+05,1.617963600158691406e+01,9.499140542862483105e-01,1.896276295562549508e-01
1.199884154880192784e-04,6.945785438623627415e+05,3.557180625740895630e+04,5.678729197902124142e+05,1.596412944793701172e+01,9.487864884803326460e-01,1.824208726166154648e-01
1.210245187506081690e-04,6.827367355669798562e+05,3.575062185953799781e+04,5.630424275496434420e+05,1.574916458129882812e+01,9.476362996201620481e-01,1.753154646321119225e-01
1.220695687933207653e-04,6.710968172161435941e+05,3.592841798496373667e+04,5.581494412665769923e+05,1.553504085540771484e+01,9.464631375633657528e-01,1.683026547765447967e-01
1.231236428718488472e-04,6.596553468060094165e+05,3.610514658280944423e+04,5.531905406736342702e+05,1.532165336608886719e+01,9.452666505962132870e-01,1.613945928701525090e-01
1.241868189089896169e-04,6.484089410151490010e+05,3.628075902867771219e+04,5.481644040366066620e+05,1.510895633697509766e+01,9.440464855838098801e-01,1.546007937854766423e-01
1.252591755004057268e-04,6.373542742040822050e+05,3.645520613716810476e+04,5.430834037821515230e+05,1.489727973937988281e+01,9.428022881266580058e-01,1.479096857703741386e-01
1.263407919204352474e-04,6.264880774318662006e+05,3.662843817522066820e+04,5.379381979144667275e+05,1.468635368347167969e+01,9.415337027236497791e-01,1.413432796365222677e-01
1.274317481279526069e-04,6.158071374894408509e+05,3.680040487629940617e+04,5.327418872018125840e+05,1.447652244567871094e+01,9.402403729415519384e-01,1.348884175429885812e-01
1.285321247722792551e-04,6.053082959494644310e+05,3.697105545542875188e+04,5.274918646256380016e+05,1.426769828796386719e+01,9.389219415910410316e-01,1.285566906063403958e-01
1.296420031991456906e-04,5.949884482323447010e+05,3.714033862509582832e+04,5.221939204690816696e+05,1.406002044677734375e+01,9.375780509093306625e-01,1.223461194574933242e-01
1.307614654567050973e-04,5.848445426881922176e+05,3.730820261203018163e+04,5.168463521584621631e+05,1.385342407226562500e+01,9.362083427494322097e-01,1.162671198352671492e-01
1.318905943015986687e-04,5.748735796944276663e+05,3.747459517487199628e+04,5.114523726195169729e+05,1.364797592163085938e+01,9.348124587760817672e-01,1.103220069856437752e-01
1.330294732050735988e-04,5.650726107687711483e+05,3.763946362273884006e+04,5.060175994965263526e+05,1.344380474090576172e+01,9.333900406683469653e-01,1.045087129455832403e-01
1.341781863591532222e-04,5.554387376973604551e+05,3.780275483469996834e+04,5.005446971330207889e+05,1.324095821380615234e+01,9.319407303289360955e-01,9.883005422327879874e-02
1.353368186828617981e-04,5.459691116777209099e+05,3.796441528016644588e+04,4.950317884056991898e+05,1.303936290740966797e+01,9.304641701002008825e-01,9.329707886861082766e-02
1.365054558285012010e-04,5.366609324763645418e+05,3.812439104020375817e+04,4.894902453083869768e+05,1.283929347991943359e+01,9.289600029868341213e-01,8.789662953536317436e-02
1.376841841879836907e-04,5.275114476007333724e+05,3.828262782977325696e+04,4.839133486596956500e+05,1.264054679870605469e+01,9.274278728852366482e-01,8.264863092418908708e-02
1.388730908992178369e-04,5.185179514852738357e+05,3.843907102090654371e+04,4.783156104152165353e+05,1.244347476959228516e+01,9.258674248195276624e-01,7.753317113688988627e-02
1.400722638525505768e-04,5.096777846913798130e+05,3.859366566681672703e+04,4.726849906726641930e+05,1.224773502349853516e+01,9.242783051841548803e-01,7.258074636530509327e-02
1.412817916972642968e-04,5.009883331209802418e+05,3.874635652694828605e+04,4.670367532832648139e+05,1.205369472503662109e+01,9.226601619930504539e-01,6.776920258044551171e-02
1.425017638481304550e-04,4.924470272435303777e+05,3.889708809296642721e+04,4.613690847442409722e+05,1.186127567291259766e+01,9.210126451352693699e-01,6.310920927525549839e-02
1.437322704920195829e-04,4.840513413361848798e+05,3.904580461568525061e+04,4.556868105586585589e+05,1.167057037353515625e+01,9.193354066370265087e-01,5.859818650482056385e-02
1.449734025945679356e-04,4.757987927369268145e+05,3.919245013293235388e+04,4.499888135034609004e+05,1.148151779174804688e+01,9.176281009300455427e-01,5.424557528824262842e-02
1.462252519069029335e-04,4.676869411104219616e+05,3.933696849834635213e+04,4.442814631259827875e+05,1.129424762725830078e+01,9.158903851261076534e-01,5.004518178093214642e-02
1.474879109724255518e-04,4.597133877263978356e+05,3.947930341110185691e+04,4.385677584436963079e+05,1.110880184173583984e+01,9.141219192976858254e-01,4.599741892939285259e-02
1.487614731336510941e-04,4.518757747503255960e+05,3.961939844655473280e+04,4.328487367059023818e+05,1.092517185211181641e+01,9.123223667645259383e-01,4.210678931601544855e-02
1.500460325391104912e-04,4.441717845461863326e+05,3.975719708779930806e+04,4.271312855447538896e+05,1.074349594116210938e+01,9.104913943860266645e-01,3.836465888719799849e-02
1.513416841503096872e-04,4.365991389911340084e+05,3.989264275812674896e+04,4.214111600150447921e+05,1.056363105773925781e+01,9.086286728592545270e-01,3.478701082916619419e-02
1.526485237487498476e-04,4.291555988018378848e+05,4.002567885437241057e+04,4.156980610055067227e+05,1.038578414916992188e+01,9.067338770224124822e-01,3.135817832483915601e-02
1.539666479430079865e-04,4.218389628723113565e+05,4.015624878113803425e+04,4.099921230206608889e+05,1.020992088317871094e+01,9.048066861635700731e-01,2.808379712244942622e-02
1.552961541758788764e-04,4.146470676230292302e+05,4.028429598587278451e+04,4.042970464664408937e+05,1.003609561920166016e+01,9.028467843344385457e-01,2.496103786750499334e-02
1.566371407315786781e-04,4.075777863611419452e+05,4.040976399479521933e+04,3.986125614134642528e+05,9.864263534545898438e+00,9.008538606689684425e-01,2.199635320589794427e-02
1.579897067430099077e-04,4.006290286516011693e+05,4.053259644963600294e+04,3.929449558594728587e+05,9.694541931152343750e+00,8.988276097065239778e-01,1.918002002498577635e-02
1.593539521990911044e-04,3.937987396989981062e+05,4.065273714517993358e+04,3.872965893688731012e+05,9.526949882507324219e+00,8.967677317193725184e-01,1.651135383291209638e-02
1.607299779521472404e-04,3.870848997399522923e+05,4.077013006758265692e+04,3.816674643212358351e+05,9.361448287963867188e+00,8.946739330442172733e-01,1.399547081882023154e-02
1.621178857253662941e-04,3.804855234458490741e+05,4.088471943343667954e+04,3.760631841575703584e+05,9.198135375976562500e+00,8.925459264174726570e-01,1.162288448776712876e-02
1.635177781203186803e-04,3.739986593357665115e+05,4.099644972955810954e+04,3.704833401172243175e+05,9.036961555480957031e+00,8.903834313139807888e-01,9.399282940707628237e-03
1.649297586245421384e-04,3.676223891994089354e+05,4.110526575346416212e+04,3.649335008468059241e+05,8.878023147583007812e+00,8.881861742888366162e-01,7.314267116479897073e-03
1.663539316191921886e-04,3.613548275298784138e+05,4.121111265450913197e+04,3.594123596432870254e+05,8.721248626708984375e+00,8.859538893219806033e-01,5.375513867822276880e-03
1.677904023867584531e-04,3.551941209661180037e+05,4.131393597564424272e+04,3.539257493677360471e+05,8.566740036010742188e+00,8.836863181652008237e-01,3.570925090009996819e-03
1.692392771188478990e-04,3.491384477448592079e+05,4.141368169576500804e+04,3.484740520930551575e+05,8.414466857910156250e+00,8.813832106911668740e-01,1.902957569111874206e-03
1.707006629240345166e-04,3.431860171619163593e+05,4.151029627260738926e+04,3.430591376736002858e+05,8.264434814453125000e+00,8.790443252441060284e-01,3.697105417212011910e-04
1.721746678357781695e-04,3.373350690426598885e+05,4.160372668615208386e+04,3.376865626232090290e+05,8.116738319396972656e+00,8.766694289917101868e-01,1.041971656094522721e-03
1.736614008204106650e-04,3.315838732215219061e+05,4.169392048249401705e+04,3.323534612802480115e+05,7.971269130706787109e+00,8.742582982778555056e-01,2.320945380271751627e-03
1.751609717851906173e-04,3.259307290303763002e+05,4.178082581813207798e+04,3.270646106656536576e+05,7.828103065490722656e+00,8.718107189756932884e-01,3.478903749427324655e-03
1.766734915864292177e-04,3.203739647956364788e+05,4.186439150463260012e+04,3.218223487806483754e+05,7.687257289886474609e+00,8.693264868406598289e-01,4.520916629214259512e-03
1.781990720376849325e-04,3.149119373439312330e+05,4.194456705361708737e+04,3.166264472512152279e+05,7.548687934875488281e+00,8.668054078629374715e-01,5.444410655704968842e-03
1.797378259180292708e-04,3.095430315162075567e+05,4.202130272202375636e+04,3.114795762246540980e+05,7.412420749664306641e+00,8.642472986188883821e-01,6.256140540334355696e-03
1.812898669803841368e-04,3.042656596901165321e+05,4.209454955758990400e+04,3.063830145245535532e+05,7.278448581695556641e+00,8.616519866209624290e-01,6.958901759053156243e-03
1.828553099599310909e-04,2.990782613105424098e+05,4.216425944450066891e+04,3.013386263882170315e+05,7.146778583526611328e+00,8.590193106655780175e-01,7.557771226065853123e-03
1.844342705825932540e-04,2.939793024281354155e+05,4.223038514914745610e+04,2.963484623654907919e+05,7.017422676086425781e+00,8.563491211784515222e-01,8.058934482078132858e-03
1.860268655735897701e-04,2.889672752457146998e+05,4.229288036593822471e+04,2.914141541953819105e+05,6.890383243560791016e+00,8.536412805568528439e-01,8.467668000075718321e-03
1.876332126660659478e-04,2.840406976723979460e+05,4.235169976309969934e+04,2.865347493562417221e+05,6.765602111816406250e+00,8.508956635082393083e-01,8.780613849640388907e-03
1.892534306097953378e-04,2.791981128853419796e+05,4.240679902841015428e+04,2.817124761750290054e+05,6.643096923828125000e+00,8.481121573847265616e-01,9.005660044412968496e-03
1.908876391799595748e-04,2.744380888989459490e+05,4.245813491480002267e+04,2.769499297261914471e+05,6.522894382476806641e+00,8.452906625128334683e-01,9.152668411746637742e-03
1.925359591860021085e-04,2.697592181414056686e+05,4.250566528575622215e+04,2.722460588554253336e+05,6.404935836791992188e+00,8.424310925179391285e-01,9.218742296013337362e-03
1.941985124805592640e-04,2.651601170384842553e+05,4.254934916046453145e+04,2.676027391279063886e+05,6.289232254028320312e+00,8.395333746428800259e-01,9.211875891077620990e-03
1.958754219684681738e-04,2.606394256043802598e+05,4.258914675862375589e+04,2.630205229142492753e+05,6.175764083862304688e+00,8.365974500601108810e-01,9.135599130283686073e-03
1.975668116158526622e-04,2.561958070395698596e+05,4.262501954486370232e+04,2.585009289152631245e+05,6.064535140991210938e+00,8.336232741768478949e-01,8.997500397565971753e-03
1.992728064592874378e-04,2.518279473355063819e+05,4.265693027269877348e+04,2.540442689273490396e+05,5.955521583557128906e+00,8.306108169326114066e-01,8.800935778942309273e-03
2.009935326150416482e-04,2.475345548860584095e+05,4.268484302794747782e+04,2.496496628883630328e+05,5.848672389984130859e+00,8.275600630885835418e-01,8.544697944407073781e-03
2.027291172884012303e-04,2.433143601055751787e+05,4.270872327154835511e+04,2.453191490609192406e+05,5.744005680084228516e+00,8.244710125081937679e-01,8.239501172368844661e-03
2.044796887830742013e-04,2.391661150534572662e+05,4.272853788170127518e+04,2.410526999291934771e+05,5.641491889953613281e+00,8.213436804283466008e-01,7.888177952443349572e-03
2.062453765106736872e-04,2.350885930651366070e+05,4.274425519526397693e+04,2.368503565950428310e+05,5.541103839874267578e+00,8.181780977207144812e-01,7.494040892992573540e-03
2.080263110002863319e-04,2.310805883893395367e+05,4.275584504833208484e+04,2.327129628715201106e+05,5.442833900451660156e+00,8.149743111425080677e-01,7.064091767977688160e-03
2.098226239081207216e-04,2.271409158315401583e+05,4.276327881593219354e+04,2.286400248820177512e+05,5.346643924713134766e+00,8.117323835761597328e-01,6.599907572748418480e-03
2.116344480272405650e-04,2.232684104034890770e+05,4.276652945075669413e+04,2.246321568427273596e+05,5.252522468566894531e+00,8.084523942573454969e-01,6.108102963485653042e-03
2.134619172973812229e-04,2.194619269787190424e+05,4.276557152086972928e+04,2.206886547299859230e+05,5.160428047180175781e+00,8.051344389907928445e-01,5.589706461412029086e-03
2.153051668148513469e-04,2.157203399539227248e+05,4.276038124631428946e+04,2.168096373633188487e+05,5.070339202880859375e+00,8.017786303533185333e-01,5.049581368306738441e-03
2.171643328425201705e-04,2.120425429161039938e+05,4.275093653455059393e+04,2.129953938214429945e+05,4.982239246368408203e+00,7.983850978835634882e-01,4.493677977234985382e-03
2.190395528198899099e-04,2.084274483154052868e+05,4.273721701465721708e+04,2.092450176197332621e+05,4.896084308624267578e+00,7.949539882578967598e-01,3.922560636499175697e-03
2.209309653732572862e-04,2.048739871435094101e+05,4.271920407022703876e+04,2.055592403106520942e+05,4.811869621276855469e+00,7.914854654519744015e-01,3.344754386327632775e-03
2.228387103259608893e-04,2.013811086175277596e+05,4.269688087089142937e+04,2.019366818932704336e+05,4.729541778564453125e+00,7.879797108874629918e-01,2.758815261057303344e-03
2.247629287087170400e-04,1.979477798692775250e+05,4.267023240240752784e+04,1.983774579357598268e+05,4.649083137512207031e+00,7.844369235634445214e-01,2.170663731445011957e-03
2.267037627700468059e-04,1.945729856398531992e+05,4.263924549524448230e+04,1.948809389262926998e+05,4.570459365844726562e+00,7.808573201720406809e-01,1.582713476008996024e-03
2.286613559867909198e-04,1.912557279794093047e+05,4.260390885160701873e+04,1.914468704521596956e+05,4.493645668029785156e+00,7.772411351978237848e-01,9.994078335314976295e-04
2.306358530747166374e-04,1.879950259520589025e+05,4.256421307083582360e+04,1.880747427869382955e+05,4.418612003326416016e+00,7.735886210005883390e-01,4.240369364864035920e-04
2.326273999992157235e-04,1.847899153458047949e+05,4.252015067312678730e+04,1.847630421490416047e+05,4.345305442810058594e+00,7.699000478810918979e-01,1.454256673742250266e-04
2.346361439860952444e-04,1.816394483874147118e+05,4.247171612151295994e+04,1.815123756184796803e+05,4.273723602294921875e+00,7.661757041293916215e-01,6.995879477898481191e-04
2.366622335324612507e-04,1.785426934621584369e+05,4.241890584205602499e+04,1.783213330914606922e+05,4.203817367553710938e+00,7.624158960554351383e-01,1.239817583152240735e-03
2.387058184176957818e-04,1.754987348383240169e+05,4.236171824219599512e+04,1.751894694055278960e+05,4.135560989379882812e+00,7.586209480015843054e-01,1.762208901853496096e-03
2.407670497145308528e-04,1.725066723964272824e+05,4.230015372721100721e+04,1.721156648513202963e+05,4.068913459777832031e+00,7.547912023367795431e-01,2.266622732182990273e-03
2.428460798002147071e-04,1.695656213630430575e+05,4.223421471474202554e+04,1.690992987659891951e+05,4.003846168518066406e+00,7.509270194320946112e-01,2.750101071817248350e-03
2.449430623677780589e-04,1.666747120491691749e+05,4.216390564733984502e+04,1.661395628052661486e+05,3.940326690673828125e+00,7.470287776174380223e-01,3.210740473606798432e-03
2.470581524373948791e-04,1.638330895930549887e+05,4.208923300299531547e+04,1.632354630699892878e+05,3.878318786621093750e+00,7.430968731192169052e-01,3.647776676556276857e-03
2.491915063678426826e-04,1.610399137074121682e+05,4.201020530361710553e+04,1.603865136191054480e+05,3.817798852920532227e+00,7.391317199787873493e-01,4.057379771662447329e-03
2.513432818680611815e-04,1.582943584309364087e+05,4.192683312142444629e+04,1.575912928555908729e+05,3.758721590042114258e+00,7.351337499515684382e-01,4.441507469467285280e-03
2.535136380088112793e-04,1.555956118840646232e+05,4.183912908322603471e+04,1.548489000262829650e+05,3.701054573059082031e+00,7.311034123867152790e-01,4.799054733870248071e-03
2.557027352344344367e-04,1.529428760288965714e+05,4.174710787256002368e+04,1.521590503759690619e+05,3.644780635833740234e+00,7.270411740872948503e-01,5.124956933459364448e-03
2.579107353747125964e-04,1.503353664332105836e+05,4.165078622967367119e+04,1.495202614936373138e+05,3.589854478836059570e+00,7.229475191509387999e-01,5.421910751356009799e-03
2.601378016568331670e-04,1.477723120384998037e+05,4.155018294932511344e+04,1.469316311765448190e+05,3.536245107650756836e+00,7.188229487909760795e-01,5.689028278423080218e-03
2.623840987174547298e-04,1.452529549319659127e+05,4.144531887639396882e+04,1.443920706799183972e+05,3.483917474746704102e+00,7.146679811381030367e-01,5.926793382280859390e-03
2.646497926148772082e-04,1.427765501223997562e+05,4.133621689929089189e+04,1.419011555082893465e+05,3.432852983474731445e+00,7.104831510226707891e-01,6.131221221972024162e-03
2.669350508413193186e-04,1.403423653198806569e+05,4.122290194116100611e+04,1.394571319909538724e+05,3.383001327514648438e+00,7.062690097377072318e-01,6.307670010471056778e-03
2.692400423352992920e-04,1.379496807192346605e+05,4.110540094887986197e+04,1.370598961414237274e+05,3.334352493286132812e+00,7.020261247828430973e-01,6.450066235541988650e-03
2.715649374941242868e-04,1.355977887871824205e+05,4.098374287984468538e+04,1.347077465077531233e+05,3.286858081817626953e+00,6.977550795893308067e-01,6.563840659866496119e-03
2.739099081864867038e-04,1.332859940531173197e+05,4.085795868656847597e+04,1.324002432566893112e+05,3.240500688552856445e+00,6.934564732263938103e-01,6.645490418708344463e-03
2.762751277651698972e-04,1.310136129034495243e+05,4.072808129908770934e+04,1.301359953352842422e+05,3.195240020751953125e+00,6.891309200891797548e-01,6.698674654610451730e-03
2.786607710798636611e-04,1.287799733794567146e+05,4.059414560519986844e+04,1.279142829787843511e+05,3.151052474975585938e+00,6.847790495686222334e-01,6.722243979050708702e-03
2.810670144900886242e-04,1.265844149785824266e+05,4.045618842855015100e+04,1.257342181912686647e+05,3.107910633087158203e+00,6.804015057035640579e-01,6.716441257461369142e-03
2.834940358782360036e-04,1.244262884591188631e+05,4.031424850459155277e+04,1.235944983923650725e+05,3.065777063369750977e+00,6.759989468155108705e-01,6.685002639350454308e-03
2.859420146627150738e-04,1.223049556482238695e+05,4.016836645444647002e+04,1.214948704130933183e+05,3.024640560150146484e+00,6.715720451264494129e-01,6.623486602297094621e-03
2.884111318112189768e-04,1.202197892532069673e+05,4.001858475670197367e+04,1.194338891647898563e+05,2.984460592269897461e+00,6.671214863601631073e-01,6.537194028529261930e-03
2.909015698541015001e-04,1.181701726760356541e+05,3.986494771717524418e+04,1.174107939419477625e+05,2.945213794708251953e+00,6.626479693275453275e-01,6.426145590645227466e-03
2.934135128978710566e-04,1.161554998310029041e+05,3.970750143668914097e+04,1.154246917382627144e+05,2.906873703002929688e+00,6.581522054964213941e-01,6.291635727997881011e-03
2.959471466388008919e-04,1.141751749655033200e+05,3.954629377690247929e+04,1.134748717574809998e+05,2.869418621063232422e+00,6.536349185464273015e-01,6.133585591035078076e-03
2.985026583766565468e-04,1.122286124838652468e+05,3.938137432424251165e+04,1.115602203372670774e+05,2.832816839218139648e+00,6.490968439095311515e-01,5.955630492128395279e-03
3.010802370285425291e-04,1.103152367741855996e+05,3.921279435199152067e+04,1.096802399029080116e+05,2.797052383422851562e+00,6.445387282968010334e-01,5.756202768049363018e-03
3.036800731428668915e-04,1.084344820381185709e+05,3.904060678058264602e+04,1.078338637907737429e+05,2.762094974517822266e+00,6.399613292120629460e-01,5.538996784562399446e-03
3.063023589134292461e-04,1.065857921235637332e+05,3.886486613616343675e+04,1.060204238388818048e+05,2.727924585342407227e+00,6.353654144531023507e-01,5.304349420479074172e-03
3.089472881936279874e-04,1.047686203602087335e+05,3.868562850748910569e+04,1.042390981390360685e+05,2.694517374038696289e+00,6.307517616011104611e-01,5.054206301009746966e-03
3.116150565107900293e-04,1.029824293978757341e+05,3.850295150121058396e+04,1.024892641098636959e+05,2.661854743957519531e+00,6.261211574990791506e-01,4.788829423577484375e-03
3.143058610806269068e-04,1.012266910476221528e+05,3.831689419562509283e+04,1.007699829158349894e+05,2.629909992218017578e+00,6.214743977198772251e-01,4.511736253161775963e-03
3.170199008218131209e-04,9.950088612555214786e+04,3.812751709296026820e+04,9.908082597473090573e+04,2.598669767379760742e+00,6.168122860247673422e-01,4.221672461200014909e-03
3.197573763706912809e-04,9.780450429929033271e+04,3.793488207026519376e+04,9.742087722744663188e+04,2.568108081817626953e+00,6.121356338131305197e-01,3.922386546429072925e-03
3.225184900961043698e-04,9.613704393707294366e+04,3.773905232898412214e+04,9.578952883791754721e+04,2.538207054138183594e+00,6.074452595641859354e-01,3.614788690433049564e-03
3.253034461143558369e-04,9.449801195941194601e+04,3.754009234329106403e+04,9.418627715032313426e+04,2.508951663970947266e+00,6.027419882715099320e-01,3.298850448014775758e-03
3.281124503042993608e-04,9.288692369328775385e+04,3.733806780726530269e+04,9.261032877145383100e+04,2.480319261550903320e+00,5.980266508711662432e-01,2.977759525627505458e-03
3.309457103225572536e-04,9.130330272882885765e+04,3.713304558099005226e+04,9.106125524960331677e+04,2.452296972274780273e+00,5.933000836642752240e-01,2.651026545495542303e-03
3.338034356188736848e-04,8.974668077843287028e+04,3.692509363565749663e+04,8.953826180855293933e+04,2.424862146377563477e+00,5.885631277348475354e-01,2.322302820251112305e-03
3.366858374515958418e-04,8.821659753829218971e+04,3.671428099776587624e+04,8.804083714930279530e+04,2.397999763488769531e+00,5.838166283637350462e-01,1.992373248277934210e-03
3.395931289032935426e-04,8.671260055227759585e+04,3.650067769249415869e+04,8.656852851502847625e+04,2.371696472167968750e+00,5.790614344395252910e-01,1.661489060776823829e-03
3.425255248965100910e-04,8.523424507814469689e+04,3.628435468634245626e+04,8.512081932509264152e+04,2.345937252044677734e+00,5.742983978672406842e-01,1.330753301657849582e-03
3.454832422096508807e-04,8.378109395602038421e+04,3.606538382912550878e+04,8.369719169429165777e+04,2.320707082748413086e+00,5.695283729756801527e-01,1.001446242427553746e-03
3.484664994930087700e-04,8.235271747913160652e+04,3.584383779540834075e+04,8.229699023979959020e+04,2.295987129211425781e+00,5.647522159242497342e-01,6.766897442836389102e-04
3.514755172849279101e-04,8.094869326673822070e+04,3.561979002547292475e+04,8.091992794037544809e+04,2.271768808364868164e+00,5.599707841101237982e-01,3.553525721284530345e-04
3.545105180281071106e-04,7.956860613923198252e+04,3.539331466590501805e+04,7.956551820889912779e+04,2.248038053512573242e+00,5.551849355765697824e-01,3.880840048211186085e-05
3.575717260860443122e-04,7.821204799536505016e+04,3.516448650989017915e+04,7.823334142820522538e+04,2.224782705307006836e+00,5.503955284232669998e-01,2.722525926112701229e-04
3.606593677596214116e-04,7.687861769157217350e+04,3.493338093730794935e+04,7.692290997376397718e+04,2.201988697052001953e+00,5.456034202194360860e-01,5.761326558900814292e-04
3.637736713038360482e-04,7.556792092334874906e+04,3.470007385471196176e+04,7.563379497200869082e+04,2.179643630981445312e+00,5.408094674205805585e-01,8.717197437092409672e-04
3.669148669446724948e-04,7.427957010865346820e+04,3.446464163528429344e+04,7.436567410804421525e+04,2.157738208770751953e+00,5.360145247896472842e-01,1.159188176032753493e-03
3.700831868961240115e-04,7.301318427329654514e+04,3.422716105884982971e+04,7.311806723887906992e+04,2.136258602142333984e+00,5.312194448233661381e-01,1.436493513143270988e-03
3.732788653773575003e-04,7.176838893828376604e+04,3.398770925203704974e+04,7.189074733891093638e+04,2.115198373794555664e+00,5.264250771845483401e-01,1.704906609125512789e-03
3.765021386300289189e-04,7.054481600908016844e+04,3.374636362866882700e+04,7.068328950310617802e+04,2.094545364379882812e+00,5.216322681410754392e-01,1.962915234029187495e-03
3.797532449357473921e-04,6.934210366676209378e+04,3.350320183046646707e+04,6.949531783080594323e+04,2.074288845062255859e+00,5.168418600123083628e-01,2.209540177496661754e-03
3.830324246336902451e-04,6.815989626102472539e+04,3.325830166814787663e+04,6.832655957229337946e+04,2.054421186447143555e+00,5.120546906236170814e-01,2.445181410347240826e-03
3.863399201383706369e-04,6.699784420501378190e+04,3.301174106299931009e+04,6.717668425454024691e+04,2.034933090209960938e+00,5.072715927697136751e-01,2.669340359358630173e-03
3.896759759575564954e-04,6.585560387195086514e+04,3.276359798899821180e+04,6.604529824245277268e+04,2.015813350677490234e+00,5.024933936874452778e-01,2.880459055097996188e-03
3.930408387103482334e-04,6.473283749351973529e+04,3.251395041556180513e+04,6.493220713297848124e+04,1.997056841850280762e+00,4.977209145386727873e-01,3.079884138845364640e-03
3.964347571454089570e-04,6.362921305998636672e+04,3.226287625099519209e+04,6.383707001615579065e+04,1.978654026985168457e+00,4.929549699038490163e-01,3.266690662565118267e-03
3.998579821593521016e-04,6.254440422202183981e+04,3.201045328670907111e+04,6.275953122059025918e+04,1.960594892501831055e+00,4.881963672868721016e-01,3.439588261241655846e-03
4.033107668152915342e-04,6.147809019419766992e+04,3.175675914227485919e+04,6.169946729663956648e+04,1.942876696586608887e+00,4.834459066317567943e-01,3.600910531583009951e-03
4.067933663615475102e-04,6.042995566012802738e+04,3.150187121138325165e+04,6.065644104436636553e+04,1.925486922264099121e+00,4.787043798516579796e-01,3.747899229186002924e-03
4.103060382505166709e-04,5.939969067922828253e+04,3.124586660876849419e+04,5.963029530970747874e+04,1.908421874046325684e+00,4.739725703707243776e-01,3.882253052873847234e-03
4.138490421577040732e-04,5.838699059506351477e+04,3.098882211815801566e+04,5.862075777357818151e+04,1.891674280166625977e+00,4.692512526792561034e-01,4.003754537306658361e-03
4.174226400009200199e-04,5.739155594525942433e+04,3.073081414130470148e+04,5.762755935120626964e+04,1.875236988067626953e+00,4.645411919025853598e-01,4.112162530877320338e-03
4.210270959596426089e-04,5.641309237294922787e+04,3.047191864815538429e+04,5.665052147063781740e+04,1.859105825424194336e+00,4.598431433840871052e-01,4.208758777464922246e-03
4.246626764945457327e-04,5.545131053973070811e+04,3.021221112820661801e+04,5.568927872805661173e+04,1.843270540237426758e+00,4.551578522826858486e-01,4.291479967013585479e-03
4.283296503672002239e-04,5.450592604010610376e+04,2.995176654309503283e+04,5.474366549801294605e+04,1.827727437019348145e+00,4.504860531851863081e-01,4.361717618225783265e-03
4.320282886599388248e-04,5.357665931738228392e+04,2.969065928046739282e+04,5.381345633166176412e+04,1.812470912933349609e+00,4.458284697337479008e-01,4.419779383345283884e-03
4.357588647958988027e-04,5.266323558100323135e+04,2.942896310917111987e+04,5.289842478969418880e+04,1.797495365142822266e+00,4.411858142687536954e-01,4.465908827975531223e-03
4.395216545592334299e-04,5.176538472529294813e+04,2.916675113580375182e+04,5.199833670260142389e+04,1.782794952392578125e+00,4.365587874873329555e-01,4.500149637536717158e-03
4.433169361154996467e-04,5.088284124958326720e+04,2.890409576265619035e+04,5.111298170406126155e+04,1.768364667892456055e+00,4.319480781177305606e-01,4.522948185010781594e-03
4.471449900322216906e-04,5.001534417970347567e+04,2.864106864708122521e+04,5.024213136774324812e+04,1.754198908805847168e+00,4.273543626097060510e-01,4.534352242482498664e-03
4.510060992996318832e-04,4.916263699080850347e+04,2.837774066231591496e+04,4.938561123054912605e+04,1.740293979644775391e+00,4.227783048411042910e-01,4.535441005377926701e-03
4.549005493515917214e-04,4.832446753152256861e+04,2.811418185978275869e+04,4.854316776652866974e+04,1.726643443107604980e+00,4.182205558407120494e-01,4.525662592421543853e-03
4.588286280866902883e-04,4.750058794937680068e+04,2.785046143289220709e+04,4.771460831000463077e+04,1.713243007659912109e+00,4.136817535274823765e-01,4.505636032461741124e-03
4.627906258895304490e-04,4.669075461751684634e+04,2.758664768236436066e+04,4.689973263952537673e+04,1.700088143348693848e+00,4.091625224661767923e-01,4.475790201303122065e-03
4.667868356521939939e-04,4.589472806266112457e+04,2.732280798308658996e+04,4.609837581384940131e+04,1.687175631523132324e+00,4.046634736394530418e-01,4.437279831143825341e-03
4.708175527958925592e-04,4.511227289428715449e+04,2.705900875251902835e+04,4.531026146114919538e+04,1.674498200416564941e+00,4.001852042363913675e-01,4.388796089392192797e-03
4.748830752928093137e-04,4.434315773502447701e+04,2.679531542065750182e+04,4.453528200002122321e+04,1.662054777145385742e+00,3.957282974574180545e-01,4.332669904673854856e-03
4.789837036881251764e-04,4.358715515223501279e+04,2.653179240156079322e+04,4.377321230393142469e+04,1.649839997291564941e+00,3.912933223355751222e-01,4.268623429232257412e-03
4.831197411222366671e-04,4.284404159075974167e+04,2.626850306644568263e+04,4.302385017117781535e+04,1.637849330902099609e+00,3.868808335740421267e-01,4.196816494008197111e-03
4.872914933531662563e-04,4.211359730681173824e+04,2.600550971835057135e+04,4.228699368178626173e+04,1.626078248023986816e+00,3.824913713997957765e-01,4.117348933914918331e-03
4.914992687791651079e-04,4.139560630299656623e+04,2.574287356836598337e+04,4.156249045005526568e+04,1.614524126052856445e+00,3.781254614332706376e-01,4.031445893972060261e-03
4.957433784615123329e-04,4.068985626444020454e+04,2.548065471342700766e+04,4.085016237002190610e+04,1.603183388710021973e+00,3.737836145738579474e-01,3.939706853223680361e-03
5.000241361475082609e-04,3.999613849600642425e+04,2.521891211566087804e+04,4.014977394487629499e+04,1.592050194740295410e+00,3.694663269010591833e-01,3.841257047482498667e-03
5.043418582936717593e-04,3.931424786058361497e+04,2.495770358327948998e+04,3.946120497389454977e+04,1.581123232841491699e+00,3.651740795910778936e-01,3.738011568530443928e-03
5.086968640891303224e-04,3.864398271842505346e+04,2.469708575300544908e+04,3.878422690992535354e+04,1.570396900177001953e+00,3.609073388486396250e-01,3.629133997967375503e-03
5.130894754792200089e-04,3.798514486752195808e+04,2.443711407401637189e+04,3.811870667870951729e+04,1.559869408607482910e+00,3.566665558537705505e-01,3.516159057794121523e-03
5.175200171892830291e-04,3.733753948499422404e+04,2.417784279339172645e+04,3.746444332759956160e+04,1.549536228179931641e+00,3.524521667232870525e-01,3.398827141685102117e-03
5.219888167486739323e-04,3.670097506947982038e+04,2.391932494304283682e+04,3.682125439887239190e+04,1.539393544197082520e+00,3.482645924867015519e-01,3.277278850626360370e-03
5.264962045149722270e-04,3.607526338450654293e+04,2.366161232810571892e+04,3.618900614957587823e+04,1.529439568519592285e+00,3.441042390762471537e-01,3.152929581054287646e-03
5.310425136984041426e-04,3.546021940282917785e+04,2.340475551677395924e+04,3.556750783123094152e+04,1.519670128822326660e+00,3.399714973307068622e-01,3.025599677852069524e-03
5.356280803864760286e-04,3.485566125171563181e+04,2.314880383154738956e+04,3.495657282009674236e+04,1.510081171989440918e+00,3.358667430127155740e-01,2.895127068523010126e-03
5.402532435688173294e-04,3.426141015916616016e+04,2.289380534187061130e+04,3.435605404726566485e+04,1.500670313835144043e+00,3.317903368391947327e-01,2.762404923201447569e-03
5.449183451622438687e-04,3.367729040104889282e+04,2.263980685813337550e+04,3.376579069978214829e+04,1.491434574127197266e+00,3.277426245245594338e-01,2.627892496080952520e-03
5.496237300360325541e-04,3.310312924913714232e+04,2.238685392700432567e+04,3.318563844230010727e+04,1.482371687889099121e+00,3.237239368363383218e-01,2.492489230912077729e-03
5.543697460374145481e-04,3.253875692003271251e+04,2.213499082806744264e+04,3.261537890268869160e+04,1.473476052284240723e+00,3.197345896628312478e-01,2.354791329130530731e-03
5.591567440172927599e-04,3.198400652495940085e+04,2.188426057172943547e+04,3.205491179688081320e+04,1.464747309684753418e+00,3.157748840924107792e-01,2.216897744379832738e-03
5.639850778561769380e-04,3.143871402041308465e+04,2.163470489836571869e+04,3.150405243932882513e+04,1.456181287765502930e+00,3.118451065040906411e-01,2.078278993005769435e-03
5.688551044903446003e-04,3.090271815965284986e+04,2.138636427867100065e+04,3.096264877707062624e+04,1.447775244712829590e+00,3.079455286689496973e-01,1.939331585919289083e-03
5.737671839382280222e-04,3.037586044501924698e+04,2.113927791517983860e+04,3.043054945420476361e+04,1.439526438713073730e+00,3.040764078620178945e-01,1.800410206799064536e-03
5.787216793270282553e-04,2.985798508106544614e+04,2.089348374492183211e+04,2.990760389733600823e+04,1.431432127952575684e+00,3.002379869842083382e-01,1.661827351572630219e-03
5.837189569195605152e-04,2.934893892848736505e+04,2.064901844317515861e+04,2.939365747424223810e+04,1.423489332199096680e+00,2.964304946938876584e-01,1.523685263846703266e-03
5.887593861413275773e-04,2.884857145883958583e+04,2.040591742828193310e+04,2.888856645724882765e+04,1.415695548057556152e+00,2.926541455476718845e-01,1.386377085129004375e-03
5.938433396078339737e-04,2.835673471002264705e+04,2.016421486748764073e+04,2.839218790308197276e+04,1.408048272132873535e+00,2.889091401500248346e-01,1.250256541236915899e-03
5.989711931521271137e-04,2.787328324253006576e+04,1.992394368376772400e+04,2.790437022662681193e+04,1.400544524192810059e+00,2.851956653112522888e-01,1.115296817610367426e-03
6.041433258525847347e-04,2.739807409644052677e+04,1.968513556360251823e+04,2.742496088106914249e+04,1.393181204795837402e+00,2.815138942134640665e-01,9.813384887556297204e-04
6.093601200609362160e-04,2.693096674914383766e+04,1.944782096566294786e+04,2.695385060852786773e+04,1.385957360267639160e+00,2.778639865840978884e-01,8.497229081001176926e-04
6.146219614305284884e-04,2.647182307378740006e+04,1.921202913036827886e+04,2.649086561355869344e+04,1.378868699073791504e+00,2.742460888765845817e-01,7.193512784599050006e-04
6.199292389448361057e-04,2.602050729843110093e+04,1.897778809027756870e+04,2.603590729671661029e+04,1.371914744377136230e+00,2.706603344577440673e-01,5.918408165100567768e-04
6.252823449462160217e-04,2.557688596589871304e+04,1.874512468127646935e+04,2.558880259775860759e+04,1.365091085433959961e+00,2.671068438015061774e-01,4.659141021226282774e-04
6.306816751649128167e-04,2.514082789431355923e+04,1.851406455452092268e+04,2.514942780756874708e+04,1.358395814895629883e+00,2.635857246885454086e-01,3.420696124781561582e-04
6.361276287483128575e-04,2.471220413830720281e+04,1.828463218909972056e+04,2.471767520085693832e+04,1.351827859878540039e+00,2.600970724114362032e-01,2.213911199144973129e-04
6.416206082904493419e-04,2.429088795088954430e+04,1.805685090537801807e+04,2.429338326194268666e+04,1.345383167266845703e+00,2.566409699849293569e-01,1.027262180858637316e-04
6.471610198617685269e-04,2.387675474596852655e+04,1.783074287898385592e+04,2.387645065348076241e+04,1.339060902595520020e+00,2.532174883609553673e-01,1.273592207146500290e-05
6.527492730391436975e-04,2.346968206150958576e+04,1.760632915540102840e+04,2.346673817308038997e+04,1.332858085632324219e+00,2.498266866479836035e-01,1.254336731737746343e-04
6.583857809361573672e-04,2.306954952332243920e+04,1.738362966513071660e+04,2.306412094504839843e+04,1.326772451400756836e+00,2.464686123343446111e-01,2.353135794243700987e-04
6.640709602336388080e-04,2.267623880946577628e+04,1.716266323938611094e+04,2.266848356629853151e+04,1.320802211761474609e+00,2.431433015151580335e-01,3.419986547331424183e-04
6.698052312104674265e-04,2.228963361525864457e+04,1.694344762628389071e+04,2.227969740328687840e+04,1.314944744110107422e+00,2.398507791224955832e-01,4.457772677323961603e-04
6.755890177746426374e-04,2.190961961888832229e+04,1.672599950749718846e+04,2.189764746322175779e+04,1.309198141098022461e+00,2.365910591584312883e-01,5.464337526080684541e-04
6.814227474946206670e-04,2.153608444760458588e+04,1.651033451533565676e+04,2.152221983964410902e+04,1.303560495376586914e+00,2.333641449306228521e-01,6.437849923094535751e-04
6.873068516309240343e-04,2.116891764449027323e+04,1.629646725021827115e+04,2.115330563396992511e+04,1.298030138015747070e+00,2.301700292900981659e-01,7.374968707675768871e-04
6.932417651680196965e-04,2.080801063579856782e+04,1.608441129850594189e+04,2.079077389270926869e+04,1.292603969573974609e+00,2.270086948709089947e-01,8.283705439694771409e-04
6.992279268464791963e-04,2.045325669884678064e+04,1.587417925066085081e+04,2.043453559447311636e+04,1.287281394004821777e+00,2.238801143313334796e-01,9.153116615761161881e-04
7.052657791954113770e-04,2.010455093045779722e+04,1.566578271970110654e+04,2.008446261347418476e+04,1.282059311866760254e+00,2.207842505963208968e-01,9.991925237772536494e-04
7.113557685651737380e-04,1.976179021593963989e+04,1.545923235991953879e+04,1.974045669974862903e+04,1.276936411857604980e+00,2.177210571008746931e-01,1.079533582630761920e-03
7.174983451603733804e-04,1.942487319859350828e+04,1.525453788583611458e+04,1.940240946354884727e+04,1.271910667419433594e+00,2.146904780340781749e-01,1.156441785488078900e-03
7.236939630731461593e-04,1.909370024974202533e+04,1.505170809135491800e+04,1.907022107740195133e+04,1.266980528831481934e+00,2.116924485834912328e-01,1.229681624460990993e-03
7.299430803167257509e-04,1.876817343926837202e+04,1.485075086909699166e+04,1.874377857111987760e+04,1.262143492698669434e+00,2.087268951796350525e-01,1.299799803504234639e-03
7.362461588593026364e-04,1.844819650665763402e+04,1.465167322988118212e+04,1.842299697847899370e+04,1.257398843765258789e+00,2.057937357403122058e-01,1.365961608742960291e-03
7.426036646581756027e-04,1.813367483253191676e+04,1.445448132232639364e+04,1.810776244008459980e+04,1.252743840217590332e+00,2.028928799145018891e-01,1.428965319309133094e-03
7.490160676941980383e-04,1.782451541067072321e+04,1.425918045254909157e+04,1.779798351452603674e+04,1.248177170753479004e+00,2.000242293255966031e-01,1.488505888289284786e-03
7.554838420065185895e-04,1.752062682050850344e+04,1.406577510393127159e+04,1.749356799412411783e+04,1.243697404861450195e+00,1.971876778137416630e-01,1.544398306156051026e-03
7.620074657276301646e-04,1.722191920010072135e+04,1.387426895693425467e+04,1.719441477181977825e+04,1.239302396774291992e+00,1.943831116770591005e-01,1.597059419532188135e-03
7.685874211187098282e-04,1.692830421955133716e+04,1.368466490893577793e+04,1.690043411384022693e+04,1.234990715980529785e+00,1.916104099115444603e-01,1.646361345451345312e-03
7.752241946052751756e-04,1.663969505489281437e+04,1.349696509406725636e+04,1.661153733792308049e+04,1.230760931968688965e+00,1.888694444494314617e-01,1.692201502301825949e-03
7.819182768131410300e-04,1.635600636241181564e+04,1.331117090303044642e+04,1.632763365499112115e+04,1.226611375808715820e+00,1.861600803958348149e-01,1.734696526280314231e-03
7.886701626046895832e-04,1.607715425341242735e+04,1.312728300287248567e+04,1.604863509682864242e+04,1.222540497779846191e+00,1.834821762634902820e-01,1.773893323050729090e-03
7.954803511154531119e-04,1.580305626940971706e+04,1.294530135669998162e+04,1.577445332897485605e+04,1.218546628952026367e+00,1.808355842054139295e-01,1.809962576051081865e-03
8.023493457910129550e-04,1.553363135774619332e+04,1.276522524331321074e+04,1.550501346226987152e+04,1.214629054069519043e+00,1.782201502453227004e-01,1.842318439084807916e-03
8.092776544242180061e-04,1.526879984762391541e+04,1.258705327674260843e+04,1.524021569589049795e+04,1.210785031318664551e+00,1.756357145056579028e-01,1.872062769744515165e-03
8.162657891927193590e-04,1.500848342654546286e+04,1.241078342567068830e+04,1.497998742758803201e+04,1.207013845443725586e+00,1.730821114330732269e-01,1.898659454627511659e-03
8.233142666968389957e-04,1.475260511715616485e+04,1.223641303272289224e+04,1.472424937753822269e+04,1.203314185142517090e+00,1.705591700212412964e-01,1.922083550176950217e-03
8.304236079977569051e-04,1.450108925448148329e+04,1.206393883361253211e+04,1.447292618854303328e+04,1.199684977531433105e+00,1.680667140308624019e-01,1.942134514463896271e-03
8.375943386560280157e-04,1.425386146355243363e+04,1.189335697612514195e+04,1.422592638023914515e+04,1.196123719215393066e+00,1.656045622067518208e-01,1.959825650383887913e-03
8.448269887704396757e-04,1.401084863741223853e+04,1.172466303892844553e+04,1.398318829181956607e+04,1.192630290985107422e+00,1.631725284918961738e-01,1.974209150958413077e-03
8.521220930171959128e-04,1.377197891549819724e+04,1.155785205019551358e+04,1.374462847459294062e+04,1.189202666282653809e+00,1.607704222383779524e-01,1.985948502613374932e-03
8.594801906894445178e-04,1.353718166239199854e+04,1.139291850602874911e+04,1.351017588616058310e+04,1.185839772224426270e+00,1.583980484150761814e-01,1.994933428901297674e-03
8.669018257371443508e-04,1.330638744693235094e+04,1.122985638867358830e+04,1.327975905354007409e+04,1.182540416717529297e+00,1.560552078120560904e-01,2.001173759480132184e-03
8.743875468072772076e-04,1.307952802168369635e+04,1.106865918451135803e+04,1.305330881410876282e+04,1.179303526878356934e+00,1.537416972415709404e-01,2.004598906892238186e-03
8.819379072844073892e-04,1.285653630275496653e+04,1.090931990182158006e+04,1.283075042038019092e+04,1.176127433776855469e+00,1.514573097356032572e-01,2.005663249226004828e-03
8.895534653315876738e-04,1.263734634996249224e+04,1.075183108830467427e+04,1.261202195740534808e+04,1.173011541366577148e+00,1.492018347398869904e-01,2.003932776379063838e-03
8.972347839316274125e-04,1.242189334733089345e+04,1.059618484835653544e+04,1.239705076298982021e+04,1.169954180717468262e+00,1.469750583043485936e-01,1.999903206898100572e-03
9.049824309287045343e-04,1.221011358392672264e+04,1.044237286008768024e+04,1.218576920177239299e+04,1.166954040527343750e+00,1.447767632699240026e-01,1.993788344964813903e-03
9.127969790703497569e-04,1.200194443501854221e+04,1.029038639207952110e+04,1.197812051754153254e+04,1.164010763168334961e+00,1.426067294516996098e-01,1.985004813678165059e-03
9.206790060497834893e-04,1.179732434355846090e+04,1.014021631987176625e+04,1.177403756378848266e+04,1.161122918128967285e+00,1.404647338183512562e-01,1.973903496405370311e-03
9.286290945486229886e-04,1.159619280197926128e+04,9.991853142174975801e+03,1.157345433256418983e+04,1.158289074897766113e+00,1.383505506678410490e-01,1.960856446884050135e-03
9.366478322799572792e-04,1.139849033430189957e+04,9.845286996803190050e+03,1.137631181546711741e+04,1.155508399009704590e+00,1.362639517993533833e-01,1.945741776701736961e-03
9.447358120317939523e-04,1.120415847854805543e+04,9.700507676322071347e+03,1.118255409511787548e+04,1.152780294418334961e+00,1.342047066814465450e-01,1.928246862229287097e-03
9.528936317108825096e-04,1.101313976945248396e+04,9.557504643408463380e+03,1.099211222600878318e+04,1.150102734565734863e+00,1.321725826164092399e-01,1.909314136012836473e-03
9.611218943869106720e-04,1.082537772147024953e+04,9.416267045918059011e+03,1.080494117058559641e+04,1.147476077079772949e+00,1.301673449008125816e-01,1.887837210901267652e-03
9.694212083370921940e-04,1.064081681207342626e+04,9.276783731657909811e+03,1.062097388119303287e+04,1.144898295402526855e+00,1.281887569822496020e-01,1.864793956219502240e-03
9.777921870911313301e-04,1.045940246533275968e+04,9.139043262861621770e+03,1.044015564690803330e+04,1.142368555068969727e+00,1.262365806122684175e-01,1.840145121914863032e-03
9.862354494765755535e-04,1.028108103577925795e+04,9.003033930365103515e+03,1.026243574907623952e+04,1.139886379241943359e+00,1.243105759955022566e-01,1.813553131050211781e-03
9.947516196645678037e-04,1.010579979254073987e+04,8.868743767481180839e+03,1.008775664796070851e+04,1.137450456619262695e+00,1.224105019350027884e-01,1.785424701699445376e-03
1.003341327215985252e-03,9.933506903749024787e+03,8.736160563572244428e+03,9.916067037813047136e+03,1.135060071945190430e+00,1.205361159737944610e-01,1.755660524018525220e-03
1.012005207127980198e-03,9.764151421212887726e+03,8.605271877320017666e+03,9.747314265968747350e+03,1.132714271545410156e+00,1.186871745326657235e-01,1.724384897141311573e-03
1.020743899880922987e-03,9.597683265352308808e+03,8.476065049692244429e+03,9.581447517780772614e+03,1.130412220954895020e+00,1.168634330442131358e-01,1.691631941027616154e-03
1.029558051485750638e-03,9.434053210389594824e+03,8.348527216606300499e+03,9.418414750092782924e+03,1.128152847290039062e+00,1.150646460831723228e-01,1.657660811112393866e-03
1.038448313531719226e-03,9.273212869793051141e+03,8.222645321290316133e+03,9.258169699535685140e+03,1.125935673713684082e+00,1.132905674930527462e-01,1.622217722011779590e-03
1.047415343234578888e-03,9.115114681968627337e+03,8.098406126342282732e+03,9.100661850604388746e+03,1.123759627342224121e+00,1.115409505091121967e-01,1.585589635293228709e-03
1.056459803485155190e-03,8.959711896195716690e+03,7.975796225488593336e+03,8.945846310726161391e+03,1.121624231338500977e+00,1.098155478777049499e-01,1.547548138846139816e-03
1.065582362898353543e-03,8.806958558802622065e+03,7.854802055043162909e+03,8.793672204958429575e+03,1.119528174400329590e+00,1.081141119720350485e-01,1.508620002635606590e-03
1.074783695862588850e-03,8.656809499577724637e+03,7.735409905068875560e+03,8.644096084925315154e+03,1.117470979690551758e+00,1.064363949043576063e-01,1.468602797951097183e-03
1.084064482589635605e-03,8.509220318412400957e+03,7.617605930243401417e+03,8.497073251749909105e+03,1.115451931953430176e+00,1.047821486346649927e-01,1.427518175338322653e-03
1.093425409164918392e-03,8.364147372171513780e+03,7.501376160431370408e+03,8.352559683289498935e+03,1.113470315933227539e+00,1.031511250759022946e-01,1.385399893905316353e-03
1.102867167598226960e-03,8.221547761787909621e+03,7.386706510965625966e+03,8.210510269107058775e+03,1.111525177955627441e+00,1.015430761957568234e-01,1.342507883023057831e-03
1.112390455874876687e-03,8.081379319576813941e+03,7.273582792639963372e+03,8.070885010668013820e+03,1.109616160392761230e+00,9.995775411506749308e-02,1.298578929883675154e-03
1.121995978007301210e-03,7.943600596766646959e+03,7.161990721416469569e+03,7.933639289087202997e+03,1.107742190361022949e+00,9.839491120290248805e-02,1.254004095258590915e-03
1.131684444087104101e-03,7.808170851242231947e+03,7.051915927850228400e+03,7.798733506670910174e+03,1.105902791023254395e+00,9.685430016835351597e-02,1.208649855531830500e-03
1.141456570337548784e-03,7.675050035497123645e+03,6.943343966234940126e+03,7.666126958953076610e+03,1.104097247123718262e+00,9.533567414909886739e-02,1.162608256985659403e-03
1.151313079166505979e-03,7.544198784791289654e+03,6.836260323472663003e+03,7.535779590559283861e+03,1.102324843406677246e+00,9.383878679678928081e-02,1.115982554566092438e-03
1.161254699219859765e-03,7.415578405510650555e+03,6.730650427671291254e+03,7.407653594430994417e+03,1.100585103034973145e+00,9.236339235930361713e-02,1.068670661450638482e-03
1.171282165435367064e-03,7.289150863725198178e+03,6.626499656473549294e+03,7.281708542329829470e+03,1.098877072334289551e+00,9.090924575993669654e-02,1.021013494508087342e-03
1.181396219096996977e-03,7.164878773941982217e+03,6.523793345121086531e+03,7.157908626532668677e+03,1.097200393676757812e+00,8.947610267356728708e-02,9.728214013422442847e-04
1.191597607889724204e-03,7.042725388050043875e+03,6.422516794257945548e+03,7.036219285995183782e+03,1.095554828643798828e+00,8.806371959986625253e-02,9.238045921681850049e-04
1.201887085954804046e-03,6.922654584453725874e+03,6.322655277477178970e+03,6.916598101022689661e+03,1.093938827514648438e+00,8.667185393360103685e-02,8.748787559959034059e-04
1.212265413945523389e-03,6.804630857391249265e+03,6.224194048614873282e+03,6.799014730592434717e+03,1.092352628707885742e+00,8.530026403208933183e-02,8.253389370437725497e-04
1.222733359083427425e-03,6.688619306435478393e+03,6.127118348795823294e+03,6.683431765978619296e+03,1.090795278549194336e+00,8.394870927986662623e-02,7.755771735831767542e-04
1.233291695215044245e-03,6.574585626173536184e+03,6.031413413234993641e+03,6.569815373619675483e+03,1.089266300201416016e+00,8.261695015061706893e-02,7.255594230715080263e-04
1.243941202869086691e-03,6.462496096062519428e+03,5.937064477799353881e+03,6.458131521258385874e+03,1.087765097618103027e+00,8.130474826643244168e-02,6.753698167481771110e-04
1.254682669314154467e-03,6.352317570458081718e+03,5.844056785334312735e+03,6.348347422923106024e+03,1.086291193962097168e+00,8.001186645445325374e-02,6.249919798467187164e-04
1.265516888616934543e-03,6.244017468813029154e+03,5.752375591759287090e+03,6.240430107275293267e+03,1.084843993186950684e+00,7.873806880095129968e-02,5.745277869022097578e-04
1.276444661700897477e-03,6.137563766043083888e+03,5.662006171936943247e+03,6.134349167241090981e+03,1.083423256874084473e+00,7.748312070291285547e-02,5.237581106331011321e-04
1.287466796405514150e-03,6.032924983056761448e+03,5.572933825320457800e+03,6.030070615850761897e+03,1.082028031349182129e+00,7.624678891717884266e-02,4.731315595695176823e-04
1.298584107545970156e-03,5.930070177446841626e+03,5.485143881383605731e+03,5.927565699351850526e+03,1.080658197402954102e+00,7.502884160719940077e-02,4.223353215137479449e-04
1.309797416973402335e-03,5.828968934340478881e+03,5.398621704838024016e+03,5.826802802869195148e+03,1.079313039779663086e+00,7.382904838746523479e-02,3.716148594517808311e-04
1.321107553635656384e-03,5.729591357405292911e+03,5.313352700642308264e+03,5.727752138264346286e+03,1.077992081642150879e+00,7.264718036566621129e-02,3.210035456663937864e-04
1.332515353638560754e-03,5.631908060008878238e+03,5.229322318807570809e+03,5.630385012918120992e+03,1.076694965362548828e+00,7.148301018264008322e-02,2.704318100595634405e-04
1.344021660307745478e-03,5.535890156528890657e+03,5.146516059003839473e+03,5.534672548578091664e+03,1.075421214103698730e+00,7.033631205016470378e-02,2.199479968660462124e-04
1.355627324250978805e-03,5.441509253811424060e+03,5.064919474972112766e+03,5.440586330361588807e+03,1.074170351028442383e+00,6.920686178665130805e-02,1.696079905016801377e-04
1.367333203421051578e-03,5.348737442774941883e+03,4.984518178746419835e+03,5.348097807596803250e+03,1.072941780090332031e+00,6.809443685079519248e-02,1.195861986089166018e-04
1.379140163179196988e-03,5.257547290157402131e+03,4.905297844690538113e+03,5.257181259795997903e+03,1.071735382080078125e+00,6.699881637323670813e-02,6.961998460564857143e-05
1.391049076359069780e-03,5.167911830403997556e+03,4.827244213353722444e+03,5.167809000454421039e+03,1.070550560951232910e+00,6.591978118629079897e-02,1.989777553315536402e-05
1.403060823331266473e-03,5.079804557693292736e+03,4.750343095150109548e+03,5.079954390804880859e+03,1.069386839866638184e+00,6.485711385179541988e-02,2.949584179596096887e-05
1.415176292068407414e-03,4.993199418099265131e+03,4.674580373866092486e+03,4.993592345314498743e+03,1.068243980407714844e+00,6.381059868713588601e-02,7.869247396956280079e-05
1.427396378210782617e-03,4.908070801886967274e+03,4.599942010000123446e+03,4.908696495659796710e+03,1.067121386528015137e+00,6.278002178949415590e-02,1.274826297511601788e-04
1.439721985132556186e-03,4.824393535939590947e+03,4.526414043939344992e+03,4.825242017496319932e+03,1.066018700599670410e+00,6.176517105837883714e-02,1.758732057010219455e-04
1.452154024008556850e-03,4.742142876314549540e+03,4.453982598977248927e+03,4.743205006474999209e+03,1.064935684204101562e+00,6.076583621648491695e-02,2.239768366648465332e-04
1.464693413881632510e-03,4.661294500926551336e+03,4.382633884176797437e+03,4.662560864267700708e+03,1.063871860504150391e+00,5.978180882893432274e-02,2.716763210086060821e-04
1.477341081730590248e-03,4.581824502355400000e+03,4.312354197083139297e+03,4.583286435762420297e+03,1.062826991081237793e+00,5.881288232094722401e-02,3.190723272505862729e-04
1.490097962538727014e-03,4.503709380776380385e+03,4.243129926290082949e+03,4.505356886145326825e+03,1.061800360679626465e+00,5.785885199399277284e-02,3.658107638957893933e-04
1.502964999362941005e-03,4.426926037011244262e+03,4.174947553864532892e+03,4.428750837385321574e+03,1.060791969299316406e+00,5.691951504047036009e-02,4.122048479737629840e-04
1.515943143403457359e-03,4.351451765697567680e+03,4.107793657632819304e+03,4.353445712913643547e+03,1.059801459312438965e+00,5.599467055696256967e-02,4.582257424508584271e-04
1.529033354074140188e-03,4.277264248574655539e+03,4.041654913333079094e+03,4.279418337040087863e+03,1.058828234672546387e+00,5.508411955611353800e-02,5.036136044552652234e-04
1.542236599073417824e-03,4.204341547883871499e+03,3.976518096637530562e+03,4.206647378432821824e+03,1.057872056961059570e+00,5.418766497717317915e-02,5.484403497405903032e-04
1.555553854455823471e-03,4.132662099881478753e+03,3.912370085048552028e+03,4.135112295890694440e+03,1.056932806968688965e+00,5.330511169525437715e-02,5.928856388442590953e-04
1.568986104704143004e-03,4.062204708462130384e+03,3.849197859672436607e+03,4.064791003180608186e+03,1.056009888648986816e+00,5.243626652934827576e-02,6.366726701611553213e-04
1.582534342802202664e-03,3.992948538890986129e+03,3.786988506874462473e+03,3.995663175358272838e+03,1.055103063583374023e+00,5.158093824913847353e-02,6.798576142032326190e-04
1.596199570308269979e-03,3.924873111642767526e+03,3.725729219819128048e+03,3.927709244234507423e+03,1.054212212562561035e+00,5.073893758065651377e-02,7.226049125834861642e-04
1.609982797429097400e-03,3.857958296345806957e+03,3.665407299899058216e+03,3.860908174362155933e+03,1.053336739540100098e+00,4.991007721082153792e-02,7.646215406587080670e-04
1.623885043094595209e-03,3.792184305829391178e+03,3.606010158056220462e+03,3.795240611501772037e+03,1.052476406097412109e+00,4.909417179090731082e-02,8.059486105890657608e-04
1.637907335033166652e-03,3.727531690272510332e+03,3.547525315998863334e+03,3.730688771394424293e+03,1.051631331443786621e+00,4.829103793896576818e-02,8.469629192295760698e-04
1.652050709847676041e-03,3.663981331452444920e+03,3.489940407317699737e+03,3.667231757057396408e+03,1.050800681114196777e+00,4.750049424126114028e-02,8.871294122186428564e-04
1.666316213092082109e-03,3.601514437091366744e+03,3.433243178504632851e+03,3.604851558763170942e+03,1.049984335899353027e+00,4.672236125273791785e-02,9.265884477473603463e-04
1.680704899348732084e-03,3.540112535299327192e+03,3.377421489877311615e+03,3.543530430011202952e+03,1.049182176589965820e+00,4.595646149657204443e-02,9.654762886193862543e-04
1.695217832306316046e-03,3.479757469112019862e+03,3.322463316412809945e+03,3.483250093019965334e+03,1.048393845558166504e+00,4.520261946282967680e-02,1.003697510228129504e-03
1.709856084838509965e-03,3.420431391121599063e+03,3.268356748493440591e+03,3.423992580050111883e+03,1.047618985176086426e+00,4.446066160628102393e-02,1.041151983856944191e-03
1.724620739083281831e-03,3.362116758199108972e+03,3.215089992567965510e+03,3.365740995486291922e+03,1.046857476234436035e+00,4.373041634339230183e-02,1.077962946511186720e-03
1.739512886522890820e-03,3.304796326306848187e+03,3.162651371731078598e+03,3.308478694854844434e+03,1.046109199523925781e+00,4.301171404853816604e-02,1.114249770457516027e-03
1.754533628064577086e-03,3.248453145399188543e+03,3.111029326224181204e+03,3.252187428038862436e+03,1.045373439788818359e+00,4.230438704946132278e-02,1.149557180765493989e-03
1.769684074121939590e-03,3.193070554410352088e+03,3.060212413860322613e+03,3.196851865895873743e+03,1.044650316238403320e+00,4.160826962201707307e-02,1.184224219630477431e-03
1.784965344697034490e-03,3.138632176327582329e+03,3.010189310376068079e+03,3.142455437020777936e+03,1.043939471244812012e+00,4.092319798422551502e-02,1.218129579512909752e-03
1.800378569463165039e-03,3.085121913348372345e+03,2.960948809713119772e+03,3.088982562362813042e+03,1.043240785598754883e+00,4.024901028967244054e-02,1.251376484584566058e-03
1.815924887848394207e-03,3.032523942120231368e+03,2.912479824232323608e+03,3.036417551490098504e+03,1.042554020881652832e+00,3.958554662027737731e-02,1.283950083884536318e-03
1.831605449119779383e-03,2.980822709061602836e+03,2.864771384862666309e+03,2.984744628499653572e+03,1.041878819465637207e+00,3.893264897846635680e-02,1.315717109282692372e-03
1.847421412468325036e-03,2.930002925762586983e+03,2.817812641187863392e+03,2.933948628387852750e+03,1.041214942932128906e+00,3.829016127877210574e-02,1.346654841390243799e-03
1.863373947094687597e-03,2.880049564464016839e+03,2.771592861472929599e+03,2.884015625991591605e+03,1.040562510490417480e+00,3.765792933889013094e-02,1.377080997671253047e-03
1.879464232295601119e-03,2.830947853613671214e+03,2.726101432633266995e+03,2.834928951520472310e+03,1.039920568466186523e+00,3.703580087021702411e-02,1.406277371629884466e-03
1.895693457551059485e-03,2.782683273498219478e+03,2.681327860148535819e+03,2.786676781619508802e+03,1.039289832115173340e+00,3.642362546789804784e-02,1.435128517615635608e-03
1.912062822612250849e-03,2.735241551949636687e+03,2.637261767923640946e+03,2.739243274755808216e+03,1.038669466972351074e+00,3.582125460040533338e-02,1.463023550267128882e-03
1.928573537590242120e-03,2.688608660124847120e+03,2.593892898099081776e+03,2.692615404133146058e+03,1.038059592247009277e+00,3.522854159867474383e-02,1.490266719632184211e-03
1.945226823045448188e-03,2.642770808357267015e+03,2.551211110812768766e+03,2.646778793008223602e+03,1.037459731101989746e+00,3.464534164482136608e-02,1.516584275216786501e-03
1.962023910077854462e-03,2.597714442079126002e+03,2.509206383915512561e+03,2.601720830182218833e+03,1.036870002746582031e+00,3.407151176045911806e-02,1.542274253934643007e-03
1.978966040418031307e-03,2.553426237813277567e+03,2.467868812642162993e+03,2.557427599950158765e+03,1.036289930343627930e+00,3.350691079464464261e-02,1.567056090215441285e-03
1.996054466518919993e-03,2.509893099233376688e+03,2.427188609240451569e+03,2.513886895832886239e+03,1.035719633102416992e+00,3.295139941146753293e-02,1.591221793760626106e-03
2.013290451648433541e-03,2.467102153291177274e+03,2.387156102559397368e+03,2.471085535284844809e+03,1.035158753395080566e+00,3.240484007730682486e-02,1.614599536688662027e-03
2.030675269982836015e-03,2.425040746409898475e+03,2.347761737599244498e+03,2.429010572146288723e+03,1.034606933593750000e+00,3.186709704777541952e-02,1.637014034616653298e-03
2.048210206700938011e-03,2.383696440742477535e+03,2.308996075024709626e+03,2.387650393647115379e+03,1.034064292907714844e+00,3.133803635436906848e-02,1.658748503817986716e-03
2.065896558079107891e-03,2.343057010493598682e+03,2.270849790643299912e+03,2.346992730552185094e+03,1.033530592918395996e+00,3.081752579084163363e-02,1.679737215509449419e-03
2.083735631587088806e-03,2.303110438304469426e+03,2.233313674850483494e+03,2.307025255741598357e+03,1.033005475997924805e+00,3.030543489932237960e-02,1.699795794426161829e-03
2.101728745984667458e-03,2.263844911699171007e+03,2.196378632043274138e+03,2.267736912179836509e+03,1.032489061355590820e+00,2.980163495619441230e-02,1.719199252807599755e-03
2.119877231419155152e-03,2.225248819591649863e+03,2.160035680003963989e+03,2.229116019927396337e+03,1.031981110572814941e+00,2.930599895774935529e-02,1.737873221951033529e-03
2.138182429523721902e-03,2.187310748852233701e+03,2.124275949255482828e+03,2.191151098750981419e+03,1.031481385231018066e+00,2.881840160563726994e-02,1.755740422691607619e-03
2.156645693516580104e-03,2.150019480932684473e+03,2.089090682389932681e+03,2.153831114042570334e+03,1.030989766120910645e+00,2.833871929212506899e-02,1.772836545756489553e-03
2.175268388301010436e-03,2.113363988548818725e+03,2.054471233371791641e+03,2.117145453096447909e+03,1.030506253242492676e+00,2.786683008517946286e-02,1.789310581669274281e-03
2.194051890566278522e-03,2.077333432419633027e+03,2.020409066817127268e+03,2.081082216454226909e+03,1.030030131340026855e+00,2.740261371339000260e-02,1.804613537763833948e-03
2.212997588889397283e-03,2.041917158062074577e+03,1.986895757250297265e+03,2.045632599448873634e+03,1.029562115669250488e+00,2.694595155074584747e-02,1.819584781943492987e-03
2.232106883837780067e-03,2.007104692640430585e+03,1.953922988339394124e+03,2.010784594697734519e+03,1.029101252555847168e+00,2.649672660127842805e-02,1.833438021841734752e-03
2.251381188072780221e-03,1.972885741869438107e+03,1.921482552111746145e+03,1.976528991400992481e+03,1.028647899627685547e+00,2.605482348358607175e-02,1.846660176124623317e-03
2.270821926454114938e-03,1.939250186970204368e+03,1.889566348150727208e+03,1.942855780534951009e+03,1.028201937675476074e+00,2.562012841525152310e-02,1.859271995419969773e-03
2.290430536145209809e-03,1.906188081677995342e+03,1.858166382775037619e+03,1.909754672916098798e+03,1.027763009071350098e+00,2.519252919716336372e-02,1.871059457555639865e-03
2.310208466719434594e-03,1.873689649301069721e+03,1.827274768201669303e+03,1.877216222863228950e+03,1.027331113815307617e+00,2.477191519775660822e-02,1.882154583857963527e-03
2.330157180267264459e-03,1.841745279829640367e+03,1.796883721693636289e+03,1.845230270936811849e+03,1.026905775070190430e+00,2.435817733717972680e-02,1.892222092456694038e-03
2.350278151504368428e-03,1.810345527094126737e+03,1.766985564693562537e+03,1.813788330610195089e+03,1.026487350463867188e+00,2.395120807140246541e-02,1.901738350244421396e-03
2.370572867880618977e-03,1.779481105971869056e+03,1.737572721944185560e+03,1.782880768819174364e+03,1.026075482368469238e+00,2.355090137627232835e-02,1.910479878598413941e-03
2.391042829690065690e-03,1.749142889641434522e+03,1.708637720596737154e+03,1.752498946377922721e+03,1.025670289993286133e+00,2.315715273153054130e-02,1.918686435718338539e-03
2.411689550181837002e-03,1.719321906883766133e+03,1.680173189308228075e+03,1.722633344148535343e+03,1.025271296501159668e+00,2.276985910479920744e-02,1.926013535633428527e-03
2.432514555672010779e-03,1.690009339429325792e+03,1.652171857328530905e+03,1.693275221052903134e+03,1.024878382682800293e+00,2.238891893554367449e-02,1.932463654124035903e-03
2.453519385656438567e-03,1.661196519350486369e+03,1.624626553578185849e+03,1.664416754683339377e+03,1.024491906166076660e+00,2.201423211902650903e-02,1.938503539672773108e-03
2.474705592924569039e-03,1.632874926498340756e+03,1.597530205717750960e+03,1.636048689285998762e+03,1.024111270904541016e+00,2.164569999025317895e-02,1.943665577904402520e-03
2.496074743674227270e-03,1.605036185983254654e+03,1.570875839209600599e+03,1.608162897276929471e+03,1.023736476898193359e+00,2.128322530792489675e-02,1.948062804427910322e-03
2.517628417627399730e-03,1.577672065698346614e+03,1.544656576372912014e+03,1.580751560357593462e+03,1.023367643356323242e+00,2.092671223840203085e-02,1.951923169713807834e-03
2.539368208147018899e-03,1.550774473885195448e+03,1.518865635432643330e+03,1.553806247271653319e+03,1.023004412651062012e+00,2.057606633968514856e-02,1.955005990563083492e-03
2.561295722354741452e-03,1.524335456741065173e+03,1.493496329563246036e+03,1.527319219512183736e+03,1.022646784782409668e+00,2.023119454542589984e-02,1.957418728222502530e-03
2.583412581249771179e-03,1.498347196066892138e+03,1.468542065927786780e+03,1.501282683407096783e+03,1.022294640541076660e+00,1.989200514896865071e-02,1.959150287670437598e-03
2.605720419828682407e-03,1.472802006955400429e+03,1.443996344713219742e+03,1.475688803226181108e+03,1.021947741508483887e+00,1.955840778743112018e-02,1.960070842616726781e-03
2.628220887206289894e-03,1.447692335518620439e+03,1.419852758162421651e+03,1.450530729133460227e+03,1.021606445312500000e+00,1.923031342583267356e-02,1.960633171289784694e-03
2.650915646737562158e-03,1.423010756654149418e+03,1.396104989603634067e+03,1.425800193965909330e+03,1.021270036697387695e+00,1.890763434127333553e-02,1.960236279814616105e-03
2.673806376140576944e-03,1.398749971849507347e+03,1.372746812477928870e+03,1.401490747689221962e+03,1.020938992500305176e+00,1.859028410717006655e-02,1.959446573636462220e-03
2.696894767620559592e-03,1.374902807023903051e+03,1.349772089365240390e+03,1.377594719924257106e+03,1.020612835884094238e+00,1.827817757755567304e-02,1.957893231872102294e-03
2.720182527994973072e-03,1.351462210406816666e+03,1.327174771009561255e+03,1.354105226595482691e+03,1.020291566848754883e+00,1.797123087144583686e-02,1.955671544726673896e-03
2.743671378819695708e-03,1.328421250452742242e+03,1.304948895343805589e+03,1.331015491458368160e+03,1.019975185394287109e+00,1.766936135727803850e-02,1.952875268098706396e-03
2.767363056516289593e-03,1.305773113791479091e+03,1.283088586514851386e+03,1.308318538761641094e+03,1.019663453102111816e+00,1.737248763742751598e-02,1.949362368758716544e-03
2.791259312500358417e-03,1.283511103213380920e+03,1.261588053909260452e+03,1.286008119819303602e+03,1.019356608390808105e+00,1.708052953280592492e-02,1.945457736727936732e-03
2.815361913311034171e-03,1.261628635688930444e+03,1.240441591180107253e+03,1.264077181620266856e+03,1.019054174423217773e+00,1.679340806754413967e-02,1.940781829194411197e-03
2.839672640741561054e-03,1.240119240422101939e+03,1.219643575275404146e+03,1.242519394582574250e+03,1.018756151199340820e+00,1.651104545376495120e-02,1.935422080585868718e-03
2.864193291971019531e-03,1.218976556936897850e+03,1.199188465468509548e+03,1.221328671898217635e+03,1.018462657928466797e+00,1.623336507644803153e-02,1.929581785584368481e-03
2.888925679697172330e-03,1.198194333196521029e+03,1.179070802390945573e+03,1.200498734521675942e+03,1.018173575401306152e+00,1.596029147839319803e-02,1.923228362303528241e-03
2.913871632270484836e-03,1.177766423754591870e+03,1.159285207067979400e+03,1.180023410205262053e+03,1.017888784408569336e+00,1.569175034528183521e-02,1.916327724367582848e-03
2.939032993829277397e-03,1.157686787937905365e+03,1.139826379957369454e+03,1.159896495893691963e+03,1.017608046531677246e+00,1.542766849084390400e-02,1.908726936171202104e-03
2.964411624436054209e-03,1.137949488060161457e+03,1.120689099991605872e+03,1.140112168215961901e+03,1.017331361770629883e+00,1.516797384212457966e-02,1.900506286519904964e-03
2.990009400215013977e-03,1.118548687666146634e+03,1.101868223623966969e+03,1.120664827637480357e+03,1.017058849334716797e+00,1.491259542486565899e-02,1.891862191308857659e-03
3.015828213490730214e-03,1.099478649805864961e+03,1.083358683878732108e+03,1.101548440413974276e+03,1.016790151596069336e+00,1.466146334899650489e-02,1.882520054823054673e-03
3.041869972928060162e-03,1.080733735338067163e+03,1.065155489405810840e+03,1.082757850850028944e+03,1.016525626182556152e+00,1.441450879423436353e-02,1.872908604383125529e-03
3.068136603673230715e-03,1.062308401262728466e+03,1.047253723540110968e+03,1.064287091982895390e+03,1.016264796257019043e+00,1.417166399580624056e-02,1.862633033698052202e-03
3.094630047496160774e-03,1.044197199081941335e+03,1.029648543365886098e+03,1.046130931784656013e+03,1.016007781028747559e+00,1.393286223028219334e-02,1.851884590779229395e-03
3.121352262934007880e-03,1.026394773188756972e+03,1.012335178786323013e+03,1.028283853491692980e+03,1.015754342079162598e+00,1.369803780153151448e-02,1.840500704292461712e-03
3.148305225435942597e-03,1.008895859283502773e+03,9.953089315986135261e+02,1.010740797083516213e+03,1.015504598617553711e+00,1.346712602680162109e-02,1.828670207174482119e-03
3.175490927509202685e-03,9.916952828170805105e+02,9.785651745747168206e+02,9.934965441952831497e+02,1.015258431434631348e+00,1.324006322291396316e-02,1.816345614840324078e-03
3.202911378866377199e-03,9.747879574608248276e+02,9.620993505480525982e+02,9.765459662790991615e+02,1.015015721321105957e+00,1.301678669258915684e-02,1.803478187044576294e-03
3.230568606573979481e-03,9.581688836024385409e+02,9.459069715063002377e+02,9.598842486246330736e+02,1.014776587486267090e+00,1.279723471089673839e-02,1.790253317082532653e-03
3.258464655202300379e-03,9.418331468675719407e+02,9.299836176905056391e+02,9.435063155844869698e+02,1.014540791511535645e+00,1.258134651182798644e-02,1.776502263144798602e-03
3.286601586976541263e-03,9.257759166666157853e+02,9.143249367006686725e+02,9.274075117241180806e+02,1.014308452606201172e+00,1.236906227500273424e-02,1.762408189853413836e-03
3.314981481929285372e-03,9.099924447662502871e+02,8.989266426079605026e+02,9.115828224086155842e+02,1.014079213142395020e+00,1.216032311249821106e-02,1.747682248915613133e-03
3.343606438054251128e-03,8.944780638853686696e+02,8.837845150737534823e+02,8.960277519388216660e+02,1.013853192329406738e+00,1.195507105581251374e-02,1.732505374946339454e-03
3.372478571461389428e-03,8.792281863149282799e+02,8.688943984755809424e+02,8.807378717212131960e+02,1.013630509376525879e+00,1.175324904295766901e-02,1.717057562283570964e-03
3.401600016533322737e-03,8.642383025613308973e+02,8.542522010401726220e+02,8.657084121436855639e+02,1.013410806655883789e+00,1.155480090567914675e-02,1.701046549311368856e-03
3.430972926083116024e-03,8.495039800129419518e+02,8.398538939836887494e+02,8.509350970676817951e+02,1.013194203376770020e+00,1.135967135681481555e-02,1.684650205780131426e-03
3.460599471513443708e-03,8.350208616293263049e+02,8.256955106592527045e+02,8.364136159939740764e+02,1.012980699539184570e+00,1.116780597777832819e-02,1.667927627496842719e-03
3.490481842977099722e-03,8.207846646528480505e+02,8.117731457119111838e+02,8.221395348301173271e+02,1.012770056724548340e+00,1.097915120617939423e-02,1.650701134678631823e-03
3.520622249538909662e-03,8.067911793422273377e+02,7.980829542410972408e+02,8.081087868704061066e+02,1.012562394142150879e+00,1.079365432357585683e-02,1.633145678728177737e-03
3.551022919339024645e-03,7.930362677276963268e+02,7.846211509707004552e+02,7.943170859520375870e+02,1.012357473373413086e+00,1.061126344335787397e-02,1.615081524595610206e-03
3.581686099757658021e-03,7.795158623873634269e+02,7.713840094268005032e+02,7.807606850393981404e+02,1.012155652046203613e+00,1.043192749876586424e-02,1.596917666591531103e-03
3.612614057581209435e-03,7.662259652444558924e+02,7.583678611231682680e+02,7.674351606521330496e+02,1.011956334114074707e+00,1.025559623104208354e-02,1.578118547955206482e-03
3.643809079169839978e-03,7.531626463850592472e+02,7.455690947545768950e+02,7.543368068778933093e+02,1.011759757995605469e+00,1.008222017771192094e-02,1.558973348545175967e-03
3.675273470626499745e-03,7.403220428960122490e+02,7.329841553979822493e+02,7.414618815843981565e+02,1.011566042900085449e+00,9.911750661003485008e-03,1.539652505721773564e-03
3.707009557967387396e-03,7.277003577226245170e+02,7.206095437216412165e+02,7.288064415456805136e+02,1.011374950408935547e+00,9.744139776396930006e-03,1.519971525804305647e-03
3.739019687293928043e-03,7.152938585458512080e+02,7.084418152021829655e+02,7.163666168633319558e+02,1.011186242103576660e+00,9.579340381305704449e-03,1.499744901573179948e-03
3.771306224966193121e-03,7.030988766786267661e+02,6.964775793497042287e+02,7.041389416534467500e+02,1.011000156402587891e+00,9.417306083890967378e-03,1.479258478883017881e-03
3.803871557777837708e-03,6.911118059810078194e+02,6.847134989408967840e+02,6.921198348613975213e+02,1.010816693305969238e+00,9.257991232010388469e-03,1.458561222172788559e-03
3.836718093132550529e-03,6.793291017938112191e+02,6.731462892602459078e+02,6.803056136243383207e+02,1.010635614395141602e+00,9.101350902293463274e-03,1.437465034176455469e-03
3.869848259222004056e-03,6.677472798904398132e+02,6.617727173493206010e+02,6.686929792734205193e+02,1.010457158088684082e+00,8.947340889354853458e-03,1.416253441175935757e-03
3.903264505205385811e-03,6.563629154465636475e+02,6.505896012641599100e+02,6.572781362156825935e+02,1.010280728340148926e+00,8.795917695130292188e-03,1.394382204692758403e-03
3.936969301390435411e-03,6.451726420273820395e+02,6.395938093407851284e+02,6.460581335692315861e+02,1.010106921195983887e+00,8.647038518350778219e-03,1.372487740749498558e-03
3.970965139416067144e-03,6.341731505921444523e+02,6.287822594688311710e+02,6.350294495429376411e+02,1.009935379028320312e+00,8.500661244140755857e-03,1.350260492727639984e-03
4.005254532436571153e-03,6.233611885156419703e+02,6.181519183732997362e+02,6.241889266484190557e+02,1.009766221046447754e+00,8.356744433747367168e-03,1.327862799331651182e-03
4.039840015307380634e-03,6.127335586263908453e+02,6.076998009044434639e+02,6.135331657568991659e+02,1.009599089622497559e+00,8.215247314398644446e-03,1.304983412857062567e-03
4.074724144772487455e-03,6.022871182611969516e+02,5.974229693357493716e+02,6.030592621767309538e+02,1.009434342384338379e+00,8.076129769287411150e-03,1.282019641667219920e-03
4.109909499653435078e-03,5.920187783358549041e+02,5.873185326700407813e+02,5.927639979385904780e+02,1.009271740913391113e+00,7.939352327685207308e-03,1.258776967903554476e-03
4.145398681039959461e-03,5.819255024316842082e+02,5.773836459536649954e+02,5.826443530273397755e+02,1.009111285209655762e+00,7.804876155178315164e-03,1.235296601801632709e-03
4.181194312482284028e-03,5.720043058976366410e+02,5.676155095987478489e+02,5.726973572208318046e+02,1.008952975273132324e+00,7.672663044033433723e-03,1.211619066586517917e-03
4.217299040185047872e-03,5.622522549677195229e+02,5.580113687135077498e+02,5.629199562775872892e+02,1.008796572685241699e+00,7.542675403685582779e-03,1.187547589126344665e-03
4.253715533202951336e-03,5.526664658934548697e+02,5.485685124405852093e+02,5.533093494039875395e+02,1.008642196655273438e+00,7.414876251347733357e-03,1.163239585187003829e-03
4.290446483638051325e-03,5.432441040911387518e+02,5.392842733033760396e+02,5.438628429474298400e+02,1.008490085601806641e+00,7.289229202749674189e-03,1.138970219154525690e-03
4.327494606838784390e-03,5.339823833036336964e+02,5.301560265603302469e+02,5.345774020092884484e+02,1.008339762687683105e+00,7.165698462991618861e-03,1.114304000018689249e-03
4.364862641600683775e-03,5.248785647764574378e+02,5.211811895671875163e+02,5.254504277341288798e+02,1.008191466331481934e+00,7.044248817523365326e-03,1.089514786939327481e-03
4.402553350368867621e-03,5.159299564479080118e+02,5.123572211470998354e+02,5.164792356864340945e+02,1.008045196533203125e+00,6.924845623242862486e-03,1.064639165959230119e-03
4.440569519442241937e-03,5.071339121530067473e+02,5.036816209686239176e+02,5.076610057997777403e+02,1.007900595664978027e+00,6.807454799712236646e-03,1.039357917385663396e-03
4.478913959179479064e-03,4.984878308410082468e+02,4.951519289315253332e+02,4.989933281699847498e+02,1.007758021354675293e+00,6.692042820493432354e-03,1.014061523074031483e-03
4.517589504206779433e-03,4.899891558062508921e+02,4.867657245603564320e+02,4.904735335637045068e+02,1.007617235183715820e+00,6.578576704601710352e-03,9.885479131810522534e-04
4.556599013627406214e-03,4.816353739321251624e+02,4.785206264057686667e+02,4.820991741763061782e+02,1.007478356361389160e+00,6.467024008073468146e-03,9.629696431856711071e-04
4.595945371233070911e-03,4.734240149479214210e+02,4.704142914534957072e+02,4.738676716682213623e+02,1.007341146469116211e+00,6.357352815650460509e-03,9.371233952902565745e-04
4.635631485717100521e-03,4.653526506983591844e+02,4.624444145409806879e+02,4.657766065610309170e+02,1.007205605506896973e+00,6.249531732577602756e-03,9.110421140515648870e-04
4.675660290889470383e-03,4.574188944255620868e+02,4.546087277815763628e+02,4.578237079269013634e+02,1.007071971893310547e+00,6.143529876514612631e-03,8.849951461835685795e-04
4.716034745893688852e-03,4.496204000632779980e+02,4.469049999962781499e+02,4.500064706431105606e+02,1.006939888000488281e+00,6.039316869558614652e-03,8.586589482555247654e-04
4.756757835425535520e-03,4.419548615431335747e+02,4.393310361529329953e+02,4.423227537429312406e+02,1.006809711456298828e+00,5.936862830378666217e-03,8.324203030896189974e-04
4.797832569953734520e-03,4.344200121127093439e+02,4.318846768128604481e+02,4.347700834056229269e+02,1.006680965423583984e+00,5.836138366459757768e-03,8.058360184906898692e-04
4.839261985942485723e-03,4.270136236652481330e+02,4.245637975848434280e+02,4.273464425232187409e+02,1.006554126739501953e+00,5.737114566455178526e-03,7.794103970591745138e-04
4.881049146075940558e-03,4.197335060807886862e+02,4.173663085864203026e+02,4.200494391236260299e+02,1.006428718566894531e+00,5.639762992646945097e-03,7.526991251838115703e-04
4.923197139484617249e-03,4.125775065785306879e+02,4.102901539124198393e+02,4.128770248498182696e+02,1.006304979324340820e+00,5.544055673513723081e-03,7.259684944326233284e-04
4.965709081973745942e-03,4.055435090802459399e+02,4.033333111106858269e+02,4.058269881125727352e+02,1.006182670593261719e+00,5.449965096402950050e-03,6.990101579229136960e-04
5.008588116253633905e-03,3.986294335845353771e+02,3.964937906649175261e+02,3.988973009671156547e+02,1.006061911582946777e+00,5.357464200307114795e-03,6.719709083485733659e-04
5.051837412171976231e-03,3.918332355517603673e+02,3.897696354845761562e+02,3.920859668554277846e+02,1.005942821502685547e+00,5.266526368745496484e-03,6.449971077913628763e-04
5.095460166948192690e-03,3.851529052994575864e+02,3.831589204017876114e+02,3.853908374834432493e+02,1.005825042724609375e+00,5.177125422745144749e-03,6.177603250861367964e-04
5.139459605409765590e-03,3.785864674080652890e+02,3.766597516751816670e+02,3.788100320134657863e+02,1.005708813667297363e+00,5.089235613926161757e-03,5.905245555423533710e-04
5.183838980230667109e-03,3.721319801367727109e+02,3.702702665005934364e+02,3.723416081100801875e+02,1.005594134330749512e+00,5.002831617683123518e-03,5.633162009629764152e-04
5.228601572171792840e-03,3.657875348493378738e+02,3.639886325285768294e+02,3.659835691580073558e+02,1.005480766296386719e+00,4.917888526469290505e-03,5.359239722322015368e-04
5.273750690323498677e-03,3.595512554496896769e+02,3.578130473886528762e+02,3.597341270276454566e+02,1.005368947982788086e+00,4.834381843175123913e-03,5.086105949680602223e-04
5.319289672350233263e-03,3.534212978271522729e+02,3.517417382202291947e+02,3.535913094569461919e+02,1.005258321762084961e+00,4.752287474606299578e-03,4.810452308311835264e-04
5.365221884737251222e-03,3.473958493111326788e+02,3.457729612101308589e+02,3.475534309924203171e+02,1.005149245262145996e+00,4.671581725054919053e-03,4.536084170266118493e-04
5.411550723039517362e-03,3.414731281350962604e+02,3.399050011366601893e+02,3.416186254236778268e+02,1.005041480064392090e+00,4.592241289966677784e-03,4.260870815111508173e-04
5.458279612132701207e-03,3.356513829096896870e+02,3.341361709201372037e+02,3.357852213318495842e+02,1.004935264587402344e+00,4.514243249699841781e-03,3.987423528533702187e-04
5.505412006466366831e-03,3.299288921048423617e+02,3.284648111798387617e+02,3.300513362885796482e+02,1.004830121994018555e+00,4.437565063378430194e-03,3.711229500275989497e-04
5.552951390319352774e-03,3.243039635406967705e+02,3.228892897972738751e+02,3.244153584456828412e+02,1.004726290702819824e+00,4.362184562833344888e-03,3.434891876432211557e-04
5.600901278057322970e-03,3.187749338872227440e+02,3.174080014857299830e+02,3.188756611453097776e+02,1.004623889923095703e+00,4.288079946638335624e-03,3.159823668026205288e-04
5.649265214392601431e-03,3.133401681723550496e+02,3.120193673660132845e+02,3.134305315041514746e+02,1.004522681236267090e+00,4.215229774228145161e-03,2.883873214324693748e-04
5.698046774646195294e-03,3.079980592985236285e+02,3.067218345483249777e+02,3.080783623610136601e+02,1.004422664642333984e+00,4.143612960111817817e-03,2.607258716919341919e-04
5.747249565012107694e-03,3.027470275674228333e+02,3.015138757201989392e+02,3.028176094624507186e+02,1.004323959350585938e+00,4.073208768166243325e-03,2.331381932797557557e-04
5.796877222823930940e-03,2.975855202128834094e+02,2.963939887404334286e+02,2.976466819735423428e+02,1.004226446151733398e+00,4.003996806019313043e-03,2.055266688217229228e-04
5.846933416823716506e-03,2.925120109417114804e+02,2.913606962389525847e+02,2.925641218136471480e+02,1.004130363464355469e+00,3.935957019516428748e-03,1.781495117684299661e-04
5.897421847433218997e-03,2.875249994823493580e+02,2.864125452225198387e+02,2.875682528492484948e+02,1.004035115242004395e+00,3.869069687270135487e-03,1.504334126667552065e-04
5.948346247027433420e-03,2.826230111412371002e+02,2.815481066862473085e+02,2.826578051071733171e+02,1.003941416740417480e+00,3.803315415292289961e-03,1.231108740782223233e-04
5.999710380210515094e-03,2.778045963667352112e+02,2.767659752308247221e+02,2.778310906800597877e+02,1.003848433494567871e+00,3.738675131707991199e-03,9.537032025777165370e-05
6.051518044094083074e-03,2.730683303204817776e+02,2.720647686854025551e+02,2.730869160130508817e+02,1.003756999969482422e+00,3.675130081549223514e-03,6.806242432907314000e-05
6.103773068577905345e-03,2.684128124560597826e+02,2.674431277360637864e+02,2.684237452262249235e+02,1.003666639328002930e+00,3.612661821628716970e-03,4.073117846015891606e-05
6.156479316633053402e-03,2.638366661048430046e+02,2.628997155598104882e+02,2.638402002700549360e+02,1.003577351570129395e+00,3.551252215490747609e-03,1.339527694959196382e-05
6.209640684587457680e-03,2.593385380689075532e+02,2.584332174640069866e+02,2.593348954788500578e+02,1.003489017486572266e+00,3.490883428439850184e-03,1.404569519292809270e-05
6.263261102413951453e-03,2.549170982208811438e+02,2.540423405312056673e+02,2.549065609443825622e+02,1.003401875495910645e+00,3.431537922644617954e-03,4.133609150631097035e-05
6.317344534020772825e-03,2.505710391106171073e+02,2.497258132692929280e+02,2.505538854860300262e+02,1.003315925598144531e+00,3.373198452320125794e-03,6.845812927131015571e-05
6.371894977544635859e-03,2.462990755785694148e+02,2.454823852668838526e+02,2.462754922526320343e+02,1.003230810165405273e+00,3.315848058979165448e-03,9.575076918978312574e-05
6.426916465646268471e-03,2.420999443757641814e+02,2.413108268539068604e+02,2.420702334822910018e+02,1.003147006034851074e+00,3.259470066761059777e-03,1.227216038805245850e-04
6.482413065808533340e-03,2.379724037902479949e+02,2.372099287673072183e+02,2.379367486162149419e+02,1.003064036369323730e+00,3.204048077830201624e-03,1.498290283459926316e-04
6.538388880637128336e-03,2.339152332799041858e+02,2.331785018218049004e+02,2.338739004600624014e+02,1.002982258796691895e+00,3.149565967846603212e-03,1.766999919681388120e-04
6.594848048163842215e-03,2.299272331115326153e+02,2.292153765856461689e+02,2.298804027539140691e+02,1.002901315689086914e+00,3.096007881507192340e-03,2.036746886604332192e-04
6.651794742152502583e-03,2.260072240060769957e+02,2.253194030612756080e+02,2.259551294692391537e+02,1.002821445465087891e+00,3.043358228155101930e-03,2.304994323386817855e-04
6.709233172407496476e-03,2.221540467899060900e+02,2.214894503708753746e+02,2.220969444001747775e+02,1.002742767333984375e+00,2.991601677457772154e-03,2.570396108305647619e-04
6.767167585084986683e-03,2.183665620520376081e+02,2.177244064467000442e+02,2.183045994157492089e+02,1.002664804458618164e+00,2.940723155152919713e-03,2.837551487101455530e-04
6.825602263006816904e-03,2.146436498072062022e+02,2.140231777261469688e+02,2.145770514040273724e+02,1.002587914466857910e+00,2.890707838860101346e-03,3.102742766378076907e-04
6.884541525977096177e-03,2.109842091646776225e+02,2.103846888515008402e+02,2.109131455130577990e+02,1.002511858940124512e+00,2.841541153958323466e-03,3.368197643851007631e-04
6.943989731101579688e-03,2.073871580027054620e+02,2.068078823742847305e+02,2.073118722542955084e+02,1.002436995506286621e+00,2.793208769528412929e-03,3.630203004612825128e-04
7.003951273109745336e-03,2.038514326485416461e+02,2.032917184641637789e+02,2.037720657579791634e+02,1.002362847328186035e+00,2.745696594356858162e-03,3.893369280328699529e-04
7.064430584679678819e-03,2.003759875639011909e+02,1.998351746223342218e+02,2.002927754387414723e+02,1.002289891242980957e+00,2.698990773006173897e-03,4.152799253612250979e-04
7.125432136765772438e-03,1.969597950357884599e+02,1.964372453993387921e+02,1.968728511206835492e+02,1.002217531204223633e+00,2.653077681943760355e-03,4.414297602671278086e-04
7.186960438929208134e-03,1.936018448725972974e+02,1.930969421172509612e+02,1.935113752801641738e+02,1.002146244049072266e+00,2.607943925733740686e-03,4.672971607923390603e-04
7.249020039671376543e-03,1.903011441053877775e+02,1.898132925961616593e+02,1.902072827612384458e+02,1.002075672149658203e+00,2.563576333287563482e-03,4.932253276278347146e-04
7.311615526770092431e-03,1.870567166942603592e+02,1.865853408849179402e+02,1.869596856256774515e+02,1.002006292343139648e+00,2.519961954174953275e-03,5.187253914089734203e-04
7.374751527618761751e-03,1.838676032397334552e+02,1.834121469960483068e+02,1.837675314695239877e+02,1.001937627792358398e+00,2.477088054991979840e-03,5.442599372929784280e-04
7.438432709568464779e-03,1.807328606990422202e+02,1.802927866448191594e+02,1.806298976838048986e+02,1.001869797706604004e+00,2.434942115788647603e-03,5.696972583683957737e-04
7.502663780272963989e-03,1.776515621072759075e+02,1.772263509923669176e+02,1.775458339005808455e+02,1.001802682876586914e+00,2.393511826550805740e-03,5.951436927484905336e-04
7.567449488036765044e-03,1.746227963032654884e+02,1.742119463928423500e+02,1.745144899894737591e+02,1.001736640930175781e+00,2.352785083739123741e-03,6.202300964396131747e-04
7.632794622166104263e-03,1.716456676601487459e+02,1.712486941445190496e+02,1.715349453544092171e+02,1.001671552658081055e+00,2.312749986883952391e-03,6.450632121910255742e-04
7.698704013323017827e-03,1.687192958205263835e+02,1.683357302448039547e+02,1.686062358690624592e+02,1.001606941223144531e+00,2.273394835232379983e-03,6.701068239651191815e-04
7.765182533882418123e-03,1.658428154361357940e+02,1.654722051490988690e+02,1.657275953926369425e+02,1.001543402671813965e+00,2.234708124450786662e-03,6.947545071267887057e-04
7.832235098292330763e-03,1.630153759119594952e+02,1.626572835334528406e+02,1.628980911625853309e+02,1.001480460166931152e+00,2.196678543378946091e-03,7.194704715308987940e-04
7.899866663437169964e-03,1.602361411546996237e+02,1.598901440609582210e+02,1.601169436472759173e+02,1.001418471336364746e+00,2.159294970835328766e-03,7.438865324934867225e-04
7.968082229004178063e-03,1.575042893255393608e+02,1.571699791518316260e+02,1.573833086318386449e+02,1.001357316970825195e+00,2.122546472475821382e-03,7.681104699991100687e-04
8.036886837853047388e-03,1.548190125971188991e+02,1.544959947571281589e+02,1.546963571923454026e+02,1.001296877861022949e+00,2.086422297701383179e-03,7.922502715650249017e-04
8.106285576388674169e-03,1.521795169146567446e+02,1.518674101360392683e+02,1.520553116150214805e+02,1.001237273216247559e+00,2.050911876612854234e-03,8.161761986990613820e-04
8.176283574937227502e-03,1.495850217611404105e+02,1.492834576367158661e+02,1.494593708488648929e+02,1.001178383827209473e+00,2.016004817020292626e-03,8.399966172827039819e-04
8.246886008125373785e-03,1.470347599265232930e+02,1.467433824805733593e+02,1.469077658401450606e+02,1.001120209693908691e+00,1.981690901495277660e-03,8.637011169446892058e-04
8.318098095262823136e-03,1.445279772808553105e+02,1.442464425500224934e+02,1.443997405745974163e+02,1.001062750816345215e+00,1.947960084473625243e-03,8.872794642984384956e-04
8.389925100728178736e-03,1.420639325512808284e+02,1.417919081795772911e+02,1.419345687622431740e+02,1.001006126403808594e+00,1.914802489402753086e-03,9.106026189367803477e-04
8.462372334358068265e-03,1.396418971028408862e+02,1.393790619502929928e+02,1.395115023388301267e+02,1.000950217247009277e+00,1.882208405936546328e-03,9.337796658171202205e-04
8.535445151839734373e-03,1.372611547230084454e+02,1.370071984874788882e+02,1.371298394612188076e+02,1.000895142555236816e+00,1.850168287175189786e-03,9.566818963065743409e-04
8.609148955106915926e-03,1.349210014099010948e+02,1.346756242616458792e+02,1.347888411985075265e+02,1.000840663909912109e+00,1.818672746948710043e-03,9.795377295789161037e-04
8.683489192739195228e-03,1.326207451641024306e+02,1.323836573926344897e+02,1.324878301615192413e+02,1.000786900520324707e+00,1.787712557146115596e-03,1.002218788762819848e-03
8.758471360364800812e-03,1.303597057840326841e+02,1.301306274568786989e+02,1.302261241283913762e+02,1.000733852386474609e+00,1.757278645086081045e-03,1.024715841738803703e-03
8.834101001066834574e-03,1.281372146648095907e+02,1.279158752977601381e+02,1.280030524622047494e+02,1.000681519508361816e+00,1.727362090930786636e-03,1.047019813531862914e-03
8.910383705793101933e-03,1.259526146005356537e+02,1.257387528390022027e+02,1.258179559165570538e+02,1.000629901885986328e+00,1.697954125142405119e-03,1.069121783661863400e-03
8.987325113769381937e-03,1.238052595899591211e+02,1.235986229010645019e+02,1.236701717102122871e+02,1.000578880310058594e+00,1.669046125980401009e-03,1.091131993860702896e-03
9.064930912916336833e-03,1.216945146454462758e+02,1.214948590204877803e+02,1.215590780428687054e+02,1.000528573989868164e+00,1.640629617038918226e-03,1.112922821313362719e-03
9.143206840269950050e-03,1.196197556052122479e+02,1.194268452721484266e+02,1.194840486918699725e+02,1.000478982925415039e+00,1.612696264825135180e-03,1.134485793384803131e-03
9.222158682405699054e-03,1.175803689487505892e+02,1.173939760943746933e+02,1.174444820734029946e+02,1.000430226325988770e+00,1.585237876376612096e-03,1.155693561455171155e-03
9.301792275866287846e-03,1.155757516154120736e+02,1.153956561168863715e+02,1.154397035787401506e+02,1.000381708145141602e+00,1.558246396917105196e-03,1.177133047117306713e-03
9.382113507593124735e-03,1.136053108260753817e+02,1.134312999915113949e+02,1.134692158608876014e+02,1.000334262847900391e+00,1.531713907551290063e-03,1.197963054703803142e-03
9.463128315361531498e-03,1.116684639078577135e+02,1.115003322256381466e+02,1.115323656453263510e+02,1.000287294387817383e+00,1.505632622996402100e-03,1.218770794981677156e-03
9.544842688219654439e-03,1.097646381218156364e+02,1.096021870183637219e+02,1.096285925936348633e+02,1.000240921974182129e+00,1.479994889352506887e-03,1.239429478460915644e-03
9.627262666931262966e-03,1.078932704935806299e+02,1.077363080992930122e+02,1.077573323665324097e+02,1.000195145606994629e+00,1.454793181906155735e-03,1.259931471410056548e-03
9.710394344422274351e-03,1.060538076468848772e+02,1.059021485699529848e+02,1.059180428404981740e+02,1.000150084495544434e+00,1.430020102973144714e-03,1.280150231274520449e-03
9.794243866231197235e-03,1.042457056399235142e+02,1.040991707477782029e+02,1.041101656429124773e+02,1.000105619430541992e+00,1.405668379774409945e-03,1.300197415126215636e-03
9.878817430963433149e-03,1.024684298045075082e+02,1.023268460126302557e+02,1.023331769358395178e+02,1.000061869621276855e+00,1.381730862348241927e-03,1.319946728236492169e-03
9.964121290749491586e-03,1.007214545879590162e+02,1.005846546558118462e+02,1.005865251933463611e+02,1.000018596649169922e+00,1.358200521495686207e-03,1.339629130304334547e-03
1.005016175170722267e-02,9.900426339770095296e+01,9.887208573153550617e+01,9.886971665084512040e+01,9.999760389328002930e-01,1.335070446759327933e-03,1.358999524246316121e-03
1.013694517440797208e-02,9.731634844849762089e+01,9.718863691081165257e+01,9.718222417695520221e+01,9.999340176582336426e-01,1.312333844436802330e-03,1.378229595342870834e-03
1.022447797434679166e-02,9.565721061229899647e+01,9.553381433771666309e+01,9.552354758861771700e+01,9.998925328254699707e-01,1.289984035625515871e-03,1.397312579215998244e-03
1.031276662241672158e-02,9.402635927064494581e+01,9.390713248800450685e+01,9.389321199973650778e+01,9.998517632484436035e-01,1.268014454300599343e-03,1.416063239513375887e-03
1.040181764538710731e-02,9.242331216958676521e+01,9.230811403002687143e+01,9.229070572624208069e+01,9.998114109039306641e-01,1.246418645422679283e-03,1.434772680526381298e-03
1.049163762638615979e-02,9.084759527708013138e+01,9.073628968792255023e+01,9.071558129070008647e+01,9.997717738151550293e-01,1.225190263078568828e-03,1.453136827424100427e-03
1.058223320538756972e-02,8.929874264281149010e+01,8.919119810704508211e+01,8.916735490662911445e+01,9.997326731681823730e-01,1.204323068652582950e-03,1.471327952599703250e-03
1.067361107970138910e-02,8.777629626041293420e+01,8.767238572159037346e+01,8.764556229892544081e+01,9.996940493583679199e-01,1.183810929026682390e-03,1.489399382945419924e-03
1.076577800446913181e-02,8.627980593202661908e+01,8.617940662439154664e+01,8.614978331632882202e+01,9.996562600135803223e-01,1.163647814810449439e-03,1.506987808946071367e-03
1.085874079316311198e-02,8.480882913517876887e+01,8.471182243884706509e+01,8.467952259075896393e+01,9.996187090873718262e-01,1.143827798601989264e-03,1.524682580084913341e-03
1.095250631809019728e-02,8.336293089192166406e+01,8.326920219294676428e+01,8.323439008918764159e+01,9.995819330215454102e-01,1.124345053275743311e-03,1.541941980191087382e-03
1.104708151089980363e-02,8.194168364020841011e+01,8.185112219536613054e+01,8.181394156883960989e+01,9.995457530021667480e-01,1.105193850298695577e-03,1.558938817143339485e-03
1.114247336309634288e-02,8.054466710745951730e+01,8.045716591359328618e+01,8.041772672818413525e+01,9.995098114013671875e-01,1.086368558075862098e-03,1.576024631227579626e-03
1.123868892655602303e-02,7.917146818628613403e+01,7.908692385405915104e+01,7.904537040241535806e+01,9.994745850563049316e-01,1.067863640321217765e-03,1.592717512501786456e-03
1.133573531404822969e-02,7.782168081233037071e+01,7.773999344423612001e+01,7.769644626344110350e+01,9.994398355484008789e-01,1.049673654456816096e-03,1.609250116189016745e-03
1.143361969976130002e-02,7.649490584418983019e+01,7.641597891667748854e+01,7.637057719580548110e+01,9.994058609008789062e-01,1.031793250038185936e-03,1.625319320447172989e-03
1.153234931983288317e-02,7.519075094538867177e+01,7.511449119496474225e+01,7.506732865916335129e+01,9.993721246719360352e-01,1.014217167206073840e-03,1.641455693333380289e-03
1.163193147288488390e-02,7.390883046836093229e+01,7.383514778153322311e+01,7.378634600454296333e+01,9.993390440940856934e-01,9.969402351624470030e-04,1.657237207540476548e-03
1.173237352056297547e-02,7.264876534041235345e+01,7.257757264734668468e+01,7.252723144574940761e+01,9.993063807487487793e-01,9.799573706735301148e-04,1.672896904626955047e-03
1.183368288808088128e-02,7.141018295162507457e+01,7.134139612338964298e+01,7.128962037947609076e+01,9.992742538452148438e-01,9.632635765970434501e-04,1.688310646545405263e-03
1.193586706476923096e-02,7.019271704467512052e+01,7.012625479395168782e+01,7.007314561341708270e+01,9.992426633834838867e-01,9.468539404327644274e-04,1.703473469789393421e-03
1.203893360462923549e-02,6.899600760652724318e+01,6.893179139167217784e+01,6.887745032144060531e+01,9.992116689682006836e-01,9.307236328988735541e-04,1.718320946376352028e-03
1.214289012689112254e-02,6.781970076197652020e+01,6.775765469431880206e+01,6.770216335561875098e+01,9.991810321807861328e-01,9.148679065317345338e-04,1.733086478371299389e-03
1.224774431657734731e-02,6.666344866900560362e+01,6.660349942327279393e+01,6.654694851224653007e+01,9.991509318351745605e-01,8.992820943072870775e-04,1.747586707335153748e-03
1.235350392507078045e-02,6.552690941592453555e+01,6.546898614369114000e+01,6.541146299296433142e+01,9.991213679313659668e-01,8.839616082872797610e-04,1.761816999904897195e-03
1.246017677068768370e-02,6.440974692026578907e+01,6.435378116632229251e+01,6.429536600772971155e+01,9.990922808647155762e-01,8.689019382854861395e-04,1.775832354653902141e-03
1.256777073925569900e-02,6.331163082940211950e+01,6.325755645094588431e+01,6.319831900240848910e+01,9.990635514259338379e-01,8.540986505614207814e-04,1.789747405164108379e-03
1.267629378469681267e-02,6.223223642285896773e+01,6.217998951141232311e+01,6.212000810864248024e+01,9.990353584289550781e-01,8.395473865286549528e-04,1.803379095263626117e-03
1.278575392961531047e-02,6.117124451629286597e+01,6.112076332225613839e+01,6.106011330333828369e+01,9.990077018737792969e-01,8.252438614892326253e-04,1.816723099772518928e-03
1.289615926589092812e-02,6.012834136710564081e+01,6.007956622685626513e+01,6.001830927815413474e+01,9.989804029464721680e-01,8.111838633895704928e-04,1.829953836240379508e-03
1.300751795527698394e-02,5.910321858166916087e+01,5.905609184712122328e+01,5.899430498211378904e+01,9.989537596702575684e-01,7.973632515937790566e-04,1.842769347744986196e-03
1.311983823000378337e-02,5.809557302413087854e+01,5.805003899467195083e+01,5.798777189971721668e+01,9.989273548126220703e-01,7.837779556802797459e-04,1.855582427406043868e-03
1.323312839338712001e-02,5.710510672677501276e+01,5.706111158350018542e+01,5.699842917621140259e+01,9.989014863967895508e-01,7.704239742572660142e-04,1.868091256251728496e-03
1.334739682044218910e-02,5.613152680191075916e+01,5.608901854407639576e+01,5.602598314865390705e+01,9.988761544227600098e-01,7.572973737980773267e-04,1.880291865733809374e-03
1.346265195850266001e-02,5.517454535526373860e+01,5.513347373888608161e+01,5.507012873338631209e+01,9.988510608673095703e-01,7.443942874961759562e-04,1.892478156459607378e-03
1.357890232784515760e-02,5.423387940084374037e+01,5.419419587936997829e+01,5.413060888460962161e+01,9.988266825675964355e-01,7.317109141402248877e-04,1.904169817372720333e-03
1.369615652231914553e-02,5.330925077726357131e+01,5.327090844424565574e+01,5.320713150610460218e+01,9.988027811050415039e-01,7.192435170045307106e-04,1.915601320034365611e-03
1.381442320998217156e-02,5.240038606548527866e+01,5.236333959918867009e+01,5.229940390141322126e+01,9.987789988517761230e-01,7.069884227629780280e-04,1.927126337310931282e-03
1.393371113374073864e-02,5.150701650796769826e+01,5.147122211785001866e+01,5.140718227414245689e+01,9.987558126449584961e-01,6.949420204166263312e-04,1.938264737383844829e-03
1.405402911199657608e-02,5.062887792919331531e+01,5.059429330418966941e+01,5.053018952840427147e+01,9.987329840660095215e-01,6.831007602422869453e-04,1.949251194685054037e-03
1.417538603929855215e-02,4.976571065754973233e+01,4.973229491610381103e+01,4.966817466687233917e+01,9.987106919288635254e-01,6.714611527576356837e-04,1.959903503610400163e-03
1.429779088700022446e-02,4.891725944854284336e+01,4.888497309032496929e+01,4.882087594583800438e+01,9.986888170242309570e-01,6.600197677025796458e-04,1.970337336788601738e-03
1.442125270392299180e-02,4.808327340931969474e+01,4.805207826857481734e+01,4.798803925173155704e+01,9.986672997474670410e-01,6.487732330393093704e-04,1.980608865320700532e-03
1.454578061702511450e-02,4.726350592447715115e+01,4.723336512494783079e+01,4.716942058122359782e+01,9.986461997032165527e-01,6.377182339685646918e-04,1.990655187617551732e-03
1.467138383207637620e-02,4.645771458313640778e+01,4.642859249450766868e+01,4.636478548045087678e+01,9.986256957054138184e-01,6.268515119620213802e-04,2.000294321823207957e-03
1.479807163433863836e-02,4.566566110726034822e+01,4.563752330307502092e+01,4.557387314754453200e+01,9.986053109169006348e-01,6.161698638116002271e-04,2.009999581528513438e-03
1.492585338925226171e-02,4.488711128119299332e+01,4.485992449818802186e+01,4.479647647746649852e+01,9.985856413841247559e-01,6.056701406927538812e-04,2.019172121786089961e-03
1.505473854312840316e-02,4.412183488240066964e+01,4.409556698121627250e+01,4.403234058183629429e+01,9.985661506652832031e-01,5.953492472470789387e-04,2.028344940841815981e-03
1.518473662384741546e-02,4.336960561339309805e+01,4.334422554060864030e+01,4.328125230967733472e+01,9.985471367835998535e-01,5.852041406763463073e-04,2.037217135506500573e-03
1.531585724156315012e-02,4.263020103480604206e+01,4.260567878625770533e+01,4.254298370038200972e+01,9.985284805297851562e-01,5.752318298549703810e-04,2.045904835232245211e-03
1.544811008941339783e-02,4.190340249962433461e+01,4.187970908496146194e+01,4.181731593650473400e+01,9.985101819038391113e-01,5.654293744543795013e-04,2.054405083701076051e-03
1.558150494423647496e-02,4.118899508852641134e+01,4.116610249696457657e+01,4.110403883893226862e+01,9.984923601150512695e-01,5.557938840855991720e-04,2.062595832006789819e-03
1.571605166729392322e-02,4.048676754633147823e+01,4.046464871356207027e+01,4.040293350221337931e+01,9.984748363494873047e-01,5.463225174520546391e-04,2.070652936719694949e-03
1.585176020499958621e-02,3.979651221952946116e+01,3.977514099574656115e+01,3.971380172330809444e+01,9.984578490257263184e-01,5.370124815212437910e-04,2.078335301473427984e-03
1.598864058965485807e-02,3.911802499487670559e+01,3.909737611388374035e+01,3.903642721897277568e+01,9.984411001205444336e-01,5.278610307056563538e-04,2.085938027664146870e-03
1.612670294019034542e-02,3.845110523903815647e+01,3.843115428839774950e+01,3.837061632157811886e+01,9.984247684478759766e-01,5.188654660608148055e-04,2.093279684931392826e-03
1.626595746291384370e-02,3.779555573925904355e+01,3.777627913145089167e+01,3.771616930466596784e+01,9.984087944030761719e-01,5.100231344959126360e-04,2.100417179753632808e-03
1.640641445226495229e-02,3.715118264504717160e+01,3.713255758959994779e+01,3.707290103172586271e+01,9.983934164047241211e-01,5.013314279971333278e-04,2.107109592424914486e-03
1.654808429157602137e-02,3.651779541085038971e+01,3.649979988741479531e+01,3.644059861382230281e+01,9.983780384063720703e-01,4.927877828640079508e-04,2.113950093634341457e-03
1.669097745383975318e-02,3.589520673971085785e+01,3.587781947204202027e+01,3.581909454410870097e+01,9.983631968498229980e-01,4.843896789596157976e-04,2.120399978584159260e-03
1.683510450248346113e-02,3.528323252787992459e+01,3.526643295869848060e+01,3.520820215772280903e+01,9.983488321304321289e-01,4.761346389724747225e-04,2.126516330322864717e-03
1.698047609214987930e-02,3.468169181037776383e+01,3.466546007707994193e+01,3.460772775605518348e+01,9.983345866203308105e-01,4.680202276915713076e-04,2.132654160211647221e-03
1.712710296948493152e-02,3.409040670748028390e+01,3.407472361866840060e+01,3.401750595432020674e+01,9.983208179473876953e-01,4.600440512914747587e-04,2.138453606189477316e-03
1.727499597393210642e-02,3.350920237211916231e+01,3.349404938492467920e+01,3.343735958452309376e+01,9.983074665069580078e-01,4.522037566340558995e-04,2.143971879672202426e-03
1.742416603853378515e-02,3.293790693817835802e+01,3.292326613635093224e+01,3.286711460696574960e+01,9.982944726943969727e-01,4.444970305765121033e-04,2.149266234356651210e-03
1.757462419073948720e-02,3.237635146967197386e+01,3.236220554240850333e+01,3.230659812450456769e+01,9.982817173004150391e-01,4.369215992951366282e-04,2.154453544055032980e-03
1.772638155322101006e-02,3.182436991078902366e+01,3.181070213227778964e+01,3.175564986756291219e+01,9.982693791389465332e-01,4.294752276179520105e-04,2.159352829883181939e-03
1.787944934469477831e-02,3.128179903678920937e+01,3.126859324644491878e+01,3.121410082473802916e+01,9.982572793960571289e-01,4.221557183702835192e-04,2.164140622844715200e-03
1.803383888075112129e-02,3.074847840573649194e+01,3.073571898910292077e+01,3.068179797997922265e+01,9.982456564903259277e-01,4.149609117305376633e-04,2.168576437422323807e-03
1.818956157469080528e-02,3.022425031105523274e+01,3.021192218135293572e+01,3.015857614451938673e+01,9.982342720031738281e-01,4.078886845966768417e-04,2.172896460952883618e-03
1.834662893836878222e-02,2.970895973489521680e+01,2.969704831519250376e+01,2.964428394038636227e+01,9.982232451438903809e-01,4.009369499640288927e-04,2.176979439400846764e-03
1.850505258304512707e-02,2.920245430229205397e+01,2.919094550827820811e+01,2.913876890913909889e+01,9.982125759124755859e-01,3.941036563129747018e-04,2.180823313469118421e-03
1.866484422024352469e-02,2.870458423610851284e+01,2.869346445944890434e+01,2.864187948402593165e+01,9.982022047042846680e-01,3.873867870073708741e-04,2.184485640579411896e-03
1.882601566261696280e-02,2.821520231274460855e+01,2.820445840499806778e+01,2.815347013474967852e+01,9.981921911239624023e-01,3.807843597027062111e-04,2.187904850394995805e-03
1.898857882482102299e-02,2.773416381860250013e+01,2.772378307568195765e+01,2.767339607502918497e+01,9.981825351715087891e-01,3.742944257645028144e-04,2.191078987301416786e-03
1.915254572439467617e-02,2.726132650729368123e+01,2.725129665445170701e+01,2.720151011693823762e+01,9.981730580329895020e-01,3.679150696973884486e-04,2.194184877226716245e-03
1.931792848264861362e-02,2.679655055757591953e+01,2.678685973489750083e+01,2.673768060687326198e+01,9.981640577316284180e-01,3.616444085814958889e-04,2.196922718697233261e-03
1.948473932556143984e-02,2.633969853200683531e+01,2.633033528039219817e+01,2.628176360159919511e+01,9.981552958488464355e-01,3.554805915207923410e-04,2.199528986151463947e-03
1.965299058468340104e-02,2.589063533630291758e+01,2.588158858392387174e+01,2.583362410923085051e+01,9.981467723846435547e-01,3.494217990997235536e-04,2.202001856328646319e-03
1.982269469804803438e-02,2.544922817939115234e+01,2.544048722860497591e+01,2.539313550501223915e+01,9.981387257575988770e-01,3.434662428487662237e-04,2.204101200378924368e-03
1.999386421109158180e-02,2.501534653414193698e+01,2.500690104884734666e+01,2.496016257947383821e+01,9.981309771537780762e-01,3.376121647191092758e-04,2.206004006092081391e-03
2.016651177758052929e-02,2.458886209877103823e+01,2.458070209219130575e+01,2.453457266253071012e+01,9.981233477592468262e-01,3.318578365665942275e-04,2.207887295567106337e-03
2.034065016054696293e-02,2.416964875890007391e+01,2.416176458177885067e+01,2.411624421326831325e+01,9.981160163879394531e-01,3.262015596449256466e-04,2.209570613312919225e-03
2.051629223323210918e-02,2.375758255026355670e+01,2.374996487945952595e+01,2.370506037111074349e+01,9.981092810630798340e-01,3.206416641050982607e-04,2.210754357758952775e-03
2.069345098003799385e-02,2.335254162205179540e+01,2.334518144951860208e+01,2.330088503548519085e+01,9.981025457382202148e-01,3.151765085065992610e-04,2.212032737277095772e-03
2.087213949748725761e-02,2.295440620087891759e+01,2.294729482301744028e+01,2.290360976529675696e+01,9.980962872505187988e-01,3.098044793336895519e-04,2.212927450077782719e-03
2.105237099519143701e-02,2.256305855536480109e+01,2.255618756273512915e+01,2.251311127108399646e+01,9.980902671813964844e-01,3.045239905224744379e-04,2.213675249667280357e-03
2.123415879682739871e-02,2.217838296132130083e+01,2.217174422870231965e+01,2.212927128874814287e+01,9.980843663215637207e-01,2.993334829937335925e-04,2.214393748128879857e-03
2.141751634112233280e-02,2.180026566753170414e+01,2.179385134431650073e+01,2.175198669638417215e+01,9.980790615081787109e-01,2.942314241957428721e-04,2.214604715548784946e-03
2.160245718284722546e-02,2.142859486211374431e+01,2.142239736302952124e+01,2.138113389040190171e+01,9.980738162994384766e-01,2.892163076534892902e-04,2.214842924477269763e-03
2.178899499381881794e-02,2.106326063945617477e+01,2.105727263559771956e+01,2.101660954114580804e+01,9.980689287185668945e-01,2.842866525251247761e-04,2.214808956167918681e-03
2.197714356391042637e-02,2.070415496771871133e+01,2.069836937788478792e+01,2.065830312112823108e+01,9.980642795562744141e-01,2.794410031679209054e-04,2.214620527230937771e-03
2.216691680207128270e-02,2.035117165688640384e+01,2.034558163920888418e+01,2.030611096712640062e+01,9.980599880218505859e-01,2.746779287092353011e-04,2.214157028386895716e-03
2.235832873735478510e-02,2.000420632736848603e+01,1.999880527122429896e+01,1.995992509995324227e+01,9.980558753013610840e-01,2.699960226263855147e-04,2.213595815329148873e-03
2.255139351995560232e-02,1.966315637913260517e+01,1.965793789732897423e+01,1.961964659736092642e+01,9.980521202087402344e-01,2.653939023324360905e-04,2.212756738173186390e-03
2.274612542225565998e-02,1.932792096136542170e+01,1.932287888258914066e+01,1.928517228503820746e+01,9.980486035346984863e-01,2.608702087699786955e-04,2.211757612868169368e-03
2.294253883987936934e-02,1.899840094265007551e+01,1.899352930417189711e+01,1.895640426468550643e+01,9.980453848838806152e-01,2.564236060121202407e-04,2.210537512675052850e-03
2.314064829275771368e-02,1.867449888165254634e+01,1.866979192227811168e+01,1.863324513726256271e+01,9.980424642562866211e-01,2.520527808678811577e-04,2.209095122253315439e-03
2.334046842620172285e-02,1.835611899830746196e+01,1.835157115156638952e+01,1.831559588465655963e+01,9.980396628379821777e-01,2.477564424970106764e-04,2.207607918353481687e-03
2.354201401198500326e-02,1.804316714549545608e+01,1.803877303306056490e+01,1.800336794814029773e+01,9.980372786521911621e-01,2.435333220303393666e-04,2.205776681789171131e-03
2.374529994943591280e-02,1.773555078120297068e+01,1.773130520653187503e+01,1.769646132055257226e+01,9.980348944664001465e-01,2.393821721959335438e-04,2.204017294564508157e-03
2.395034126653888470e-02,1.743317894115711653e+01,1.742907688334867089e+01,1.739479574230157155e+01,9.980331063270568848e-01,2.353017669520556453e-04,2.201732626338619506e-03
2.415715312104542434e-02,1.713596221192685221e+01,1.713199881978518846e+01,1.709827136530056535e+01,9.980313181877136230e-01,2.312909011263560054e-04,2.199517375222357751e-03
2.436575080159465029e-02,1.684381270448281143e+01,1.683998329078194089e+01,1.680680763591006510e+01,9.980299472808837891e-01,2.273483900620298416e-04,2.196953220864169155e-03
2.457614972884342858e-02,1.655664402820803005e+01,1.655294406415026387e+01,1.652031415904028577e+01,9.980287551879882812e-01,2.234730692682916707e-04,2.194277361151694607e-03
2.478836545660649884e-02,1.627437126535144429e+01,1.627079637521307376e+01,1.623870713523052700e+01,9.980278015136718750e-01,2.196637940773520103e-04,2.191429059803197497e-03
2.500241367300619008e-02,1.599691094591726248e+01,1.599345690187515778e+01,1.596190319097031640e+01,9.980270862579345703e-01,2.159194393081397152e-04,2.188407190944622379e-03
2.521831020163220125e-02,1.572418102298229314e+01,1.572084374011531516e+01,1.568981850111051202e+01,9.980264902114868164e-01,2.122388989353563113e-04,2.185329831903946949e-03
2.543607100271138427e-02,1.545610084843406717e+01,1.545287637989341434e+01,1.542237905603380277e+01,9.980264306068420410e-01,2.086210857623591898e-04,2.181778750730713808e-03
2.565571217428751216e-02,1.519259114912275344e+01,1.518947568146548832e+01,1.515949819716243141e+01,9.980264306068420410e-01,2.050649311026188349e-04,2.178229614388910249e-03
2.587724995341149012e-02,1.493357400341936803e+01,1.493056385209964354e+01,1.490110001805141238e+01,9.980266094207763672e-01,2.015693844645123579e-04,2.174562188563837397e-03
2.610070071734156907e-02,1.467897281817393385e+01,1.467606442318658999e+01,1.464710981400664735e+01,9.980270862579345703e-01,1.981334132414899318e-04,2.170656255173190712e-03
2.632608098475408553e-02,1.442871230606632516e+01,1.442590222773769248e+01,1.439745148520023044e+01,9.980278015136718750e-01,1.947560024085598460e-04,2.166570391243548450e-03
2.655340741696461671e-02,1.418271846334326725e+01,1.418000337826421386e+01,1.415205196536456533e+01,9.980288147926330566e-01,1.914361542232404217e-04,2.162244005474882064e-03
2.678269681915958211e-02,1.394091854793502527e+01,1.393829524503145301e+01,1.391083606858413368e+01,9.980299472808837891e-01,1.881728879307482017e-04,2.157854896537466944e-03
2.701396614163872542e-02,1.370324105794491309e+01,1.370070643468101323e+01,1.367373410310758253e+01,9.980313181877136230e-01,1.849652394774393320e-04,2.153282914060898005e-03
2.724723248106807050e-02,1.346961571050579209e+01,1.346716676921564471e+01,1.344067667869342131e+01,9.980329871177673340e-01,1.818122612241495977e-04,2.148467516396880810e-03
2.748251308174382013e-02,1.323997342099692709e+01,1.323760726534005805e+01,1.321159239200556001e+01,9.980347752571105957e-01,1.787130216678997012e-04,2.143586553305185799e-03
2.771982533686717654e-02,1.301424628261515437e+01,1.301196011415185438e+01,1.298641583324614857e+01,9.980368614196777344e-01,1.756666051689772894e-04,2.138460327601346238e-03
2.795918678983002476e-02,1.279236754629449102e+01,1.279015866117689626e+01,1.276507877666951529e+01,9.980391263961791992e-01,1.726721116791706749e-04,2.133207127314001167e-03
2.820061513551200966e-02,1.257427160096779950e+01,1.257213738674279746e+01,1.254751648742441184e+01,9.980416297912597656e-01,1.697286564764337454e-04,2.127766473672193601e-03
2.844412822158851398e-02,1.235989395416527614e+01,1.235783188668542110e+01,1.233366308657782717e+01,9.980442523956298828e-01,1.668353699070476172e-04,2.122256686402166324e-03
2.868974404985012369e-02,1.214917121294350366e+01,1.214717885338237835e+01,1.212345896288232971e+01,9.980472922325134277e-01,1.639913971253190346e-04,2.116378937336942795e-03
2.893748077753328929e-02,1.194204106513984343e+01,1.194011605710824497e+01,1.191683750743039916e+01,9.980503916740417480e-01,1.611958978451151134e-04,2.110489954938798290e-03
2.918735671866278317e-02,1.173844226094614740e+01,1.173658232770576326e+01,1.171373696593204095e+01,9.980534911155700684e-01,1.584480460897391739e-04,2.104648509990213016e-03
2.943939034540545702e-02,1.153831459479685861e+01,1.153651753656809298e+01,1.151410423574962394e+01,9.980571866035461426e-01,1.557470299497648884e-04,2.098257838987351454e-03
2.969360028943583002e-02,1.134159888756580159e+01,1.133986257892658500e+01,1.131787257241163047e+01,9.980608224868774414e-01,1.530920513438511175e-04,2.091972691803015583e-03
2.995000534331346970e-02,1.114823696906647221e+01,1.114655935643899376e+01,1.112498804870922164e+01,9.980647563934326172e-01,1.504823257823996875e-04,2.085434712390884723e-03
3.020862446187213071e-02,1.095817166085080885e+01,1.095655076007316886e+01,1.093539287955682759e+01,9.980689287185668945e-01,1.479170821379649275e-04,2.078702725141711848e-03
3.046947676362115470e-02,1.077134675930100549e+01,1.076978065328096434e+01,1.074903029996744053e+01,9.980732798576354980e-01,1.453955624155189278e-04,2.071835568221291370e-03
3.073258153215871827e-02,1.058770701900978750e+01,1.058619385545778435e+01,1.056584454649981986e+01,9.980777502059936523e-01,1.429170215313218650e-04,2.064892093322424470e-03
3.099795821759739056e-02,1.040719813644396119e+01,1.040573612568275763e+01,1.038578207951470134e+01,9.980823993682861328e-01,1.404807270925191782e-04,2.057811972875296051e-03
3.126562643800202823e-02,1.022976673388645530e+01,1.022835414673481935e+01,1.020879024026972282e+01,9.980872869491577148e-01,1.380859591799589057e-04,2.050534891205986737e-03
3.153560598083993138e-02,1.005536034365224296e+01,1.005399550938013853e+01,1.003481663773169608e+01,9.980924129486083984e-01,1.357320101378589844e-04,2.043060140904421566e-03
3.180791680444380182e-02,9.883927392573177428e+00,9.882608696926078906e+00,9.863808596887366775e+00,9.980976581573486328e-01,1.334181843635754881e-04,2.035506220020191163e-03
3.208257903948707329e-02,9.715417186747515643e+00,9.714143070037486893e+00,9.695715559934081185e+00,9.981030225753784180e-01,1.311437981033620321e-04,2.027872445900605076e-03
3.235961299047209611e-02,9.549779896549374314e+00,9.548548851810666704e+00,9.530488969159954138e+00,9.981086254119873047e-01,1.289081792505420419e-04,2.020038953608823459e-03
3.263903913723118638e-02,9.386966541893745131e+00,9.385777113100733260e+00,9.368079917499517961e+00,9.981144666671752930e-01,1.267106671472073901e-04,2.012005082785449372e-03
3.292087813644047067e-02,9.226928977752828942e+00,9.225779758098180849e+00,9.208438682876188608e+00,9.981203675270080566e-01,1.245506123889098373e-04,2.003948976005183111e-03
3.320515082314715732e-02,9.069619879919086358e+00,9.068509510150121855e+00,9.051520800348447082e+00,9.981266260147094727e-01,1.224273766338274908e-04,1.995572009661858697e-03
3.349187821230960316e-02,8.914992731011249560e+00,8.913919897822525584e+00,8.897276579837033239e+00,9.981328845024108887e-01,1.203403324146381094e-04,1.987231140704108414e-03
3.378108150035093182e-02,8.763001806718763831e+00,8.761965241199002108e+00,8.745662043521001294e+00,9.981393218040466309e-01,1.182888629518446562e-04,1.978746961397155439e-03
3.407278206672596788e-02,8.613602162280811214e+00,8.612600638412295950e+00,8.596633882208136512e+00,9.981461167335510254e-01,1.162723619742925951e-04,1.969940073036951372e-03
3.436700147550164619e-02,8.466749619195867993e+00,8.465781952404578092e+00,8.450144400697249480e+00,9.981528520584106445e-01,1.142902335384998774e-04,1.961227064158252344e-03
3.466376147695128529e-02,8.322400752157740556e+00,8.321465797912482643e+00,8.306153347258383945e+00,9.981598854064941406e-01,1.123418918532021301e-04,1.952249763404407265e-03
3.496308400916239151e-02,8.180512876214466544e+00,8.179609528673355001e+00,8.164616127394186407e+00,9.981669783592224121e-01,1.104267611066419473e-04,1.943245987241372114e-03
3.526499119965849360e-02,8.041044034146045405e+00,8.040171224848727149e+00,8.025492362478646058e+00,9.981743097305297852e-01,1.085442752970755781e-04,1.934036376540117534e-03
3.556950536703477883e-02,7.903952984057464271e+00,7.903109680661549952e+00,7.888740875098743111e+00,9.981818795204162598e-01,1.066938780652275864e-04,1.924620375324156019e-03
3.587664902260824518e-02,7.769199187183088107e+00,7.768384392243288694e+00,7.754320264587663658e+00,9.981895685195922852e-01,1.048750225304541611e-04,1.915116633895849784e-03
3.618644487208166893e-02,7.636742795899142067e+00,7.635955545687672874e+00,7.622190339379082857e+00,9.981973171234130859e-01,1.030871711290235469e-04,1.905584214237742661e-03
3.649891581722220640e-02,7.506544641940466889e+00,7.505784005307320150e+00,7.492312958490982666e+00,9.982052445411682129e-01,1.013297954556773793e-04,1.895903392083908958e-03
3.681408495755443544e-02,7.378566224818188246e+00,7.377831302089921550e+00,7.364649705496056242e+00,9.982133507728576660e-01,9.960237610861923747e-05,1.886073648742634095e-03
3.713197559206785764e-02,7.252769700434908984e+00,7.252059622350673251e+00,7.239162819276048211e+00,9.982216358184814453e-01,9.790440253371796334e-05,1.876094474369542154e-03
3.745261122093949957e-02,7.129117869893867976e+00,7.128431796577372026e+00,7.115813908182601288e+00,9.982299208641052246e-01,9.623537287736883624e-05,1.866144164546510017e-03
3.777601554727100935e-02,7.007574168499026257e+00,7.006911288465273557e+00,6.994568641788493579e+00,9.982385039329528809e-01,9.459479383500895395e-05,1.855924232524872519e-03
3.810221247884099105e-02,6.888102654942618308e+00,6.887462184138199994e+00,6.875389883200490715e+00,9.982472062110900879e-01,9.298218050782655283e-05,1.845612990829257347e-03
3.843122612987240339e-02,6.770668000677050102e+00,6.770049181552884043e+00,6.758242403300577017e+00,9.982560276985168457e-01,9.139705625858166157e-05,1.835209963807198303e-03
3.876308082281505751e-02,6.655235479468061044e+00,6.654637580083471171e+00,6.643091970211066233e+00,9.982650279998779297e-01,8.983895257116607345e-05,1.824655084626008788e-03
3.909780109014390770e-02,6.541770957125851105e+00,6.541193270282929184e+00,6.529903745707795970e+00,9.982740879058837891e-01,8.830740891236113185e-05,1.814067092203581729e-03
3.943541167617247573e-02,6.430240881411421583e+00,6.429682723818650025e+00,6.418644675443315961e+00,9.982832670211791992e-01,8.680197259562747337e-05,1.803385935607482778e-03
3.977593753888210293e-02,6.320612272114934704e+00,6.320072983579072989e+00,6.309281871949610654e+00,9.982925653457641602e-01,8.532219864852809497e-05,1.792611170805576875e-03
4.011940385176700902e-02,6.212852711303235687e+00,6.212331653948530708e+00,6.201783749010406410e+00,9.983021020889282227e-01,8.386764967999373749e-05,1.781623162044574131e-03
4.046583600569512995e-02,6.106930333733678218e+00,6.106426891247464184e+00,6.096117401181020412e+00,9.983116984367370605e-01,8.243789575150393305e-05,1.770600278986145595e-03
4.081525961078535936e-02,6.002813817431292165e+00,6.002327394335086552e+00,5.992252329333129346e+00,9.983214735984802246e-01,8.103251425075206813e-05,1.759422900556036713e-03
4.116770049830061756e-02,5.900472374426708910e+00,5.900002395371946484e+00,5.890157814062625619e+00,9.983314275741577148e-01,7.965108976687469277e-05,1.748090611997053182e-03
4.152318472255754622e-02,5.799875741651916883e+00,5.799421650739492229e+00,5.789802968661757809e+00,9.983414411544799805e-01,7.829321396725648732e-05,1.736722205584727416e-03
4.188173856285239138e-02,5.700994171991318638e+00,5.700555432114128074e+00,5.691158488006681893e+00,9.983515739440917969e-01,7.695848547715930478e-05,1.725257681012714976e-03
4.224338852540397704e-02,5.603798425485226886e+00,5.603374517692932599e+00,5.594195214926354964e+00,9.983618259429931641e-01,7.564650976138227614e-05,1.713696644618402723e-03
4.260816134531300592e-02,5.508259760683461792e+00,5.507850183568728575e+00,5.498884489349063820e+00,9.983721971511840820e-01,7.435689900768171145e-05,1.702038709451620616e-03
4.297608398853852013e-02,5.414349926146287295e+00,5.413954195251765356e+00,5.405198139829104242e+00,9.983826875686645508e-01,7.308927201231054825e-05,1.690283495159486220e-03
4.334718365389138295e-02,5.322041152090263516e+00,5.321658799335616585e+00,5.313109109608948444e+00,9.983934164047241211e-01,7.184325406742850966e-05,1.678311427149893186e-03
4.372148777504481637e-02,5.231306142176570084e+00,5.230936715304869367e+00,5.222588588264465592e+00,9.984040856361389160e-01,7.061847685079496878e-05,1.666420139670398131e-03
4.409902402256270920e-02,5.142118065439217567e+00,5.141761127482054938e+00,5.133610788628203636e+00,9.984148740768432617e-01,6.941457831582099566e-05,1.654430470625002213e-03
4.447982030594496011e-02,5.054450548351010042e+00,5.054105677111682127e+00,5.046149411600277190e+00,9.984257817268371582e-01,6.823120258648643637e-05,1.642342064943351238e-03
4.486390477569077856e-02,4.968277667024681321e+00,4.967944454578850255e+00,4.960179198687951541e+00,9.984369277954101562e-01,6.706799985086472730e-05,1.630035372314376976e-03
4.525130582537975621e-02,4.883573939547024345e+00,4.883251991760256594e+00,4.875673836429987418e+00,9.984481334686279297e-01,6.592462625796004206e-05,1.617688851409036094e-03
4.564205209377068112e-02,4.800314318443751560e+00,4.800003254505361916e+00,4.792608077372132236e+00,9.984593391418457031e-01,6.480074381681117973e-05,1.605361766001536751e-03
4.603617246691895509e-02,4.718474183272721945e+00,4.718173635245373809e+00,4.710958525015771059e+00,9.984707832336425781e-01,6.369602029689945034e-05,1.592815381632128272e-03
4.643369608031180235e-02,4.638029333343551386e+00,4.637738945728091089e+00,4.630699912284519826e+00,9.984822273254394531e-01,6.261012912804428821e-05,1.580287775745434350e-03
4.683465232102218545e-02,4.558955980561292698e+00,4.558675409876281392e+00,4.551809090243299494e+00,9.984937906265258789e-01,6.154274930655547089e-05,1.567659426514859348e-03
4.723907082988130363e-02,4.481230742392115829e+00,4.480959656767582899e+00,4.474262742188084729e+00,9.985054731369018555e-01,6.049356529858625328e-05,1.554930019138342110e-03
4.764698150366959706e-02,4.404830634948975643e+00,4.404568713733898910e+00,4.398037686423315051e+00,9.985172152519226074e-01,5.946226694815168819e-05,1.542158845283112456e-03
4.805841449732717319e-02,4.329733066195063707e+00,4.329479999578121685e+00,4.323111149919776075e+00,9.985289573669433594e-01,5.844854938468862756e-05,1.529405202133377918e-03
4.847340022618281535e-02,4.255915829263222427e+00,4.255671317906363882e+00,4.249462536494215570e+00,9.985410571098327637e-01,5.745211293355746230e-05,1.516311183749148930e-03
4.889196936820253137e-02,4.183357095889207677e+00,4.183120850573613048e+00,4.177068530836725913e+00,9.985531568527221680e-01,5.647266302625161545e-05,1.503234103218500798e-03
4.931415286625742689e-02,4.112035409956922294e+00,4.111807151240922664e+00,4.105908008133367204e+00,9.985653162002563477e-01,5.550991011578397196e-05,1.490114070690670613e-03
4.973998193041102855e-02,4.041929681153722420e+00,4.041709139042289678e+00,4.035959708963283710e+00,9.985774755477905273e-01,5.456356958931332955e-05,1.477010403786799741e-03
5.016948804022674374e-02,3.973019178733819157e+00,3.972806092359229435e+00,3.967203222076620683e+00,9.985896944999694824e-01,5.363336168380418293e-05,1.463863222289299090e-03
5.060270294709484640e-02,3.905283525388085319e+00,3.905077642701368479e+00,3.899618937223854775e+00,9.986021518707275391e-01,5.271901140554990668e-05,1.450493447506510762e-03
5.103965867657977301e-02,3.838702691218332408e+00,3.838503768691161611e+00,3.833186627421454773e+00,9.986147880554199219e-01,5.182024844639973983e-05,1.436960410999409566e-03
5.148038753078743035e-02,3.773256987814362695e+00,3.773064790151015035e+00,3.767885523095194866e+00,9.986273050308227539e-01,5.093680710546805916e-05,1.423561855583872901e-03
5.192492209075347254e-02,3.708927062431919275e+00,3.708741362290974397e+00,3.703697477080019507e+00,9.986400008201599121e-01,5.006842621033247813e-05,1.409999513031880104e-03
5.237329521885162459e-02,3.645693892269985970e+00,3.645514469995433604e+00,3.640602638700286331e+00,9.986526370048522949e-01,4.921484903951945636e-05,1.396511533920796917e-03
5.282554006122310714e-02,3.583538778845601236e+00,3.583365422207037021e+00,3.578582608306358548e+00,9.986652731895446777e-01,4.837582324700275747e-05,1.383038065194111023e-03
5.328169005022704435e-02,3.522443342464580240e+00,3.522275846406184296e+00,3.517620338192303020e+00,9.986782670021057129e-01,4.755110078754324108e-05,1.369221248822887968e-03
5.374177890691173021e-02,3.462389516786546384e+00,3.462227683184546212e+00,3.457696323782165848e+00,9.986912012100219727e-01,4.674043784373812306e-05,1.355478053993272765e-03
5.420584064350780773e-02,3.403359543482541660e+00,3.403203180910875592e+00,3.398793496136606418e+00,9.987042546272277832e-01,4.594359475345597473e-05,1.341629436325426309e-03
5.467390956594240375e-02,3.345335966983800535e+00,3.345184890487701512e+00,3.340894248127347588e+00,9.987173676490783691e-01,4.516033593936322920e-05,1.327734762753189288e-03
5.514602027637527382e-02,3.288301629320007358e+00,3.288155660197241925e+00,3.283980891050926942e+00,9.987303614616394043e-01,4.439042983888849547e-05,1.313972608399037586e-03
5.562220767575681846e-02,3.232239665045562926e+00,3.232098630635060754e+00,3.228038186826153844e+00,9.987437129020690918e-01,4.363364883717063748e-05,1.299865930377986766e-03
5.610250696640794316e-02,3.177133496252380951e+00,3.176997229730017747e+00,3.173048426589403892e+00,9.987570643424987793e-01,4.288976919727759780e-05,1.285772117474963915e-03
5.658695365462273336e-02,3.122966827667646328e+00,3.122835167848920790e+00,3.118995006743056297e+00,9.987702965736389160e-01,4.215857099701142435e-05,1.271810154818820695e-03
5.707558355329303557e-02,3.069723641835219397e+00,3.069596432984607048e+00,3.065863089191748436e+00,9.987837672233581543e-01,4.143983806187090483e-05,1.257622214214354278e-03
5.756843278455600621e-02,3.017388194379155841e+00,3.017265286025905269e+00,3.013636053769969347e+00,9.987971782684326172e-01,4.073335790188628699e-05,1.243506094501214054e-03
5.806553778246448944e-02,2.965945009347984218e+00,2.965826256108139436e+00,2.962299024218884025e+00,9.988107085227966309e-01,4.003892164908619039e-05,1.229282780904189781e-03
5.856693529568023082e-02,2.915378874638378193e+00,2.915264136042817977e+00,2.911836655280607644e+00,9.988242983818054199e-01,3.935632399560673851e-05,1.215011670896436495e-03
5.907266239019082904e-02,2.865674837496801963e+00,2.865563977825094533e+00,2.862233872229764664e+00,9.988378882408142090e-01,3.868536313222044657e-05,1.200752165602647289e-03
5.958275645204966220e-02,2.816818200097900959e+00,2.816711088217771053e+00,2.813476705402736755e+00,9.988517165184020996e-01,3.802584069010335688e-05,1.186265657843331173e-03
6.009725519013969092e-02,2.768794515198249595e+00,2.768691024410474988e+00,2.765549573389001647e+00,9.988653659820556641e-01,3.737756168127813982e-05,1.171969169772645730e-03
6.061619663896118670e-02,2.721589581864192642e+00,2.721489589752742244e+00,2.718439166384806871e+00,9.988791346549987793e-01,3.674033444157534913e-05,1.157564498475132948e-03
6.113961916144318443e-02,2.675189441272557644e+00,2.675092829559797991e+00,2.672131402638703523e+00,9.988929629325866699e-01,3.611397057312554302e-05,1.143111058482440068e-03
6.166756145177985926e-02,2.629580372582898118e+00,2.629487026989691500e+00,2.626612762118334832e+00,9.989069104194641113e-01,3.549828488981644742e-05,1.128549062620344632e-03
6.220006253829074572e-02,2.584748888880172846e+00,2.584658698990707659e+00,2.581869330933222795e+00,9.989207983016967773e-01,3.489309536148430647e-05,1.114057136976893047e-03
6.273716178630604767e-02,2.540681733186559210e+00,2.540594592317745981e+00,2.537888213228753909e+00,9.989347457885742188e-01,3.429822306154648386e-05,1.099515898160777867e-03
6.327889890107651905e-02,2.497365874541292552e+00,2.497281679616580874e+00,2.494656419443296080e+00,9.989487528800964355e-01,3.371349211182066808e-05,1.084925170803871519e-03
6.382531393070897674e-02,2.454788504147298323e+00,2.454707155574753052e+00,2.452161327678932690e+00,9.989628791809082031e-01,3.313872963305549872e-05,1.070225179858504995e-03
6.437644726912672422e-02,2.412937031583552550e+00,2.412858433138055148e+00,2.410389948369999313e+00,9.989769458770751953e-01,3.257376569243489997e-05,1.055594563891974758e-03
6.493233965905567673e-02,2.371799081082011540e+00,2.371723139791442669e+00,2.369330383695073206e+00,9.989911317825317383e-01,3.201843325372494688e-05,1.040854348342237345e-03
6.549303219503639639e-02,2.331362487868001487e+00,2.331289113903271648e+00,2.328969943946167742e+00,9.990051984786987305e-01,3.147256812772119785e-05,1.026242780470270569e-03
6.605856632646170401e-02,2.291615294563035032e+00,2.291544401131831776e+00,2.289297276907680256e+00,9.990193843841552734e-01,3.093600892412181404e-05,1.011521288435446352e-03
6.662898386064128320e-02,2.252545747648899255e+00,2.252477250893026639e+00,2.250300524213896480e+00,9.990336298942565918e-01,3.040859700368323196e-05,9.967493167880087015e-04
6.720432696589202781e-02,2.214142293992080734e+00,2.214076112888271552e+00,2.211968168533787082e+00,9.990479350090026855e-01,2.989017643028622342e-05,9.819267100371047857e-04
6.778463817465538166e-02,2.176393577427422343e+00,2.176329633691498344e+00,2.174288499644816408e+00,9.990621209144592285e-01,2.938059392712554221e-05,9.672321240233648729e-04
6.836996038664165665e-02,2.139288435400017452e+00,2.139226653394294075e+00,2.137251301863123398e+00,9.990766048431396484e-01,2.887969882930913030e-05,9.522481883155404017e-04
6.896033687200116280e-02,2.102815895664386314e+00,2.102756202308205591e+00,2.100844732917729552e+00,9.990909695625305176e-01,2.838734304025374264e-05,9.373919755509420955e-04
6.955581127452331591e-02,2.066965173039883030e+00,2.066907497723171172e+00,2.065058306442518532e+00,9.991053342819213867e-01,2.790338098780600109e-05,9.225441348680646012e-04
7.015642761486283463e-02,2.031725666221454674e+00,2.031669940721201773e+00,2.029881338546415837e+00,9.991196393966674805e-01,2.742766958126675828e-05,9.077641266740823882e-04
7.076223029379392904e-02,1.997086954644768486e+00,1.997033113044331953e+00,1.995303809620789792e+00,9.991340637207031250e-01,2.696006816894450797e-05,8.928730017646479720e-04
7.137326409549286932e-02,1.963038795404763226e+00,1.962986774015899050e+00,1.961315267309804877e+00,9.991484880447387695e-01,2.650043849665736394e-05,8.779898283176674123e-04
7.198957419084821285e-02,1.929571120226779790e+00,1.929520857514309684e+00,1.927906024495508630e+00,9.991630911827087402e-01,2.604864466679971172e-05,8.629356616176260325e-04
7.261120614080067426e-02,1.896674032489268580e+00,1.896625468998292652e+00,1.895065297865153209e+00,9.991773962974548340e-01,2.560455309876913084e-05,8.481871932437464465e-04
7.323820589971080652e-02,1.864337804297314660e+00,1.864290882582887221e+00,1.862784423376832033e+00,9.991919398307800293e-01,2.516803248814900533e-05,8.332078644235349019e-04
7.387061981875646388e-02,1.832552873606018595e+00,1.832507538165198735e+00,1.831053522174223014e+00,9.992065429687500000e-01,2.473895376925805634e-05,8.181763557223984719e-04
7.450849464935890842e-02,1.801309841392954247e+00,1.801266038599153907e+00,1.799862900804513055e+00,9.992210268974304199e-01,2.431719007678752876e-05,8.032713502093965716e-04
7.515187754663948949e-02,1.770599468878785165e+00,1.770557146918338542e+00,1.769203680681197266e+00,9.992355704307556152e-01,2.390261670722341447e-05,7.883139140845719364e-04
7.580081607290520274e-02,1.740412674795315917e+00,1.740371783606190936e+00,1.739066599374115007e+00,9.992500543594360352e-01,2.349511108323195597e-05,7.734231315910274334e-04
7.645535820116490522e-02,1.710740532700087524e+00,1.710701023912670093e+00,1.709443072740556069e+00,9.992646574974060059e-01,2.309455271692964146e-05,7.584200729047171951e-04
7.711555231867575633e-02,1.681574268336770039e+00,1.681536095216649818e+00,1.680323945505067806e+00,9.992791414260864258e-01,2.270082317445215887e-05,7.435430330049687050e-04
7.778144723051999554e-02,1.652905257040563347e+00,1.652868374433254850e+00,1.651701027158912094e+00,9.992937445640563965e-01,2.231380604024057982e-05,7.285534827370330211e-04
7.845309216321330603e-02,1.624725021187807483e+00,1.624689385465338365e+00,1.623565568479354182e+00,9.993082880973815918e-01,2.193338688356368676e-05,7.136301179172129232e-04
7.913053676834361227e-02,1.597025227689103488e+00,1.596990796698408488e+00,1.595909555420970349e+00,9.993229508399963379e-01,2.155945322468192055e-05,6.985940164185867321e-04
7.981383112624165777e-02,1.569797685525158082e+00,1.569764418538219131e+00,1.568724347213127368e+00,9.993374347686767578e-01,2.119189450061022061e-05,6.837430848113657238e-04
8.050302574968332125e-02,1.543034343324638735e+00,1.543002200990309047e+00,1.542002486024204755e+00,9.993520975112915039e-01,2.083060203341527923e-05,6.687195945430024144e-04
8.119817158762343556e-02,1.516727286983342360e+00,1.516696231280800333e+00,1.515735527737982480e+00,9.993665814399719238e-01,2.047546899732653286e-05,6.538810594832873647e-04
8.189932002896266328e-02,1.490868737323922000e+00,1.490838731517696969e+00,1.489916266379745391e+00,9.993812441825866699e-01,2.012639038825818198e-05,6.388697544803804322e-04
8.260652290634620809e-02,1.465451047795539585e+00,1.465422056392059691e+00,1.464536455692291739e+00,9.993956685066223145e-01,1.978326299162690949e-05,6.241028007204037957e-04
8.331983249999556917e-02,1.440466702212728656e+00,1.440438690918336651e+00,1.439589309234912129e+00,9.994103312492370605e-01,1.944598535250869416e-05,6.091032694256288873e-04
8.403930154157346344e-02,1.415908312532802693e+00,1.415881248213191501e+00,1.415067107988644546e+00,9.994249939918518066e-01,1.911445774534565979e-05,5.941094749654977046e-04
8.476498321808172143e-02,1.391768616671171133e+00,1.391742467312190534e+00,1.390962199021698265e+00,9.994393587112426758e-01,1.878858214459692912e-05,5.794193372470604272e-04
8.549693117579365564e-02,1.368040476353873602e+00,1.368015211023662081e+00,1.367268059447464434e+00,9.994538426399230957e-01,1.846826219561788855e-05,5.646155356951335167e-04
8.623519952421952739e-02,1.344716875006756629e+00,1.344692463819152861e+00,1.343977767012491054e+00,9.994685053825378418e-01,1.815340318655936873e-05,5.496383722126352506e-04
8.697984284010670808e-02,1.321790915680619127e+00,1.321767329759810927e+00,1.321083961922242533e+00,9.994829893112182617e-01,1.784391201996965879e-05,5.348453753085206366e-04
8.773091617147438237e-02,1.299255819011735813e+00,1.299233030458104343e+00,1.298580131092691659e+00,9.994974732398986816e-01,1.753969718511914474e-05,5.200576431192040347e-04
8.848847504168258493e-02,1.277104921217164346e+00,1.277082903074281628e+00,1.276459631918306137e+00,9.995119571685791016e-01,1.724066873200478026e-05,5.052750859680396698e-04
8.925257545353740274e-02,1.255331672124199827e+00,1.255310398346943801e+00,1.254715860109773429e+00,9.995263814926147461e-01,1.694673824331013838e-05,4.905572193397752644e-04
9.002327389343058039e-02,1.233929633233458167e+00,1.233909078657204228e+00,1.233342621878927181e+00,9.995409250259399414e-01,1.665781880938952328e-05,4.757251456817265323e-04
9.080062733551551302e-02,1.212892475814958626e+00,1.212872616125813652e+00,1.212333311528656532e+00,9.995553493499755859e-01,1.637382500178367255e-05,4.610171943942385341e-04
9.158469324591865524e-02,1.192213979036689242e+00,1.192194790742731270e+00,1.191681877158047076e+00,9.995697736740112305e-01,1.609467284847352700e-05,4.463140744852741866e-04
9.237552958698838634e-02,1.171888028125044334e+00,1.171869488528534564e+00,1.171382153000312121e+00,9.995841383934020996e-01,1.582027980901249531e-05,4.316753073598555198e-04
9.317319482157940258e-02,1.151908612556657552e+00,1.151890699727192047e+00,1.151428219196848790e+00,9.995985031127929688e-01,1.555056474987857789e-05,4.170412084536204611e-04
9.397774791737478761e-02,1.132269824281044723e+00,1.132252517029613159e+00,1.131814118170671124e+00,9.996128082275390625e-01,1.528544792099688026e-05,4.024713019822445518e-04
9.478924835124527548e-02,1.112965855973550244e+00,1.112949133827472847e+00,1.112534262618628755e+00,9.996272325515747070e-01,1.502485093109125415e-05,3.877866985811160671e-04
9.560775611364571991e-02,1.093990999318091628e+00,1.093974842496801436e+00,1.093582693721773635e+00,9.996415376663208008e-01,1.476869672626448596e-05,3.732257363840273015e-04
9.643333171305049079e-02,1.075339643319156435e+00,1.075324032710802458e+00,1.074953823993638702e+00,9.996557235717773438e-01,1.451690956523619487e-05,3.587883399582096080e-04
9.726603618042621580e-02,1.057006272642600830e+00,1.056991189781440577e+00,1.056642476011799614e+00,9.996700882911682129e-01,1.426941499840435627e-05,3.441764161831277480e-04
9.810593107374357413e-02,1.038985465984727297e+00,1.038970893029284692e+00,1.038642615399435476e+00,9.996840357780456543e-01,1.402613984478837037e-05,3.299859300407773349e-04
9.895307848252811456e-02,1.021271894469164332e+00,1.021257814181124379e+00,1.020949681588959823e+00,9.996982812881469727e-01,1.378701217198509814e-05,3.155015642254487386e-04
9.980754103244984798e-02,1.003860320071088941e+00,1.003846715794908251e+00,1.003558196599377617e+00,9.997125864028930664e-01,1.355196127258663567e-05,3.009616633616209853e-04
1.006693818899534743e-01,9.867455940682956506e-01,9.867324497114997595e-01,9.864627294543142355e-01,9.997266530990600586e-01,1.332091764575068143e-05,2.866641773541449929e-04
1.015386647669275638e-01,9.699226555186908350e-01,9.699099555328398736e-01,9.696583614586812283e-01,9.997406005859375000e-01,1.309381297436514124e-05,2.724898305094942377e-04
1.024154539254145957e-01,9.533865297637366121e-01,9.533742591260324639e-01,9.531404788789376026e-01,9.997547864913940430e-01,1.287058010688383029e-05,2.580809326726952557e-04
1.032998141823615601e-01,9.371323269574092230e-01,9.371204711529259601e-01,9.369037470296820436e-01,9.997687339782714844e-01,1.265115303593797135e-05,2.439142489826496792e-04
1.041918109144115701e-01,9.211552406202376808e-01,9.211437856247520761e-01,9.209436040068729179e-01,9.997826814651489258e-01,1.243546687949334716e-05,2.297512992731415228e-04
1.050915100627370230e-01,9.054505462179928132e-01,9.054394784813951658e-01,9.052552843373812275e-01,9.997965693473815918e-01,1.222345786180889473e-05,2.156516238542035928e-04
1.059989781379135632e-01,8.900135997646223540e-01,8.900029061948885323e-01,8.898342656267040907e-01,9.998105168342590332e-01,1.201506329414496249e-05,2.014959523828523450e-04
1.069142822248380642e-01,8.748398364489725632e-01,8.748295043966778373e-01,8.746758363179300000e-01,9.998243451118469238e-01,1.181022155628430393e-05,1.874630351862456991e-04
1.078374899876871768e-01,8.599247692849547597e-01,8.599147865283104375e-01,8.597756294330316518e-01,9.998381733894348145e-01,1.160887207915072949e-05,1.734336040199433197e-04
1.087686696749195353e-01,8.452639877847105687e-01,8.452543425151076706e-01,8.451290447571342401e-01,9.998517632484436035e-01,1.141095532553883083e-05,1.596460153590486099e-04
1.097078901243210836e-01,8.308531566544001823e-01,8.308438374624407263e-01,8.307322640544448911e-01,9.998657107353210449e-01,1.121641277380661629e-05,1.455041712088932216e-04
1.106552207680939620e-01,8.166880145122253909e-01,8.166790103742271878e-01,8.165803403473270716e-01,9.998791813850402832e-01,1.102518689903990535e-05,1.318424698109824512e-04
1.116107316379892633e-01,8.027643726283103520e-01,8.027556728932659924e-01,8.026696900970625714e-01,9.998928904533386230e-01,1.083722115852754320e-05,1.179456070500275517e-04
1.125744933704841688e-01,7.890781136860656186e-01,7.890697080630452165e-01,7.889959145104110672e-01,9.999064803123474121e-01,1.065245997146782628e-05,1.041711514092942981e-04
1.135465772120038269e-01,7.756251905646678324e-01,7.756170691106447634e-01,7.755549817104577803e-01,9.999199509620666504e-01,1.047084870613396594e-05,9.051904845810755413e-05
1.145270550241884039e-01,7.624016251422971457e-01,7.623937782503870109e-01,7.623429738592363281e-01,9.999333620071411133e-01,1.029233366163183294e-05,7.692964066002720756e-05
1.155159992892046128e-01,7.494035071197910902e-01,7.493959255078876946e-01,7.493559481151349511e-01,9.999466538429260254e-01,1.011686205277347201e-05,6.346247943104023380e-05
1.165134831151053846e-01,7.366269928643224274e-01,7.366196675641183411e-01,7.365902505751931173e-01,9.999600648880004883e-01,9.944381993934768021e-06,4.987909686344819905e-05
1.175195802412334345e-01,7.240683042728243146e-01,7.240612266192024693e-01,7.240420215707698004e-01,9.999734759330749512e-01,9.774842483891547115e-06,3.629865014034789955e-05
1.185343650436727764e-01,7.117237276547754288e-01,7.117168892755588727e-01,7.117073444082765432e-01,9.999865889549255371e-01,9.608193391401222597e-06,2.301910960994730978e-05
1.195579125407468940e-01,6.995896126340367394e-01,6.995830054400854481e-01,6.995829220432924211e-01,9.999998807907104492e-01,9.444385439649997797e-06,9.563593603294590425e-06
1.205902983985645965e-01,6.876623710694094171e-01,6.876559872450520583e-01,6.876648405430750843e-01,1.000012874603271484e+00,9.283370191437294202e-06,3.591113560317132388e-06
1.216315989366135858e-01,6.759384759935976872e-01,6.759323079873862383e-01,6.759498738628141323e-01,1.000025987625122070e+00,9.125100035742430638e-06,1.686228794668155956e-05
1.226818911334024709e-01,6.644144605702597683e-01,6.644085010860367735e-01,6.644344006846180095e-01,1.000038981437683105e+00,8.969528173543812806e-06,3.001155986449599881e-05
1.237412526321516187e-01,6.530869170688379244e-01,6.530811590571065084e-01,6.531151031137781837e-01,1.000051975250244141e+00,8.816608602816451747e-06,4.315818339580735242e-05
1.248097617465319942e-01,6.419524958568803008e-01,6.419469325064650622e-01,6.419885626710029047e-01,1.000064849853515625e+00,8.666296106244761601e-06,5.618299540133702460e-05
1.258874974664560276e-01,6.310079044095144862e-01,6.310025291395042757e-01,6.310514982469497269e-01,1.000077605247497559e+00,8.518546237928065795e-06,6.908604017573283967e-05
1.269745394639159308e-01,6.202499063358374309e-01,6.202447127878017996e-01,6.203007584979235434e-01,1.000090360641479492e+00,8.373315308199742220e-06,8.198656955310892371e-05
1.280709680988737775e-01,6.096753204218884337e-01,6.096703024523553172e-01,6.097330965585191498e-01,1.000102996826171875e+00,8.230560373747995056e-06,9.476541807651930470e-05
1.291768644252021259e-01,5.992810196899430730e-01,5.992761713631324927e-01,5.993454674711664598e-01,1.000115633010864258e+00,8.090239222141181160e-06,1.075418361434688543e-04
1.302923101966759478e-01,5.890639304738440885e-01,5.890592460546459908e-01,5.891348042102726446e-01,1.000128269195556641e+00,7.952310361847388564e-06,1.203158651583795643e-04
1.314173878730162948e-01,5.790210315100972061e-01,5.790165054572883330e-01,5.790979539498677386e-01,1.000140666961669922e+00,7.816733007208832623e-06,1.328491291066189654e-04
1.325521806259861435e-01,5.691493530444635685e-01,5.691449800041518126e-01,5.692320960255853324e-01,1.000153064727783203e+00,7.683467069520254493e-06,1.453800846459010407e-04
1.336967723455390056e-01,5.594459759537809829e-01,5.594417507530732303e-01,5.595343173803426495e-01,1.000165462493896484e+00,7.552473141931458398e-06,1.579087711035123210e-04
1.348512476460206888e-01,5.499080308827588581e-01,5.499039485236413283e-01,5.500016890292470650e-01,1.000177741050720215e+00,7.423712490571389746e-06,1.703160187310939061e-04
1.360156918724233222e-01,5.405326973954988068e-01,5.405287530489253367e-01,5.406313996743973282e-01,1.000189900398254395e+00,7.297147041197544863e-06,1.826018654821590396e-04
1.371901911066962521e-01,5.313172031414580276e-01,5.313133921416377525e-01,5.314206858530959865e-01,1.000201940536499023e+00,7.172739368765489544e-06,1.947663486634886769e-04
1.383748321741085918e-01,5.222588230356554062e-01,5.222551408745333967e-01,5.223669556396304259e-01,1.000214099884033203e+00,7.050452686671199266e-06,2.070479218455200559e-04
1.395697026496679483e-01,5.133548784528436659e-01,5.133513207747684159e-01,5.134673488576385614e-01,1.000226020812988281e+00,6.930250835391226744e-06,2.190889957720093778e-04
1.407748908645946040e-01,5.046027364354207512e-01,5.045992990319922988e-01,5.047193041152634452e-01,1.000237822532653809e+00,6.812098271076766325e-06,2.310088143123107730e-04
1.419904859128512664e-01,4.959998089148466849e-01,4.959964877199379285e-01,4.961203595997269455e-01,1.000249743461608887e+00,6.695960056965583550e-06,2.430458292796576947e-04
1.432165776577295768e-01,4.875435519463329204e-01,4.875403430312802433e-01,4.876677406200011222e-01,1.000261306762695312e+00,6.581801851068865757e-06,2.547232409749357459e-04
1.444532567384930188e-01,4.792314649565820872e-01,4.792283645255379643e-01,4.793591887284049391e-01,1.000272989273071289e+00,6.469589897240654714e-06,2.665179170454167325e-04
1.457006145770780581e-01,4.710610900043473714e-01,4.710580943897904604e-01,4.711921913376276860e-01,1.000284671783447266e+00,6.359291014427345117e-06,2.783106821221525279e-04
1.469587433848510982e-01,4.630300110536118008e-01,4.630271167120082465e-01,4.631642263919352187e-01,1.000296115875244141e+00,6.250872588081907060e-06,2.898631516735053113e-04
1.482277361694271378e-01,4.551358532591371353e-01,4.551330567667495330e-01,4.552730374746880027e-01,1.000307559967041016e+00,6.144302558405677903e-06,3.014137747411427086e-04
1.495076867415441879e-01,4.473762822642141646e-01,4.473735803130509114e-01,4.475162409699009469e-01,1.000318884849548340e+00,6.039549413702219895e-06,3.128433742138451729e-04
1.507986897219985578e-01,4.397490035103750472e-01,4.397463929042779163e-01,4.398916014428512766e-01,1.000330209732055664e+00,5.936582178222803955e-06,3.242711895602171318e-04
1.521008405486397597e-01,4.322517615588767348e-01,4.322492392097400105e-01,4.323967642307992021e-01,1.000341296195983887e+00,5.835370404570961898e-06,3.354588339895442665e-04
1.534142354834257260e-01,4.248823394237523088e-01,4.248799023478695425e-01,4.250296226580020931e-01,1.000352382659912109e+00,5.735884165182307380e-06,3.466447545208340059e-04
1.547389716195390341e-01,4.176385579162330552e-01,4.176362032307681105e-01,4.177879513095253405e-01,1.000363349914550781e+00,5.638094041635538295e-06,3.577097719081999568e-04
1.560751468885645810e-01,4.105182750003470438e-01,4.105159999199235465e-01,4.106696141695998503e-01,1.000374197959899902e+00,5.541971118083108431e-06,3.686539149875327714e-04
1.574228600677291812e-01,4.035193851595046954e-01,4.035171869929117250e-01,4.036725596738126587e-01,1.000385046005249023e+00,5.447486970425354427e-06,3.795964207454762766e-04
1.587822107872040589e-01,3.966398187738812142e-01,3.966376949208894054e-01,3.967947214245515219e-01,1.000395894050598145e+00,5.354613660257891408e-06,3.905373170781311579e-04
1.601532995374686519e-01,3.898775415084227980e-01,3.898754894567088014e-01,3.900339288001085647e-01,1.000406384468078613e+00,5.263323724822070198e-06,4.011190054208037996e-04
1.615362276767415284e-01,3.832305537112690175e-01,3.832285710334434881e-01,3.833883750845417104e-01,1.000416994094848633e+00,5.173590170013392889e-06,4.118183473220605366e-04
1.629310974384718669e-01,3.766968898224496431e-01,3.766949741731859813e-01,3.768559605349769970e-01,1.000427365303039551e+00,5.085386461684740969e-06,4.222777432601829833e-04
1.643380119388974936e-01,3.702746177926525273e-01,3.702727669059127091e-01,3.704348488151017471e-01,1.000437736511230469e+00,4.998686517731043009e-06,4.327356366051168845e-04
1.657570751846677848e-01,3.639618385119041122e-01,3.639600501982579450e-01,3.641231435063128075e-01,1.000448107719421387e+00,4.913464701351295280e-06,4.431920529586495859e-04
1.671883920805324053e-01,3.577566852479888149e-01,3.577549573920241754e-01,3.579188525580943581e-01,1.000458121299743652e+00,4.829695812509314298e-06,4.532893913446578546e-04
1.686320684370963829e-01,3.516573230944441408e-01,3.516556536522646992e-01,3.518203597707529884e-01,1.000468373298645020e+00,4.747355080654155248e-06,4.636237200300276557e-04
1.700882109786422958e-01,3.456619484279654930e-01,3.456603354247729243e-01,3.458256947938195824e-01,1.000478386878967285e+00,4.666418157695721970e-06,4.737182284564176631e-04
1.715569273510197112e-01,3.397687883750635796e-01,3.397672299028217102e-01,3.399330913671376186e-01,1.000488162040710449e+00,4.586861110235265766e-06,4.835729404687651861e-04
1.730383261296035147e-01,3.339761002878107177e-01,3.339745945029881646e-01,3.341408928782655385e-01,1.000497937202453613e+00,4.508660413890080853e-06,4.934262970098982721e-04
1.745325168273188787e-01,3.282821712285342031e-01,3.282807163499240621e-01,3.284473493944313205e-01,1.000507593154907227e+00,4.431792944150214828e-06,5.031591124153018783e-04
1.760396099027390637e-01,3.226853174632807741e-01,3.226839117698932502e-01,3.228507812682960831e-01,1.000517129898071289e+00,4.356235971857940236e-06,5.127714093596389333e-04
1.775597167682498867e-01,3.171838839639296026e-01,3.171825257929565822e-01,3.173495752484745136e-01,1.000526666641235352e+00,4.281967154342654374e-06,5.223824189117803191e-04
1.790929497982861329e-01,3.117762439187886092e-01,3.117749316636366785e-01,3.119420692706975085e-01,1.000536084175109863e+00,4.208964529935419388e-06,5.318729542206345482e-04
1.806394223376388830e-01,3.064607982515346052e-01,3.064595303599242371e-01,3.066266680246472198e-01,1.000545382499694824e+00,4.137206512551923995e-06,5.412430368221950953e-04
1.821992487098346991e-01,3.012359751483553172e-01,3.012347501204850064e-01,3.014018033500029947e-01,1.000554561614990234e+00,4.066671883089146968e-06,5.504926878869930004e-04
1.837725442255868369e-01,2.961002295931536299e-01,2.960990459799258123e-01,2.962659690723434269e-01,1.000563740730285645e+00,3.997339784044995386e-06,5.597411370383794434e-04
1.853594251913197599e-01,2.910520429106756013e-01,2.910508993119823584e-01,2.912176134523014603e-01,1.000572800636291504e+00,3.929189713998495844e-06,5.688691959350821283e-04
1.869600089177674840e-01,2.860899223174262485e-01,2.860888173804931878e-01,2.862551788615854131e-01,1.000581502914428711e+00,3.862201520802682788e-06,5.776384670264863869e-04
1.885744137286443078e-01,2.812124004802483146e-01,2.812113328980342941e-01,2.813773388099223283e-01,1.000590324401855469e+00,3.796355396125085766e-06,5.865258053781968175e-04
1.902027589693942033e-01,2.764180350824144150e-01,2.764170035920654467e-01,2.765825847520207437e-01,1.000599026679992676e+00,3.731631869319895407e-06,5.952928127763730927e-04
1.918451650160118704e-01,2.717054083971291445e-01,2.717044117784845891e-01,2.718695020278841246e-01,1.000607609748840332e+00,3.668011801585796342e-06,6.039395083190176889e-04
1.935017532839421461e-01,2.670731268682958737e-01,2.670721639424452620e-01,2.672366682167051644e-01,1.000615954399108887e+00,3.605476379832464837e-06,6.123467019201047712e-04
1.951726462370554360e-01,2.625198206984330485e-01,2.625188903263212525e-01,2.626828119146860097e-01,1.000624418258666992e+00,3.544007112760731131e-06,6.208720386114985074e-04
1.968579673967011390e-01,2.580441434436154258e-01,2.580432445246954587e-01,2.582064939575802187e-01,1.000632643699645996e+00,3.483585823615073732e-06,6.291579099537584823e-04
1.985578413508388707e-01,2.536447716153213960e-01,2.536439030862523980e-01,2.538064253997385777e-01,1.000640749931335449e+00,3.424194646185140680e-06,6.373235426368118644e-04
2.002723937632486517e-01,2.493204042890683758e-01,2.493195651224582032e-01,2.494813376588506104e-01,1.000648856163024902e+00,3.365816017206640044e-06,6.454881630772762351e-04
2.020017513828207545e-01,2.450697627197204465e-01,2.450689519229097557e-01,2.452298945794438578e-01,1.000656723976135254e+00,3.308432675221648195e-06,6.534133707329279044e-04
2.037460420529259852e-01,2.408915899633536917e-01,2.408908065772421281e-01,2.410509293458200364e-01,1.000664710998535156e+00,3.252027651454181170e-06,6.614568092251981802e-04
2.055053947208648757e-01,2.367846505055732909e-01,2.367838936034848685e-01,2.369430929795820207e-01,1.000672340393066406e+00,3.196584266785354037e-06,6.691416596068607177e-04
2.072799394474028056e-01,2.327477298961571350e-01,2.327469985827441135e-01,2.329052595099344036e-01,1.000679969787597656e+00,3.142086126244306559e-06,6.768255649477316477e-04
2.090698074163828968e-01,2.287796343899388962e-01,2.287789278001224891e-01,2.289362087311927474e-01,1.000687479972839355e+00,3.088517115132769544e-06,6.843893324306181717e-04
2.108751309444244493e-01,2.248791905938082036e-01,2.248785078917554525e-01,2.250347426262898631e-01,1.000694751739501953e+00,3.035861392725564765e-06,6.917137689392877271e-04
2.126960434907043118e-01,2.210452451197302826e-01,2.210445854978653479e-01,2.211997903433632340e-01,1.000702142715454102e+00,2.984103388323668602e-06,6.991565167992698678e-04
2.145326796668231006e-01,2.172766642436811391e-01,2.172760269217298423e-01,2.174301138792032739e-01,1.000709176063537598e+00,2.933227797449797859e-06,7.062407555651596062e-04
2.163851752467562117e-01,2.135723335703975934e-01,2.135717177944646272e-01,2.137247053285378506e-01,1.000716328620910645e+00,2.883219575643968815e-06,7.134433360022850428e-04
2.182536671768910697e-01,2.099311577038430743e-01,2.099305627455200218e-01,2.100823684793931834e-01,1.000723123550415039e+00,2.834063935815474023e-06,7.202874371008195255e-04
2.201382935861513901e-01,2.063520599232903929e-01,2.063514850787943056e-01,2.065021294401260810e-01,1.000730037689208984e+00,2.785746341960676958e-06,7.272499091672508320e-04
2.220391937962065410e-01,2.028339818649316506e-01,2.028334264542723531e-01,2.029828565594206102e-01,1.000736713409423828e+00,2.738252506758905082e-06,7.339731396097926540e-04
2.239565083317737459e-01,1.993758832089074229e-01,1.993753465750831844e-01,1.995235362730516382e-01,1.000743269920349121e+00,2.691568386313959196e-06,7.405763514010539313e-04
2.258903789310045263e-01,1.959767413716807793e-01,1.959762228799012684e-01,1.961231710317179466e-01,1.000749826431274414e+00,2.645680175524306734e-06,7.471787672979789867e-04
2.278409485559632075e-01,1.926355512036511397e-01,1.926350502405863863e-01,1.927807101788831801e-01,1.000756144523620605e+00,2.600574305330773564e-06,7.535419829052253512e-04
2.298083614031955491e-01,1.893513246919247828e-01,1.893508406649796749e-01,1.894951910299094155e-01,1.000762343406677246e+00,2.556237437976021605e-06,7.597852205085112078e-04
2.317927629143883839e-01,1.861230906681526631e-01,1.861226230047660080e-01,1.862656882991670371e-01,1.000768661499023438e+00,2.512656462861869079e-06,7.661469111783543321e-04
2.337942997871214901e-01,1.829498945213491601e-01,1.829494426683164199e-01,1.830911375155444831e-01,1.000774502754211426e+00,2.469818492775752801e-06,7.720310228374623442e-04
2.358131199857123050e-01,1.798307979156071323e-01,1.798303613384259758e-01,1.799707123210541604e-01,1.000780463218688965e+00,2.427710860524620942e-06,7.780336130893915608e-04
2.378493727521542311e-01,1.767648785126254840e-01,1.767644566948635976e-01,1.769034263060199064e-01,1.000786185264587402e+00,2.386321114441890379e-06,7.837970673825147465e-04
2.399032086171498102e-01,1.737512296989667249e-01,1.737508221416507459e-01,1.738884166879076376e-01,1.000791907310485840e+00,2.345637016124045918e-06,7.895598159425779418e-04
2.419747794112369343e-01,1.707889603179679194e-01,1.707885665389934915e-01,1.709247721538161013e-01,1.000797510147094727e+00,2.305646534148442130e-06,7.952026617840694464e-04
2.440642382760157825e-01,1.678771944062154020e-01,1.678768139397765480e-01,1.680115779512872110e-01,1.000802755355834961e+00,2.266337844158933733e-06,8.004871986759483143e-04
2.461717396754679876e-01,1.650150709345190592e-01,1.650147033305573996e-01,1.651480746465827931e-01,1.000808238983154297e+00,2.227699322114955657e-06,8.060094833187219591e-04
2.482974394073758639e-01,1.622017435532995266e-01,1.622013883769718723e-01,1.623333173064075985e-01,1.000813364982604980e+00,2.189719542303499875e-06,8.111734820213981588e-04
2.504414946148399435e-01,1.594363803423166359e-01,1.594360371734806214e-01,1.595665531383785307e-01,1.000818610191345215e+00,2.152387273705579107e-06,8.164560421053734590e-04
2.526040637978956283e-01,1.567181635646650861e-01,1.567178319973820400e-01,1.568468701006771049e-01,1.000823378562927246e+00,2.115691477646515922e-06,8.212611294345077044e-04
2.547853068252305953e-01,1.540462894249637893e-01,1.540459690670186177e-01,1.541735601277855194e-01,1.000828266143798828e+00,2.079621303229428878e-06,8.261848000157375653e-04
2.569853849460029260e-01,1.514199678316682507e-01,1.514196583041056421e-01,1.515457961057801450e-01,1.000833034515380859e+00,2.044166083516148578e-06,8.309886464364866490e-04
2.592044608017622376e-01,1.488384221634343751e-01,1.488381231001103255e-01,1.489627846235599129e-01,1.000837564468383789e+00,2.009315334727329732e-06,8.355534701179484231e-04
2.614426984384706776e-01,1.463008890394686679e-01,1.463006000866174661e-01,1.464237990057959404e-01,1.000842094421386719e+00,1.975058751172945838e-06,8.401176994496202186e-04
2.637002633186335543e-01,1.438066180937874194e-01,1.438063389096030931e-01,1.439280545752127105e-01,1.000846385955810547e+00,1.941386203410316934e-06,8.444429264451024271e-04
2.659773223335287762e-01,1.413548717533311405e-01,1.413546020075632792e-01,1.414748323348504755e-01,1.000850558280944824e+00,1.908287733669576877e-06,8.486483701012449221e-04
2.682740438155450380e-01,1.389449250198583619e-01,1.389446643934212355e-01,1.390634246506296801e-01,1.000854730606079102e+00,1.875753555511810000e-06,8.528532492596036137e-04
2.705905975506258665e-01,1.365760652555585430e-01,1.365758134401538482e-01,1.366930862444390715e-01,1.000858664512634277e+00,1.843774047990656928e-06,8.568191554029692307e-04
2.729271547908210249e-01,1.342475919723203348e-01,1.342473486700724861e-01,1.343631502208156581e-01,1.000862598419189453e+00,1.812339754287043580e-06,8.607845161137004601e-04
2.752838882669465526e-01,1.319588166245923011e-01,1.319585815476959634e-01,1.320728964628889446e-01,1.000866293907165527e+00,1.781441379597195149e-06,8.645109225341686063e-04
2.776609722013536619e-01,1.297090624057754826e-01,1.297088352761551766e-01,1.298216805873015911e-01,1.000869989395141602e+00,1.751069787209471715e-06,8.682368019421747617e-04
2.800585823208084912e-01,1.274976640480867673e-01,1.274974445970679937e-01,1.276088067892890143e-01,1.000873446464538574e+00,1.721215995697483596e-06,8.717237451529198655e-04
2.824768958694831578e-01,1.253239676258342816e-01,1.253237555938256087e-01,1.254336524379918993e-01,1.000876903533935547e+00,1.691871177474723430e-06,8.752101791501794639e-04
2.849160916220562223e-01,1.231873303620492494e-01,1.231871254982353225e-01,1.232955305352126107e-01,1.000880002975463867e+00,1.663026654808711610e-06,8.783384853406564366e-04
2.873763498969325036e-01,1.210871204384088712e-01,1.210869225004535671e-01,1.211938546543798595e-01,1.000883102416992188e+00,1.634673899151614313e-06,8.814662995085329042e-04
2.898578525695703068e-01,1.190227168084060094e-01,1.190225255621660400e-01,1.191280177341157431e-01,1.000886321067810059e+00,1.606804525201025924e-06,8.847128391401060978e-04
2.923607830859277779e-01,1.169935090137003697e-01,1.169933242329480455e-01,1.170973386549033074e-01,1.000889062881469727e+00,1.579410292775814979e-06,8.874820669818431250e-04
2.948853264760237791e-01,1.149988970036021768e-01,1.149987184697579545e-01,1.151012748668231445e-01,1.000891804695129395e+00,1.552483100917842636e-06,8.902508275167265658e-04
2.974316693676165579e-01,1.130382909576328199e-01,1.130381184595067035e-01,1.131392228385409426e-01,1.000894427299499512e+00,1.526014987090250437e-06,8.928999196029283698e-04
2.999999999999999334e-01,1.111111111111111743e-01,1.111109444446528455e-01,1.112106165066857888e-01,1.000897049903869629e+00,1.499998124959710785e-06,8.955485601715296303e-04
