local_t_yr,phase,pos_noNN_err,pos_encounterNN_err,pos_gain_instant_pct,vel_noNN_err,vel_encounterNN_err,vel_gain_instant_pct
0.0,pre_correction_window,9.82778646038974e-16,9.82778646038974e-16,0.0,2.8221486124673486e-17,2.8221486124673486e-17,0.0
0.004,pre_correction_window,0.07839626150579115,0.07839626150579115,0.0,0.07194986786009715,0.07194986786009715,0.0
0.008,pre_correction_window,0.07512372843436413,0.07512372843436413,0.0,0.06906415436502936,0.06906415436502936,0.0
0.012,pre_correction_window,0.07185207607428959,0.07185207607428959,0.0,0.0661715484576438,0.0661715484576438,0.0
0.016,pre_correction_window,0.06858133637054069,0.06858133637054069,0.0,0.06327180098053584,0.06327180098053584,0.0
0.02,pre_correction_window,0.06531154148231674,0.06531154148231674,0.0,0.060364654714111565,0.060364654714111565,0.0
0.024,pre_correction_window,0.062042723803224196,0.062042723803224196,0.0,0.05744984404597398,0.05744984404597398,0.0
0.028,pre_correction_window,0.05877491598588004,0.05877491598588004,0.0,0.05452709463204866,0.05452709463204866,0.0
0.032,pre_correction_window,0.05550815097255585,0.05550815097255585,0.0,0.05159612305354644,0.05159612305354644,0.0
0.036000000000000004,pre_correction_window,0.05224246203427306,0.05224246203427306,0.0,0.048656636476452415,0.048656636476452415,0.0
0.04,pre_correction_window,0.048977882822027204,0.048977882822027204,0.0,0.04570833232442376,0.04570833232442376,0.0
0.044,pre_correction_window,0.04571444743589818,0.04571444743589818,0.0,0.042750897982899744,0.042750897982899744,0.0
0.048,pre_correction_window,0.0424521905213102,0.0424521905213102,0.0,0.03978401056398348,0.03978401056398348,0.0
0.052000000000000005,pre_correction_window,0.03919114740783586,0.03919114740783586,0.0,0.036807336782250274,0.036807336782250274,0.0
0.056,pre_correction_window,0.035931354317056075,0.035931354317056075,0.0,0.033820533029079655,0.033820533029079655,0.0
0.06,pre_correction_window,0.03267284868705855,0.03267284868705855,0.0,0.030823245804143473,0.030823245804143473,0.0
0.064,pre_correction_window,0.02941566970317749,0.02941566970317749,0.0,0.0278151128044086,0.0278151128044086,0.0
0.068,pre_correction_window,0.0261598592135627,0.0261598592135627,0.0,0.02479576527113489,0.02479576527113489,0.0
0.07200000000000001,pre_correction_window,0.022905463410716337,0.022905463410716337,0.0,0.021764832878224855,0.021764832878224855,0.0
0.076,pre_correction_window,0.019652536163897866,0.019652536163897866,0.0,0.01872195414241053,0.01872195414241053,0.0
0.08,pre_correction_window,0.01640114628845278,0.01640114628845278,0.0,0.01566680005088077,0.01566680005088077,0.0
0.084,pre_correction_window,0.01315139555105893,0.01315139555105893,0.0,0.012599133763438141,0.012599133763438141,0.0
0.088,pre_correction_window,0.00990347202732198,0.00990347202732198,0.0,0.009518988946668128,0.009518988946668128,0.0
0.092,pre_correction_window,0.006657859337896785,0.006657859337896785,0.0,0.006427369091417199,0.006427369091417199,0.0
0.096,pre_correction_window,0.0034167366226790247,0.0034167366226790247,0.0,0.003330879183389761,0.003330879183389761,0.0
0.1,pre_correction_window,0.00029779040355566055,0.00029779040355566055,0.0,0.0004828055797244834,0.0004828055797244834,0.0
0.10400000000000001,pre_correction_window,0.07754541006393588,0.07754541006393588,0.0,0.08283626711497279,0.08283626711497279,0.0
0.108,pre_correction_window,0.07430822926652653,0.07430822926652653,0.0,0.07971063403699996,0.07971063403699996,0.0
0.112,pre_correction_window,0.07107250160399661,0.07107250160399661,0.0,0.07656602876874204,0.07656602876874204,0.0
0.116,pre_correction_window,0.06783826498934055,0.06783826498934055,0.0,0.07340178016792334,0.07340178016792334,0.0
0.12,pre_correction_window,0.06460555810740792,0.06460555810740792,0.0,0.07021718861819783,0.07021718861819783,0.0
0.124,pre_correction_window,0.06137442051821733,0.06137442051821733,0.0,0.06701152477300315,0.06701152477300315,0.0
0.128,pre_correction_window,0.05814489278657676,0.05814489278657676,0.0,0.06378402833593998,0.06378402833593998,0.0
0.132,pre_correction_window,0.05491701664817593,0.05491701664817593,0.0,0.0605339069283308,0.0605339069283308,0.0
0.136,pre_correction_window,0.0516908352273267,0.0516908352273267,0.0,0.05726033512258879,0.05726033512258879,0.0
0.14,pre_correction_window,0.04846639332950919,0.04846639332950919,0.0,0.05396245376479164,0.05396245376479164,0.0
0.14400000000000002,pre_correction_window,0.045243737844957804,0.045243737844957804,0.0,0.05063936978324279,0.05063936978324279,0.0
0.148,pre_correction_window,0.04202291832156673,0.04202291832156673,0.0,0.04729015680345811,0.04729015680345811,0.0
0.152,pre_correction_window,0.038803987803823534,0.038803987803823534,0.0,0.0439138571050834,0.0439138571050834,0.0
0.156,pre_correction_window,0.03558700410403346,0.03558700410403346,0.0,0.040509485844135565,0.040509485844135565,0.0
0.16,pre_correction_window,0.032372031803566695,0.032372031803566695,0.0,0.03707603919358204,0.03707603919358204,0.0
0.164,pre_correction_window,0.029159145543206567,0.029159145543206567,0.0,0.03361250949665318,0.03361250949665318,0.0
0.168,pre_correction_window,0.02594843571301947,0.02594843571301947,0.0,0.030117913544298925,0.030117913544298925,0.0
0.17200000000000001,pre_correction_window,0.022740018901278927,0.022740018901278927,0.0,0.026591346856130557,0.026591346856130557,0.0
0.176,pre_correction_window,0.019534058550332477,0.019534058550332477,0.0,0.023032093365967444,0.023032093365967444,0.0
0.18,pre_correction_window,0.01633080979129338,0.01633080979129338,0.0,0.01943986475033604,0.01943986475033604,0.0
0.184,pre_correction_window,0.013130729595639636,0.013130729595639636,0.0,0.015815383207305377,0.015815383207305377,0.0
0.188,pre_correction_window,0.009934798973316483,0.009934798973316483,0.0,0.012162045025381263,0.012162045025381263,0.0
0.192,pre_correction_window,0.006745757511550515,0.006745757511550515,0.0,0.008491983407504388,0.008491983407504388,0.0
0.196,pre_correction_window,0.0035759156518102328,0.0035759156518102328,0.0,0.004859936667046529,0.004859936667046529,0.0
0.2,pre_correction_window,0.0007076239768605996,0.0007076239768605996,0.0,0.0018417075954336288,0.0018417075954336288,0.0
0.20400000000000001,pre_correction_window,0.07621996751935531,0.07621996751935531,0.0,0.11503971818042268,0.11503971818042268,0.0
0.20800000000000002,pre_correction_window,0.07303647021748735,0.07303647021748735,0.0,0.11122429953280503,0.11122429953280503,0.0
0.212,pre_correction_window,0.0698551299851696,0.0698551299851696,0.0,0.10735564552894156,0.10735564552894156,0.0
0.216,pre_correction_window,0.0666760027191699,0.0666760027191699,0.0,0.10343141360353043,0.10343141360353043,0.0
0.22,pre_correction_window,0.06349914710976262,0.06349914710976262,0.0,0.09944914160155109,0.09944914160155109,0.0
0.224,pre_correction_window,0.060324625116611165,0.060324625116611165,0.0,0.09540624391219109,0.09540624391219109,0.0
0.228,pre_correction_window,0.05715250258242803,0.05715250258242803,0.0,0.0913000086617614,0.0913000086617614,0.0
0.232,pre_correction_window,0.05398285003928476,0.05398285003928476,0.0,0.08712759658670978,0.08712759658670978,0.0
0.23600000000000002,pre_correction_window,0.05081574378952322,0.05081574378952322,0.0,0.08288604252276884,0.08288604252276884,0.0
0.24,pre_correction_window,0.047651267386360885,0.047651267386360885,0.0,0.07857226094416975,0.07857226094416975,0.0
0.244,pre_correction_window,0.04448951370980998,0.04448951370980998,0.0,0.07418305779372354,0.07418305779372354,0.0
0.248,pre_correction_window,0.04133058795221491,0.04133058795221491,0.0,0.06971515218918999,0.06971515218918999,0.0
0.252,pre_correction_window,0.03817461203406353,0.03817461203406353,0.0,0.06516521390376404,0.06516521390376404,0.0
0.256,pre_correction_window,0.03502173134308166,0.03502173134308166,0.0,0.06052992663982577,0.06052992663982577,0.0
0.26,pre_correction_window,0.03187212539079335,0.03187212539079335,0.0,0.055806094765612456,0.055806094765612456,0.0
0.264,pre_correction_window,0.028726025368178178,0.028726025368178178,0.0,0.05099082606744029,0.05099082606744029,0.0
0.268,pre_correction_window,0.025583744492377696,0.025583744492377696,0.0,0.04608185364297007,0.04608185364297007,0.0
0.272,pre_correction_window,0.022445733582318796,0.022445733582318796,0.0,0.04107812702150877,0.04107812702150877,0.0
0.276,pre_correction_window,0.019312690333259237,0.019312690333259237,0.0,0.035980960924036826,0.035980960924036826,0.0
0.28,pre_correction_window,0.016185794446120585,0.016185794446120585,0.0,0.030796440936876692,0.030796440936876692,0.0
0.28400000000000003,pre_correction_window,0.013067277459474122,0.013067277459474122,0.0,0.025540981694775547,0.025540981694775547,0.0
0.28800000000000003,pre_correction_window,0.009962052392133767,0.009962052392133767,0.0,0.020255959389107247,0.020255959389107247,0.0
0.292,pre_correction_window,0.00688369768777629,0.00688369768777629,0.0,0.01505357726393292,0.01505357726393292,0.0
0.296,pre_correction_window,0.003888342913609317,0.003888342913609317,0.0,0.010295329995210151,0.010295329995210151,0.0
0.3,pre_correction_window,0.001542449901627135,0.001542449901627135,0.0,0.007325284598576948,0.007325284598576948,0.0
0.304,pre_correction_window,0.0742475644771227,0.0742475644771227,0.0,0.1850552426984316,0.1850552426984316,0.0
0.308,pre_correction_window,0.07114751866344934,0.07114751866344934,0.0,0.1795371218320154,0.1795371218320154,0.0
0.312,pre_correction_window,0.06805024202526044,0.06805024202526044,0.0,0.17385847588352293,0.17385847588352293,0.0
0.316,pre_correction_window,0.06495579961239317,0.06495579961239317,0.0,0.16801116580254963,0.16801116580254963,0.0
0.32,pre_correction_window,0.06186426457993757,0.06186426457993757,0.0,0.16198699212572662,0.16198699212572662,0.0
0.324,pre_correction_window,0.05877572091149109,0.05877572091149109,0.0,0.15577784101474337,0.15577784101474337,0.0
0.328,pre_correction_window,0.05569026717721831,0.05569026717721831,0.0,0.14937589069348092,0.14937589069348092,0.0
0.332,pre_correction_window,0.05260802176958323,0.05260802176958323,0.0,0.14277390204693272,0.14277390204693272,0.0
0.336,pre_correction_window,0.04952913028007349,0.04952913028007349,0.0,0.13596562816289018,0.13596562816289018,0.0
0.34,pre_correction_window,0.04645377603033592,0.04645377603033592,0.0,0.12894639492197957,0.12894639492197957,0.0
0.34400000000000003,pre_correction_window,0.043382195341180166,0.043382195341180166,0.0,0.12171393272606816,0.12171393272606816,0.0
0.34800000000000003,pre_correction_window,0.040314700077404196,0.040314700077404196,0.0,0.11426958593241324,0.11426958593241324,0.0
0.352,pre_correction_window,0.03725171165585486,0.03725171165585486,0.0,0.10662010594415962,0.10662010594415962,0.0
0.356,pre_correction_window,0.0341938136582722,0.0341938136582722,0.0,0.09878037322953383,0.09878037322953383,0.0
0.36,pre_correction_window,0.031141835701379923,0.031141835701379923,0.0,0.09077764410092416,0.09077764410092416,0.0
0.364,pre_correction_window,0.028096991990670582,0.028096991990670582,0.0,0.08265837670781505,0.08265837670781505,0.0
0.368,pre_correction_window,0.025061120226168344,0.025061120226168344,0.0,0.07449953163286735,0.07449953163286735,0.0
0.372,pre_correction_window,0.02203711547501333,0.02203711547501333,0.0,0.0664277276596268,0.0664277276596268,0.0
0.376,pre_correction_window,0.019029769842829246,0.019029769842829246,0.0,0.05865188024089954,0.05865188024089954,0.0
0.38,pre_correction_window,0.01604753114765743,0.01604753114765743,0.0,0.05151640061597462,0.05151640061597462,0.0
0.384,pre_correction_window,0.013106573020321975,0.013106573020321975,0.0,0.04557302763120024,0.04557302763120024,0.0
0.388,pre_correction_window,0.010241493077694215,0.010241493077694215,0.0,0.04161821407363604,0.04161821407363604,0.0
0.392,pre_correction_window,0.007538254087618024,0.007538254087618024,0.0,0.04052933507915083,0.04052933507915083,0.0
0.396,pre_correction_window,0.005252010627438404,0.005252010627438404,0.0,0.04279049118188549,0.04279049118188549,0.0
0.4,pre_correction_window,0.004142428953924226,0.004142428953924226,0.0,0.04814790215495378,0.04814790215495378,0.0
0.404,pre_correction_window,0.07355479727944793,0.07355479727944793,0.0,0.17744382818121682,0.17744382818121682,0.0
0.40800000000000003,pre_correction_window,0.07053162367510057,0.07053162367510057,0.0,0.16652165660890367,0.16652165660890367,0.0
0.41200000000000003,pre_correction_window,0.06750369551299465,0.06750369551299465,0.0,0.15538602909641339,0.15538602909641339,0.0
0.41600000000000004,pre_correction_window,0.06447071457742468,0.06447071457742468,0.0,0.1441028154215406,0.1441028154215406,0.0
0.42,pre_correction_window,0.06143246834979284,0.06143246834979284,0.0,0.13275458880636587,0.13275458880636587,0.0
0.424,pre_correction_window,0.05838885295834647,0.05838885295834647,0.0,0.12144393355122353,0.12144393355122353,0.0
0.428,pre_correction_window,0.05533989929677659,0.05533989929677659,0.0,0.1102983305018411,0.1102983305018411,0.0
0.432,pre_correction_window,0.052285803558751086,0.052285803558751086,0.0,0.09947753882012754,0.09947753882012754,0.0
0.436,pre_correction_window,0.049226964426541016,0.049226964426541016,0.0,0.08918448868887742,0.08918448868887742,0.0
0.44,pre_correction_window,0.04616403071871274,0.04616403071871274,0.0,0.07967997281577506,0.07967997281577506,0.0
0.444,pre_correction_window,0.043097965792228576,0.043097965792228576,0.0,0.07129811766857884,0.07129811766857884,0.0
0.448,pre_correction_window,0.040030139050859864,0.040030139050859864,0.0,0.06445041933425938,0.06445041933425938,0.0
0.452,pre_correction_window,0.03696246176270397,0.03696246176270397,0.0,0.05958990044785047,0.05958990044785047,0.0
0.456,pre_correction_window,0.03389759645215216,0.03389759645215216,0.0,0.057101271993617066,0.057101271993617066,0.0
0.46,pre_correction_window,0.03083929132158271,0.03083929132158271,0.0,0.057135608493163265,0.057135608493163265,0.0
0.464,pre_correction_window,0.02779293385962191,0.02779293385962191,0.0,0.05951072828679512,0.05951072828679512,0.0
0.468,pre_correction_window,0.024766503902532835,0.024766503902532835,0.0,0.06378460552130907,0.06378460552130907,0.0
0.47200000000000003,pre_correction_window,0.02177228872311926,0.02177228872311926,0.0,0.06943340754392704,0.06943340754392704,0.0
0.47600000000000003,pre_correction_window,0.01883012790066079,0.01883012790066079,0.0,0.07599003651606742,0.07599003651606742,0.0
0.48,pre_correction_window,0.015973893335911232,0.015973893335911232,0.0,0.08309473022514174,0.08309473022514174,0.0
0.484,pre_correction_window,0.013265092160473722,0.013265092160473722,0.0,0.09049022240046121,0.09049022240046121,0.0
0.488,pre_correction_window,0.010821938325208608,0.010821938325208608,0.0,0.09799896370358986,0.09799896370358986,0.0
0.492,pre_correction_window,0.008874766782282868,0.008874766782282868,0.0,0.10550051079818903,0.10550051079818903,0.0
0.496,pre_correction_window,0.007812679632790821,0.007812679632790821,0.0,0.11291408933095637,0.11291408933095637,0.0
0.5,post_correction,0.008004402100345446,0.0020792325466204406,74.02388684932873,0.12018628644837946,0.02712045124656838,77.43465411237518
0.504,post_correction,0.0746806969840193,0.0816830822581486,-9.376432675270454,0.08786403155412585,0.14438293908845762,-64.3254202369659
0.508,post_correction,0.07151010903645393,0.07848754218971071,-9.757268234201517,0.08378678358632426,0.13561656599634728,-61.859138388602275
0.512,post_correction,0.06833909930222752,0.07528275536983749,-10.160590552857398,0.08036795428419531,0.12713983434278986,-58.197176318810975
0.516,post_correction,0.06516901193479425,0.07206925348854192,-10.588224907647504,0.07761010821515994,0.11894688886362444,-53.26210927817002
0.52,post_correction,0.06200137609799584,0.06884755061930926,-11.041971891870196,0.07550526540226778,0.11103086157224336,-47.05048844038443
0.524,post_correction,0.058837959800595016,0.0656181442209719,-11.52348661196834,0.07403365743685077,0.10338421784408947,-39.64488777590671
0.528,post_correction,0.055680841809811914,0.062381517107436966,-12.034076856295444,0.07316361238955953,0.09599906871484631,-31.211493773297363
0.532,post_correction,0.05253250863112158,0.05913814045702871,-12.574369658017421,0.07285275634434034,0.088867459770044,-21.982288974777795
0.536,post_correction,0.04939598684418924,0.055888478039387325,-13.143762499729945,0.07305038308702615,0.0819816504473264,-12.226174570036527
0.54,post_correction,0.04627502613903388,0.052632991991598384,-13.73951866274893,0.07370055196950964,0.075334402438696,-2.216876842200987
0.544,post_correction,0.043174356238464974,0.049372150708816134,-14.355267826389522,0.07474534599252995,0.06891930355269314,7.794522003308492
0.548,post_correction,0.040100053205351135,0.046106439786223086,-14.978500278075517,0.07612778454719435,0.06273116623005383,17.5975412877482
0.552,post_correction,0.03706007012359934,0.04283637756603364,-15.586337055406773,0.07779407274357811,0.056766562131317026,27.02970788220739
0.556,post_correction,0.03406501802801649,0.03956253791042944,-16.13831490678081,0.0796950822734876,0.05102459373205504,35.97522924067606
0.56,post_correction,0.03112933127617913,0.03628558474704993,-16.563971211345876,0.08178712288028449,0.04550807582857129,44.35789617494734
0.5640000000000001,post_correction,0.028273023977931615,0.033006326570278695,-16.741409040793226,0.08403215210752639,0.04022543375273155,52.130901394433366
0.5680000000000001,post_correction,0.025524340545439263,0.029725806308779728,-16.460624147608744,0.08639759417813661,0.03519387762272885,59.26521107733014
0.5720000000000001,post_correction,0.022923688467439276,0.02644545720619397,-15.363010816330895,0.08885592145129857,0.03044488439712126,65.73679739080988
0.5760000000000001,post_correction,0.020529153878952083,0.023167389808059546,-12.85116739181524,0.09138411725808439,0.026033844058813597,71.51163151766345
0.58,post_correction,0.018423126957457382,0.01989495988694463,-7.989050571523488,0.09396310242065689,0.022056793035506207,76.52611241297495
0.584,post_correction,0.01671692944634676,0.016633998559901806,0.4960892292518312,0.09657717694817483,0.018676517658145247,80.66156182203646
0.588,post_correction,0.015544739193121078,0.013395807555859611,13.824172992316406,0.09921350549762499,0.016148352893584038,83.72363438567282
0.592,post_correction,0.015033904248831042,0.010205699816859698,32.11543955620683,0.1018616596532126,0.014791805287201495,85.47853496834816
0.596,post_correction,0.015252798212713178,0.0071333825912617875,53.232302087913766,0.10451322034929161,0.014820181025001872,85.81980253266367
0.6,post_correction,0.01617339821206112,0.004438403802166739,72.55738253660971,0.10716143816853782,0.016134420704773535,84.94381842897799
0.604,post_correction,0.0743078923403528,0.08490970322641911,-14.267408955036407,0.0852906133561773,0.0804916777589911,5.62656945277862
0.608,post_correction,0.07111528381375559,0.08158204666659785,-14.718021628450154,0.08441755332831487,0.07647276860648398,9.411294699494787
0.612,post_correction,0.06793505567295208,0.07825145402347969,-15.185677333057699,0.08367950998452559,0.0725386372643361,13.313740391464663
0.616,post_correction,0.06476952527995303,0.07491808772137327,-15.668730622241188,0.08307104474063158,0.06868602074865136,17.316531935879503
0.62,post_correction,0.06162145029666765,0.0715821090662392,-16.164271891715277,0.08258678377623531,0.0649120668570007,21.401386651795715
0.624,post_correction,0.05849414180224542,0.06824368008590209,-16.667546498275854,0.08222142537834871,0.06121437166381001,25.54936699026197
0.628,post_correction,0.055391611575479324,0.06490296576050328,-17.171109333158356,0.08196974985828755,0.05759103284331971,29.741114322191656
0.632,post_correction,0.05231876534649345,0.06156013680793833,-17.6635885809646,0.08182663133287704,0.05404072479662885,33.95704562639635
0.636,post_correction,0.04928165816209897,0.05821537326364194,-18.127870357279537,0.08178705064367542,0.050562804174095886,38.177494143437606
0.64,post_correction,0.046287833823437576,0.054868869209773546,-18.53842506233466,0.08184610871243075,0.04715745832971517,42.38277289955886
0.644,post_correction,0.043346777840852974,0.0515208391923095,-18.857367856654694,0.08199903969064976,0.04382591525057657,46.55313596852527
0.648,post_correction,0.04047052223074868,0.04817152716282445,-19.02867694211443,0.08224122334738991,0.04057074271564974,50.66860503244528
0.652,post_correction,0.03767444910307959,0.04482121928048289,-18.96980671926827,0.08256819624283149,0.03739627860883878,54.70861625842347
0.656,post_correction,0.03497834331197591,0.04147026277039325,-18.55982543402686,0.08297566134661466,0.03430925600342981,58.651422059645206
0.66,post_correction,0.03240772983369332,0.03811909457366447,-17.623464430492813,0.08345949587114604,0.031319719141082225,62.47315082104371
0.664,post_correction,0.029995471206954415,0.034768286392164,-15.911785990223123,0.0840157571943795,0.028442372460230417,66.14638323805626
0.668,post_correction,0.027783441358137435,0.031418618332168614,-13.083969430469704,0.08464068683908761,0.025698560945605905,69.63805244815411
0.672,post_correction,0.025823755550193592,0.028071204912385347,-8.703030656495297,0.08533071255331788,0.02311911828689003,72.90645115327693
0.676,post_correction,0.02417846866782637,0.024727722677836995,-2.2716658261385434,0.08608244859819816,0.02074823532151493,75.89725239071647
0.68,post_correction,0.022916018722090432,0.02139084939907511,6.655472495076555,0.08689269439454492,0.018647997139675323,78.53905064216073
0.684,post_correction,0.022102712195897312,0.01806518435635327,18.267114930327345,0.08775843170991135,0.016901677960645397,80.74067912184836
0.6880000000000001,post_correction,0.021789485403992274,0.014759392452100135,32.263694261472025,0.08867682058454382,0.01561064623141316,82.3960239795358
0.6920000000000001,post_correction,0.021998256979896266,0.011491958996136671,47.75968383931997,0.08964519420037884,0.014876688576860142,83.40492347687137
0.6960000000000001,post_correction,0.022715137993442606,0.008309991278838842,63.416505410454626,0.09066105289395825,0.014767217484893272,83.71161925268422
0.7000000000000001,post_correction,0.023894887179577575,0.00537022205929744,77.52564379593619,0.09172205750421694,0.015281650901165544,83.33917563889912
0.704,post_correction,0.07397553012126996,0.08659670286439934,-17.06128056458557,0.09252671084798875,0.06980845187810579,24.55318984288393
0.708,post_correction,0.07084579880167004,0.0832212530922145,-17.468155486804577,0.09120293696126103,0.06697912971044276,26.560336824577778
0.712,post_correction,0.06773972696546678,0.07984468234504749,-17.86980243624503,0.08992762211001556,0.06417110339924355,28.6413874918899
0.716,post_correction,0.06466093985709974,0.07646707390827436,-18.258525281670966,0.08870206960555795,0.06138462485324638,30.796851611002197
0.72,post_correction,0.06161374324866084,0.07308851529502887,-18.623721659075517,0.08752768441121551,0.058620211762456,33.02666218490227
0.724,post_correction,0.0586032806671853,0.06970909969522743,-18.950848658308633,0.0864059636839441,0.05587869443407825,35.33004893218777
0.728,post_correction,0.05563573118423026,0.06632892783842163,-19.220016393389873,0.08533848611592705,0.053161276605258774,37.70539058656083
0.732,post_correction,0.05271855813669869,0.06294811042846593,-19.404082079107916,0.08432689998331915,0.05046961469165162,40.15004144391042
0.736,post_correction,0.04986082085167427,0.059566771379476725,-19.46608652247356,0.08337290983664006,0.04780592155041722,42.66012588011189
0.74,post_correction,0.047073562292060535,0.05618505219272029,-19.355853810529453,0.08247826180245524,0.04517310307488471,45.2302920943225
0.744,post_correction,0.04437028404205472,0.05280311798759345,-19.00558927579996,0.08164472750904166,0.04257493901697263,47.8534128094705
0.748,post_correction,0.04176751336099618,0.04942116597994841,-18.324415324421626,0.08087408669935496,0.04001632361353868,50.520215749332415
0.752,post_correction,0.039285450077527116,0.046039437665569435,-17.19208402783675,0.08016810865180517,0.03750358711721766,53.218820116977795
0.756,post_correction,0.03694864571621877,0.042658236761036444,-15.452774882927379,0.0795285325913843,0.03504492624738374,55.93414702186983
0.76,post_correction,0.03478660239267479,0.03927795636050052,-12.911160213713492,0.078957047338083,0.032650979266323675,58.64716277127643
0.764,post_correction,0.03283407483548396,0.03589912135632734,-9.334956249569647,0.07845527050305066,0.030335587466208406,61.33390749697456
0.768,post_correction,0.031130720305067125,0.03252245716072739,-4.470622080124919,0.0780247276017337,0.028116782760001992,63.964266682839096
0.772,post_correction,0.02971961634289547,0.02914900589930183,1.919979171366543,0.07766683150301032,0.026018015304783974,66.50048057673689
0.776,post_correction,0.028644181278090236,0.025780333152675698,9.998010058695861,0.07738286266977953,0.024069553463387853,68.89549877974756
0.78,post_correction,0.027943380032379925,0.022418919337239746,19.770194903904272,0.07717395066552842,0.022309794818390752,71.09154756754477
0.784,post_correction,0.027645884593958323,0.019068959937142124,31.024236636980618,0.07704105739982639,0.020785853995298725,73.01977063032163
0.788,post_correction,0.027764812133550823,0.01573817058909494,43.31612793418821,0.07698496256141583,0.019552249729771747,74.60250797137991
0.792,post_correction,0.02829504363558124,0.012442421641917554,56.02614435882646,0.07700625164005517,0.01866612034144028,75.76025329905681
0.796,post_correction,0.029214304531416397,0.009219943180407768,68.44031261982344,0.07710530686880612,0.018178034603214373,76.42440534716486
0.8,post_correction,0.03048751803533759,0.00618709377430358,79.70614148671525,0.0772823013301121,0.01812006393192796,76.55341052212209
0.804,post_correction,0.0742424029619962,0.08770047740232635,-18.127207503263566,0.09683426856675076,0.07360184584673982,23.99194320758063
0.808,post_correction,0.07120534265427499,0.08430882944911666,-18.40239272278114,0.09492628413077987,0.07093106553492398,25.277739264288165
0.812,post_correction,0.06820195910955654,0.08091699030133548,-18.64320520669222,0.09304505716264494,0.06826695419935726,26.630219507496218
0.8160000000000001,post_correction,0.06523699048418242,0.07752503964240356,-18.83601476251505,0.09119273941102518,0.06561060654007887,28.052817621414096
0.8200000000000001,post_correction,0.06231600430151327,0.07413306536817552,-18.963123838116953,0.08937165168179938,0.06296333759215438,29.548871026429826
0.8240000000000001,post_correction,0.05944556541045016,0.07074116567308805,-19.001586047076604,0.08758429214838438,0.060326726434038774,31.121523101615214
0.8280000000000001,post_correction,0.0566334379149761,0.06734945175924917,-18.921708161812543,0.08583334417219743,0.05770267111719627,32.77359553714448
0.8320000000000001,post_correction,0.0538888253884247,0.06395805139947261,-18.685183687842585,0.08412168330044621,0.05509345806746799,34.50742316853311
0.836,post_correction,0.05122265177530671,0.060567113688272445,-18.242831226224197,0.08245238303285604,0.05250185024361012,36.32464179635789
0.84,post_correction,0.04864788098976348,0.057176815472510974,-17.531975307500364,0.08082871886561503,0.04993119970732121,38.22591721348907
0.844,post_correction,0.04617986464298287,0.053787370199939524,-16.473641955796925,0.07925417003225506,0.047385592050531354,40.21060086649542
0.848,post_correction,0.04383669220534765,0.05039904031852922,-14.96998925566977,0.07773241827162233,0.044870032423251306,42.27629421426099
0.852,post_correction,0.041639493474917404,0.04701215500797677,-12.902802327064153,0.07626734286898072,0.04239068574391915,44.418299957372454
0.856,post_correction,0.03961260749708581,0.043627136121925335,-10.134472024177812,0.07486301114668693,0.03995518693804614,46.6289342012202
0.86,post_correction,0.03778348674470988,0.040244537137772596,-6.51356083066444,0.07352366353775235,0.0375730402497628,48.89667021220985
0.864,post_correction,0.0361821611110178,0.036865103392605576,-1.8875110292397945,0.072253692373776,0.035256128481118955,51.205084027076055
0.868,post_correction,0.034840069476273966,0.033489868478451715,3.8754256754330987,0.0710576135753278,0.033019350397517085,53.531579888320564
0.872,post_correction,0.03378812135939638,0.030120314792440782,10.855313700166967,0.06994003056602129,0.030881391201264784,55.84589976392178
0.876,post_correction,0.033054023461140676,0.026758653897214345,19.04569823799926,0.06890558995820326,0.02886559511650667,58.108485633725856
0.88,post_correction,0.03265919869961726,0.02340834475819841,28.325416145397533,0.06795892889094012,0.027000831454251556,60.26889785508208
0.884,post_correction,0.0326159418398719,0.02007512073483083,38.44997383981821,0.06710461434380396,0.025322101844805264,62.26473828599932
0.888,post_correction,0.03292559954387032,0.016769209461716998,49.069387667873514,0.06634707529381274,0.023870416206399965,64.02190134125472
0.892,post_correction,0.033578360867729334,0.013510693051764425,59.763690952678544,0.0656905292015688,0.022691225099395192,65.45738727455206
0.896,post_correction,0.034554729556019854,0.01034444504659151,70.06359135347543,0.06513890496048412,0.02183064709620466,66.48600846230373
0.9,post_correction,0.03582819414496387,0.007389963312158807,79.37388839008075,0.06469576505552832,0.021329253585328594,67.03145319168617
0.904,post_correction,0.0752395662721006,0.08857439923363167,-17.72316564572718,0.09989406007048122,0.07958896929311163,20.326624789344976
0.908,post_correction,0.07229914215710137,0.08518501557839196,-17.822996285751803,0.09755255287416789,0.07683053950114926,21.241897584933277
0.912,post_correction,0.06939999233035467,0.08179622137777566,-17.86200348324684,0.09522929538507151,0.07407710970444148,22.211847305074066
0.916,post_correction,0.06654752098380992,0.07840812822005042,-17.822763434157096,0.09292635845550727,0.07133001777594038,23.240274383405573
0.92,post_correction,0.06374799933407571,0.0750208631915567,-17.68347865852978,0.09064600616993448,0.0685908116500357,24.33112660093575
0.924,post_correction,0.061008716702262746,0.07163457257259727,-17.41694702773583,0.08839071507919141,0.06586129075630538,25.488451250452457
0.928,post_correction,0.05833815348848472,0.06824942662607811,-16.989350099244668,0.08616319503034728,0.06314355735753055,26.71632321051819
0.932,post_correction,0.05574617485831463,0.06486562587526357,-16.358882093932145,0.08396641153812955,0.06044008047612358,28.01874062621165
0.936,post_correction,0.05324424031714466,0.061483409439816804,-15.47429181747406,0.0818036095567309,0.05775377587897662,29.399477367897425
0.9400000000000001,post_correction,0.05084561830804485,0.058103066261501114,-14.273497294275176,0.07967833839035202,0.055088106602854736,30.861878252314096
0.9440000000000001,post_correction,0.04856558560576688,0.0547249504568709,-12.682570948702049,0.0775944773185833,0.05244720978779242,32.40857906361371
0.9480000000000001,post_correction,0.046421577788535444,0.05134950267687478,-10.615591117534922,0.07555626129939554,0.04983605717830221,34.041128661959206
0.9520000000000001,post_correction,0.044433239377209034,0.04797728039573489,-7.976103179062137,0.07356830583889795,0.047260658539502516,35.75948501111973
0.9560000000000001,post_correction,0.04262230216260915,0.04460900178926589,-4.661173906273872,0.07163562977548983,0.04472831929010779,37.56135120150559
0.96,post_correction,0.04101220324929466,0.041245610849366,-0.569117437199278,0.06976367431299701,0.0422479654942102,39.441312530840456
0.964,post_correction,0.03962735119998437,0.03788837669276755,4.388318811522029,0.06795831615709556,0.03983055007504968,41.38973369649779
0.968,post_correction,0.0384919752523234,0.03453904984066995,10.269479250522092,0.06622587207903638,0.03748955181227476,43.39138068648858
0.972,post_correction,0.03762856459572287,0.031200117213870004,17.08395590137278,0.06457309168741429,0.03524156966942066,45.42375353495817
0.976,post_correction,0.03705602487003637,0.0278752361289496,24.775427945349822,0.06300713469665416,0.0331069927074812,47.455168582298235
0.98,post_correction,0.036787820702911485,0.024570010584058978,33.211562646018756,0.06153552863811477,0.03111067990708895,49.44273561043373
0.984,post_correction,0.03683047483455381,0.021293464319448608,42.18520283786461,0.06016610290123393,0.029282501472256067,51.33056644814613
0.988,post_correction,0.0371827843002894,0.01806104100583732,51.42633520939219,0.058906895384577,0.027657465094073626,53.04884952175752
0.992,post_correction,0.037835961439422514,0.014901253529706858,60.61616260613703,0.057766029059141535,0.026274995012748957,54.5147979864631
0.996,post_correction,0.03877466176011213,0.011871928298164124,69.38225181276272,0.05675155755233908,0.025176832556008014,55.63675493348583
1.0,post_correction,0.03997863239970417,0.009103799892239011,77.22833587397459,0.055871281520409426,0.024403166284613496,56.32252273343833
1.004,post_correction,0.07700921811161666,0.08939727824933576,-16.086463986381368,0.10332626174948922,0.08465240140493258,18.072714553276636
1.008,post_correction,0.07415600753808599,0.08602337864270271,-16.003249768431402,0.10072409890639765,0.08178398447047729,18.803955201943587
1.012,post_correction,0.07134870393005911,0.08265090691817403,-15.840796490422747,0.09813850005210237,0.0789227490550282,19.58023710049817
1.016,post_correction,0.06859290613795553,0.07928003727871315,-15.580519535450833,0.09557142002452138,0.0760701851570917,20.40488135723642
1.02,post_correction,0.0658950329575476,0.0759109710048726,-15.199837677868206,0.09302500857259652,0.07322799990296171,21.281383332725273
1.024,post_correction,0.06326244581020263,0.07254394272015055,-14.67141649533103,0.09050163325034458,0.07039815908396153,22.213382725119494
1.028,post_correction,0.060703582953943465,0.06917922846701448,-13.962348020711705,0.08800390495388133,0.06758293809381163,23.20461446656413
1.032,post_correction,0.05822810142958563,0.06581715623258205,-13.033320023620819,0.08553470628857894,0.06478498465281472,24.25883309373663
1.036,post_correction,0.055847019416263306,0.06245811983309789,-11.837875120170429,0.0830972229062557,0.062007396343747835,25.379700819003162
1.04,post_correction,0.053572846514345976,0.059102597471435384,-10.321928582997034,0.08069497787080225,0.0592538167795752,26.570626397042584
1.044,post_correction,0.051419682396095914,0.05575117690071396,-8.423806415706137,0.07833186898120778,0.05652855519252687,27.834537937441066
1.048,post_correction,0.0494032553028321,0.0524045900919783,-6.075176161466724,0.07601220878591607,0.053836735372460295,29.173567993414974
1.052,post_correction,0.04754086181654168,0.04906376184206664,-3.2033496393098138,0.07374076673991052,0.05118448113138456,30.588623641633337
1.056,post_correction,0.04585116034892909,0.045729879270794846,0.2645103792603924,0.07152281255994418,0.04857914666041449,32.07880825477928
1.06,post_correction,0.044353766998741516,0.04240449337461755,4.394832177792875,0.06936415929522106,0.04602960088524126,33.64065627994639
1.064,post_correction,0.043068610051815864,0.039089671098579463,9.238605444775992,0.06727120392258779,0.04354657441769115,35.267139758934164
1.068,post_correction,0.042015025508049794,0.03578822942836446,14.820402949636014,0.06525096237599712,0.04114307442708534,36.94640978625625
1.072,post_correction,0.04121062499139502,0.032504107185956095,21.12687639961027,0.06331109482702299,0.03883486402728276,38.66025515213973
1.076,post_correction,0.04067003525300319,0.029242976911156973,28.09699640228959,0.06145991577925176,0.03664098420793615,40.3823065108954
1.08,post_correction,0.04040367793405993,0.02601329348325221,35.616521036261304,0.05970638221628337,0.03458426162630541,42.07610586582577
1.084,post_correction,0.040416800122926665,0.022828175655110396,43.518102408703605,0.058060051830353496,0.03269168766732451,43.693319870180574
1.088,post_correction,0.040708951593202036,0.01970895925816769,51.585686963604154,0.056531002550750595,0.030994470203173,45.17261537092364
1.092,post_correction,0.041274024042748055,0.01669227994495391,59.55742060026545,0.05512970461027942,0.029527462834806856,46.44001261472168
1.096,post_correction,0.04210084374535227,0.013844885260666951,67.11494585617335,0.05386683775965857,0.02832761669275264,47.41176970672765
1.1,post_correction,0.04317418840031273,0.011294968526324233,73.83860833330124,0.05275304950501113,0.027431177498369878,48.00077387798382
1.104,post_correction,0.07961366020544484,0.09026623999545474,-13.380341718394403,0.1080862165490223,0.08826490816630575,18.338423728363768
1.108,post_correction,0.0768347677843539,0.08691815036099844,-13.123463332309113,0.10537534130062173,0.08532347576664835,19.028992254239157
1.112,post_correction,0.07410373074948151,0.08357248446712917,-12.77770177274632,0.10268405627697898,0.0823927003551944,19.760960617927743
1.116,post_correction,0.07142597400423172,0.08022951007429917,-12.325398698162488,0.10001437736682214,0.07947424439250196,20.537180268578044
1.12,post_correction,0.0688076476994162,0.0768895380175102,-11.74562797641251,0.09736851711191863,0.07657000524050911,21.360612740464166
1.124,post_correction,0.06625572115670249,0.07355293188812145,-11.013706596235235,0.09474890714331148,0.0736821583032491,22.234292167822144
1.1280000000000001,post_correction,0.06377808183699742,0.07022012042926089,-10.100709219709506,0.09215822305971483,0.07081320937219289,23.16126871683629
1.1320000000000001,post_correction,0.0613836352307795,0.06689161356917968,-8.97304031879546,0.08959941188413245,0.06796605833022837,24.144526285373114
1.1360000000000001,post_correction,0.059082398880702894,0.06356802339211225,-7.592150278912284,0.08707572217831519,0.06514407687266807,25.18686581862061
1.1400000000000001,post_correction,0.05688558014245492,0.06025009190027747,-5.914524822278364,0.08459073680397802,0.06235120349807504,26.290743107532702
1.1440000000000001,post_correction,0.05480562271559539,0.0569387282524927,-3.892129002833722,0.0821484081821716,0.05959205969294107,27.45804695230341
1.1480000000000001,post_correction,0.05285620166032172,0.05363505943626768,-1.473540949747505,0.0797530957020361,0.056872091935958644,28.68980014463979
1.1520000000000001,post_correction,0.05105214126313234,0.050340500311353654,1.3939492725892766,0.07740960464832045,0.05419774476968079,29.985762082229265
1.156,post_correction,0.049409226158107826,0.047056852114768725,4.761001590698029,0.0751232256317436,0.05157667050317759,31.343908532351854
1.16,post_correction,0.047943875895068495,0.04378644364637538,8.671456304017235,0.07289977299468636,0.04901798068905423,32.7597622387286
1.164,post_correction,0.0466726598010774,0.04053233790405249,13.156143067901962,0.07074562000639198,0.04653254259415252,34.225549807962345
1.168,post_correction,0.045611645661216185,0.03729864156112374,18.22561755793222,0.06866772784503365,0.04413331916098607,35.72916922402875
1.172,post_correction,0.04477560397125464,0.03409098037378066,23.8626007241206,0.06667366439555317,0.0418357413995806,37.252974200753755
1.176,post_correction,0.0441771268567386,0.030917250007455346,30.01525403017613,0.06477160781234423,0.0396580848581568,38.77242483611974
1.18,post_correction,0.04382575897164274,0.02778883776412874,36.59245517662482,0.06297032869760137,0.03762179335377681,40.25472927980782
1.184,post_correction,0.043727263342910654,0.024722673324098207,43.461649703018956,0.06127914379699034,0.035751651001539896,41.65771780366194
1.188,post_correction,0.04388314418173517,0.02174477567570045,50.44845559459489,0.05970783357482269,0.034075650033606034,42.92934780340969
1.192,post_correction,0.04429051414066579,0.018896529597170048,57.3350412299233,0.058266516258938805,0.03262435111777766,44.00840617826936
1.196,post_correction,0.04494233158684554,0.01624580111892153,63.85189520590735,0.05696547236858699,0.03142951965612967,44.82707094436182
1.2,post_correction,0.04582796309067643,0.013905440617874482,69.65730161220387,0.055814916775461444,0.030521902427276974,45.31586860540537
1.204,post_correction,0.08316790281047705,0.09122978766775015,-9.693505048028591,0.11450713171424311,0.09057519129994582,20.899956235058227
1.208,post_correction,0.08045428728673197,0.08791613350465842,-9.274640879401602,0.11180086057662855,0.0876075805763441,21.63961876098648
1.212,post_correction,0.07778856592540362,0.08460612712578243,-8.764220190042584,0.10911950114446645,0.08465457011580171,22.420310551342155
1.216,post_correction,0.07517575734594005,0.08130016167617639,-8.146781018850744,0.10646520029946482,0.08171803676162119,23.244368552573917
1.22,post_correction,0.07262149086990125,0.07799869353532043,-7.404423402780662,0.10384029527506287,0.07880011629924728,24.114125359030023
1.224,post_correction,0.07013207531795258,0.07470225605882409,-6.5165342964000725,0.10124733216346718,0.0759032486916053,25.031853116823882
1.228,post_correction,0.06771456938268207,0.07141147702625754,-5.459545378901797,0.09868908584897036,0.073030232293536,25.999687133288067
1.232,post_correction,0.06537685017606336,0.06812710100218553,-4.206765573311644,0.09616858130194504,0.07018428892199866,27.019523453675866
1.236,post_correction,0.0631276747986407,0.06485001828244795,-2.7283493163672357,0.09368911608768724,0.06736914200884689,28.092883333648356
1.24,post_correction,0.06097672753459169,0.06158130277106504,-0.9914852123383948,0.09125428383521615,0.06458911043018777,29.22073604038079
1.244,post_correction,0.05893464257657684,0.05832226212189585,1.0390840224156654,0.0888679982662436,0.061849220947386895,30.403269845135863
1.248,post_correction,0.05701298920921128,0.05507450495268302,3.400074760884614,0.08653451719631285,0.05915534242497661,31.63959961690621
1.252,post_correction,0.05522420355508084,0.051840032169289396,6.1280582931649885,0.08425846568121129,0.05651434495571906,32.92739845330326
1.256,post_correction,0.05358144907842649,0.04862136286826734,9.257096057441697,0.0820448571861497,0.05393428645612343,34.26244093063243
1.26,post_correction,0.05209838821047427,0.045421710650516436,12.81551654339952,0.07989911130009307,0.05142462775676981,35.63804788313095
1.264,post_correction,0.05078885118697153,0.04224523470922664,16.8218344736581,0.07782706610634614,0.048996474010433944,37.04442880644746
1.268,post_correction,0.04966639694707608,0.03909740383832219,21.279967459721465,0.07583498286643668,0.04666283436122523,38.467930501930084
1.272,post_correction,0.04874377554592159,0.035985534090737924,26.17409364025178,0.07392954020598072,0.04443888190117528,39.89022280219689
1.276,post_correction,0.04803232121137444,0.032919598167266854,31.463653354584856,0.0721178145578241,0.04234218045983825,41.28748809229615
1.28,post_correction,0.04754132674631342,0.029913466378307524,37.07902487044673,0.0704072432946971,0.040392822651979,42.62973415546112
1.284,post_correction,0.047277467757940596,0.026986839015783432,42.91818006422141,0.06880556687531429,0.03861339567226312,43.88041923666406
1.288,post_correction,0.04724435230751262,0.024168280815982487,48.84408477298706,0.06732074656530895,0.03702866289616728,44.99665439650885
1.292,post_correction,0.0474422626835207,0.021499949847452265,54.68186247592196,0.06596085502334421,0.035664833614065104,45.93030426691261
1.296,post_correction,0.04786813040187668,0.019044648424769738,60.214346654276085,0.06473393839841439,0.034548313041121756,46.63029332698844
1.3,post_correction,0.04851574865940474,0.01689499281610848,65.17627103991231,0.06364785065093768,0.03370390741727377,47.04627560463076
1.304,post_correction,0.08782668287218637,0.09230667430666187,-5.100945735358358,0.12246499006487267,0.09186150549972824,24.989578285951783
1.308,post_correction,0.08517680516576247,0.08903516603612066,-4.529825769878833,0.1198346500441238,0.08890926339724281,25.80671503233338
1.312,post_correction,0.08257382724633607,0.08576881735692979,-3.86925278522256,0.11723455633081353,0.0859757550433129,26.66347045259784
1.316,post_correction,0.08002224822721271,0.08250817919871777,-3.106549774066055,0.11466690126954496,0.08306311019539105,27.561389314832514
1.32,post_correction,0.07752706062293384,0.07925388949246397,-2.2273885475019575,0.11213404427058807,0.08017374407929953,28.501870595308123
1.324,post_correction,0.0750937981903866,0.07600669133392088,-1.215670488819604,0.1096385242093223,0.07731040434372682,29.486095420141282
1.328,post_correction,0.07272858356772983,0.07276745582003398,-0.05344838356152591,0.10718307215735931,0.07447622651060894,30.51493579017056
1.332,post_correction,0.070438173256577,0.06953721099747565,1.2790823745805069,0.10477062425106096,0.0716747994226371,31.588839968268786
1.336,post_correction,0.06822999645639262,0.06631717888084758,2.803484793916948,0.10240433443257897,0.06891024235784791,32.70768982614005
1.34,post_correction,0.06611218299178238,0.0631088232307246,4.542823463310984,0.10008758671267619,0.06618729559251706,33.870624953199744
1.344,post_correction,0.06409357410944518,0.05991391182802561,6.521187715764522,0.09782400650212919,0.06351142618004517,35.07582805999383
1.348,post_correction,0.06218370836924531,0.05673459849156086,8.762922026662956,0.09561747043893751,0.06088895046448025,36.320266385456534
1.352,post_correction,0.06039277342727025,0.053573532288853316,11.291485307640661,0.09347211400268421,0.058327174187586324,37.59938478987288
1.356,post_correction,0.05873151356345899,0.05043400463642622,14.127864963104289,0.09139233605805615,0.05583454971158541,38.90674850884977
1.36,post_correction,0.057211082855971526,0.04732014981015433,17.28849123642275,0.08938279931253752,0.053420847480142294,40.23363791354309
1.364,post_correction,0.055842835590493335,0.04423722160248649,20.782637316473558,0.08744842551835896,0.051097334855402264,41.568605092066676
1.368,post_correction,0.054638049472462376,0.041191979681110456,24.60935176342404,0.0855943841106424,0.048876949262843715,42.89701389794031
1.372,post_correction,0.05360758393406396,0.03819323533331575,28.75404461373877,0.08382607287288864,0.04677444351950256,44.20060260913101
1.3760000000000001,post_correction,0.05276148521509325,0.03525262986001421,33.184917527815074,0.08214908918428881,0.04480646900751909,45.457132328025345
1.3800000000000001,post_correction,0.052108560995983245,0.03238575169632295,37.84946066958291,0.08056919046321577,0.04299154762845869,46.640213980942654
1.3840000000000001,post_correction,0.05165595817228731,0.02961373875910155,42.67120423876117,0.07909224261362895,0.04134986885101015,47.719438108479096
1.3880000000000001,post_correction,0.05140878504290424,0.026965546044236892,47.54681321153135,0.07772415564142045,0.03990283946895235,48.660954706225866
1.3920000000000001,post_correction,0.05136982079306285,0.02448103206003075,52.343551754541544,0.07647080616424515,0.038672320620050736,49.428647924817554
1.3960000000000001,post_correction,0.051539348766641284,0.022214781143654216,56.897435308626406,0.07533794730351823,0.037679521201563156,49.985999685176516
1.4000000000000001,post_correction,0.05191513581506223,0.020239793283699632,61.01369481956083,0.07433110740727632,0.036943587527906545,50.29861814719834
1.4040000000000001,post_correction,0.09374659651035729,0.09349830985075087,0.2648487186187931,0.13157529457588085,0.09237521263477613,29.79288936229409
1.408,post_correction,0.09116634690485097,0.09027628577265145,0.9763044834169532,0.12905735602451698,0.08947094902617245,30.673499146243408
1.412,post_correction,0.0886316562969995,0.08706127265513412,1.771808976019935,0.12657369964918186,0.08658965697846692,31.58953462017525
1.416,post_correction,0.08614647437035011,0.08385401115945176,2.6611224982265425,0.12412643172362921,0.08373374710189047,32.541565934702874
1.42,post_correction,0.08371513448689169,0.08065535543319034,3.6549891157141423,0.12171779167932095,0.08090594137901637,33.529897098222044
1.424,post_correction,0.08134238467641207,0.07746629570613572,4.765152860585296,0.11935015877914373,0.0781093208168491,34.55448939838479
1.428,post_correction,0.07903341753251902,0.0742879863765263,6.004335006821862,0.11702605847096231,0.0753473807281858,35.61486927556246
1.432,post_correction,0.07679389738001123,0.0711217811647982,7.386154901274009,0.1147481682237507,0.0726240946608742,36.71001830786315
1.436,post_correction,0.07462998252087902,0.0679692774331548,8.9249720591329,0.11251932260685849,0.0699439879651902,37.838242939327074
1.44,post_correction,0.07254833971532058,0.06483237248347214,10.635622072298103,0.11034251732623379,0.06731222183815878,38.99702175622253
1.444,post_correction,0.07055614733535866,0.06171333563061481,12.533013831825736,0.10822091188096045,0.06473468832964115,40.182828619253144
1.448,post_correction,0.06866108289741625,0.05861490121256055,14.631551471253804,0.10615783045074084,0.06221811612205331,41.39093097713254
1.452,post_correction,0.06687129003346318,0.055540389596039,16.944342529886985,0.10415676057226565,0.05977018574033484,42.61516447713894
1.456,post_correction,0.06519531954654409,0.05249386587756426,19.482155708911037,0.10222134911306699,0.05739965099387878,43.847687893075005
1.46,post_correction,0.06364203921923668,0.04948034964487028,22.25209900264452,0.10035539500997577,0.055116460630545185,45.078726833703
1.464,post_correction,0.06222050775080172,0.04650609419881513,25.256003398307385,0.09856283821149454,0.05293187010918175,46.29632113920928
1.468,post_correction,0.06093980984840027,0.04357896040096862,28.48851923007336,0.09684774425640322,0.05085852785143988,47.4860997104976
1.472,post_correction,0.05980885229172301,0.04070891899891505,31.934960396240896,0.09521428394297406,0.04891051333441914,48.63111782291748
1.476,post_correction,0.0588361247777143,0.037908725406948236,35.56896286053982,0.0936667076032666,0.047103296486063276,49.711805089196325
1.48,post_correction,0.0580294343169806,0.035194820076591575,39.35005486294591,0.09220931360399362,0.0454535805557124,50.70608512398276
1.484,post_correction,0.0573956273274399,0.032588508606803505,43.221269416767086,0.09084641085710811,0.04397898686468703,51.589736512693534
1.488,post_correction,0.05694031842550319,0.03011745083455973,47.106985581818726,0.08958227534453803,0.042697544066125984,52.33706232409365
1.492,post_correction,0.05666764809117175,0.027817398726565374,50.91132301483491,0.0884211009428478,0.04162696208412459,52.92191384154925
1.496,post_correction,0.056580091771040814,0.025733898007706348,54.517751381807344,0.08736694516905355,0.040783705718715195,53.3190663359015
1.5,post_correction,0.056678339896960264,0.023923213787140938,57.79125882897645,0.08642367084430942,0.04018193375798368,53.505870133229294
1.504,post_correction,0.10104388648071562,0.09479690241567323,6.182446343485245,0.1413558821781254,0.09230717233853046,34.698739864102485
1.508,post_correction,0.0985438525122199,0.09163170063534985,7.014290288694482,0.13896306643118658,0.08947489423101526,35.61246413965503
1.512,post_correction,0.09608805600788005,0.088475743040861,7.922226011518818,0.13660695923650626,0.08666991526946304,36.55527086331504
1.516,post_correction,0.0936799140942155,0.08532998979774481,8.91324930984995,0.13428948965814785,0.08389494409088304,37.52679803575915
1.52,post_correction,0.09132313152312421,0.08219554250468393,9.99482701283525,0.13201268608115296,0.08115302369582623,38.526344622714106
1.524,post_correction,0.08902171891994706,0.07907367082828279,11.174855094193445,0.1297786789283229,0.07844757837284104,39.55279941155215
1.528,post_correction,0.08678000959258594,0.0759658451772869,12.461584719878799,0.12758970284223753,0.07578246696562572,40.60455877122824
1.532,post_correction,0.0846026738761873,0.07287377700593412,13.86350611969779,0.12544809818810673,0.07316204293458227,41.67943237778116
1.536,post_correction,0.08249472971579627,0.06979946880486941,15.38917813860774,0.123356311713702,0.0705912214441874,42.774536249087305
1.54,post_correction,0.08046154788830315,0.06674527645490733,17.046989268012556,0.12131689618322963,0.0680755533187323,43.88617294007
1.544,post_correction,0.07850884995024039,0.0637139874302436,18.844834091155207,0.11933250878347133,0.06562130507490832,45.00969958322247
1.548,post_correction,0.07664269669604969,0.06070891940114295,20.789687709054725,0.11740590808397938,0.06323554326114751,46.139385748870744
1.552,post_correction,0.07486946466302948,0.057734045169059736,22.88706026027084,0.11553994932004967,0.060926219890275586,47.268265003727976
1.556,post_correction,0.07319580808137806,0.054794151638801844,25.14031462309633,0.11373757775938574,0.05870225371338747,48.38798674122168
1.56,post_correction,0.07162860371392157,0.051895042741386926,27.549833375712275,0.11200181991290473,0.056573599336102356,49.48867850531774
1.564,post_correction,0.07017487634582976,0.04904379884255946,30.112026701883956,0.11033577235936563,0.054551292684818356,50.55883371428824
1.568,post_correction,0.06884170335747641,0.046249107990742326,32.81818180677028,0.10874258797491579,0.05264745722305112,51.58524529948139
1.572,post_correction,0.06763609791541435,0.04352168673205693,35.65316735674917,0.10722545939473165,0.0508752510457101,52.55301181930886
1.576,post_correction,0.066564871877766,0.04087480861695783,38.594024950552274,0.10578759958691455,0.04924873148610515,53.445647998050426
1.58,post_correction,0.0656344814903199,0.03832495368420811,41.60850697074454,0.10443221949036462,0.04778261274417059,54.245334459659524
1.584,post_correction,0.06485086120833032,0.035892575786432214,44.65366362502263,0.10316250275927072,0.046491895499311695,54.93333890144141
1.588,post_correction,0.06421925326362385,0.03360294540944617,47.67465564960078,0.10198157776657313,0.04539135795251953,55.490629830795164
1.592,post_correction,0.06374404255444834,0.031486946569744344,50.60409520960473,0.10089248714502749,0.04449491694327404,55.89868165375386
1.596,post_correction,0.06342860766346524,0.029581568449581395,53.36241872668391,0.09989815528305528,0.04381489509815739,56.14043625329158
1.6,post_correction,0.06327519893871117,0.027929633228343218,55.86006255721761,0.09900135433694042,0.04336126090727847,56.20134573138959
1.604,post_correction,0.10976459636705567,0.09619073384434165,12.366339395375416,0.1513317064471638,0.09179201815380686,39.3438293211507
1.608,post_correction,0.107356414349404,0.0930899380598798,13.28889044588643,0.14906299798519898,0.08904869153130267,40.26103544479587
1.612,post_correction,0.10499124985180547,0.09000103082508952,14.277588892288218,0.1468320683288629,0.08633709938454628,41.20010678377474
1.616,post_correction,0.10267202539746324,0.08692521718887547,15.336999681879107,0.144640635379654,0.08366025745714503,42.15992121608643
1.62,post_correction,0.10040187169518783,0.08386387143499487,16.471804739259273,0.1424904885705025,0.08102153442889792,43.138987562099985
1.624,post_correction,0.09818413705249637,0.08081856693689789,17.686737019762766,0.14038348933464168,0.07842469648492832,44.135384540854346
1.6280000000000001,post_correction,0.09602239537123204,0.07779111223554226,18.986490667313436,0.13832157105457124,0.07587395654594066,45.14669261816978
1.6320000000000001,post_correction,0.09392045211882913,0.07478359480417128,20.375601781011124,0.13630673839973825,0.073374027999723,46.169918772068655
1.6360000000000001,post_correction,0.09188234754871895,0.0717984343316671,21.858293516502407,0.13434106595444972,0.07093018238929763,47.20141463419121
1.6400000000000001,post_correction,0.0899123563193432,0.06883844781266366,23.43827852962834,0.13242669603145385,0.06854830994185114,48.23678910967497
1.6440000000000001,post_correction,0.08801498254077315,0.06590692929231153,25.118511201453707,0.13056583556208742,0.06623498100595206,49.27081749922581
1.6480000000000001,post_correction,0.0861949491727207,0.06300774778527647,26.90088179178671,0.12876075195151584,0.06399750533927241,50.297350419815565
1.6520000000000001,post_correction,0.0844571806237549,0.0601454676665368,28.78584482416413,0.12701376778806228,0.06184398469848502,51.30922751486349
1.6560000000000001,post_correction,0.0828067773792607,0.057325496677991666,30.771974840372096,0.1253272542997099,0.05978335229922688,52.298203105718834
1.6600000000000001,post_correction,0.08124898153950764,0.05455426750736083,32.85544449460748,0.12370362345935235,0.05782539047455093,53.25489354517435
1.6640000000000001,post_correction,0.07978913230593149,0.05183945944965657,35.029423241637566,0.12214531865405907,0.055980715423546115,54.16875895007067
1.668,post_correction,0.0784326107395829,0.04919026651165531,37.28340030018883,0.12065480385325354,0.054260715658545955,55.02813487265656
1.672,post_correction,0.07718477355162949,0.046617716643282944,39.602444241026376,0.11923455123686474,0.052677429245565045,55.82033169150863
1.676,post_correction,0.07605087628137729,0.04413504214345351,41.96642523859921,0.11788702727760486,0.05124334510736435,56.531820090182975
1.68,post_correction,0.07503598696347943,0.04175809135955022,44.349247541883884,0.11661467731159578,0.04997111668214946,57.14851866491381
1.684,post_correction,0.07414489224842173,0.03950575312743644,46.71817312098478,0.11541990867828976,0.04887318326026053,57.65619309534814
1.688,post_correction,0.07338199885471001,0.03740033364263885,49.033367547416816,0.11430507256313062,0.04796130602139889,58.04096445946448
1.692,post_correction,0.07275123410347172,0.03546777696000615,51.247868992075816,0.11327244473325408,0.04724604165194885,58.28990734400689
1.696,post_correction,0.07225594999996578,0.0337375565892689,53.30826514732021,0.11232420541566569,0.04673619410178155,58.39169845107729
1.7,post_correction,0.0718988357579157,0.032242002240574004,55.15643347948882,0.11146241862609793,0.04643830025544368,58.33725768034737
1.704,post_correction,0.11987501939339212,0.09766757219768987,18.52550039873144,0.1610881567704534,0.09092119573047072,43.55811280401504
1.708,post_correction,0.11756840164737908,0.09463916117405802,19.50289376399991,0.1589358047415832,0.08827851402185155,44.45649665575023
1.712,post_correction,0.11530361804867383,0.09162570709336319,20.53527144769675,0.15682136609991845,0.08567214869710454,45.36959419004252
1.716,post_correction,0.11308314330402197,0.0886286784632579,21.625207901250747,0.154746353353308,0.08310542685088237,46.29571227365802
1.72,post_correction,0.11090959794842115,0.08564973880907427,22.775178710046408,0.15271232994166506,0.08058204173414203,47.23278613788176
1.724,post_correction,0.10878575222546628,0.08269077853041595,23.987492076137528,0.15072090959682616,0.07810609325763206,48.178329425848425
1.728,post_correction,0.10671452877628546,0.07975395274044825,25.264203801486964,0.14877375527146183,0.0756821311348791,49.12938038245739
1.732,post_correction,0.10469900379831967,0.07684172629747031,26.60701295163273,0.1468725775826086,0.07331519989244388,50.08244486537476
1.736,post_correction,0.10274240628866783,0.07395692747301562,28.017135139677144,0.1450191327136062,0.07101088447228977,51.0334373516583
1.74,post_correction,0.1008481149424697,0.07110281196342927,29.495150202866043,0.14321521971740256,0.06877535447432888,51.97762178486414
1.744,post_correction,0.09901965223848343,0.0682831392311222,31.04082100120289,0.14146267716458233,0.06661540420703423,52.90955498492958
1.748,post_correction,0.09726067521636987,0.06550226343163214,32.65288022531895,0.1397633790813747,0.06453848461416274,53.82303645035201
1.752,post_correction,0.09557496243907633,0.06276524139258917,34.32878256939051,0.13811923012658509,0.06255272183922163,54.71106971716205
1.756,post_correction,0.09396639664597985,0.06007796016893854,36.06442056591424,0.13653215996217793,0.06066691574264743,55.56584195294841
1.76,post_correction,0.09243894264567756,0.05744728644752152,37.853804031792706,0.13500411678037924,0.05889051025050136,56.378730030653266
1.764,post_correction,0.09099662007921044,0.05488123925363376,39.68870579384057,0.13353705996091672,0.05723352625735894,57.14034270777722
1.768,post_correction,0.08964347081207552,0.05238918561336389,41.55828066587227,0.13213295184554563,0.05570644734429932,57.84060935124167
1.772,post_correction,0.08838352089172098,0.04998205543670477,43.448671276698754,0.1307937486334118,0.054320049360731565,58.46892536662468
1.776,post_correction,0.08722073723806781,0.04767256605656112,45.3426242816092,0.12952139042004998,0.05308516758757605,59.014362480655976
1.78,post_correction,0.08615897951477747,0.04547543753257153,47.219154882432356,0.128317790424731,0.052012400298173646,59.46594768658893
1.784,post_correction,0.0852019479488753,0.04340756596947471,49.05331742471304,0.12718482347510454,0.05111175526532854,59.81300766177242
1.788,post_correction,0.08435312820889702,0.04148810329751276,50.816165116284495,0.12612431384409245,0.05039225565787195,60.045566059400784
1.792,post_correction,0.08361573479228263,0.039738369676936725,52.47500990614459,0.125138022561017,0.049861532419512015,60.15477038947163
1.796,post_correction,0.08299265468008503,0.038181504241304225,53.994116240185434,0.12422763434605709,0.04952543927687657,60.13331531459814
1.8,post_correction,0.08248639325600024,0.03684175267129312,55.335963645600216,0.1233947443431669,0.049387731139166294,59.975822793702974
1.804,post_correction,0.1312702953270402,0.09921687529222831,24.417877597483592,0.17028980129530452,0.08975532609024903,47.29260037446301
1.808,post_correction,0.1290714840192864,0.09626929683575393,25.413969191390894,0.16824347543029788,0.0872213253442248,48.157677365408446
1.812,post_correction,0.12691327588272197,0.09334016190675232,26.453587099110024,0.1662346459749147,0.08472842510489562,49.030826511531544
1.816,post_correction,0.12479774915101402,0.09043121195213452,27.5377860840211,0.16426464500491708,0.08228026592226426,49.90993593307842
1.82,post_correction,0.12272708122305054,0.08754440520275039,28.667410378934484,0.16233484100677964,0.07988086170404667,50.792533994159285
1.824,post_correction,0.12070354945119004,0.08468194899376012,29.843033300355668,0.16044663776018964,0.07753463439440313,51.67574997097185
1.828,post_correction,0.1187295310277824,0.08184633739782109,31.064886141368437,0.15860147288254303,0.07524644899216307,52.55627351715136
1.832,post_correction,0.11680750179108534,0.07904039502939797,32.33277502093597,0.15680081600350992,0.07302164756543182,53.430314059209195
1.836,post_correction,0.11494003375645159,0.07626732797167908,33.64598436321741,0.15504616653797465,0.07086608035882778,54.293561755703955
1.84,post_correction,0.1131297911661795,0.07353078284841602,35.00316575286114,0.15333905102657452,0.06878613139767313,55.14115227845508
1.844,post_correction,0.11137952484320096,0.07083491508560759,36.40221110179065,0.15168102001480102,0.06678873517610627,55.96763842332479
1.848,post_correction,0.10969206463159169,0.06818446734102351,37.840109428128905,0.15007364444430282,0.06488138010577771,56.76697241143012
1.852,post_correction,0.10807030971273278,0.06558485885928338,39.312787171964395,0.14851851153377135,0.06307209347277071,57.532503644551504
1.856,post_correction,0.10651721660198636,0.06304228604106231,40.81493297311087,0.1470172201316912,0.061369401835775994,58.256997526681474
1.86,post_correction,0.10503578465915078,0.06056383365901766,42.33980937491735,0.14557137552939672,0.05978226030532594,58.93268158804099
1.864,post_correction,0.10362903898877557,0.05815759471963704,43.879056211322876,0.144182583730349,0.058319944257376334,59.55132530677452
1.868,post_correction,0.10230001066526724,0.05583279471193232,45.422493752594896,0.14285244518034812,0.05699189809990905,60.104359412288666
1.872,post_correction,0.10105171429355081,0.053599912609315466,46.95793833481135,0.14158254797350378,0.05580753807700326,60.58303874609796
1.8760000000000001,post_correction,0.09988712300877547,0.05147078621506512,48.471049455951174,0.1403744605601079,0.05477601000694482,60.97864968571694
1.8800000000000001,post_correction,0.09880914112670874,0.049458683105706475,49.94523528720616,0.13922972399492667,0.0539059083016896,61.282758627278575
1.8840000000000001,post_correction,0.0978205747769202,0.04757831072724633,51.36165286725348,0.13814984377763587,0.053204969180068916,61.48749233064141
1.8880000000000001,post_correction,0.09692410097863459,0.04584573105776332,52.6993486709056,0.13713628135083436,0.052679757721216434,61.58583476064488
1.8920000000000001,post_correction,0.09612223574734553,0.04427813878780131,53.93559206822332,0.13619044533491526,0.05233537388997491,61.57191955627032
1.8960000000000001,post_correction,0.09541730194038775,0.04289346090621454,55.046453804560144,0.13531368259257803,0.05217520528681442,61.441293823987436
1.9000000000000001,post_correction,0.09481139765191536,0.04170974510396711,56.00766770984891,0.1345072692284161,0.05220075280538818,61.19112884765918
1.9040000000000001,post_correction,0.14379307625109325,0.10083119609070969,29.87757218947246,0.17867959411723097,0.08833356074047916,50.56315122222414
1.9080000000000001,post_correction,0.1417046085479017,0.09797338152053729,30.860836126286987,0.17672854007853395,0.0859139825937136,51.38646957897378
1.9120000000000001,post_correction,0.13965542464194625,0.0951378896378184,31.876695887942454,0.17481430023740585,0.08354056199161498,52.21182599011461
1.9160000000000001,post_correction,0.137647259710229,0.0923267333030129,32.92512070536207,0.17293805698115164,0.08121725461799802,53.03679477163907
1.92,post_correction,0.13568191459230686,0.08954215797045696,34.00582661328838,0.17110101907077327,0.0789483899866051,53.85860913315231
1.924,post_correction,0.13376125507292178,0.08678667274548647,35.11822784694004,0.16930442035850796,0.07673869845323082,54.67413178537573
1.928,post_correction,0.13188721052848232,0.08406308570750809,36.261381698300575,0.1675495182428631,0.07459333604763943,55.479826602953075
1.932,post_correction,0.13006177184754422,0.08137454395825337,37.43392635490237,0.16583759184228453,0.0725179052938346,56.271732790958005
1.936,post_correction,0.12828698853200002,0.07872457882200223,38.63401134997794,0.16416993986947298,0.0705184696404342,57.0454434615122
1.94,post_correction,0.1265649648841106,0.07611715653847105,39.859220434211124,0.16254787818970431,0.06860155851358152,57.796091048620845
1.944,post_correction,0.12489785518535865,0.07355673462112516,41.106486967321466,0.1609727370483842,0.06677415937421416,58.518342547568416
1.948,post_correction,0.12328785777699762,0.07104832376486973,42.37200236427051,0.15944585795552227,0.06504369258314022,59.206408107958325
1.952,post_correction,0.12173720795972907,0.06859755472515283,43.65111877065141,0.15796859021789347,0.06341796446577327,59.8540669519821
1.956,post_correction,0.12024816964181424,0.06621074888841212,44.93824805347518,0.15654228711340504,0.06190509388352746,60.45471480898888
1.96,post_correction,0.11882302568167068,0.06389499023044883,46.22676045834347,0.15516830170661952,0.06051340806066768,61.00143689457796
1.964,post_correction,0.11746406689310017,0.06165819492569426,47.50888798886287,0.15384798230950733,0.05925130460098817,61.48710973551285
1.968,post_correction,0.11617357970902774,0.05950917294518433,48.775639784679946,0.15258266759729225,0.05812707874572839,61.90453367931554
1.972,post_correction,0.11495383253303867,0.05745767352259132,50.01673954100007,0.1513736813956647,0.05714871805814752,62.24659562267588
1.976,post_correction,0.11380706084680554,0.05551440342868241,51.2205982514479,0.15022232716258727,0.05632367076480292,62.50645837496367
1.98,post_correction,0.11273545118500723,0.053691003806226545,52.374339001743444,0.14912988219530504,0.05565859855912498,62.67776937808294
1.984,post_correction,0.11174112413643068,0.05199996839779333,53.46389362048676,0.14809759160084024,0.055159129095063895,62.75487771352052
1.988,post_correction,0.11082611657898787,0.050454484261173924,54.474192709609156,0.14712666207602687,0.05482962674382373,62.733045139370574
1.992,post_correction,0.10999236340528942,0.04906817686346811,55.38946946465152,0.14621825555081058,0.05467300148043295,62.608635102041575
1.996,post_correction,0.10924167904167355,0.04785474643707031,56.19369195267068,0.14537348275585815,0.054690574271050785,62.37926392470163
2.0,post_correction,0.10857573910438632,0.04682749320311506,56.871126469519666,0.14459339678223293,0.05488201284365834,62.043900990641895
2.004,post_correction,0.1572540815981524,0.10250706771530393,34.81436750414477,0.1860684992211561,0.08668004735919317,53.414980116452945
2.008,post_correction,0.15527534003500734,0.09974840111145103,35.7603074068539,0.18420249170090677,0.0843794653057406,54.19200656484647
2.012,post_correction,0.15333448195512783,0.09701628375469329,36.7289845586824,0.1823725436747717,0.08213045718655501,54.965558119856155
2.016,post_correction,0.15143295204696788,0.09431298606025007,37.71964107851618,0.18057971776772058,0.07993729579937238,55.73296005357833
2.02,post_correction,0.14957223739331052,0.09164101920639546,38.731264034368174,0.17882509605722385,0.07780462046883362,56.49121841157227
2.024,post_correction,0.14775386616499686,0.0890031631807774,39.7625486960947,0.17710977876537878,0.07573745438832799,57.23700017227222
2.028,post_correction,0.14597940588563785,0.08640249777581388,40.811858185323274,0.17543488274448923,0.07374121710114423,57.96661647470415
2.032,post_correction,0.14425046122423876,0.08384243660276718,41.877179531209066,0.1738015397447658,0.07182172992862042,58.67601056118756
2.036,post_correction,0.14256867127298212,0.08132676407152818,42.956076292660065,0.17221089445382495,0.06998521170108594,59.36075245236523
2.04,post_correction,0.14093570626876978,0.07885967509749635,44.04563812444525,0.17066410229899495,0.06823826172186047,60.01604273972599
2.044,post_correction,0.13935326371972695,0.0764458170268585,45.14242796594309,0.16916232700511644,0.066587826565143,60.63672819827726
2.048,post_correction,0.13782306390189794,0.07409033289150138,46.2424279406249,0.1677067379025723,0.06504114717322522,61.21733211994721
2.052,post_correction,0.13634684469701897,0.07179890458616232,47.34098559764317,0.16629850698271834,0.06360568290169419,61.75210225531125
2.056,post_correction,0.1349263557496852,0.06957779387457268,48.43276282978167,0.16493880570071462,0.06228900980415792,62.235078919400685
2.06,post_correction,0.13356335193157676,0.06743387825548947,49.511690684406304,0.16362880152898301,0.061098691684993885,62.66018505661935
2.064,post_correction,0.13225958611173566,0.06537467764706126,50.57093435039834,0.16236965426811964,0.06004212436959121,63.02133878388128
2.068,post_correction,0.13101680124520146,0.06340836660479436,51.60287382827802,0.16116251212604782,0.05912635624111227,63.31258711401286
2.072,post_correction,0.12983672180752853,0.06154376545566863,52.59910709475411,0.16000850758046506,0.05835789121643686,63.528257279013836
2.076,post_correction,0.12872104461963046,0.059790302473645335,53.55048379981289,0.15890875304415497,0.05774248364061148,63.663119535922014
2.08,post_correction,0.12767142912571539,0.05815793831717703,54.447178420858656,0.15786433635742989,0.05728493754545805,63.71255290000658
2.084,post_correction,0.1266894872063434,0.056657043803609426,55.27881195751452,0.15687631613674166,0.05698892470723862,63.6727033687073
2.088,post_correction,0.12577677262829404,0.05529822322773786,56.03463018473231,0.1559457170132444,0.05685683633887497,63.54062334777289
2.092,post_correction,0.12493477025226218,0.05409207839810766,56.703743650476504,0.15507352479968006,0.056889681660462044,63.31438152711712
2.096,post_correction,0.12416488513762505,0.05304891379638027,57.275429572877584,0.1542606816282586,0.057087042979913384,62.99313449328376
2.1,post_correction,0.12346843169974513,0.05217839082237614,57.73948846352451,0.15350808110606173,0.05744709171250429,62.57715470183425
2.104,post_correction,0.17144956312876283,0.10424560229992307,39.19751068619985,0.1923212442895369,0.08480843776508498,55.90271991095945
2.108,post_correction,0.16957760815384798,0.10159586030156724,40.08887057223075,0.19053089629324818,0.0826312294541119,56.6310603363072
2.112,post_correction,0.16774209158962877,0.09897717825377937,40.99442941493703,0.18877590417891854,0.08051147800428625,57.35076552567914
2.116,post_correction,0.16594421652914482,0.09639205734766972,41.91297571931929,0.18705723755394763,0.07845377544633121,58.05894683775333
2.12,post_correction,0.1641852126946795,0.09384323882564766,42.84306285234134,0.18537588067770208,0.07646306357152571,58.752420599708
2.124,post_correction,0.16246633501494182,0.09133372743457248,43.78298284000028,0.1837328311812465,0.07454463932859247,59.42769789735805
2.128,post_correction,0.1607888619204778,0.08886681638823121,44.730738605400084,0.18212909862036133,0.07270415259249213,60.08097929258401
2.132,post_correction,0.15915409333771557,0.08644611358268839,45.6840149255509,0.18056570285491771,0.07094759393600561,60.708156192313496
2.136,post_correction,0.1575633483631795,0.08407556864135299,46.64014854040742,0.1790436722486578,0.06928126976796588,61.30482083067013
2.14,post_correction,0.15601796260108736,0.08175950014609001,47.59609804985352,0.17756404168463566,0.06771176206096682,61.86628699225772
2.144,post_correction,0.15451928514980806,0.07950262212605584,48.54841449144861,0.17612785039301515,0.06624586996018023,62.38762364250862
2.148,post_correction,0.1530686752255841,0.07731006851816523,49.493213811232145,0.17473613958961381,0.06489053094087015,62.863703471261076
2.152,post_correction,0.1516674984155448,0.07518741387700455,50.4261528260966,0.17338994992551693,0.06365271996347419,63.2892679242266
2.156,post_correction,0.150317122556386,0.07314068810010084,51.342410727251135,0.17209031875027617,0.0625393263389117,63.65900952879063
2.16,post_correction,0.14901891324019284,0.07117638236246546,52.23667867732911,0.17083827719363168,0.06155700978846305,63.96767118021622
2.164,post_correction,0.14777422895471315,0.06930144285841891,53.10316057906348,0.169634847073345,0.06071203940018975,64.21016056097265
2.168,post_correction,0.1465844158719198,0.06752324839383411,53.93558858751158,0.16848103763957398,0.06001012166737686,64.38167611731204
2.172,post_correction,0.1454508023058605,0.06584956745984834,54.72725731592948,0.1673778421692272,0.059456226234136086,64.47783920286
2.176,post_correction,0.14437469286847981,0.06428849029289146,55.47108082754089,0.16632623442685832,0.0590544199528624,64.49482539158217
2.18,post_correction,0.14335736236016255,0.0628483317663404,56.15967625824199,0.1653271650118449,0.05880772092255617,64.42948687933838
2.184,post_correction,0.14240004944002166,0.06153750196647618,56.785477105894174,0.1643815576147802,0.05871798393905683,64.27945762829464
2.188,post_correction,0.1415039501292049,0.06036434316034816,57.34087768911716,0.16349030520911526,0.05878582705038477,64.0432336491184
2.192,post_correction,0.14067021120848508,0.0593369346643113,57.818407924070726,0.16265426620704443,0.05901060575892789,63.72022257085305
2.196,post_correction,0.1398999235788426,0.05846287080633887,58.21093442314049,0.16187426061134266,0.059390437242204164,63.31075921650101
2.2,post_correction,0.1391941156603523,0.05774902144091329,58.51188021350936,0.16115106619725217,0.05992227241177402,62.8160869016976
2.204,post_correction,0.1861740652874037,0.10605307175695466,43.03552882447044,0.19734127274716287,0.08272577896430963,58.079839147333686
2.208,post_correction,0.18440444866583322,0.10352235534551016,43.86124841645918,0.19561804942305672,0.08067709530844072,58.75784696433455
2.212,post_correction,0.18266982580743268,0.10102741525248941,44.693977340849536,0.19392961001400807,0.07869235811810196,59.422205761968065
2.216,post_correction,0.18097120154809462,0.0985709440002957,45.53224869090587,0.19227685452403775,0.07677647970855098,60.069827489843476
2.22,post_correction,0.17930959685611475,0.09615586392923671,46.37439065439646,0.1906606942604749,0.07493469316393249,60.697356392944336
2.224,post_correction,0.17768604750525366,0.0937853448174804,47.218509199655955,0.18908205059264394,0.07317254310968717,61.301169053148676
2.228,post_correction,0.17610160256515206,0.09146282161261515,48.06247059632704,0.18754185357148617,0.07149586612087439,61.87738109689633
2.232,post_correction,0.17455732270084667,0.08919201179626121,48.903884170406904,0.1860410404058241,0.06991075848373803,62.42186222392818
2.236,post_correction,0.17305427827419126,0.0869769317378453,49.74008582438106,0.18458055379188917,0.06842352904265825,62.930261266956435
2.24,post_correction,0.17159354724130502,0.0848219111950585,50.56812301002386,0.1831613400938138,0.06704063510092068,63.39804291310437
2.244,post_correction,0.1701762128417702,0.08273160488676515,51.38474202402836,0.18178434737403562,0.0657685998765807,63.820537451854086
2.248,post_correction,0.16880336107718877,0.08071099980326028,52.18637870228571,0.18045052327398853,0.06461391090858606,64.19300441125405
2.2520000000000002,post_correction,0.16747607797889935,0.07876541663887913,52.96915381025166,0.17916081274704385,0.06358290009678501,64.51071017044484
2.2560000000000002,post_correction,0.16619544666713687,0.07690050345167114,53.72887465100614,0.17791615564742927,0.06268160772034938,64.76901859066497
2.2600000000000002,post_correction,0.16496254420669432,0.07512221940398696,54.46104461758269,0.17671748418076072,0.061915634710605495,64.96349243673409
2.2640000000000002,post_correction,0.1637784382671857,0.07343680625971145,55.160882569958474,0.17556572022387457,0.06128998946022004,65.09000197643057
2.2680000000000002,post_correction,0.16264418359929492,0.07185074526629051,55.82335397661156,0.1744617725238099,0.06080893724643314,65.14483581889887
2.2720000000000002,post_correction,0.16156081834187808,0.07037069720325526,56.44321567228995,0.17340653378803916,0.06047586159271737,65.1248080036943
2.2760000000000002,post_correction,0.16052936017841332,0.06900342381108852,57.015075787757645,0.17240087768034623,0.06029314726274026,65.0273548058545
2.2800000000000002,post_correction,0.15955080236500818,0.06775568959744181,57.533469845901806,0.17144565573905732,0.06026209383994792,64.85061486091682
2.2840000000000003,post_correction,0.15862610965588358,0.06663414420068328,57.992953149241046,0.1705416942366042,0.060382866939040804,64.59348711801378
2.2880000000000003,post_correction,0.15775621415588942,0.06564518707445749,58.38820839755376,0.16968979100157935,0.060654491189736474,64.25566274097659
2.2920000000000003,post_correction,0.15694201113305356,0.06479481816856607,58.714166015348304,0.16889071222648433,0.06107488561032715,63.83762919513002
2.2960000000000003,post_correction,0.15618435482733348,0.06408848035485151,58.966133051096406,0.1681451892862075,0.06164093837102052,63.340647072513796
2.3000000000000003,post_correction,0.15548405429451173,0.06353090131931327,59.13992492183439,0.1674539155938462,0.062348614779457745,62.76670237399393
2.3040000000000003,post_correction,0.20122898316618357,0.10794185922791984,46.358691710539134,0.20105657176892908,0.0804378124996007,59.99244800013474
2.308,post_correction,0.1995564315244028,0.1055405503501624,47.112428527638635,0.19939273162486632,0.07852480624402558,60.618019722122746
2.312,post_correction,0.19791747230593124,0.10317985054113643,47.86723509602729,0.19776329627012781,0.07668303913310122,61.22483768254008
2.316,post_correction,0.196312949162425,0.10086259266098833,48.62152848738631,0.196169117168882,0.07491774048033031,61.80961531481347
2.32,post_correction,0.19474371497241413,0.09859181968676328,49.373555033224555,0.19461105476679386,0.07323441454007523,62.36883119109886
2.324,post_correction,0.19321063068554728,0.096370795743183,50.12138027745085,0.19308997727973526,0.0716388134229425,62.89874056012903
2.328,post_correction,0.19171456404889653,0.09420301604569908,50.862879660163564,0.19160675936193067,0.07013689716537092,63.39539513170951
2.332,post_correction,0.19025638821236904,0.09209221517832952,51.5957303491256,0.19016228065088048,0.06873477913760448,63.85467249217795
2.336,post_correction,0.18883698021105488,0.09004237300004758,52.31740472686487,0.1887574241872583,0.06743865536717898,64.2723163565339
2.34,post_correction,0.18745721932325823,0.08805771733469961,53.02516614052106,0.18739307470896438,0.0662547170359001,64.6439885044852
2.344,post_correction,0.1861179853039981,0.08614272245715153,53.71606762428185,0.1860701168196325,0.0651890464116688,64.96533267893848
2.348,post_correction,0.18482015649493563,0.08430210225309119,54.386954403752384,0.1847894330331334,0.06424749779808547,65.23204993731126
2.352,post_correction,0.18356460781298314,0.08254079681685135,55.03447107791908,0.1835519016969865,0.06343556666200001,65.43998396337973
2.356,post_correction,0.18235220862126036,0.08086395118134422,55.65507443384136,0.18235839479908067,0.06275825179726169,65.58521374000487
2.36,post_correction,0.1811838204875914,0.07927688487266162,56.24505286436932,0.18120977566369298,0.062219916993484635,65.66414986961934
2.364,post_correction,0.18006029483735309,0.07778505107944811,56.80055330926195,0.18010689654447853,0.0618241599385538,65.67362986942261
2.368,post_correction,0.17898247050918048,0.07639398445606532,57.31761650247928,0.1790505961238492,0.061573696717210843,65.61100713978055
2.372,post_correction,0.17795117122379245,0.07510923696864129,57.79222106148239,0.1780416969299562,0.061470270048476945,65.47422816765214
2.376,post_correction,0.17696720297797083,0.07393630176513578,58.22033658160971,0.17708100268429403,0.06151458822010073,65.26189298251772
2.38,post_correction,0.17603135137751402,0.07288052580809408,58.597985394206475,0.176169295594736,0.06170629958242239,64.97329493535979
2.384,post_correction,0.17514437892471918,0.071947012929059,58.921312022246866,0.1753073336105424,0.06204400468981769,64.60843741560018
2.388,post_correction,0.1743070222776188,0.07114051999009526,59.18665865521484,0.17449584765752393,0.06252530510237896,64.16802695208261
2.392,post_correction,0.17351998949974556,0.07046534987677171,59.3906442249554,0.1737355388730444,0.06314688492752897,63.653444000497245
2.396,post_correction,0.1727839573205989,0.06992524597137202,59.53024397882818,0.17302707586187208,0.06390461880302384,63.06669433976966
2.4,post_correction,0.1720995684281824,0.0695232934187773,59.60286591433867,0.1723710919949911,0.06479369849130126,62.41034517946658
2.404,post_correction,0.2164283804457962,0.10993242118362687,49.20609720537132,0.20340761068577082,0.07795946147081875,61.673281934739165
2.408,post_correction,0.214847359892629,0.10767121711602079,49.88478463508697,0.20179626387666078,0.07619326529806576,62.24247969990387
2.412,post_correction,0.21329861125055125,0.10545547731441797,50.55969811704743,0.2002192015389395,0.0745066958664446,62.787437321812405
2.416,post_correction,0.21178284801027444,0.10328811431164635,51.229235378572575,0.19867724708548273,0.0729052831623962,63.30466410628892
2.42,post_correction,0.21030078838682909,0.10117222235008351,51.891658074059876,0.1971712313702154,0.07139476147579812,63.790477454723145
2.424,post_correction,0.20885315434487128,0.09911108163507615,52.54508750611553,0.19570199148642753,0.06998102058931094,64.24102787213369
2.428,post_correction,0.207440670547647,0.0971081606228045,53.18750157987956,0.19427036945580042,0.06867004235663306,64.65233347267784
2.432,post_correction,0.20606406322903023,0.0951671157849738,53.816733352869896,0.19287721080653306,0.06746782187501311,65.02032479996444
2.436,post_correction,0.20472405898859086,0.09329178821962299,54.43047159160611,0.19152336303978348,0.06638027329837093,65.34090032421668
2.44,post_correction,0.20342138351025518,0.091486196412748,55.026263790927445,0.1902096739845787,0.06541312146096599,65.60999233600002
2.444,post_correction,0.20215676020577705,0.08975452440767528,55.60152214731112,0.1889369900423872,0.06457178184472716,65.82364214109649
2.448,post_correction,0.20093090878495748,0.08810110461874435,56.15353299723892,0.18770615432369658,0.06386123292362993,65.97808252280203
2.452,post_correction,0.1997445437553174,0.08653039454545586,56.679470228006004,0.18651800468018326,0.06328588638997303,66.06982446628281
2.456,post_correction,0.19859837285473877,0.08504694671680661,57.17641313254229,0.18537337163739356,0.0628494619922306,66.09574426084798
2.46,post_correction,0.19749309542144763,0.08365537133730085,57.64136910266083,0.18427307623426611,0.06255487445314593,66.05316645736136
2.464,post_correction,0.1964294007065866,0.0823602913286415,58.07130142820833,0.18321792777729554,0.06240413997711565,65.93993790118131
2.468,post_correction,0.19540796613553588,0.08116628977267344,58.463162286651034,0.18220872151864603,0.06239830906720606,65.75448828841014
2.472,post_correction,0.19442945552504434,0.08007785016260927,58.813930766629916,0.1812462362690567,0.0625374307540334,65.49587343640188
2.476,post_correction,0.19349451726414235,0.07909929035101688,59.12065547416146,0.18033123195789988,0.06282055104335015,65.1637986602253
2.48,post_correction,0.1926037824676873,0.07823469162091518,59.38050093380672,0.17946444715424142,0.06324574570530936,64.75862115968152
2.484,post_correction,0.19175786311224488,0.07748782486194777,59.59079664097503,0.178646596564169,0.06381018482729166,64.2813319399727
2.488,post_correction,0.19095735016479876,0.07686207635409799,59.74908727641802,0.17787836852097583,0.06451022420887353,63.73351928890311
2.492,post_correction,0.1902028117155072,0.0763603760837393,59.85318229787575,0.1771604224859658,0.06534151699076854,63.117317020428345
2.496,post_correction,0.18949479112635664,0.07598513177536233,59.90120291765971,0.1764933865786646,0.06629913804489705,62.43534144246987
2.5,post_correction,0.18883380520809273,0.0757381718592103,59.89162439651752,0.1758778551560304,0.0673777136229519,61.690621276238765
2.504,post_correction,0.231603962092436,0.11205739392409376,51.61680615836344,0.20433932327796556,0.07533884450574707,63.13052069607639
2.508,post_correction,0.23010920562751494,0.10994750739901614,52.219422469785215,0.20277488789974793,0.07373828501963622,63.63539598843596
2.512,post_correction,0.22864551649900688,0.10788787219259557,52.81435042131509,0.20124498010691783,0.07222727867433075,64.10977375139608
2.516,post_correction,0.22721350381279734,0.1058814125482195,53.40003530976052,0.19975041812513664,0.07081160298147916,64.54996007211449
2.52,post_correction,0.22581377848933004,0.10393119869219954,53.97481969989249,0.19829202676973642,0.06949713014623805,64.95213081515348
2.524,post_correction,0.22444695245252574,0.1020404447032548,54.53694354578593,0.19687063622334466,0.06828975239320435,65.31237278284031
2.528,post_correction,0.2231136377689556,0.1002125039323443,55.08454573443918,0.19548708070905982,0.06719529264267099,65.62673482107157
2.532,post_correction,0.22181444573767617,0.09845086152924387,55.61566731966837,0.19414219705827007,0.06621940154582576,65.89128867952876
2.536,post_correction,0.22054998593149774,0.09675912361656738,56.1282567269714,0.19283682317305423,0.06536744314223081,66.10219870529124
2.54,post_correction,0.21932086519084748,0.09514100265468524,56.62017721300892,0.19157179638404304,0.06464437279485821,66.25579860134215
2.544,post_correction,0.21812768657180873,0.09360029856860834,57.089216852902965,0.1903479517056591,0.06405461244077297,66.34867259311379
2.548,post_correction,0.21697104825035438,0.09214087526711841,57.53310130077785,0.18916611999178098,0.06360192937417444,66.37773752671046
2.552,post_correction,0.21585154238525595,0.09076663228167736,57.94950951998511,0.18802712599608826,0.06328932553468837,66.34032180228876
2.556,post_correction,0.21476975394262376,0.08948147139317182,58.33609260590903,0.1869317863426298,0.06311894440753685,66.23423675423221
2.56,post_correction,0.21372625948552204,0.08828925830123029,58.690495723942114,0.18588090741350025,0.0630920020214742,66.05783622460845
2.564,post_correction,0.21272162593259736,0.08719377962292621,59.010383057830566,0.18487528316189722,0.0632087471359663,65.81006067716811
2.568,post_correction,0.2117564092901526,0.08619869577939586,59.29346551145718,0.18391569286023934,0.06346845365867418,65.49046322713475
2.572,post_correction,0.2108311533625872,0.085307490628453,59.537530735914885,0.18300289879443782,0.06386944587384863,65.09921629952352
2.576,post_correction,0.2099463884466001,0.08452341901029298,59.7404748728071,0.1821376439167983,0.0644091545225101,64.63709909856271
2.58,post_correction,0.20910263001500617,0.08384945366725786,59.900335227136814,0.18132064947136378,0.0650841995037622,64.10546747239562
2.584,post_correction,0.2083003773964433,0.08328823324814126,60.015322924919765,0.18055261260676217,0.06589049325439002,63.50620890881407
2.588,post_correction,0.20754011245763831,0.08284201328156615,60.08385448934586,0.1798342039927603,0.06682335788934374,62.84168617220677
2.592,post_correction,0.2068222982952418,0.08251262207260915,60.1045812019644,0.17916606545772445,0.0678776489897454,62.11467343643731
2.596,post_correction,0.20614737794454036,0.08230142341982342,60.076415116002636,0.17854880766501133,0.06904787942164793,61.32828870456879
2.6,post_correction,0.20551577311258157,0.08220928785503787,59.99855066598533,0.17798300784692916,0.07032833758237013,60.48592591330142
2.604,post_correction,0.24661168479917878,0.11436999183514827,53.623449785730045,0.20380235046784353,0.07271516532414966,64.32074254431976
2.608,post_correction,0.245198828431875,0.11242367168900877,54.14999638946314,0.20228204916696532,0.071314301443456,64.74511616965451
2.612,post_correction,0.24381599176891444,0.11053224477743413,54.6657116395404,0.20079709298816745,0.07001510024820953,65.13141738942636
2.616,post_correction,0.24246370125203964,0.10869857423440972,55.16913514348354,0.19934832599195934,0.06882343184501181,65.47579143062993
2.62,post_correction,0.2411424832871427,0.10692562797837596,55.65873481901019,0.19793659877103612,0.06774508805893459,65.77434972634902
2.624,post_correction,0.2398528635708344,0.10521647111981325,56.13291017109735,0.19656276716338392,0.06678567983374918,66.02322973086932
2.628,post_correction,0.23859536638429932,0.10357425584357942,56.58999694203823,0.19522769085882372,0.06595052384266285,66.21866316579339
2.632,post_correction,0.23737051385520733,0.10200220849285198,57.028273294689036,0.19393223189862083,0.06524452201617137,66.35705092576961
2.636,post_correction,0.23617882518869543,0.10050361361097992,57.445967676957316,0.1926772530687165,0.06467203901796938,66.43504202600153
2.64,post_correction,0.23502081586868942,0.09908179474643278,57.841268493514356,0.19146361618816787,0.0642367838055802,66.44961320356074
2.644,post_correction,0.2338969968311006,0.09774009189719,58.212335677071934,0.19029218029550726,0.0639417020906949,66.39814521469091
2.648,post_correction,0.2328078736107093,0.09648183556632371,58.557314205078725,0.1891637997369449,0.06378888657844972,66.278491620936
2.652,post_correction,0.23175394546382644,0.09531031752074937,58.87434954775086,0.18807932216163112,0.06377951119761992,66.08903601704326
2.656,post_correction,0.23073570446911257,0.09422875848874382,59.16160496029441,0.18703958643054963,0.06391379412795098,65.82873425477604
2.66,post_correction,0.2297536346092166,0.09324027319492571,59.41728044759063,0.18604542044702232,0.06419099241023984,65.49713921686201
2.664,post_correction,0.2288082108361872,0.09234783330714187,59.63963313656724,0.18509763891824196,0.06460942853259011,65.09440697883335
2.668,post_correction,0.22789989812388195,0.09155422904824119,59.826998694631236,0.18419704105869536,0.0651665469419311,64.62128459427021
2.672,post_correction,0.22702915051087702,0.09086203039444027,59.97781333807747,0.18334440824776863,0.06585899626360914,64.07908106223323
2.676,post_correction,0.22619641013763278,0.09027354892623489,60.09063588970908,0.18254050165521032,0.06668273139603013,63.46962411553842
2.68,post_correction,0.22540210628191412,0.08979080150216487,60.16416927805367,0.18178605984944013,0.06763312874490542,62.79520618857083
2.684,post_correction,0.22464665439668488,0.08941547697565835,60.197280829401095,0.18108179640489527,0.0687051077048355,62.058523237083286
2.688,post_correction,0.22393045515489077,0.08914890715897654,60.18902069514707,0.18042839752567713,0.06989325199777804,61.26261001246691
2.692,post_correction,0.22325389350571243,0.08899204314905204,60.138637785156924,0.1798265197036598,0.07119192546838007,60.41077501488719
2.696,post_correction,0.22261733774700604,0.08894543796721688,60.045592644585874,0.17927678742992573,0.07259537820899968,59.50653776782163
2.7,post_correction,0.22202113861874653,0.08900923623514216,59.90956681472195,0.17877979097886756,0.07409784024353154,58.55357037961288
2.704,post_correction,0.26134413279397967,0.11696110739173338,55.246323634158244,0.20178021465571633,0.07046329951276717,65.07918299472828
2.708,post_correction,0.26001073205136316,0.11519277907818747,55.69691367376635,0.20030843324827524,0.06932721428346574,65.38976759029558
2.712,post_correction,0.258706524545612,0.11348379205852697,56.134159253289766,0.19887388152137056,0.06830781071457212,65.65269899092712
2.716,post_correction,0.2574319734370096,0.11183687266012453,56.55672791263062,0.19747748269488216,0.06741062665867403,65.86414524899094
2.72,post_correction,0.25618754073630345,0.11025480742162652,56.963243760900546,0.19612016781015562,0.06664085263502727,66.02039791260242
2.724,post_correction,0.25497368674373255,0.10874043138907755,57.352292788404576,0.1948028743135274,0.06600321051234971,66.1179483388319
2.728,post_correction,0.25379086946636636,0.10729661418178697,57.72242933428049,0.19352654452183934,0.06550183291512982,66.153566645356
2.732,post_correction,0.2526395440146195,0.10592624373992095,58.07218376954033,0.19229212397016315,0.06514014977300468,66.12437970516561
2.736,post_correction,0.25152016197897453,0.10463220772005008,58.400071430934965,0.19110055964311612,0.06492078883122222,66.02794416067488
2.74,post_correction,0.2504331707881094,0.10341737257296184,58.70460280979994,0.18995279809242752,0.06484549667471783,65.86231036030057
2.744,post_correction,0.24937901304980706,0.10228456041954594,58.98429496185502,0.18884978344480063,0.06491508582167756,65.6260734656062
2.748,post_correction,0.24835812587619535,0.10123652393390696,59.23768405936007,0.18779245530560304,0.06512941176651164,65.318408739838
2.7520000000000002,post_correction,0.24737094019504735,0.1002759195451589,59.46333895723838,0.1867817465654855,0.06548738167403886,64.9390891357368
2.7560000000000002,post_correction,0.24641788004904594,0.09940527937625744,59.65987559162823,0.1858185811186675,0.06598699402304041,64.48848461451776
2.7600000000000002,post_correction,0.24549936188509314,0.09862698244394867,59.825971975392996,0.18490387150330895,0.06662540619103605,63.96754397333225
2.7640000000000002,post_correction,0.24461579383591273,0.09794322574146463,59.96038350362424,0.18403851647608407,0.06739902506550505,63.37776115780438
2.7680000000000002,post_correction,0.2437675749963595,0.0973559959071735,60.061958236805104,0.18322339853476544,0.06830361448101777,62.721128945734726
2.7720000000000002,post_correction,0.242955094697004,0.09686704224002111,60.129651793955304,0.18245938140426565,0.06933441271934754,62.000083423648725
2.7760000000000002,post_correction,0.24217873177770452,0.09647785184891099,60.16254146649515,0.1817473075031532,0.07048625344832811,61.21744282395754
2.7800000000000002,post_correction,0.24143885386401195,0.09618962771229936,60.159839158913,0.18108799540910522,0.07175368419084632,60.37634409241547
2.7840000000000003,post_correction,0.2407358166493688,0.09600327037272156,60.12090277677703,0.18048223734305374,0.07313107752278679,59.480180100060466
2.7880000000000003,post_correction,0.24006996318616364,0.09591936389827416,60.04524571701919,0.17993079669288298,0.07461273149684657,58.53253980517844
2.7920000000000003,post_correction,0.23944162318878467,0.09593816661228946,59.93254416896087,0.17943440559840548,0.07619295709803882,57.53715300923543
2.7960000000000003,post_correction,0.2388511123518743,0.09605960693007534,59.78264200479804,0.17899376261995023,0.07786615172086477,56.49784071739158
2.8000000000000003,post_correction,0.23829873168702548,0.09628328445723565,59.59555312124309,0.1786095305132081,0.07962685863440497,55.418471564418226
2.8040000000000003,post_correction,0.2757576258935226,0.11999516517524439,56.48527768309924,0.19840144979359708,0.06956623037423369,64.93663204245456
2.8080000000000003,post_correction,0.27450517471686453,0.11842385661124218,56.85915329888072,0.19700299393483026,0.0688234972738955,65.06474551515562
2.8120000000000003,post_correction,0.2732814408541585,0.11691615181995073,57.21767586758842,0.19564604891603143,0.0682152640278325,65.13332908802592
2.816,post_correction,0.2720868445033333,0.11547456300732858,57.559666944531784,0.19433173624808195,0.06774569641545262,65.13914931065653
2.82,post_correction,0.270921804237718,0.11410161681276912,57.883929965027235,0.19306119003670943,0.06741825740131174,65.07933190068259
2.824,post_correction,0.2697867365411999,0.11279984015759112,58.18925659439706,0.19183555535644517,0.06723561144298867,64.95143388927055
2.828,post_correction,0.26868205532928385,0.11157174445110651,58.47443391246597,0.19065598648162255,0.06719954934910707,64.75350677982279
2.832,post_correction,0.2676081714569324,0.11041980822792734,58.73825241330577,0.1895236449762712,0.0673109388751009,64.48414714505496
2.836,post_correction,0.26656549221418563,0.10934645834716608,58.979514775563636,0.18843969764656762,0.06756970459010872,64.14253183698021
2.84,post_correction,0.26555442081067676,0.10835404994656733,59.19704533037437,0.18740531436148386,0.06797483844635145,63.728436048918226
2.844,post_correction,0.2645753558502805,0.10744484541016616,59.389700123481006,0.18642166574941016,0.06852444019700306,63.24223371702177
2.848,post_correction,0.2636286907972529,0.10662099267386096,59.556377436984185,0.18548992078079973,0.0692157846409731,62.68488101692171
2.852,post_correction,0.2627148134353365,0.10588450325572406,59.69602860564007,0.18461124424926226,0.07004541089976826,62.057884835447574
2.856,post_correction,0.26183410532142654,0.10523723045288792,59.807668934610675,0.18378679416598748,0.07100922775086252,61.36325894735921
2.86,post_correction,0.2609869412355043,0.104680848190143,59.890388501973696,0.1830177190848724,0.07210262854146507,60.60347112728015
2.864,post_correction,0.26017368862865214,0.10421683103278873,59.943362612067126,0.18230515537820838,0.07332060935982787,59.78138456495226
2.868,post_correction,0.25939470707107243,0.10384643588414137,59.96586165665742,0.18165022448520785,0.07465788482989158,58.90019677021036
2.872,post_correction,0.2586503477021243,0.10357068587369146,59.957260141413364,0.18105403015796392,0.07610899694637631,57.963378732871284
2.876,post_correction,0.25794095268448425,0.10339035690382166,59.91704464614826,0.1805176557315777,0.07766841359506566,56.9746165380325
2.88,post_correction,0.25726685466461313,0.10330596726145164,59.84482050898984,0.18004216144710297,0.07933061464068591,55.93775702143327
2.884,post_correction,0.2566283762417823,0.10331777061793912,59.74031705652133,0.1796285818575907,0.08109016458685862,54.85675845776771
2.888,post_correction,0.2560258294479684,0.1034257526397459,59.60339124269299,0.17927792334880424,0.08294177174153732,53.735646758823016
2.892,post_correction,0.2554595152409696,0.10362963131898242,59.434029606910215,0.17899116180708258,0.0848803345242241,52.578477245871795
2.896,post_correction,0.2549297230131279,0.1039288610132948,59.232348513577264,0.17876924046729797,0.08690097603018074,51.38930175961819
2.9,post_correction,0.25443673011805745,0.10432264006552389,58.998592688595444,0.1786130679738649,0.08899906824700647,50.17214067448355
2.904,post_correction,0.2899384293143451,0.12379102324900128,57.30437543524468,0.1943771653798549,0.07258518841798399,62.657553794378636
2.908,post_correction,0.28877716387603924,0.12244585333664905,57.598498547063,0.19314335577878344,0.07248830141145951,62.46917160614942
2.912,post_correction,0.28764481370218625,0.121168515122386,57.87564755197077,0.19196208112834975,0.07254281022415625,62.20982300371465
2.916,post_correction,0.28654178689745907,0.11996123005137108,58.134821678103094,0.19083501823557902,0.07274973715826845,61.87820357558197
2.92,post_correction,0.28546849056339685,0.11882618931538635,58.37502447962907,0.18976387469475728,0.07310921021134645,61.47358904378112
2.924,post_correction,0.2844253304528031,0.11776553914295189,58.59527034548224,0.1887503872069987,0.07362047713956042,60.99585371508544
2.928,post_correction,0.2834127106181305,0.11678136522488779,58.79459147397286,0.18779631973773256,0.07428194653043044,60.44547271524326
2.932,post_correction,0.28243103305495065,0.11587567645745966,58.97204524443511,0.18690346152495885,0.07509125297414576,59.82350869188254
2.936,post_correction,0.28148069734172154,0.11505038822665324,59.126721898453845,0.18607362495559157,0.07604534194628462,59.13158462708853
2.94,post_correction,0.28056210027717043,0.11430730549629828,59.25775242508777,0.1853086433320486,0.0771405690524936,58.371845119891205
2.944,post_correction,0.2796756355167302,0.11364810599744983,59.364316527797286,0.18461036855641108,0.07837280789845413,57.5469089242916
2.948,post_correction,0.2788216932095767,0.11307432384425001,59.44565053650344,0.18398066876490646,0.07973756100685259,56.65981565229412
2.952,post_correction,0.27800065963793447,0.11258733392012273,59.501055117367194,0.18342142595107944,0.08123006880615286,55.71396940954007
2.956,post_correction,0.27721291686043203,0.1121883373855324,59.529902626429305,0.18293453362173712,0.08284541262119471,54.71308178886644
2.96,post_correction,0.2764588423614078,0.11187834865304229,59.53164395198237,0.18252189453546272,0.08457860865049119,53.66111618238865
2.964,post_correction,0.2757388087081805,0.11165818415607265,59.50581469500632,0.18218541857910736,0.08642469098308189,52.56223486098854
2.968,post_correction,0.2750531832184193,0.11152845320441217,59.45204054742839,0.18192702084305196,0.08837878268463197,51.420749773681976
2.972,post_correction,0.2744023276398577,0.11148955117289004,59.37004174424653,0.18174861996108935,0.09043615480205501,50.241077582093034
2.976,post_correction,0.27378659784471615,0.11154165521132604,59.25963648717778,0.18165213678539138,0.09259227376817172,49.02769909193929
2.98,post_correction,0.2732063435413067,0.11168472259641286,59.1207432635886,0.18163949347110667,0.09484283813144208,47.78512298233826
2.984,post_correction,0.2726619080054066,0.11191849177273766,58.95338201384609,0.18171261304859915,0.09718380580889677,46.51785356093862
2.988,post_correction,0.2721536278341,0.11224248605435744,58.75767413147311,0.18187341956413655,0.09961141319216688,45.23036217667887
2.992,post_correction,0.2716818327248945,0.11265601988403304,58.533841312050946,0.18212383887193928,0.10212218745982783,43.92706188692012
2.996,post_correction,0.2712468452830303,0.11315820747810557,58.28220329713639,0.18246580016192254,0.1047129533958392,42.61228498550657
3.0,post_correction,0.2708489808600123,0.11374797362437318,58.00317458710928,0.1829012383082461,0.10738083591127272,41.290263037857486
3.004,post_correction,0.30429123227766885,0.12903116921169788,57.59615936158304,0.19296965957937015,0.08621142405702778,55.32384508271972
3.008,post_correction,0.3032543298015068,0.1279659479085003,57.8024333593985,0.19225796897316827,0.08725316900846587,54.61661772748519
3.012,post_correction,0.30224826457491105,0.12697341453288447,57.99035779032088,0.19163514673877388,0.08845790341916784,53.840459370561796
3.016,post_correction,0.30127351826535476,0.12605544278690267,58.15913608580893,0.19110494919013923,0.08982344780616217,52.99784323388055
3.02,post_correction,0.30033057686539993,0.12521383626547605,58.30799595154325,0.19067126104341894,0.0913472042789276,52.0917815411488
3.024,post_correction,0.2994199307855539,0.12445031534042612,58.43619527466992,0.19033809820093014,0.09302625887229772,51.12578104353303
3.028,post_correction,0.2985420749774164,0.12376650403396938,58.543028133193005,0.1901096109958867,0.09485748448939524,50.10379328405042
3.032,post_correction,0.29769750909143294,0.12316391709988206,58.62783082203947,0.18999008805575351,0.0968376409594027,49.030161546645935
3.036,post_correction,0.29688673767401097,0.1226439475456454,58.68998780258365,0.18998396096827921,0.0989634694924196,47.90956616124921
3.04,post_correction,0.29611027040923144,0.1222078548376924,58.72893747697496,0.19009580996196385,0.1012317796405362,46.74696950932711
3.044,post_correction,0.29536862241091266,0.12185675403333703,58.744177685938624,0.19033037084164584,0.10363952766796163,45.54756174242453
3.048,post_correction,0.29466231457134795,0.12159160607627696,58.735270829200175,0.19069254344973938,0.10618388593527153,44.31670792452443
3.052,post_correction,0.29399187397365817,0.12141320947732429,58.701848511567036,0.1911874019541211,0.10886230348031842,43.05989706035029
3.056,post_correction,0.2933578343753749,0.1213221935782773,58.643615625060896,0.19182020729445462,0.11167255841958479,41.782693286239
3.06,post_correction,0.29276073677159187,0.12131901356513104,58.56035378822587,0.19259642214958128,0.11461280310373607,40.49068937806057
3.064,post_correction,0.29220113004681336,0.12140394735815467,58.45192407753364,0.19352172881927873,0.1176816031554859,39.18946266474114
3.068,post_correction,0.2916795717254701,0.12157709446219823,58.31826900218194,0.19460205044401896,0.12087797161771441,37.884533414776485
3.072,post_correction,0.29119662883197545,0.12183837681274719,58.15941369189077,0.1958435760162105,0.1242013994675428,36.58132577334969
3.076,post_correction,0.29075287887214496,0.12218754160377729,57.97546628678171,0.1972527896656889,0.12765188372883485,35.28513135597026
3.08,post_correction,0.29034891094879606,0.12262416603452755,57.766617538251175,0.19883650473075046,0.13122995435936277,34.00107563897053
3.084,post_correction,0.2899853270253567,0.12314766386599703,57.533139649086856,0.20060190315353127,0.13493670101384697,32.73408731791903
3.088,post_correction,0.28966274335231734,0.12375729363616901,57.27538439914492,0.2025565807643992,0.13877380070047313,31.48887082474704
3.092,post_correction,0.28938179207231174,0.12445216834721723,56.99378061902433,0.20470859904314023,0.14274354726270735,30.269882198438758
3.096,post_correction,0.28914312302044015,0.12523126640935808,56.688831087812105,0.20706654396305946,0.14684888353312742,29.08130849021889
3.1,post_correction,0.28894740573705613,0.12609344360517133,56.36110894177153,0.2096395925343349,0.15109343692107707,27.927050852128087
3.104,post_correction,0.3202394986014786,0.1374493584886989,57.07919882183319,0.2116496367928863,0.13016026076584064,38.502015529933836
3.108,post_correction,0.3194422936380898,0.13679519032258625,57.17686948567695,0.21328409930193626,0.13371775355871823,37.30533406082921
3.112,post_correction,0.3186847628231728,0.1362226232754107,57.25474225104513,0.21518547467009688,0.13751115333724,36.09645188734983
3.116,post_correction,0.3179679468967106,0.135733315684667,57.31226464510307,0.21737030074244795,0.14154541195064854,34.88281910307555
3.12,post_correction,0.31729293733266867,0.13532883610042817,57.3489289619638,0.21985624290397537,0.1458264418843199,33.67191217398762
3.124,post_correction,0.316660880718637,0.1350106542861802,57.36427752623434,0.22266220269241985,0.15036123901740903,32.471143643039234
3.128,post_correction,0.316072983503845,0.13478013276833017,57.35790788753364,0.22580843873766632,0.1551580034483484,31.287774577546365
3.132,post_correction,0.3155305171060294,0.13463851900968388,57.32947790769773,0.22931669960825152,0.16022625778025168,30.128831413512003
3.136,post_correction,0.315034823345246,0.13458693823659684,57.27871071284609,0.23321036701514786,0.1655769613825708,29.00102876995345
3.14,post_correction,0.3145873201392014,0.13462638688705894,57.20539949687474,0.23751460612021053,0.17122261775915787,27.91069965924582
3.144,post_correction,0.314189507345406,0.134757726564395,57.109412181531475,0.2422565171817114,0.1771773700816394,26.86373429997656
3.148,post_correction,0.3138429725639579,0.13498167827446342,56.990695961192635,0.2474652791058321,0.18345707694183788,25.86552844717266
3.152,post_correction,0.31354939661215436,0.13529881658804488,56.849281787838024,0.2531722701933559,0.19007935608998575,24.920941797924417
3.156,post_correction,0.3133105582362596,0.13570956319808491,56.68528888332268,0.2594111438347475,0.1970635778818196,24.03426662065263
3.16,post_correction,0.3131283374203039,0.13621417912572772,56.49892940130454,0.26621782625603135,0.2044307817281472,23.2092063092955
3.164,post_correction,0.31300471636529814,0.1368127545606687,56.29051339884644,0.2736303885395095,0.21220347722554786,22.448863096611873
3.168,post_correction,0.3129417768174318,0.1375051949911987,56.060454315302756,0.28168872466904604,0.220405275894967,21.755733690115036
3.172,post_correction,0.3129416918878344,0.1382912018808697,55.809275189054546,0.2904339397481919,0.2290602785632208,21.131711134787647
3.176,post_correction,0.31300670979341294,0.13917024568337297,55.53761586285914,0.299907316414304,0.23819211660880268,20.578090772632397
3.18,post_correction,0.3131391260264435,0.14014152847456268,55.246241422182344,0.310148682265358,0.24782251259767143,20.09557777658438
3.184,post_correction,0.313341239318913,0.14120393297645065,54.93605205514112,0.3211939485560986,0.25796918930294055,19.684293411311096
3.188,post_correction,0.31361528544794454,0.142355954374274,54.60809438196119,0.33307153720393573,0.26864292191486117,19.343776964534104
3.192,post_correction,0.31396334158371925,0.1435956113166906,54.26357402352962,0.3457973754450733,0.27984351017975484,19.07298029096655
3.196,post_correction,0.31438719286801453,0.14492033324140585,53.903868691544936,0.3593681475729048,0.29155447152067143,18.87025227756894
3.2,post_correction,0.31488815292087213,0.14632682330877408,53.53054030408557,0.37375260717615816,0.3037363669155769,18.733311531812532
3.204,post_correction,0.3443238437982314,0.15496723575088764,54.9937541236046,0.3798560439448437,0.3006659951214517,20.84738418296449
3.208,post_correction,0.3443408827751344,0.15514262141524937,54.94504742947922,0.39564419210161933,0.31411522252386914,20.606638794487814
3.212,post_correction,0.3444355792256984,0.1554069730969607,54.88068525141326,0.4120612720103399,0.3278319079963239,20.440980440380336
3.216,post_correction,0.3446056247530976,0.15575449050068033,54.80210440201752,0.4288607091713522,0.34160331959275764,20.346324042413197
3.22,post_correction,0.34484675988628366,0.15617749171151554,54.711045635743695,0.44572084505759385,0.355162438095173,20.31729230673951
3.224,post_correction,0.34515255311740417,0.15666646488203667,54.60950137351401,0.46225493993819755,0.36819847011676027,20.347315235617046
3.228,post_correction,0.34551438374537247,0.15721035636875283,54.49962034442846,0.4780365215449457,0.3803793091017727,20.428818310274465
3.232,post_correction,0.3459217066366005,0.15779712434180734,54.38357254996512,0.49263946700651606,0.39138474749749347,20.553513530754795
3.236,post_correction,0.34636262229860687,0.15841451908065196,54.263390769665875,0.5056863731318745,0.40094465107977323,20.712783182865476
3.24,post_correction,0.34682469071129485,0.15905097313445815,54.14081598162342,0.5168937621517733,0.4088727078316653,20.898115285900904
3.244,post_correction,0.3472958458205281,0.15969643319202337,54.01717725280549,0.5261018772947768,0.41508635314930326,21.10152594708783
3.248,post_correction,0.34776523116580366,0.16034297216971138,53.89332865962531,0.533281610565425,0.41960783104274485,21.315900880616287
3.2520000000000002,post_correction,0.34822380636518985,0.16098508566917177,53.7696496544687,0.5385191565863175,0.42254792855714174,21.535209399851155
3.2560000000000002,post_correction,0.3486646524142402,0.16161966905183123,53.64609864156384,0.541985854420521,0.4240791133311972,21.7545790406997
3.2600000000000002,post_correction,0.3490829902048984,0.16224574715007156,53.522299366451655,0.5439032185967763,0.424406314723067,21.9702512851461
3.2640000000000002,post_correction,0.349475985625666,0.1628640628120899,53.39763831826248,0.5445114114671534,0.42374173687769295,22.179457040956002
3.2680000000000002,post_correction,0.3498424339158417,0.1634766244038177,53.271356314899265,0.5440456060020215,0.4222868239866815,22.38025280823379
3.2720000000000002,post_correction,0.3501824045803899,0.16408628356921345,53.14262469416996,0.5427211258470945,0.42022164009422314,22.571350168407523
3.2760000000000002,post_correction,0.35049690282767104,0.16469638144049462,53.010602914950454,0.5407260534110612,0.4177002818044535,22.751959301854313
3.2800000000000002,post_correction,0.3507875776801606,0.16531047515311587,52.874478552988606,0.5382191818714518,0.41485042968818886,22.92165651812988
3.2840000000000003,post_correction,0.3510564873374939,0.165932140190406,52.733492706863316,0.5353312634855502,0.4117753182810223,23.080278256131194
3.2880000000000003,post_correction,0.351305920330969,0.16656483636271213,52.586954354259206,0.5321679691003866,0.40855684629221933,23.227839702026408
3.2920000000000003,post_correction,0.35153826507585384,0.1672118232160308,52.43424690056134,0.5288134954174144,0.4052590023889737,23.364474261556808
3.2960000000000003,post_correction,0.35175591849851867,0.16787611171886246,52.27482953650163,0.5253341882232082,0.40193114024672866,23.49038968772523
3.3000000000000003,post_correction,0.35196122469245456,0.16856044137397125,52.10823535426092,0.5217818544463997,0.3986108804483425,23.60583698885796
3.3040000000000003,post_correction,0.3798364939314873,0.17606718133411833,53.64658632146169,0.5334674773897831,0.40527905258985397,24.02928580147858
3.3080000000000003,post_correction,0.3795240648251719,0.1756362667039098,53.721968385636686,0.5300808837289123,0.401972589196337,24.1676880764655
3.3120000000000003,post_correction,0.37920392933383645,0.17523015610652887,53.78999463049787,0.526675881903012,0.3987000427888823,24.29878479563576
3.3160000000000003,post_correction,0.3788778568597268,0.17485116309620524,53.8502554502833,0.5232735056020591,0.3954757868993337,24.42273826871591
3.3200000000000003,post_correction,0.37854750966765144,0.17450142766356444,53.90237071780785,0.519889988271391,0.3923104978100062,24.539709042211104
3.3240000000000003,post_correction,0.3782144440769543,0.1741829241324219,53.94598835125891,0.5165377751462465,0.3892119791199865,24.6498517925839
3.3280000000000003,post_correction,0.3778801139568598,0.1738974696697328,53.980782992569544,0.513226326703009,0.38618580872669345,24.75331279134297
3.332,post_correction,0.3775458756050204,0.17364673284120388,54.00645482805671,0.5099627545851125,0.3832358449463751,24.850228472437742
3.336,post_correction,0.37721299337451164,0.17343224187203143,54.02272855965987,0.5067523240744399,0.3803646216884786,24.940724764667372
3.34,post_correction,0.3768826456189519,0.17325539242505547,54.029352521520515,0.5035988508057495,0.3775736566409071,25.024916947924776
3.344,post_correction,0.3765559306703683,0.1731174548095428,54.02609792883933,0.5005050139388467,0.37486369143721643,25.10290986155466
3.348,post_correction,0.3762338726662106,0.17301958059879713,54.012758241920004,0.49747260344856914,0.372234878718183,25.174798343107906
3.352,post_correction,0.37591742711269976,0.17296280867518896,53.98914862669167,0.49450271549203667,0.3696869277549505,25.24066781168084
3.356,post_correction,0.37560748612037886,0.17294807074491736,53.95510549289504,0.49159590684917276,0.367219217736547,25.300594935747903
3.36,post_correction,0.3753048832807649,0.1729761963773747,53.91048609192448,0.4887523170818759,0.36483088581366807,25.35464834378442
3.364,post_correction,0.375010398175014,0.1730479176291676,53.85516815765528,0.48597176520416296,0.36252089542154015,25.40288934908791
3.368,post_correction,0.3747247605198164,0.17316387331324992,53.78904957520346,0.48325382620035906,0.3602880891839106,25.44537266953089
3.372,post_correction,0.3744486539646907,0.17332461297102092,53.712048064308206,0.4805978915880217,0.3581312297519022,25.482147129580085
3.376,post_correction,0.3741827195601136,0.17353060060081532,53.624100865797175,0.4780032173294474,0.3560490311951451,25.513256336567615
3.38,post_correction,0.37392755891868296,0.17378221819079065,53.525164421330444,0.47546896169659925,0.35404018299071754,25.538739326451857
3.384,post_correction,0.3736837370925843,0.1740797690983185,53.41521403828492,0.47299421514667017,0.3521033682108962,25.558631176554044
3.388,post_correction,0.3734517851906109,0.17442348131198981,53.29424353321445,0.47057802383599195,0.3502372771647422,25.572963584290008
3.392,post_correction,0.37323220275725727,0.17481351062646705,53.16226484879113,0.46821940806263335,0.3484406174788735,25.58176541194062
3.396,post_correction,0.37302545993525954,0.17524994375483155,53.01930764048999,0.46591737666255756,0.34671212139221175,25.58506319816457
3.4,post_correction,0.37283199943157214,0.1757328013978589,52.86541883052287,0.46367093817492805,0.3450505508747782,25.5828816373646
3.404,post_correction,0.3999458539739215,0.1822906007532681,54.4211800317464,0.4821263031590953,0.3568811451079362,25.977665443785146
3.408,post_correction,0.39930582100594647,0.18171546511701414,54.49215724949123,0.47978558743573596,0.3549184791912171,26.025606336339553
3.412,post_correction,0.3986773936331298,0.18118440629313734,54.55362927854732,0.4774887333953498,0.3530099081775954,26.069479028877684
3.416,post_correction,0.3980609644220578,0.18069813032972104,54.60541312005423,0.47523512432552406,0.35115471134684617,26.10926815537438
3.42,post_correction,0.39745690899677055,0.1802572977820102,54.647335672940876,0.47302415027390243,0.3493521915748075,26.14495657938041
3.424,post_correction,0.3968655870396822,0.17986252289416763,54.67923428790934,0.470855211568873,0.3476016761776951,26.176525684084805
3.428,post_correction,0.3962873432035775,0.179514372792617,54.70095730501331,0.46872772149814856,0.3459025172437777,26.20395564866458
3.432,post_correction,0.3957225079429156,0.17921336671402047,54.71236456939855,0.4666411083044095,0.3442540915646926,26.22722571194451
3.436,post_correction,0.39517139827190445,0.17895997528942362,54.713327919980905,0.4645948166276824,0.3426558002566076,26.246314424294255
3.44,post_correction,0.39463431845610436,0.17875461990447347,54.70373164609693,0.4625883085002422,0.34110706814372926,26.261199888593666
3.444,post_correction,0.3941115606436814,0.1785976721538764,54.68347290747261,0.4606210639804178,0.3396073429624164,26.271859991002497
3.448,post_correction,0.3936034054418515,0.17848945340640643,54.65246211321835,0.45869258149590353,0.3381560944327023,26.278272622178374
3.452,post_correction,0.39311012244353466,0.1784302344948145,54.61062325596977,0.45680237795431616,0.3367528132347931,26.280415889500677
3.456,post_correction,0.392631970708763,0.17842023554292938,54.557894197751516,0.4549499886682461,0.3353970099206655,26.27826832077575
3.46,post_correction,0.3921691992049648,0.17845962594010273,54.49422690463972,0.45313496713346463,0.334088213784871,26.271809059822576
3.464,post_correction,0.3917220472098592,0.17854852447095376,54.41958762783167,0.4513568846919318,0.3328259717137991,26.26101805426865
3.468,post_correction,0.39129074468035346,0.17868699960613862,54.3339570292907,0.4496153301054877,0.3316098470287239,26.245876235820873
3.472,post_correction,0.39087551259052183,0.1788750699576336,54.23733025071291,0.44790990906138617,0.3304394183347856,26.226365693218284
3.476,post_correction,0.3904765632414677,0.17911270489980785,54.12971692514976,0.4462402436269517,0.3293142783854901,26.202469838020583
3.48,post_correction,0.39009410054561405,0.17939982535540427,54.01114113120844,0.44460597166744564,0.3282340329702342,26.174173563339995
3.484,post_correction,0.38972832028774546,0.1797363047434748,53.88164129032981,0.4430067462386061,0.3271982998306846,26.14146339558142
3.488,post_correction,0.38937941036491547,0.18012197008435507,53.74127000820362,0.4414422349631647,0.32620670761048426,26.104327639220124
3.492,post_correction,0.38904755100715055,0.18055660325494793,53.59009386191217,0.4399121193988639,0.3252588948416596,26.062756514614087
3.496,post_correction,0.3887329149807136,0.18103994238593032,53.428193134889966,0.43841609440403473,0.32435450897021983,26.016742288821682
3.5,post_correction,0.3884356677755408,0.18157168339103316,53.255661502240024,0.4369538675055893,0.32349320542272386,25.966279399372542
3.504,post_correction,0.4150009354525331,0.18708509781322424,54.919355155375875,0.45736590445549596,0.33670172523996256,26.382416800217484
3.508,post_correction,0.4142801775785479,0.1865859092714937,54.961419983432144,0.45567893106849966,0.3354189642205744,26.391381880644218
3.512,post_correction,0.4135744823105444,0.18613354666818577,54.99394797563404,0.45402011342501186,0.33417306317228224,26.396859237938614
3.516,post_correction,0.41288403935898377,0.18572844406520664,55.01680221072333,0.45238929097717817,0.33296389379981933,26.398811722398513
3.52,post_correction,0.4122090337168325,0.18537099864801113,55.029855368149946,0.4507863115508595,0.3317913335369317,26.397203057152357
3.524,post_correction,0.4115496457472156,0.1850615695152029,55.0329902048142,0.44921103097486853,0.3306552648838471,26.391997951104216
3.528,post_correction,0.4109060512618484,0.18480047657927084,55.02610000223448,0.44766331271225696,0.32955557476349656,26.383162210273888
3.532,post_correction,0.4102784215909929,0.18458799958957323,55.00908898065586,0.44614302749511703,0.32849215389708736,26.370662847424494
3.536,post_correction,0.4096669236456382,0.18442437728768096,54.98187267683637,0.4446500529640658,0.3274648961994901,26.354468189852202
3.54,post_correction,0.4090717199725537,0.1843098067040493,54.94437828251354,0.4431842733133382,0.32647369819479444,26.33454798519612
3.544,post_correction,0.4084929688028172,0.18424444260370373,54.89654494086532,0.4417455789422132,0.3255184584523061,26.310873505111264
3.548,post_correction,0.40793082409438397,0.18422839708723626,54.838323998627054,0.44033386611333036,0.3245990770431874,26.283417646635396
3.552,post_correction,0.4073854355692227,0.18426173935191587,54.76967921191031,0.4389490366183129,0.3237154550178917,26.25215503106852
3.556,post_correction,0.40685694874551015,0.18434449561615787,54.69058690417852,0.4375909974510033,0.3228674939045021,26.217062100174196
3.56,post_correction,0.40634550496534794,0.18447664920898846,54.601036075267984,0.4362596604885197,0.3220550952280489,26.178117209504432
3.564,post_correction,0.40585124141843487,0.18465814082451434,54.50102846078749,0.43495494218026914,0.32127816005085397,26.135300718643474
3.568,post_correction,0.4053742911620998,0.18488886893978512,54.3905785416835,0.43367676324498877,0.320536588533928,26.088595078161156
3.572,post_correction,0.40491478313808066,0.18516869039285094,54.26971350421003,0.43242504837583645,0.31983027951942716,26.037984913063834
3.576,post_correction,0.40447284218640867,0.18549742111629117,54.13847315098567,0.43119972595351663,0.31915913013415687,25.983457102530195
3.58,post_correction,0.40404858905673735,0.18587483702004748,53.99690976424953,0.43000072776738973,0.3185230354140967,25.92500085571884
3.584,post_correction,0.40364214041743773,0.18630067501606187,53.845087922833365,0.42882798874449596,0.31792188794990067,25.86260778343815
3.588,post_correction,0.40325360886276085,0.1867746341760111,53.683084274745816,0.4276814466864006,0.3173555775533135,25.79627196547155
3.592,post_correction,0.402883102918355,0.18729637701236618,53.510987267608954,0.42656104201375944,0.3168239909444253,25.72599001335766
3.596,post_correction,0.4025307270454052,0.1878655308720991,53.328896839493204,0.4254667175184893,0.3163270114596692,25.651761128431225
3.6,post_correction,0.40219658164365246,0.18848168943161575,53.13692407296212,0.4243984181234269,0.31586451878044597,25.573587154939922
3.604,post_correction,0.4282509433669179,0.1930244850286906,54.92724814307984,0.44544888158334806,0.32962005345913487,26.00272060679547
3.608,post_correction,0.4275086555130144,0.19264388863629225,54.93801443502523,0.44410527902038116,0.32869451585495424,25.987253162133754
3.612,post_correction,0.42678227885631387,0.19231006706281495,54.939537888460315,0.4427839716537779,0.3277995135478067,25.968523132513027
3.616,post_correction,0.4260719481832973,0.19202330037018212,54.93171958657715,0.44148496329324755,0.32693507094997765,25.94649917152046
3.62,post_correction,0.425377795699414,0.19178383376948455,54.91446998211318,0.44020825958593407,0.32610121025622096,25.921151374361706
3.624,post_correction,0.42469995100798774,0.19159187680953607,54.887709227465244,0.4389538678528257,0.3252979511538498,25.89245135369964
3.628,post_correction,0.4240385410876623,0.19144760268562347,54.85136747368322,0.43772179692826024,0.3245253105422269,25.860372314195157
3.632,post_correction,0.42339369026854623,0.19135114767461997,54.8053851361716,0.43651205700249074,0.3237833022618931,25.824889125560716
3.636,post_correction,0.4227655202072108,0.19130261070159446,54.749713125178474,0.43532465946727933,0.32307193683357893,25.785978393934226
3.64,post_correction,0.42215414986068944,0.19130205304193065,54.684313039428794,0.4341596167644838,0.3223912212073401,25.743618531378537
3.644,post_correction,0.4215596954596244,0.19134949816179558,54.60915732155841,0.43301694223760656,0.3217411585220589,25.697789823310885
3.648,post_correction,0.4209822704807021,0.19144493169857327,54.52422937432251,0.43189664998627497,0.3211217478755485,25.648474493665734
3.652,post_correction,0.4204219856185128,0.19158830158163648,54.429523636881825,0.4307987547236264,0.32053298410548964,25.595656767595905
3.656,post_correction,0.41987894875696735,0.19177951829257714,54.32504562080768,0.429723271636573,0.31997485758142574,25.539322931517667
3.66,post_correction,0.41935326494040354,0.1920184552627829,54.21081190578744,0.4286702162489265,0.31944735400802526,25.479461390309442
3.664,post_correction,0.4188450363445038,0.19230494940504456,54.08685009534839,0.4276396042873629,0.318950454239816,25.416062721475765
3.668,post_correction,0.4183543622471505,0.19263880177473322,53.95319873324798,0.42663145155021587,0.31848413410757426,25.349119726095097
3.672,post_correction,0.4178813389993353,0.1930197783550069,53.809907181494424,0.4256457737790859,0.3180483642565421,25.27862747637379
3.676,post_correction,0.4174260599962411,0.19344761095951546,53.657035461260506,0.4246825865332599,0.31764310999662304,25.204583359636725
3.68,post_correction,0.4169886156486074,0.19392199824518078,53.494654058230424,0.423741905066938,0.31726833116468917,25.126987118592698
3.684,post_correction,0.41656909335448966,0.1944426068268452,53.32284369417212,0.4228237442092664,0.31692398199911176,25.045840887720367
3.688,post_correction,0.4161675774715179,0.19500907248492183,53.141695066750344,0.4219281182471818,0.3166100110266025,24.961149225631804
3.692,post_correction,0.41578414928975904,0.1956210014566397,52.95130855979027,0.4210550408110734,0.31632636096142963,24.872919143280214
3.696,post_correction,0.4154188870052814,0.1962779718010704,52.7517939263616,0.4202045247632726,0.31607296861704753,24.781160127889827
3.7,post_correction,0.41507186569451837,0.19697953482784283,52.54326994718201,0.41937658208938183,0.3158497648301521,24.685884162498382
3.704,post_correction,0.44065054215780397,0.200759128146545,54.4402856822879,0.4406011761125741,0.3299247093583174,25.119421543708892
3.708,post_correction,0.4399084308081535,0.20050679885198314,54.42078741622816,0.43947403002823293,0.3292252747177867,25.086523384183494
3.712,post_correction,0.4391823653130143,0.2003000097244066,54.392519931521235,0.4383665636733083,0.32855322884865007,25.050572722625887
3.716,post_correction,0.43847245611303,0.20013891710692083,54.35541860916145,0.43727882953427666,0.3279086254481826,25.01154794129381
3.72,post_correction,0.4377788116804099,0.20002364535880016,54.30942749581432,0.43621087983543017,0.32729151392363914,24.969428995646133
3.724,post_correction,0.43710153848064554,0.1999542864605754,54.25449950242415,0.43516276645026075,0.32670193923222085,24.924197468175855
3.728,post_correction,0.4364407409340635,0.19993089972748504,54.190596574555315,0.4341345408138071,0.32613994172753946,24.87583662056152
3.732,post_correction,0.4357965213772891,0.19995351163366096,54.11768983338166,0.43312625383599057,0.32560555701284466,24.824331443981265
3.736,post_correction,0.435168980024697,0.2000221157485346,54.03575968645954,0.43213795581596753,0.32509881580126954,24.76966870743523
3.74,post_correction,0.43455821492991964,0.20013667278604264,53.944795907651105,0.431169696357527,0.32461974378334285,24.711837003923545
3.744,post_correction,0.43396432194749235,0.20029711076629683,53.84479768580334,0.4302215242855664,0.32416836150200257,24.65082679433058
3.748,post_correction,0.4333873946947043,0.20050332528847095,53.73577364202905,0.4292934875636795,0.3237446842353353,24.586630448869215
3.7520000000000002,post_correction,0.4328275245137315,0.20075517991276895,53.6177418156779,0.42838563321289297,0.3233487218872494,24.519242285943758
3.7560000000000002,post_correction,0.4322848004341231,0.20105250664847513,53.49072961932327,0.4274980072315907,0.3229804788862785,24.44865860829414
3.7600000000000002,post_correction,0.43175930913571225,0.20139510654427198,53.35477376332175,0.4266306545166665,0.32263995409269164,24.374877736290845
3.7640000000000002,post_correction,0.4312511349120246,0.20178275037624674,53.20992015072366,0.4257836187859475,0.32232714071407215,24.297900038255257
3.7680000000000002,post_correction,0.4307603596342522,0.20221517942830883,53.056223743520725,0.42495694250193183,0.3220420262295052,24.217727957688044
3.7720000000000002,post_correction,0.4302870627158652,0.20269210635911422,52.893748401410924,0.4241506667968872,0.3217845923224989,24.134366037295017
3.7760000000000002,post_correction,0.4298313210779268,0.20321321614904564,52.72256669443504,0.42336483139935643,0.32155481482273846,24.04782093970896
3.7800000000000002,post_correction,0.4293932091151816,0.20377816712033556,52.54275969099606,0.42259947456211816,0.32135266365675547,23.958101464813904
3.7840000000000003,post_correction,0.4289727986629808,0.20438659202304482,52.35441672290751,0.4218546329916526,0.3211781028075705,23.865218563588524
3.7880000000000003,post_correction,0.4285701589651115,0.20503809917932844,52.15763512922982,0.4211303417791597,0.32103109028334476,23.76918534839432
3.7920000000000003,post_correction,0.42818535664259205,0.2057322736782256,51.952519980744896,0.4204266343331832,0.320911578095056,23.670017099645193
3.7960000000000003,post_correction,0.4278184556634953,0.206468678613109,51.739183786987226,0.41974354231388894,0.320819512243186,23.567731268805666
3.8000000000000003,post_correction,0.42746951731386196,0.20724685635391296,51.51774618779528,0.41908109556904927,0.3207548327133897,23.46234747767547
3.8040000000000003,post_correction,0.45262006429031215,0.21055714238492895,53.48037813677725,0.4403011120898379,0.33509583977238255,23.893937450693866
3.8080000000000003,post_correction,0.45188806775589846,0.21043091779473894,53.43295545736565,0.4393276175211405,0.33455529238587134,23.848335719578913
3.8120000000000003,post_correction,0.45117198565102706,0.21034825860724282,53.377367102322,0.43837236284047615,0.33404006083654103,23.799926922378013
3.8160000000000003,post_correction,0.4504719135748798,0.21030922123250959,53.313577407406804,0.4374354130754714,0.3335501953070845,23.748698587981814
3.8200000000000003,post_correction,0.4497879454150354,0.2103138340798444,53.241558333498624,0.4365168322315366,0.3330857412994614,23.694639769861944
3.8240000000000003,post_correction,0.4491201733084207,0.21036209748088655,53.161289565047824,0.43561668323068103,0.3326467395371576,23.637741082334905
3.8280000000000003,post_correction,0.44846868760242287,0.21045398369975213,53.0727585854725,0.43473502785082685,0.33223322587292275,23.577994735008133
3.8320000000000003,post_correction,0.4478335768162126,0.2105894370301774,52.975960729134506,0.4338719266656693,0.33184523120217985,23.515394565297296
3.8360000000000003,post_correction,0.44721492760233206,0.2107683739789795,52.87089920969793,0.43302743898512597,0.3314827813822857,23.449936068907682
3.84,post_correction,0.4466128247086023,0.21099068353452757,52.75758512483584,0.43220162279642377,0.3311458971578108,23.38161642817625
3.844,post_correction,0.4460273509403995,0.21125622751830925,52.63603743741303,0.43139453470587164,0.3308345940919952,23.3104345381749
3.848,post_correction,0.4454585871233577,0.2115648410170902,52.50628293343394,0.4306062298813674,0.33054888250452386,23.23639103048032
3.852,post_correction,0.44490661206654614,0.21191633289261708,52.368356157197304,0.42983676199568877,0.33028876741574814,23.15948829452123
3.856,post_correction,0.4443715025261788,0.21231048636529845,52.22229932424822,0.4290861831706196,0.33005424849747034,23.079730496418875
3.86,post_correction,0.44385333316990466,0.21274705966783,52.068162212856116,0.4283545439219619,0.3298453200303872,22.997123595243394
3.864,post_correction,0.44335217654173376,0.2132257867643132,51.90600203487627,0.42764189310548567,0.3296619708682768,22.911675356614403
3.868,post_correction,0.44286810302764973,0.21374637813005146,51.73588328696895,0.4269482778638681,0.32950418440899476,22.823395363581547
3.872,post_correction,0.44240118082195995,0.2143085215868972,51.55787758325546,0.4262737435746744,0.32937193857232944,22.732295024727406
3.876,post_correction,0.4419514758944347,0.21491188318877846,51.37206347058049,0.42561833379943315,0.3292652057847478,22.638387579443517
3.88,post_correction,0.4415190519582847,0.2155561081518392,51.17852622762806,0.4249820902338568,0.3291839529710493,22.541688100336707
3.884,post_correction,0.441103970439027,0.21624082182350193,50.977357649200194,0.42436505265926067,0.32912814155292275,22.442213492732485
3.888,post_correction,0.4407062904442861,0.21696563068468833,50.76865581701583,0.42376725889523126,0.3290977274543885,22.339982491249543
3.892,post_correction,0.44032606873457913,0.21773012337942094,50.552524858421485,0.4231887447535947,0.32909266111408836,22.235015653427787
3.896,post_correction,0.43996335969513045,0.2185338717660696,50.3290746944243,0.42262954399373637,0.32911288750436807,22.127335350401882
3.9,post_correction,0.4396182153087603,0.21937643198459858,50.09842077846517,0.42208968827932075,0.32915834615708056,22.016965754619957
3.904,post_correction,0.46439991545049353,0.22257169268389868,52.07327019687507,0.44325120347335367,0.3438302506249425,22.42993410268043
3.908,post_correction,0.4636831878768432,0.22256330862835702,52.000996704786495,0.4423951401252543,0.34340721525027623,22.375454858512203
3.912,post_correction,0.4629821225999019,0.22259602356309233,51.921248640640385,0.44155635860603526,0.343007845264365,22.318445068435093
3.916,post_correction,0.4622968043020236,0.2226698186141265,51.83401301025351,0.44073492382715074,0.3426321793806532,22.258899656649827
3.92,post_correction,0.4616273161014547,0.22278465144243406,51.739283254747576,0.4399308993753314,0.3422802518208982,22.196814930046905
3.924,post_correction,0.4609737395162668,0.2229404563648189,51.63705928264666,0.43914434746526726,0.3419520922547135,22.132188600751796
3.928,post_correction,0.4603361544285535,0.22313714453864386,51.52734748465735,0.43837532889274705,0.34164772574377456,22.06501980695129
3.932,post_correction,0.45971463904893656,0.2233746042092384,51.410160731153,0.4376239029882996,0.3413671726908041,21.995309131930366
3.936,post_correction,0.4591092698814205,0.22365270101840956,51.285518352488296,0.43689012757138335,0.34111044879344704,21.923058621251837
3.94,post_correction,0.4585201216886406,0.2239712783721082,51.15344610237268,0.4361740589051683,0.34087756500313376,21.848271798014846
3.944,post_correction,0.4579472674575434,0.2243301578649445,51.013976104630366,0.43547575165195707,0.3406685274890176,21.77095367613298
3.948,post_correction,0.45739077836554454,0.2247291397589189,50.86714678376912,0.43479525882929204,0.34048333760706534,21.69111077157701
3.952,post_correction,0.4568507237472052,0.2251680035134347,50.71300277986871,0.4341326317667938,0.3403219918743638,21.60875111153196
3.956,post_correction,0.4563271710614686,0.22564650836339023,50.55159484838237,0.4334879200637782,0.3401844819486947,21.523884241423826
3.96,post_correction,0.45582018585949957,0.22616439394191393,50.382979745520515,0.4328611715476987,0.34007079461342066,21.436521229775654
3.964,post_correction,0.4553298317531673,0.2267213809441091,50.20722009995296,0.4322524322334598,0.3399809117677073,21.34667467085914
3.968,post_correction,0.454856170384215,0.22731717182801292,50.024384271626104,0.4316617462836464,0.33991481042209887,21.25435868511274
3.972,post_correction,0.45439926139415304,0.227951451548851,49.83454619854183,0.43108915596971825,0.33987246269945004,21.15958891730408
3.976,post_correction,0.45395916239492035,0.22862388832258354,49.63778523238773,0.4305347016342107,0.33985383584120243,21.06238253241947
3.98,post_correction,0.4535359289403509,0.22933413441468786,49.43418596394159,0.42999842165398794,0.3398588922189851,20.962758209270017
3.984,post_correction,0.45312961449848416,0.230081826950112,49.223838039197126,0.42948035240459376,0.33988758935150204,20.860736131810395
3.988,post_correction,0.45274027042475934,0.23086658874035237,49.00683596717514,0.42898052822574073,0.3399398799266604,20.756337978171544
3.992,post_correction,0.4523679459361293,0.23168802912366407,48.783278920390934,0.4284989813879808,0.34001571182887774,20.649586907415923
3.996,post_correction,0.4520126880861309,0.2325457448144959,48.55327052894931,0.42803574206059924,0.3401150281714972,20.54050754402997
4.0,post_correction,0.4516745417409472,0.2334393207583544,48.31691866923044,0.4275908382807703,0.34023776733422617,20.429125960174392
