local_t_yr,phase,pos_noNN_err,pos_encounterNN_err,pos_gain_instant_pct,vel_noNN_err,vel_encounterNN_err,vel_gain_instant_pct
0.0,pre_correction_window,3.7107576069615035e-16,3.7107576069615035e-16,0.0,2.02611444351785e-17,2.02611444351785e-17,0.0
0.003,pre_correction_window,0.045451019199323685,0.045451019199323685,0.0,0.042778007718463205,0.042778007718463205,0.0
0.006,pre_correction_window,0.04305995630387519,0.04305995630387519,0.0,0.040563276174914904,0.040563276174914904,0.0
0.009000000000000001,pre_correction_window,0.04066885044970755,0.04066885044970755,0.0,0.038346513196975705,0.038346513196975705,0.0
0.012,pre_correction_window,0.03827768732846339,0.03827768732846339,0.0,0.036127499429209495,0.036127499429209495,0.0
0.015,pre_correction_window,0.03588645234955585,0.03588645234955585,0.0,0.03390600908870303,0.03390600908870303,0.0
0.018000000000000002,pre_correction_window,0.033495130643752626,0.033495130643752626,0.0,0.03168180994901076,0.03168180994901076,0.0
0.021,pre_correction_window,0.031103707070022576,0.031103707070022576,0.0,0.029454663382283558,0.029454663382283558,0.0
0.024,pre_correction_window,0.02871216622744484,0.02871216622744484,0.0,0.02722432449142534,0.02722432449142534,0.0
0.027,pre_correction_window,0.026320492475273093,0.026320492475273093,0.0,0.02499054238662333,0.02499054238662333,0.0
0.03,pre_correction_window,0.023928669966699602,0.023928669966699602,0.0,0.02275306070319529,0.02275306070319529,0.0
0.033,pre_correction_window,0.021536682706774234,0.021536682706774234,0.0,0.020511618542585437,0.020511618542585437,0.0
0.036000000000000004,pre_correction_window,0.019144514655356683,0.019144514655356683,0.0,0.01826595219805567,0.01826595219805567,0.0
0.039,pre_correction_window,0.016752149919811842,0.016752149919811842,0.0,0.016015798435650416,0.016015798435650416,0.0
0.042,pre_correction_window,0.014359573141731665,0.014359573141731665,0.0,0.013760901118333892,0.013760901118333892,0.0
0.045,pre_correction_window,0.011966770348784593,0.011966770348784593,0.0,0.01150102579099125,0.01150102579099125,0.0
0.048,pre_correction_window,0.009573731084982749,0.009573731084982749,0.0,0.009235995959027845,0.009235995959027845,0.0
0.051000000000000004,pre_correction_window,0.007180454801635335,0.007180454801635335,0.0,0.006965800778740725,0.006965800778740725,0.0
0.054,pre_correction_window,0.00478697642213127,0.00478697642213127,0.0,0.004691017488083629,0.004691017488083629,0.0
0.057,pre_correction_window,0.0023935453138148864,0.0023935453138148864,0.0,0.002415632013445965,0.002415632013445965,0.0
0.06,pre_correction_window,7.169722347216678e-05,7.169722347216678e-05,0.0,0.00031535755494519575,0.00031535755494519575,0.0
0.063,pre_correction_window,0.04558434210357936,0.04558434210357936,0.0,0.045801522374353705,0.045801522374353705,0.0
0.066,pre_correction_window,0.04319017263666503,0.04319017263666503,0.0,0.04350692747130705,0.04350692747130705,0.0
0.069,pre_correction_window,0.04079551449289566,0.04079551449289566,0.0,0.04120352067414976,0.04120352067414976,0.0
0.07200000000000001,pre_correction_window,0.038400346739592396,0.038400346739592396,0.0,0.03889091545426163,0.03889091545426163,0.0
0.075,pre_correction_window,0.036004648220227774,0.036004648220227774,0.0,0.0365687201912417,0.0365687201912417,0.0
0.078,pre_correction_window,0.03360839759365827,0.03360839759365827,0.0,0.0342365391084048,0.0342365391084048,0.0
0.081,pre_correction_window,0.03121157338903074,0.03121157338903074,0.0,0.03189397355625911,0.03189397355625911,0.0
0.084,pre_correction_window,0.02881415408492738,0.02881415408492738,0.0,0.029540623824365328,0.029540623824365328,0.0
0.08700000000000001,pre_correction_window,0.026416118227494376,0.026416118227494376,0.0,0.027176091789910005,0.027176091789910005,0.0
0.09,pre_correction_window,0.02401744461404387,0.02401744461404387,0.0,0.02479998495291615,0.02479998495291615,0.0
0.093,pre_correction_window,0.02161811259211004,0.02161811259211004,0.0,0.0224119228878059,0.0224119228878059,0.0
0.096,pre_correction_window,0.019218102573868783,0.019218102573868783,0.0,0.020011548152066214,0.020011548152066214,0.0
0.099,pre_correction_window,0.016817396979984234,0.016817396979984234,0.0,0.01759854598009031,0.01759854598009031,0.0
0.10200000000000001,pre_correction_window,0.014415982112425755,0.014415982112425755,0.0,0.015172682734873714,0.015172682734873714,0.0
0.105,pre_correction_window,0.012013852255483603,0.012013852255483603,0.0,0.012733888628773827,0.012733888628773827,0.0
0.108,pre_correction_window,0.009611019904597413,0.009611019904597413,0.0,0.010282459554303775,0.010282459554303775,0.0
0.111,pre_correction_window,0.007207546431584094,0.007207546431584094,0.0,0.007819643399315505,0.007819643399315505,0.0
0.114,pre_correction_window,0.004803664800756664,0.004803664800756664,0.0,0.005349863167490825,0.005349863167490825,0.0
0.117,pre_correction_window,0.002400639752447403,0.002400639752447403,0.0,0.0028943967156608093,0.0028943967156608093,0.0
0.12,pre_correction_window,0.0001574381140337418,0.0001574381140337418,0.0,0.0008078899851086917,0.0008078899851086917,0.0
0.123,pre_correction_window,0.04591989788441695,0.04591989788441695,0.0,0.05210536777771831,0.05210536777771831,0.0
0.126,pre_correction_window,0.04351259874482698,0.04351259874482698,0.0,0.04956909346337985,0.04956909346337985,0.0
0.129,pre_correction_window,0.04110422313050209,0.04110422313050209,0.0,0.04701409177521657,0.04701409177521657,0.0
0.132,pre_correction_window,0.03869474588618325,0.03869474588618325,0.0,0.04443993421824772,0.04443993421824772,0.0
0.135,pre_correction_window,0.03628414218918109,0.03628414218918109,0.0,0.04184620805638595,0.04184620805638595,0.0
0.138,pre_correction_window,0.03387238767824058,0.03387238767824058,0.0,0.03923252034878288,0.03923252034878288,0.0
0.14100000000000001,pre_correction_window,0.031459458623854054,0.031459458623854054,0.0,0.03659850320649329,0.03659850320649329,0.0
0.14400000000000002,pre_correction_window,0.02904533216272153,0.02904533216272153,0.0,0.03394382092773604,0.03394382092773604,0.0
0.147,pre_correction_window,0.026629986635550395,0.026629986635550395,0.0,0.03126818014355476,0.03126818014355476,0.0
0.15,pre_correction_window,0.024213402098754343,0.024213402098754343,0.0,0.028571345000134415,0.028571345000134415,0.0
0.153,pre_correction_window,0.02179556114339222,0.02179556114339222,0.0,0.025853161179687428,0.025853161179687428,0.0
0.156,pre_correction_window,0.019376450288200262,0.019376450288200262,0.0,0.02311359629974415,0.02311359629974415,0.0
0.159,pre_correction_window,0.016956062519001492,0.016956062519001492,0.0,0.02035281267228706,0.02035281267228706,0.0
0.162,pre_correction_window,0.014534402311079792,0.014534402311079792,0.0,0.017571309178089016,0.017571309178089016,0.0
0.165,pre_correction_window,0.012111496613628276,0.012111496613628276,0.0,0.014770225944833067,0.014770225944833067,0.0
0.168,pre_correction_window,0.009687422248660456,0.009687422248660456,0.0,0.011952084928513504,0.011952084928513504,0.0
0.171,pre_correction_window,0.007262388122996102,0.007262388122996102,0.0,0.00912292316838051,0.00912292316838051,0.0
0.17400000000000002,pre_correction_window,0.004837064760398548,0.004837064760398548,0.0,0.006300215891174189,0.006300215891174189,0.0
0.177,pre_correction_window,0.0024149000650018873,0.0024149000650018873,0.0,0.0035583474791780825,0.0035583474791780825,0.0
0.18,pre_correction_window,0.00025912872313157157,0.00025912872313157157,0.0,0.0015988082846036997,0.0015988082846036997,0.0
0.183,pre_correction_window,0.04645756181440282,0.04645756181440282,0.0,0.060107535915593514,0.060107535915593514,0.0
0.186,pre_correction_window,0.04402541096941369,0.04402541096941369,0.0,0.05715279634526367,0.05715279634526367,0.0
0.189,pre_correction_window,0.04159158737192796,0.04159158737192796,0.0,0.05417231082597558,0.05417231082597558,0.0
0.192,pre_correction_window,0.03915607732129979,0.03915607732129979,0.0,0.0511661605048975,0.0511661605048975,0.0
0.195,pre_correction_window,0.036718868989229624,0.036718868989229624,0.0,0.048134494021014704,0.048134494021014704,0.0
0.198,pre_correction_window,0.034279952666944113,0.034279952666944113,0.0,0.04507753666099132,0.04507753666099132,0.0
0.201,pre_correction_window,0.03183932108748023,0.03183932108748023,0.0,0.04199560275463587,0.04199560275463587,0.0
0.20400000000000001,pre_correction_window,0.029396969867066424,0.029396969867066424,0.0,0.03888911325742949,0.03888911325742949,0.0
0.20700000000000002,pre_correction_window,0.026952898141976767,0.026952898141976767,0.0,0.03575862190099404,0.03575862190099404,0.0
0.21,pre_correction_window,0.02450710953884323,0.02450710953884323,0.0,0.03260485601637788,0.03260485601637788,0.0
0.213,pre_correction_window,0.02205961373976416,0.02205961373976416,0.0,0.029428783580287807,0.029428783580287807,0.0
0.216,pre_correction_window,0.019610429165992864,0.019610429165992864,0.0,0.026231729588472613,0.026231729588472613,0.0
0.219,pre_correction_window,0.017159587904656638,0.017159587904656638,0.0,0.023015591190203317,0.023015591190203317,0.0
0.222,pre_correction_window,0.014707145507006017,0.014707145507006017,0.0,0.019783266472617893,0.019783266472617893,0.0
0.225,pre_correction_window,0.012253202506126324,0.012253202506126324,0.0,0.016539593170919995,0.016539593170919995,0.0
0.228,pre_correction_window,0.009797958248411289,0.009797958248411289,0.0,0.013293671659587033,0.013293671659587033,0.0
0.231,pre_correction_window,0.0073418727916774625,0.0073418727916774625,0.0,0.01006566813473441,0.01006566813473441,0.0
0.234,pre_correction_window,0.004886317274253385,0.004886317274253385,0.0,0.006912293168773132,0.006912293168773132,0.0
0.23700000000000002,pre_correction_window,0.0024381540495852262,0.0024381540495852262,0.0,0.004064973566412075,0.004064973566412075,0.0
0.24,pre_correction_window,0.0003660023734783708,0.0003660023734783708,0.0,0.0028189116860914466,0.0028189116860914466,0.0
0.243,pre_correction_window,0.04705213022449801,0.04705213022449801,0.0,0.06494010275681919,0.06494010275681919,0.0
0.246,pre_correction_window,0.044587113674750725,0.044587113674750725,0.0,0.061561661057280614,0.061561661057280614,0.0
0.249,pre_correction_window,0.04212026064506436,0.04212026064506436,0.0,0.05816494192522336,0.05816494192522336,0.0
0.252,pre_correction_window,0.039651596367728095,0.039651596367728095,0.0,0.05475107893572895,0.05475107893572895,0.0
0.255,pre_correction_window,0.03718114916888861,0.03718114916888861,0.0,0.05132129254656641,0.05132129254656641,0.0
0.258,pre_correction_window,0.03470895069628264,0.03470895069628264,0.0,0.0478769017831647,0.0478769017831647,0.0
0.261,pre_correction_window,0.03223503625548759,0.03223503625548759,0.0,0.04441934257005523,0.04441934257005523,0.0
0.264,pre_correction_window,0.029759445323777566,0.029759445323777566,0.0,0.04095019687620176,0.04095019687620176,0.0
0.267,pre_correction_window,0.027282222361054934,0.027282222361054934,0.0,0.03747123993813315,0.03747123993813315,0.0
0.27,pre_correction_window,0.024803418133089273,0.024803418133089273,0.0,0.033984518774095133,0.033984518774095133,0.0
0.273,pre_correction_window,0.022323091953971533,0.022323091953971533,0.0,0.03049248724882763,0.03049248724882763,0.0
0.276,pre_correction_window,0.019841315662523697,0.019841315662523697,0.0,0.02699824889065922,0.02699824889065922,0.0
0.279,pre_correction_window,0.01735818108111986,0.01735818108111986,0.0,0.023506018789355067,0.023506018789355067,0.0
0.28200000000000003,pre_correction_window,0.014873815044449354,0.014873815044449354,0.0,0.02002206827321936,0.02002206827321936,0.0
0.28500000000000003,pre_correction_window,0.012388412651793619,0.012388412651793619,0.0,0.01655684740370763,0.01655684740370763,0.0
0.28800000000000003,pre_correction_window,0.00990232080389584,0.00990232080389584,0.0,0.013130385582571623,0.013130385582571623,0.0
0.291,pre_correction_window,0.007416290063668321,0.007416290063668321,0.0,0.009788559162083548,0.009788559162083548,0.0
0.294,pre_correction_window,0.004932488225541941,0.004932488225541941,0.0,0.006664676258838663,0.006664676258838663,0.0
0.297,pre_correction_window,0.002461643454466308,0.002461643454466308,0.0,0.004270630570975929,0.004270630570975929,0.0
0.3,pre_correction_window,0.00045888350011772766,0.00045888350011772766,0.0,0.004155198166509267,0.004155198166509267,0.0
0.303,pre_correction_window,0.04743738449505036,0.04743738449505036,0.0,0.06323903756244943,0.06323903756244943,0.0
0.306,pre_correction_window,0.04494391794024583,0.04494391794024583,0.0,0.05973519869055726,0.05973519869055726,0.0
0.309,pre_correction_window,0.042449226891352596,0.042449226891352596,0.0,0.05623387469238727,0.05623387469238727,0.0
0.312,pre_correction_window,0.03995337117624474,0.03995337117624474,0.0,0.052736451154042845,0.052736451154042845,0.0
0.315,pre_correction_window,0.037456412260679084,0.037456412260679084,0.0,0.04924434356891951,0.04924434356891951,0.0
0.318,pre_correction_window,0.03495841348238919,0.03495841348238919,0.0,0.0457590146890389,0.0457590146890389,0.0
0.321,pre_correction_window,0.03245944045595907,0.03245944045595907,0.0,0.042282002018841844,0.042282002018841844,0.0
0.324,pre_correction_window,0.029959561747903297,0.029959561747903297,0.0,0.038814961478895516,0.038814961478895516,0.0
0.327,pre_correction_window,0.02745884999337164,0.02745884999337164,0.0,0.03535973782312035,0.03535973782312035,0.0
0.33,pre_correction_window,0.024957383762929813,0.024957383762929813,0.0,0.031918481223988736,0.031918481223988736,0.0
0.333,pre_correction_window,0.022455250762472404,0.022455250762472404,0.0,0.028493847486065062,0.028493847486065062,0.0
0.336,pre_correction_window,0.01995255353412236,0.01995255353412236,0.0,0.025089358593285014,0.025089358593285014,0.0
0.339,pre_correction_window,0.0174494201659564,0.0174494201659564,0.0,0.02171009221267824,0.02171009221267824,0.0
0.342,pre_correction_window,0.014946025878114921,0.014946025878114921,0.0,0.01836410424839392,0.01836410424839392,0.0
0.34500000000000003,pre_correction_window,0.012442640793162601,0.012442640793162601,0.0,0.015065661842049171,0.015065661842049171,0.0
0.34800000000000003,pre_correction_window,0.009939750013287996,0.009939750013287996,0.0,0.011843569676231016,0.011843569676231016,0.0
0.35100000000000003,pre_correction_window,0.0074384160668528095,0.0074384160668528095,0.0,0.008766382064151635,0.008766382064151635,0.0
0.354,pre_correction_window,0.004941740212298122,0.004941740212298122,0.0,0.006034547287501107,0.006034547287501107,0.0
0.357,pre_correction_window,0.002465179028135963,0.002465179028135963,0.0,0.004319367554741741,0.004319367554741741,0.0
0.36,pre_correction_window,0.0005514433418654518,0.0005514433418654518,0.0,0.004821494084976688,0.004821494084976688,0.0
0.363,pre_correction_window,0.04749006114108146,0.04749006114108146,0.0,0.05732090968777808,0.05732090968777808,0.0
0.366,pre_correction_window,0.04498407140836924,0.04498407140836924,0.0,0.05405018215247972,0.05405018215247972,0.0
0.369,pre_correction_window,0.04247777868618188,0.04247777868618188,0.0,0.05079581889812437,0.05079581889812437,0.0
0.372,pre_correction_window,0.03997123873214439,0.03997123873214439,0.0,0.04755846690839403,0.04755846690839403,0.0
0.375,pre_correction_window,0.037464507725402364,0.037464507725402364,0.0,0.04433879441008706,0.04433879441008706,0.0
0.378,pre_correction_window,0.034957642772753345,0.034957642772753345,0.0,0.041137514629037863,0.041137514629037863,0.0
0.381,pre_correction_window,0.032450702669857966,0.032450702669857966,0.0,0.03795542060825188,0.03795542060825188,0.0
0.384,pre_correction_window,0.029943749063592612,0.029943749063592612,0.0,0.03479343774152711,0.03479343774152711,0.0
0.387,pre_correction_window,0.02743684826845446,0.02743684826845446,0.0,0.031652705729236195,0.031652705729236195,0.0
0.39,pre_correction_window,0.02493007419340071,0.02493007419340071,0.0,0.028534711446361476,0.028534711446361476,0.0
0.393,pre_correction_window,0.022423513243480582,0.022423513243480582,0.0,0.02544151417463151,0.02544151417463151,0.0
0.396,pre_correction_window,0.019917272930091934,0.019917272930091934,0.0,0.02237614796082349,0.02237614796082349,0.0
0.399,pre_correction_window,0.017411497917841235,0.017411497917841235,0.0,0.019343386920968618,0.019343386920968618,0.0
0.402,pre_correction_window,0.014906402241588458,0.014906402241588458,0.0,0.01635131656839685,0.01635131656839685,0.0
0.405,pre_correction_window,0.012402340511894237,0.012402340511894237,0.0,0.013414881726585589,0.013414881726585589,0.0
0.40800000000000003,pre_correction_window,0.00989998698045615,0.00989998698045615,0.0,0.01056491510822296,0.01056491510822296,0.0
0.41100000000000003,pre_correction_window,0.007400876958806217,0.007400876958806217,0.0,0.007874763043693226,0.007874763043693226,0.0
0.41400000000000003,pre_correction_window,0.004909595624286433,0.004909595624286433,0.0,0.005551149745718713,0.005551149745718713,0.0
0.417,pre_correction_window,0.0024492605109520797,0.0024492605109520797,0.0,0.004207454640120743,0.004207454640120743,0.0
0.42,pre_correction_window,0.000672502176226485,0.000672502176226485,0.0,0.004727809336739595,0.004727809336739595,0.0
0.423,pre_correction_window,0.047301730337666076,0.047301730337666076,0.0,0.05126287213986333,0.05126287213986333,0.0
0.426,pre_correction_window,0.044798606308706246,0.044798606308706246,0.0,0.048347395183894325,0.048347395183894325,0.0
0.429,pre_correction_window,0.04229582047791044,0.04229582047791044,0.0,0.04544905397331753,0.04544905397331753,0.0
0.432,pre_correction_window,0.039793409915863165,0.039793409915863165,0.0,0.04256798222920487,0.04256798222920487,0.0
0.435,pre_correction_window,0.03729141287381451,0.03729141287381451,0.0,0.0397043586611943,0.0397043586611943,0.0
0.438,pre_correction_window,0.0347898696062438,0.0347898696062438,0.0,0.036858429908356714,0.036858429908356714,0.0
0.441,pre_correction_window,0.03228882356500783,0.03228882356500783,0.0,0.034030543882771505,0.034030543882771505,0.0
0.444,pre_correction_window,0.029788323182436145,0.029788323182436145,0.0,0.031221199811429783,0.031221199811429783,0.0
0.447,pre_correction_window,0.0272884246198484,0.0272884246198484,0.0,0.02843112599512876,0.02843112599512876,0.0
0.45,pre_correction_window,0.02478919616114647,0.02478919616114647,0.0,0.025661405394227236,0.025661405394227236,0.0
0.453,pre_correction_window,0.022290725539482026,0.022290725539482026,0.0,0.02291368757157427,0.02291368757157427,0.0
0.456,pre_correction_window,0.019793132782666215,0.019793132782666215,0.0,0.020190565146510204,0.020190565146510204,0.0
0.459,pre_correction_window,0.017296594142308736,0.017296594142308736,0.0,0.017496284368698805,0.017496284368698805,0.0
0.462,pre_correction_window,0.014801390159346256,0.014801390159346256,0.0,0.014838188955288541,0.014838188955288541,0.0
0.465,pre_correction_window,0.012308012017256387,0.012308012017256387,0.0,0.012229933073950256,0.012229933073950256,0.0
0.468,pre_correction_window,0.009817429435441921,0.009817429435441921,0.0,0.009699486719822846,0.009699486719822846,0.0
0.47100000000000003,pre_correction_window,0.007331902376429353,0.007331902376429353,0.0,0.0073119945155245905,0.0073119945155245905,0.0
0.47400000000000003,pre_correction_window,0.004858270059747064,0.004858270059747064,0.0,0.005243976450681073,0.005243976450681073,0.0
0.47700000000000004,pre_correction_window,0.002431170981186711,0.002431170981186711,0.0,0.003994972759805812,0.003994972759805812,0.0
0.48,pre_correction_window,0.0008188896750912014,0.0008188896750912014,0.0,0.004316231456413656,0.004316231456413656,0.0
0.483,pre_correction_window,0.047003974280616805,0.013918666320036669,70.3883202791719,0.04679189855207491,0.013632316032623963,70.86607627717328
0.486,pre_correction_window,0.0445122482282814,0.011431318718723504,74.3187118743185,0.044174268508094715,0.011138434174397515,74.78524364844559
0.489,pre_correction_window,0.042021159444311014,0.008947876287771673,78.70626035526234,0.04156951545007559,0.008736239697849991,78.98402326016503
0.492,pre_correction_window,0.03953073343165575,0.006472088642461695,83.62770411621322,0.038977652506445505,0.006512575809629955,83.29151349339726
0.495,pre_correction_window,0.03704099828305891,0.004016894800118061,89.1555438937637,0.03639874512044503,0.004706069490277926,87.07079193333358
0.498,pre_correction_window,0.03455198584113302,0.0016723797519913287,95.15981582164109,0.03383293083530979,0.003915900758646514,88.42577139501117
0.501,post_correction,0.03206373338699673,0.048771873984508995,-52.10915521237511,0.03128044825892291,0.047913044695890375,-53.17250027650395
0.504,post_correction,0.029576286168199004,0.0462839890167983,-56.49019878149457,0.02874168069955396,0.04534507485326317,-57.76765223742423
0.507,post_correction,0.027089701304257877,0.04379670954431408,-61.67291419130653,0.02621722403454592,0.04278785374856991,-63.20512687456612
0.51,post_correction,0.02460405404211298,0.04131004674223643,-67.89934972313509,0.02370799616103907,0.04024122054675338,-69.73691185628105
0.513,post_correction,0.022119448205229143,0.038824011373277456,-75.5198005531588,0.021215421044343562,0.037705018837433345,-77.72458420044521
0.516,post_correction,0.019636034540468635,0.03633861382499932,-85.06085712014671,0.018741753797135,0.03517909815227559,-87.70440873923611
0.519,post_correction,0.017154044942009998,0.033853864155096905,-97.35207800574953,0.016290689581680628,0.03266331605604713,-100.50296761395549
0.522,post_correction,0.01467386128685532,0.031369772149352,-113.77994200785234,0.013868588455804203,0.03015754114781662,-117.45213107967923
0.525,post_correction,0.01219616795589663,0.028886347400198194,-136.84773368697466,0.011487165747185545,0.027661657545239388,-140.80489612519725
0.528,post_correction,0.009722336592048412,0.026403599419794758,-171.57668498526803,0.009170083973569986,0.025175571867007782,-174.54025437028506
0.531,post_correction,0.00725559366404659,0.02392153781302349,-229.69787064511505,0.006971392658420164,0.022699224596164,-225.60530884381475
0.534,post_correction,0.004805754763499221,0.02144017255931393,-346.13538589519425,0.005034352831144568,0.020232609509051827,-301.890971643557
0.537,post_correction,0.0024223827002510046,0.018959514503319928,-682.6803956846028,0.003766639102332415,0.01777580886025656,-371.92758258281896
0.54,post_correction,0.0009750243845202346,0.016479576274736934,-1590.1706804846517,0.003872546847173189,0.01532906168282905,-295.8392832360099
0.543,post_correction,0.04667730910996346,0.014000374169291945,70.00603840227905,0.04385543557892884,0.012892908431498967,70.60134448261276
0.546,post_correction,0.04420012933882776,0.011521932437650165,73.93235583243263,0.04144291725756881,0.010468534217541568,74.73987134525458
0.549,post_correction,0.041723688421561184,0.009044294597149215,78.32335793094583,0.03903913709323323,0.008058721581083991,79.35732656734149
0.552,post_correction,0.0392480085175562,0.006567560295140727,83.26651327492716,0.03664412105990045,0.0056711905260982175,84.52360061569553
0.555,post_correction,0.03677311580591647,0.004092055881564244,88.87215349615312,0.034257943261074356,0.0033359820646023607,90.26216477977277
0.558,post_correction,0.03429904204067643,0.0016200679133170405,95.27663801398376,0.03188074273212019,0.0013136831278184066,95.879383554967
0.561,post_correction,0.03182582682370595,0.0485586979883734,-52.576391046669414,0.02951274810220831,0.044867161648480036,-52.0263768494091
0.5640000000000001,post_correction,0.029353521017545965,0.046085416155089196,-57.00132235428179,0.02715431476847747,0.04248418972072288,-56.454655854698075
0.5670000000000001,post_correction,0.026882192030049018,0.04361278655213823,-62.23671977116929,0.024805982652843617,0.0401082764923531,-61.687916393649964
0.5700000000000001,post_correction,0.02441193229339359,0.04114081460201233,-68.52748118241317,0.022468569121475282,0.037739307877042244,-67.96489208105072
0.5730000000000001,post_correction,0.02194287344690173,0.038669505623184754,-76.22808478916319,0.020143324676508128,0.03537717572000728,-75.62729235688396
0.5760000000000001,post_correction,0.019475211268493914,0.03619886487732834,-85.87148749389523,0.017832206661946192,0.03302177914933587,-85.18055434947445
0.579,post_correction,0.017009252230031312,0.033728897632940236,-98.29735709009556,0.015538388952915991,0.030673026529598663,-97.40158791585952
0.582,post_correction,0.014545507230281786,0.03125960925462902,-114.9090352074538,0.013267279989125951,0.02833083836286219,-113.53916089871127
0.585,post_correction,0.012084899494028871,0.028791005333650782,-138.2395099593205,0.011028740181919346,0.02599515172596586,-135.70372768942946
0.588,post_correction,0.0096292895480892,0.026323091886939813,-173.3648391761495,0.008842464051583012,0.023665927289260716,-167.63950807381514
0.591,post_correction,0.007183069345390523,0.023855875674381886,-232.1125625731365,0.006752911146049495,0.02134316085889031,-216.05866562269554
0.594,post_correction,0.004759619155717178,0.021389364729893334,-349.39235745786027,0.004877121647237708,0.019026903251004222,-290.12566483308103
0.597,post_correction,0.00242590146587705,0.01892356930134674,-680.063393650871,0.003558131378786659,0.01671729646383562,-369.83359196636246
0.6,post_correction,0.0011308449129364799,0.01645850362779379,-1355.4165155198668,0.0034847703225518553,0.014414644176468185,-313.64689325959694
0.603,post_correction,0.046358114183239756,0.013994189585370815,69.81285837026077,0.041981609192682914,0.012119561616270272,71.13125997470668
0.606,post_correction,0.04389589613560891,0.011530664994438528,73.731792696938,0.03970196419337655,0.009833332713501423,75.23212537897076
0.609,post_correction,0.04143442992430459,0.009068005442561191,78.11480582904778,0.037428136855717095,0.007558907020607585,79.80421240376818
0.612,post_correction,0.03897373907595333,0.006606394853058608,83.04911201826481,0.03516017911656877,0.00530442294940615,84.9135496954664
0.615,post_correction,0.03651385255225383,0.004146447137860048,88.64418063822163,0.032898184312001165,0.0031017939638902413,90.57153448204521
0.618,post_correction,0.034054806756559676,0.001692331492996422,95.03056497987487,0.030642301478653183,0.001232441700028484,95.9779728004861
0.621,post_correction,0.03159664847203561,0.04835124481515662,-53.026498547621415,0.02839275633625826,0.042866630304776415,-50.97734716947737
0.624,post_correction,0.02913943927983697,0.04589250173783246,-57.49274135685845,0.026149882880170634,0.040603461898602276,-55.27206024081944
0.627,post_correction,0.02668326240833948,0.04343438742595609,-62.77764975388197,0.023914172382074574,0.03834485951572004,-60.34366108551731
0.63,post_correction,0.02422823373281173,0.04097690505896218,-69.12873431408299,0.02168635204680889,0.03609075472389697,-66.4215108469922
0.633,post_correction,0.021774520189508408,0.038520057924583774,-76.90427889723995,0.019467516448316305,0.033841084602925085,-73.83359964158095
0.636,post_correction,0.01932237216938578,0.03606384949275822,-86.64297104212446,0.017259357855695153,0.0315957930857647,-83.06470814230717
0.639,post_correction,0.01687218405191768,0.03360828351988965,-99.19343824411253,0.01506459356596147,0.02935483291762686,-94.85977360819254
0.642,post_correction,0.014424616169801225,0.031153364200279976,-115.97360951275336,0.012887815934108694,0.02711816858572664,-110.41710034014464
0.645,post_correction,0.011980865513310072,0.02869909639301854,-139.54109459901247,0.010737335817458204,0.024885780822614896,-131.76867377242917
0.648,post_correction,0.009543349664915057,0.026245485973739716,-175.01335375175444,0.008629640067817888,0.02265767375515207,-162.55641691996252
0.651,post_correction,0.007117783423313753,0.023792540401341614,-234.2689568695076,0.00660175178883476,0.020433886695078958,-209.52218969573883
0.654,post_correction,0.004721567406332313,0.021340269672464107,-351.9742669318601,0.004751368616969847,0.018214514494142478,-283.3530075752923
0.657,post_correction,0.0024406299665046273,0.01888868801570675,-673.9267432972797,0.0033759425868266,0.01599974469152197,-373.93414668706777
0.66,post_correction,0.0012819204286821657,0.016437817096912794,-1182.2806103348496,0.003161973497520256,0.013789930136403323,-336.1178279077269
0.663,post_correction,0.046060353974361666,0.013987692586532915,69.63181699750112,0.04078265145204388,0.011585743955927277,71.59148916653716
0.666,post_correction,0.04361234897681144,0.011538379080348824,73.54332121279744,0.038588279609624666,0.009388550705413109,75.66994227161291
0.669,post_correction,0.04116507352450248,0.009090009109971448,77.91815164726756,0.03639781158809677,0.007201449600332489,80.21460827967033
0.672,post_correction,0.038718554833079434,0.006642908314701042,82.84308816963997,0.034211313821402974,0.005033001035608789,85.28848946905953
0.675,post_correction,0.036272826998649324,0.004198157812662125,88.42616316390655,0.03202888794315957,0.0029172594749497546,90.89178656428251
0.678,post_correction,0.03382793350032013,0.0017628325801064342,94.78882569019551,0.029850683025571874,0.0011639558385269316,96.10073967979287
0.681,post_correction,0.031383930867769395,0.04816000525805264,-53.45434407489058,0.027676913517654996,0.04153625593190785,-50.075462371958615
0.684,post_correction,0.02894089420026701,0.04571485686790903,-57.95937938741112,0.025507886221473656,0.03935041086345794,-54.2676273596165
0.687,post_correction,0.026498925727867453,0.04327028609861273,-63.29071805770512,0.023344042075186398,0.0371675239342592,-59.21631658540619
0.6900000000000001,post_correction,0.024058168568356835,0.040826295558770036,-69.6982687720791,0.021186023120275316,0.03498755697094174,-65.14452369051823
0.6930000000000001,post_correction,0.021618829769858565,0.03838288815514308,-77.54378272896771,0.019034784212998677,0.03281047668925478,-72.37115126762937
0.6960000000000001,post_correction,0.019181220869051427,0.03594006721055389,-87.37111394479889,0.01689178842217194,0.030636256034127077,-81.36774667337372
0.6990000000000001,post_correction,0.016745833723421564,0.03349783663237466,-100.03684012174865,0.014759368847962116,0.02846487613800612,-92.85971121953754
0.7020000000000001,post_correction,0.01431349338128728,0.03105620115944087,-116.97149907542584,0.012641446943980143,0.026296329251255034,-108.01676712947284
0.705,post_correction,0.011885697537068328,0.0286151667341894,-140.75294398958337,0.010545087900661092,0.024130623250349904,-128.83283171908985
0.708,post_correction,0.009465474327753758,0.02617474108167277,-176.5285729519724,0.008484260721168426,0.021967788803080354,-158.92401854495367
0.711,post_correction,0.0070599850560057985,0.02373493464415531,-236.18958759642757,0.00649030581239032,0.019807891204529738,-205.19195515742075
0.714,post_correction,0.004690996258757889,0.021295762156062385,-353.97098998542384,0.00464654482793686,0.01765105085234161,-279.87475653342517
0.717,post_correction,0.0024642333294360237,0.018857245438290166,-665.2378211525094,0.003217104913268179,0.015497480711248974,-381.72133421366914
0.72,post_correction,0.0014266905185222952,0.01641941867779434,-1050.8745915547872,0.002893300077067082,0.013347559802433526,-361.3264938617723
0.723,post_correction,0.04578849205035943,0.013982339221564612,69.4632022251651,0.04001313148135548,0.011201990713986237,72.00421386862482
0.726,post_correction,0.04335350007979296,0.011546112021685909,73.36752049907143,0.03787360324414167,0.009062179102570954,76.07257211796265
0.729,post_correction,0.04091920262696528,0.009110953247664732,77.7342844856397,0.0357367143389526,0.0069313095868079,80.60451355133996
0.732,post_correction,0.03848563173117495,0.0066773928962263855,82.64964716476923,0.03360253536340402,0.004818241161601627,85.66107851835163
0.735,post_correction,0.03605282780795856,0.004247172779084749,88.21958487775764,0.03147116697073029,0.0027589797292184126,91.23330974099436
0.738,post_correction,0.033620842681780144,0.001831286866866562,94.55312026471313,0.029342750407418336,0.0010977342798864206,96.25892506788017
0.741,post_correction,0.031189744032735455,0.0479880543575593,-53.858442400787375,0.02721748294529993,0.04064056341706689,-49.317861239203744
0.744,post_correction,0.02875962209105696,0.04555522642191786,-58.39994794675564,0.025095641069682043,0.03850467978670434,-53.43174410165481
0.747,post_correction,0.026330600026251243,0.043122915222063206,-63.774905163840764,0.02297761636446827,0.036370696938196646,-58.28751059852725
0.75,post_correction,0.02390285064858691,0.040691123643506535,-70.23544280025912,0.020863972976464647,0.034238594630762884,-64.10390614187105
0.753,post_correction,0.021476624396066527,0.03825985508333109,-78.14650187921725,0.018755543390327152,0.0321083569916858,-71.19395755947616
0.756,post_correction,0.019052298617645628,0.03582911363123012,-88.05664529132639,0.016653595808926447,0.029979973830521513,-80.02102473540299
0.759,post_correction,0.016630469760519528,0.033398904329040593,-100.82959056471793,0.014560143862755745,0.027853442558532934,-91.2992263062792
0.762,post_correction,0.014212139288939624,0.03096923355183276,-117.90690987622168,0.012478561202203397,0.02572877106106092,-106.1837951038608
0.765,post_correction,0.011799126652213504,0.028540109582890882,-141.883237837241,0.010414912607866277,0.02360598211930311,-126.65559480041871
0.768,post_correction,0.009395112794729538,0.026111543508662554,-177.92687622984775,0.008381178164298677,0.021485120446464143,-156.34964470728423
0.771,post_correction,0.007008802821105485,0.023683550663013173,-237.91149883251543,0.006404286204028428,0.019366264330487142,-202.3953601309286
0.774,post_correction,0.004666588389669348,0.02125615305936376,-355.49663446683087,0.004556567746819643,0.0172495458211407,-278.5644542030655
0.777,post_correction,0.0024942864987860308,0.018829383700920247,-654.9005982305764,0.0030767936475674692,0.015135187776927888,-391.91429489897234
0.78,post_correction,0.0015648295465092764,0.016403294711228103,-948.2480183109749,0.0026662095213253073,0.01302357681448339,-388.46786834703414
0.783,post_correction,0.0455433432874258,0.013977973920013433,69.30841499316838,0.039528777268846,0.010915420453234001,72.3861419264369
0.786,post_correction,0.04312000324711446,0.011553582310499874,73.20597996181036,0.037424123692299506,0.008812128355265143,76.4533475046248
0.789,post_correction,0.040697318646447024,0.009130451040271829,77.5649813207806,0.03532123631350477,0.006716904008914669,80.98338362424047
0.792,post_correction,0.038275326925121235,0.006709388345440069,82.47072230482635,0.03322018382435421,0.004638761241569877,86.03631675821994
0.795,post_correction,0.035854075445671825,0.0042930226003171906,88.02640272561977,0.031121060765294736,0.0026153624245173904,91.59616555411901
0.798,post_correction,0.033433625082300016,0.0018973907553617609,94.32490269693713,0.029023996650116218,0.0010324253765050975,96.44285592728332
0.801,post_correction,0.031014055484892136,0.04783564218135624,-54.238590966145644,0.026929169322706996,0.040039550158334575,-48.68468343200156
0.804,post_correction,0.028595473006820166,0.045413749127054745,-58.81447079481194,0.02483682501824267,0.037935391927768784,-52.73849173517631
0.807,post_correction,0.026178023012531422,0.042992309335106955,-64.23054298075348,0.022747309397221263,0.0358324032036451,-57.523699079866866
0.81,post_correction,0.023761909670687854,0.04057132648917962,-70.74101808924674,0.020661117224996473,0.033730573872469,-63.25629202500571
0.8130000000000001,post_correction,0.021347429135139023,0.038150805050301315,-78.71381518022247,0.018578975150905504,0.03162989776746407,-70.24565408239155
0.8160000000000001,post_correction,0.01893502799862413,0.035730750523539447,-88.7018626332939,0.016501986359020147,0.02953037393290071,-78.95042021264986
0.8190000000000001,post_correction,0.016525412679113574,0.03331116984053115,-101.57541894631807,0.014431898251622817,0.027432008470600643,-90.07900410825033
0.8220000000000001,post_correction,0.014119770106442473,0.030892071921291207,-118.78594119033129,0.012371633945327512,0.02533481730461785,-104.78149787309412
0.8250000000000001,post_correction,0.011720258027713917,0.028473468521757177,-142.94233501027318,0.010326445080630693,0.023238830441628434,-125.04192159233475
0.8280000000000001,post_correction,0.009331243704638,0.026055375552463345,-179.227253913782,0.00830671343235718,0.02114409876059195,-154.54229199997732
0.8310000000000001,post_correction,0.00696305292395764,0.02363781520521966,-239.4748749343767,0.006335861102786743,0.01905070527045662,-200.68060144306864
0.834,post_correction,0.004646896471239542,0.02122081953122504,-356.6665012350591,0.0044775581475575655,0.01695878468063335,-278.7507414031929
0.837,post_correction,0.002528622441434745,0.01880443677463587,-643.6632874287947,0.0029506161891919734,0.014868559435648855,-403.91370758799417
0.84,post_correction,0.001696511817697364,0.016388743301304905,-866.0258850155824,0.002470787365844234,0.01278041097405225,-417.2606575024055
0.843,post_correction,0.045324484898044644,0.013973867883033364,69.16927370610622,0.03924607122283616,0.010695034093449395,72.74877774969164
0.846,post_correction,0.04291138242273445,0.01156004637425315,73.0606526250512,0.037162462742388123,0.008613814331728236,76.82119618541003
0.849,post_correction,0.04049889513105329,0.009147762807954917,77.4123151301955,0.0350799801112742,0.006539920797210089,81.35711372564818
0.852,post_correction,0.03808706616784891,0.006738192926251179,82.30844849914115,0.03299868711770195,0.004482401117266945,86.41642589816131
0.855,post_correction,0.03567595018975627,0.004335122429305011,87.84861396473816,0.03091866992970857,0.0024803345645029833,91.97787430655377
0.858,post_correction,0.0332656175294987,0.00196093346435685,94.10522452313424,0.028840045036881715,0.0009703104057558812,96.63554476244744
0.861,post_correction,0.030856160305925036,0.047702085723970965,-54.59501522881042,0.026762970873554674,0.03965075762016387,-48.155291904995586
0.864,post_correction,0.028447701629000576,0.045289709211027825,-59.20340350047091,0.02468766527472892,0.03756545629012036,-52.16285489974444
0.867,post_correction,0.026040409895220534,0.04287772256736422,-64.65840107698924,0.022614432479492075,0.03548078453607474,-56.89442822962961
0.87,post_correction,0.023634521786216153,0.04046613069371783,-71.21620255214137,0.020543706361876954,0.033396737759542945,-62.56432588774447
0.873,post_correction,0.021230380838682523,0.03805493960803717,-79.24755988691307,0.018476122480418897,0.03131331495628796,-69.47990569706386
0.876,post_correction,0.018828505419779012,0.03564415682480189,-89.30953907450527,0.016412644032525774,0.02923051991614183,-78.09756830291461
0.879,post_correction,0.016429715984279013,0.03323379189909261,-102.27855387696779,0.014354795112930084,0.027148362976220225,-89.12400185890729
0.882,post_correction,0.014035391909585726,0.03082385722545942,-119.61522288813119,0.012305124458640345,0.02506686364845481,-103.71076889720929
0.885,post_correction,0.011648042232718306,0.02841436924264465,-143.94115916605483,0.010268213622350496,0.022986054674249457,-123.85641280598642
0.888,post_correction,0.009272747214400206,0.02600535030701003,-180.44925312559752,0.00825313758168497,0.020905988498038645,-153.30958427777057
0.891,post_correction,0.006921514742619781,0.023596831711862994,-240.9200527532451,0.006280472563252038,0.018826748025612693,-199.76642419824816
0.894,post_correction,0.004630522468007456,0.021188858763136975,-357.59110142607034,0.0044068909336339,0.016748465380372994,-280.05173335574915
0.897,post_correction,0.0025653896772511063,0.01878149975418585,-632.1109896376757,0.002835120968211366,0.014671356563817697,-417.4860871306536
0.9,post_correction,0.0018221098924665914,0.0163748628459844,-798.6759203539442,0.0023001828766738603,0.012595790314061418,-447.59951662084126
0.903,post_correction,0.04513119316450035,0.013969130370017117,69.04772643811893,0.03911644732780736,0.01052243817888204,73.09970895183577
0.906,post_correction,0.042726893712268135,0.011564635873862824,72.93359083919951,0.03704363988207735,0.008452644477797413,77.18192784320037
0.909,post_correction,0.04032316853918648,0.009162062238558514,77.27841692387165,0.034971457194278174,0.00638951089096638,81.7293547264259
0.912,post_correction,0.03792006665497151,0.006763060940328788,82.16495503063122,0.03289995694429745,0.004342043827817249,86.80228112404914
0.915,post_correction,0.035517650200934184,0.004372901503334391,87.68808894001842,0.030829216304045774,0.002350663662220497,92.37520785790454
0.918,post_correction,0.03311599920350434,0.0020218403708342266,93.89467200307132,0.028759338882982117,0.000915890386593731,96.81532878651916
0.921,post_correction,0.030715218551005938,0.04758651059210145,-54.928119795335036,0.026690464894346844,0.03942534080241225,-47.71320379197558
0.924,post_correction,0.02831544850799734,0.04518222127984269,-59.5673869233664,0.0246227864258069,0.037349178704376866,-51.685426898848284
0.927,post_correction,0.025916881050110474,0.0427782594101456,-65.05944263676453,0.02255657106906161,0.03527321885472788,-56.376688401493375
0.93,post_correction,0.02351978615411679,0.04037463151862963,-71.66240906302906,0.02049219976500252,0.03319745952859522,-62.000468028285106
0.933,post_correction,0.021124555906522655,0.037971345691699965,-79.74979384052048,0.018430229914388856,0.031121902299977605,-68.86334269590475
0.936,post_correction,0.018731782274995012,0.035568412090918544,-89.88269011859425,0.016371505798534875,0.029046553173931254,-77.42139013584627
0.9390000000000001,post_correction,0.0163424027703514,0.03316584370496609,-102.9434971773918,0.014317363322435456,0.026971424242474052,-88.38262070369865
0.9420000000000001,post_correction,0.013957994547536818,0.03076365745344478,-120.4017013237312,0.012270037825778759,0.024896536169445392,-102.9051297392007
0.9450000000000001,post_correction,0.011581428123985197,0.028361875850835244,-144.89100607633748,0.01023355327238727,0.022821922031297497,-123.01073169645628
0.9480000000000001,post_correction,0.00921851823552309,0.02596052959286961,-181.61282463847644,0.008215903315359837,0.020747633461750823,-152.53015603241826
0.9510000000000001,post_correction,0.006883005301298181,0.023559661722508184,-242.28742665743223,0.006235321194888624,0.018673750889234196,-199.48338354312716
0.9540000000000001,post_correction,0.004616153010896506,0.02115933462827252,-358.3759372431017,0.004342735772539543,0.016600401440421998,-282.25676877215176
0.9570000000000001,post_correction,0.0026030237773093314,0.018759642407730617,-620.686555814788,0.002727801676836713,0.014527792153057283,-432.5824188914053
0.96,post_correction,0.0019420820371869856,0.01636073409498216,-742.4326975743987,0.002150243736229327,0.012456276284117255,-479.2960153419915
0.963,post_correction,0.044962774501772385,0.0139628607914851,68.9457313384104,0.039111456423906676,0.010386498763546389,73.44384558076008
0.966,post_correction,0.042565827320105235,0.011566481304728616,72.82683778763209,0.0370413061905522,0.008319757985324756,77.5392424270211
0.969,post_correction,0.04016941251202975,0.009172532961527972,77.16537935728827,0.03497136374172639,0.00625908056364417,82.1022691311975
0.972,post_correction,0.03777358502480708,0.006783273871867449,82.0422820142365,0.032901680438249974,0.004213422888225033,87.1938976000548
0.975,post_correction,0.035378414576095064,0.004405851027659343,87.5464995239319,0.0308323247206174,0.0022247540758678816,92.78434533877298
0.978,post_correction,0.03298399100571223,0.0020801956969450546,93.69331717139748,0.02876338821622367,0.0008756222187132749,96.95577512589637
0.981,post_correction,0.030590432133116654,0.04748811586842192,-55.23846038452049,0.026694994681369388,0.03933415345153048,-47.34654912286627
0.984,post_correction,0.02819789560337851,0.04509047344914572,-59.9072288349888,0.024627313438509348,0.037259266381512675,-51.292452075795396
0.987,post_correction,0.02580659729822397,0.042693097253155454,-65.43481792577755,0.022560580179908533,0.035184220616512996,-55.95441400858354
0.99,post_correction,0.023416840980636587,0.04029599591595572,-72.0812638616649,0.02049513030960126,0.033109015857746844,-61.545768958767795
0.993,post_correction,0.021029068055217738,0.037899180171132786,-80.22282333966403,0.018431454594332118,0.031033654874188403,-68.37333545954426
0.996,post_correction,0.018643945349232863,0.03550266355842319,-90.42462790679663,0.01637029664867772,0.028958144576297185,-76.89443995894985
0.999,post_correction,0.016262529608424475,0.03310646343891758,-103.5751155328716,0.014312833988670065,0.026882497588268786,-87.82092777397388
1.002,post_correction,0.013886599791138194,0.03071060248493498,-121.15278719656855,0.012261039497209452,0.02480673461087968,-102.32162710613208
1.0050000000000001,post_correction,0.011519395955525999,0.028315110925341485,-145.8037820269419,0.010218472307911326,0.02273088808036239,-122.44898645723909
1.008,post_correction,0.00916748511442761,0.02592003003436239,-182.73871962518874,0.008192228587690756,0.020655008035015476,-152.12929319441457
1.0110000000000001,post_correction,0.006846384029951519,0.023525417748772908,-243.61814420362708,0.006198605148707046,0.01857917191570955,-199.73149555404314
1.014,post_correction,0.004602550432248019,0.02113135809912678,-359.12279311637246,0.004283802925902132,0.016503501761743363,-285.2535246650701
1.0170000000000001,post_correction,0.002640204661523878,0.018737977860134255,-609.7168690445019,0.002626990447890663,0.014428196241422829,-449.2291094171249
1.02,post_correction,0.0020569413918840596,0.016345477804772125,-694.649661349877,0.002019134935241063,0.012353594933211155,-511.8261200674174
1.0230000000000001,post_correction,0.04481865342646984,0.013954196047326652,68.86520459562642,0.03921444413946256,0.010280320301254522,73.78435286576163
1.026,post_correction,0.04242758533013049,0.011564749783044042,72.74238047473517,0.037140033963965764,0.008209634190516303,77.89545858121318
1.029,post_correction,0.0400370060774541,0.009178397725364393,77.07521459619582,0.0350654656857771,0.0061445118543796695,82.47702765609657
1.032,post_correction,0.037646976567494835,0.006798162458989527,81.94234151366301,0.0329907846938526,0.004093941386908519,87.59065167773541
1.035,post_correction,0.035257574116498734,0.004433542548172852,87.42527624412429,0.030916051455901265,0.0021021027182176032,93.20061062385005
1.038,post_correction,0.0328688984129758,0.002136262414636105,93.50065710205621,0.028841346927435844,0.0008575514635225027,97.02665944943527
1.041,post_correction,0.030481080264260284,0.0474062444888697,-55.526786051787454,0.026766780475447647,0.039359800456245174,-47.047197149275085
1.044,post_correction,0.028094294788328766,0.04501379051902795,-60.2239559959628,0.024692501792614303,0.03727940729951747,-50.97460602662786
1.047,post_correction,0.025708781925907784,0.04262154283248546,-65.78592854114959,0.02261871935672333,0.03519853327925474,-55.616826594526486
1.05,post_correction,0.023324879484669724,0.040229512702497715,-72.47468622051643,0.02054573004291301,0.03311717882063046,-61.187647026705704
1.053,post_correction,0.02094307863654215,0.03783771418286555,-80.66930292113359,0.018473968607023276,0.03103534727000521,-67.99502007493103
1.056,post_correction,0.018564121877701532,0.035446165045449146,-90.93908819907952,0.016404094497068682,0.028953045932432503,-76.49889750151247
1.059,post_correction,0.016189186715723083,0.033054888124212145,-104.17880591931738,0.01433715340435476,0.026870287592938625,-87.41717295692085
1.062,post_correction,0.013820256968893213,0.030663913287436537,-121.87657839109077,0.012274900676030782,0.024787092806528268,-101.93314358078729
1.065,post_correction,0.011460948837528276,0.02827328040948985,-146.69231850080752,0.010220511737593604,0.02270349345126938,-122.13656257308763
1.068,post_correction,0.009118597310157519,0.025883043987478992,-183.84896390420684,0.008180345122863253,0.02061953843872901,-152.0619622893348
1.071,post_correction,0.006810537227045599,0.02349328057246338,-244.95488078632428,0.006169114431696296,0.018535303280698703,-200.45322527113711
1.074,post_correction,0.004588534972657465,0.021104101242336745,-359.93114072560365,0.0042291886874377,0.016450906932967597,-288.98493656320073
1.077,post_correction,0.002675821968138631,0.018715673612622226,-599.4364287113361,0.002531759167516839,0.01436654330483187,-467.45299826138836
1.08,post_correction,0.0021672611745228287,0.01632826312826904,-653.4054187937951,0.0019070945333076845,0.012282544840122322,-544.0448874246076
1.083,post_correction,0.04469836656579302,0.013942316680596171,68.80799511974557,0.039415859935873154,0.010199523958068118,74.12329967007689
1.086,post_correction,0.04231167328271393,0.011558649480056046,72.68212627086476,0.03733097302219248,0.008118731751748083,78.25202212939462
1.089,post_correction,0.03992542304905971,0.009178921941862605,77.00983172906221,0.03524559294525004,0.006043154791707476,82.85415484116038
1.092,post_correction,0.037539682687910525,0.006807111068087034,81.86689236379925,0.03315975980315474,0.0039820175321333695,87.9914162353054
1.095,post_correction,0.035154537084873226,0.004455637777264762,87.3255683426934,0.03107352714948678,0.001983087180353698,93.61808149163893
1.098,post_correction,0.03277009574839723,0.002190505560739023,93.31553506111999,0.02898696683522104,0.000870056417667865,96.99845650421523
1.101,post_correction,0.030386502449433708,0.04734037672353314,-55.794095757853135,0.02690017610628205,0.03949206910438299,-46.80970469617235
1.104,post_correction,0.0280039497671591,0.044951626166823605,-60.51887873166895,0.024813288283943427,0.03740000259244023,-50.72570053781067
1.107,post_correction,0.025622701718192177,0.04256302333068222,-66.11450189291466,0.022726489328219628,0.03530715493001512,-55.35683677361465
1.11,post_correction,0.023243130232686898,0.04017458275294791,-72.8449754863493,0.020640044438959716,0.03321352705855302,-60.91790478832432
1.113,post_correction,0.020865776455246718,0.03778632259316044,-81.09233880754549,0.01855434257036385,0.031119122807716663,-67.71881132248825
1.116,post_correction,0.018491459026734266,0.03539826585331076,-91.43035604780164,0.016469974664900494,0.02902394993296138,-76.22340363895594
1.119,post_correction,0.016121477285222303,0.033010442127953614,-104.76065278591139,0.014387879579582354,0.02692802163919078,-87.15768011711728
1.122,post_correction,0.01375802234919308,0.030622890172271818,-122.58206444960365,0.012309637128840995,0.024831358878402394,-101.72291529393257
1.125,post_correction,0.011405092423078545,0.02823566177161428,-147.57065286449216,0.010238114619837688,0.02273399392209469,-122.05254352246263
1.1280000000000001,post_correction,0.009070805764851612,0.025848827752627573,-184.96727217761597,0.008179081918753614,0.020635976117036492,-152.30186373021613
1.131,post_correction,0.006774359862576423,0.023462487658469894,-246.3425051875919,0.0061460010709510965,0.01853738155666784,-201.61695942885947
1.1340000000000001,post_correction,0.004572969746708843,0.02107678598638324,-360.89930950346127,0.00417827626322854,0.016438330170807317,-293.42372632166433
1.137,post_correction,0.0027089539132463636,0.018691940837020343,-590.0058633563184,0.002441862516026287,0.01433901783858407,-487.2164278076705
1.1400000000000001,post_correction,0.0022736965427641222,0.016308297644844812,-617.2592005184163,0.001816291459116539,0.012239781556626092,-573.8886259245878
1.143,post_correction,0.04460152346214272,0.013926437932996314,68.77586940540961,0.03971056774870067,0.010141245500525241,74.46209894378289
1.1460000000000001,post_correction,0.04221766162567936,0.011547422172427586,72.64788780863282,0.03760936037262024,0.008044695302734654,78.60985876114175
1.149,post_correction,0.039834194227520894,0.009173408638601104,76.97101995786494,0.03550734282465628,0.005953240366801421,83.23377675372686
1.1520000000000001,post_correction,0.03745119395677805,0.0068095571683376545,81.81751648239445,0.03340455081688838,0.003876712765898635,88.39465680245375
1.155,post_correction,0.035068753201551194,0.004471898526659903,87.24819641873638,0.03130103225934929,0.0018689507079831748,94.02910839330247
1.158,post_correction,0.03268699121419348,0.0022436206649994765,93.13604409075974,0.029196851663554655,0.0009196854421373563,96.85005269494394
1.161,post_correction,0.030306064645092442,0.04729009547959056,-56.04169011514464,0.02709209660265692,0.039725258068667835,-46.63043119657258
1.164,post_correction,0.027926183446337533,0.044903529272611514,-60.79364858036313,0.024986887441928174,0.03761566952754499,-50.5416375487634
1.167,post_correction,0.025547635628744483,0.042517053801749964,-66.42265616906103,0.02288139244600866,0.03550501080097261,-55.169799586064805
1.17,post_correction,0.02317082719526598,0.04013068759751646,-73.19488535875638,0.020775852074263416,0.03339328349466318,-60.731234393172784
1.173,post_correction,0.020796349304120727,0.0377444538380153,-81.4955754303298,0.018670619704018884,0.031280492218560954,-67.53858583401906
1.176,post_correction,0.018425097008720172,0.0353583819158223,-91.9033690790773,0.01656623334859705,0.029166645676020436,-76.06081637435392
1.179,post_correction,0.01605849230051907,0.03297250968460233,-105.32755546133394,0.014463549781541513,0.027051758265805186,-87.03401775080717
1.182,post_correction,0.013698935812816948,0.03058688675618199,-123.27929099108852,0.012364014814984422,0.024935852502421575,-101.6808688404422
1.185,post_correction,0.011350813676539149,0.028201579469236265,-148.45425423135742,0.01027026247256105,0.022818962787575975,-122.18480636245815
1.188,post_correction,0.00902304419945339,0.025816678608991353,-186.1193854126893,0.008187622304607844,0.020701141502482506,-152.8345926610743
1.191,post_correction,0.006736740372573531,0.023432311834186825,-247.82863133013018,0.006128640296195667,0.018582469276586175,-203.20704721602246
1.194,post_correction,0.004554751590535772,0.021048664535489033,-362.1254116080806,0.004130670951714989,0.016463073201208656,-298.5568783776749
1.197,post_correction,0.0027388601211292465,0.018666016641465485,-581.5250073366063,0.0023577298167661007,0.01434316121417692,-508.34626224688566
1.2,post_correction,0.0023770148687785875,0.016284811649353942,-585.0950687456902,0.0017506682768049049,0.012223092291931983,-598.1957949360916
1.203,post_correction,0.044527758230699425,0.013905796338460175,68.77049981628562,0.0400962677770515,0.010103535000326536,74.80180685018982
1.206,post_correction,0.042145139154860664,0.011530332660277727,72.64137005714949,0.037973057957678746,0.007985878176172962,78.96962055288442
1.209,post_correction,0.039762862666281984,0.009161191795450456,76.96043196804605,0.03584873070462242,0.005873526980443352,83.6158021079223
1.212,post_correction,0.03738100724247121,0.006804991253831813,81.7955915160569,0.03372331842263684,0.0037775172193490526,88.79850087109641
1.215,post_correction,0.03499967268258532,0.0044822006416466,87.19359268786306,0.03159686482708037,0.0017619250858065946,94.42373445767784
1.218,post_correction,0.03261898787613683,0.002296566975636897,92.95941681465536,0.029469429040856625,0.0010094042230409958,96.57474116094495
1.221,post_correction,0.03023912223047526,0.04725504312244348,-56.271213040765524,0.027341091610527276,0.04005658023802253,-46.5068798591763
1.224,post_correction,0.027860302934839817,0.0448691025869398,-61.05030405405309,0.025211963578045324,0.037923746575297984,-50.41964683909877
1.227,post_correction,0.02548284185447896,0.042483197713563056,-66.71295123269798,0.023082200583669332,0.03578955804413821,-55.052625569242046
1.23,post_correction,0.023107178946581028,0.040097351865942384,-73.52768141294568,0.020952025581471953,0.033654017342564346,-60.624170735668
1.233,post_correction,0.02073395534808362,0.03771159429490438,-81.88326183691697,0.018821766986167967,0.03151713047823028,-67.45043385879805
1.236,post_correction,0.01836414272600101,0.03532596212467108,-92.36379640338208,0.016691926009781238,0.029378907977359328,-76.0066990480529
1.239,post_correction,0.015999286542040244,0.03294050320145407,-105.8873257560488,0.014563302961433313,0.027239366665924518,-87.04113165852613
1.242,post_correction,0.013641999375322638,0.03055528027515621,-123.97948742343765,0.012437252732114368,0.025098532366026233,-101.80125713148075
1.245,post_correction,0.011297062172477536,0.02817037730312949,-149.36020421096347,0.010316254119212857,0.022956444107203832,-122.52693508635126
1.248,post_correction,0.008974213702915096,0.025785909247388335,-187.33335421923698,0.008205352801166275,0.020813160947778735,-153.65345588577787
1.2510000000000001,post_correction,0.0066965497741848104,0.023402037851520268,-249.46410675143622,0.006116540364998397,0.01866877350964877,-205.21785839066663
1.254,post_correction,0.0045328082662000335,0.02101899813196836,-363.70807891217316,0.004086158405854762,0.016523424517840914,-304.3755252896141
1.2570000000000001,post_correction,0.002764988093266549,0.018637145141957297,-574.0407015619162,0.0022805040225689246,0.014377347764113766,-530.4460602493514
1.26,post_correction,0.0024781308389985805,0.016257041712671,-556.0203140541407,0.0017155974083410345,0.012230948136028357,-612.9264754401536
1.2630000000000001,post_correction,0.044476680795250904,0.013879636094151738,68.79345345475113,0.040572542024862976,0.010084983851472946,75.14332760985782
1.266,post_correction,0.042093666392702976,0.011506658576734276,72.66415695561987,0.038421667114551215,0.007941043776393245,79.33186045072526
1.2690000000000001,post_correction,0.039710939211224545,0.009141630957052747,76.9795649797454,0.03626937167998309,0.005803079000222708,84.00005643487505
1.272,post_correction,0.03732858343044854,0.006792959627007697,81.80225713717614,0.03411568605306343,0.0036842267982272383,89.20078349737183
1.2750000000000001,post_correction,0.03494670615850122,0.004486554080693603,87.1617254560565,0.03196065137616981,0.001665453504479319,94.78905018274722
1.278,post_correction,0.03256544580260159,0.002350603786794737,92.7819081579809,0.02980432353185578,0.001138719860797883,96.1793467327625
1.281,post_correction,0.03018498439015026,0.04723487715981627,-56.48468307715808,0.027646778919723548,0.0404851796953415,-46.43723890184865
1.284,post_correction,0.02780556619677945,0.04484796050487445,-61.29130472469542,0.02548812317848589,0.038323371692310135,-50.357762413272816
1.287,post_correction,0.02542752678993974,0.04246102682154921,-66.98842625287756,0.02332850476544018,0.036159923860523906,-55.00317840384149
1.29,post_correction,0.02305133995995856,0.04007410527061095,-73.84718346188058,0.02116813686734211,0.033994840658689345,-60.5943918056203
1.293,post_correction,0.020677696812433012,0.03768723238565899,-82.2603006878336,0.01900733427372425,0.031828130394711586,-67.45183694017953
1.296,post_correction,0.01830764592302292,0.0353004545635432,-92.81809748762316,0.016846578633784144,0.029659806640722194,-76.05833971084427
1.299,post_correction,0.015942857308257032,0.03291383163756233,-106.44876260992304,0.014686641251381428,0.027489890321671432,-87.1761545144689
1.302,post_correction,0.013586158645921916,0.030527442125194024,-124.69516896416694,0.012528832517276827,0.025318412883642342,-102.08118233465987
1.305,post_correction,0.01124273459321878,0.028141391142705887,-150.30735102187484,0.010375560860950457,0.023145421254221886,-123.07633837253248
1.308,post_correction,0.008923170891205999,0.025755822712512477,-188.6398011036129,0.008231760691454188,0.02097098589993996,-154.75699168114804
1.311,post_correction,0.0066526350625639285,0.02337093959397175,-251.30349664730568,0.006109278747030216,0.01879521449727124,-207.6503017055457
1.314,post_correction,0.004506102018286115,0.020987036603142353,-365.7470363071078,0.004044679881622907,0.016618276375335084,-310.8675312189869
1.317,post_correction,0.002786993485370665,0.01860455947213128,-567.5494424292459,0.002212120724893365,0.014440449117186059,-552.7875696242644
1.32,post_correction,0.0025781445634012246,0.01622421536724552,-529.2981238352933,0.0017171919588088792,0.012262214886895112,-614.0852729942161
1.323,post_correction,0.04444783001912238,0.013847196814203988,68.84618032365891,0.04114025185726988,0.010084481614059957,75.48755498861165
1.326,post_correction,0.042062730947913844,0.011475681991526314,72.71769632424339,0.038955968113432986,0.007909169030275177,79.69715703831295
1.329,post_correction,0.03967786010007816,0.009114108404496758,77.02973804154624,0.03676996106786517,0.005741121433289582,84.38638152840745
1.332,post_correction,0.03729330727466719,0.006773071386347465,81.8383729379016,0.03458226036911779,0.003596877072790043,89.59906890296251
1.335,post_correction,0.0349091867916082,0.004485130731300807,87.15200454804354,0.032392906390743534,0.001584450975933156,95.10864830459943
1.338,post_correction,0.03252564646394205,0.0024073267314318543,92.59868136948295,0.030201954144601733,0.0013053454809013561,95.67794363685347
1.341,post_correction,0.030142880814775765,0.04722922684929577,-56.68451578836631,0.02800947904078044,0.041011501555840484,-46.420079774171214
1.344,post_correction,0.027761151077288056,0.0448396878194244,-61.519555491734025,0.025815585596517282,0.03881488989335763,-50.354481591128625
1.347,post_correction,0.025380816408382304,0.042450082072895835,-67.25262651076982,0.02362042101781861,0.036616349961110475,-55.019886959204015
1.35,post_correction,0.02300238438362322,0.040060445667259026,-74.15779598823009,0.02142419715680426,0.03441588886846129,-60.640273316057055
1.353,post_correction,0.020626596207160182,0.037670823800702996,-82.6322841750603,0.01922722754986246,0.03221351839658649,-67.54115128167255
1.356,post_correction,0.01825457793651972,0.035281273904952254,-93.27356692465229,0.01702999315310024,0.030009256725838224,-76.21414439837963
1.359,post_correction,0.015888125809572187,0.03289187008534962,-107.02171218667664,0.014833266476083877,0.02780313099018274,-87.4376829608675
1.362,post_correction,0.013530287059708237,0.030502709645722305,-125.44022540775315,0.01263836487536677,0.025595181160632915,-102.51972001947867
1.365,post_correction,0.011186662158057288,0.02811392293583231,-151.3164564962125,0.010447721568812846,0.02338546614058676,-123.83316770609542
1.368,post_correction,0.008868719303858701,0.025725688675844387,-190.07219412899184,0.008266356623800028,0.021174073696174068,-156.14759512323567
1.371,post_correction,0.006603816620788213,0.023338258669213525,-253.40561389525593,0.006106452489794825,0.018961137364225007,-210.50986470316573
1.374,post_correction,0.00447363981610264,0.020951999363954546,-368.3434568992096,0.004006321583810786,0.016746866810660406,-318.0110472991761
1.377,post_correction,0.002804775179607176,0.018567465346342567,-561.9947823747871,0.0021554114627931726,0.014531606012898745,-574.1917385030238
1.3800000000000001,post_correction,0.002678381256232565,0.016185537493666514,-504.3029705350176,0.0017612818696427757,0.012315954320937541,-599.2608357136766
1.383,post_correction,0.044440628400868785,0.013807703228519961,68.93000003517045,0.04180113152857324,0.010101046843531539,75.83547029910673
1.3860000000000001,post_correction,0.04205170447268437,0.011436683402903772,72.80328218245535,0.03957754020872574,0.007889306187940747,80.06620384608598
1.389,post_correction,0.039662946192405936,0.00907802960868335,77.11206433166714,0.03735192039785866,0.005686939196567865,84.77470733501058
1.3920000000000001,post_correction,0.03727444891319516,0.006745010682758985,81.90446571465944,0.03512430261512643,0.003515715962016479,89.99064550678818
1.395,post_correction,0.03488633409221343,0.004478301446244426,87.1631641364004,0.03289472847044903,0.0015254622835119754,95.36259347791129
1.3980000000000001,post_correction,0.03249875886706702,0.0024686992057243217,92.40371235153228,0.030663254727455482,0.0015069007799313869,95.08564634339966
1.401,post_correction,0.030111930175543675,0.0472376505363209,-56.87353902901384,0.028429959291963916,0.04163686171889209,-46.45417283682594
1.4040000000000001,post_correction,0.027726126143506308,0.044843799247694285,-61.738423231537816,0.026194950280930513,0.03939944719444695,-50.40855879436079
1.407,post_correction,0.0253417295033551,0.04244983532728298,-67.50962211029385,0.0239583801917111,0.037159810218680804,-55.101513213055256
1.41,post_correction,0.022959281727786805,0.04005580297800991,-74.46453008820303,0.021720468859175786,0.03491796165719866,-60.76062576544064
1.413,post_correction,0.020579574521277975,0.03766175763398809,-83.00552130000655,0.019481542280283336,0.03267391820604447,-67.71730767493048
1.416,post_correction,0.018203812486351282,0.03526776976940678,-93.73837099151392,0.0172421017352712,0.030427704559454077,-76.47329209994062
1.419,post_correction,0.01583392069348181,0.03287393037039099,-107.61712153783786,0.015002954818412505,0.028179356621929698,-87.82537815381768
1.422,post_correction,0.01347317236903423,0.030480358982487507,-126.23000840204026,0.012765484112568358,0.025928926402618388,-103.11745464545179
1.425,post_correction,0.0111276005195473,0.028087215866766626,-152.41035403299406,0.010532256766182824,0.02367648971769778,-124.79977694541894
1.428,post_correction,0.008809603681514058,0.025694720935540226,-191.66716079927235,0.008308608684730292,0.021422158777677097,-157.83087867704154
1.431,post_correction,0.006548889589948511,0.02330318432238334,-255.83413038677537,0.006107636041036943,0.019166103697792918,-213.80559628990156
1.434,post_correction,0.004434491298386621,0.020913057856899075,-371.5999299515544,0.003971317629569668,0.016908591290744745,-325.76778963351154
1.437,post_correction,0.002818526881361489,0.018525026213921877,-557.2591638712123,0.0021142003947169966,0.014650059817769841,-592.9361972676612
1.44,post_correction,0.0027804306580602243,0.016140178517283114,-480.4920353073418,0.0018523771438049832,0.01239127559166103,-568.9391322443121
1.443,post_correction,0.04445433694751034,0.013760357033012448,69.04608643863016,0.04255748420774332,0.010133698930514589,76.1882096200819
1.446,post_correction,0.04205979987676084,0.011388938474044565,72.92203361067997,0.04028847551506989,0.007880477333574604,80.43987211522334
1.449,post_correction,0.03966536253947682,0.009032827588220242,77.22741704621923,0.038017128816793554,0.005639803124538178,85.16509978510825
1.452,post_correction,0.03727112581075387,0.006708555384526127,82.0006634127738,0.035743477237368086,0.0034412070011911803,90.37248956407196
1.455,post_correction,0.0348772182531409,0.004466683765766777,87.19311920650517,0.03346756585418523,0.0014964646471024496,95.52861222826185
1.458,post_correction,0.03248380630442475,0.002537072276815203,92.18973216057621,0.031189456095080094,0.0017418404488349238,94.41529072028388
1.461,post_correction,0.030091109314389238,0.047259592584734327,-57.05500282814535,0.028909232229907923,0.04236312315173394,-46.53838889539014
1.464,post_correction,0.027699422348681575,0.044859698657722824,-61.95174792104658,0.02662701121873664,0.04007868356371555,-50.51889689937625
1.467,post_correction,0.02530915186778949,0.04245965089110807,-67.76402114503772,0.024342958129986436,0.03779172002765078,-55.24703212259864
1.47,post_correction,0.022920873612430975,0.040059503045783464,-74.7730201001478,0.022057311180604267,0.035502248488946474,-60.95456149779847
1.473,post_correction,0.02053543061274835,0.03765932257276989,-83.38706055372936,0.019770424203218156,0.03321029227522969,-67.97966464383623
1.476,post_correction,0.018154107813959423,0.03525919526913808,-94.22158131079219,0.01748284250989056,0.030915884856493436,-76.8355737289483
1.479,post_correction,0.015778963097262812,0.03285923197266511,-108.24709310819811,0.015195447306203409,0.028619073943509796,-88.33979261555734
1.482,post_correction,0.013413504894098545,0.030459578417380447,-127.08142769442426,0.012909753367884018,0.02631992774772056,-103.87630187573866
1.485,post_correction,0.011064221762645177,0.02806043013712124,-153.6141333668704,0.010628589043117124,0.024018544859827684,-125.98055830732912
1.488,post_correction,0.008744506981111516,0.025662055709379857,-193.4648661703961,0.008357879865182936,0.021715070445685394,-159.8155369060225
1.491,post_correction,0.006486629559095306,0.023264834331882464,-258.65828501430906,0.0061123430334123745,0.019409724029448096,-217.54965196402128
1.494,post_correction,0.004387816336351649,0.020869319192857623,-375.61970677674026,0.003940068269484712,0.017102849829959205,-334.0749616553203
1.497,post_correction,0.0028288073718109436,0.0184763498792448,-553.1498066415398,0.002093342258744128,0.014795014305194275,-606.7651858358957
1.5,post_correction,0.0028861834976887106,0.01608726441630244,-457.38882954549877,0.0019931204562627326,0.012487211965385702,-526.5156692436075
1.5030000000000001,post_correction,0.04448800845340891,0.01370433104952282,69.19544945718351,0.04341192094741982,0.010181350787139243,76.54710834042379
1.506,post_correction,0.04208602712106599,0.011331717892491254,73.0748691011055,0.041091131381351016,0.0078815862125798,80.81925236023844
1.5090000000000001,post_correction,0.039684076713251006,0.008977971913841885,77.37638706145322,0.03876768871773128,0.00559891288795,85.5577851733286
1.512,post_correction,0.03728226364583316,0.00666360353473511,82.12661227323339,0.036441630623546294,0.0033740612295909897,90.74119030389687
1.5150000000000001,post_correction,0.034880723620487074,0.004451201616595372,87.23879221937649,0.03411300813107778,0.001506036737501867,95.58515410979007
1.518,post_correction,0.03247963243750604,0.002615184972243933,91.948231011309,0.03178189057767508,0.0020097250501976863,93.6765088115639
1.5210000000000001,post_correction,0.03007922197420754,0.04729433838637293,-57.23258542700035,0.029448372910195655,0.04319241811586393,-46.671662463598445
1.524,post_correction,0.027679804449834693,0.044886636587828925,-62.16385007046895,0.027112586787870308,0.040854468117728325,-50.684508407017404
1.5270000000000001,post_correction,0.02528181044967182,0.04247874556419862,-68.02097954480166,0.024774718003651174,0.03851368436143152,-55.45559128364476
1.53,post_correction,0.022885850726396526,0.040070730228064476,-75.08953766724923,0.022435034851632916,0.036170089422090664,-61.22145412873318
1.5330000000000001,post_correction,0.020492821060112156,0.03766267206100922,-83.78471148765837,0.020093936385550792,0.03382371526355671,-68.32797026210736
1.536,post_correction,0.01810408955601161,0.03525467476783119,-94.73321018854874,0.017752038947488707,0.0314746067693062,-77.3013616205408
1.539,post_correction,0.015721852747430914,0.032846872415319736,-108.92494633424931,0.015410341629543408,0.029122826996842828,-88.98235806149164
1.542,post_correction,0.013349867203527809,0.030439441427956883,-128.01306532781854,0.013070569267516274,0.02676846522344188,-104.79953608423469
1.545,post_correction,0.010995108373808833,0.028032618751765753,-154.9553655927716,0.010735961681437185,0.024411649679872565,-127.38204926793911
1.548,post_correction,0.008672050312452665,0.025626730224820767,-195.5094735557745,0.00841336398677822,0.02205256849812928,-162.11356756685387
1.551,post_correction,0.006415803473756791,0.023222236517888968,-261.95367599517704,0.006119990750866176,0.019691505790470284,-221.7571168336047
1.554,post_correction,0.0043329052525044815,0.020819810755218767,-380.5046393106477,0.00391317709930432,0.01732890733176133,-342.83473229059945
1.557,post_correction,0.002836631241980737,0.018420476492041298,-549.37860866183,0.0020986324138864147,0.014965508596197415,-613.1076646473355
1.56,post_correction,0.002997861139617943,0.016025868605855614,-434.57674853805946,0.002184493866791756,0.012602606918356535,-476.91198450766444
1.563,post_correction,0.044540437320364494,0.013638765955918685,69.3789132382792,0.044367101140501984,0.010242709581931807,76.91372814848746
1.566,post_correction,0.04212914584777078,0.011264290886782314,73.26247503928838,0.041987882657604475,0.00789133803349649,81.20567760501903
1.569,post_correction,0.039717814274023294,0.008912983340054676,77.55923002569642,0.0396056897907494,0.0055633521592231205,85.95314918483622
1.572,post_correction,0.037306554645918096,0.006610209307226516,82.28137288483225,0.03722056691632526,0.003315300068386624,91.09282758685627
1.575,post_correction,0.034895509929544634,0.004433157686912836,87.29590799543108,0.03483257380138853,0.0015619101440085344,95.51594965989487
1.578,post_correction,0.03248486547069245,0.002706136558653724,91.66954666598457,0.032441791320473035,0.0023111822781870725,92.87591041025976
1.581,post_correction,0.030074865953460903,0.047340965819931004,-57.410396751853796,0.03004832992477419,0.04412687351980737,-46.852998586872296
1.584,post_correction,0.027665841193895015,0.044923664557007095,-62.37953598504839,0.027652342542784113,0.04172863640207492,-50.90452585531139
1.587,post_correction,0.025258246632130624,0.042506145827126855,-68.28620943567574,0.025254044872044173,0.03932724698290843,-55.72652690754925
1.59,post_correction,0.02285272928180585,0.04008848748900608,-75.42100549417717,0.022853748514626838,0.0369227362567281,-61.56096332773086
1.593,post_correction,0.02045023990081024,0.037670787327570586,-84.20706803580364,0.0204519175363902,0.0345151471342929,-68.76240124125243
1.596,post_correction,0.01805223392681763,0.03525316988111982,-95.28425137871278,0.018049270286709312,0.03210453895177689,-77.87167260394598
1.599,post_correction,0.015661054841709227,0.032835796280829325,-109.66529146797669,0.015646975052870406,0.029690994196418522,-89.75549009373393
1.602,post_correction,0.013280725149819823,0.030418878773389987,-129.04531514834244,0.013247058111844628,0.027274628832427924,-105.89196938783552
1.605,post_correction,0.010918749355656416,0.028002702745384637,-156.46437914501578,0.010853349973855616,0.02485560869351743,-129.01324248634322
1.608,post_correction,0.008590796389932941,0.02558766118365974,-197.84969893646235,0.008474017159053675,0.022434176546019122,-164.7407495753104
1.611,post_correction,0.006335187334385331,0.023174310586922053,-265.80308306179757,0.006129867877680182,0.02001069889779675,-226.44584348479793
1.614,post_correction,0.004269236137779945,0.020763465642866956,-386.35083590537147,0.0038915131699746542,0.017585751647429555,-351.9000933393755
1.617,post_correction,0.0028435803014705426,0.018356367946937256,-545.5371749988687,0.002136529976400433,0.015160288081705227,-609.5752575045478
1.62,post_correction,0.003118033363238999,0.015955005921540047,-411.7009365469412,0.0024265670857297815,0.012735998764190815,-424.8566519792099
1.623,post_correction,0.04461010411424419,0.013562770037637038,69.59708947797235,0.04542544215928603,0.010316177149908262,77.2898695983317
1.6260000000000001,post_correction,0.04218761318140295,0.011185933173468159,73.48526657488384,0.042980843701558503,0.007908161757490479,81.60072935654419
1.629,post_correction,0.03976500985170905,0.00883745536133579,77.77579989470073,0.04053294347102996,0.0055320551987110686,86.35170622961299
1.6320000000000001,post_correction,0.037342411987393874,0.006548630498070725,82.46328999776067,0.03808179498280452,0.003266354515759555,91.42279265661074
1.635,post_correction,0.034919970065337314,0.004414317817132696,87.35875830112899,0.03562746985374328,0.0016695344622105254,95.31391235733481
1.6380000000000001,post_correction,0.03249787931921397,0.002813324223883391,91.34305289200812,0.033170064563011456,0.002647782969794615,92.01755255928201
1.641,post_correction,0.030076397734967522,0.04739829155908683,-57.59298030555191,0.03070971048788098,0.0451683057605274,-47.08150953865955
1.6440000000000001,post_correction,0.027655873470218185,0.04496958471057384,-62.60410201471415,0.028246589226169117,0.04270269819397541,-51.17824616649077
1.647,post_correction,0.025236787986759032,0.04254064085856422,-68.5659874025331,0.025780956761637382,0.04023361130422272,-56.05941888119217
1.6500000000000001,post_correction,0.022819826467446444,0.04011155282557599,-75.77501249975326,0.02331318304740373,0.03776108655221265,-61.97310541178077
1.653,post_correction,0.020405997920570643,0.03768243726227965,-84.66353573570237,0.020843819817933727,0.03528518043551087,-69.28365694829122
1.6560000000000001,post_correction,0.017996851044463445,0.035253442849433776,-95.88672908574833,0.01837372319834037,0.0328059702152434,-78.5482989000653
1.659,post_correction,0.015594887736824664,0.03282476213596224,-110.4841194749493,0.015904290553886754,0.03032356247927408,-90.66277981109624
1.6620000000000001,post_correction,0.013204420507420368,0.03039664903965611,-130.20055308428252,0.013437957692584025,0.027838106326203666,-107.1602468399392
1.665,post_correction,0.010833539043259717,0.027969445435858834,-158.17459395469234,0.010979361408054339,0.025349814363004406,-130.88605448772333
1.668,post_correction,0.008499257596028457,0.025543622843588156,-200.53945953496233,0.008538483416074952,0.02285899750201509,-167.7173028055505
1.671,post_correction,0.006243593108261802,0.023119850215053327,-270.2971960882606,0.006141108152811967,0.02036612541563433,-231.63599970648352
1.674,post_correction,0.004196555463260134,0.02069910902191967,-393.2404492955128,0.0038763060581858207,0.01787193774788283,-361.05589908571903
1.677,post_correction,0.0028519319319779096,0.0182828989420075,-541.0706629077118,0.0022136988054884277,0.015377663683741336,-594.659257420904
1.68,post_correction,0.0032496183103557976,0.01587362915672923,-388.4767268249187,0.002719338216715849,0.012885496178894711,-373.84676535221706
1.683,post_correction,0.04469511324170463,0.013475422670830605,69.8503444930154,0.04658876995204021,0.010399744622580084,77.67757201298537
1.686,post_correction,0.04225952523723863,0.011095940412147887,73.74333869143834,0.04407153375496057,0.007930132213542334,82.00622592888602
1.689,post_correction,0.03982375253072396,0.008751084361279962,78.0254651930942,0.04155066326204715,0.005503787513705753,86.75403211016135
1.692,post_correction,0.03738791910489314,0.0064793898354101685,82.66983028065295,0.039026223858092554,0.003229207191153352,91.72554535920406
1.695,post_correction,0.034952183348587226,0.004397004149833123,87.41994425360885,0.03649830251019901,0.0018315744782841747,94.98175434933621
1.698,post_correction,0.03251675092954915,0.0029403440643756148,90.95744814496945,0.03396701587629702,0.0030219211926683764,91.10336567782764
1.701,post_correction,0.03008189390650384,0.04746481079078002,-57.785314110551795,0.03143252236865908,0.04631785571079447,-47.35647100653094
1.704,post_correction,0.027647979908730254,0.04502289351764325,-62.84333852335668,0.02889504061877378,0.04377748833515649,-51.50519742378641
1.707,post_correction,0.02521551814419023,0.042580730255716216,-68.86716351504762,0.026354878683392823,0.04123330725131261,-56.45417209715799
1.71,post_correction,0.022785234714560752,0.04013843105805466,-76.15983140346789,0.023812482046132902,0.0386853667141383,-62.4583554086951
1.713,post_correction,0.020358201484034492,0.03769613432825006,-85.16436413998795,0.021268516177242857,0.036133739805442225,-69.89309223228764
1.716,post_correction,0.017936068579963018,0.035254016630616565,-96.55375688070241,0.018724016513566092,0.03357852565431106,-79.33398867696174
1.719,post_correction,0.015521511833624964,0.03281230687303605,-111.39891026564337,0.016180679838692553,0.031019860261469096,-91.70925184053078
1.722,post_correction,0.013119165864908291,0.030371307312786706,-131.5033411844055,0.013641480272056318,0.028457933214366325,-108.61323439114261
1.725,post_correction,0.01073777964722727,0.027931425536400253,-160.1229160407735,0.011112122319607624,0.025893014400312466,-133.0159231114976
1.728,post_correction,0.008395910378055663,0.025493224714251434,-203.63859982215763,0.008605014838329992,0.023325498453032025,-171.0686604412514
1.731,post_correction,0.0061399083807279,0.02305750553723743,-275.53500976677293,0.006152675118501181,0.020755982338870427,-237.34890822460127
1.734,post_correction,0.00411499028799191,0.020625445730907358,-401.2270816554576,0.003869283615014194,0.018185408896959597,-369.99420839541864
1.737,post_correction,0.0028647932101759756,0.018198850232149424,-535.2587742635541,0.0023364807096027075,0.015615352210585203,-568.3278893083786
1.74,post_correction,0.003395858449284008,0.01578062890858434,-364.702199584072,0.003063351858024712,0.013048639317512014,-325.95953459704566
1.743,post_correction,0.04479312249002487,0.0133757825705299,70.13875830266444,0.047857883824437356,0.010490878144819306,78.07910148450313
1.746,post_correction,0.042342551241088176,0.010993648607536296,74.03640478595365,0.045260460719677535,0.007954891945290312,82.42419140503397
1.749,post_correction,0.039891724604466834,0.008653710419701342,78.30700350635543,0.04265906776820522,0.005477147056557892,87.16064990843486
1.752,post_correction,0.03744077313890818,0.00640335238949268,82.89738204460751,0.040053785303579253,0.0032065818135292427,91.99431017761334
1.7550000000000001,post_correction,0.03498986373982235,0.004384189406006182,87.47011580666292,0.03744471958793832,0.002048624019059465,94.52893748009433
1.758,post_correction,0.03253921331019589,0.0030908600060303407,90.50112251772896,0.034832012616826676,0.0034367172405785538,90.13345201041199
1.7610000000000001,post_correction,0.030089109098091597,0.04753862924131055,-57.99281090820229,0.03221585674164488,0.04757553633968091,-47.67738980593628
1.764,post_correction,0.027639939817890598,0.04508171857924181,-63.10353378577768,0.02959651711293244,0.0449527349230226,-51.8852193029839
1.7670000000000001,post_correction,0.025192244848899644,0.04262456567817091,-69.19717132724153,0.026974367291383944,0.042325780306152916,-56.91111435141044
1.77,post_correction,0.022746795020111173,0.0401673003671052,-76.58443895762898,0.024349947991231646,0.039694742172747204,-63.01776984099177
1.7730000000000001,post_correction,0.020304731338520985,0.03771008605497971,-85.72068463392212,0.021724068550786953,0.03705971357742295,-70.5928771619553
1.776,post_correction,0.0178678163635455,0.03525313141952877,-97.29960674687342,0.019097992211694045,0.034420819975108465,-80.23266316985917
1.7790000000000001,post_correction,0.015438920525359513,0.0327967073379269,-112.42875940747284,0.016473798308542776,0.03177823279507249,-92.90167452513566
1.782,post_correction,0.013023042931854523,0.03034117201465798,-132.98066491390503,0.013855153777141119,0.02913219046880393,-110.2624838193249
1.7850000000000001,post_correction,0.01062968913318188,0.02788700932611145,-162.35018707234556,0.011249150326089521,0.026483032159112317,-135.42251095793173
1.788,post_correction,0.00827921848701372,0.025434889234730074,-207.21364914606005,0.008671388650406217,0.02383125412091625,-174.82627156608714
1.7910000000000001,post_correction,0.006023153712867686,0.022985766580663515,-281.62344307364117,0.006163366662877217,0.021177608584011385,-243.60455482174962
1.794,post_correction,0.004025202623227624,0.020541049855487645,-410.31095271961055,0.0038728621022395115,0.0185232878070442,-378.2842073393982
1.797,post_correction,0.002886217686469683,0.018102904986090313,-527.218974887273,0.0025104977303247226,0.015870292714819826,-532.1572221763
1.8,post_correction,0.003560267357925414,0.015674837864766773,-340.2713697855708,0.003460021358163796,0.013222243454303178,-282.1434056499614
1.803,post_correction,0.04490126379587949,0.013262902224528361,70.46207366273401,0.04923200935850049,0.01058639494862575,78.49692692504763
1.806,post_correction,0.04243385978680382,0.010878463302889113,74.36371954485243,0.04654659917378022,0.007979575608777151,82.85680210709774
1.809,post_correction,0.03996613338654692,0.008545371209758809,78.61846897444603,0.04385688417125215,0.005450597162054063,87.57185498912645
1.812,post_correction,0.03749822237004328,0.0063218208348536364,83.14101193259755,0.0411629631147416,0.0032021770179121206,92.22073248471916
1.815,post_correction,0.0350303029718301,0.004379578092980784,87.49774417736936,0.03846496601913081,0.0023205157265254613,93.96719673333044
1.818,post_correction,0.03256260444573159,0.0032684523528326644,89.96255855922143,0.03576306605168832,0.003895934500861679,89.10626260279001
1.821,post_correction,0.03009543077296038,0.04761738701183933,-58.221317285884396,0.033057497327819534,0.048939666776316545,-48.04407693358981
1.824,post_correction,0.027629193965667657,0.04514374820418287,-63.39147736368636,0.030348582306696816,0.046226520614773975,-52.31855032837393
1.827,post_correction,0.02516446687107444,0.04266988622743838,-69.56403823712921,0.027636775409853487,0.04350888043321576,-57.43110325998202
1.83,post_correction,0.02270207017579528,0.040195953544435635,-77.05853797990704,0.024922735261158447,0.040786834318246645,-63.65312190196098
1.833,post_correction,0.020243222424743874,0.037722142233508164,-86.34455247302576,0.02220745005579675,0.03806049911563019,-71.38617454954205
1.836,post_correction,0.017789813186169196,0.03524869786973149,-98.139786521962,0.0194924677526136,0.03533003162923331,-81.24966052333814
1.839,post_correction,0.015344934688966185,0.03277593967330072,-113.59452052193053,0.016780349085722398,0.032595645506789526,-94.24891186872634
1.842,post_correction,0.012914006064873224,0.030304290482884924,-134.6621980092931,0.01407564047187396,0.02985763748723944,-112.12276305935187
1.845,post_correction,0.010507416776731785,0.02783432261370124,-164.9016709353257,0.011387214358496692,0.02711642966776375,-138.13049279721812
1.848,post_correction,0.008147668562073654,0.025366830321177983,-211.33851515827862,0.008734826961413906,0.024372640456212038,-179.02831462922126
1.851,post_correction,0.005892564548988443,0.02290294868737507,-288.6753975619451,0.006171852907797004,0.021627209731795004,-250.41680440039318
1.854,post_correction,0.003928598223586214,0.020444357480494113,-420.3982773741499,0.0038903944763990844,0.0188816333333869,-385.3398144566454
1.857,post_correction,0.0029212659819411275,0.01799364963113347,-515.953827633902,0.00274054396201871,0.01613843645912428,-488.8771237676683
1.86,post_correction,0.0037465444297328917,0.015555041121931509,-315.18368228828126,0.0039117177078483,0.013402224916543129,-242.61738493177782
1.863,post_correction,0.04501605563248241,0.013135850377677167,70.81963269967466,0.05070811534782272,0.01068233213815421,78.9336833662999
1.866,post_correction,0.04253003776430947,0.010749899827267878,74.72398240781948,0.04792674052285361,0.008000743553120438,83.30630569524058
1.869,post_correction,0.040043636754254854,0.008426371646935587,78.95702705863688,0.04514073206862194,0.0054225485703883166,87.98745983528782
1.872,post_correction,0.03755699845753026,0.006236648791383556,83.3941767246496,0.04235021112544676,0.0032209245678513363,92.39454897093536
1.875,post_correction,0.03507030956981348,0.004387651925066038,87.48898433208393,0.03955533651005867,0.002647442104675158,93.30699132340354
1.8780000000000001,post_correction,0.03258381319516683,0.0034764621430273908,89.3307080966722,0.036756319174662856,0.0044038911964517395,88.01868278614943
1.881,post_correction,0.030097832115284908,0.04769817473054219,-58.4771107362218,0.03395344388905152,0.05040616949049234,-48.45672107725749
1.8840000000000001,post_correction,0.02761280459007458,0.04520615439009892,-63.71446168256398,0.031147102727896163,0.04759461578290551,-52.80591648827268
1.887,post_correction,0.02512934130849438,0.04271394832802314,-69.97639454077016,0.028337848588101785,0.04477823169888367,-58.015636083554725
1.8900000000000001,post_correction,0.022648319587961555,0.04022173484950416,-77.59257896945053,0.025526484208339587,0.0419571270767938,-64.36704222309731
1.893,post_correction,0.020171046543141596,0.03772973883076797,-87.04898999698429,0.022714217446757657,0.03913144684429836,-72.27732778389944
1.8960000000000001,post_correction,0.017699557830890292,0.03523824815701854,-99.09112133591671,0.01990294811885321,0.0363013847979243,-82.39199831675971
1.899,post_correction,0.015237202987244701,0.03274763763736191,-114.91895635160512,0.017095836610143113,0.03346720444638384,-95.76230873970478
1.9020000000000001,post_correction,0.012789893623036331,0.030258404673524912,-136.5805812413125,0.01429853593983964,0.03062927152831691,-114.2126414703436
1.905,post_correction,0.010369069632404521,0.027771223989539635,-167.82753876732977,0.011522187977648965,0.027788106598693737,-141.17039795391133
1.9080000000000001,post_correction,0.007999822808621408,0.025287034394893347,-216.09493109824274,0.008791929495197697,0.02494447374144895,-183.72012941043315
1.911,post_correction,0.005747706902118672,0.022807181651492935,-296.8048830584235,0.006176767491308177,0.022099537977499615,-257.7848447201168
1.9140000000000001,post_correction,0.0038276014129622763,0.020333664462892413,-431.23777188585797,0.003926470944797936,0.019255162247749133,-390.3936007284028
1.917,post_correction,0.002975956680874015,0.017869581157872134,-500.46509657606913,0.003030774414447591,0.0164145121474588,-441.59465215264527
1.92,post_correction,0.003958458008314783,0.015419994663250235,-289.54549046270984,0.004421705983922696,0.013583413223346132,-207.198472099578
1.923,post_correction,0.045133309009298066,0.012993744905920824,71.21029857739006,0.05228007612677494,0.010773814904897906,79.3921208554244
1.926,post_correction,0.042627004050372994,0.010607637223646582,75.11521754822043,0.04939469874197485,0.00801433647933723,83.7749056407813
1.929,post_correction,0.04012026461214091,0.008297371846905325,79.31875094264849,0.04650437320657742,0.005391515710338,88.40643290387271
1.932,post_correction,0.037613245763193554,0.006150369239739526,83.64839535928067,0.04360924751767993,0.00326922359824357,92.50337076575748
1.935,post_correction,0.035106146131602754,0.004413647935530634,87.42770590942924,0.04070951502193843,0.003030554799563887,92.55565978142774
1.938,post_correction,0.032599224636277346,0.0037178469237330943,88.59529033216401,0.03780543196544653,0.004965343498368434,86.86605802333732
1.941,post_correction,0.03009282556445988,0.04777744411087021,-58.76689282144432,0.03489734389260121,0.05196771420360239,-48.91595865730161
1.944,post_correction,0.027587417276895426,0.04526551137096715,-64.08027948624678,0.031985726562974826,0.04904966921459512,-53.348616665074324
1.947,post_correction,0.025083654005597422,0.042753452339369724,-70.44347817040246,0.029071251609055267,0.0461264703515909,-58.6669572122006
1.95,post_correction,0.0225824785103386,0.04024147476552639,-78.19777730377662,0.026154896267483938,0.04319825296508753,-65.1631592161659
1.953,post_correction,0.020085300804543234,0.0377298409759795,-87.84802549457025,0.02323813584960841,0.04026519487187191,-73.27205216657009
1.956,post_correction,0.017594327396080835,0.03521888729266953,-100.17183095339351,0.020323301635554514,0.037327533183001735,-83.66864721280936
1.959,post_correction,0.015113211236483981,0.032709052356189594,-116.42688535463894,0.017414295992143326,0.034385589846011505,-97.45610078940307
1.962,post_correction,0.012648450742958922,0.030200919489798007,-138.7716891462783,0.014518156890718512,0.031439811650971206,-116.55511706910086
1.965,post_correction,0.01021275423189175,0.027695281909174554,-171.18328004691878,0.01164890753303184,0.028490835222805353,-144.57946070922324
1.968,post_correction,0.00783439503564563,0.0251932464687081,-221.57232758983454,0.008838636370141302,0.025539597250030417,-188.954044272127
1.971,post_correction,0.00558863891155229,0.022696405179228076,-306.11686563453367,0.0061768803965953425,0.022587531312670772,-265.67862517009195
1.974,post_correction,0.0037260004663432753,0.02020713186173484,-442.3276793512124,0.0039872417701903844,0.019636942078300888,-392.49439111296374
1.977,post_correction,0.0030570514143676143,0.017729123551721303,-479.9419489118659,0.00338504638374986,0.01669177438890407,-393.10326939784466
1.98,post_correction,0.004199701157593123,0.015268454706538695,-263.5605042738124,0.004993977987305353,0.013759359529150356,-175.5190263979241
1.983,post_correction,0.045248031476052046,0.012835798863755332,71.63235958552407,0.053937672850373056,0.010854937133717978,79.87503620367465
1.986,post_correction,0.04271992236189632,0.010451588669728212,75.53462625425927,0.05094036717991339,0.00801567030350178,84.26460045882337
1.989,post_correction,0.04019134067840313,0.008159495172806801,79.69837523436655,0.04793782447790836,0.0053563815462621765,88.82639835120051
1.992,post_correction,0.037662452161410835,0.0060663291152129135,83.89289924826375,0.044930224686089475,0.0033550657645044744,92.53271981623718
1.995,post_correction,0.03513346926134599,0.004463432721199338,87.29578144419108,0.04191780218184906,0.0034720987576416854,91.71688739171266
1.998,post_correction,0.03260466923756107,0.003995057607295193,87.74697704127351,0.038900867036571814,0.005585312867154583,85.64218925530972
2.001,post_correction,0.030076421361743624,0.04785091736483737,-59.09777559408185,0.03587983710117905,0.053612706442173814,-49.42293715266629
2.004,post_correction,0.027549229051754404,0.04531771414287946,-64.49721354359829,0.032855287929312194,0.05058025607921228,-53.94860087068836
2.007,post_correction,0.025023797417546685,0.04278447026609652,-70.97513040165538,0.02982803324359005,0.047542352875263844,-59.388158404579166
2.0100000000000002,post_correction,0.02250114600166138,0.040251426970349356,-78.88611969975831,0.026799260111134846,0.044499161898595284,-66.0462330454649
2.013,post_correction,0.019982806173698856,0.037718889274895924,-88.75671888636492,0.023770767484381346,0.04145089921916973,-74.37762262579518
2.016,post_correction,0.017471187246079663,0.03518724887411057,-101.40158982044105,0.020745412965404806,0.03839785231640325,-85.09080720849362
2.019,post_correction,0.01497030527600976,0.032657017620332525,-118.14530177060655,0.017728013254633045,0.03534041117036003,-99.34783815171254
2.0220000000000002,post_correction,0.012487368258057664,0.030128877760973966,-141.27483980888326,0.014727334907853174,0.03227911716735227,-119.1782652415938
2.025,post_correction,0.01003663905122345,0.02760375953572492,-175.02991185440774,0.011761055198180497,0.029214742944131504,-148.40239631433062
2.028,post_correction,0.00765035808608844,0.02508296511141831,-227.86654989430713,0.008870247152244952,0.026148428593165383,-194.78804980701727
2.031,post_correction,0.0054161333919895945,0.022568374372067896,-316.68793470718964,0.006171389200792725,0.023081926554802228,-274.0150848343403
2.0340000000000003,post_correction,0.0036293467829013448,0.020062802594258022,-452.7937613671507,0.004080692277827742,0.020018071065942243,-390.5557612052624
2.037,post_correction,0.0031716424538712146,0.017570656777777555,-453.99235674662265,0.003807221264192711,0.016961752862347152,-345.5152901638289
2.04,post_correction,0.00447372712803716,0.015099221194892407,-237.50876534834975,0.005632992836397888,0.013922160415548515,-147.15388106993004
2.043,post_correction,0.04535433692134989,0.012661382784786944,72.08341330897778,0.05566545005960182,0.01091867597313713,80.38518333823522
2.0460000000000003,post_correction,0.042803120914362454,0.010281990990951107,75.97840818307942,0.05254864406375722,0.007999499891453049,84.77696230991752
2.049,post_correction,0.04025141207996131,0.008014456168989999,80.0890061867422,0.0494263530789324,0.0053168136845235334,89.24295774759521
2.052,post_correction,0.03769938865503489,0.005988811631882802,84.11430040236748,0.046298794758786344,0.0034879364909963496,92.46646374021554
2.055,post_correction,0.035147279301661956,0.004543241380655421,87.07370393690589,0.04316625187877925,0.003975239369309266,90.79086277754055
2.058,post_correction,0.032595382819025326,0.004309937130045361,86.77746123131975,0.040029098019925526,0.006268826873024046,84.33932518313658
2.061,post_correction,0.030044097878532818,0.04791350324486821,-59.47725719234687,0.03688783647672577,0.05532414433076573,-49.97936885149736
2.064,post_correction,0.027493969256979695,0.045357904522366856,-64.97401338605256,0.03374316105062899,0.05216980777576292,-54.60853740847273
2.067,post_correction,0.0249457622866133,0.04280238188980394,-71.5817756860975,0.03059605451260355,0.049009759584380266,-60.1832666502522
2.07,post_correction,0.022400587773134598,0.040247214602140965,-79.67035066111136,0.027447954944744238,0.04584419921632339,-67.0222765543474
2.073,post_correction,0.01986012207954959,0.037692756275576805,-89.79116102407988,0.024301051228432756,0.04267338694334985,-75.60304919410673
2.076,post_correction,0.017327018406767477,0.03513946182673483,-102.80154959038009,0.021158840837903526,0.03949766843897257,-86.67217519882865
2.079,post_correction,0.014805733091762295,0.032587926994918574,-120.10343420988757,0.01802726474983443,0.03631751239204267,-101.4588064025422
2.082,post_correction,0.012304343691237918,0.030038947840451104,-144.13287367649056,0.014917245422528204,0.033133569946396456,-122.11587332576656
2.085,post_correction,0.009839044558126682,0.02749361299266742,-179.4337684949168,0.011851098363786441,0.02994677226588598,-152.69195602489245
2.088,post_correction,0.007447092584285469,0.024953451604891107,-235.07642509436226,0.008881534029283917,0.02675849802260775,-201.2823903436103
2.091,post_correction,0.005231978625975553,0.022420680188547665,-328.5315707758098,0.0061603718162080105,0.02357087680272474,-282.62100902269384
2.094,post_correction,0.003545343613232608,0.019898633887380748,-461.26108096014354,0.004216748592939838,0.02038737601563603,-383.4856896560279
2.097,post_correction,0.0033265694672518207,0.017392562466562754,-422.83779544610786,0.004301283256500148,0.017214033088161225,-300.20691643934833
2.1,post_correction,0.004783572634888576,0.014911199096312118,-211.71679065890143,0.0063433111503144336,0.014062328210969371,-121.68750480216175
2.103,post_correction,0.045445373484395535,0.012470106259709186,72.56022933997667,0.057441481603080574,0.010956873063238393,80.92515590222733
2.106,post_correction,0.04287003081103182,0.010099514909322416,76.44154968341311,0.054198280713743906,0.007960192032669192,85.31283293890428
2.109,post_correction,0.04029419827446412,0.007864704212502514,80.4817950243555,0.05094940767931636,0.005273876322170929,89.64879757706792
2.112,post_correction,0.0377180688936114,0.005923114263074405,84.29634804533259,0.0476951243721619,0.003678383676070331,92.28771551706596
2.115,post_correction,0.03514189052411854,0.004659271197332188,86.74154654788865,0.04443577028258158,0.004543689447387975,89.77470308606519
2.118,post_correction,0.03256598751085759,0.004663633576950172,85.67943448545725,0.04117179346121076,0.0070205402892893265,82.9481795688507
2.121,post_correction,0.029990793470820218,0.04795923187018878,-59.91318107955729,0.037903797581517615,0.05707840853317846,-50.58757215665016
2.124,post_correction,0.02741690248099003,0.045380416395365664,-65.51985194837725,0.034632615812471325,0.053795487929486824,-55.33186468148583
2.1270000000000002,post_correction,0.024845151912347797,0.042801830464866554,-72.2743761675068,0.03135943109831031,0.05050665727777076,-61.05731356999053
2.13,post_correction,0.022276762217448207,0.04022379642811505,-80.56392592191823,0.028085980611751625,0.047212155570095574,-68.09865470868142
2.133,post_correction,0.01971358490348957,0.0376467231403842,-90.9684277349282,0.02481492158220058,0.04391229381427165,-76.959228618999
2.136,post_correction,0.017158569775217496,0.03507113761760443,-104.39429437911808,0.02155052784476232,0.04060748448556998,-88.42918734094627
2.1390000000000002,post_correction,0.014616713231504841,0.03249773162819465,-122.33268939113543,0.018300121812804743,0.037298286774701636,-103.81441804722701
2.142,post_correction,0.012097171336359956,0.029927432088370225,-147.39198326817615,0.015077316991051722,0.033985478452263476,-125.40799846838541
2.145,post_correction,0.009618568753129216,0.027361510646300425,-184.46550987535318,0.01191033096296664,0.030670174519595146,-157.50900302400817
2.148,post_correction,0.007224588602035067,0.024801760236434545,-243.29650589997925,0.008867000064524693,0.0273540323004156,-208.49252398062188
2.1510000000000002,post_correction,0.0050393731737808705,0.02225079111323406,-341.5388649723681,0.006145439979883227,0.02403962602454382,-291.1782736994628
2.154,post_correction,0.0034840758206196878,0.019712550990223465,-465.7899542128028,0.00440705125877933,0.020731178649998294,-370.4092925785583
2.157,post_correction,0.003527766005851109,0.017193290929717248,-387.3705030662654,0.004871204364721066,0.01743611715183258,-257.94263279346114
2.16,post_correction,0.0051316761918893975,0.014703481165826976,-186.5239468746254,0.007129094786929777,0.01416875402952042,-98.74548526829658
2.1630000000000003,post_correction,0.04551328746559909,0.01226192109342337,73.05859063094165,0.05923615626602922,0.010960328052816305,81.49723286637044
2.166,post_correction,0.0429131603001648,0.009905395468074459,76.91758099662397,0.055860760275247674,0.007892060647330614,85.87190613152531
2.169,post_correction,0.04031257566714162,0.007713571791310553,80.86559426269106,0.05247959070393141,0.005230864818438092,90.03257314267462
2.172,post_correction,0.03771174417139579,0.005875534146325952,84.41988225306609,0.04909296092179929,0.003937212247263795,91.98008803434075
2.1750000000000003,post_correction,0.035110936544042265,0.00481715826296586,86.28017724072002,0.04570127645519381,0.005181173912117467,88.6629557990636
2.178,post_correction,0.0325105076435915,0.005056516558620319,84.44651614162947,0.04230507215651272,0.007844204584272632,81.45800447933985
2.181,post_correction,0.02991093294075614,0.047981225786110256,-60.41367175388847,0.038905068985163736,0.05884411017372023,-51.25049693694195
2.184,post_correction,0.027312865749616756,0.045378756714234796,-66.14425278633215,0.03550226358124647,0.05542713584349549,-56.122822187523944
2.187,post_correction,0.024717230337757676,0.04277671362003386,-73.06434837356669,0.03209807495309003,0.0520041385452018,-62.016378306810104
2.19,post_correction,0.02212538004546994,0.0401754676170282,-81.58091537620355,0.02869459550059557,0.04857540236886406,-69.2841509748965
2.193,post_correction,0.01953937988170919,0.03757549025718995,-92.30646256263415,0.02529504374362388,0.04514129613223681,-78.45905541719243
2.196,post_correction,0.016962543830850774,0.03497739067820837,-106.20368635153022,0.02190463450311436,0.04170230845876015,-90.38121112146835
2.199,post_correction,0.014400537481674736,0.032381970469765195,-124.8664017643269,0.01853238821901634,0.03825910192549899,-106.4445309117839
2.202,post_correction,0.01186386906465672,0.029790306891168176,-151.10110983874176,0.015195284070187783,0.03481259953413018,-129.10134074051547
2.205,post_correction,0.009374256656780594,0.027203882974068384,-190.19776148748016,0.01192907730509703,0.031364128389789414,-162.92166265355843
2.208,post_correction,0.0069837125697751554,0.024624798142060516,-252.6032593127372,0.008821345159130396,0.0279156699263393,-216.45593073121756
2.211,post_correction,0.004843419233921158,0.022056123251551023,-355.383318814934,0.006130603814263663,0.024470321044043356,-299.1502596711585
2.214,post_correction,0.003457823782830549,0.01950252808987001,-464.0116244994238,0.004664243287258339,0.021033204898881407,-350.9457076636499
2.217,post_correction,0.00377968069988743,0.016971454041744112,-349.0181946387581,0.0055205351348992186,0.017613432695112525,-219.05299513022794
2.22,post_correction,0.005519696921533019,0.014475455035991052,-162.25090329725376,0.007993442779528391,0.014228825766135125,-78.00622533479394
2.223,post_correction,0.04554924720218893,0.012037246510955146,73.57311646112852,0.061011168565157245,0.010919062573807467,82.10317417187906
2.226,post_correction,0.04292412764554015,0.009701577966808804,77.3983106962063,0.057499385937474785,0.00778992748358694,86.45215534639316
2.229,post_correction,0.04029861941962599,0.00756540553240769,81.22663842741164,0.05398184395895107,0.005194326755661943,90.37764112020365
2.232,post_correction,0.03767295412671065,0.005853199567328656,84.46312559497781,0.05045891552981214,0.004274376957050505,91.52899559538668
2.235,post_correction,0.03504742987811764,0.005021408579044958,85.67253405882369,0.04693108254107304,0.005890730820046107,87.4481249928751
2.238,post_correction,0.03242243815781381,0.005488087249073029,83.07318153446644,0.04339898039510282,0.008741963153375476,79.85675452789685
2.241,post_correction,0.02979850483623834,0.047971730300321924,-60.98703798716402,0.03986346634010711,0.06058119895436071,-51.97172879421488
2.244,post_correction,0.02717635482791629,0.045345643890529946,-66.85697613849841,0.03632572785787792,0.057026471667998145,-56.98645293801287
2.247,post_correction,0.02455701789574103,0.04272022968620652,-73.96342612763078,0.0327874612814953,0.05346572376421826,-63.06759253237279
2.25,post_correction,0.021942009555952727,0.04009591387655962,-82.73583271538524,0.02925117971323399,0.04989929031294612,-70.58898410982852
2.253,post_correction,0.01933365703031083,0.03747323905846884,-93.82385339576066,0.025720773197891286,0.04632760543561063,-80.11746800601156
2.2560000000000002,post_correction,0.016735725083221957,0.03485290777748206,-108.2545429263958,0.022202596603580493,0.04275124386197145,-92.55064903119117
2.259,post_correction,0.014154715817379843,0.03223584707462114,-127.7392742497904,0.018707759823063896,0.039170985410050166,-109.38362359002569
2.262,post_correction,0.011602849096197772,0.02962330678738824,-155.31062708637427,0.015257463225537485,0.035587918570406975,-133.24925018230414
2.265,post_correction,0.009105821529940175,0.02701701393323494,-196.70045524615549,0.01189713078366919,0.03200361381859756,-169.00279067729414
2.2680000000000002,post_correction,0.006726550028566394,0.02441942390134221,-263.03043607254097,0.008740206251484724,0.028420427935386357,-225.16884748067014
2.271,post_correction,0.004651685801064075,0.021834146258678053,-369.38136392796525,0.006123278338954161,0.024842070377968456,-305.69885938275695
2.274,post_correction,0.0034801505791579685,0.019266701928082153,-453.6169050691991,0.005000717114575377,0.021274735385603528,-325.43369077196877
2.277,post_correction,0.0040848940199568326,0.016725947367727857,-309.4585388510179,0.006251726586032089,0.017729576811312025,-183.59488482628632
2.2800000000000002,post_correction,0.005948338246479348,0.014226935449250928,-139.1749571011945,0.008937547220345647,0.014228776000704223,-59.20224699136131
2.283,post_correction,0.04554355622998088,0.011797113402113894,74.09707458385085,0.06271898696003983,0.010822820388643932,82.74394898065002
2.286,post_correction,0.04289378014901282,0.009490868038736574,77.87355647889895,0.059068838859578573,0.007649972654786006,87.04905530143921
2.289,post_correction,0.040243728175656336,0.007425643339529601,81.54832149964322,0.05541309546210093,0.0051750870990728195,90.66089512611282
2.2920000000000003,post_correction,0.03759365702224236,0.005863687344557226,84.40245560284822,0.05175219789153453,0.00469773967573338,90.92262770060667
2.295,post_correction,0.03494389764764559,0.005274882187583908,84.90471142981008,0.0480867156607504,0.006673842266173975,86.12123499292896
2.298,post_correction,0.03229488562838364,0.005956878969759254,81.5547296302427,0.044417399844357934,0.009713471992142803,78.1313808863653
2.301,post_correction,0.029647207745035892,0.0479222307111754,-61.64163290959319,0.040745265115668346,0.06224061883963379,-52.7554641329344
2.3040000000000003,post_correction,0.027001675821367085,0.04527312922779778,-67.66784968202622,0.03707172064089461,0.05854683671901986,-57.92856578239207
2.307,post_correction,0.024359448311107305,0.04262500309003416,-74.9834501407744,0.0333987872697856,0.05484718493249101,-64.21909121864678
2.31,post_correction,0.02172223972138939,0.039978340555803196,-84.04336324691899,0.029729474962326412,0.05114205552663167,-72.02475183782951
2.313,post_correction,0.019092701262916158,0.03733376457295314,-95.53945803083761,0.026068475949364706,0.047431955615914935,-81.9513948880117
2.316,post_correction,0.016475159455293875,0.03469208375606225,-110.57206669350221,0.02242352617987723,0.04371755635998233,-94.96289749118169
2.319,post_correction,0.01387717001278527,0.03205436824887671,-130.98634822045477,0.018808310541810973,0.03999976938235965,-112.67071964512682
2.322,post_correction,0.011313137794926972,0.029422065754045833,-160.06989649891165,0.015249340832581858,0.036279870329057703,-137.91107253332456
2.325,post_correction,0.008813922793526888,0.02679718462721714,-204.03244111574813,0.011804500967596757,0.03255970716930206,-175.82451184237394
2.328,post_correction,0.006456827721908493,0.024182593353173326,-274.52746758473984,0.008621222813635384,0.028842069243211765,-234.54731268045822
2.331,post_correction,0.004474737427572578,0.02158253114303934,-382.3194990180076,0.006135202094790366,0.025131381536576704,-309.6259772423262
2.334,post_correction,0.0035641116436358985,0.019003521568192037,-433.19097346809696,0.005426938067727948,0.021435110826734126,-294.9761460187105
2.337,post_correction,0.0044439686815340995,0.016456102088140342,-270.30193656674334,0.0070652111351780286,0.01776689009771492,-151.47005174767833
2.34,post_correction,0.006417182362212008,0.013958318583276815,-117.51475640572836,0.009959684415524726,0.01415433642615962,-42.11631448980905
2.343,post_correction,0.045485887482996284,0.011543318955352924,74.62219691840004,0.06430315047924659,0.010661864466944785,83.41937465352366
2.346,post_correction,0.04281242873134537,0.00927706476772695,78.33090753635592,0.060515538038020567,0.007470918958632218,87.6545442693769
2.349,post_correction,0.04013885873485268,0.00730078437373421,81.81118097561922,0.056722680573100356,0.0051888368258097076,90.85227148402711
2.352,post_correction,0.03746546423313828,0.005914396240178883,84.21373827540194,0.05292509658570139,0.005211863730248137,90.15237747973008
2.355,post_correction,0.03479261562103432,0.005578421536909788,83.96665086157742,0.049123455204282754,0.007529413930313905,84.67246674933105
2.358,post_correction,0.03212080163487125,0.006460354788093418,79.88731769047796,0.04531863950829133,0.010754886141919402,76.2682943296395
2.361,post_correction,0.02945068282533725,0.04782368533496661,-62.385658826974804,0.04151184477447804,0.06376486835477271,-53.60644341678615
2.364,post_correction,0.026783176801726618,0.04515282780001108,-68.58652778299336,0.03770473624470375,0.05993380514512315,-58.955640893899194
2.367,post_correction,0.02411959954258427,0.04248331268830947,-76.1360615183648,0.033899712866047864,0.05609720632208987,-65.47988634521394
2.37,post_correction,0.021461910715358846,0.039815698027415615,-85.51795576580326,0.03010036962912476,0.052255526701055356,-73.6042691332718
2.373,post_correction,0.01881316376408689,0.037150697433062894,-97.47182291572442,0.026312355491954473,0.04840935391790124,-83.97955262007375
2.376,post_correction,0.016178389140357945,0.03448923972075426,-113.18092562577085,0.022545079354177953,0.04455946585202958,-97.64608122247313
2.379,post_correction,0.013566478068260637,0.03183255797549302,-134.64128136518104,0.018815404605369974,0.04070692076551478,-116.34889931570696
2.382,post_correction,0.010994644666965763,0.029182326388398287,-165.42309708360816,0.015156548711195282,0.03685320407000595,-143.15036867716847
2.3850000000000002,post_correction,0.008500499339136285,0.026540877246947314,-212.22727263506934,0.01164252218778883,0.03300047779478714,-183.4478411335942
2.388,post_correction,0.006180400715428731,0.02391155777714087,-286.89332420547004,0.008465425264707662,0.02915202691075444,-244.3657701673792
2.391,post_correction,0.004326386766366323,0.02129934213946034,-392.31248359585265,0.006182790025709189,0.025313108939247365,-309.4123985124961
2.394,post_correction,0.0037199109594929828,0.018711933350804302,-403.02100116274573,0.005949622347479893,0.021492699741416096,-261.2447729647891
2.3970000000000002,post_correction,0.004855487028394721,0.016161862180433372,-232.85769452002154,0.00795830798945837,0.017707442875286958,-122.50260857888836
2.4,post_correction,0.0069245461389718654,0.013670749331326846,-97.4244817921978,0.01105411008543341,0.013991755157395987,-26.575138561661955
2.403,post_correction,0.04536566661192478,0.011278575017355637,75.13852245611892,0.0656997793227776,0.010428104362459532,84.12764172124976
2.406,post_correction,0.04267022341571561,0.00906504342850259,78.75557542742114,0.06177916234732532,0.007255531721346445,88.25569747845478
2.4090000000000003,post_correction,0.03997489326560181,0.007198186516106602,81.9932314308376,0.05785387201402058,0.005255535465799843,90.9158448988061
2.412,post_correction,0.03727999876461607,0.006011714703213054,83.87415530464285,0.053924513490641084,0.005816948735718077,89.21279329348489
2.415,post_correction,0.03458595763264695,0.005930675396161048,82.8523603158443,0.049991867923226095,0.00845267432533995,83.09190139020018
2.418,post_correction,0.031893322716100396,0.006994819161293002,78.06807643230638,0.046056967625021344,0.01185781319684259,74.25402971948895
2.4210000000000003,post_correction,0.029202843997166654,0.04766689814874952,-63.22690404186079,0.042121213439228936,0.06508983721002082,-54.52982451213149
2.424,post_correction,0.026515568054817928,0.0449762798073207,-69.62216202322101,0.03818656452079323,0.06112701170886223,-60.074655774749104
2.427,post_correction,0.023833004122020024,0.042287441278214453,-77.43227442798042,0.03425585816923211,0.057159199516896214,-66.8596338603346
2.43,post_correction,0.02115741478805129,0.039601018776181156,-87.17324008104215,0.03033337584113028,0.053186923357285885,-75.34125985795336
2.433,post_correction,0.018492354671856726,0.03691782794437801,-99.63832945818831,0.026425905323756688,0.04921085825180245,-86.22203345125233
2.436,post_correction,0.01584374015143344,0.03423893347111658,-116.10385643707279,0.022544881382211175,0.045231898484974435,-100.63045672382306
2.439,post_correction,0.013222163909387194,0.03156575354007472,-138.73364266543643,0.018711096410369644,0.0412512634076385,-120.46417004605433
2.442,post_correction,0.010648472331845049,0.02890022102889331,-171.40250853134165,0.014966259499445673,0.037270671019219805,-149.03130284891992
2.445,post_correction,0.00816914554922739,0.02624504041670004,-221.2703245222777,0.011405322256002047,0.03329263565779477,-191.90438385267484
2.448,post_correction,0.0059057527460911535,0.023604112591006265,-299.6800002612561,0.008278826971476408,0.029321006292485727,-254.16860859041185
2.451,post_correction,0.004223247788862528,0.020983267704239316,-396.8514459316361,0.00628620247368555,0.02536200448000286,-303.4551000571466
2.454,post_correction,0.003952865115127664,0.01839159275176545,-365.27245975028586,0.006570096628216398,0.02142639121682571,-226.11987964996473
2.457,post_correction,0.005316193365270206,0.01584397469409231,-198.03232511440092,0.008924079258193407,0.01753446650836358,-96.48488097261992
2.46,post_correction,0.007467376273217907,0.013366284136132084,-78.99572282263162,0.012210000803781505,0.013729179745802782,-12.442087158182481
2.463,post_correction,0.0451726191178163,0.011006623667622194,75.63430263161091,0.06684062521897689,0.010116527898913928,84.86470186990154
2.466,post_correction,0.042457681719781724,0.008860741858653537,79.13041527529947,0.06279563147576174,0.007012281824631338,88.83316934660019
2.469,post_correction,0.0397431483839369,0.007125630499277153,82.07079512060714,0.058746786368355265,0.005396803999259705,90.81344813413187
2.472,post_correction,0.037029384459813845,0.006160113927941333,83.36425512385549,0.05469479070826206,0.006507953257880361,88.10132889511672
2.475,post_correction,0.0343168643864503,0.006328120125230847,81.55973676974565,0.05064055000386239,0.009434137616663127,81.37038871824343
2.478,post_correction,0.03160621827939403,0.007555369850805586,76.09530572744484,0.046585263456965134,0.01300841064525261,72.07612519510678
2.481,post_correction,0.02889830454174559,0.047443040116919424,-64.17239997033283,0.042530563785502254,0.06614819983640577,-55.53097337250501
2.484,post_correction,0.026194327086920544,0.04473544894511723,-70.78296684878275,0.038478745027512154,0.062063447102253186,-61.29280478840477
2.487,post_correction,0.02349603252735939,0.042030150309710856,-78.88190383108238,0.034433149818865194,0.05797449512780624,-68.36825975195345
2.49,post_correction,0.02080605843148665,0.03932786773411271,-89.02123082859488,0.030398861833559023,0.053881938469355975,-77.24985482802734
2.493,post_correction,0.018128585411053312,0.03662953129482456,-102.05399629521509,0.026384021121463545,0.049786545102134,-88.69961054432439
2.496,post_correction,0.0154706482778425,0.03393635879608999,-119.35964276748894,0.0224025137279928,0.04568933406652983,-103.94735439639192
2.499,post_correction,0.012845015328383296,0.031249978074398173,-143.28486401527223,0.018479993133655274,0.041591699012124055,-125.06338996619189
2.5020000000000002,post_correction,0.010277246938151555,0.02857261662488977,-178.01819686575305,0.014668945985414027,0.03749561254764447,-155.6121795316991
2.505,post_correction,0.007825498952430678,0.025907405343108387,-231.06394238365192,0.011091552260016032,0.033403980092220655,-201.16596224893385
2.508,post_correction,0.005644388718744257,0.023258883518501857,-312.07090222652863,0.008073894435376063,0.029321287146560307,-263.1616363237054
2.511,post_correction,0.004183083413828115,0.020633875042420532,-393.26950962083754,0.00646646316279442,0.025254865013631916,-290.551440220658
2.5140000000000002,post_correction,0.004262560645490706,0.018043084759605053,-323.2921537126408,0.0072831000783634475,0.02121757927601787,-191.32620790219286
2.517,post_correction,0.005821178420800118,0.015504171321694857,-166.34076815607753,0.00995033963741914,0.01723416847793497,-73.20181125400323
2.52,post_correction,0.008041208600464627,0.01304802252986312,-62.26444528636149,0.013410664101640376,0.013358316427292377,0.390343639593476
2.523,post_correction,0.04489747027851943,0.01073228370391818,76.09601690843395,0.06765778397508367,0.009726816403795791,85.62350725619703
2.5260000000000002,post_correction,0.0421663570404695,0.008670996934811945,79.43621990752038,0.06350164208499233,0.006756777817620369,89.359680166102
2.529,post_correction,0.0394360113451389,0.00709062651580209,82.01991967761182,0.05934273766166557,0.005631131546817579,90.510832885866
2.532,post_correction,0.03670684936459704,0.006361371097576565,82.66979812298473,0.05518187529298266,0.007273977385739818,86.8181765351044
2.535,post_correction,0.03397941338947452,0.006765246877737947,80.09015988535707,0.05102009657132332,0.010458850683240694,79.5005274664273
2.5380000000000003,post_correction,0.03125442654597385,0.008135921428265787,73.96873874394011,0.04685878507262614,0.014186874920906903,69.72419387545206
2.541,post_correction,0.028532878583035246,0.047144301966534546,-65.22799068217768,0.04269983244393129,0.06687440618614313,-56.6151489562757
2.544,post_correction,0.025816165308540372,0.04442333911644128,-72.07566881261555,0.03854591118718783,0.06268223767809221,-62.617086345923475
2.547,post_correction,0.023106324994808684,0.04170525976787755,-80.49282946226845,0.034400942778648955,0.058486905159062505,-70.01541363384544
2.5500000000000003,post_correction,0.020406459748855073,0.038990884541975336,-91.07128341633566,0.030270943948005016,0.05428907711680673,-79.34385267290156
2.553,post_correction,0.017721533080358797,0.03628127137078797,-104.72986849540334,0.026165655449870637,0.05008961804803177,-91.43268986322838
2.556,post_correction,0.015059994209070953,0.033577809970068415,-122.96031129841862,0.022101924959961883,0.04588967793550859,-107.62751669204714
2.559,post_correction,0.012437398767044408,0.03088236478149532,-148.3024413700143,0.018111420681759954,0.04169083568833063,-130.19086365940112
2.562,post_correction,0.009885432941618257,0.028197497618857793,-185.2429204202546,0.014260321035321422,0.03749533849109218,-162.93474318158675
2.565,post_correction,0.007477581043491901,0.025526826081415748,-241.3781266019574,0.01070613995790453,0.03330652058539642,-211.0973769851162
2.568,post_correction,0.005410889942371593,0.022875622610134507,-322.77005915422706,0.007870275612400585,0.029129578927249104,-270.12145904206807
2.571,post_correction,0.004221764110146037,0.02025185956634362,-379.70135322513505,0.006740672683722246,0.02497311322298669,-270.4839916540253
2.574,post_correction,0.004643415263626288,0.01766812297188277,-280.49844712972754,0.008076200833319863,0.020852459341426773,-158.1963942178863
2.577,post_correction,0.006364086180851702,0.015145309643630063,-137.98090115748835,0.011019090066779353,0.016797736194573903,-52.44213535576922
2.58,post_correction,0.008640219763217773,0.012720172274543893,-47.220471505769574,0.014633297973125571,0.012876154921374547,12.007840303519158
2.583,post_correction,0.044532749486166125,0.01046138570172434,76.50855646141022,0.06808982823987876,0.009264902769424859,86.39311772562438
2.586,post_correction,0.04178959854503692,0.00850318374599139,79.6523918820913,0.06384050458594581,0.006512212328865617,89.79924677741464
2.589,post_correction,0.03904765486576124,0.007099516324637988,81.81832852947292,0.05958977181017536,0.005968188913277526,89.9845414204818
2.592,post_correction,0.03630739488075733,0.006614130065429956,81.7829671141308,0.05533854503099294,0.008098061678198026,85.3663270805862
2.595,post_correction,0.03356944186941474,0.007234875595253262,78.44803132742881,0.051088012440234996,0.011506195081572392,77.47770067384624
2.598,post_correction,0.03083463071667956,0.008729329712544599,71.6898516062896,0.04683975866533153,0.015367602913074417,67.19111423507663
2.601,post_correction,0.02810411006712521,0.046764625084201074,-66.39781502600934,0.04259596139615831,0.0672109184301547,-57.78706766368792
2.604,post_correction,0.025379509533655257,0.04403467684756701,-73.50483778724531,0.038359717113363355,0.06293055184749238,-64.05374330972138
2.607,post_correction,0.02266322550045311,0.04130828140000749,-82.27008948563655,0.034135605698914585,0.05864829311019865,-71.80973329576368
2.61,post_correction,0.01995893537650565,0.03858636685669563,-93.32878296763748,0.029930723283739216,0.05436488434682087,-81.63571869429653
2.613,post_correction,0.017272581786766134,0.03587013337494657,-107.67094240902345,0.02575669814279572,0.050081287480488235,-94.43985872271529
2.616,post_correction,0.014614402924059019,0.033161162849205957,-126.90740786005196,0.021633947787104823,0.04579878664194403,-111.69870193198372
2.619,post_correction,0.012003524969472934,0.030461585577828982,-153.7720016020138,0.017601574580620425,0.041519153663499044,-135.88317893566295
2.622,post_correction,0.009479579386216942,0.02777434103458834,-192.99128055166136,0.013743133408806158,0.03724492682570991,-171.0075331281042
2.625,post_correction,0.0071359952116502425,0.025103599681112913,-251.78834817782277,0.010261672890450615,0.03297990402862623,-221.38915731095773
2.628,post_correction,0.0052222806834404285,0.022455471530496915,-329.9935773598307,0.007693877179207034,0.02873006857204741,-273.4147024037686
2.6310000000000002,post_correction,0.004349570689605912,0.019839248370430922,-356.11969056717265,0.007116677840337489,0.02450545772422683,-244.3384437796151
2.634,post_correction,0.005086101512907566,0.01726968804144512,-239.5466645252343,0.008929959256251322,0.020324290808039283,-127.59668017310922
2.637,post_correction,0.006937357573604535,0.014771435754419636,-112.9259678155042,0.012106664012496982,0.01622319294912195,-34.00217378111527
2.64,post_correction,0.009257395042996218,0.012388009721349983,-33.81744717400027,0.015849575493305807,0.01228643122545385,22.481007578763723
2.6430000000000002,post_correction,0.04407360805190482,0.010200556403721974,76.85563570899635,0.06808864538539518,0.008744114967573467,87.15774867001679
2.646,post_correction,0.041323314270489166,0.008364639615692495,79.75806209313161,0.06376857833130539,0.006307705010013606,90.10844341355339
2.649,post_correction,0.03857474507559315,0.007156526331360466,81.44763804054661,0.05944869426181338,0.006404762558976543,89.22640330707716
2.652,post_correction,0.03582844815450715,0.0069139195023312705,80.70271011316042,0.055130023784763525,0.00895761975027696,83.75183042683068
2.6550000000000002,post_correction,0.03308514321723149,0.007728564495234782,76.64037769312247,0.05081391052107309,0.01255049698004832,75.30106057308167
2.658,post_correction,0.03034579913318646,0.009327635108478765,69.26218661258463,0.04650215545659914,0.016520260055915295,64.47420577884009
2.661,post_correction,0.02761175637826565,0.04630041880262299,-67.68371474937378,0.042197248838963586,0.067114873275945,-59.050353097838155
2.664,post_correction,0.0248849289060586,0.04356657135082009,-75.07211499492436,0.03790275784504885,0.06276983519414427,-65.60756726662237
2.6670000000000003,post_correction,0.022168152066622804,0.04083702107406258,-84.21481840855971,0.03362400574091794,0.05842437794123809,-73.75793470716646
2.67,post_correction,0.019465814649079143,0.03811281450096711,-95.79357549656977,0.02936932994759555,0.05407931422874628,-84.135335485152
2.673,post_correction,0.016785081959121727,0.035395309219306885,-110.87361566364929,0.025152574247116106,0.04973570116337875,-97.73602763176912
2.676,post_correction,0.014138451007093211,0.032686300885824505,-131.1872840201936,0.020998444652028048,0.04539495659262067,-116.18247134430685
2.6790000000000003,post_correction,0.011549609246668095,0.029988216980903412,-159.64702649619602,0.01695520874203385,0.04105904870812643,-142.16185912436737
2.682,post_correction,0.009068430253049759,0.02730442127342927,-201.09313863054365,0.013128392006087853,0.03673081859148483,-179.78154959458965
2.685,post_correction,0.006813840548950974,0.02463970854314124,-261.61263777936,0.009778889682733367,0.03241455768435752,-231.4748272658404
2.688,post_correction,0.005096329028438177,0.0220011394158727,-331.70563150659007,0.0075733916015790406,0.028117107493673115,-271.2617671560882
2.691,post_correction,0.004568513527083469,0.019399510105213624,-324.6350588699743,0.007589490658395766,0.02385011877841407,-214.25190242549698
2.694,post_correction,0.005579108266240997,0.01685206296949081,-202.0565682774449,0.009818949450538348,0.019635153952962378,-99.9720443808358
2.697,post_correction,0.007532535588304628,0.014387730800391366,-91.00780383607399,0.013184801719479628,0.015516677906740276,-17.68609219064298
2.7,post_correction,0.009884821855386194,0.012057703125936287,-21.981997271565387,0.017027223570920333,0.011600442749072523,31.871202015082773
2.703,post_correction,0.04351852469424854,0.00995683095155971,77.12047680496022,0.06762582635284803,0.008185475923116154,87.8959321245005
2.706,post_correction,0.04076661751284981,0.008261912655122768,79.733632174613,0.06326119771142161,0.006173498414303569,90.24125587620836
2.709,post_correction,0.038017028703335294,0.007263006320837639,80.89538670285286,0.058898531826282734,0.006924287350339888,88.24370126786417
2.712,post_correction,0.035270389977967706,0.007253612565271473,79.4342717225339,0.05453897778071711,0.009825681859028197,81.98411070604594
2.715,post_correction,0.03252753555020303,0.008237090825026694,74.6765603797018,0.05018404151819172,0.01356257963216516,72.97431768772803
2.718,post_correction,0.029789594480009986,0.009922422053467127,66.69165113971098,0.04583575396335012,0.017611834933150997,61.57620763207414
2.721,post_correction,0.02705813820000668,0.04575114477208974,-69.08460010777254,0.04149694333823095,0.06656396394165835,-60.40690852603898
2.724,post_correction,0.024335425505653898,0.04301903980233879,-76.77537543916826,0.03717169477302786,0.06218122519744375,-67.28111423793095
2.727,post_correction,0.021624828311229697,0.04029204486958868,-86.32307405957606,0.03286616456182648,0.057799681447121894,-75.8637864128974
2.73,post_correction,0.018931612486194876,0.03757133624911115,-98.45819407358222,0.028590108491483628,0.05342021008596978,-86.84857422588131
2.733,post_correction,0.016264465270396638,0.03485844483890449,-114.32272293852306,0.024359956948246015,0.04904395783673067,-101.33023199066848
2.736,post_correction,0.0136387243871858,0.032155402715667934,-135.76547045616223,0.020205544680373968,0.04467247184223031,-121.09016385795103
2.739,post_correction,0.011083869279152723,0.029464967564493807,-165.83647661664028,0.016186389402653316,0.04030791520735761,-149.0235110786982
2.742,post_correction,0.008662823373040283,0.026790976768078303,-209.26380020000119,0.012435590780153319,0.03595343753706987,-189.11724559519965
2.745,post_correction,0.006526161858951275,0.02413892512982211,-269.8793510110877,0.009285726054521545,0.03161384671597496,-240.45637928959874
2.748,post_correction,0.005048688152565368,0.021516943608671756,-326.1888030802307,0.007534168349951963,0.027296907909212756,-262.3081757840837
2.751,post_correction,0.004872111777838362,0.018937527919186986,-288.69239423708603,0.008141165603681883,0.023016063062852844,-182.71213464130633
2.754,post_correction,0.00611002003486129,0.01642073054667073,-168.75084619986052,0.01071366635434191,0.018796720088809067,-75.44619616786322
2.757,post_correction,0.0081406435929117,0.014000315970496545,-71.98045597631906,0.014222684578024655,0.014692746361101518,-3.3050144682470926
2.7600000000000002,post_correction,0.010514095387794355,0.011735985290739872,-11.62144585794789,0.01813254887427801,0.010836885865155447,40.23517631033027
2.763,post_correction,0.042869762191192144,0.009737106397496767,77.28677300781175,0.06669724856852119,0.007616742145038995,88.58012540470247
2.766,post_correction,0.04012222854765885,0.008199949694925811,79.56257667695212,0.06231681034374871,0.006133231711910543,90.15798196653724
2.769,post_correction,0.0373776802019186,0.007417083482996569,80.15638358793639,0.05794022936130192,0.007499913565411152,87.05577515297114
2.7720000000000002,post_correction,0.03463684766778157,0.00762419767677027,77.98818833082743,0.05356877433175937,0.010672962605873908,80.07614932577201
2.775,post_correction,0.031900700698918844,0.008750975531152144,72.56807737941404,0.049204118539484795,0.014512174914265125,70.50617845613971
2.778,post_correction,0.02917055923398885,0.01050526541839844,63.986753445035255,0.04484853464067202,0.018609511962986266,58.505863988452894
2.781,post_correction,0.0264482717689468,0.04511964728868643,-70.59582449414289,0.04050521290636425,0.0655602324334737,-61.85628399245559
2.7840000000000003,post_correction,0.023736513716485986,0.042395285872246787,-78.6078881617797,0.0361788037219876,0.06116892113682446,-69.07391854874729
2.787,post_correction,0.021039310166422694,0.0396769061971314,-88.58463458774916,0.0318763899563984,0.0567804806120777,-78.12707364210299
2.79,post_correction,0.018363003503420506,0.036965825893516165,-101.30598944029217,0.02760933727247056,0.05239584448350472,-89.77581376337103
2.793,post_correction,0.015718165535547914,0.034263765506508774,-117.98832331303848,0.023397077612877834,0.04801624039409188,-105.22323851105051
2.7960000000000003,post_correction,0.013123682703141733,0.031573016922087464,-140.58046537904386,0.01927554421539763,0.043643336400875476,-126.41818001700022
2.799,post_correction,0.01061631571237262,0.02889670220052995,-172.19143611990305,0.015317973771975073,0.03927948392064447,-156.42741334697976
2.802,post_correction,0.008275305546358665,0.026239183428795474,-217.0781221527385,0.011691650033058203,0.0349281399958311,-198.74431664539736
2.805,post_correction,0.006288763980588427,0.02360673380061941,-275.3795479284401,0.008814508035422986,0.03059464304831292,-247.09416481738745
2.8080000000000003,post_correction,0.005089501559188924,0.02100867804944809,-312.78458813943433,0.0075910726031865675,0.02628773737260254,-246.2980628266883
2.811,post_correction,0.005247540118485522,0.018459410536061316,-251.77264240504434,0.008744038715901582,0.02202282943879237,-151.8610696307014
2.814,post_correction,0.0066664383299354195,0.015982118874914058,-139.73999434070942,0.011583163622875443,0.017829711145187575,-53.92781908023733
2.817,post_correction,0.008752622984980746,0.013615914333538445,-55.56381620575877,0.01518970150096453,0.01377346180457018,9.323683525343933
2.82,post_correction,0.011136796727565243,0.011429692312804789,-2.629980526757619,0.01913358675210225,0.01002057544369379,47.62834813189008
2.823,post_correction,0.04213346458401887,0.009547497335931493,77.33987121592456,0.06532469733399877,0.00706988120745208,89.17732267276422
2.826,post_correction,0.03939653059339177,0.008181400513261822,79.23319543616326,0.06095826436440421,0.006196072249101415,89.83555008708626
2.829,post_correction,0.03666331723972179,0.007613848623965315,79.23306127980062,0.056597611063715865,0.008099446818882541,85.68941927643478
2.832,post_correction,0.03393467084035283,0.008015681952948004,76.37907852220481,0.05224412553203755,0.011470522550735367,78.04437832211141
2.835,post_correction,0.03121172099469786,0.009261012992529401,70.32841286098056,0.04789965190620818,0.015370849375173214,67.91031090315495
2.838,post_correction,0.028496014138284842,0.011068210350288685,61.15874207326992,0.04356671481970509,0.019483922751249955,55.27796201324448
2.841,post_correction,0.0257897296119446,0.04441214159276033,-72.20863599977682,0.03924888935836752,0.06413077527437169,-63.395133780262185
2.844,post_correction,0.023096043622811764,0.041701652902551074,-80.55756034926566,0.03495143822199405,0.05976060423246715,-70.98181726570932
2.847,post_correction,0.020419771969572252,0.038998064694512044,-90.98188144619601,0.0306824675694283,0.055394951546025244,-80.54268751585094
2.85,post_correction,0.017768570024749318,0.03630284766116991,-104.3093372770276,0.02645515771617054,0.05103479666044173,-92.91057421762052
2.853,post_correction,0.015155325696706471,0.03361792850628557,-121.82254066365171,0.022292400136695444,0.04668143685015292,-109.4051630327179
2.856,post_correction,0.012603315058114862,0.03094588259379453,-145.53764189104743,0.01823732844420333,0.042336649142063844,-132.1428232846264
2.859,post_correction,0.010158316105522565,0.02829023094260722,-178.49331177267902,0.014379755786710871,0.03800296162875634,-164.28099470143286
2.862,post_correction,0.00791941167104818,0.02565591197613478,-223.96234773256927,0.010928559914699192,0.033684130472966256,-208.2211264419225
2.865,post_correction,0.0061163426537153755,0.023050056151970165,-276.86011816176443,0.008397303447308706,0.029386028433611454,-249.9460108593495
2.868,post_correction,0.005220865151456077,0.020483305127987655,-292.33545655311457,0.007743607460812506,0.02511842090368396,-224.3762165218068
2.871,post_correction,0.005678743205785353,0.017972147048545294,-216.48106627247637,0.00936577493732739,0.020898840876582548,-123.14054113440211
2.874,post_correction,0.007236625568535155,0.01554321126123177,-114.7853459326906,0.012398043448136298,0.01676202916330451,-35.198987109729934
2.8770000000000002,post_correction,0.009359790584947273,0.013241399258912967,-41.47110599042917,0.01605847107528585,0.012786345473889238,20.376320921563
2.88,post_correction,0.01174498327462259,0.011145220947754251,5.106540493456875,0.020003312373139952,0.009180184405484964,54.10667876280365
2.883,post_correction,0.04131934701197947,0.009392700003056148,77.26803378491684,0.06355399200388515,0.006576943478455088,89.65140776986435
2.886,post_correction,0.03859924000231635,0.008206223299108993,78.73993555671942,0.05923078989436726,0.006353176068274502,89.27386232801418
2.8890000000000002,post_correction,0.03588365230156649,0.007846019227571896,78.13483654998693,0.05491522869312089,0.008690381522553607,84.1749151749554
2.892,post_correction,0.03317356543035771,0.008417964179765773,74.62448166014032,0.0506088149071821,0.012192570738248875,75.90820737333927
2.895,post_correction,0.030470296637284358,0.00975875616595034,67.97288755630544,0.046313566108344355,0.016114898300724705,65.20479925249964
2.898,post_correction,0.027775659726719647,0.01160421860988857,58.22162741025541,0.04203226806363243,0.02021215529390945,51.91276553691945
2.9010000000000002,post_correction,0.02509222682362915,0.04363783642035685,-73.90977981780179,0.03776890237762547,0.06232505655449652,-65.01685945583175
2.904,post_correction,0.022423772256129248,0.040947234929200986,-82.60636284338193,0.03352939076601594,0.05800467087075661,-72.99649515119685
2.907,post_correction,0.019776062147294913,0.038264486848170756,-93.48890877855983,0.02932296184834993,0.053690334861169565,-83.09997175196968
2.91,post_correction,0.01715834000371235,0.03559122751814216,-107.42815161863966,0.025164827013761253,0.04938306221328485,-96.23843305690116
2.9130000000000003,post_correction,0.014586311429927322,0.0329296061349236,-125.75691115000194,0.021081835447278017,0.04508420669584611,-113.85332794477894
2.916,post_correction,0.01208860903304999,0.030282504924838548,-150.50446120018316,0.017125549709370722,0.04079563944724205,-138.21506544061228
2.919,post_correction,0.0097219464265142,0.027653877947122082,-184.4479565501717,0.013405566528708583,0.03652004899556745,-172.4245104998601
2.922,post_correction,0.007608601593752151,0.02504929060523046,-229.2233178012611,0.010180026189414987,0.03226147502575409,-216.90954841844126
2.9250000000000003,post_correction,0.006020181121521973,0.022476807324761844,-273.35765936356813,0.008060191108446888,0.028026317052916933,-247.71281072412813
2.928,post_correction,0.005436477492032429,0.01994850458585482,-266.9380516168947,0.007976074823671927,0.02382538676746046,-198.71067278293185
2.931,post_correction,0.0061491521877866575,0.01748314558027899,-184.31798476225256,0.009974457085104305,0.019678486898232605,-97.28880209049316
2.934,post_correction,0.007809958395843857,0.0151110684493591,-93.48462160055291,0.01313326572281671,0.015625886330337353,-18.979442433652736
2.9370000000000003,post_correction,0.009954261292434347,0.012883288882250326,-29.42486141128486,0.016807518157320546,0.011761558951682788,30.022036319740526
2.94,post_correction,0.012331624432433066,0.010887986688379498,11.70679298549424,0.020722269717487283,0.008345405192246792,59.72735947354165
2.943,post_correction,0.04044001354544642,0.009275493796103642,77.06357396324842,0.061449937322103326,0.006164766535082705,89.96782290798976
2.946,post_correction,0.03774272985769996,0.008271707411050405,78.08397155627873,0.057197031566919236,0.00658086714701999,88.49439041373935
2.949,post_correction,0.03505082314087027,0.008104883621060061,76.87676666397734,0.05295348735733769,0.00924394372724207,82.54327677257096
2.952,post_correction,0.032365432002804326,0.008821563066703739,72.74387356875265,0.048720928561961356,0.012818860713128849,73.68921099928068
2.955,post_correction,0.029688092742371667,0.010236906605682217,65.51847673571896,0.044501548473401285,0.01672761835274647,62.41115438321293
2.958,post_correction,0.027020932778298062,0.012107517985096246,55.19207984255661,0.04029840259374421,0.02077990526480153,48.4349157104621
2.961,post_correction,0.024366987258128556,0.025466237355160053,-4.511226953856593,0.036115900033175774,0.03269346464338923,9.476256680970772
2.964,post_correction,0.021730739238478028,0.022907947389666408,-5.4172485264741015,0.031960667845603606,0.028504857369182252,10.812697948352548
2.967,post_correction,0.019119086801722425,0.02039275567347888,-6.661766249430437,0.027843158010061715,0.02434817463187033,12.552395733732498
2.97,post_correction,0.01654317430485858,0.017938322484016812,-8.433376530092472,0.023780838940969534,0.02024055169199864,14.887141945491669
2.973,post_correction,0.014022090771910313,0.01557283288856719,-11.059278832821382,0.019805050700482996,0.016216030048538735,18.121744327858416
2.976,post_correction,0.011590889588551714,0.013342987152422459,-15.116161278952099,0.01597712336853697,0.012351643986938885,22.691690475004897
2.979,post_correction,0.00931917932419841,0.011328330080133791,-21.559309956815312,0.012429888311439787,0.008853104905963664,28.775668098193997
2.982,post_correction,0.007354930452899879,0.00966337998817366,-31.386422346979682,0.009477669905369133,0.0063471674224938775,33.03029662493115
2.985,post_correction,0.006006052274810691,0.00855364240744476,-42.41704893776284,0.007818106576583559,0.006178262183879073,20.974955721581924
2.988,post_correction,0.0057236141964904005,0.008225696693721573,-43.71507951680944,0.008262604984396238,0.008479862623587969,-2.629408517072009
2.991,post_correction,0.006643446942443995,0.008766502878029542,-31.95714444592999,0.010542555163747986,0.01189000757801574,-12.781080045008004
2.994,post_correction,0.008377235757355581,0.010035511442101115,-19.79502228153833,0.01377025328974942,0.015698241226155943,-14.001107284219072
2.997,post_correction,0.010529283144289671,0.011799131689817577,-12.060161438593102,0.01742307140669532,0.019671394214017274,-12.904285098997928
3.0,post_correction,0.012890925968851505,0.013869129167474696,-7.588308248661384,0.021280099987069246,0.02372392038078517,-11.484064432032273
