t_yr,ias15_rmin,noNN_rmin,unguarded_rmin,guarded_rmin,ias15_pair,noNN_pair,unguarded_pair,guarded_pair,noNN_err,unguarded_err,guarded_err,unguarded_minus_noNN,guarded_minus_noNN
0.0,1.0,1.0,1.0,1.0,0-1,0-1,0-1,0-1,1.583578631377114e-18,1.583578631377114e-18,1.583578631377114e-18,0.0,0.0
0.020004000800160033,0.999997730462842,0.9999964547554078,0.9999964547554078,0.9999964547554078,0-1,0-1,0-1,0-1,0.0038513638176163,0.0038513638176163,0.0038513638176163,0.0,0.0
0.040008001600320066,0.9999908974618602,0.9999884829059419,0.9999884829059419,0.9999884829059419,0-1,0-1,0-1,0-1,0.003848444200752965,0.003848444200752965,0.003848444200752965,0.0,0.0
0.0600120024004801,0.9999794658948808,0.9999759084265779,0.9999759084265779,0.9999759084265779,0-1,0-1,0-1,0-1,0.0038455492075070825,0.0038455492075070825,0.0038455492075070825,0.0,0.0
0.08001600320064013,0.9999634026478598,0.9999586987184765,0.9999586987184765,0.9999586987184765,0-1,0-1,0-1,0-1,0.003842678684109722,0.003842678684109722,0.003842678684109722,0.0,0.0
0.10002000400080016,0.9999426766094023,0.9999368231864431,0.9999368231864431,0.9999368231864431,0-1,0-1,0-1,0-1,0.0038398324703868537,0.0038398324703868537,0.0038398324703868537,0.0,0.0
0.1200240048009602,0.9999172586846861,0.99991025325269,0.99991025325269,0.99991025325269,0-1,0-1,0-1,0-1,0.0038370103997842774,0.0038370103997842774,0.0038370103997842774,0.0,0.0
0.14002800560112022,0.9998871218087872,0.9998789623700036,0.9998789623700036,0.9998789623700036,0-1,0-1,0-1,0-1,0.0038342122993939303,0.0038342122993939303,0.0038342122993939303,0.0,0.0
0.16003200640128026,0.999852240959409,0.9998429260343131,0.9998429260343131,0.9998429260343131,0-1,0-1,0-1,0-1,0.003831437989981067,0.003831437989981067,0.003831437989981067,0.0,0.0
0.1800360072014403,0.9998125931690119,0.9998021217966625,0.9998021217966625,0.9998021217966625,0-1,0-1,0-1,0-1,0.0038286872860130773,0.0038286872860130773,0.0038286872860130773,0.0,0.0
0.20004000800160032,0.9997681575363455,0.9997565292745848,0.9997565292745848,0.9997565292745848,0-1,0-1,0-1,0-1,0.0038259599956891755,0.0038259599956891755,0.0038259599956891755,0.0,0.0
0.22004400880176037,0.99971891523738,0.9997061301628768,0.9997061301628768,0.9997061301628768,0-1,0-1,0-1,0-1,0.003823255920971453,0.003823255920971453,0.003823255920971453,0.0,0.0
0.2400480096019204,0.9996648495356383,0.9996509082437746,0.9996509082437746,0.9996509082437746,0-1,0-1,0-1,0-1,0.003820574857617024,0.003820574857617024,0.003820574857617024,0.0,0.0
0.2600520104020804,0.9996059457919261,0.9995908493965273,0.9995908493965273,0.9995908493965273,0-1,0-1,0-1,0-1,0.0038179165952117585,0.0038179165952117585,0.0038179165952117585,0.0,0.0
0.28005601120224044,0.9995421914734601,0.9995259416063712,0.9995259416063712,0.9995259416063712,0-1,0-1,0-1,0-1,0.0038152809172046246,0.0038152809172046246,0.0038152809172046246,0.0,0.0
0.3000600120024005,0.9994735761623923,0.9994561749728984,0.9994561749728984,0.9994561749728984,0-1,0-1,0-1,0-1,0.0038126676009437722,0.0038126676009437722,0.0038126676009437722,0.0,0.0
0.3200640128025605,0.9994000915637306,0.9993815417178242,0.9993815417178242,0.9993815417178242,0-1,0-1,0-1,0-1,0.0038100764177138036,0.0038100764177138036,0.0038100764177138036,0.0,0.0
0.34006801360272054,0.9993217315126518,0.9993020361921465,0.9993020361921465,0.9993020361921465,0-1,0-1,0-1,0-1,0.0038075071327739484,0.0038075071327739484,0.0038075071327739484,0.0,0.0
0.3600720144028806,0.9992384919812103,0.9992176548827012,0.9992176548827012,0.9992176548827012,0-1,0-1,0-1,0-1,0.0038049595053981137,0.0038049595053981137,0.0038049595053981137,0.0,0.0
0.38007601520304063,0.9991503710844346,0.9991283964181065,0.9991283964181065,0.9991283964181065,0-1,0-1,0-1,0-1,0.003802433288915466,0.003802433288915466,0.003802433288915466,0.0,0.0
0.40008001600320064,0.9990573690858162,0.9990342615740995,0.9990342615740995,0.9990342615740995,0-1,0-1,0-1,0-1,0.003799928230753025,0.003799928230753025,0.003799928230753025,0.0,0.0
0.4200840168033607,0.9989594884021844,0.9989352532782595,0.9989352532782595,0.9989352532782595,0-1,0-1,0-1,0-1,0.003797444072478897,0.003797444072478897,0.003797444072478897,0.0,0.0
0.44008801760352073,0.9988567336079688,0.9988313766141198,0.9988313766141198,0.9988313766141198,0-1,0-1,0-1,0-1,0.0037949805498473585,0.0037949805498473585,0.0037949805498473585,0.0,0.0
0.46009201840368075,0.9987491114388434,0.9987226388246605,0.9987226388246605,0.9987226388246605,0-1,0-1,0-1,0-1,0.0037925373928448716,0.0037925373928448716,0.0037925373928448716,0.0,0.0
0.4800960192038408,0.9986366307947565,0.9986090493151877,0.9986090493151877,0.9986090493151877,0-1,0-1,0-1,0-1,0.003790114325737684,0.003790114325737684,0.003790114325737684,0.0,0.0
0.5001000200040008,0.9985193027423361,0.9984906196555892,0.9984906196555892,0.9984906196555892,0-1,0-1,0-1,0-1,0.0037877110671208857,0.0037877110671208857,0.0037877110671208857,0.0,0.0
0.5201040208041608,0.9983971405166752,0.99836736358197,0.99836736358197,0.99836736358197,0-1,0-1,0-1,0-1,0.0037853273299680236,0.0037853273299680236,0.0037853273299680236,0.0,0.0
0.5401080216043209,0.9982701595224924,0.9982392969976636,0.9982392969976636,0.9982392969976636,0-1,0-1,0-1,0-1,0.0037829628216834756,0.0037829628216834756,0.0037829628216834756,0.0,0.0
0.5601120224044809,0.9981383773346628,0.998106437973613,0.998106437973613,0.998106437973613,0-1,0-1,0-1,0-1,0.0037806172441551,0.0037806172441551,0.0037806172441551,0.0,0.0
0.580116023204641,0.9980018136981209,0.9979688067481249,0.9979688067481249,0.9979688067481249,0-1,0-1,0-1,0-1,0.003778290293808246,0.003778290293808246,0.003778290293808246,0.0,0.0
0.600120024004801,0.9978604905271288,0.997826425725989,0.997826425725989,0.997826425725989,0-1,0-1,0-1,0-1,0.003775981661662512,0.003775981661662512,0.003775981661662512,0.0,0.0
0.620124024804961,0.9977144319039094,0.9976793194769634,0.9976793194769634,0.9976793194769634,0-1,0-1,0-1,0-1,0.003773691033388331,0.003773691033388331,0.003773691033388331,0.0,0.0
0.640128025605121,0.9975636640766404,0.9975275147336188,0.9975275147336188,0.9975275147336188,0-1,0-1,0-1,0-1,0.0037714180893660084,0.0037714180893660084,0.0037714180893660084,0.0,0.0
0.6601320264052811,0.9974082154568058,0.997371040388543,0.997371040388543,0.997371040388543,0-1,0-1,0-1,0-1,0.003769162504745959,0.003769162504745959,0.003769162504745959,0.0,0.0
0.6801360272054411,0.997248116615903,0.9972099274908995,0.9972099274908995,0.9972099274908995,0-1,0-1,0-1,0-1,0.003766923949510639,0.003766923949510639,0.003766923949510639,0.0,0.0
0.7001400280056012,0.9970834002815,0.9970442092423364,0.9970442092423364,0.9970442092423364,0-1,0-1,0-1,0-1,0.0037647020885372804,0.0037647020885372804,0.0037647020885372804,0.0,0.0
0.7201440288057612,0.9969141013326422,0.9968739209922463,0.9968739209922463,0.9968739209922463,0-1,0-1,0-1,0-1,0.0037624965816637186,0.0037624965816637186,0.0037624965816637186,0.0,0.0
0.7401480296059212,0.9967402567946027,0.9966991002323672,0.9966991002323672,0.9966991002323672,0-1,0-1,0-1,0-1,0.003760307083753845,0.003760307083753845,0.003760307083753845,0.0,0.0
0.7601520304060813,0.9965619058329729,0.9965197865907282,0.9965197865907282,0.9965197865907282,0-1,0-1,0-1,0-1,0.0037581332447661716,0.0037581332447661716,0.0037581332447661716,0.0,0.0
0.7801560312062413,0.9963790897470929,0.9963360218249291,0.9963360218249291,0.9963360218249291,0-1,0-1,0-1,0-1,0.003755974709823368,0.003755974709823368,0.003755974709823368,0.0,0.0
0.8001600320064013,0.9961918519628122,0.9961478498147573,0.9961478498147573,0.9961478498147573,0-1,0-1,0-1,0-1,0.0037538311192837756,0.0037538311192837756,0.0037538311192837756,0.0,0.0
0.8201640328065614,0.9960002380245837,0.9959553165541312,0.9959553165541312,0.9959553165541312,0-1,0-1,0-1,0-1,0.003751702108813432,0.003751702108813432,0.003751702108813432,0.0,0.0
0.8401680336067214,0.9958042955868806,0.9957584701423722,0.9957584701423722,0.9957584701423722,0-1,0-1,0-1,0-1,0.003749587309461925,0.003749587309461925,0.003749587309461925,0.0,0.0
0.8601720344068814,0.9956040744049383,0.995557360774798,0.995557360774798,0.995557360774798,0-1,0-1,0-1,0-1,0.0037474863477380575,0.0037474863477380575,0.0037474863477380575,0.0,0.0
0.8801760352070415,0.9953996263248124,0.9953520407326352,0.9953520407326352,0.9953520407326352,0-1,0-1,0-1,0-1,0.0037453988456876406,0.0037453988456876406,0.0037453988456876406,0.0,0.0
0.9001800360072015,0.9951910052727531,0.9951425643722455,0.9951425643722455,0.9951425643722455,0-1,0-1,0-1,0-1,0.0037433244209738427,0.0037433244209738427,0.0037433244209738427,0.0,0.0
0.9201840368073615,0.9949782672438888,0.9949289881136625,0.9949289881136625,0.9949289881136625,0-1,0-1,0-1,0-1,0.003741262686958524,0.003741262686958524,0.003741262686958524,0.0,0.0
0.9401880376075216,0.9947614702902173,0.9947113704284369,0.9947113704284369,0.9947113704284369,0-1,0-1,0-1,0-1,0.003739213252785414,0.003739213252785414,0.003739213252785414,0.0,0.0
0.9601920384076816,0.9945406745078983,0.9944897718267836,0.9944897718267836,0.9944897718267836,0-1,0-1,0-1,0-1,0.003737175723465675,0.003737175723465675,0.003737175723465675,0.0,0.0
0.9801960392078416,0.9943159420238479,0.9942642548440264,0.9942642548440264,0.9942642548440264,0-1,0-1,0-1,0-1,0.0037351496999648045,0.0037351496999648045,0.0037351496999648045,0.0,0.0
1.0002000400080016,0.9940873369816242,0.9940348840263415,0.9940348840263415,0.9940348840263415,0-1,0-1,0-1,0-1,0.0037331347792911255,0.0037331347792911255,0.0037331347792911255,0.0,0.0
1.0202040408081616,0.9938549255266078,0.9938017259157897,0.9938017259157897,0.9938017259157897,0-1,0-1,0-1,0-1,0.0037311305545869693,0.0037311305545869693,0.0037311305545869693,0.0,0.0
1.0402080416083217,0.9936187757904674,0.9935648490346369,0.9935648490346369,0.9935648490346369,0-1,0-1,0-1,0-1,0.0037291366152212772,0.0037291366152212772,0.0037291366152212772,0.0,0.0
1.0602120424084818,0.9933789578749115,0.9933243238689602,0.9933243238689602,0.9933243238689602,0-1,0-1,0-1,0-1,0.0037271525468841452,0.0037271525468841452,0.0037271525468841452,0.0,0.0
1.0802160432086418,0.993135543834718,0.9930802228515331,0.9930802228515331,0.9930802228515331,0-1,0-1,0-1,0-1,0.0037251779316832562,0.0037251779316832562,0.0037251779316832562,0.0,0.0
1.100220044008802,0.9928886076600439,0.9928326203439899,0.9928326203439899,0.9928326203439899,0-1,0-1,0-1,0-1,0.003723212348242472,0.003723212348242472,0.003723212348242472,0.0,0.0
1.1202240448089618,0.992638225258006,0.9925815926182623,0.9925815926182623,0.9925815926182623,0-1,0-1,0-1,0-1,0.003721255371802565,0.003721255371802565,0.003721255371802565,0.0,0.0
1.1402280456091218,0.9923844744335335,0.9923272178372878,0.9923272178372878,0.9923272178372878,0-1,0-1,0-1,0-1,0.003719306574322851,0.003719306574322851,0.003719306574322851,0.0,0.0
1.160232046409282,0.9921274348694878,0.9920695760349865,0.9920695760349865,0.9920695760349865,0-1,0-1,0-1,0-1,0.003717365524586598,0.003717365524586598,0.003717365524586598,0.0,0.0
1.180236047209442,0.9918671881060473,0.9918087490955028,0.9918087490955028,0.9918087490955028,0-1,0-1,0-1,0-1,0.0037154317883072627,0.0037154317883072627,0.0037154317883072627,0.0,0.0
1.200240048009602,0.9916038175193534,0.9915448207317087,0.9915448207317087,0.9915448207317087,0-1,0-1,0-1,0-1,0.0037135049282368045,0.0037135049282368045,0.0037135049282368045,0.0,0.0
1.2202440488097621,0.9913374082994166,0.9912778764629693,0.9912778764629693,0.9912778764629693,0-1,0-1,0-1,0-1,0.0037115845042766937,0.0037115845042766937,0.0037115845042766937,0.0,0.0
1.240248049609922,0.9910680474272799,0.991008003592164,0.991008003592164,0.991008003592164,0-1,0-1,0-1,0-1,0.003709670073590468,0.003709670073590468,0.003709670073590468,0.0,0.0
1.260252050410082,0.9907958236514371,0.9907352911819662,0.9907352911819662,0.9907352911819662,0-1,0-1,0-1,0-1,0.0037077611907178334,0.0037077611907178334,0.0037077611907178334,0.0,0.0
1.280256051210242,0.9905208274635052,0.9904598300303749,0.9904598300303749,0.9904598300303749,0-1,0-1,0-1,0-1,0.003705857407692843,0.003705857407692843,0.003705857407692843,0.0,0.0
1.3002600520104022,0.9902431510731484,0.9901817126455014,0.9901817126455014,0.9901817126455014,0-1,0-1,0-1,0-1,0.00370395827416199,0.00370395827416199,0.00370395827416199,0.0,0.0
1.3202640528105622,0.9899628883822532,0.9899010332196062,0.9899010332196062,0.9899010332196062,0-1,0-1,0-1,0-1,0.003702063337505519,0.003702063337505519,0.003702063337505519,0.0,0.0
1.340268053610722,0.9896801349583536,0.9896178876023894,0.9896178876023894,0.9896178876023894,0-1,0-1,0-1,0-1,0.0037001721429607533,0.0037001721429607533,0.0037001721429607533,0.0,0.0
1.3602720544108822,0.9893949880073065,0.9893323732735291,0.9893323732735291,0.9893323732735291,0-1,0-1,0-1,0-1,0.003698284233746955,0.003698284233746955,0.003698284233746955,0.0,0.0
1.3802760552110422,0.9891075463452149,0.9890445893144724,0.9890445893144724,0.9890445893144724,0-1,0-1,0-1,0-1,0.003696399151193149,0.003696399151193149,0.003696399151193149,0.0,0.0
1.4002800560112023,0.9888179103696028,0.9887546363794772,0.9887546363794772,0.9887546363794772,0-1,0-1,0-1,0-1,0.0036945164348680297,0.0036945164348680297,0.0036945164348680297,0.0,0.0
1.4202840568113624,0.9885261820298384,0.9884626166659053,0.9884626166659053,0.9884626166659053,0-1,0-1,0-1,0-1,0.003692635622710862,0.003692635622710862,0.003692635622710862,0.0,0.0
1.4402880576115225,0.9882324647968108,0.9881686338837681,0.9881686338837681,0.9881686338837681,0-1,0-1,0-1,0-1,0.003690756251165868,0.003690756251165868,0.003690756251165868,0.0,0.0
1.4602920584116823,0.9879368636318574,0.9878727932245277,0.9878727932245277,0.9878727932245277,0-1,0-1,0-1,0-1,0.0036888778553177746,0.0036888778553177746,0.0036888778553177746,0.0,0.0
1.4802960592118424,0.9876394849549477,0.9875752013291542,0.9875752013291542,0.9875752013291542,0-1,0-1,0-1,0-1,0.003686999969029726,0.003686999969029726,0.003686999969029726,0.0,0.0
1.5003000600120024,0.9873404366121227,0.9872759662554419,0.9872759662554419,0.9872759662554419,0-1,0-1,0-1,0-1,0.003685122125083986,0.003685122125083986,0.003685122125083986,0.0,0.0
1.5203040608121625,0.9870398278421959,0.9869751974445875,0.9869751974445875,0.9869751974445875,0-1,0-1,0-1,0-1,0.0036832438553235478,0.0036832438553235478,0.0036832438553235478,0.0,0.0
1.5403080616123226,0.9867377692427173,0.9866730056870342,0.9866730056870342,0.9866730056870342,0-1,0-1,0-1,0-1,0.0036813646907964247,0.0036813646907964247,0.0036813646907964247,0.0,0.0
1.5603120624124827,0.9864343727352044,0.9863695030875856,0.9863695030875856,0.9863695030875856,0-1,0-1,0-1,0-1,0.003679484161901993,0.003679484161901993,0.003679484161901993,0.0,0.0
1.5803160632126425,0.9861297515296457,0.986064803029794,0.986064803029794,0.986064803029794,0-1,0-1,0-1,0-1,0.0036776017985395196,0.0036776017985395196,0.0036776017985395196,0.0,0.0
1.6003200640128026,0.9858240200882814,0.9857590201396287,0.9857590201396287,0.9857590201396287,0-1,0-1,0-1,0-1,0.003675717130257421,0.003675717130257421,0.003675717130257421,0.0,0.0
1.6203240648129626,0.9855172940886671,0.9854522702484284,0.9854522702484284,0.9854522702484284,0-1,0-1,0-1,0-1,0.0036738296864069664,0.0036738296864069664,0.0036738296864069664,0.0,0.0
1.6403280656131227,0.9852096903860263,0.9851446703551487,0.9851446703551487,0.9851446703551487,0-1,0-1,0-1,0-1,0.0036719389962953123,0.0036719389962953123,0.0036719389962953123,0.0,0.0
1.6603320664132828,0.9849013269748997,0.984836338587905,0.984836338587905,0.984836338587905,0-1,0-1,0-1,0-1,0.003670044589342081,0.003670044589342081,0.003670044589342081,0.0,0.0
1.6803360672134429,0.9845923229500981,0.984527394164826,0.984527394164826,0.984527394164826,0-1,0-1,0-1,0-1,0.0036681459952372093,0.0036681459952372093,0.0036681459952372093,0.0,0.0
1.7003400680136027,0.9842827984669673,0.9842179573542197,0.9842179573542197,0.9842179573542197,0-1,0-1,0-1,0-1,0.0036662427441008327,0.0036662427441008327,0.0036662427441008327,0.0,0.0
1.7203440688137628,0.983972874700975,0.9839081494340656,0.9839081494340656,0.9839081494340656,0-1,0-1,0-1,0-1,0.0036643343666441916,0.0036643343666441916,0.0036643343666441916,0.0,0.0
1.7403480696139229,0.983662673806628,0.9835980926508417,0.9835980926508417,0.9835980926508417,0-1,0-1,0-1,0-1,0.0036624203943340576,0.0036624203943340576,0.0036624203943340576,0.0,0.0
1.760352070414083,0.9833523188757309,0.9832879101776957,0.9832879101776957,0.9832879101776957,0-1,0-1,0-1,0-1,0.003660500359556896,0.003660500359556896,0.003660500359556896,0.0,0.0
1.780356071214243,0.9830419338949988,0.982977726071973,0.982977726071973,0.982977726071973,0-1,0-1,0-1,0-1,0.0036585737957858314,0.0036585737957858314,0.0036585737957858314,0.0,0.0
1.800360072014403,0.9827316437030321,0.9826676652321141,0.9826676652321141,0.9826676652321141,0-1,0-1,0-1,0-1,0.0036566402377487843,0.0036566402377487843,0.0036566402377487843,0.0,0.0
1.820364072814563,0.9824215739466721,0.9823578533539329,0.9823578533539329,0.9823578533539329,0-1,0-1,0-1,0-1,0.003654699221598476,0.003654699221598476,0.003654699221598476,0.0,0.0
1.840368073614723,0.9821118510367438,0.9820484168862905,0.9820484168862905,0.9820484168862905,0-1,0-1,0-1,0-1,0.0036527502850828312,0.0036527502850828312,0.0036527502850828312,0.0,0.0
1.860372074414883,0.9818026021032089,0.9817394829861793,0.9817394829861793,0.9817394829861793,0-1,0-1,0-1,0-1,0.003650792967718947,0.003650792967718947,0.003650792967718947,0.0,0.0
1.8803760752150431,0.9814939549497347,0.981431179473232,0.981431179473232,0.981431179473232,0-1,0-1,0-1,0-1,0.003648826810965944,0.003648826810965944,0.003648826810965944,0.0,0.0
1.9003800760152032,0.9811860380077028,0.9811236347836724,0.9811236347836724,0.9811236347836724,0-1,0-1,0-1,0-1,0.003646851358400815,0.003646851358400815,0.003646851358400815,0.0,0.0
1.9203840768153633,0.9808789802896706,0.980816977923724,0.980816977923724,0.980816977923724,0-1,0-1,0-1,0-1,0.0036448661558944827,0.0036448661558944827,0.0036448661558944827,0.0,0.0
1.9403880776155231,0.9805729113423027,0.9805113384224966,0.9805113384224966,0.9805113384224966,0-1,0-1,0-1,0-1,0.00364287075178973,0.00364287075178973,0.00364287075178973,0.0,0.0
1.9603920784156832,0.9802679611987953,0.980206846284366,0.980206846284366,0.980206846284366,0-1,0-1,0-1,0-1,0.003640864697078861,0.003640864697078861,0.003640864697078861,0.0,0.0
1.9803960792158433,0.9799642603308064,0.9799036319408708,0.9799036319408708,0.9799036319408708,0-1,0-1,0-1,0-1,0.0036388475455843713,0.0036388475455843713,0.0036388475455843713,0.0,0.0
2.000400080016003,0.9796619395999184,0.9796018262021426,0.9796018262021426,0.9796018262021426,0-1,0-1,0-1,0-1,0.0036368188541386084,0.0036368188541386084,0.0036368188541386084,0.0,0.0
2.020404080816163,0.979361130208651,0.9793015602078945,0.9793015602078945,0.9793015602078945,0-1,0-1,0-1,0-1,0.003634778182764542,0.003634778182764542,0.003634778182764542,0.0,0.0
2.0404080816163233,0.9790619636510465,0.979002965377987,0.979002965377987,0.979002965377987,0-1,0-1,0-1,0-1,0.00363272509485831,0.00363272509485831,0.00363272509485831,0.0,0.0
2.0604120824164833,0.9787645716628515,0.9787061733625984,0.9787061733625984,0.9787061733625984,0-1,0-1,0-1,0-1,0.003630659157370828,0.003630659157370828,0.003630659157370828,0.0,0.0
2.0804160832166434,0.9784690861713201,0.978411315992019,0.978411315992019,0.978411315992019,0-1,0-1,0-1,0-1,0.003628579940990831,0.003628579940990831,0.003628579940990831,0.0,0.0
2.1004200840168035,0.9781756392446598,0.978118525226099,0.978118525226099,0.978118525226099,0-1,0-1,0-1,0-1,0.0036264870203277302,0.0036264870203277302,0.0036264870203277302,0.0,0.0
2.1204240848169635,0.9778843630411492,0.9778279331033709,0.9778279331033709,0.9778279331033709,0-1,0-1,0-1,0-1,0.003624379974095283,0.003624379974095283,0.003624379974095283,0.0,0.0
2.1404280856171236,0.9775953897579521,0.9775396716898782,0.9775396716898782,0.9775396716898782,0-1,0-1,0-1,0-1,0.0036222583852944736,0.0036222583852944736,0.0036222583852944736,0.0,0.0
2.1604320864172837,0.9773088515796582,0.9772538730277336,0.9772538730277336,0.9772538730277336,0-1,0-1,0-1,0-1,0.0036201218413974444,0.0036201218413974444,0.0036201218413974444,0.0,0.0
2.1804360872174438,0.977024880626573,0.976970669083439,0.976970669083439,0.976970669083439,0-1,0-1,0-1,0-1,0.0036179699345303515,0.0036179699345303515,0.0036179699345303515,0.0,0.0
2.200440088017604,0.976743608902794,0.976690191695992,0.976690191695992,0.976690191695992,0-1,0-1,0-1,0-1,0.0036158022616568928,0.0036158022616568928,0.0036158022616568928,0.0,0.0
2.2204440888177635,0.9764651682440957,0.976412572524815,0.976412572524815,0.976412572524815,0-1,0-1,0-1,0-1,0.0036136184247608145,0.0036136184247608145,0.0036136184247608145,0.0,0.0
2.2404480896179235,0.976189690265659,0.9761379429975321,0.9761379429975321,0.9761379429975321,0-1,0-1,0-1,0-1,0.0036114180310271153,0.0036114180310271153,0.0036114180310271153,0.0,0.0
2.2604520904180836,0.9759173063096771,0.97586643425763,0.97586643425763,0.97586643425763,0-1,0-1,0-1,0-1,0.0036092006930255258,0.0036092006930255258,0.0036092006930255258,0.0,0.0
2.2804560912182437,0.9756481473928651,0.9755981771120328,0.9755981771120328,0.9755981771120328,0-1,0-1,0-1,0-1,0.0036069660288897605,0.0036069660288897605,0.0036069660288897605,0.0,0.0
2.3004600920184037,0.9753823441539136,0.9753333019786262,0.9753333019786262,0.9753333019786262,0-1,0-1,0-1,0-1,0.0036047136624980233,0.0036047136624980233,0.0036047136624980233,0.0,0.0
2.320464092818564,0.9751200268009154,0.9750719388337633,0.9750719388337633,0.9750719388337633,0-1,0-1,0-1,0-1,0.0036024432236516687,0.0036024432236516687,0.0036024432236516687,0.0,0.0
2.340468093618724,0.9748613250588022,0.9748142171597886,0.9748142171597886,0.9748142171597886,0-1,0-1,0-1,0-1,0.0036001543482528826,0.0036001543482528826,0.0036001543482528826,0.0,0.0
2.360472094418884,0.9746063681168273,0.9745602658926156,0.9745602658926156,0.9745602658926156,0-1,0-1,0-1,0-1,0.0035978466784810335,0.0035978466784810335,0.0035978466784810335,0.0,0.0
2.380476095219044,0.9743552845761301,0.9743102133693939,0.9743102133693939,0.9743102133693939,0-1,0-1,0-1,0-1,0.003595519862967645,0.003595519862967645,0.003595519862967645,0.0,0.0
2.400480096019204,0.9741082023974164,0.9740641872763024,0.9740641872763024,0.9740641872763024,0-1,0-1,0-1,0-1,0.0035931735569693334,0.0035931735569693334,0.0035931735569693334,0.0,0.0
2.420484096819364,0.9738652488488011,0.9738223145965086,0.9738223145965086,0.9738223145965086,0-1,0-1,0-1,0-1,0.0035908074225397945,0.0035908074225397945,0.0035908074225397945,0.0,0.0
2.4404880976195242,0.9736265504538386,0.9735847215583302,0.9735847215583302,0.9735847215583302,0-1,0-1,0-1,0-1,0.0035884211286989344,0.0035884211286989344,0.0035884211286989344,0.0,0.0
2.460492098419684,0.9733922329397926,0.9733515335836379,0.9733515335836379,0.9733515335836379,0-1,0-1,0-1,0-1,0.003586014351600786,0.003586014351600786,0.003586014351600786,0.0,0.0
2.480496099219844,0.9731624211861758,0.9731228752365415,0.9731228752365415,0.9731228752365415,0-1,0-1,0-1,0-1,0.003583586774697746,0.003583586774697746,0.003583586774697746,0.0,0.0
2.500500100020004,0.9729372391736032,0.9728988701723957,0.9728988701723957,0.9728988701723957,0-1,0-1,0-1,0-1,0.0035811380889052983,0.0035811380889052983,0.0035811380889052983,0.0,0.0
2.520504100820164,0.9727168099330008,0.9726796410871685,0.9726796410871685,0.9726796410871685,0-1,0-1,0-1,0-1,0.003578667992761052,0.003578667992761052,0.003578667992761052,0.0,0.0
2.540508101620324,0.9725012554952065,0.972465309667214,0.972465309667214,0.972465309667214,0-1,0-1,0-1,0-1,0.003576176192582908,0.003576176192582908,0.003576176192582908,0.0,0.0
2.560512102420484,0.9722906968410081,0.972255996539487,0.972255996539487,0.972255996539487,0-1,0-1,0-1,0-1,0.0035736624026242434,0.0035736624026242434,0.0035736624026242434,0.0,0.0
2.5805161032206443,0.9720852538516599,0.9720518212222464,0.9720518212222464,0.9720518212222464,0-1,0-1,0-1,0-1,0.0035711263452253574,0.0035711263452253574,0.0035711263452253574,0.0,0.0
2.6005201040208044,0.9718850452599175,0.9718529020762844,0.9718529020762844,0.9718529020762844,0-1,0-1,0-1,0-1,0.003568567750962666,0.003568567750962666,0.003568567750962666,0.0,0.0
2.6205241048209644,0.9716901886016358,0.9716593562567285,0.9716593562567285,0.9716593562567285,0-1,0-1,0-1,0-1,0.003565986358794213,0.003565986358794213,0.003565986358794213,0.0,0.0
2.6405281056211245,0.971500800167971,0.9714712996654553,0.9714712996654553,0.9714712996654553,0-1,0-1,0-1,0-1,0.003563381916201922,0.003563381916201922,0.003563381916201922,0.0,0.0
2.6605321064212846,0.9693217839873144,0.9683198074068954,0.9683198074068954,0.9683198074068954,1-2,1-2,1-2,1-2,0.0035607541793299257,0.0035607541793299257,0.0035607541793299257,0.0,0.0
2.680536107221444,0.9647444296759127,0.9637444088730123,0.9637444088730123,0.9637444088730123,1-2,1-2,1-2,1-2,0.0035581029131199135,0.0035581029131199135,0.0035581029131199135,0.0,0.0
2.7005401080216043,0.9601704730213485,0.9591724176776175,0.9591724176776175,0.9591724176776175,1-2,1-2,1-2,1-2,0.003555427891440689,0.003555427891440689,0.003555427891440689,0.0,0.0
2.7205441088217643,0.9555999657873413,0.954603885065471,0.954603885065471,0.954603885065471,1-2,1-2,1-2,1-2,0.0035527288972174156,0.0035527288972174156,0.0035527288972174156,0.0,0.0
2.7405481096219244,0.9510329579451646,0.9500388604955143,0.9500388604955143,0.9500388604955143,1-2,1-2,1-2,1-2,0.003550005722552915,0.003550005722552915,0.003550005722552915,0.0,0.0
2.7605521104220845,0.9464694976978891,0.9454773916653517,0.9454773916653517,0.9454773916653517,1-2,1-2,1-2,1-2,0.0035472581688467185,0.0035472581688467185,0.0035472581688467185,0.0,0.0
2.7805561112222446,0.941909631505625,0.9409195245367292,0.9409195245367292,0.9409195245367292,1-2,1-2,1-2,1-2,0.0035444860469090573,0.0035444860469090573,0.0035444860469090573,0.0,0.0
2.8005601120224046,0.9373534041117616,0.9363653033620086,0.9363653033620086,0.9363653033620086,1-2,1-2,1-2,1-2,0.003541689177070633,0.003541689177070633,0.003541689177070633,0.0,0.0
2.8205641128225647,0.932800858570193,0.9318147707116211,0.9318147707116211,0.9318147707116211,1-2,1-2,1-2,1-2,0.003538867389287489,0.003538867389287489,0.003538867389287489,0.0,0.0
2.8405681136227248,0.9282520362735184,0.9272679675024974,0.9272679675024974,0.9272679675024974,1-2,1-2,1-2,1-2,0.0035360205232411335,0.0035360205232411335,0.0035360205232411335,0.0,0.0
2.860572114422885,0.9237069769822108,0.922724933027458,0.922724933027458,0.922724933027458,1-2,1-2,1-2,1-2,0.003533148428433765,0.003533148428433765,0.003533148428433765,0.0,0.0
2.880576115223045,0.9191657188547391,0.9181857049855578,0.9181857049855578,0.9181857049855578,1-2,1-2,1-2,1-2,0.003530250964278595,0.003530250964278595,0.003530250964278595,0.0,0.0
2.900580116023205,0.9146282984786336,0.913650319513366,0.913650319513366,0.913650319513366,1-2,1-2,1-2,1-2,0.0035273280001847096,0.0035273280001847096,0.0035273280001847096,0.0,0.0
2.9205841168233646,0.9100947509024804,0.9091188112171723,0.9091188112171723,0.9091188112171723,1-2,1-2,1-2,1-2,0.0035243794156371504,0.0035243794156371504,0.0035243794156371504,0.0,0.0
2.9405881176235247,0.9055651096688313,0.9045912132061065,0.9045912132061065,0.9045912132061065,1-2,1-2,1-2,1-2,0.0035214051002700553,0.0035214051002700553,0.0035214051002700553,0.0,0.0
2.9605921184236847,0.9010394068480133,0.9000675571261499,0.9000675571261499,0.9000675571261499,1-2,1-2,1-2,1-2,0.0035184049539378507,0.0035184049539378507,0.0035184049539378507,0.0,0.0
2.980596119223845,0.8965176730728235,0.8955478731950293,0.8955478731950293,0.8955478731950293,1-2,1-2,1-2,1-2,0.0035153788867768325,0.0035153788867768325,0.0035153788867768325,0.0,0.0
3.000600120024005,0.8919999375740917,0.8910321902379725,0.8910321902379725,0.8910321902379725,1-2,1-2,1-2,1-2,0.003512326819263756,0.003512326819263756,0.003512326819263756,0.0,0.0
3.020604120824165,0.8874862282170921,0.88652053572431,0.88652053572431,0.88652053572431,1-2,1-2,1-2,1-2,0.0035092486822674673,0.0035092486822674673,0.0035092486822674673,0.0,0.0
3.040608121624325,0.8829765715387874,0.8820129358049014,0.8820129358049014,0.8820129358049014,1-2,1-2,1-2,1-2,0.0035061444170955518,0.0035061444170955518,0.0035061444170955518,0.0,0.0
3.060612122424485,0.8784709927858857,0.8775094153503697,0.8775094153503697,0.8775094153503697,1-2,1-2,1-2,1-2,0.0035030139755344593,0.0035030139755344593,0.0035030139755344593,0.0,0.0
3.080616123224645,0.8739695159536891,0.8730099979901235,0.8730099979901235,0.8730099979901235,1-2,1-2,1-2,1-2,0.0034998573198839872,0.0034998573198839872,0.0034998573198839872,0.0,0.0
3.1006201240248052,0.8694721638257147,0.8685147061521422,0.8685147061521422,0.8685147061521422,1-2,1-2,1-2,1-2,0.0034966744229858685,0.0034966744229858685,0.0034966744229858685,0.0,0.0
3.1206241248249653,0.8649789580140649,0.8640235611035084,0.8640235611035084,0.8640235611035084,1-2,1-2,1-2,1-2,0.003493465268246237,0.003493465268246237,0.003493465268246237,0.0,0.0
3.1406281256251254,0.8604899190005262,0.8595365829916604,0.8595365829916604,0.8595365829916604,1-2,1-2,1-2,1-2,0.003490229849651948,0.003490229849651948,0.003490229849651948,0.0,0.0
3.160632126425285,0.856005066178372,0.8550537908863415,0.8550537908863415,0.8550537908863415,1-2,1-2,1-2,1-2,0.0034869681717810573,0.0034869681717810573,0.0034869681717810573,0.0,0.0
3.180636127225445,0.8515244178948475,0.8505752028222278,0.8505752028222278,0.8505752028222278,1-2,1-2,1-2,1-2,0.0034836802498057103,0.0034836802498057103,0.0034836802498057103,0.0,0.0
3.200640128025605,0.8470479914943099,0.8461008358422024,0.8461008358422024,0.8461008358422024,1-2,1-2,1-2,1-2,0.0034803661094922104,0.0034803661094922104,0.0034803661094922104,0.0,0.0
3.2206441288257652,0.8425758033620024,0.8416307060412581,0.8416307060412581,0.8416307060412581,1-2,1-2,1-2,1-2,0.0034770257871914703,0.0034770257871914703,0.0034770257871914703,0.0,0.0
3.2406481296259253,0.8381078689684344,0.8371648286109966,0.8371648286109966,0.8371648286109966,1-2,1-2,1-2,1-2,0.003473659329824671,0.003473659329824671,0.003473659329824671,0.0,0.0
3.2606521304260854,0.8336442029143393,0.8327032178847041,0.8327032178847041,0.8327032178847041,1-2,1-2,1-2,1-2,0.00347026679486281,0.00347026679486281,0.00347026679486281,0.0,0.0
3.2806561312262454,0.8291848189761915,0.8282458873829717,0.8282458873829717,0.8282458873829717,1-2,1-2,1-2,1-2,0.0034668482503000756,0.0034668482503000756,0.0034668482503000756,0.0,0.0
3.3006601320264055,0.8247297301522455,0.8237928498598375,0.8237928498598375,0.8237928498598375,1-2,1-2,1-2,1-2,0.0034634037746209046,0.0034634037746209046,0.0034634037746209046,0.0,0.0
3.3206641328265656,0.8202789487090792,0.8193441173494214,0.8193441173494214,0.8193441173494214,1-2,1-2,1-2,1-2,0.0034599334567605444,0.0034599334567605444,0.0034599334567605444,0.0,0.0
3.3406681336267257,0.815832486228607,0.8148997012130234,0.8148997012130234,0.8148997012130234,1-2,1-2,1-2,1-2,0.0034564373960604064,0.0034564373960604064,0.0034564373960604064,0.0,0.0
3.3606721344268857,0.8113903536555382,0.8104596121866613,0.8104596121866613,0.8104596121866613,1-2,1-2,1-2,1-2,0.0034529157022163606,0.0034529157022163606,0.0034529157022163606,0.0,0.0
3.3806761352270454,0.8069525613452523,0.8060238604290173,0.8060238604290173,0.8060238604290173,1-2,1-2,1-2,1-2,0.003449368495222146,0.003449368495222146,0.003449368495222146,0.0,0.0
3.4006801360272054,0.8025191191120624,0.801592455569764,0.801592455569764,0.801592455569764,1-2,1-2,1-2,1-2,0.0034457959053043577,0.0034457959053043577,0.0034457959053043577,0.0,0.0
3.4206841368273655,0.7980900362778398,0.7971654067582453,0.7971654067582453,0.7971654067582453,1-2,1-2,1-2,1-2,0.003442198072855646,0.003442198072855646,0.003442198072855646,0.0,0.0
3.4406881376275256,0.7936653217209685,0.7927427227124806,0.7927427227124806,0.7927427227124806,1-2,1-2,1-2,1-2,0.003438575148358127,0.003438575148358127,0.003438575148358127,0.0,0.0
3.4606921384276856,0.7892449839256055,0.788324411768466,0.788324411768466,0.788324411768466,1-2,1-2,1-2,1-2,0.0034349272923030827,0.0034349272923030827,0.0034349272923030827,0.0,0.0
3.4806961392278457,0.7848290310312147,0.7839104819297442,0.7839104819297442,0.7839104819297442,1-2,1-2,1-2,1-2,0.00343125467510419,0.00343125467510419,0.00343125467510419,0.0,0.0
3.500700140028006,0.7804174708823516,0.7795009409172148,0.7795009409172148,0.7795009409172148,1-2,1-2,1-2,1-2,0.0034275574770058314,0.0034275574770058314,0.0034275574770058314,0.0,0.0
3.520704140828166,0.7760103110786652,0.7750957962191561,0.7750957962191561,0.7750957962191561,1-2,1-2,1-2,1-2,0.003423835887985057,0.003423835887985057,0.003423835887985057,0.0,0.0
3.540708141628326,0.7716075590250963,0.7706950551414384,0.7706950551414384,0.7706950551414384,1-2,1-2,1-2,1-2,0.003420090107648744,0.003420090107648744,0.003420090107648744,0.0,0.0
3.560712142428486,0.7672092219822395,0.7662987248578913,0.7662987248578913,0.7662987248578913,1-2,1-2,1-2,1-2,0.0034163203451253632,0.0034163203451253632,0.0034163203451253632,0.0,0.0
3.580716143228646,0.7628153071168494,0.7619068124608085,0.7619068124608085,0.7619068124608085,1-2,1-2,1-2,1-2,0.003412526818951252,0.003412526818951252,0.003412526818951252,0.0,0.0
3.600720144028806,0.75842582155246,0.7575193250115622,0.7575193250115622,0.7575193250115622,1-2,1-2,1-2,1-2,0.0034087097569522515,0.0034087097569522515,0.0034087097569522515,0.0,0.0
3.6207241448289658,0.7540407724200973,0.7531362695913011,0.7531362695913011,0.7531362695913011,1-2,1-2,1-2,1-2,0.0034048693961204737,0.0034048693961204737,0.0034048693961204737,0.0,0.0
3.640728145629126,0.7496601669090585,0.748757653351711,0.748757653351711,0.748757653351711,1-2,1-2,1-2,1-2,0.003401005982484575,0.003401005982484575,0.003401005982484575,0.0,0.0
3.660732146429286,0.7452840123177377,0.7443834835658152,0.7443834835658152,0.7443834835658152,1-2,1-2,1-2,1-2,0.0033971197709790485,0.0033971197709790485,0.0033971197709790485,0.0,0.0
3.680736147229446,0.7409123161044784,0.7400137676787946,0.7400137676787946,0.7400137676787946,1-2,1-2,1-2,1-2,0.0033932110253052173,0.0033932110253052173,0.0033932110253052173,0.0,0.0
3.700740148029606,0.7365450859384274,0.7356485133588091,0.7356485133588091,0.7356485133588091,1-2,1-2,1-2,1-2,0.0033892800177895595,0.0033892800177895595,0.0033892800177895595,0.0,0.0
3.720744148829766,0.7321823297503794,0.731287728547798,0.731287728547798,0.731287728547798,1-2,1-2,1-2,1-2,0.0033853270292383717,0.0033853270292383717,0.0033853270292383717,0.0,0.0
3.740748149629926,0.7278240557835921,0.7269314215122517,0.7269314215122517,0.7269314215122517,1-2,1-2,1-2,1-2,0.0033813523487869527,0.0033813523487869527,0.0033813523487869527,0.0,0.0
3.7607521504300863,0.7234702726445562,0.7225796008939317,0.7225796008939317,0.7225796008939317,1-2,1-2,1-2,1-2,0.0033773562737458972,0.0033773562737458972,0.0033773562737458972,0.0,0.0
3.7807561512302463,0.7191209893537135,0.7182322757605348,0.7182322757605348,0.7182322757605348,1-2,1-2,1-2,1-2,0.0033733391094437188,0.0033733391094437188,0.0033733391094437188,0.0,0.0
3.8007601520304064,0.714776215396106,0.7138894556562873,0.7138894556562873,0.7138894556562873,1-2,1-2,1-2,1-2,0.003369301169065311,0.003369301169065311,0.003369301169065311,0.0,0.0
3.8207641528305665,0.7104359607719553,0.7095511506524649,0.7095511506524649,0.7095511506524649,1-2,1-2,1-2,1-2,0.003365242773487467,0.003365242773487467,0.003365242773487467,0.0,0.0
3.8407681536307265,0.7061002360471637,0.7052173713978331,0.7052173713978331,0.7052173713978331,1-2,1-2,1-2,1-2,0.003361164251111374,0.003361164251111374,0.003361164251111374,0.0,0.0
3.860772154430886,0.7017690524037364,0.7008881291690073,0.7008881291690073,0.7008881291690073,1-2,1-2,1-2,1-2,0.003357065937692063,0.003357065937692063,0.003357065937692063,0.0,0.0
3.8807761552310462,0.6974424216901272,0.6965634359207359,0.6965634359207359,0.6965634359207359,1-2,1-2,1-2,1-2,0.003352948176163505,0.003352948176163505,0.003352948176163505,0.0,0.0
3.9007801560312063,0.693120356471513,0.6922433043361118,0.6922433043361118,0.6922433043361118,1-2,1-2,1-2,1-2,0.0033488113164647686,0.0033488113164647686,0.0033488113164647686,0.0,0.0
3.9207841568313664,0.6888028700800061,0.687927747876723,0.687927747876723,0.687927747876723,1-2,1-2,1-2,1-2,0.003344655715359881,0.003344655715359881,0.003344655715359881,0.0,0.0
3.9407881576315265,0.6844899766648161,0.6836167808327543,0.6836167808327543,0.6836167808327543,1-2,1-2,1-2,1-2,0.0033404817362577026,0.0033404817362577026,0.0033404817362577026,0.0,0.0
3.9607921584316865,0.6801816912423839,0.6793104183730646,0.6793104183730646,0.6793104183730646,1-2,1-2,1-2,1-2,0.003336289749028754,0.003336289749028754,0.003336289749028754,0.0,0.0
3.9807961592318466,0.6758780297465048,0.6750086765952557,0.6750086765952557,0.6750086765952557,1-2,1-2,1-2,1-2,0.003332080129821046,0.003332080129821046,0.003332080129821046,0.0,0.0
4.000800160032006,0.6715790090784746,0.6707115725757697,0.6707115725757697,0.6707115725757697,1-2,1-2,1-2,1-2,0.0033278532608739843,0.0033278532608739843,0.0033278532608739843,0.0,0.0
4.020804160832166,0.6672846471572883,0.666419124420046,0.666419124420046,0.666419124420046,1-2,1-2,1-2,1-2,0.003323609530329361,0.003323609530329361,0.003323609530329361,0.0,0.0
4.040808161632326,0.6629949629699359,0.6621313513127793,0.6621313513127793,0.6621313513127793,1-2,1-2,1-2,1-2,0.003319349332044662,0.003319349332044662,0.003319349332044662,0.0,0.0
4.060812162432486,0.6587099766218374,0.6578482735683295,0.6578482735683295,0.6578482735683295,1-2,1-2,1-2,1-2,0.0033150730654018202,0.0033150730654018202,0.0033150730654018202,0.0,0.0
4.0808161632326465,0.6544297093874766,0.6535699126813375,0.6535699126813375,0.6535699126813375,1-2,1-2,1-2,1-2,0.0033107811351166644,0.0033107811351166644,0.0033107811351166644,0.0,0.0
4.100820164032807,0.6501541837612906,0.6492962913776097,0.6492962913776097,0.6492962913776097,1-2,1-2,1-2,1-2,0.0033064739510477795,0.0033064739510477795,0.0033064739510477795,0.0,0.0
4.120824164832967,0.64588342350889,0.6450274336653462,0.6450274336653462,0.6450274336653462,1-2,1-2,1-2,1-2,0.003302151928004685,0.003302151928004685,0.003302151928004685,0.0,0.0
4.140828165633127,0.641617453718686,0.6407633648867905,0.6407633648867905,0.6407633648867905,1-2,1-2,1-2,1-2,0.003297815485556106,0.003297815485556106,0.003297815485556106,0.0,0.0
4.160832166433287,0.6373563008540157,0.6365041117703945,0.6365041117703945,0.6365041117703945,1-2,1-2,1-2,1-2,0.0032934650478377665,0.0032934650478377665,0.0032934650478377665,0.0,0.0
4.180836167233447,0.6330999928058647,0.6322497024836,0.6322497024836,0.6322497024836,1-2,1-2,1-2,1-2,0.003289101043360726,0.003289101043360726,0.003289101043360726,0.0,0.0
4.200840168033607,0.628848558946298,0.6280001666863506,0.6280001666863506,0.6280001666863506,1-2,1-2,1-2,1-2,0.0032847239048199375,0.0032847239048199375,0.0032847239048199375,0.0,0.0
4.220844168833767,0.6246020301827224,0.6237555355854567,0.6237555355854567,0.6237555355854567,1-2,1-2,1-2,1-2,0.0032803340689034222,0.0032803340689034222,0.0032803340689034222,0.0,0.0
4.240848169633927,0.6203604390131177,0.6195158419899576,0.6195158419899576,0.6195158419899576,1-2,1-2,1-2,1-2,0.0032759319761022187,0.0032759319761022187,0.0032759319761022187,0.0,0.0
4.260852170434087,0.6161238195823867,0.6152811203676295,0.6152811203676295,0.6152811203676295,1-2,1-2,1-2,1-2,0.0032715180705214448,0.0032715180705214448,0.0032715180705214448,0.0,0.0
4.280856171234247,0.6118922077399888,0.6110514069028109,0.6110514069028109,0.6110514069028109,1-2,1-2,1-2,1-2,0.0032670927996918575,0.0032670927996918575,0.0032670927996918575,0.0,0.0
4.300860172034407,0.6076656410990408,0.6068267395557279,0.6068267395557279,0.6068267395557279,1-2,1-2,1-2,1-2,0.0032626566143836486,0.0032626566143836486,0.0032626566143836486,0.0,0.0
4.320864172834567,0.6034441590970834,0.6026071581235259,0.6026071581235259,0.6026071581235259,1-2,1-2,1-2,1-2,0.0032582099684211104,0.0032582099684211104,0.0032582099684211104,0.0,0.0
4.340868173634727,0.5992278030587322,0.5983927043032256,0.5983927043032256,0.5983927043032256,1-2,1-2,1-2,1-2,0.003253753318498999,0.003253753318498999,0.003253753318498999,0.0,0.0
4.3608721744348875,0.5950166162604512,0.5941834217568494,0.5941834217568494,0.5941834217568494,1-2,1-2,1-2,1-2,0.0032492871240011436,0.0032492871240011436,0.0032492871240011436,0.0,0.0
4.380876175235048,0.5908106439977104,0.5899793561789805,0.5899793561789805,0.5899793561789805,1-2,1-2,1-2,1-2,0.0032448118468204807,0.0032448118468204807,0.0032448118468204807,0.0,0.0
4.400880176035208,0.5866099336548111,0.5857805553670448,0.5857805553670448,0.5857805553670448,1-2,1-2,1-2,1-2,0.0032403279511819395,0.0032403279511819395,0.0032403279511819395,0.0,0.0
4.420884176835368,0.582414534777687,0.5815870692946274,0.5815870692946274,0.5815870692946274,1-2,1-2,1-2,1-2,0.0032358359034669127,0.0032358359034669127,0.0032358359034669127,0.0,0.0
4.440888177635527,0.5782244991500196,0.577398950188169,0.577398950188169,0.577398950188169,1-2,1-2,1-2,1-2,0.003231336172041554,0.003231336172041554,0.003231336172041554,0.0,0.0
4.460892178435687,0.5740398808730302,0.5732162526074072,0.5732162526074072,0.5732162526074072,1-2,1-2,1-2,1-2,0.0032268292270837286,0.0032268292270837286,0.0032268292270837286,0.0,0.0
4.480896179235847,0.5698607364493484,0.5690390335299718,0.5690390335299718,0.5690390335299718,1-2,1-2,1-2,1-2,0.003222315540419904,0.003222315540419904,0.003222315540419904,0.0,0.0
4.500900180036007,0.5656871248713865,0.5648673524405661,0.5648673524405661,0.5648673524405661,1-2,1-2,1-2,1-2,0.003217795585358013,0.003217795585358013,0.003217795585358013,0.0,0.0
4.520904180836167,0.5615191077146829,0.5607012714252098,0.5607012714252098,0.5607012714252098,1-2,1-2,1-2,1-2,0.003213269836526783,0.003213269836526783,0.003213269836526783,0.0,0.0
4.540908181636327,0.5573567492367273,0.556540855271055,0.556540855271055,0.556540855271055,1-2,1-2,1-2,1-2,0.0032087387697171403,0.0032087387697171403,0.0032087387697171403,0.0,0.0
4.560912182436487,0.5532001164818061,0.5523861715723324,0.5523861715723324,0.5523861715723324,1-2,1-2,1-2,1-2,0.0032042028617276434,0.0032042028617276434,0.0032042028617276434,0.0,0.0
4.580916183236647,0.5490492793924685,0.5482372908430246,0.5482372908430246,0.5482372908430246,1-2,1-2,1-2,1-2,0.0031996625902124824,0.0031996625902124824,0.0031996625902124824,0.0,0.0
4.6009201840368075,0.5449043109282458,0.5440942866369192,0.5440942866369192,0.5440942866369192,1-2,1-2,1-2,1-2,0.003195118433533089,0.003195118433533089,0.003195118433533089,0.0,0.0
4.6209241848369675,0.5407652871923226,0.5399572356757422,0.5399572356757422,0.5399572356757422,1-2,1-2,1-2,1-2,0.0031905708706138117,0.0031905708706138117,0.0031905708706138117,0.0,0.0
4.640928185637128,0.5366322875669032,0.5358262179861296,0.5358262179861296,0.5358262179861296,1-2,1-2,1-2,1-2,0.0031860203808004492,0.0031860203808004492,0.0031860203808004492,0.0,0.0
4.660932186437288,0.5325053948580826,0.5317013170462551,0.5317013170462551,0.5317013170462551,1-2,1-2,1-2,1-2,0.0031814674437228574,0.0031814674437228574,0.0031814674437228574,0.0,0.0
4.680936187237448,0.5283846954510933,0.5275826199429987,0.5275826199429987,0.5275826199429987,1-2,1-2,1-2,1-2,0.0031769125391611836,0.0031769125391611836,0.0031769125391611836,0.0,0.0
4.700940188037608,0.5242702794768688,0.5234702175406102,0.5234702175406102,0.5234702175406102,1-2,1-2,1-2,1-2,0.003172356146916016,0.003172356146916016,0.003172356146916016,0.0,0.0
4.720944188837768,0.5201622409909376,0.5193642046618927,0.5193642046618927,0.5193642046618927,1-2,1-2,1-2,1-2,0.003167798746681958,0.003167798746681958,0.003167798746681958,0.0,0.0
4.740948189637928,0.5160606781657424,0.5152646802830186,0.5152646802830186,0.5152646802830186,1-2,1-2,1-2,1-2,0.0031632408179255193,0.0031632408179255193,0.0031632408179255193,0.0,0.0
4.760952190438088,0.5119656934975637,0.5111717477431701,0.5111717477431701,0.5111717477431701,1-2,1-2,1-2,1-2,0.003158682839766638,0.003158682839766638,0.003158682839766638,0.0,0.0
4.780956191238248,0.5078773940293181,0.507085514970293,0.507085514970293,0.507085514970293,1-2,1-2,1-2,1-2,0.00315412529086356,0.00315412529086356,0.00315412529086356,0.0,0.0
4.800960192038408,0.5037958915905988,0.5030060947243506,0.5030060947243506,0.5030060947243506,1-2,1-2,1-2,1-2,0.0031495686493025186,0.0031495686493025186,0.0031495686493025186,0.0,0.0
4.820964192838568,0.4997213030564359,0.49893360485957083,0.49893360485957083,0.49893360485957083,1-2,1-2,1-2,1-2,0.003145013392490357,0.003145013392490357,0.003145013392490357,0.0,0.0
4.840968193638728,0.49565375062635864,0.4948681686072923,0.4948681686072923,0.4948681686072923,1-2,1-2,1-2,1-2,0.003140459997051391,0.003140459997051391,0.003140459997051391,0.0,0.0
4.860972194438888,0.4915933621254698,0.4908099148811426,0.4908099148811426,0.4908099148811426,1-2,1-2,1-2,1-2,0.0031359089387278335,0.0031359089387278335,0.0031359089387278335,0.0,0.0
4.8809761952390485,0.48754027132936884,0.48675897860640543,0.48675897860640543,0.48675897860640543,1-2,1-2,1-2,1-2,0.003131360692283765,0.003131360692283765,0.003131360692283765,0.0,0.0
4.900980196039208,0.4834946183148997,0.4827155010755796,0.4827155010755796,0.4827155010755796,1-2,1-2,1-2,1-2,0.0031268157314132926,0.0031268157314132926,0.0031268157314132926,0.0,0.0
4.920984196839368,0.47945654983884456,0.4786796303322817,0.4786796303322817,0.4786796303322817,1-2,1-2,1-2,1-2,0.0031222745286490767,0.0031222745286490767,0.0031222745286490767,0.0,0.0
4.940988197639528,0.4754262197468516,0.4746515215858016,0.4746515215858016,0.4746515215858016,1-2,1-2,1-2,1-2,0.003117737555280807,0.003117737555280807,0.003117737555280807,0.0,0.0
4.960992198439688,0.4714037894150433,0.4706313376587962,0.4706313376587962,0.4706313376587962,1-2,1-2,1-2,1-2,0.0031132052812701087,0.0031132052812701087,0.0031132052812701087,0.0,0.0
4.980996199239848,0.46738942822694274,0.466619249470787,0.466619249470787,0.466619249470787,1-2,1-2,1-2,1-2,0.0031086781751715736,0.0031086781751715736,0.0031086781751715736,0.0,0.0
5.001000200040008,0.46338331408854455,0.46261543656032345,0.46261543656032345,0.46261543656032345,1-2,1-2,1-2,1-2,0.0031041567040569155,0.0031041567040569155,0.0031041567040569155,0.0,0.0
5.021004200840168,0.4593856339845635,0.45862008764888496,0.45862008764888496,0.45862008764888496,1-2,1-2,1-2,1-2,0.0030996413334407175,0.0030996413334407175,0.0030996413334407175,0.0,0.0
5.041008201640328,0.45539658457911525,0.45463340124981266,0.45463340124981266,0.45463340124981266,1-2,1-2,1-2,1-2,0.003095132527209694,0.003095132527209694,0.003095132527209694,0.0,0.0
5.061012202440488,0.4514163728643173,0.45065558632580405,0.45065558632580405,0.45065558632580405,1-2,1-2,1-2,1-2,0.003090630747553859,0.003090630747553859,0.003090630747553859,0.0,0.0
5.081016203240648,0.4474452168605478,0.44668686299874955,0.44668686299874955,0.44668686299874955,1-2,1-2,1-2,1-2,0.003086136454900012,0.003086136454900012,0.003086136454900012,0.0,0.0
5.101020204040808,0.4434833463723637,0.44272746331596347,0.44272746331596347,0.44272746331596347,1-2,1-2,1-2,1-2,0.003081650107846976,0.003081650107846976,0.003081650107846976,0.0,0.0
5.121024204840968,0.43953100380436244,0.4387776320771401,0.4387776320771401,0.4387776320771401,1-2,1-2,1-2,1-2,0.0030771721631028346,0.0030771721631028346,0.0030771721631028346,0.0,0.0
5.1410282056411285,0.43558844504156474,0.43483762772666856,0.43483762772666856,0.43483762772666856,1-2,1-2,1-2,1-2,0.003072703075423674,0.003072703075423674,0.003072703075423674,0.0,0.0
5.161032206441289,0.4316559403992157,0.4309077233162573,0.4309077233162573,0.4309077233162573,1-2,1-2,1-2,1-2,0.003068243297553537,0.003068243297553537,0.003068243297553537,0.0,0.0
5.181036207241449,0.42773377564722564,0.4269882075431495,0.4269882075431495,0.4269882075431495,1-2,1-2,1-2,1-2,0.0030637932801654655,0.0030637932801654655,0.0030637932801654655,0.0,0.0
5.201040208041609,0.42382225311482946,0.42307938586956645,0.42307938586956645,0.42307938586956645,1-2,1-2,1-2,1-2,0.0030593534718043264,0.0030593534718043264,0.0030593534718043264,0.0,0.0
5.221044208841769,0.4199216928813981,0.4191815817293836,0.4191815817293836,0.4191815817293836,1-2,1-2,1-2,1-2,0.0030549243188287725,0.0030549243188287725,0.0030549243188287725,0.0,0.0
5.241048209641929,0.4160324340597299,0.4152951378284243,0.4152951378284243,0.4152951378284243,1-2,1-2,1-2,1-2,0.0030505062653561803,0.0030505062653561803,0.0030505062653561803,0.0,0.0
5.261052210442089,0.4121548361785369,0.411420417545165,0.411420417545165,0.411420417545165,1-2,1-2,1-2,1-2,0.0030460997532065115,0.0030460997532065115,0.0030460997532065115,0.0,0.0
5.281056211242249,0.40828928067126513,0.40755780643905426,0.40755780643905426,0.40755780643905426,1-2,1-2,1-2,1-2,0.003041705221848342,0.003041705221848342,0.003041705221848342,0.0,0.0
5.301060212042409,0.4044361724788059,0.40370771387408094,0.40370771387408094,0.40370771387408094,1-2,1-2,1-2,1-2,0.0030373231083444577,0.0030373231083444577,0.0030373231083444577,0.0,0.0
5.321064212842569,0.40059594177410085,0.39987057476566795,0.39987057476566795,0.39987057476566795,1-2,1-2,1-2,1-2,0.003032953847300378,0.003032953847300378,0.003032953847300378,0.0,0.0
5.341068213642729,0.3967690458170861,0.3960468514594108,0.3960468514594108,0.3960468514594108,1-2,1-2,1-2,1-2,0.0030285978708128347,0.0030285978708128347,0.0030285978708128347,0.0,0.0
5.361072214442888,0.3929559709488758,0.3922370357506354,0.3922370357506354,0.3922370357506354,1-2,1-2,1-2,1-2,0.00302425560842244,0.00302425560842244,0.00302425560842244,0.0,0.0
5.3810762152430485,0.3891572347345355,0.3884416510542045,0.3884416510542045,0.3884416510542045,1-2,1-2,1-2,1-2,0.003019927487065864,0.003019927487065864,0.003019927487065864,0.0,0.0
5.4010802160432085,0.3853733882642465,0.38466125473444024,0.38466125473444024,0.38466125473444024,1-2,1-2,1-2,1-2,0.003015613931038274,0.003015613931038274,0.003015613931038274,0.0,0.0
5.421084216843369,0.3816050186230924,0.38089644060546524,0.38089644060546524,0.38089644060546524,1-2,1-2,1-2,1-2,0.003011315361956079,0.003011315361956079,0.003011315361956079,0.0,0.0
5.441088217643529,0.37785275154011544,0.37714784161267256,0.37714784161267256,0.37714784161267256,1-2,1-2,1-2,1-2,0.0030070321987295118,0.0030070321987295118,0.0030070321987295118,0.0,0.0
5.461092218443689,0.3741172542276721,0.37341613270640645,0.37341613270640645,0.37341613270640645,1-2,1-2,1-2,1-2,0.0030027648575450296,0.0030027648575450296,0.0030027648575450296,0.0,0.0
5.481096219243849,0.370399238422451,0.36970203391926487,0.36970203391926487,0.36970203391926487,1-2,1-2,1-2,1-2,0.0029985137518603695,0.0029985137518603695,0.0029985137518603695,0.0,0.0
5.501100220044009,0.36669946363979333,0.36600631365869296,0.36600631365869296,0.36600631365869296,1-2,1-2,1-2,1-2,0.00299427929241642,0.00299427929241642,0.00299427929241642,0.0,0.0
5.521104220844169,0.363018740653157,0.3623297922267226,0.3623297922267226,0.3623297922267226,1-2,1-2,1-2,1-2,0.0029900618872698076,0.0029900618872698076,0.0029900618872698076,0.0,0.0
5.541108221644329,0.3593579352106544,0.3586733455787832,0.3586733455787832,0.3586733455787832,1-2,1-2,1-2,1-2,0.0029858619418513255,0.0029858619418513255,0.0029858619418513255,0.0,0.0
5.561112222444489,0.35571797200057365,0.3550379093334581,0.3550379093334581,0.3550379093334581,1-2,1-2,1-2,1-2,0.00298167985905773,0.00298167985905773,0.00298167985905773,0.0,0.0
5.581116223244649,0.352099838877601,0.35142448304483753,0.35142448304483753,0.35142448304483753,1-2,1-2,1-2,1-2,0.0029775160393833186,0.0029775160393833186,0.0029775160393833186,0.0,0.0
5.601120224044809,0.3485045913610868,0.34783413474871083,0.34783413474871083,0.34783413474871083,1-2,1-2,1-2,1-2,0.002973370881101078,0.002973370881101078,0.002973370881101078,0.0,0.0
5.621124224844969,0.3449333574160922,0.34426800579317673,0.34426800579317673,0.34426800579317673,1-2,1-2,1-2,1-2,0.0029692447805045124,0.0029692447805045124,0.0029692447805045124,0.0,0.0
5.641128225645129,0.34138734252706293,0.34072731596331557,0.34072731596331557,0.34072731596331557,1-2,1-2,1-2,1-2,0.0029651381322220375,0.0029651381322220375,0.0029651381322220375,0.0,0.0
5.6611322264452895,0.3378678350727584,0.33721336890827963,0.33721336890827963,0.33721336890827963,1-2,1-2,1-2,1-2,0.0029610513296202397,0.0029610513296202397,0.0029610513296202397,0.0,0.0
5.6811362272454495,0.3343762120094617,0.3337275578774711,0.3337275578774711,0.3337275578774711,1-2,1-2,1-2,1-2,0.0029569847653123605,0.0029569847653123605,0.0029569847653123605,0.0,0.0
5.70114022804561,0.33091394486741466,0.33027137177031857,0.33027137177031857,0.33027137177031857,1-2,1-2,1-2,1-2,0.0029529388317932784,0.0029529388317932784,0.0029529388317932784,0.0,0.0
5.72114422884577,0.3274826060628271,0.32684640150145383,0.32684640150145383,0.32684640150145383,1-2,1-2,1-2,1-2,0.00294891392222422,0.00294891392222422,0.00294891392222422,0.0,0.0
5.74114822964593,0.32408387552458223,0.32345434667974565,0.32345434667974565,0.32345434667974565,1-2,1-2,1-2,1-2,0.002944910431394832,0.002944910431394832,0.002944910431394832,0.0,0.0
5.76115223044609,0.320719547630818,0.3200970225955757,0.3200970225955757,0.3200970225955757,1-2,1-2,1-2,1-2,0.002940928756893241,0.002940928756893241,0.002940928756893241,0.0,0.0
5.78115623124625,0.3173915384458289,0.31677636750584287,0.31677636750584287,0.31677636750584287,1-2,1-2,1-2,1-2,0.0029369693005207153,0.0029369693005207153,0.0029369693005207153,0.0,0.0
5.80116023204641,0.3141018932420651,0.31349445020034933,0.31349445020034933,0.31349445020034933,1-2,1-2,1-2,1-2,0.002933032469990406,0.002933032469990406,0.002933032469990406,0.0,0.0
5.821164232846569,0.3108527942853243,0.3102534778263478,0.3102534778263478,0.3102534778263478,1-2,1-2,1-2,1-2,0.002929118680956969,0.002929118680956969,0.002929118680956969,0.0,0.0
5.841168233646729,0.307646568853418,0.3070558039400046,0.3070558039400046,0.3070558039400046,1-2,1-2,1-2,1-2,0.0029252283594236863,0.0029252283594236863,0.0029252283594236863,0.0,0.0
5.861172234446889,0.3044856974495369,0.3039039367442492,0.3039039367442492,0.3039039367442492,1-2,1-2,1-2,1-2,0.0029213619445940635,0.0029213619445940635,0.0029213619445940635,0.0,0.0
5.881176235247049,0.30137282216114514,0.30080054746184776,0.30080054746184776,0.30080054746184776,1-2,1-2,1-2,1-2,0.002917519892216555,0.002917519892216555,0.002917519892216555,0.0,0.0
5.901180236047209,0.2983107551034186,0.29774847878046995,0.29774847878046995,0.29774847878046995,1-2,1-2,1-2,1-2,0.002913702678500357,0.002913702678500357,0.002913702678500357,0.0,0.0
5.9211842368473695,0.295302486872951,0.2947507532929639,0.2947507532929639,0.2947507532929639,1-2,1-2,1-2,1-2,0.002909910804671974,0.002909910804671974,0.002909910804671974,0.0,0.0
5.94118823764753,0.2923511949226465,0.29181058184100295,0.29181058184100295,0.29181058184100295,1-2,1-2,1-2,1-2,0.002906144802250377,0.002906144802250377,0.002906144802250377,0.0,0.0
5.96119223844769,0.2894602517524458,0.2889313716537447,0.2889313716537447,0.2889313716537447,1-2,1-2,1-2,1-2,0.0029024052391235225,0.0029024052391235225,0.0029024052391235225,0.0,0.0
5.98119623924785,0.2866332327928696,0.28611673415527145,0.28611673415527145,0.28611673415527145,1-2,1-2,1-2,1-2,0.0028986927265086094,0.0028986927265086094,0.0028986927265086094,0.0,0.0
6.00120024004801,0.2838739238394897,0.28337049229552747,0.28337049229552747,0.28337049229552747,1-2,1-2,1-2,1-2,0.002895007926881582,0.002895007926881582,0.002895007926881582,0.0,0.0
6.02120424084817,0.28118632787662723,0.28069668723956087,0.28069668723956087,0.28069668723956087,1-2,1-2,1-2,1-2,0.0028913515629559886,0.0028913515629559886,0.0028913515629559886,0.0,0.0
6.04120824164833,0.27857467110824935,0.2780995842295173,0.2780995842295173,0.2780995842295173,1-2,1-2,1-2,1-2,0.002887724427787277,0.002887724427787277,0.002887724427787277,0.0,0.0
6.06121224244849,0.27604340799371635,0.27558367741362655,0.27558367741362655,0.27558367741362655,1-2,1-2,1-2,1-2,0.002884127396067661,0.002884127396067661,0.002884127396067661,0.0,0.0
6.08121624324865,0.27359722506647277,0.2731536934170985,0.2731536934170985,0.2731536934170985,1-2,1-2,1-2,1-2,0.002880561436660833,0.002880561436660833,0.002880561436660833,0.0,0.0
6.10122024404881,0.27124104329585885,0.27081459341237013,0.27081459341237013,0.27081459341237013,1-2,1-2,1-2,1-2,0.002877027626404357,0.002877027626404357,0.002877027626404357,0.0,0.0
6.12122424484897,0.26898001873706756,0.2685715734316318,0.2685715734316318,0.2685715734316318,1-2,1-2,1-2,1-2,0.0028735271651793527,0.0028735271651793527,0.0028735271651793527,0.0,0.0
6.14122824564913,0.2668195412031782,0.2664300626543682,0.2664300626543682,0.2664300626543682,1-2,1-2,1-2,1-2,0.002870061392210968,0.002870061392210968,0.002870061392210968,0.0,0.0
6.16123224644929,0.26476523068764646,0.2643957193982733,0.2643957193982733,0.2643957193982733,1-2,1-2,1-2,1-2,0.0028666318035172984,0.0028666318035172984,0.0028666318035172984,0.0,0.0
6.18123624724945,0.26282293126726247,0.2624744245449999,0.2624744245449999,0.2624744245449999,1-2,1-2,1-2,1-2,0.0028632400703742632,0.0028632400703742632,0.0028632400703742632,0.0,0.0
6.2012402480496105,0.26099870222612503,0.26067227214451727,0.26067227214451727,0.26067227214451727,1-2,1-2,1-2,1-2,0.0028598880586005434,0.0028598880586005434,0.0028598880586005434,0.0,0.0
6.221244248849771,0.2592988061623567,0.25899555696509363,0.25899555696509363,0.25899555696509363,1-2,1-2,1-2,1-2,0.002856577848401365,0.002856577848401365,0.002856577848401365,0.0,0.0
6.241248249649931,0.2577296938727325,0.25745075879168866,0.25745075879168866,0.25745075879168866,1-2,1-2,1-2,1-2,0.002853311754435913,0.002853311754435913,0.002853311754435913,0.0,0.0
6.261252250450091,0.2562979858574756,0.25604452332513067,0.25604452332513067,0.25604452332513067,1-2,1-2,1-2,1-2,0.0028500923456988166,0.0028500923456988166,0.0028500923456988166,0.0,0.0
6.281256251250251,0.2550104503491439,0.2547836395987275,0.2547836395987275,0.2547836395987275,1-2,1-2,1-2,1-2,0.00284692246473228,0.00284692246473228,0.00284692246473228,0.0,0.0
6.30126025205041,0.25387397784610616,0.25367501390809355,0.25367501390809355,0.25367501390809355,1-2,1-2,1-2,1-2,0.002843805245617778,0.002843805245617778,0.002843805245617778,0.0,0.0
6.32126425285057,0.25289555222209903,0.2527256403433263,0.2527256403433263,0.2527256403433263,1-2,1-2,1-2,1-2,0.0028407441301367257,0.0028407441301367257,0.0028407441301367257,0.0,0.0
6.34126825365073,0.25208221858728835,0.2519425681185523,0.2519425681185523,0.2519425681185523,1-2,1-2,1-2,1-2,0.002837742881463319,0.002837742881463319,0.002837742881463319,0.0,0.0
6.36127225445089,0.2514410481904982,0.2513328660094544,0.2513328660094544,0.2513328660094544,1-2,1-2,1-2,1-2,0.0028348055947159763,0.0028348055947159763,0.0028348055947159763,0.0,0.0
6.38127625525105,0.2509791007729976,0.250903584330651,0.250903584330651,0.250903584330651,1-2,1-2,1-2,1-2,0.002831936703731596,0.002831936703731596,0.002831936703731596,0.0,0.0
6.40128025605121,0.2507033849064431,0.25066171500652035,0.25066171500652035,0.25066171500652035,1-2,1-2,1-2,1-2,0.002829140983463002,0.002829140983463002,0.002829140983463002,0.0,0.0
6.42128425685137,0.25062081696520316,0.25061415040505813,0.25061415040505813,0.25061415040505813,1-2,1-2,1-2,1-2,0.0028264235474925368,0.0028264235474925368,0.0028264235474925368,0.0,0.0
6.4412882576515305,0.25073817948955596,0.2507676417077275,0.2507676417077275,0.2507676417077275,1-2,1-2,1-2,1-2,0.002823789840281232,0.002823789840281232,0.002823789840281232,0.0,0.0
6.4612922584516905,0.2510620797840074,0.25112875767187937,0.25112875767187937,0.25112875767187937,1-2,1-2,1-2,1-2,0.0028212456239349176,0.0028212456239349176,0.0028212456239349176,0.0,0.0
6.481296259251851,0.2515989096572792,0.2517038446993655,0.2517038446993655,0.2517038446993655,1-2,1-2,1-2,1-2,0.002818796959463611,0.002818796959463611,0.002818796959463611,0.0,0.0
6.501300260052011,0.25235480724124626,0.2524989891494875,0.2524989891494875,0.2524989891494875,1-2,1-2,1-2,1-2,0.002816450182725035,0.002816450182725035,0.002816450182725035,0.0,0.0
6.521304260852171,0.2533356218205293,0.25351998282208354,0.25351998282208354,0.25351998282208354,1-2,1-2,1-2,1-2,0.002814211875468434,0.002814211875468434,0.002814211875468434,0.0,0.0
6.541308261652331,0.2545468825599024,0.2547722924850178,0.2547722924850178,0.2547722924850178,1-2,1-2,1-2,1-2,0.002812088832114832,0.002812088832114832,0.002812088832114832,0.0,0.0
6.561312262452491,0.2559937719328531,0.2562610342298288,0.2562610342298288,0.2562610342298288,1-2,1-2,1-2,1-2,0.0028100880231098145,0.0028100880231098145,0.0028100880231098145,0.0,0.0
6.581316263252651,0.25768110453396803,0.257990953312667,0.257990953312667,0.257990953312667,1-2,1-2,1-2,1-2,0.0028082165558496507,0.0028082165558496507,0.0028082165558496507,0.0,0.0
6.601320264052811,0.2596133118053158,0.2599664099804126,0.2599664099804126,0.2599664099804126,1-2,1-2,1-2,1-2,0.0028064816342999637,0.0028064816342999637,0.0028064816342999637,0.0,0.0
6.621324264852971,0.2617944330301004,0.2621913716017327,0.2621913716017327,0.2621913716017327,1-2,1-2,1-2,1-2,0.002804890518485317,0.002804890518485317,0.002804890518485317,0.0,0.0
6.641328265653131,0.26422811275473457,0.2646694112292958,0.2646694112292958,0.2646694112292958,1-2,1-2,1-2,1-2,0.0028034504850271615,0.0028034504850271615,0.0028034504850271615,0.0,0.0
6.661332266453291,0.26691760460342173,0.2674037125227417,0.2674037125227417,0.2674037125227417,1-2,1-2,1-2,1-2,0.0028021687898439293,0.0028021687898439293,0.0028021687898439293,0.0,0.0
6.681336267253451,0.26986578125784105,0.2703970807727415,0.2703970807727415,0.2703970807727415,1-2,1-2,1-2,1-2,0.002801052634006371,0.002801052634006371,0.002801052634006371,0.0,0.0
6.701340268053611,0.27307515019842243,0.273651959594219,0.273651959594219,0.273651959594219,1-2,1-2,1-2,1-2,0.0028001091335747752,0.0028001091335747752,0.0028001091335747752,0.0,0.0
6.7213442688537715,0.27654787465142394,0.2771704527096158,0.2771704527096158,0.2771704527096158,1-2,1-2,1-2,1-2,0.002799345294042875,0.002799345294042875,0.002799345294042875,0.0,0.0
6.7413482696539315,0.28028579906397544,0.28095435012698156,0.28095435012698156,0.28095435012698156,1-2,1-2,1-2,1-2,0.0027987679897905782,0.0027987679897905782,0.0027987679897905782,0.0,0.0
6.761352270454091,0.28429047834144583,0.28500515793621306,0.28500515793621306,0.28500515793621306,1-2,1-2,1-2,1-2,0.0027983839487260415,0.0027983839487260415,0.0027983839487260415,0.0,0.0
6.781356271254251,0.28856321002945007,0.28932413090105064,0.28932413090105064,0.28932413090105064,1-2,1-2,1-2,1-2,0.0027981997420757814,0.0027981997420757814,0.0027981997420757814,0.0,0.0
6.801360272054411,0.2931050686056876,0.293912307013216,0.293912307013216,0.293912307013216,1-2,1-2,1-2,1-2,0.0027982217790995818,0.0027982217790995818,0.0027982217790995818,0.0,0.0
6.821364272854571,0.29791694106169664,0.2987705431951675,0.2987705431951675,0.2987705431951675,1-2,1-2,1-2,1-2,0.0027984563063239575,0.0027984563063239575,0.0027984563063239575,0.0,0.0
6.841368273654731,0.3029995629970819,0.3038995513846553,0.3038995513846553,0.3038995513846553,1-2,1-2,1-2,1-2,0.002798909410779991,0.002798909410779991,0.002798909410779991,0.0,0.0
6.861372274454891,0.3083535545133202,0.309299934302013,0.309299934302013,0.309299934302013,1-2,1-2,1-2,1-2,0.0027995870266282457,0.0027995870266282457,0.0027995870266282457,0.0,0.0
6.881376275255051,0.3139794552749098,0.3149722202838935,0.3149722202838935,0.3149722202838935,1-2,1-2,1-2,1-2,0.0028004949445049393,0.0028004949445049393,0.0028004949445049393,0.0,0.0
6.901380276055211,0.3198777581964397,0.3209168966590579,0.3209168966590579,0.3209168966590579,1-2,1-2,1-2,1-2,0.002801638822902139,0.002801638822902139,0.002801638822902139,0.0,0.0
6.921384276855371,0.326048941309532,0.32713444123738683,0.32713444123738683,0.32713444123738683,1-2,1-2,1-2,1-2,0.0028030242009051995,0.0028030242009051995,0.0028030242009051995,0.0,0.0
6.941388277655531,0.33249349745872603,0.3336253515778028,0.3336253515778028,0.3336253515778028,1-2,1-2,1-2,1-2,0.0028046565116373844,0.0028046565116373844,0.0028046565116373844,0.0,0.0
6.961392278455691,0.33921196156620226,0.34039017179045516,0.34039017179045516,0.34039017179045516,1-2,1-2,1-2,1-2,0.0028065410958149272,0.0028065410958149272,0.0028065410958149272,0.0,0.0
6.9813962792558515,0.34620493528879104,0.3474295167104498,0.3474295167104498,0.3474295167104498,1-2,1-2,1-2,1-2,0.0028086832148668476,0.0028086832148668476,0.0028086832148668476,0.0,0.0
7.001400280056012,0.3534731089648453,0.3547440933526824,0.3547440933526824,0.3547440933526824,1-2,1-2,1-2,1-2,0.002811088063140743,0.002811088063140743,0.002811088063140743,0.0,0.0
7.021404280856172,0.36101728081206713,0.36233471961884933,0.36233471961884933,0.36233471961884933,1-2,1-2,1-2,1-2,0.0028137607787752338,0.0028137607787752338,0.0028137607787752338,0.0,0.0
7.041408281656332,0.3688383733897459,0.37020234027807974,0.37020234027807974,0.37020234027807974,1-2,1-2,1-2,1-2,0.002816706452878737,0.002816706452878737,0.002816706452878737,0.0,0.0
7.061412282456492,0.37693744738020585,0.37834804028205926,0.37834804028205926,0.37834804028205926,1-2,1-2,1-2,1-2,0.002819930136707457,0.002819930136707457,0.002819930136707457,0.0,0.0
7.081416283256652,0.3853157127751065,0.3867730555045783,0.3867730555045783,0.3867730555045783,1-2,1-2,1-2,1-2,0.0028234368465774604,0.0028234368465774604,0.0028234368465774604,0.0,0.0
7.101420284056812,0.3939745375734668,0.3954787810150824,0.3954787810150824,0.3954787810150824,1-2,1-2,1-2,1-2,0.0028272315662825395,0.0028272315662825395,0.0028272315662825395,0.0,0.0
7.121424284856972,0.4029154541109275,0.4044667770070541,0.4044667770070541,0.4044667770070541,1-2,1-2,1-2,1-2,0.0028313192468136313,0.0028313192468136313,0.0028313192468136313,0.0,0.0
7.141428285657132,0.4121401631449718,0.4137387725060892,0.4137387725060892,0.4137387725060892,1-2,1-2,1-2,1-2,0.002835704803189454,0.002835704803189454,0.002835704803189454,0.0,0.0
7.161432286457292,0.4216505358197438,0.42329666698046586,0.42329666698046586,0.42329666698046586,1-2,1-2,1-2,1-2,0.0028403931082181663,0.0028403931082181663,0.0028403931082181663,0.0,0.0
7.181436287257452,0.43144861362780923,0.4331425299699329,0.4331425299699329,0.4331425299699329,1-2,1-2,1-2,1-2,0.0028453889830016487,0.0028453889830016487,0.0028453889830016487,0.0,0.0
7.201440288057612,0.4415366064757301,0.44327859883734816,0.44327859883734816,0.44327859883734816,1-2,1-2,1-2,1-2,0.002850697183987986,0.002850697183987986,0.002850697183987986,0.0,0.0
7.2214442888577715,0.4519168889465374,0.4537072747335349,0.4537072747335349,0.4537072747335349,1-2,1-2,1-2,1-2,0.002856322386357199,0.002856322386357199,0.002856322386357199,0.0,0.0
7.2414482896579315,0.4625919948358761,0.4644311168490671,0.4644311168490671,0.4644311168490671,1-2,1-2,1-2,1-2,0.002862269163498148,0.002862269163498148,0.002862269163498148,0.0,0.0
7.261452290458092,0.47356461002038086,0.47545283500824054,0.47545283500824054,0.47545283500824054,1-2,1-2,1-2,1-2,0.0028685419623171323,0.0028685419623171323,0.0028685419623171323,0.0,0.0
7.281456291258252,0.484837563697302,0.4867752806407608,0.4867752806407608,0.4867752806407608,1-2,1-2,1-2,1-2,0.002875145074060593,0.002875145074060593,0.002875145074060593,0.0,0.0
7.301460292058412,0.4964138180138842,0.4984014361460925,0.4984014361460925,0.4984014361460925,1-2,1-2,1-2,1-2,0.002882082600318137,0.002882082600318137,0.002882082600318137,0.0,0.0
7.321464292858572,0.5082964560839286,0.5103344026442633,0.5103344026442633,0.5103344026442633,1-2,1-2,1-2,1-2,0.002889358413815497,0.002889358413815497,0.002889358413815497,0.0,0.0
7.341468293658732,0.5204886683675373,0.522577386085503,0.522577386085503,0.522577386085503,1-2,1-2,1-2,1-2,0.0028969761135652556,0.0028969761135652556,0.0028969761135652556,0.0,0.0
7.361472294458892,0.5329937373685031,0.5351336816695612,0.5351336816695612,0.5351336816695612,1-2,1-2,1-2,1-2,0.002904938973894494,0.002904938973894494,0.002904938973894494,0.0,0.0
7.381476295259052,0.5458150205823127,0.5480066565041241,0.5480066565041241,0.5480066565041241,1-2,1-2,1-2,1-2,0.002913249886822307,0.002913249886822307,0.002913249886822307,0.0,0.0
7.401480296059212,0.5589559316064597,0.5611997304105365,0.5611997304105365,0.5611997304105365,1-2,1-2,1-2,1-2,0.0029219112972062194,0.0029219112972062194,0.0029219112972062194,0.0,0.0
7.421484296859372,0.5724199193038544,0.57471635476425,0.57471635476425,0.57471635476425,1-2,1-2,1-2,1-2,0.002930925130034816,0.002930925130034816,0.002930925130034816,0.0,0.0
7.441488297659532,0.5862104448897751,0.5885599892371963,0.5885599892371963,0.5885599892371963,1-2,1-2,1-2,1-2,0.0029402927091960475,0.0029402927091960475,0.0029402927091960475,0.0,0.0
7.461492298459692,0.6003309567932272,0.6027340762898991,0.6027340762898991,0.6027340762898991,1-2,1-2,1-2,1-2,0.002950014667013114,0.002950014667013114,0.002950014667013114,0.0,0.0
7.481496299259852,0.6147848631250795,0.6172420132428632,0.6172420132428632,0.6172420132428632,1-2,1-2,1-2,1-2,0.0029600908438088725,0.0029600908438088725,0.0029600908438088725,0.0,0.0
7.5015003000600124,0.6295755015682633,0.6320871217400073,0.6320871217400073,0.6320871217400073,1-2,1-2,1-2,1-2,0.0029705201767403475,0.0029705201767403475,0.0029705201767403475,0.0,0.0
7.5215043008601725,0.6447061064901592,0.6472726144021278,0.6472726144021278,0.6472726144021278,1-2,1-2,1-2,1-2,0.0029813005771409597,0.0029813005771409597,0.0029813005771409597,0.0,0.0
7.541508301660333,0.6601797730646433,0.6628015584562331,0.6628015584562331,0.6628015584562331,1-2,1-2,1-2,1-2,0.0029924287956245685,0.0029924287956245685,0.0029924287956245685,0.0,0.0
7.561512302460493,0.6759994181818787,0.678676836117843,0.678676836117843,0.678676836117843,1-2,1-2,1-2,1-2,0.0030039002742487885,0.0030039002742487885,0.0030039002742487885,0.0,0.0
7.581516303260653,0.6921677379187908,0.6949011014990105,0.6949011014990105,0.6949011014990105,1-2,1-2,1-2,1-2,0.003015708985113111,0.003015708985113111,0.003015708985113111,0.0,0.0
7.601520304060813,0.7083755468154681,0.7071442929391227,0.7071442929391227,0.7071442929391227,0-2,0-2,0-2,0-2,0.0030278472548852338,0.0030278472548852338,0.0030278472548852338,0.0,0.0
7.621524304860973,0.7010487174335394,0.6998175341889026,0.6998175341889026,0.6998175341889026,0-2,0-2,0-2,0-2,0.0030403055749248418,0.0030403055749248418,0.0030403055749248418,0.0,0.0
7.641528305661133,0.6937185908288572,0.6924887944160042,0.6924887944160042,0.6924887944160042,0-2,0-2,0-2,0-2,0.0030530723969084857,0.0030530723969084857,0.0030530723969084857,0.0,0.0
7.661532306461293,0.6863932686247249,0.68516626559162,0.68516626559162,0.68516626559162,0-2,0-2,0-2,0-2,0.003066133914172771,0.003066133914172771,0.003066133914172771,0.0,0.0
7.681536307261453,0.6790814267913691,0.6778587176297497,0.6778587176297497,0.6778587176297497,0-2,0-2,0-2,0-2,0.0030794738294000314,0.0030794738294000314,0.0030794738294000314,0.0,0.0
7.701540308061612,0.6717923389076516,0.6705755214415438,0.6705755214415438,0.6705755214415438,0-2,0-2,0-2,0-2,0.0030930731097782104,0.0030930731097782104,0.0030930731097782104,0.0,0.0
7.721544308861772,0.6645358980562881,0.6633266705306105,0.6633266705306105,0.6633266705306105,0-2,0-2,0-2,0-2,0.0031069097313947934,0.0031069097313947934,0.0031069097313947934,0.0,0.0
7.741548309661932,0.6573226367491715,0.6561228005102391,0.6561228005102391,0.6561228005102391,0-2,0-2,0-2,0-2,0.0031209584154027253,0.0031209584154027253,0.0031209584154027253,0.0,0.0
7.7615523104620925,0.650163744178375,0.6489752058213667,0.6489752058213667,0.6489752058213667,0-2,0-2,0-2,0-2,0.003135190359382874,0.003135190359382874,0.003135190359382874,0.0,0.0
7.781556311262253,0.6430710799807063,0.641895852821615,0.641895852821615,0.641895852821615,0-2,0-2,0-2,0-2,0.0031495729684172333,0.0031495729684172333,0.0031495729684172333,0.0,0.0
7.801560312062413,0.636057183591502,0.634897388303227,0.634897388303227,0.634897388303227,0-2,0-2,0-2,0-2,0.0031640695915912988,0.0031640695915912988,0.0031640695915912988,0.0,0.0
7.821564312862573,0.6291352781500456,0.6279931423847828,0.6279931423847828,0.6279931423847828,0-2,0-2,0-2,0-2,0.003178639271016191,0.003178639271016191,0.003178639271016191,0.0,0.0
7.841568313662733,0.622319267809112,0.6211971246129403,0.6211971246129403,0.6211971246129403,0-2,0-2,0-2,0-2,0.003193236511952221,0.003193236511952221,0.003193236511952221,0.0,0.0
7.861572314462893,0.6156237272007591,0.6145240120124493,0.6145240120124493,0.6145240120124493,0-2,0-2,0-2,0-2,0.0032078110841964437,0.0032078110841964437,0.0032078110841964437,0.0,0.0
7.881576315263053,0.6090638817272551,0.6079891277432584,0.6079891277432584,0.6079891277432584,0-2,0-2,0-2,0-2,0.0032223078665028723,0.0032223078665028723,0.0032223078665028723,0.0,0.0
7.901580316063213,0.6026555772893264,0.6016084089723012,0.6016084089723012,0.6016084089723012,0-2,0-2,0-2,0-2,0.0032366667473584646,0.0032366667473584646,0.0032366667473584646,0.0,0.0
7.921584316863373,0.5964152380447392,0.5953983625557615,0.5953983625557615,0.5953983625557615,0-2,0-2,0-2,0-2,0.0032508225968194216,0.0032508225968194216,0.0032508225968194216,0.0,0.0
7.941588317663533,0.5903598108210019,0.589376007167871,0.589376007167871,0.589376007167871,0-2,0-2,0-2,0-2,0.003264705325184284,0.003264705325184284,0.003264705325184284,0.0,0.0
7.961592318463693,0.5845066949000576,0.5835588006180016,0.5835588006180016,0.5835588006180016,0-2,0-2,0-2,0-2,0.0032782400448692923,0.0032782400448692923,0.0032782400448692923,0.0,0.0
7.981596319263853,0.5788736560637443,0.5779645512824282,0.5779645512824282,0.5779645512824282,0-2,0-2,0-2,0-2,0.003291347351761959,0.003291347351761959,0.003291347351761959,0.0,0.0
8.001600320064012,0.5734787240491044,0.5726113128528942,0.5726113128528942,0.5726113128528942,0-2,0-2,0-2,0-2,0.0033039437413554923,0.0033039437413554923,0.0033039437413554923,0.0,0.0
8.021604320864173,0.5683400729224786,0.5675172619806179,0.5675172619806179,0.5675172619806179,0-2,0-2,0-2,0-2,0.003315942172895054,0.003315942172895054,0.003315942172895054,0.0,0.0
8.041608321664333,0.5634758843467066,0.5627005588766878,0.5627005588766878,0.5627005588766878,0-2,0-2,0-2,0-2,0.0033272527914535613,0.0033272527914535613,0.0033272527914535613,0.0,0.0
8.061612322464493,0.5589041942864047,0.5581791915164864,0.5581791915164864,0.5581791915164864,0-2,0-2,0-2,0-2,0.003337783813098602,0.003337783813098602,0.003337783813098602,0.0,0.0
8.081616323264653,0.5546427243638148,0.553970804776884,0.553970804776884,0.553970804776884,0-2,0-2,0-2,0-2,0.003347442572198556,0.003347442572198556,0.003347442572198556,0.0,0.0
8.101620324064813,0.5507086998236352,0.5500925165902739,0.5500925165902739,0.5500925165902739,0-2,0-2,0-2,0-2,0.00335613672241594,0.00335613672241594,0.00335613672241594,0.0,0.0
8.121624324864973,0.5471186568599741,0.5465607239976643,0.5465607239976643,0.5465607239976643,0-2,0-2,0-2,0-2,0.003363775574377396,0.003363775574377396,0.003363775574377396,0.0,0.0
8.141628325665133,0.5438882428611084,0.5433909027812345,0.5433909027812345,0.5433909027812345,0-2,0-2,0-2,0-2,0.003370271543767222,0.003370271543767222,0.003370271543767222,0.0,0.0
8.161632326465293,0.5410320138869081,0.5405974051024941,0.5405974051024941,0.5405974051024941,0-2,0-2,0-2,0-2,0.0033755416742686875,0.0033755416742686875,0.0033755416742686875,0.0,0.0
8.181636327265453,0.5385632343509158,0.5381932602059925,0.5381932602059925,0.5381932602059925,0-2,0-2,0-2,0-2,0.003379509191100831,0.003379509191100831,0.003379509191100831,0.0,0.0
8.201640328065613,0.5364936843725434,0.5361899837089744,0.5361899837089744,0.5361899837089744,0-2,0-2,0-2,0-2,0.0033821050336979887,0.0033821050336979887,0.0033821050336979887,0.0,0.0
8.221644328865773,0.534833480535964,0.5345974012269289,0.5345974012269289,0.5345974012269289,0-2,0-2,0-2,0-2,0.0033832693111907467,0.0033832693111907467,0.0033832693111907467,0.0,0.0
8.241648329665933,0.533590915792148,0.5334234920371371,0.5334234920371371,0.5334234920371371,0-2,0-2,0-2,0-2,0.0033829526225162432,0.0033829526225162432,0.0033829526225162432,0.0,0.0
8.261652330466093,0.5327723239369812,0.5326742581282953,0.5326742581282953,0.5326742581282953,0-2,0-2,0-2,0-2,0.0033811171847578547,0.0033811171847578547,0.0033811171847578547,0.0,0.0
8.281656331266253,0.532381973482059,0.5323536233187658,0.5323536233187658,0.5323536233187658,0-2,0-2,0-2,0-2,0.003377737718932361,0.003377737718932361,0.003377737718932361,0.0,0.0
8.301660332066414,0.5324219948226249,0.5324633661705074,0.5324633661705074,0.5324633661705074,0-2,0-2,0-2,0-2,0.00337280205177872,0.00337280205177872,0.00337280205177872,0.0,0.0
8.321664332866574,0.532892343443693,0.5330030892289254,0.5330030892289254,0.5330030892289254,0-2,0-2,0-2,0-2,0.0033663114046318648,0.0033663114046318648,0.0033663114046318648,0.0,0.0
8.341668333666734,0.533790800559785,0.5339702257533259,0.5339702257533259,0.5339702257533259,0-2,0-2,0-2,0-2,0.0033582803553017866,0.0033582803553017866,0.0033582803553017866,0.0,0.0
8.361672334466894,0.5351130111437624,0.5353600836582721,0.5353600836582721,0.5353600836582721,0-2,0-2,0-2,0-2,0.003348736474861505,0.003348736474861505,0.003348736474861505,0.0,0.0
8.381676335267054,0.5368525578635959,0.5371659249611168,0.5371659249611168,0.5371659249611168,0-2,0-2,0-2,0-2,0.0033377196570791427,0.0033377196570791427,0.0033377196570791427,0.0,0.0
8.401680336067214,0.5390010681099149,0.5393790777214288,0.5393790777214288,0.5393790777214288,0-2,0-2,0-2,0-2,0.0033252811726263635,0.0033252811726263635,0.0033252811726263635,0.0,0.0
8.421684336867374,0.541548350148569,0.5419890763480117,0.5419890763480117,0.5419890763480117,0-2,0-2,0-2,0-2,0.003311482492049148,0.003311482492049148,0.003311482492049148,0.0,0.0
8.441688337667534,0.5444825535388077,0.5449838253024744,0.5449838253024744,0.5449838253024744,0-2,0-2,0-2,0-2,0.003296393929992414,0.003296393929992414,0.003296393929992414,0.0,0.0
8.461692338467694,0.5477903483616343,0.5483497806830552,0.5483497806830552,0.5483497806830552,0-2,0-2,0-2,0-2,0.003280093167881977,0.003280093167881977,0.003280093167881977,0.0,0.0
8.481696339267854,0.5514571175195839,0.5520721439393559,0.5520721439393559,0.5520721439393559,0-2,0-2,0-2,0-2,0.003262663713159132,0.003262663713159132,0.003262663713159132,0.0,0.0
8.501700340068014,0.5554671563874738,0.5561350620327724,0.5561350620327724,0.5561350620327724,0-2,0-2,0-2,0-2,0.0032441933505474915,0.0032441933505474915,0.0032441933505474915,0.0,0.0
8.521704340868174,0.5598038743801012,0.5605218286822253,0.5605218286822253,0.5605218286822253,0-2,0-2,0-2,0-2,0.0032247726353124766,0.0032247726353124766,0.0032247726353124766,0.0,0.0
8.541708341668334,0.5644499935077187,0.5652150818687119,0.5652150818687119,0.5652150818687119,0-2,0-2,0-2,0-2,0.0032044934708327475,0.0032044934708327475,0.0032044934708327475,0.0,0.0
8.561712342468494,0.5693877396543476,0.5701969934554147,0.5701969934554147,0.5701969934554147,0-2,0-2,0-2,0-2,0.003183447803879293,0.003183447803879293,0.003183447803879293,0.0,0.0
8.581716343268655,0.5745990230761111,0.5754494475513895,0.5754494475513895,0.5754494475513895,0-2,0-2,0-2,0-2,0.003161726461612596,0.003161726461612596,0.003161726461612596,0.0,0.0
8.601720344068815,0.5800656054185678,0.5809542050490961,0.5809542050490961,0.5809542050490961,0-2,0-2,0-2,0-2,0.003139418145159724,0.003139418145159724,0.003139418145159724,0.0,0.0
8.621724344868975,0.5857692513430486,0.5866930525503458,0.5866930525503458,0.5866930525503458,0-2,0-2,0-2,0-2,0.0031166085862759174,0.0031166085862759174,0.0031166085862759174,0.0,0.0
8.641728345669135,0.5916918635920447,0.5926479346232769,0.5926479346232769,0.5926479346232769,0-2,0-2,0-2,0-2,0.0030933798664040044,0.0030933798664040044,0.0030933798664040044,0.0,0.0
8.661732346469295,0.5978156009840059,0.5988010689778591,0.5988010689778591,0.5988010689778591,0-2,0-2,0-2,0-2,0.003069809891626893,0.003069809891626893,0.003069809891626893,0.0,0.0
8.681736347269455,0.6041229793907947,0.6051350446931288,0.6051350446931288,0.6051350446931288,0-2,0-2,0-2,0-2,0.0030459720126190457,0.0030459720126190457,0.0030459720126190457,0.0,0.0
8.701740348069615,0.6105969562086657,0.6116329040695302,0.6116329040695302,0.6116329040695302,0-2,0-2,0-2,0-2,0.003021934775690497,0.003021934775690497,0.003021934775690497,0.0,0.0
8.721744348869775,0.6172209991862774,0.6182782090156779,0.6182782090156779,0.6182782090156779,0-2,0-2,0-2,0-2,0.0029977617892347572,0.0029977617892347572,0.0029977617892347572,0.0,0.0
8.741748349669935,0.6239791407271327,0.6250550931176418,0.6250550931176418,0.6250550931176418,0-2,0-2,0-2,0-2,0.0029735116891591285,0.0029735116891591285,0.0029735116891591285,0.0,0.0
8.761752350470095,0.6308560189493659,0.631948300691256,0.631948300691256,0.631948300691256,0-2,0-2,0-2,0-2,0.0029492381869781117,0.0029492381869781117,0.0029492381869781117,0.0,0.0
8.781756351270255,0.6378369068755526,0.6389432141968318,0.6389432141968318,0.6389432141968318,0-2,0-2,0-2,0-2,0.0029249901849849745,0.0029249901849849745,0.0029249901849849745,0.0,0.0
8.801760352070415,0.6449077311527269,0.6460258714145054,0.6460258714145054,0.6460258714145054,0-2,0-2,0-2,0-2,0.0029008119440889404,0.0029008119440889404,0.0029008119440889404,0.0,0.0
8.821764352870575,0.6520550816813283,0.6531829737504129,0.6531829737504129,0.6531829737504129,0-2,0-2,0-2,0-2,0.0028767432913522108,0.0028767432913522108,0.0028767432913522108,0.0,0.0
8.841768353670735,0.6592662134736463,0.6604018869810533,0.6604018869810533,0.6604018869810533,0-2,0-2,0-2,0-2,0.0028528198558467944,0.0028528198558467944,0.0028528198558467944,0.0,0.0
8.861772354470894,0.666529041978389,0.6676706356561544,0.6676706356561544,0.6676706356561544,0-2,0-2,0-2,0-2,0.0028290733230682116,0.0028290733230682116,0.0028290733230682116,0.0,0.0
8.881776355271054,0.673832133007471,0.6749778922780749,0.6749778922780749,0.6749778922780749,0-2,0-2,0-2,0-2,0.002805531699703002,0.002805531699703002,0.002805531699703002,0.0,0.0
8.901780356071214,0.6811646882915484,0.6823129622654965,0.6823129622654965,0.6823129622654965,0-2,0-2,0-2,0-2,0.002782219582049963,0.002782219582049963,0.002782219582049963,0.0,0.0
8.921784356871374,0.6885165275781786,0.6896657655965913,0.6896657655965913,0.6896657655965913,0-2,0-2,0-2,0-2,0.0027591584226769224,0.0027591584226769224,0.0027591584226769224,0.0,0.0
8.941788357671534,0.6958780680751854,0.6970268159162402,0.6970268159162402,0.6970268159162402,0-2,0-2,0-2,0-2,0.0027363667911326326,0.0027363667911326326,0.0027363667911326326,0.0,0.0
8.961792358471694,0.7032403019351569,0.7043871977862948,0.7043871977862948,0.7043871977862948,0-2,0-2,0-2,0-2,0.0027138606255326637,0.0027138606255326637,0.0027138606255326637,0.0,0.0
8.981796359271854,0.7105947723771281,0.711738542659334,0.711738542659334,0.711738542659334,0-2,0-2,0-2,0-2,0.002691653472721095,0.002691653472721095,0.002691653472721095,0.0,0.0
9.001800360072014,0.717933548949777,0.7190730040661025,0.7190730040661025,0.7190730040661025,0-2,0-2,0-2,0-2,0.0026697567154404305,0.0026697567154404305,0.0026697567154404305,0.0,0.0
9.021804360872174,0.7252492023575547,0.7263832324254278,0.7263832324254278,0.7263832324254278,0-2,0-2,0-2,0-2,0.002648179785541767,0.002648179785541767,0.002648179785541767,0.0,0.0
9.041808361672334,0.7325347791972708,0.7336623498129988,0.7336623498129988,0.7336623498129988,0-2,0-2,0-2,0-2,0.002626930362750353,0.002626930362750353,0.002626930362750353,0.0,0.0
9.061812362472494,0.7397837768875879,0.7409039249617532,0.7409039249617532,0.7409039249617532,0-2,0-2,0-2,0-2,0.002606014558879807,0.002606014558879807,0.002606014558879807,0.0,0.0
9.081816363272655,0.7469901190172152,0.7481019487112889,0.7481019487112889,0.7481019487112889,0-2,0-2,0-2,0-2,0.002585437087684338,0.002585437087684338,0.002585437087684338,0.0,0.0
9.101820364072815,0.7541481312887626,0.7552508100761061,0.7552508100761061,0.7552508100761061,0-2,0-2,0-2,0-2,0.0025652014207559284,0.0025652014207559284,0.0025652014207559284,0.0,0.0
9.121824364872975,0.761252518193524,0.7623452730619054,0.7623452730619054,0.7623452730619054,0-2,0-2,0-2,0-2,0.0025453099300342726,0.0025453099300342726,0.0025453099300342726,0.0,0.0
9.141828365673135,0.768298340517229,0.769380454324903,0.769380454324903,0.769380454324903,0-2,0-2,0-2,0-2,0.002525764017604161,0.002525764017604161,0.002525764017604161,0.0,0.0
9.161832366473295,0.7752809937472663,0.7763518017404761,0.7763518017404761,0.7763518017404761,0-2,0-2,0-2,0-2,0.0025065642335261712,0.0025065642335261712,0.0025065642335261712,0.0,0.0
9.181836367273455,0.7821961874274144,0.78325507392371,0.78325507392371,0.78325507392371,0-2,0-2,0-2,0-2,0.0024877103824834405,0.0024877103824834405,0.0024877103824834405,0.0,0.0
9.201840368073615,0.7890399254859956,0.790086320724975,0.790086320724975,0.790086320724975,0-2,0-2,0-2,0-2,0.0024692016200401454,0.0024692016200401454,0.0024692016200401454,0.0,0.0
9.221844368873775,0.7958084875470619,0.7968418647078904,0.7968418647078904,0.7968418647078904,0-2,0-2,0-2,0-2,0.0024510365393026435,0.0024510365393026435,0.0024510365393026435,0.0,0.0
9.241848369673935,0.8024984112211295,0.80351828360443,0.80351828360443,0.80351828360443,0-2,0-2,0-2,0-2,0.002433213248753275,0.002433213248753275,0.002433213248753275,0.0,0.0
9.261852370474095,0.8091064753616518,0.8101123937319817,0.8101123937319817,0.8101123937319817,0-2,0-2,0-2,0-2,0.0024157294419991015,0.0024157294419991015,0.0024157294419991015,0.0,0.0
9.281856371274255,0.815629684265408,0.8166212343495101,0.8166212343495101,0.8166212343495101,0-2,0-2,0-2,0-2,0.0023985824601404702,0.0023985824601404702,0.0023985824601404702,0.0,0.0
9.301860372074415,0.8220652527889153,0.8230420529241607,0.8230420529241607,0.8230420529241607,0-2,0-2,0-2,0-2,0.0023817693474238893,0.0023817693474238893,0.0023817693474238893,0.0,0.0
9.321864372874575,0.8284105923485127,0.8293722912754379,0.8293722912754379,0.8293722912754379,0-2,0-2,0-2,0-2,0.0023652869008016202,0.0023652869008016202,0.0023652869008016202,0.0,0.0
9.341868373674735,0.8346632977686494,0.835609572561131,0.835609572561131,0.835609572561131,0-2,0-2,0-2,0-2,0.0023491317139749243,0.0023491317139749243,0.0023491317139749243,0.0,0.0
9.361872374474896,0.8408211349408645,0.8417516890672945,0.8417516890672945,0.8417516890672945,0-2,0-2,0-2,0-2,0.0023333002164563146,0.0023333002164563146,0.0023333002164563146,0.0,0.0
9.381876375275056,0.8468820292547932,0.847796590763544,0.847796590763544,0.847796590763544,0-2,0-2,0-2,0-2,0.00231778870814135,0.00231778870814135,0.00231778870814135,0.0,0.0
9.401880376075216,0.8528440547620992,0.8537423745845871,0.8537423745845871,0.8537423745845871,0-2,0-2,0-2,0-2,0.0023025933898410873,0.0023025933898410873,0.0023025933898410873,0.0,0.0
9.421884376875376,0.8587054240343285,0.8595872743990955,0.8595872743990955,0.8595872743990955,0-2,0-2,0-2,0-2,0.0022877103901869037,0.0022877103901869037,0.0022877103901869037,0.0,0.0
9.441888377675536,0.8644644786762551,0.8653296516276363,0.8653296516276363,0.8653296516276363,0-2,0-2,0-2,0-2,0.0022731357892824687,0.0022731357892824687,0.0022731357892824687,0.0,0.0
9.461892378475696,0.870119680457165,0.8709679864723127,0.8709679864723127,0.8709679864723127,0-2,0-2,0-2,0-2,0.0022588656394418936,0.0022588656394418936,0.0022588656394418936,0.0,0.0
9.481896379275856,0.8756696030236755,0.8765008697219442,0.8765008697219442,0.8765008697219442,0-2,0-2,0-2,0-2,0.002244895983325684,0.002244895983325684,0.002244895983325684,0.0,0.0
9.501900380076016,0.8811129241590079,0.8819269950979566,0.8819269950979566,0.8819269950979566,0-2,0-2,0-2,0-2,0.002231222869749642,0.002231222869749642,0.002231222869749642,0.0,0.0
9.521904380876176,0.8864484185550947,0.8872451521076242,0.8872451521076242,0.8872451521076242,0-2,0-2,0-2,0-2,0.002217842367422326,0.002217842367422326,0.002217842367422326,0.0,0.0
9.541908381676336,0.8916749510654243,0.8924542193728452,0.8924542193728452,0.8924542193728452,0-2,0-2,0-2,0-2,0.0022047505768344067,0.0022047505768344067,0.0022047505768344067,0.0,0.0
9.561912382476496,0.8967914704081146,0.897553158404217,0.897553158404217,0.897553158404217,0-2,0-2,0-2,0-2,0.0021919436405079687,0.0021919436405079687,0.0021919436405079687,0.0,0.0
9.581916383276656,0.9017970032903002,0.9025410077917659,0.9025410077917659,0.9025410077917659,0-2,0-2,0-2,0-2,0.002179417751786245,0.002179417751786245,0.002179417751786245,0.0,0.0
9.601920384076816,0.9066906489265015,0.907416877785272,0.907416877785272,0.907416877785272,0-2,0-2,0-2,0-2,0.002167169162330121,0.002167169162330121,0.002167169162330121,0.0,0.0
9.621924384876976,0.9114715739252082,0.9121799452386825,0.9121799452386825,0.9121799452386825,0-2,0-2,0-2,0-2,0.002155194188470046,0.002155194188470046,0.002155194188470046,0.0,0.0
9.641928385677137,0.9161390075194348,0.9168294488946235,0.9168294488946235,0.9168294488946235,0-2,0-2,0-2,0-2,0.002143489216543797,0.002143489216543797,0.002143489216543797,0.0,0.0
9.661932386477297,0.9206922371184761,0.9213646849864849,0.9213646849864849,0.9213646849864849,0-2,0-2,0-2,0-2,0.0021320507073407787,0.0021320507073407787,0.0021320507073407787,0.0,0.0
9.681936387277457,0.9251306041595183,0.9257850031369612,0.9257850031369612,0.9257850031369612,0-2,0-2,0-2,0-2,0.0021208751997575446,0.0021208751997575446,0.0021208751997575446,0.0,0.0
9.701940388077617,0.9294535002391048,0.9300898025332761,0.9300898025332761,0.9300898025332761,0-2,0-2,0-2,0-2,0.0021099593137605616,0.0021099593137605616,0.0021099593137605616,0.0,0.0
9.721944388877777,0.933660363505773,0.9342785283606125,0.9342785283606125,0.9342785283606125,0-2,0-2,0-2,0-2,0.0020992997527398295,0.0020992997527398295,0.0020992997527398295,0.0,0.0
9.741948389677937,0.9377506752963887,0.9383506684764745,0.9383506684764745,0.9383506684764745,0-2,0-2,0-2,0-2,0.002088893305329688,0.002088893305329688,0.002088893305329688,0.0,0.0
9.761952390478097,0.9417239569998821,0.9423057503098762,0.9423057503098762,0.9423057503098762,0-2,0-2,0-2,0-2,0.0020787368467649297,0.0020787368467649297,0.0020787368467649297,0.0,0.0
9.781956391278255,0.9455797671331871,0.9461433379703312,0.9461433379703312,0.9461433379703312,0-2,0-2,0-2,0-2,0.0020688273398316347,0.0020688273398316347,0.0020688273398316347,0.0,0.0
9.801960392078415,0.9493176986152245,0.9498630295526556,0.9498630295526556,0.9498630295526556,0-2,0-2,0-2,0-2,0.0020591618354612895,0.0020591618354612895,0.0020591618354612895,0.0,0.0
9.821964392878575,0.9529373762257413,0.9534644546245474,0.9534644546245474,0.9534644546245474,0-2,0-2,0-2,0-2,0.0020497374730330275,0.0020497374730330275,0.0020497374730330275,0.0,0.0
9.841968393678735,0.9564384542367453,0.9569472718848296,0.9569472718848296,0.9569472718848296,0-2,0-2,0-2,0-2,0.0020405514804019823,0.0020405514804019823,0.0020405514804019823,0.0,0.0
9.861972394478896,0.9598206142051238,0.9603111669810834,0.9603111669810834,0.9603111669810834,0-2,0-2,0-2,0-2,0.0020316011737109576,0.0020316011737109576,0.0020316011737109576,0.0,0.0
9.881976395279056,0.9630835629158474,0.9635558504761995,0.9635558504761995,0.9635558504761995,0-2,0-2,0-2,0-2,0.0020228839570098646,0.0020228839570098646,0.0020228839570098646,0.0,0.0
9.901980396079216,0.9662270304659146,0.9666810559541236,0.9666810559541236,0.9666810559541236,0-2,0-2,0-2,0-2,0.0020143973217166622,0.0020143973217166622,0.0020143973217166622,0.0,0.0
9.921984396879376,0.9692507684798974,0.9696865382557668,0.9696865382557668,0.9696865382557668,0-2,0-2,0-2,0-2,0.0020061388459435125,0.0020061388459435125,0.0020061388459435125,0.0,0.0
9.941988397679536,0.9721545484486077,0.9725720718367064,0.9725720718367064,0.9725720718367064,0-2,0-2,0-2,0-2,0.0019981061937137568,0.0019981061937137568,0.0019981061937137568,0.0,0.0
9.961992398479696,0.9749381601830268,0.9753374492389135,0.9753374492389135,0.9753374492389135,0-2,0-2,0-2,0-2,0.0019902971140899214,0.0019902971140899214,0.0019902971140899214,0.0,0.0
9.981996399279856,0.9776014103762092,0.9779824796693151,0.9779824796693151,0.9779824796693151,0-2,0-2,0-2,0-2,0.0019827094402303023,0.0019827094402303023,0.0019827094402303023,0.0,0.0
10.002000400080016,0.9801441212664195,0.9805069876785264,0.9805069876785264,0.9805069876785264,0-2,0-2,0-2,0-2,0.001975341088393287,0.001975341088393287,0.001975341088393287,0.0,0.0
10.022004400880176,0.9825661293952574,0.9829108119335958,0.9829108119335958,0.9829108119335958,0-2,0-2,0-2,0-2,0.0019681900568998783,0.0019681900568998783,0.0019681900568998783,0.0,0.0
10.042008401680336,0.9848672844550073,0.9851938040790644,0.9851938040790644,0.9851938040790644,0-2,0-2,0-2,0-2,0.001961254425071309,0.001961254425071309,0.001961254425071309,0.0,0.0
10.062012402480496,0.9870474482198752,0.9873558276810797,0.9873558276810797,0.9873558276810797,0-2,0-2,0-2,0-2,0.0019545323521500853,0.0019545323521500853,0.0019545323521500853,0.0,0.0
10.082016403280656,0.9891064935562072,0.9893967572497124,0.9893967572497124,0.9893967572497124,0-2,0-2,0-2,0-2,0.001948022076216315,0.001948022076216315,0.001948022076216315,0.0,0.0
10.102020404080816,0.9910443035071486,0.991316477335009,0.991316477335009,0.991316477335009,0-2,0-2,0-2,0-2,0.001941721913107172,0.001941721913107172,0.001941721913107172,0.0,0.0
10.122024404880976,0.9928607704475881,0.9931148816926649,0.9931148816926649,0.9931148816926649,0-2,0-2,0-2,0-2,0.0019356302553473871,0.0019356302553473871,0.0019356302553473871,0.0,0.0
10.142028405681137,0.9945557953055529,0.9947918725155496,0.9947918725155496,0.9947918725155496,0-2,0-2,0-2,0-2,0.0019297455710980045,0.0019297455710980045,0.0019297455710980045,0.0,0.0
10.162032406481297,0.9961292868465504,0.9963473597276225,0.9963473597276225,0.9963473597276225,0-2,0-2,0-2,0-2,0.0019240664031292477,0.0019240664031292477,0.0019240664031292477,0.0,0.0
10.182036407281457,0.9975811610176519,0.9977812603370836,0.9977812603370836,0.9977812603370836,0-2,0-2,0-2,0-2,0.001918591367822201,0.001918591367822201,0.001918591367822201,0.0,0.0
10.202040408081617,0.9989113403483969,0.999093497845879,0.999093497845879,0.999093497845879,0-2,0-2,0-2,0-2,0.001913319154204836,0.001913319154204836,0.001913319154204836,0.0,0.0
10.222044408881777,1.0001197534058641,1.0002840017129513,1.0002840017129513,1.0002840017129513,0-2,0-2,0-2,0-2,0.0019082485230254953,0.0019082485230254953,0.0019082485230254953,0.0,0.0
10.242048409681937,1.0012063343015136,1.0013527068688763,1.0013527068688763,1.0013527068688763,0-2,0-2,0-2,0-2,0.0019033783058679929,0.0019033783058679929,0.0019033783058679929,0.0,0.0
10.262052410482097,1.0021710222476423,1.0022995532797652,1.0022995532797652,1.0022995532797652,0-2,0-2,0-2,0-2,0.0018987074043108503,0.0018987074043108503,0.0018987074043108503,0.0,0.0
10.282056411282257,1.0030137611615266,1.0031244855585426,1.0031244855585426,1.0031244855585426,0-2,0-2,0-2,0-2,0.0018942347891336255,0.0018942347891336255,0.0018942347891336255,0.0,0.0
10.302060412082417,1.0037344993155508,1.0038274526219304,1.0038274526219304,1.0038274526219304,0-2,0-2,0-2,0-2,0.0018899594995722198,0.0018899594995722198,0.0018899594995722198,0.0,0.0
10.322064412882577,1.0043331890318203,1.0044084073916684,1.0044084073916684,1.0044084073916684,0-2,0-2,0-2,0-2,0.0018858806426252917,0.0018858806426252917,0.0018858806426252917,0.0,0.0
10.342068413682737,1.0048097864199792,1.0048673065387215,1.0048673065387215,1.0048673065387215,0-2,0-2,0-2,0-2,0.0018819973924135416,0.0018819973924135416,0.0018819973924135416,0.0,0.0
10.362072414482897,1.005164251157127,1.0052041102694012,1.0052041102694012,1.0052041102694012,0-2,0-2,0-2,0-2,0.0018783089895921693,0.0018783089895921693,0.0018783089895921693,0.0,0.0
10.382076415283057,1.0053965463089418,1.0054187821525309,1.0054187821525309,1.0054187821525309,0-2,0-2,0-2,0-2,0.0018748147408193193,0.0018748147408193193,0.0018748147408193193,0.0,0.0
10.402080416083217,1.005506638191289,1.0055112889869668,1.0055112889869668,1.0055112889869668,0-2,0-2,0-2,0-2,0.0018715140182791622,0.0018715140182791622,0.0018715140182791622,0.0,0.0
10.422084416883378,1.0054944962717856,1.0054816007089669,1.0054816007089669,1.0054816007089669,0-2,0-2,0-2,0-2,0.0018684062592623962,0.0018684062592623962,0.0018684062592623962,0.0,0.0
10.442088417683538,1.0053600931109645,1.005329690339082,1.005329690339082,1.005329690339082,0-2,0-2,0-2,0-2,0.001865490965802649,0.001865490965802649,0.001865490965802649,0.0,0.0
10.462092418483698,1.005103404342868,1.0050555339684248,1.0050555339684248,1.0050555339684248,0-2,0-2,0-2,0-2,0.0018627677043703788,0.0018627677043703788,0.0018627677043703788,0.0,0.0
10.482096419283858,1.0047244086950735,1.0046591107843388,1.0046591107843388,1.0046591107843388,0-2,0-2,0-2,0-2,0.0018602361056234886,0.0018602361056234886,0.0018602361056234886,0.0,0.0
10.502100420084018,1.0042230880483374,1.0041404031356862,1.0041404031356862,1.0041404031356862,0-2,0-2,0-2,0-2,0.0018578958642146814,0.0018578958642146814,0.0018578958642146814,0.0,0.0
10.522104420884178,1.0035994275362132,1.0034993966381338,1.0034993966381338,1.0034993966381338,0-2,0-2,0-2,0-2,0.0018557467386554234,0.0018557467386554234,0.0018557467386554234,0.0,0.0
10.542108421684338,1.0028534156851974,1.0027360803200118,1.0027360803200118,1.0027360803200118,0-2,0-2,0-2,0-2,0.00185378855123549,0.00185378855123549,0.00185378855123549,0.0,0.0
10.562112422484498,1.0019850445961265,1.0018504468095024,1.0018504468095024,1.0018504468095024,0-2,0-2,0-2,0-2,0.0018520211879977898,0.0018520211879977898,0.0018520211879977898,0.0,0.0
10.582116423284658,1.0009943101677474,1.0008424925641,1.0008424925641,1.0008424925641,0-2,0-2,0-2,0-2,0.0018504445987671603,0.0018504445987671603,0.0018504445987671603,0.0,0.0
10.602120424084818,0.9998812123635779,0.9997122181434897,0.9997122181434897,0.9997122181434897,0-2,0-2,0-2,0-2,0.001849058797232051,0.001849058797232051,0.001849058797232051,0.0,0.0
10.622124424884978,0.9986457555233679,0.998459628527183,0.998459628527183,0.998459628527183,0-2,0-2,0-2,0-2,0.00184786386107785,0.00184786386107785,0.00184786386107785,0.0,0.0
10.642128425685138,0.9972879487206936,0.9970847334784688,0.9970847334784688,0.9970847334784688,0-2,0-2,0-2,0-2,0.001846859932169747,0.001846859932169747,0.001846859932169747,0.0,0.0
10.662132426485298,0.995807806168422,0.9955875479564498,0.9955875479564498,0.9955875479564498,0-2,0-2,0-2,0-2,0.0018460472167832439,0.0018460472167832439,0.0018460472167832439,0.0,0.0
10.682136427285458,0.9942053476740189,0.9939680925781651,0.9939680925781651,0.9939680925781651,0-2,0-2,0-2,0-2,0.001845425985880565,0.001845425985880565,0.001845425985880565,0.0,0.0
10.702140428085618,0.992480599146909,0.9922263941330427,0.9922263941330427,0.9922263941330427,0-2,0-2,0-2,0-2,0.001844996575429424,0.001844996575429424,0.001844996575429424,0.0,0.0
10.722144428885777,0.9906335931603508,0.990362486152175,0.990362486152175,0.990362486152175,0-2,0-2,0-2,0-2,0.001844759386762667,0.001844759386762667,0.001844759386762667,0.0,0.0
10.742148429685937,0.9886643695705521,0.9883764095351816,0.9883764095351816,0.9883764095351816,0-2,0-2,0-2,0-2,0.0018447148869685029,0.0018447148869685029,0.0018447148869685029,0.0,0.0
10.762152430486097,0.9865729761960336,0.9862682132377022,0.9862682132377022,0.9862682132377022,0-2,0-2,0-2,0-2,0.0018448636093246992,0.0018448636093246992,0.0018448636093246992,0.0,0.0
10.782156431286257,0.9843594695605485,0.9840379550228691,0.9840379550228691,0.9840379550228691,0-2,0-2,0-2,0-2,0.001845206153748132,0.001845206153748132,0.001845206153748132,0.0,0.0
10.802160432086417,0.9820239157031839,0.9816857022804216,0.9816857022804216,0.9816857022804216,0-2,0-2,0-2,0-2,0.0018457431872733207,0.0018457431872733207,0.0018457431872733207,0.0,0.0
10.822164432886577,0.9795663910596007,0.9792115329174734,0.9792115329174734,0.9792115329174734,0-2,0-2,0-2,0-2,0.001846475444546146,0.001846475444546146,0.001846475444546146,0.0,0.0
10.842168433686737,0.9769869834187418,0.976615536325298,0.976615536325298,0.976615536325298,0-2,0-2,0-2,0-2,0.0018474037283273688,0.0018474037283273688,0.0018474037283273688,0.0,0.0
10.862172434486897,0.9742857929597117,0.9738978144268966,0.9738978144268966,0.9738978144268966,0-2,0-2,0-2,0-2,0.0018485289099987867,0.0018485289099987867,0.0018485289099987867,0.0,0.0
10.882176435287057,0.9714629333739538,0.9710584828105195,0.9710584828105195,0.9710584828105195,0-2,0-2,0-2,0-2,0.0018498519300633215,0.0018498519300633215,0.0018498519300633215,0.0,0.0
10.902180436087217,0.9685185330782823,0.968097671954764,0.968097671954764,0.968097671954764,0-2,0-2,0-2,0-2,0.0018513737986287913,0.0018513737986287913,0.0018513737986287913,0.0,0.0
10.922184436887378,0.9654527365248117,0.9650155285513444,0.9650155285513444,0.9650155285513444,0-2,0-2,0-2,0-2,0.0018530955958661471,0.0018530955958661471,0.0018530955958661471,0.0,0.0
10.942188437687538,0.9622657056143239,0.961812216932148,0.961812216932148,0.961812216932148,0-2,0-2,0-2,0-2,0.0018550184724273938,0.0018550184724273938,0.0018550184724273938,0.0,0.0
10.962192438487698,0.9589576212201643,0.9584879206077335,0.9584879206077335,0.9584879206077335,0-2,0-2,0-2,0-2,0.001857143649812,0.001857143649812,0.001857143649812,0.0,0.0
10.982196439287858,0.9555286848303444,0.9550428439250259,0.9550428439250259,0.9550428439250259,0-2,0-2,0-2,0-2,0.0018594724206641218,0.0018594724206641218,0.0018594724206641218,0.0,0.0
11.002200440088018,0.9519791203161486,0.9514772138525914,0.9514772138525914,0.9514772138525914,0-2,0-2,0-2,0-2,0.0018620061489838964,0.0018620061489838964,0.0018620061489838964,0.0,0.0
11.022204440888178,0.9483091758362319,0.9477912819025558,0.9477912819025558,0.9477912819025558,0-2,0-2,0-2,0-2,0.001864746270232811,0.001864746270232811,0.001864746270232811,0.0,0.0
11.042208441688338,0.9445191258859073,0.943985326198969,0.943985326198969,0.943985326198969,0-2,0-2,0-2,0-2,0.001867694291310792,0.001867694291310792,0.001867694291310792,0.0,0.0
11.062212442488498,0.9406092735021071,0.9400596537031931,0.9400596537031931,0.9400596537031931,0-2,0-2,0-2,0-2,0.0018708517903798297,0.0018708517903798297,0.0018708517903798297,0.0,0.0
11.082216443288658,0.9365799526353397,0.9360146026077409,0.9360146026077409,0.9360146026077409,0-2,0-2,0-2,0-2,0.001874220416505601,0.001874220416505601,0.001874220416505601,0.0,0.0
11.102220444088818,0.932431530700852,0.9318505449108988,0.9318505449108988,0.9318505449108988,0-2,0-2,0-2,0-2,0.0018778018890852645,0.0018778018890852645,0.0018778018890852645,0.0,0.0
11.122224444888978,0.9281644113221826,0.9275678891854254,0.9275678891854254,0.9275678891854254,0-2,0-2,0-2,0-2,0.0018815979970257751,0.0018815979970257751,0.0018815979970257751,0.0,0.0
11.142228445689138,0.923779037281305,0.9231670835556754,0.9231670835556754,0.9231670835556754,0-2,0-2,0-2,0-2,0.0018856105976319793,0.0018856105976319793,0.0018856105976319793,0.0,0.0
11.162232446489298,0.9192758936906792,0.9186486188985868,0.9186486188985868,0.9186486188985868,0-2,0-2,0-2,0-2,0.0018898416151598206,0.0018898416151598206,0.0018898416151598206,0.0,0.0
11.182236447289458,0.9146555114036968,0.9140130322851802,0.9140130322851802,0.9140130322851802,0-2,0-2,0-2,0-2,0.0018942930389831043,0.0018942930389831043,0.0018942930389831043,0.0,0.0
11.202240448089618,0.9099184706812695,0.90926091068047,0.90926091068047,0.90926091068047,0-2,0-2,0-2,0-2,0.001898966921316652,0.001898966921316652,0.001898966921316652,0.0,0.0
11.222244448889779,0.9050654051336485,0.9043928949210455,0.9043928949210455,0.9043928949210455,0-2,0-2,0-2,0-2,0.001903865374433429,0.001903865374433429,0.001903865374433429,0.0,0.0
11.242248449689939,0.9000970059579925,0.8994096839910162,0.8994096839910162,0.8994096839910162,0-2,0-2,0-2,0-2,0.0019089905673007922,0.0019089905673007922,0.0019089905673007922,0.0,0.0
11.262252450490099,0.8950140264937085,0.8943120396185357,0.8943120396185357,0.8943120396185357,0-2,0-2,0-2,0-2,0.0019143447215579925,0.0019143447215579925,0.0019143447215579925,0.0,0.0
11.282256451290259,0.8898172871191964,0.8891007912167275,0.8891007912167275,0.8891007912167275,0-2,0-2,0-2,0-2,0.0019199301067434017,0.0019199301067434017,0.0019199301067434017,0.0,0.0
11.302260452090419,0.8845076805153096,0.8837768411945385,0.8837768411945385,0.8837768411945385,0-2,0-2,0-2,0-2,0.0019257490346707526,0.0019257490346707526,0.0019257490346707526,0.0,0.0
11.322264452890579,0.8790861773226187,0.8783411706648183,0.8783411706648183,0.8783411706648183,0-2,0-2,0-2,0-2,0.001931803852840931,0.001931803852840931,0.001931803852840931,0.0,0.0
11.342268453690739,0.8735538322214167,0.8727948455787872,0.8727948455787872,0.8727948455787872,0-2,0-2,0-2,0-2,0.001938096936763359,0.001938096936763359,0.001938096936763359,0.0,0.0
11.362272454490899,0.8679117904653236,0.8671390233179853,0.8671390233179853,0.8671390233179853,0-2,0-2,0-2,0-2,0.0019446306810459977,0.0019446306810459977,0.0019446306810459977,0.0,0.0
11.38227645529106,0.8621612949013414,0.8613749597767831,0.8613749597767831,0.8613749597767831,0-2,0-2,0-2,0-2,0.001951407489095146,0.001951407489095146,0.001951407489095146,0.0,0.0
11.40228045609122,0.8563036935112356,0.8555040169705741,0.8555040169705741,0.8555040169705741,0-2,0-2,0-2,0-2,0.0019584297612514788,0.0019584297612514788,0.0019584297612514788,0.0,0.0
11.42228445689138,0.8503404475111823,0.8495276712068184,0.8495276712068184,0.8495276712068184,0-2,0-2,0-2,0-2,0.001965699881163799,0.001965699881163799,0.001965699881163799,0.0,0.0
11.44228845769154,0.8442731400486777,0.843447521858172,0.843447521858172,0.843447521858172,0-2,0-2,0-2,0-2,0.0019732202001857537,0.0019732202001857537,0.0019732202001857537,0.0,0.0
11.4622924584917,0.8381034855377243,0.8372653007789337,0.8372653007789337,0.8372653007789337,0-2,0-2,0-2,0-2,0.0019809930195517863,0.0019809930195517863,0.0019809930195517863,0.0,0.0
11.48229645929186,0.8318333396752582,0.83098288240798,0.83098288240798,0.83098288240798,0-2,0-2,0-2,0-2,0.0019890205700658216,0.0019890205700658216,0.0019890205700658216,0.0,0.0
11.50230046009202,0.8254647101835763,0.8246022946031242,0.8246022946031242,0.8246022946031242,0-2,0-2,0-2,0-2,0.0019973049890048074,0.0019973049890048074,0.0019973049890048074,0.0,0.0
11.52230446089218,0.8189997683251307,0.8181257302534106,0.8181257302534106,0.8181257302534106,0-2,0-2,0-2,0-2,0.0020058482939110133,0.0020058482939110133,0.0020058482939110133,0.0,0.0
11.54230846169234,0.8124408612373494,0.8115555597170988,0.8115555597170988,0.8115555597170988,0-2,0-2,0-2,0-2,0.002014652352911906,0.002014652352911906,0.002014652352911906,0.0,0.0
11.5623124624925,0.8057905251360551,0.8048943441339365,0.8048943441339365,0.8048943441339365,0-2,0-2,0-2,0-2,0.0020237188511718286,0.0020237188511718286,0.0020237188511718286,0.0,0.0
11.58231646329266,0.7990514994364118,0.7981448496606018,0.7981448496606018,0.7981448496606018,0-2,0-2,0-2,0-2,0.002033049253041474,0.002033049253041474,0.002033049253041474,0.0,0.0
11.60232046409282,0.79222674184001,0.7913100626777679,0.7913100626777679,0.7913100626777679,0-2,0-2,0-2,0-2,0.0020426447594334954,0.0020426447594334954,0.0020426447594334954,0.0,0.0
11.62232446489298,0.7853194444354933,0.7843932060159009,0.7843932060159009,0.7843932060159009,0-2,0-2,0-2,0-2,0.0020525062599098328,0.0020525062599098328,0.0020525062599098328,0.0,0.0
11.642328465693138,0.7783330508578069,0.7773977562444186,0.7773977562444186,0.7773977562444186,0-2,0-2,0-2,0-2,0.002062634278928976,0.002062634278928976,0.002062634278928976,0.0,0.0
11.662332466493298,0.7712712745474336,0.7703274620649249,0.7703274620649249,0.7703274620649249,0-2,0-2,0-2,0-2,0.0020730289156485793,0.0020730289156485793,0.0020730289156485793,0.0,0.0
11.682336467293458,0.764138118145579,0.7631863638435642,0.7631863638435642,0.7631863638435642,0-2,0-2,0-2,0-2,0.002083689776671603,0.002083689776671603,0.002083689776671603,0.0,0.0
11.702340468093618,0.7569378940537288,0.7559788143097368,0.7559788143097368,0.7559788143097368,0-2,0-2,0-2,0-2,0.002094615901037802,0.002094615901037802,0.002094615901037802,0.0,0.0
11.722344468893779,0.749675246175981,0.7487095004379973,0.7487095004379973,0.7487095004379973,0-2,0-2,0-2,0-2,0.0021058056767817544,0.0021058056767817544,0.0021058056767817544,0.0,0.0
11.742348469693939,0.742355172849432,0.741383466516442,0.741383466516442,0.741383466516442,0-2,0-2,0-2,0-2,0.0021172567483291427,0.0021172567483291427,0.0021172567483291427,0.0,0.0
11.762352470494099,0.7349830509511771,0.7340061383876365,0.7340061383876365,0.7340061383876365,0-2,0-2,0-2,0-2,0.002128965914001308,0.002128965914001308,0.002128965914001308,0.0,0.0
11.782356471294259,0.7275646611494214,0.7265833488265004,0.7265833488265004,0.7265833488265004,0-2,0-2,0-2,0-2,0.002140929012906089,0.002140929012906089,0.002140929012906089,0.0,0.0
11.802360472094419,0.7201062142401019,0.7191213639927575,0.7191213639927575,0.7191213639927575,0-2,0-2,0-2,0-2,0.002153140800520971,0.002153140800520971,0.002153140800520971,0.0,0.0
11.822364472894579,0.7126143784784158,0.7116269108627696,0.7116269108627696,0.7116269108627696,0-2,0-2,0-2,0-2,0.0021655948123347475,0.0021655948123347475,0.0021655948123347475,0.0,0.0
11.842368473694739,0.7050963077758697,0.7041072055058754,0.7041072055058754,0.7041072055058754,0-2,0-2,0-2,0-2,0.00217828321500692,0.00217828321500692,0.00217828321500692,0.0,0.0
11.862372474494899,0.6975596705869281,0.6965699820227854,0.6965699820227854,0.6965699820227854,0-2,0-2,0-2,0-2,0.0021911966446477777,0.0021911966446477777,0.0021911966446477777,0.0,0.0
11.88237647529506,0.6900126792540769,0.6890235219071867,0.6890235219071867,0.6890235219071867,0-2,0-2,0-2,0-2,0.0022043240320211424,0.0022043240320211424,0.0022043240320211424,0.0,0.0
11.90238047609522,0.6824641195151543,0.681476683525478,0.681476683525478,0.681476683525478,0-2,0-2,0-2,0-2,0.002217652414739311,0.002217652414739311,0.002217652414739311,0.0,0.0
11.92238447689538,0.6749233798012243,0.673938931332643,0.673938931332643,0.673938931332643,0-2,0-2,0-2,0-2,0.0022311667368747,0.0022311667368747,0.0022311667368747,0.0,0.0
11.94238847769554,0.6674004798663459,0.6664203643539213,0.6664203643539213,0.6664203643539213,0-2,0-2,0-2,0-2,0.0022448496368626613,0.0022448496368626613,0.0022448496368626613,0.0,0.0
11.9623924784957,0.6599060981918069,0.658931743361721,0.658931743361721,0.658931743361721,0-2,0-2,0-2,0-2,0.002258681225138051,0.002258681225138051,0.002258681225138051,0.0,0.0
11.98239647929586,0.6524515974966857,0.6514845160651204,0.6514845160651204,0.6514845160651204,0-2,0-2,0-2,0-2,0.002272638853640533,0.002272638853640533,0.002272638853640533,0.0,0.0
12.00240048009602,0.6450490475644323,0.6440908395058693,0.6440908395058693,0.6440908395058693,0-2,0-2,0-2,0-2,0.0022866968801652167,0.0022866968801652167,0.0022866968801652167,0.0,0.0
12.02240448089618,0.637711244462837,0.6367635987214704,0.6367635987214704,0.6367635987214704,0-2,0-2,0-2,0-2,0.0023008264315264614,0.0023008264315264614,0.0023008264315264614,0.0,0.0
12.04240848169634,0.6304517250945602,0.6295164205951241,0.6295164205951241,0.6295164205951241,0-2,0-2,0-2,0-2,0.0023149951706501783,0.0023149951706501783,0.0023149951706501783,0.0,0.0
12.0624124824965,0.6232847758710393,0.6223636816679435,0.6223636816679435,0.6223636816679435,0-2,0-2,0-2,0-2,0.0023291670740168795,0.0023291670740168795,0.0023291670740168795,0.0,0.0
12.08241648329666,0.6162254341592941,0.6153205085463594,0.6153205085463594,0.6153205085463594,0-2,0-2,0-2,0-2,0.0023433022273137366,0.0023433022273137366,0.0023433022273137366,0.0,0.0
12.10242048409682,0.60928948101618,0.6084027694045434,0.6084027694045434,0.6084027694045434,0-2,0-2,0-2,0-2,0.0023573566486987563,0.0023573566486987563,0.0023573566486987563,0.0,0.0
12.12242448489698,0.6024934236073746,0.6016270549676457,0.6016270549676457,0.6016270549676457,0-2,0-2,0-2,0-2,0.0023712821506684124,0.0023712821506684124,0.0023712821506684124,0.0,0.0
12.14242848569714,0.5958544656205861,0.5950106472787428,0.5950106472787428,0.5950106472787428,0-2,0-2,0-2,0-2,0.0023850262530762567,0.0023850262530762567,0.0023850262530762567,0.0,0.0
12.1624324864973,0.5893904639383013,0.5885714745150241,0.5885714745150241,0.5885714745150241,0-2,0-2,0-2,0-2,0.002398532161258392,0.002398532161258392,0.002398532161258392,0.0,0.0
12.18243648729746,0.5831198698511154,0.5823280501434271,0.5823280501434271,0.5823280501434271,0-2,0-2,0-2,0-2,0.0024117388243424125,0.0024117388243424125,0.0024117388243424125,0.0,0.0
12.20244048809762,0.5770616531862028,0.5762993948106592,0.5762993948106592,0.5762993948106592,0-2,0-2,0-2,0-2,0.002424581089465105,0.002424581089465105,0.002424581089465105,0.0,0.0
12.22244448889778,0.5712352079153199,0.5705049395657996,0.5705049395657996,0.5705049395657996,0-2,0-2,0-2,0-2,0.0024369899676082315,0.0024369899676082315,0.0024369899676082315,0.0,0.0
12.24244848969794,0.5656602381105175,0.5649644093328304,0.5649644093328304,0.5649644093328304,0-2,0-2,0-2,0-2,0.0024488930258484165,0.0024488930258484165,0.0024488930258484165,0.0,0.0
12.2624524904981,0.560356623548329,0.5596976859997879,0.5596976859997879,0.5596976859997879,0-2,0-2,0-2,0-2,0.002460214918793058,0.002460214918793058,0.002460214918793058,0.0,0.0
12.28245649129826,0.5553442648340411,0.5547246510792961,0.5547246510792961,0.5547246510792961,0-2,0-2,0-2,0-2,0.0024708780686453218,0.0024708780686453218,0.0024708780686453218,0.0,0.0
12.30246049209842,0.550642908627987,0.5500650086220398,0.5500650086220398,0.5500650086220398,0-2,0-2,0-2,0-2,0.0024808034985664487,0.0024808034985664487,0.0024808034985664487,0.0,0.0
12.32246449289858,0.5462719543957205,0.5457380899186819,0.5457380899186819,0.5457380899186819,0-2,0-2,0-2,0-2,0.002489911817752605,0.002489911817752605,0.002489911817752605,0.0,0.0
12.34246849369874,0.5422502450495934,0.5417626424811861,0.5417626424811861,0.5417626424811861,0-2,0-2,0-2,0-2,0.0024981243490069223,0.0024981243490069223,0.0024981243490069223,0.0,0.0
12.3624724944989,0.5385958448612435,0.5381566068099531,0.5381566068099531,0.5381566068099531,0-2,0-2,0-2,0-2,0.002505364380840222,0.002505364380840222,0.002505364380840222,0.0,0.0
12.382476495299061,0.5353258090472,0.5349368854712151,0.5349368854712151,0.5349368854712151,0-2,0-2,0-2,0-2,0.00251155851673478,0.00251155851673478,0.00251155851673478,0.0,0.0
12.402480496099221,0.5324559503932388,0.5321191099582043,0.5321191099582043,0.5321191099582043,0-2,0-2,0-2,0-2,0.0025166380848068567,0.0025166380848068567,0.0025166380848068567,0.0,0.0
12.422484496899381,0.5300006091068363,0.5297174116085743,0.5297174116085743,0.5297174116085743,0-2,0-2,0-2,0-2,0.0025205405625185525,0.0025205405625185525,0.0025205405625185525,0.0,0.0
12.442488497699541,0.5279724326868552,0.5277442034153947,0.5277442034153947,0.5277442034153947,0-2,0-2,0-2,0-2,0.0025232109642227963,0.0025232109642227963,0.0025232109642227963,0.0,0.0
12.462492498499701,0.526382172896255,0.5262099798220322,0.5262099798220322,0.5262099798220322,0-2,0-2,0-2,0-2,0.00252460313508194,0.00252460313508194,0.00252460313508194,0.0,0.0
12.482496499299861,0.5252385068530132,0.5251231414710038,0.5251231414710038,0.5251231414710038,0-2,0-2,0-2,0-2,0.00252468089405262,0.00252468089405262,0.00252468089405262,0.0,0.0
12.502500500100021,0.5245478887776139,0.5244898513483253,0.5244898513483253,0.5244898513483253,0-2,0-2,0-2,0-2,0.002523418971710482,0.002523418971710482,0.002523418971710482,0.0,0.0
12.522504500900181,0.5243144380468704,0.5243139278271257,0.5243139278271257,0.5243139278271257,0-2,0-2,0-2,0-2,0.002520803695852198,0.002520803695852198,0.002520803695852198,0.0,0.0
12.542508501700341,0.5245398679362006,0.5245967788049192,0.5245967788049192,0.5245967788049192,0-2,0-2,0-2,0-2,0.002516833388791738,0.002516833388791738,0.002516833388791738,0.0,0.0
12.562512502500502,0.5252234578568867,0.5253373795234647,0.5253373795234647,0.5253373795234647,0-2,0-2,0-2,0-2,0.002511518454347688,0.002511518454347688,0.002511518454347688,0.0,0.0
12.58251650330066,0.5263620701154524,0.5265322948661361,0.5265322948661361,0.5265322948661361,0-2,0-2,0-2,0-2,0.0025048811485963917,0.0025048811485963917,0.0025048811485963917,0.0,0.0
12.60252050410082,0.5279502103661953,0.5281757450739631,0.5281757450739631,0.5281757450739631,0-2,0-2,0-2,0-2,0.0024969550451719963,0.0024969550451719963,0.0024969550451719963,0.0,0.0
12.62252450490098,0.529980129131293,0.5302597120440674,0.5302597120440674,0.5302597120440674,0-2,0-2,0-2,0-2,0.0024877842218316956,0.0024877842218316956,0.0024877842218316956,0.0,0.0
12.64252850570114,0.5324419601558219,0.5327740818011153,0.5327740818011153,0.5327740818011153,0-2,0-2,0-2,0-2,0.002477422208673634,0.002477422208673634,0.002477422208673634,0.0,0.0
12.6625325065013,0.5353238900570958,0.5357068174696635,0.5357068174696635,0.5357068174696635,0-2,0-2,0-2,0-2,0.0024659307489237306,0.0024659307489237306,0.0024659307489237306,0.0,0.0
12.68253650730146,0.5386123527969746,0.5390441561962854,0.5390441561962854,0.5390441561962854,0-2,0-2,0-2,0-2,0.002453378429664553,0.002453378429664553,0.002453378429664553,0.0,0.0
12.70254050810162,0.5422922419921239,0.5427708230100422,0.5427708230100422,0.5427708230100422,0-2,0-2,0-2,0-2,0.002439839242159081,0.002439839242159081,0.002439839242159081,0.0,0.0
12.72254450890178,0.5463471339813041,0.5468702545642007,0.5468702545642007,0.5468702545642007,0-2,0-2,0-2,0-2,0.0024253911296328655,0.0024253911296328655,0.0024253911296328655,0.0,0.0
12.74254850970194,0.5507595148557877,0.5513248260323242,0.5513248260323242,0.5513248260323242,0-2,0-2,0-2,0-2,0.002410114575087647,0.002410114575087647,0.002410114575087647,0.0,0.0
12.7625525105021,0.5555110052661165,0.5561160750724664,0.5561160750724664,0.5561160750724664,0-2,0-2,0-2,0-2,0.0023940912737325185,0.0023940912737325185,0.0023940912737325185,0.0,0.0
12.78255651130226,0.5605825776645277,0.5612249176416543,0.5612249176416543,0.5612249176416543,0-2,0-2,0-2,0-2,0.0023774029248819473,0.0023774029248819473,0.0023774029248819473,0.0,0.0
12.80256051210242,0.5659547616385221,0.5666318514500476,0.5666318514500476,0.5666318514500476,0-2,0-2,0-2,0-2,0.002360130167654915,0.002360130167654915,0.002360130167654915,0.0,0.0
12.82256451290258,0.5716078340497572,0.5723171439035466,0.5723171439035466,0.5723171439035466,0-2,0-2,0-2,0-2,0.002342351674402364,0.002342351674402364,0.002342351674402364,0.0,0.0
12.84256851370274,0.5775219917356115,0.5782610024187704,0.5782610024187704,0.5782610024187704,0-2,0-2,0-2,0-2,0.0023241434062383787,0.0023241434062383787,0.0023241434062383787,0.0,0.0
12.8625725145029,0.5836775054949268,0.5844437259439809,0.5844437259439809,0.5844437259439809,0-2,0-2,0-2,0-2,0.0023055780269029364,0.0023055780269029364,0.0023055780269029364,0.0,0.0
12.882576515303061,0.590054854918927,0.5908458373403276,0.5908458373403276,0.5908458373403276,0-2,0-2,0-2,0-2,0.0022867244647920212,0.0022867244647920212,0.0022867244647920212,0.0,0.0
12.902580516103221,0.5966348443159105,0.5974481969448416,0.5974481969448416,0.5974481969448416,0-2,0-2,0-2,0-2,0.0022676476084930925,0.0022676476084930925,0.0022676476084930925,0.0,0.0
12.922584516903381,0.60339870050427,0.604232098142117,0.604232098142117,0.604232098142117,0-2,0-2,0-2,0-2,0.002248408118522899,0.002248408118522899,0.002248408118522899,0.0,0.0
12.942588517703541,0.6103281536177084,0.6111793461222161,0.6111793461222161,0.6111793461222161,0-2,0-2,0-2,0-2,0.0022290623369878946,0.0022290623369878946,0.0022290623369878946,0.0,0.0
12.962592518503701,0.6174055022955193,0.6182723212153914,0.6182723212153914,0.6182723212153914,0-2,0-2,0-2,0-2,0.002209662277269579,0.002209662277269579,0.002209662277269579,0.0,0.0
12.982596519303861,0.6246136647430043,0.6254940282938526,0.6254940282938526,0.6254940282938526,0-2,0-2,0-2,0-2,0.002190255677218622,0.002190255677218622,0.002190255677218622,0.0,0.0
13.002600520104021,0.6319362171693073,0.6328281337438997,0.6328281337438997,0.6328281337438997,0-2,0-2,0-2,0-2,0.0021708861013396293,0.0021708861013396293,0.0021708861013396293,0.0,0.0
13.022604520904181,0.6393574210686678,0.6402589914645397,0.6402589914645397,0.6402589914645397,0-2,0-2,0-2,0-2,0.0021515930797217013,0.0021515930797217013,0.0021515930797217013,0.0,0.0
13.042608521704341,0.6439824672414262,0.6439670424721283,0.6439670424721283,0.6439670424721283,1-2,1-2,1-2,1-2,0.00213241227373252,0.00213241227373252,0.00213241227373252,0.0,0.0
13.062612522504502,0.6433549948267406,0.6434228829466923,0.6434228829466923,0.6434228829466923,1-2,1-2,1-2,1-2,0.0021133756605508326,0.0021133756605508326,0.0021133756605508326,0.0,0.0
13.082616523304662,0.6433746615967124,0.6435189595367895,0.6435189595367895,0.6435189595367895,1-2,1-2,1-2,1-2,0.0020945117303473246,0.0020945117303473246,0.0020945117303473246,0.0,0.0
13.102620524104822,0.6439866788032883,0.6442005614330335,0.6442005614330335,0.6442005614330335,1-2,1-2,1-2,1-2,0.002075845691303995,0.002075845691303995,0.002075845691303995,0.0,0.0
13.122624524904982,0.645136942277868,0.6454137308061357,0.6454137308061357,0.6454137308061357,1-2,1-2,1-2,1-2,0.002057399678704556,0.002057399678704556,0.002057399678704556,0.0,0.0
13.142628525705142,0.6467725552484151,0.6471057743324025,0.6471057743324025,0.6471057743324025,1-2,1-2,1-2,1-2,0.0020391929650883933,0.0020391929650883933,0.0020391929650883933,0.0,0.0
13.162632526505302,0.6488422622448708,0.6492256859185715,0.6492256859185715,0.6492256859185715,1-2,1-2,1-2,1-2,0.002021242169010328,0.002021242169010328,0.002021242169010328,0.0,0.0
13.182636527305462,0.6512967958611363,0.65172448280976,0.65172448280976,0.65172448280976,1-2,1-2,1-2,1-2,0.002003561460351241,0.002003561460351241,0.002003561460351241,0.0,0.0
13.202640528105622,0.654089141169782,0.6545554601824156,0.6545554601824156,0.6545554601824156,1-2,1-2,1-2,1-2,0.0019861627604416694,0.0019861627604416694,0.0019861627604416694,0.0,0.0
13.222644528905782,0.6571747247549455,0.6576743713879384,0.6576743713879384,0.6576743713879384,1-2,1-2,1-2,1-2,0.0019690559355307197,0.0019690559355307197,0.0019690559355307197,0.0,0.0
13.242648529705942,0.6605115366937245,0.6610395422838855,0.6610395422838855,0.6610395422838855,1-2,1-2,1-2,1-2,0.001952248982380475,0.001952248982380475,0.001952248982380475,0.0,0.0
13.262652530506102,0.6640601944826741,0.6646119286786527,0.6646119286786527,0.6646119286786527,1-2,1-2,1-2,1-2,0.0019357482050084006,0.0019357482050084006,0.0019357482050084006,0.0,0.0
13.282656531306262,0.6677839580061712,0.6683551259561236,0.6683551259561236,0.6683551259561236,1-2,1-2,1-2,1-2,0.0019195583818348526,0.0019195583818348526,0.0019195583818348526,0.0,0.0
13.302660532106422,0.6716487043160221,0.6722353395770226,0.6722353395770226,0.6722353395770226,1-2,1-2,1-2,1-2,0.0019036829227192637,0.0019036829227192637,0.0019036829227192637,0.0,0.0
13.322664532906582,0.6756228703670742,0.6762213245019522,0.6762213245019522,0.6762213245019522,1-2,1-2,1-2,1-2,0.001888124015585099,0.001888124015585099,0.001888124015585099,0.0,0.0
13.342668533706743,0.6796773710450097,0.6802843007580152,0.6802843007580152,0.6802843007580152,1-2,1-2,1-2,1-2,0.0018728827625271414,0.0018728827625271414,0.0018728827625271414,0.0,0.0
13.362672534506903,0.6837854989221488,0.6843978514658876,0.6843978514658876,0.6843978514658876,1-2,1-2,1-2,1-2,0.0018579593054691972,0.0018579593054691972,0.0018579593054691972,0.0,0.0
13.382676535307063,0.6879228112554734,0.6885378087250431,0.6885378087250431,0.6885378087250431,1-2,1-2,1-2,1-2,0.0018433529415860894,0.0018433529415860894,0.0018433529415860894,0.0,0.0
13.402680536107223,0.6920670088486671,0.6926821318697122,0.6926821318697122,0.6926821318697122,1-2,1-2,1-2,1-2,0.0018290622288237306,0.0018290622288237306,0.0018290622288237306,0.0,0.0
13.422684536907383,0.696197810570084,0.6968107817884848,0.6968107817884848,0.6968107817884848,1-2,1-2,1-2,1-2,0.0018150850819455447,0.0018150850819455447,0.0018150850819455447,0.0,0.0
13.442688537707543,0.7002968265707312,0.70090559426428,0.70090559426428,0.70090559426428,1-2,1-2,1-2,1-2,0.001801418859599584,0.001801418859599584,0.001801418859599584,0.0,0.0
13.462692538507703,0.7043474325895344,0.7049501546466517,0.7049501546466517,0.7049501546466517,1-2,1-2,1-2,1-2,0.001788060442949316,0.001788060442949316,0.001788060442949316,0.0,0.0
13.482696539307863,0.7083346471687925,0.7089296756156734,0.7089296756156734,0.7089296756156734,1-2,1-2,1-2,1-2,0.0017750063064361416,0.0017750063064361416,0.0017750063064361416,0.0,0.0
13.502700540108021,0.7122450131270653,0.7128308793318676,0.7128308793318676,0.7128308793318676,1-2,1-2,1-2,1-2,0.001762252581254518,0.001762252581254518,0.001762252581254518,0.0,0.0
13.522704540908181,0.7160664842429252,0.716641884882549,0.716641884882549,0.716641884882549,1-2,1-2,1-2,1-2,0.0017497951121066772,0.0017497951121066772,0.0017497951121066772,0.0,0.0
13.542708541708341,0.7197883177824033,0.7203521016229472,0.7203521016229472,0.7203521016229472,1-2,1-2,1-2,1-2,0.001737629507823265,0.001737629507823265,0.001737629507823265,0.0,0.0
13.562712542508502,0.7234009732463953,0.7239521287612292,0.7239521287612292,0.7239521287612292,1-2,1-2,1-2,1-2,0.0017257511863616227,0.0017257511863616227,0.0017257511863616227,0.0,0.0
13.582716543308662,0.7268960175125209,0.7274336613409911,0.7274336613409911,0.7274336613409911,1-2,1-2,1-2,1-2,0.00171415541472197,0.00171415541472197,0.00171415541472197,0.0,0.0
13.602720544108822,0.7302660363903443,0.7307894026243497,0.7307894026243497,0.7307894026243497,1-2,1-2,1-2,1-2,0.0017028373442572549,0.0017028373442572549,0.0017028373442572549,0.0,0.0
13.622724544908982,0.733504552491577,0.7340129827656993,0.7340129827656993,0.7340129827656993,1-2,1-2,1-2,1-2,0.001691792041833374,0.001691792041833374,0.001691792041833374,0.0,0.0
13.642728545709142,0.7366059492309204,0.7370988835836304,0.7370988835836304,0.7370988835836304,1-2,1-2,1-2,1-2,0.0016810145172602901,0.0016810145172602901,0.0016810145172602901,0.0,0.0
13.662732546509302,0.7395654007125289,0.7400423691805521,0.7400423691805521,0.7400423691805521,1-2,1-2,1-2,1-2,0.001670499747382246,0.001670499747382246,0.001670499747382246,0.0,0.0
13.682736547309462,0.7423788072165345,0.7428394221211518,0.7428394221211518,0.7428394221211518,1-2,1-2,1-2,1-2,0.0016602426971826065,0.0016602426971826065,0.0016602426971826065,0.0,0.0
13.702740548109622,0.7450427359753605,0.7454866848577468,0.7454866848577468,0.7454866848577468,1-2,1-2,1-2,1-2,0.001650238338226631,0.001650238338226631,0.001650238338226631,0.0,0.0
13.722744548909782,0.7475543669170873,0.7479814060793836,0.7479814060793836,0.7479814060793836,1-2,1-2,1-2,1-2,0.0016404816647377814,0.0016404816647377814,0.0016404816647377814,0.0,0.0
13.742748549709942,0.7499114430499793,0.7503213916593107,0.7503213916593107,0.7503213916593107,1-2,1-2,1-2,1-2,0.0016309677075733392,0.0016309677075733392,0.0016309677075733392,0.0,0.0
13.762752550510102,0.7521122251660878,0.752504959879939,0.752504959879939,0.752504959879939,1-2,1-2,1-2,1-2,0.001621691546339706,0.001621691546339706,0.001621691546339706,0.0,0.0
13.782756551310262,0.7541554505507061,0.7545309006237246,0.7545309006237246,0.7545309006237246,1-2,1-2,1-2,1-2,0.001612648319864126,0.001612648319864126,0.001612648319864126,0.0,0.0
13.802760552110422,0.7560402953968364,0.7563984382311298,0.7563984382311298,0.7563984382311298,1-2,1-2,1-2,1-2,0.0016038332352162623,0.0016038332352162623,0.0016038332352162623,0.0,0.0
13.822764552910582,0.7577663406386147,0.7581071977417642,0.7581071977417642,0.7581071977417642,1-2,1-2,1-2,1-2,0.0015952415754537487,0.0015952415754537487,0.0015952415754537487,0.0,0.0
13.842768553710743,0.7593335409338329,0.7596571742511299,0.7596571742511299,0.7596571742511299,1-2,1-2,1-2,1-2,0.0015868687062467579,0.0015868687062467579,0.0015868687062467579,0.0,0.0
13.862772554510903,0.7607421965426725,0.7610487051323684,0.7610487051323684,0.7610487051323684,1-2,1-2,1-2,1-2,0.0015787100815200887,0.0015787100815200887,0.0015787100815200887,0.0,0.0
13.882776555311063,0.7619929278669438,0.76228244488958,0.76228244488958,0.76228244488958,1-2,1-2,1-2,1-2,0.0015707612482362334,0.0015707612482362334,0.0015707612482362334,0.0,0.0
13.902780556111223,0.7630866524311309,0.7633593424262146,0.7633593424262146,0.7633593424262146,1-2,1-2,1-2,1-2,0.0015630178504279133,0.0015630178504279133,0.0015630178504279133,0.0,0.0
13.922784556911383,0.7640245641031115,0.7642806205285242,0.7642806205285242,0.7642806205285242,1-2,1-2,1-2,1-2,0.0015554756325786626,0.0015554756325786626,0.0015554756325786626,0.0,0.0
13.942788557711543,0.7648081143683214,0.7650477573798541,0.7650477573798541,0.7650477573798541,1-2,1-2,1-2,1-2,0.0015481304424363076,0.0015481304424363076,0.0015481304424363076,0.0,0.0
13.962792558511703,0.7654389954862749,0.7656624699365734,0.7656624699365734,0.7656624699365734,1-2,1-2,1-2,1-2,0.0015409782333365525,0.0015409782333365525,0.0015409782333365525,0.0,0.0
13.982796559311863,0.7659191253726121,0.7661266990105897,0.7661266990105897,0.7661266990105897,1-2,1-2,1-2,1-2,0.0015340150661026402,0.0015340150661026402,0.0015340150661026402,0.0,0.0
14.002800560112023,0.7662506340632179,0.7664425959166371,0.7664425959166371,0.7664425959166371,1-2,1-2,1-2,1-2,0.001527237110581571,0.001527237110581571,0.001527237110581571,0.0,0.0
14.022804560912183,0.7664358516294085,0.7666125105548527,0.7666125105548527,0.7666125105548527,1-2,1-2,1-2,1-2,0.0015206406468685272,0.0015206406468685272,0.0015206406468685272,0.0,0.0
14.042808561712343,0.7664772974247067,0.7666389808105767,0.7666389808105767,0.7666389808105767,1-2,1-2,1-2,1-2,0.0015142220662654213,0.0015142220662654213,0.0015142220662654213,0.0,0.0
14.062812562512503,0.7663776705544004,0.7665247231638493,0.7665247231638493,0.7665247231638493,1-2,1-2,1-2,1-2,0.0015079778720140289,0.0015079778720140289,0.0015079778720140289,0.0,0.0
14.082816563312663,0.7661398414688427,0.7662726244107521,0.7662726244107521,0.7662726244107521,1-2,1-2,1-2,1-2,0.0015019046798390124,0.0015019046798390124,0.0015019046798390124,0.0,0.0
14.102820564112823,0.7657668445904454,0.7658857344076172,0.7658857344076172,0.7658857344076172,1-2,1-2,1-2,1-2,0.001495999218331458,0.001495999218331458,0.001495999218331458,0.0,0.0
14.122824564912984,0.7652618718924928,0.7653672597572144,0.7653672597572144,0.7653672597572144,1-2,1-2,1-2,1-2,0.0014902583292003208,0.0014902583292003208,0.0014902583292003208,0.0,0.0
14.142828565713144,0.7646282673553609,0.7647205583633919,0.7647205583633919,0.7647205583633919,1-2,1-2,1-2,1-2,0.0014846789674147123,0.0014846789674147123,0.0014846789674147123,0.0,0.0
14.162832566513304,0.7638695222324849,0.7639491347873109,0.7639491347873109,0.7639491347873109,1-2,1-2,1-2,1-2,0.0014792582012576809,0.0014792582012576809,0.0014792582012576809,0.0,0.0
14.182836567313464,0.7629892710645204,0.7630566363444513,0.7630566363444513,0.7630566363444513,1-2,1-2,1-2,1-2,0.0014739932123095714,0.0014739932123095714,0.0014739932123095714,0.0,0.0
14.202840568113624,0.7619912883856272,0.7620468498869631,0.7620468498869631,0.7620468498869631,1-2,1-2,1-2,1-2,0.0014688812953753444,0.0014688812953753444,0.0014688812953753444,0.0,0.0
14.222844568913784,0.7608794860707211,0.7609236992207916,0.7609236992207916,0.7609236992207916,1-2,1-2,1-2,1-2,0.0014639198583697782,0.0014639198583697782,0.0014639198583697782,0.0,0.0
14.242848569713944,0.7596579112768953,0.7596912431112935,0.7596912431112935,0.7596912431112935,1-2,1-2,1-2,1-2,0.0014591064221717094,0.0014591064221717094,0.0014591064221717094,0.0,0.0
14.262852570514104,0.7583307449360659,0.7583536738348534,0.7583536738348534,0.7583536738348534,1-2,1-2,1-2,1-2,0.0014544386204568608,0.0014544386204568608,0.0014544386204568608,0.0,0.0
14.282856571314264,0.7569023007592501,0.7569153162373109,0.7569153162373109,0.7569153162373109,1-2,1-2,1-2,1-2,0.0014499141995175703,0.0014499141995175703,0.0014499141995175703,0.0,0.0
14.302860572114424,0.7553770247157873,0.7553806272628507,0.7553806272628507,0.7553806272628507,1-2,1-2,1-2,1-2,0.0014455310180769938,0.0014455310180769938,0.0014455310180769938,0.0,0.0
14.322864572914584,0.7537594949532554,0.7537541959194054,0.7537541959194054,0.7537541959194054,1-2,1-2,1-2,1-2,0.001441287047103301,0.001441287047103301,0.001441287047103301,0.0,0.0
14.342868573714744,0.752054422125866,0.7520407436486003,0.7520407436486003,0.7520407436486003,1-2,1-2,1-2,1-2,0.0014371803696293368,0.0014371803696293368,0.0014371803696293368,0.0,0.0
14.362872574514904,0.7502666501007262,0.7502451250698317,0.7502451250698317,0.7502451250698317,1-2,1-2,1-2,1-2,0.00143320918058182,0.00143320918058182,0.00143320918058182,0.0,0.0
14.382876575315064,0.7484011570125725,0.7483723290692402,0.7483723290692402,0.7483723290692402,1-2,1-2,1-2,1-2,0.001429371786624261,0.001429371786624261,0.001429371786624261,0.0,0.0
14.402880576115225,0.7464630566383954,0.7464274802051182,0.7464274802051182,0.7464274802051182,1-2,1-2,1-2,1-2,0.0014256666060166979,0.0014256666060166979,0.0014256666060166979,0.0,0.0
14.422884576915385,0.7444576000638231,0.7444158404016895,0.7444158404016895,0.7444158404016895,1-2,1-2,1-2,1-2,0.0014220921684950068,0.0014220921684950068,0.0014220921684950068,0.0,0.0
14.442888577715543,0.7423901776131829,0.7423428109032312,0.7423428109032312,0.7423428109032312,1-2,1-2,1-2,1-2,0.0014186471151731034,0.0014186471151731034,0.0014186471151731034,0.0,0.0
14.462892578515703,0.7402663210148648,0.7402139344601477,0.7402139344601477,0.7402139344601477,1-2,1-2,1-2,1-2,0.0014153301984637697,0.0014153301984637697,0.0014153301984637697,0.0,0.0
14.482896579315863,0.7380917057729324,0.7380348977179233,0.7380348977179233,0.7380348977179233,1-2,1-2,1-2,1-2,0.0014121402820381614,0.0014121402820381614,0.0014121402820381614,0.0,0.0
14.502900580116023,0.7358721537149024,0.7358115337787949,0.7358115337787949,0.7358115337787949,1-2,1-2,1-2,1-2,0.0014090763408005148,0.0014090763408005148,0.0014090763408005148,0.0,0.0
14.522904580916183,0.7336136356842249,0.7335498249045848,0.7335498249045848,0.7335498249045848,1-2,1-2,1-2,1-2,0.0014061374608998899,0.0014061374608998899,0.0014061374608998899,0.0,0.0
14.542908581716343,0.7313222743442779,0.7312559053273715,0.7312559053273715,0.7312559053273715,1-2,1-2,1-2,1-2,0.0014033228397717689,0.0014033228397717689,0.0014033228397717689,0.0,0.0
14.562912582516503,0.7290043470586255,0.7289360641325884,0.7289360641325884,0.7289360641325884,1-2,1-2,1-2,1-2,0.0014006317862142617,0.0014006317862142617,0.0014006317862142617,0.0,0.0
14.582916583316663,0.7266662888099095,0.7265967481767359,0.7265967481767359,0.7265967481767359,1-2,1-2,1-2,1-2,0.0013980637204991982,0.0013980637204991982,0.0013980637204991982,0.0,0.0
14.602920584116823,0.7243146951170689,0.724244564999191,0.724244564999191,0.724244564999191,1-2,1-2,1-2,1-2,0.0013956181745213487,0.0013956181745213487,0.0013956181745213487,0.0,0.0
14.622924584916984,0.7219563249076271,0.7218862856846242,0.7218862856846242,0.7218862856846242,1-2,1-2,1-2,1-2,0.0013932947919875565,0.0013932947919875565,0.0013932947919875565,0.0,0.0
14.642928585717144,0.7195981032985923,0.7195288476293276,0.7195288476293276,0.7195288476293276,1-2,1-2,1-2,1-2,0.0013910933286470954,0.0013910933286470954,0.0013910933286470954,0.0,0.0
14.662932586517304,0.7172471242361159,0.7171793571613405,0.7171793571613405,0.7171793571613405,1-2,1-2,1-2,1-2,0.0013890136525675533,0.0013890136525675533,0.0013890136525675533,0.0,0.0
14.682936587317464,0.7149106529405096,0.7148450919607171,0.7148450919607171,0.7148450919607171,1-2,1-2,1-2,1-2,0.0013870557444564243,0.0013870557444564243,0.0013870557444564243,0.0,0.0
14.702940588117624,0.7125961280995774,0.712533503222631,0.712533503222631,0.712533503222631,1-2,1-2,1-2,1-2,0.0013852196980326608,0.0013852196980326608,0.0013852196980326608,0.0,0.0
14.722944588917784,0.7103111637495622,0.7102522175023743,0.7102522175023743,0.7102522175023743,1-2,1-2,1-2,1-2,0.001383505720449899,0.001383505720449899,0.001383505720449899,0.0,0.0
14.742948589717944,0.7080635507794191,0.7080090381777309,0.7080090381777309,0.7080090381777309,1-2,1-2,1-2,1-2,0.0013819141327741358,0.0013819141327741358,0.0013819141327741358,0.0,0.0
14.762952590518104,0.7058612579907121,0.7058119464608252,0.7058119464608252,0.7058119464608252,1-2,1-2,1-2,1-2,0.0013804453705185697,0.0013804453705185697,0.0013804453705185697,0.0,0.0
14.782956591318264,0.703712432642293,0.7036691018884481,0.7036691018884481,0.7036691018884481,1-2,1-2,1-2,1-2,0.001379099984237307,0.001379099984237307,0.001379099984237307,0.0,0.0
14.802960592118424,0.7016254004062131,0.7015888422172066,0.7015888422172066,0.7015888422172066,1-2,1-2,1-2,1-2,0.0013778786401811916,0.0013778786401811916,0.0013778786401811916,0.0,0.0
14.822964592918584,0.6996086646591649,0.699579682647756,0.699579682647756,0.699579682647756,1-2,1-2,1-2,1-2,0.0013767821210163105,0.0013767821210163105,0.0013767821210163105,0.0,0.0
14.842968593718744,0.6976709050323148,0.6976503143010255,0.6976503143010255,0.6976503143010255,1-2,1-2,1-2,1-2,0.001375811326607552,0.001375811326607552,0.001375811326607552,0.0,0.0
14.862972594518904,0.6958209751418553,0.6958096018689017,0.6958096018689017,0.6958096018689017,1-2,1-2,1-2,1-2,0.001374967274867386,0.001374967274867386,0.001374967274867386,0.0,0.0
14.882976595319064,0.6940678994231338,0.694066580362483,0.694066580362483,0.694066580362483,1-2,1-2,1-2,1-2,0.0013742511026699708,0.0013742511026699708,0.0013742511026699708,0.0,0.0
14.902980596119225,0.6924208689930044,0.6924304508829244,0.6924304508829244,0.6924304508829244,1-2,1-2,1-2,1-2,0.0013736640668293096,0.0013736640668293096,0.0013736640668293096,0.0,0.0
14.922984596919385,0.6908892364682708,0.6909105753432679,0.6909105753432679,0.6909105753432679,1-2,1-2,1-2,1-2,0.0013732075451402868,0.0013732075451402868,0.0013732075451402868,0.0,0.0
14.942988597719545,0.6894825096729452,0.689516470074642,0.689516470074642,0.689516470074642,1-2,1-2,1-2,1-2,0.0013728830374778414,0.0013728830374778414,0.0013728830374778414,0.0,0.0
14.962992598519705,0.6882103441736551,0.688257798257005,0.688257798257005,0.688257798257005,1-2,1-2,1-2,1-2,0.001372692166950323,0.001372692166950323,0.001372692166950323,0.0,0.0
14.982996599319865,0.6870825345910896,0.6871443611233184,0.6871443611233184,0.6871443611233184,1-2,1-2,1-2,1-2,0.0013726366810997645,0.0013726366810997645,0.0013726366810997645,0.0,0.0
15.003000600120025,0.686109004645936,0.686186087896781,0.686186087896781,0.686186087896781,1-2,1-2,1-2,1-2,0.001372718453140358,0.001372718453140358,0.001372718453140358,0.0,0.0
15.023004600920185,0.6852997959104251,0.6853930244335811,0.6853930244335811,0.6853930244335811,1-2,1-2,1-2,1-2,0.0013729394832243955,0.0013729394832243955,0.0013729394832243955,0.0,0.0
15.043008601720345,0.6846650552513522,0.6847753205585484,0.6847753205585484,0.6847753205585484,1-2,1-2,1-2,1-2,0.001373301899721562,0.001373301899721562,0.001373301899721562,0.0,0.0
15.063012602520505,0.6842150209672476,0.6843432160980317,0.6843432160980317,0.6843432160980317,1-2,1-2,1-2,1-2,0.0013738079604964002,0.0013738079604964002,0.0013738079604964002,0.0,0.0
15.083016603320665,0.683960007641059,0.6841070256331516,0.6841070256331516,0.6841070256331516,1-2,1-2,1-2,1-2,0.0013744600541642843,0.0013744600541642843,0.0013744600541642843,0.0,0.0
15.103020604120825,0.6839103897501042,0.6840771220170678,0.6840771220170678,0.6840771220170678,1-2,1-2,1-2,1-2,0.0013752607013035132,0.0013752607013035132,0.0013752607013035132,0.0,0.0
15.123024604920985,0.6840765840968078,0.6842639187217189,0.6842639187217189,0.6842639187217189,1-2,1-2,1-2,1-2,0.0013762125555991202,0.0013762125555991202,0.0013762125555991202,0.0,0.0
15.143028605721145,0.6844690311464596,0.6846778511022344,0.6846778511022344,0.6846778511022344,1-2,1-2,1-2,1-2,0.0013773184048886998,0.0013773184048886998,0.0013773184048886998,0.0,0.0
15.163032606521305,0.6850981753814331,0.685329356690376,0.685329356690376,0.685329356690376,1-2,1-2,1-2,1-2,0.0013785811720774532,0.0013785811720774532,0.0013785811720774532,0.0,0.0
15.183036607321466,0.6859744448043609,0.6862288546513395,0.6862288546513395,0.6862288546513395,1-2,1-2,1-2,1-2,0.0013800039158866888,0.0013800039158866888,0.0013800039158866888,0.0,0.0
15.203040608121626,0.6871082297450503,0.6873867245603674,0.6873867245603674,0.6873867245603674,1-2,1-2,1-2,1-2,0.0013815898313948654,0.0013815898313948654,0.0013815898313948654,0.0,0.0
15.223044608921786,0.6885098611466515,0.6888132846761352,0.6888132846761352,0.6888132846761352,1-2,1-2,1-2,1-2,0.001383342250325319,0.001383342250325319,0.001383342250325319,0.0,0.0
15.243048609721946,0.6901895885250523,0.6905187699060367,0.6905187699060367,0.6905187699060367,1-2,1-2,1-2,1-2,0.001385264641032687,0.001385264641032687,0.001385264641032687,0.0,0.0
15.263052610522106,0.6921575578108056,0.6925133096734828,0.6925133096734828,0.6925133096734828,1-2,1-2,1-2,1-2,0.0013873606081304221,0.0013873606081304221,0.0013873606081304221,0.0,0.0
15.283056611322266,0.6944237892943884,0.6948069059083876,0.6948069059083876,0.6948069059083876,1-2,1-2,1-2,1-2,0.0013896338917002667,0.0013896338917002667,0.0013896338917002667,0.0,0.0
15.303060612122426,0.6969981559024615,0.697409411388439,0.697409411388439,0.697409411388439,1-2,1-2,1-2,1-2,0.0013920883660156222,0.0013920883660156222,0.0013920883660156222,0.0,0.0
15.323064612922586,0.6998903620344434,0.7003305086598696,0.7003305086598696,0.7003305086598696,1-2,1-2,1-2,1-2,0.0013947280377027828,0.0013947280377027828,0.0013947280377027828,0.0,0.0
15.343068613722746,0.7031099231845672,0.7035796897617744,0.7035796897617744,0.7035796897617744,1-2,1-2,1-2,1-2,0.001397557043256747,0.001397557043256747,0.001397557043256747,0.0,0.0
15.363072614522906,0.7066661465642918,0.70716623696717,0.70716623696717,0.70716623696717,1-2,1-2,1-2,1-2,0.0014005796458168517,0.0014005796458168517,0.0014005796458168517,0.0,0.0
15.383076615323064,0.7105681129232609,0.7110992047367649,0.7110992047367649,0.7110992047367649,1-2,1-2,1-2,1-2,0.0014038002310954145,0.0014038002310954145,0.0014038002310954145,0.0,0.0
15.403080616123225,0.7148246597439105,0.715387403057801,0.715387403057801,0.715387403057801,1-2,1-2,1-2,1-2,0.0014072233023300895,0.0014072233023300895,0.0014072233023300895,0.0,0.0
15.423084616923385,0.7194443659554913,0.7200393823104948,0.7200393823104948,0.7200393823104948,1-2,1-2,1-2,1-2,0.0014108534741408463,0.0014108534741408463,0.0014108534741408463,0.0,0.0
15.443088617723545,0.7244355382780505,0.7250634197689575,0.7250634197689575,0.7250634197689575,1-2,1-2,1-2,1-2,0.00141469546510246,0.00141469546510246,0.00141469546510246,0.0,0.0
15.463092618523705,0.7298061992663123,0.7304675078024925,0.7304675078024925,0.7304675078024925,1-2,1-2,1-2,1-2,0.0014187540888677445,0.0014187540888677445,0.0014187540888677445,0.0,0.0
15.483096619323865,0.7355640770781254,0.7362593437976118,0.7362593437976118,0.7362593437976118,1-2,1-2,1-2,1-2,0.0014230342436181971,0.0014230342436181971,0.0014230342436181971,0.0,0.0
15.503100620124025,0.7417165969429896,0.7424463217717365,0.7424463217717365,0.7424463217717365,1-2,1-2,1-2,1-2,0.0014275408995920032,0.0014275408995920032,0.0014275408995920032,0.0,0.0
15.523104620924185,0.748270874254004,0.7490355255972493,0.7490355255972493,0.7490355255972493,1-2,1-2,1-2,1-2,0.0014322790843992559,0.0014322790843992559,0.0014322790843992559,0.0,0.0
15.543108621724345,0.7552337091523322,0.7560337237002834,0.7560337237002834,0.7560337237002834,1-2,1-2,1-2,1-2,0.0014372538657852812,0.0014372538657852812,0.0014372538657852812,0.0,0.0
15.563112622524505,0.7626115824178282,0.7634473650431911,0.7634473650431911,0.7634473650431911,1-2,1-2,1-2,1-2,0.0014424703314483394,0.0014424703314483394,0.0014424703314483394,0.0,0.0
15.583116623324665,0.7704106524236631,0.7712825761439458,0.7712825761439458,0.7712825761439458,1-2,1-2,1-2,1-2,0.0014479335654542297,0.0014479335654542297,0.0014479335654542297,0.0,0.0
15.603120624124825,0.7786367528573599,0.7795451588304388,0.7795451588304388,0.7795451588304388,1-2,1-2,1-2,1-2,0.0014536486207185509,0.0014536486207185509,0.0014536486207185509,0.0,0.0
15.623124624924985,0.7842827195746408,0.7835523800072293,0.7835523800072293,0.7835523800072293,0-2,0-2,0-2,0-2,0.0014596204869429638,0.0014596204869429638,0.0014596204869429638,0.0,0.0
15.643128625725145,0.7765082609749332,0.7757681295729698,0.7757681295729698,0.7757681295729698,0-2,0-2,0-2,0-2,0.0014658540532989381,0.0014658540532989381,0.0014658540532989381,0.0,0.0
15.663132626525305,0.7686122846835391,0.7678627051352858,0.7678627051352858,0.7678627051352858,0-2,0-2,0-2,0-2,0.001472354065046298,0.001472354065046298,0.001472354065046298,0.0,0.0
15.683136627325466,0.7605978519520354,0.7598391971983168,0.7598391971983168,0.7598391971983168,0-2,0-2,0-2,0-2,0.0014791250731544848,0.0014791250731544848,0.0014791250731544848,0.0,0.0
15.703140628125626,0.7524683574715483,0.7517010324022563,0.7517010324022563,0.7517010324022563,0-2,0-2,0-2,0-2,0.001486171375862555,0.001486171375862555,0.001486171375862555,0.0,0.0
15.723144628925786,0.7442275616901395,0.7434520060753308,0.7434520060753308,0.7434520060753308,0-2,0-2,0-2,0-2,0.0014934969509676948,0.0014934969509676948,0.0014934969509676948,0.0,0.0
15.743148629725946,0.7358796260683003,0.7350963177404338,0.7350963177404338,0.7350963177404338,0-2,0-2,0-2,0-2,0.001501105377471881,0.001501105377471881,0.001501105377471881,0.0,0.0
15.763152630526106,0.727429151493363,0.726638609797192,0.726638609797192,0.726638609797192,0-2,0-2,0-2,0-2,0.001508999745042295,0.001508999745042295,0.001508999745042295,0.0,0.0
15.783156631326266,0.7188812200760161,0.7180840096021728,0.7180840096021728,0.7180840096021728,0-2,0-2,0-2,0-2,0.0015171825495582105,0.0015171825495582105,0.0015171825495582105,0.0,0.0
15.803160632126426,0.7102414405492975,0.7094381751665343,0.7094381751665343,0.7094381751665343,0-2,0-2,0-2,0-2,0.0015256555728197787,0.0015256555728197787,0.0015256555728197787,0.0,0.0
15.823164632926586,0.7015159974805616,0.7007073446797452,0.7007073446797452,0.7007073446797452,0-2,0-2,0-2,0-2,0.0015344197442998567,0.0015344197442998567,0.0015344197442998567,0.0,0.0
15.843168633726746,0.6927117044876026,0.6918983900476664,0.6918983900476664,0.6918983900476664,0-2,0-2,0-2,0-2,0.0015434749826220742,0.0015434749826220742,0.0015434749826220742,0.0,0.0
15.863172634526906,0.6838360616184221,0.6830188746002822,0.6830188746002822,0.6830188746002822,0-2,0-2,0-2,0-2,0.0015528200142684704,0.0015528200142684704,0.0015528200142684704,0.0,0.0
15.883176635327066,0.6748973170064686,0.6740771150750339,0.6740771150750339,0.6740771150750339,0-2,0-2,0-2,0-2,0.0015624521668652974,0.0015624521668652974,0.0015624521668652974,0.0,0.0
15.903180636127226,0.6659045328451281,0.6650822479116022,0.6650822479116022,0.6650822479116022,0-2,0-2,0-2,0-2,0.001572367134290057,0.001572367134290057,0.001572367134290057,0.0,0.0
15.923184636927386,0.6568676556316141,0.6560442997977654,0.6560442997977654,0.6560442997977654,0-2,0-2,0-2,0-2,0.0015825587108128395,0.0015825587108128395,0.0015825587108128395,0.0,0.0
15.943188637727546,0.6477975905049368,0.6469742622773832,0.6469742622773832,0.6469742622773832,0-2,0-2,0-2,0-2,0.0015930184915659558,0.0015930184915659558,0.0015930184915659558,0.0,0.0
15.963192638527707,0.6387062793382229,0.6378841700633657,0.6378841700633657,0.6378841700633657,0-2,0-2,0-2,0-2,0.0016037355368732605,0.0016037355368732605,0.0016037355368732605,0.0,0.0
15.983196639327867,0.6296067820341547,0.6287871824825378,0.6287871824825378,0.6287871824825378,0-2,0-2,0-2,0-2,0.0016146959984246023,0.0016146959984246023,0.0016146959984246023,0.0,0.0
16.003200640128025,0.6205133602048774,0.6196976672066866,0.6196976672066866,0.6196976672066866,0-2,0-2,0-2,0-2,0.0016258827060272223,0.0016258827060272223,0.0016258827060272223,0.0,0.0
16.023204640928185,0.6114415620850224,0.6106312850854942,0.6106312850854942,0.6106312850854942,0-2,0-2,0-2,0-2,0.0016372747147674652,0.0016372747147674652,0.0016372747147674652,0.0,0.0
16.043208641728345,0.6024083071194405,0.6016050744834424,0.6016050744834424,0.6016050744834424,0-2,0-2,0-2,0-2,0.0016488468140625284,0.0016488468140625284,0.0016488468140625284,0.0,0.0
16.063212642528505,0.5934319681776529,0.5926375330262543,0.5926375330262543,0.5926375330262543,0-2,0-2,0-2,0-2,0.0016605690021848278,0.0016605690021848278,0.0016605690021848278,0.0,0.0
16.083216643328665,0.584532448769529,0.583748694077839,0.583748694077839,0.583748694077839,0-2,0-2,0-2,0-2,0.001672405932840244,0.001672405932840244,0.001672405932840244,0.0,0.0
16.103220644128825,0.5757312519700594,0.5749601945954862,0.5749601945954862,0.5749601945954862,0-2,0-2,0-2,0-2,0.0016843163440585058,0.0016843163440585058,0.0016843163440585058,0.0,0.0
16.123224644928985,0.5670515370115216,0.5662953302561562,0.5662953302561562,0.5662953302561562,0-2,0-2,0-2,0-2,0.0016962524843419284,0.0016962524843419284,0.0016962524843419284,0.0,0.0
16.143228645729145,0.558518158685424,0.5577790929278853,0.5577790929278853,0.5577790929278853,0-2,0-2,0-2,0-2,0.0017081595566690322,0.0017081595566690322,0.0017081595566690322,0.0,0.0
16.163232646529305,0.5501576838456295,0.5494381847103529,0.5494381847103529,0.5494381847103529,0-2,0-2,0-2,0-2,0.0017199752075507358,0.0017199752075507358,0.0017199752075507358,0.0,0.0
16.183236647329466,0.5419983784684597,0.5413010019398311,0.5413010019398311,0.5413010019398311,0-2,0-2,0-2,0-2,0.0017316290957385843,0.0017316290957385843,0.0017316290957385843,0.0,0.0
16.203240648129626,0.5340701579794243,0.5333975818223232,0.5333975818223232,0.5333975818223232,0-2,0-2,0-2,0-2,0.0017430425830401047,0.0017430425830401047,0.0017430425830401047,0.0,0.0
16.223244648929786,0.5264044930008138,0.5257595038282953,0.5257595038282953,0.5257595038282953,0-2,0-2,0-2,0-2,0.0017541285974238797,0.0017541285974238797,0.0017541285974238797,0.0,0.0
16.243248649729946,0.5190342624395415,0.5184197377850075,0.5184197377850075,0.5184197377850075,0-2,0-2,0-2,0-2,0.0017647917253201047,0.0017647917253201047,0.0017647917253201047,0.0,0.0
16.263252650530106,0.5119935460757755,0.5114124308950536,0.5114124308950536,0.5114124308950536,0-2,0-2,0-2,0-2,0.0017749285945258167,0.0017749285945258167,0.0017749285945258167,0.0,0.0
16.283256651330266,0.5053173497021832,0.504772626864686,0.504772626864686,0.504772626864686,0-2,0-2,0-2,0-2,0.0017844286099033327,0.0017844286099033327,0.0017844286099033327,0.0,0.0
16.303260652130426,0.4990412575721797,0.49853591211223813,0.49853591211223813,0.49853591211223813,0-2,0-2,0-2,0-2,0.0017931750993681207,0.0017931750993681207,0.0017931750993681207,0.0,0.0
16.323264652930586,0.4932010095864022,0.49273798678366315,0.49273798678366315,0.49273798678366315,0-2,0-2,0-2,0-2,0.0018010469157624062,0.0018010469157624062,0.0018010469157624062,0.0,0.0
16.343268653730746,0.4878320043574211,0.487414162098411,0.487414162098411,0.487414162098411,0-2,0-2,0-2,0-2,0.0018079205196524072,0.0018079205196524072,0.0018079205196524072,0.0,0.0
16.363272654530906,0.4829687340124479,0.4825987903416013,0.4825987903416013,0.4825987903416013,0-2,0-2,0-2,0-2,0.0018136725381745755,0.0018136725381745755,0.0018136725381745755,0.0,0.0
16.383276655331066,0.47864416213979816,0.47832463941014663,0.47832463941014663,0.47832463941014663,0-2,0-2,0-2,0-2,0.0018181827563357462,0.0018181827563357462,0.0018181827563357462,0.0,0.0
16.403280656131226,0.47488906229134453,0.47462222982925567,0.47462222982925567,0.47462222982925567,0-2,0-2,0-2,0-2,0.001821337451876661,0.001821337451876661,0.001821337451876661,0.0,0.0
16.423284656931386,0.4717313403654013,0.47151915801266353,0.47151915801266353,0.47151915801266353,0-2,0-2,0-2,0-2,0.0018230329371266292,0.0018230329371266292,0.0018230329371266292,0.0,0.0
16.443288657731546,0.4691953693020092,0.4690394345260322,0.4690394345260322,0.4690394345260322,0-2,0-2,0-2,0-2,0.0018231791271912682,0.0018231791271912682,0.0018231791271912682,0.0,0.0
16.463292658531707,0.46730136803952416,0.46720286944351685,0.46720286944351685,0.46720286944351685,0-2,0-2,0-2,0-2,0.0018217029204884358,0.0018217029204884358,0.0018217029204884358,0.0,0.0
16.483296659331867,0.46606485787060414,0.4660245378389079,0.4660245378389079,0.4660245378389079,0-2,0-2,0-2,0-2,0.001818551162206421,0.001818551162206421,0.001818551162206421,0.0,0.0
16.503300660132027,0.4654962276583609,0.46551435651262696,0.46551435651262696,0.46551435651262696,0-2,0-2,0-2,0-2,0.001813692969277741,0.001813692969277741,0.001813692969277741,0.0,0.0
16.523304660932187,0.465600434631868,0.46567679806248824,0.46567679806248824,0.46567679806248824,0-2,0-2,0-2,0-2,0.001807121229368331,0.001807121229368331,0.001807121229368331,0.0,0.0
16.543308661732347,0.4663768599130064,0.46651076063755503,0.46651076063755503,0.46651076063755503,0-2,0-2,0-2,0-2,0.0017988531443812194,0.0017988531443812194,0.0017988531443812194,0.0,0.0
16.563312662532507,0.4678193282217618,0.46800960189299545,0.46800960189299545,0.46800960189299545,0-2,0-2,0-2,0-2,0.0017889297648003176,0.0017889297648003176,0.0017889297648003176,0.0,0.0
16.583316663332667,0.46991629041643024,0.47016133486269496,0.47016133486269496,0.47016133486269496,0-2,0-2,0-2,0-2,0.0017774145450408342,0.0017774145450408342,0.0017774145450408342,0.0,0.0
16.603320664132827,0.4726511568922299,0.47294897293172705,0.47294897293172705,0.47294897293172705,0-2,0-2,0-2,0-2,0.0017643910302896737,0.0017643910302896737,0.0017643910302896737,0.0,0.0
16.623324664932987,0.4760027606017574,0.47635100202119207,0.47635100202119207,0.47635100202119207,0-2,0-2,0-2,0-2,0.0017499598512246428,0.0017499598512246428,0.0017499598512246428,0.0,0.0
16.643328665733147,0.47994592154771665,0.48034195143561736,0.48034195143561736,0.48034195143561736,0-2,0-2,0-2,0-2,0.0017342352464244106,0.0017342352464244106,0.0017342352464244106,0.0,0.0
16.663332666533307,0.48445208061225487,0.4848930311082084,0.4848930311082084,0.4848930311082084,0-2,0-2,0-2,0-2,0.001717341349394608,0.001717341349394608,0.001717341349394608,0.0,0.0
16.683336667333467,0.48948996965294633,0.48997280229793877,0.48997280229793877,0.48997280229793877,0-2,0-2,0-2,0-2,0.0016994084686771634,0.0016994084686771634,0.0016994084686771634,0.0,0.0
16.703340668133627,0.49502628661892045,0.49554785082037156,0.49554785082037156,0.49554785082037156,0-2,0-2,0-2,0-2,0.0016805695600431868,0.0016805695600431868,0.0016805695600431868,0.0,0.0
16.723344668933787,0.5010263484197577,0.501583436011513,0.501583436011513,0.501583436011513,0-2,0-2,0-2,0-2,0.0016609570462440737,0.0016609570462440737,0.0016609570462440737,0.0,0.0
16.743348669733948,0.5074546996523605,0.508044094064482,0.508044094064482,0.508044094064482,0-2,0-2,0-2,0-2,0.0016407000898570189,0.0016407000898570189,0.0016407000898570189,0.0,0.0
16.763352670534108,0.5142756612805539,0.5148941803727751,0.5148941803727751,0.5148941803727751,0-2,0-2,0-2,0-2,0.001619922375332496,0.001619922375332496,0.001619922375332496,0.0,0.0
16.783356671334268,0.5214538092919988,0.5220983413989148,0.5220983413989148,0.5220983413989148,0-2,0-2,0-2,0-2,0.0015987404126505823,0.0015987404126505823,0.0015987404126505823,0.0,0.0
16.803360672134428,0.5289543787185769,0.5296219118718593,0.5296219118718593,0.5296219118718593,0-2,0-2,0-2,0-2,0.001577262340180389,0.001577262340180389,0.001577262340180389,0.0,0.0
16.823364672934588,0.5367435928815785,0.5374312374991332,0.5374312374991332,0.5374312374991332,0-2,0-2,0-2,0-2,0.0015555871796164038,0.0015555871796164038,0.0015555871796164038,0.0,0.0
16.843368673734748,0.5447889211705595,0.5454939267326216,0.5454939267326216,0.5454939267326216,0-2,0-2,0-2,0-2,0.0015338044808876062,0.0015338044808876062,0.0015338044808876062,0.0,0.0
16.863372674534908,0.5530592710847777,0.5537790374602102,0.5537790374602102,0.5537790374602102,0-2,0-2,0-2,0-2,0.0015119942883438514,0.0015119942883438514,0.0015119942883438514,0.0,0.0
16.883376675335068,0.5615251217562873,0.5622572059123143,0.5622572059123143,0.5622572059123143,0-2,0-2,0-2,0-2,0.0014902273594638014,0.0014902273594638014,0.0014902273594638014,0.0,0.0
16.903380676135228,0.5701586068868483,0.5709007257279768,0.5709007257279768,0.5709007257279768,0-2,0-2,0-2,0-2,0.0014685655718493663,0.0014685655718493663,0.0014685655718493663,0.0,0.0
16.923384676935388,0.5789335551400436,0.5796835851928027,0.5796835851928027,0.5796835851928027,0-2,0-2,0-2,0-2,0.0014470624616029482,0.0014470624616029482,0.0014470624616029482,0.0,0.0
16.94338867773555,0.5878254957043311,0.5885814703078173,0.5885814703078173,0.5885814703078173,0-2,0-2,0-2,0-2,0.0014257638448788082,0.0014257638448788082,0.0014257638448788082,0.0,0.0
16.96339267853571,0.5968116361315754,0.5975717407213494,0.5975717407213494,0.5975717407213494,0-2,0-2,0-2,0-2,0.0014047084833799326,0.0014047084833799326,0.0014047084833799326,0.0,0.0
16.98339667933587,0.6058708187815007,0.6066333847751584,0.6066333847751584,0.6066333847751584,0-2,0-2,0-2,0-2,0.0013839287631030824,0.0013839287631030824,0.0013839287631030824,0.0,0.0
17.00340068013603,0.6149834613596016,0.6157469590729004,0.6157469590729004,0.6157469590729004,0-2,0-2,0-2,0-2,0.0013634513632832528,0.0013634513632832528,0.0013634513632832528,0.0,0.0
17.02340468093619,0.62413148619211,0.6248945171392234,0.6248945171392234,0.6248945171392234,0-2,0-2,0-2,0-2,0.0013432978990404923,0.0013432978990404923,0.0013432978990404923,0.0,0.0
17.04340868173635,0.6332982420817903,0.6340595309447307,0.6340595309447307,0.6340595309447307,0-2,0-2,0-2,0-2,0.0013234855266357752,0.0013234855266357752,0.0013234855266357752,0.0,0.0
17.06341268253651,0.6424684218598553,0.6432268083516816,0.6432268083516816,0.6432268083516816,0-2,0-2,0-2,0-2,0.0013040275045533621,0.0013040275045533621,0.0013040275045533621,0.0,0.0
17.08341668333667,0.6516279781058165,0.6523824089003156,0.6523824089003156,0.6523824089003156,0-2,0-2,0-2,0-2,0.0012849337069519098,0.0012849337069519098,0.0012849337069519098,0.0,0.0
17.10342068413683,0.6607640389526621,0.6615135598095283,0.6615135598095283,0.6615135598095283,0-2,0-2,0-2,0-2,0.0012662110885108106,0.0012662110885108106,0.0012662110885108106,0.0,0.0
17.12342468493699,0.6698648254270231,0.6706085736055543,0.6706085736055543,0.6706085736055543,0-2,0-2,0-2,0-2,0.001247864101480864,0.001247864101480864,0.001247864101480864,0.0,0.0
17.14342868573715,0.6789195713866507,0.6796567684118131,0.6796567684118131,0.6796567684118131,0-2,0-2,0-2,0-2,0.001229895066972439,0.001229895066972439,0.001229895066972439,0.0,0.0
17.16343268653731,0.6879184468021837,0.6886483916236805,0.6886483916236805,0.6886483916236805,0-2,0-2,0-2,0-2,0.001212304503298321,0.001212304503298321,0.001212304503298321,0.0,0.0
17.18343668733747,0.6968524848776051,0.6975745474444209,0.6975745474444209,0.6975745474444209,0-2,0-2,0-2,0-2,0.0011950914146402632,0.0011950914146402632,0.0011950914146402632,0.0,0.0
17.20344068813763,0.7057135133047575,0.7064271285637134,0.7064271285637134,0.7064271285637134,0-2,0-2,0-2,0-2,0.0011782535435138756,0.0011782535435138756,0.0011782535435138756,0.0,0.0
17.22344468893779,0.7144940897931379,0.7151987521095233,0.7151987521095233,0.7151987521095233,0-2,0-2,0-2,0-2,0.001161787590534011,0.001161787590534011,0.001161787590534011,0.0,0.0
17.24344868973795,0.7231874418990717,0.7238826998897552,0.7238826998897552,0.7238826998897552,0-2,0-2,0-2,0-2,0.0011456894048905068,0.0011456894048905068,0.0011456894048905068,0.0,0.0
17.26345269053811,0.7317874110913728,0.732472862855374,0.732472862855374,0.732472862855374,0-2,0-2,0-2,0-2,0.0011299541487710242,0.0011299541487710242,0.0011299541487710242,0.0,0.0
17.28345669133827,0.740288400927799,0.7409636896556523,0.7409636896556523,0.7409636896556523,0-2,0-2,0-2,0-2,0.0011145764387455745,0.0011145764387455745,0.0011145764387455745,0.0,0.0
17.30346069213843,0.7486853291730133,0.7493501391139642,0.7493501391139642,0.7493501391139642,0-2,0-2,0-2,0-2,0.0010995504668810671,0.0010995504668810671,0.0010995504668810671,0.0,0.0
17.32346469293859,0.7569735836601695,0.7576276364250223,0.7576276364250223,0.7576276364250223,0-2,0-2,0-2,0-2,0.0010848701040994308,0.0010848701040994308,0.0010848701040994308,0.0,0.0
17.34346869373875,0.7651489816812848,0.7657920328582677,0.7657920328582677,0.7657920328582677,0-2,0-2,0-2,0-2,0.0010705289880388231,0.0010705289880388231,0.0010705289880388231,0.0,0.0
17.36347269453891,0.7732077326834138,0.7738395687445739,0.7738395687445739,0.7738395687445739,0-2,0-2,0-2,0-2,0.0010565205974360653,0.0010565205974360653,0.0010565205974360653,0.0,0.0
17.38347669533907,0.7811464040461132,0.7817668395223095,0.7817668395223095,0.7817668395223095,0-2,0-2,0-2,0-2,0.001042838314819254,0.001042838314819254,0.001042838314819254,0.0,0.0
17.40348069613923,0.7889618897189932,0.7895707646224056,0.7895707646224056,0.7895707646224056,0-2,0-2,0-2,0-2,0.0010294754790923183,0.0010294754790923183,0.0010294754790923183,0.0,0.0
17.42348469693939,0.7966513815048961,0.7972485589790081,0.7972485589790081,0.7972485589790081,0-2,0-2,0-2,0-2,0.001016425429396497,0.001016425429396497,0.001016425429396497,0.0,0.0
17.44348869773955,0.8042123427833459,0.8047977069615154,0.8047977069615154,0.8047977069615154,0-2,0-2,0-2,0-2,0.0010036815414664925,0.0010036815414664925,0.0010036815414664925,0.0,0.0
17.46349269853971,0.811642484479532,0.8122159385344778,0.8122159385344778,0.8122159385344778,0-2,0-2,0-2,0-2,0.0009912372575402466,0.0009912372575402466,0.0009912372575402466,0.0,0.0
17.48349669933987,0.8189397430955877,0.8195012074633516,0.8195012074633516,0.8195012074633516,0-2,0-2,0-2,0-2,0.0009790861107454463,0.0009790861107454463,0.0009790861107454463,0.0,0.0
17.50350070014003,0.8261022606328186,0.8266516713959812,0.8266516713959812,0.8266516713959812,0-2,0-2,0-2,0-2,0.0009672217447644369,0.0009672217447644369,0.0009672217447644369,0.0,0.0
17.52350470094019,0.8331283662454839,0.8336656736615912,0.8336656736615912,0.8336656736615912,0-2,0-2,0-2,0-2,0.0009556379294708801,0.0009556379294708801,0.0009556379294708801,0.0,0.0
17.54350870174035,0.8400165594784625,0.8405417266407529,0.8405417266407529,0.8405417266407529,0-2,0-2,0-2,0-2,0.0009443285731393759,0.0009443285731393759,0.0009443285731393759,0.0,0.0
17.56351270254051,0.8467654949524787,0.8472784965710739,0.8472784965710739,0.8472784965710739,0-2,0-2,0-2,0-2,0.0009332877317455655,0.0009332877317455655,0.0009332877317455655,0.0,0.0
17.58351670334067,0.8533739683713993,0.8538747896641238,0.8538747896641238,0.8538747896641238,0-2,0-2,0-2,0-2,0.0009225096158041751,0.0009225096158041751,0.0009225096158041751,0.0,0.0
17.60352070414083,0.859840903736358,0.8603295394192938,0.8603295394192938,0.8603295394192938,0-2,0-2,0-2,0-2,0.0009119885951290425,0.0009119885951290425,0.0009119885951290425,0.0,0.0
17.62352470494099,0.8661653416610798,0.8666417950298366,0.8666417950298366,0.8666417950298366,0-2,0-2,0-2,0-2,0.0009017192018466852,0.0009017192018466852,0.0009017192018466852,0.0,0.0
17.64352870574115,0.8723464286917609,0.8728107107852383,0.8728107107852383,0.8728107107852383,0-2,0-2,0-2,0-2,0.000891696131945768,0.000891696131945768,0.000891696131945768,0.0,0.0
17.66353270654131,0.878383407543178,0.8788355363823455,0.8788355363823455,0.8788355363823455,0-2,0-2,0-2,0-2,0.0008819142456081882,0.0008819142456081882,0.0008819142456081882,0.0,0.0
17.68353670734147,0.8842756081704127,0.884715608065306,0.884715608065306,0.884715608065306,0-2,0-2,0-2,0-2,0.0008723685665284521,0.0008723685665284521,0.0008723685665284521,0.0,0.0
17.703540708141627,0.890022439602663,0.8904503405214199,0.8904503405214199,0.8904503405214199,0-2,0-2,0-2,0-2,0.000863054280403164,0.000863054280403164,0.000863054280403164,0.0,0.0
17.723544708941787,0.8956233824721443,0.8960392194664629,0.8960392194664629,0.8960392194664629,0-2,0-2,0-2,0-2,0.0008539667327277313,0.0008539667327277313,0.0008539667327277313,0.0,0.0
17.743548709741948,0.9010779821770336,0.9014817948589694,0.9014817948589694,0.9014817948589694,0-2,0-2,0-2,0-2,0.0008451014260685629,0.0008451014260685629,0.0008451014260685629,0.0,0.0
17.763552710542108,0.9063858426229106,0.9067776746883788,0.9067776746883788,0.9067776746883788,0-2,0-2,0-2,0-2,0.0008364540168698977,0.0008364540168698977,0.0008364540168698977,0.0,0.0
17.783556711342268,0.9115466204921133,0.9119265192869053,0.9119265192869053,0.9119265192869053,0-2,0-2,0-2,0-2,0.0008280203119286899,0.0008280203119286899,0.0008280203119286899,0.0,0.0
17.803560712142428,0.9165600199949941,0.9169280361194986,0.9169280361194986,0.9169280361194986,0-2,0-2,0-2,0-2,0.0008197962646022523,0.0008197962646022523,0.0008197962646022523,0.0,0.0
17.823564712942588,0.9214257880612098,0.9217819750103862,0.9217819750103862,0.9217819750103862,0-2,0-2,0-2,0-2,0.0008117779708175234,0.0008117779708175234,0.0008117779708175234,0.0,0.0
17.843568713742748,0.9261437099329608,0.926488123768429,0.926488123768429,0.926488123768429,0-2,0-2,0-2,0-2,0.0008039616649417926,0.0008039616649417926,0.0008039616649417926,0.0,0.0
17.863572714542908,0.9307136051255332,0.9310463041769342,0.9310463041769342,0.9310463041769342,0-2,0-2,0-2,0-2,0.0007963437155606135,0.0007963437155606135,0.0007963437155606135,0.0,0.0
17.883576715343068,0.9351353237236233,0.935456368316671,0.935456368316671,0.935456368316671,0-2,0-2,0-2,0-2,0.0007889206212057607,0.0007889206212057607,0.0007889206212057607,0.0,0.0
17.903580716143228,0.9394087429847752,0.939718195193655,0.939718195193655,0.939718195193655,0-2,0-2,0-2,0-2,0.0007816890060656419,0.0007816890060656419,0.0007816890060656419,0.0,0.0
17.923584716943388,0.9435337642238404,0.9438316876458285,0.9438316876458285,0.9438316876458285,0-2,0-2,0-2,0-2,0.0007746456157088887,0.0007746456157088887,0.0007746456157088887,0.0,0.0
17.94358871774355,0.9475103099547283,0.9477967695050995,0.9477967695050995,0.9477967695050995,0-2,0-2,0-2,0-2,0.0007677873128424593,0.0007677873128424593,0.0007677873128424593,0.0,0.0
17.96359271854371,0.9513383212678452,0.9516133829933158,0.9516133829933158,0.9516133829933158,0-2,0-2,0-2,0-2,0.0007611110731253433,0.0007611110731253433,0.0007611110731253433,0.0,0.0
17.98359671934387,0.9550177554235696,0.9552814863326836,0.9552814863326836,0.9552814863326836,0-2,0-2,0-2,0-2,0.0007546139810547166,0.0007546139810547166,0.0007546139810547166,0.0,0.0
18.00360072014403,0.9585485836438757,0.9588010515528869,0.9588010515528869,0.9588010515528869,0-2,0-2,0-2,0-2,0.0007482932259363282,0.0007482932259363282,0.0007482932259363282,0.0,0.0
18.02360472094419,0.9619307890858289,0.9621720624787625,0.9621720624787625,0.9621720624787625,0-2,0-2,0-2,0-2,0.0007421460979511587,0.0007421460979511587,0.0007421460979511587,0.0,0.0
18.04360872174435,0.9651643649821322,0.9653945128838372,0.9653945128838372,0.9653945128838372,0-2,0-2,0-2,0-2,0.0007361699843269604,0.0007361699843269604,0.0007361699843269604,0.0,0.0
18.06361272254451,0.968249312935251,0.9684684047963519,0.9684684047963519,0.9684684047963519,0-2,0-2,0-2,0-2,0.0007303623656209087,0.0007303623656209087,0.0007303623656209087,0.0,0.0
18.08361672334467,0.9711856413528406,0.9713937469456073,0.9713937469456073,0.9713937469456073,0-2,0-2,0-2,0-2,0.0007247208121201675,0.0007247208121201675,0.0007247208121201675,0.0,0.0
18.10362072414483,0.9739733640133253,0.9741705533375631,0.9741705533375631,0.9741705533375631,0-2,0-2,0-2,0-2,0.000719242980363267,0.000719242980363267,0.000719242980363267,0.0,0.0
18.12362472494499,0.9766124987514767,0.9767988419496247,0.9767988419496247,0.9767988419496247,0-2,0-2,0-2,0-2,0.0007139266097870576,0.0007139266097870576,0.0007139266097870576,0.0,0.0
18.14362872574515,0.9791030662547743,0.9792786335354714,0.9792786335354714,0.9792786335354714,0-2,0-2,0-2,0-2,0.0007087695194996557,0.0007087695194996557,0.0007087695194996557,0.0,0.0
18.16363272654531,0.9814450889621675,0.9816099505316164,0.9816099505316164,0.9816099505316164,0-2,0-2,0-2,0-2,0.0007037696051827982,0.0007037696051827982,0.0007037696051827982,0.0,0.0
18.18363672734547,0.983638590057641,0.9837928160581613,0.9837928160581613,0.9837928160581613,0-2,0-2,0-2,0-2,0.0006989248361242452,0.0006989248361242452,0.0006989248361242452,0.0,0.0
18.20364072814563,0.9856835925516906,0.9858272530069091,0.9858272530069091,0.9858272530069091,0-2,0-2,0-2,0-2,0.0006942332523792193,0.0006942332523792193,0.0006942332523792193,0.0,0.0
18.22364472894579,0.9875801184444754,0.9877132832106538,0.9877132832106538,0.9877132832106538,0-2,0-2,0-2,0-2,0.0006896929620636626,0.0006896929620636626,0.0006896929620636626,0.0,0.0
18.24364872974595,0.9893281879650099,0.9894509266880565,0.9894509266880565,0.9894509266880565,0-2,0-2,0-2,0-2,0.0006853021387768154,0.0006853021387768154,0.0006853021387768154,0.0,0.0
18.26365273054611,0.9909278188813172,0.9910402009590757,0.9910402009590757,0.9910402009590757,0-2,0-2,0-2,0-2,0.0006810590191540179,0.0006810590191540179,0.0006810590191540179,0.0,0.0
18.28365673134627,0.9923790258769796,0.992481120426425,0.992481120426425,0.992481120426425,0-2,0-2,0-2,0-2,0.0006769619005480626,0.0006769619005480626,0.0006769619005480626,0.0,0.0
18.30366073214643,0.9936818199899995,0.9937736958190088,0.9937736958190088,0.9937736958190088,0-2,0-2,0-2,0-2,0.0006730091388396483,0.0006730091388396483,0.0006730091388396483,0.0,0.0
18.32366473294659,0.9948362081103265,0.9949179336937292,0.9949179336937292,0.9949179336937292,0-2,0-2,0-2,0-2,0.0006691991463742613,0.0006691991463742613,0.0006691991463742613,0.0,0.0
18.34366873374675,0.9958421925328269,0.9959138359924666,0.9959138359924666,0.9959138359924666,0-2,0-2,0-2,0-2,0.0006655303900245614,0.0006655303900245614,0.0006655303900245614,0.0,0.0
18.36367273454691,0.9966997705628562,0.996761399651429,0.996761399651429,0.996761399651429,0-2,0-2,0-2,0-2,0.0006620013893794457,0.0006620013893794457,0.0006620013893794457,0.0,0.0
18.38367673534707,0.9974089341719677,0.9974606162604256,0.9974606162604256,0.9974606162604256,0-2,0-2,0-2,0-2,0.0006586107150547089,0.0006586107150547089,0.0006586107150547089,0.0,0.0
18.40368073614723,0.9979696697016368,0.998011471769976,0.998011471769976,0.998011471769976,0-2,0-2,0-2,0-2,0.0006553569871265045,0.0006553569871265045,0.0006553569871265045,0.0,0.0
18.42368473694739,0.9983819576132137,0.9984139462444857,0.9984139462444857,0.9984139462444857,0-2,0-2,0-2,0-2,0.0006522388736852367,0.0006522388736852367,0.0006522388736852367,0.0,0.0
18.44368873774755,0.9986457722826361,0.9986680136600449,0.9986680136600449,0.9986680136600449,0-2,0-2,0-2,0-2,0.0006492550895084576,0.0006492550895084576,0.0006492550895084576,0.0,0.0
18.46369273854771,0.9987610818387418,0.998773641745714,0.998773641745714,0.998773641745714,0-2,0-2,0-2,0-2,0.0006464043948513247,0.0006464043948513247,0.0006464043948513247,0.0,0.0
18.48369673934787,0.998727848044318,0.9987307918674497,0.9987307918674497,0.9987307918674497,0-2,0-2,0-2,0-2,0.0006436855943521154,0.0006436855943521154,0.0006436855943521154,0.0,0.0
18.50370074014803,0.9985460262193235,0.9985394189541278,0.9985394189541278,0.9985394189541278,0-2,0-2,0-2,0-2,0.0006410975360525915,0.0006410975360525915,0.0006410975360525915,0.0,0.0
18.52370474094819,0.9982155652059992,0.9981994714654032,0.9981994714654032,0.9981994714654032,0-2,0-2,0-2,0-2,0.0006386391105296061,0.0006386391105296061,0.0006386391105296061,0.0,0.0
18.54370874174835,0.9977364073758819,0.9977108914014303,0.9977108914014303,0.9977108914014303,0-2,0-2,0-2,0-2,0.0006363092501375732,0.0006363092501375732,0.0006363092501375732,0.0,0.0
18.56371274254851,0.997108488679016,0.9970736143547677,0.9970736143547677,0.9970736143547677,0-2,0-2,0-2,0-2,0.0006341069283590358,0.0006341069283590358,0.0006341069283590358,0.0,0.0
18.58371674334867,0.9963317387359548,0.9962875696050677,0.9962875696050677,0.9962875696050677,0-2,0-2,0-2,0-2,0.0006320311592607157,0.0006320311592607157,0.0006320311592607157,0.0,0.0
18.60372074414883,0.9954060809734367,0.995352680257461,0.995352680257461,0.995352680257461,0-2,0-2,0-2,0-2,0.0006300809970552643,0.0006300809970552643,0.0006300809970552643,0.0,0.0
18.62372474494899,0.9943314328049336,0.9942688634258474,0.9942688634258474,0.9942688634258474,0-2,0-2,0-2,0-2,0.0006282555357628627,0.0006282555357628627,0.0006282555357628627,0.0,0.0
18.64372874574915,0.9931077058575735,0.9930360304626142,0.9930360304626142,0.9930360304626142,0-2,0-2,0-2,0-2,0.0006265539089736494,0.0006265539089736494,0.0006265539089736494,0.0,0.0
18.66373274654931,0.9917348062472809,0.9916540872366462,0.9916540872366462,0.9916540872366462,0-2,0-2,0-2,0-2,0.0006249752897067198,0.0006249752897067198,0.0006249752897067198,0.0,0.0
18.68373674734947,0.9902126349043133,0.9901229344618216,0.9901229344618216,0.9901229344618216,0-2,0-2,0-2,0-2,0.0006235188903624678,0.0006235188903624678,0.0006235188903624678,0.0,0.0
18.70374074814963,0.9885410879517406,0.9884424680785626,0.9884424680785626,0.9884424680785626,0-2,0-2,0-2,0-2,0.0006221839627683957,0.0006221839627683957,0.0006221839627683957,0.0,0.0
18.72374474894979,0.9867200571397952,0.9866125796913905,0.9866125796913905,0.9866125796913905,0-2,0-2,0-2,0-2,0.000620969798311941,0.000620969798311941,0.000620969798311941,0.0,0.0
18.74374874974995,0.9847494303394387,0.9846331570658471,0.9846331570658471,0.9846331570658471,0-2,0-2,0-2,0-2,0.0006198757281588691,0.0006198757281588691,0.0006198757281588691,0.0,0.0
18.76375275055011,0.9826290920989194,0.9825040846885866,0.9825040846885866,0.9825040846885866,0-2,0-2,0-2,0-2,0.0006189011235552962,0.0006189011235552962,0.0006189011235552962,0.0,0.0
18.78375675135027,0.9803589242675728,0.9802252443949114,0.9802252443949114,0.9802252443949114,0-2,0-2,0-2,0-2,0.0006180453962059794,0.0006180453962059794,0.0006180453962059794,0.0,0.0
18.80376075215043,0.9779388066916285,0.9777965160685382,0.9777965160685382,0.9777965160685382,0-2,0-2,0-2,0-2,0.0006173079987293591,0.0006173079987293591,0.0006173079987293591,0.0,0.0
18.82376475295059,0.9753686179873291,0.9752177784189314,0.9752177784189314,0.9752177784189314,0-2,0-2,0-2,0-2,0.0006166884251824281,0.0006166884251824281,0.0006166884251824281,0.0,0.0
18.84376875375075,0.9726482363972706,0.9724889098421413,0.9724889098421413,0.9724889098421413,0-2,0-2,0-2,0-2,0.0006161862116518885,0.0006161862116518885,0.0006161862116518885,0.0,0.0
18.86377275455091,0.9697775407365178,0.9696097893717329,0.9696097893717329,0.9696097893717329,0-2,0-2,0-2,0-2,0.0006158009369064959,0.0006158009369064959,0.0006158009369064959,0.0,0.0
18.88377675535107,0.9667564114357595,0.966580297727104,0.966580297727104,0.966580297727104,0-2,0-2,0-2,0-2,0.0006155322231062995,0.0006155322231062995,0.0006155322231062995,0.0,0.0
18.90378075615123,0.9635847316895382,0.9634003184672632,0.9634003184672632,0.9634003184672632,0-2,0-2,0-2,0-2,0.0006153797365615562,0.0006153797365615562,0.0006153797365615562,0.0,0.0
18.92378475695139,0.9602623887184341,0.9600697392589925,0.9600697392589925,0.9600697392589925,0-2,0-2,0-2,0-2,0.00061534318853598,0.00061534318853598,0.00061534318853598,0.0,0.0
18.943788757751552,0.9567892751550121,0.9565884532692402,0.9565884532692402,0.9565884532692402,0-2,0-2,0-2,0-2,0.0006154223360875397,0.0006154223360875397,0.0006154223360875397,0.0,0.0
18.963792758551712,0.9531652905643501,0.9529563606926186,0.9529563606926186,0.9529563606926186,0-2,0-2,0-2,0-2,0.0006156169829379619,0.0006156169829379619,0.0006156169829379619,0.0,0.0
18.983796759351872,0.9493903431110915,0.9491733704259923,0.9491733704259923,0.9491733704259923,0-2,0-2,0-2,0-2,0.0006159269803637914,0.0006159269803637914,0.0006159269803637914,0.0,0.0
19.003800760152032,0.9454643513861837,0.9452394019033854,0.9452394019033854,0.9452394019033854,0-2,0-2,0-2,0-2,0.0006163522280984588,0.0006163522280984588,0.0006163522280984588,0.0,0.0
19.023804760952192,0.9413872464078208,0.941154387105782,0.941154387105782,0.941154387105782,0-2,0-2,0-2,0-2,0.0006168926752344983,0.0006168926752344983,0.0006168926752344983,0.0,0.0
19.043808761752352,0.9371589738125943,0.9369182727618937,0.9369182727618937,0.9369182727618937,0-2,0-2,0-2,0-2,0.0006175483211148194,0.0006175483211148194,0.0006175483211148194,0.0,0.0
19.063812762552512,0.9327794962544964,0.9325310227576152,0.9325310227576152,0.9325310227576152,0-2,0-2,0-2,0-2,0.0006183192161982485,0.0006183192161982485,0.0006183192161982485,0.0,0.0
19.083816763352672,0.9282487960312322,0.9279926207737061,0.9279926207737061,0.9279926207737061,0-2,0-2,0-2,0-2,0.0006192054628839308,0.0006192054628839308,0.0006192054628839308,0.0,0.0
19.103820764152832,0.9235668779592919,0.9233030731732391,0.9233030731732391,0.9233030731732391,0-2,0-2,0-2,0-2,0.0006202072162784237,0.0006202072162784237,0.0006202072162784237,0.0,0.0
19.123824764952992,0.9187337725214441,0.9184624121625773,0.9184624121625773,0.9184624121625773,0-2,0-2,0-2,0-2,0.0006213246848834159,0.0006213246848834159,0.0006213246848834159,0.0,0.0
19.143828765753153,0.9137495393127447,0.9134706992520819,0.9134706992520819,0.9134706992520819,0-2,0-2,0-2,0-2,0.0006225581311822944,0.0006225581311822944,0.0006225581311822944,0.0,0.0
19.163832766553313,0.9086142708138527,0.9083280290454626,0.9083280290454626,0.9083280290454626,0-2,0-2,0-2,0-2,0.0006239078720997116,0.0006239078720997116,0.0006239078720997116,0.0,0.0
19.183836767353473,0.9033280965234182,0.90303453338967,0.90303453338967,0.90303453338967,0-2,0-2,0-2,0-2,0.0006253742793032143,0.0006253742793032143,0.0006253742793032143,0.0,0.0
19.203840768153633,0.8978911874846016,0.8975903859205276,0.8975903859205276,0.8975903859205276,0-2,0-2,0-2,0-2,0.0006269577793140387,0.0006269577793140387,0.0006269577793140387,0.0,0.0
19.223844768953793,0.8923037612444176,0.8919958070429638,0.8919958070429638,0.8919958070429638,0-2,0-2,0-2,0-2,0.0006286588533860541,0.0006286588533860541,0.0006286588533860541,0.0,0.0
19.243848769753953,0.8865660872886176,0.8862510693887251,0.8862510693887251,0.8862510693887251,0-2,0-2,0-2,0-2,0.0006304780371085319,0.0006304780371085319,0.0006304780371085319,0.0,0.0
19.263852770554113,0.880678492999272,0.8803565037989292,0.8803565037989292,0.8803565037989292,0-2,0-2,0-2,0-2,0.0006324159196815204,0.0006324159196815204,0.0006324159196815204,0.0,0.0
19.283856771354273,0.874641370187109,0.874312505883721,0.874312505883721,0.874312505883721,0-2,0-2,0-2,0-2,0.0006344731428014617,0.0006344731428014617,0.0006344731428014617,0.0,0.0
19.303860772154433,0.8684551822560969,0.8681195432167499,0.8681195432167499,0.8681195432167499,0-2,0-2,0-2,0-2,0.0006366503990911747,0.0006366503990911747,0.0006366503990911747,0.0,0.0
19.323864772954593,0.862120472063719,0.8617781632281694,0.8617781632281694,0.8617781632281694,0-2,0-2,0-2,0-2,0.000638948429992086,0.000638948429992086,0.000638948429992086,0.0,0.0
19.343868773754753,0.8556378705469831,0.8552890018664759,0.8552890018664759,0.8552890018664759,0-2,0-2,0-2,0-2,0.0006413680230286782,0.0006413680230286782,0.0006413680230286782,0.0,0.0
19.363872774554913,0.8490081061914483,0.8486527931067684,0.8486527931067684,0.8486527931067684,0-2,0-2,0-2,0-2,0.0006439100083394706,0.0006439100083394706,0.0006439100083394706,0.0,0.0
19.383876775355073,0.8422320154285234,0.8418703793910103,0.8418703793910103,0.8418703793910103,0-2,0-2,0-2,0-2,0.000646575254352491,0.000646575254352491,0.000646575254352491,0.0,0.0
19.403880776155233,0.8353105540550225,0.8349427230946306,0.8349427230946306,0.8349427230946306,0-2,0-2,0-2,0-2,0.0006493646624652281,0.0006493646624652281,0.0006493646624652281,0.0,0.0
19.423884776955394,0.8282448097785293,0.8278709191233985,0.8278709191233985,0.8278709191233985,0-2,0-2,0-2,0-2,0.0006522791605683424,0.0006522791605683424,0.0006522791605683424,0.0,0.0
19.443888777755554,0.8210360160025593,0.8206562087549698,0.8206562087549698,0.8206562087549698,0-2,0-2,0-2,0-2,0.000655319695225858,0.000655319695225858,0.000655319695225858,0.0,0.0
19.463892778555714,0.8136855669768625,0.8132999948508868,0.8132999948508868,0.8132999948508868,0-2,0-2,0-2,0-2,0.0006584872222988207,0.0006584872222988207,0.0006584872222988207,0.0,0.0
19.483896779355874,0.8061950344505078,0.8058038585771359,0.8058038585771359,0.8058038585771359,0-2,0-2,0-2,0-2,0.0006617826957657353,0.0006617826957657353,0.0006617826957657353,0.0,0.0
19.503900780156034,0.7985661859786481,0.7981695777846572,0.7981695777846572,0.7981695777846572,0-2,0-2,0-2,0-2,0.0006652070544557803,0.0006652070544557803,0.0006652070544557803,0.0,0.0
19.523904780956194,0.7908010050480633,0.7903991472154056,0.7903991472154056,0.7903991472154056,0-2,0-2,0-2,0-2,0.0006687612063698331,0.0006687612063698331,0.0006687612063698331,0.0,0.0
19.543908781756354,0.7829017132016635,0.7824948007146753,0.7824948007146753,0.7824948007146753,0-2,0-2,0-2,0-2,0.0006724460102157252,0.0006724460102157252,0.0006724460102157252,0.0,0.0
19.56391278255651,0.7748707943580191,0.7744590356462788,0.7744590356462788,0.7744590356462788,0-2,0-2,0-2,0-2,0.0006762622537318035,0.0006762622537318035,0.0006762622537318035,0.0,0.0
19.58391678335667,0.7667110215384664,0.7662946397236536,0.7662946397236536,0.7662946397236536,0-2,0-2,0-2,0-2,0.0006802106282928209,0.0006802106282928209,0.0006802106282928209,0.0,0.0
19.60392078415683,0.7584254862312231,0.7580047204867962,0.7580047204867962,0.7580047204867962,0-2,0-2,0-2,0-2,0.0006842916992795849,0.0006842916992795849,0.0006842916992795849,0.0,0.0
19.62392478495699,0.7500176306387283,0.7495927376717056,0.7495927376717056,0.7495927376717056,0-2,0-2,0-2,0-2,0.0006885058715210091,0.0006885058715210091,0.0006885058715210091,0.0,0.0
19.64392878575715,0.7414912830707583,0.7410625387352047,0.7410625387352047,0.7410625387352047,0-2,0-2,0-2,0-2,0.0006928533491254713,0.0006928533491254713,0.0006928533491254713,0.0,0.0
19.66393278655731,0.732850696760811,0.7324183978128567,0.7324183978128567,0.7324183978128567,0-2,0-2,0-2,0-2,0.0006973340888669986,0.0006973340888669986,0.0006973340888669986,0.0,0.0
19.68393678735747,0.7241005923959806,0.7236650584002144,0.7236650584002144,0.7236650584002144,0-2,0-2,0-2,0-2,0.0007019477462058988,0.0007019477462058988,0.0007019477462058988,0.0,0.0
19.70394078815763,0.7152462046596191,0.7148077800564585,0.7148077800564585,0.7148077800564585,0-2,0-2,0-2,0-2,0.0007066936129105999,0.0007066936129105999,0.0007066936129105999,0.0,0.0
19.72394478895779,0.7062933330898616,0.7058523894328872,0.7058523894328872,0.7058523894328872,0-2,0-2,0-2,0-2,0.0007115705451291132,0.0007115705451291132,0.0007115705451291132,0.0,0.0
19.74394878975795,0.6972483975532494,0.6968053359244143,0.6968053359244143,0.6968053359244143,0-2,0-2,0-2,0-2,0.0007165768806378401,0.0007165768806378401,0.0007165768806378401,0.0,0.0
19.76395279055811,0.6881184986184101,0.6876737522273123,0.6876737522273123,0.6876737522273123,0-2,0-2,0-2,0-2,0.0007217103438769843,0.0007217103438769843,0.0007217103438769843,0.0,0.0
19.78395679135827,0.6789114830863443,0.6784655200572199,0.6784655200572199,0.6784655200572199,0-2,0-2,0-2,0-2,0.0007269679372692138,0.0007269679372692138,0.0007269679372692138,0.0,0.0
19.80396079215843,0.6696360148867612,0.6691893412332856,0.6691893412332856,0.6691893412332856,0-2,0-2,0-2,0-2,0.0007323458172244403,0.0007323458172244403,0.0007323458172244403,0.0,0.0
19.82396479295859,0.6603016514784157,0.6598548142615083,0.6598548142615083,0.6598548142615083,0-2,0-2,0-2,0-2,0.0007378391531695528,0.0007378391531695528,0.0007378391531695528,0.0,0.0
19.84396879375875,0.650918925788559,0.6504725164458616,0.6504725164458616,0.6504725164458616,0-2,0-2,0-2,0-2,0.0007434419679269215,0.0007434419679269215,0.0007434419679269215,0.0,0.0
19.86397279455891,0.6414994335840469,0.6410540914111933,0.6410540914111933,0.6410540914111933,0-2,0-2,0-2,0-2,0.0007491469578225651,0.0007491469578225651,0.0007491469578225651,0.0,0.0
19.88397679535907,0.6320559259744086,0.6316123417272014,0.6316123417272014,0.6316123417272014,0-2,0-2,0-2,0-2,0.0007549452910657237,0.0007549452910657237,0.0007549452910657237,0.0,0.0
19.90398079615923,0.6226024064937603,0.622161326066429,0.622161326066429,0.622161326066429,0-2,0-2,0-2,0-2,0.0007608263832475805,0.0007608263832475805,0.0007608263832475805,0.0,0.0
19.92398479695939,0.6131542318808713,0.612716459998198,0.612716459998198,0.612716459998198,0-2,0-2,0-2,0-2,0.0007667776493067115,0.0007667776493067115,0.0007667776493067115,0.0,0.0
19.943988797759552,0.6037282152608836,0.6032946191006384,0.6032946191006384,0.6032946191006384,0-2,0-2,0-2,0-2,0.0007727842320649217,0.0007727842320649217,0.0007727842320649217,0.0,0.0
19.963992798559712,0.5943427299137183,0.5939142425500834,0.5939142425500834,0.5939142425500834,0-2,0-2,0-2,0-2,0.0007788287085243126,0.0007788287085243126,0.0007788287085243126,0.0,0.0
19.983996799359872,0.5850178111794585,0.584595434707617,0.584595434707617,0.584595434707617,0-2,0-2,0-2,0-2,0.000784890776610701,0.000784890776610701,0.000784890776610701,0.0,0.0
20.004000800160032,0.5757752532892482,0.5753600614559812,0.5753600614559812,0.5753600614559812,0-2,0-2,0-2,0-2,0.0007909469270487505,0.0007909469270487505,0.0007909469270487505,0.0,0.0
20.024004800960192,0.5666386970164139,0.5662318371417034,0.5662318371417034,0.5662318371417034,0-2,0-2,0-2,0-2,0.0007969701076364501,0.0007969701076364501,0.0007969701076364501,0.0,0.0
20.044008801760352,0.5576337030212606,0.5572363969524657,0.5572363969524657,0.5572363969524657,0-2,0-2,0-2,0-2,0.0008029293904298728,0.0008029293904298728,0.0008029293904298728,0.0,0.0
20.064012802560512,0.5487878046340333,0.5484013484289655,0.5484013484289655,0.5484013484289655,0-2,0-2,0-2,0-2,0.0008087896562876134,0.0008087896562876134,0.0008087896562876134,0.0,0.0
20.084016803360672,0.5401305326251805,0.5397562946162634,0.5397562946162634,0.5397562946162634,0-2,0-2,0-2,0-2,0.0008145113158355242,0.0008145113158355242,0.0008145113158355242,0.0,0.0
20.104020804160832,0.5316934033208222,0.5313328201738581,0.5313328201738581,0.5313328201738581,0-2,0-2,0-2,0-2,0.0008200500910640321,0.0008200500910640321,0.0008200500910640321,0.0,0.0
20.124024804960992,0.5235098603417576,0.5231644306956557,0.5231644306956557,0.5231644306956557,0-2,0-2,0-2,0-2,0.0008253568872013497,0.0008253568872013497,0.0008253568872013497,0.0,0.0
20.144028805761153,0.5156151594275022,0.5152864346934884,0.5152864346934884,0.5152864346934884,0-2,0-2,0-2,0-2,0.0008303777897353804,0.0008303777897353804,0.0008303777897353804,0.0,0.0
20.164032806561313,0.508046185450311,0.5077357573700924,0.5077357573700924,0.5077357573700924,0-2,0-2,0-2,0-2,0.0008350542257907699,0.0008350542257907699,0.0008350542257907699,0.0,0.0
20.184036807361473,0.5008411910681022,0.5005506756907138,0.5005506756907138,0.5005506756907138,0-2,0-2,0-2,0-2,0.0008393233315288813,0.0008393233315288813,0.0008393233315288813,0.0,0.0
20.204040808161633,0.49403944777754766,0.4937704656245896,0.4937704656245896,0.4937704656245896,0-2,0-2,0-2,0-2,0.0008431185666202113,0.0008431185666202113,0.0008431185666202113,0.0,0.0
20.224044808961793,0.4876808026751055,0.48743495503226736,0.48743495503226736,0.48743495503226736,0-2,0-2,0-2,0-2,0.000846370611782744,0.000846370611782744,0.000846370611782744,0.0,0.0
20.244048809761953,0.48180513823044047,0.48158397973360034,0.48158397973360034,0.48158397973360034,0-2,0-2,0-2,0-2,0.000849008574561562,0.000849008574561562,0.000849008574561562,0.0,0.0
20.264052810562113,0.47645173792489076,0.4762567458981906,0.4762567458981906,0.4762567458981906,0-2,0-2,0-2,0-2,0.0008509615109668061,0.0008509615109668061,0.0008509615109668061,0.0,0.0
20.284056811362273,0.47165856761867286,0.47149110895587176,0.47149110895587176,0.47149110895587176,0-2,0-2,0-2,0-2,0.0008521602460382369,0.0008521602460382369,0.0008521602460382369,0.0,0.0
20.304060812162433,0.46746149063358877,0.4673227873662887,0.4673227873662887,0.4673227873662887,0-2,0-2,0-2,0-2,0.0008525394457817446,0.0008525394457817446,0.0008525394457817446,0.0,0.0
20.324064812962593,0.4638934431142943,0.46378453814241044,0.46378453814241044,0.46378453814241044,0-2,0-2,0-2,0-2,0.0008520398586559265,0.0008520398586559265,0.0008520398586559265,0.0,0.0
20.344068813762753,0.46098360430081164,0.46090532902352305,0.46090532902352305,0.46090532902352305,0-2,0-2,0-2,0-2,0.0008506106109233687,0.0008506106109233687,0.0008506106109233687,0.0,0.0
20.364072814562913,0.45875660273086377,0.45870954845890494,0.45870954845890494,0.45870954845890494,0-2,0-2,0-2,0-2,0.0008482114120951525,0.0008482114120951525,0.0008482114120951525,0.0,0.0
20.384076815363073,0.4572318028686253,0.45721629787663265,0.45721629787663265,0.45721629787663265,0-2,0-2,0-2,0-2,0.0008448145102787522,0.0008448145102787522,0.0008448145102787522,0.0,0.0
20.404080816163233,0.45642271619512215,0.4564388100591329,0.4564388100591329,0.4564388100591329,0-2,0-2,0-2,0-2,0.0008404062376616351,0.0008404062376616351,0.0008404062376616351,0.0,0.0
20.424084816963394,0.4563365758172354,0.45638403227803004,0.45638403227803004,0.45638403227803004,0-2,0-2,0-2,0-2,0.0008349880066317041,0.0008349880066317041,0.0008349880066317041,0.0,0.0
20.444088817763554,0.4569741042444361,0.45705240327503704,0.45705240327503704,0.45705240327503704,0-2,0-2,0-2,0-2,0.0008285766567998107,0.0008285766567998107,0.0008285766567998107,0.0,0.0
20.464092818563714,0.4583294909827932,0.4584378400805167,0.4584378400805167,0.4584378400805167,0-2,0-2,0-2,0-2,0.000821204108230068,0.000821204108230068,0.000821204108230068,0.0,0.0
20.484096819363874,0.46039058150431855,0.4605279355563182,0.4605279355563182,0.4605279355563182,0-2,0-2,0-2,0-2,0.0008129163389385331,0.0008129163389385331,0.0008129163389385331,0.0,0.0
20.504100820164034,0.46313926386939347,0.46330435234154416,0.46330435234154416,0.46330435234154416,0-2,0-2,0-2,0-2,0.0008037717657773187,0.0008037717657773187,0.0008037717657773187,0.0,0.0
20.524104820964194,0.4665520257486364,0.4667433854938374,0.4667433854938374,0.4667433854938374,0-2,0-2,0-2,0-2,0.0007938391580094782,0.0007938391580094782,0.0007938391580094782,0.0,0.0
20.544108821764354,0.4706006444033594,0.47081665612330986,0.47081665612330986,0.47081665612330986,0-2,0-2,0-2,0-2,0.0007831952453288854,0.0007831952453288854,0.0007831952453288854,0.0,0.0
20.564112822564514,0.4752529663108486,0.47549189264836006,0.47549189264836006,0.47549189264836006,0-2,0-2,0-2,0-2,0.0007719221935621655,0.0007719221935621655,0.0007719221935621655,0.0,0.0
20.584116823364674,0.4804737317879681,0.480733755156409,0.480733755156409,0.480733755156409,0-2,0-2,0-2,0-2,0.0007601051125637362,0.0007601051125637362,0.0007601051125637362,0.0,0.0
20.604120824164834,0.48622540271233333,0.48650466124254066,0.48650466124254066,0.48650466124254066,0-2,0-2,0-2,0-2,0.0007478297359311633,0.0007478297359311633,0.0007478297359311633,0.0,0.0
20.624124824964994,0.4924689573070738,0.4927655776553258,0.4927655776553258,0.4927655776553258,0-2,0-2,0-2,0-2,0.0007351803771021369,0.0007351803771021369,0.0007351803771021369,0.0,0.0
20.644128825765154,0.4991646237448306,0.49947674990275887,0.49947674990275887,0.49947674990275887,0-2,0-2,0-2,0-2,0.0007222382275393181,0.0007222382275393181,0.0007222382275393181,0.0,0.0
20.664132826565314,0.5062725328457225,0.5065983504769732,0.5065983504769732,0.5065983504769732,0-2,0-2,0-2,0-2,0.0007090800255884809,0.0007090800255884809,0.0007090800255884809,0.0,0.0
20.684136827365474,0.51375327838728,0.5140910345521895,0.5140910345521895,0.5140910345521895,0-2,0-2,0-2,0-2,0.0006957770931296989,0.0006957770931296989,0.0006957770931296989,0.0,0.0
20.704140828165635,0.5215683807942455,0.5219163991932041,0.5219163991932041,0.5219163991932041,0-2,0-2,0-2,0-2,0.0006823947134115682,0.0006823947134115682,0.0006823947134115682,0.0,0.0
20.724144828965795,0.5296806558234085,0.5300373478853992,0.5300373478853992,0.5300373478853992,0-2,0-2,0-2,0-2,0.0006689918079254101,0.0006689918079254101,0.0006689918079254101,0.0,0.0
20.744148829765955,0.5380544941656468,0.5384183664339836,0.5384183664339836,0.5384183664339836,0-2,0-2,0-2,0-2,0.0006556208621199113,0.0006556208621199113,0.0006556208621199113,0.0,0.0
20.764152830566115,0.5466560607204188,0.5470257190525472,0.5470257190525472,0.5470257190525472,0-2,0-2,0-2,0-2,0.0006423280477586415,0.0006423280477586415,0.0006423280477586415,0.0,0.0
20.784156831366275,0.5554534238523687,0.55582757496734,0.55582757496734,0.55582757496734,0-2,0-2,0-2,0-2,0.0006291534921350344,0.0006291534921350344,0.0006291534921350344,0.0,0.0
20.804160832166435,0.5644166254726326,0.564794076361562,0.564794076361562,0.564794076361562,0-2,0-2,0-2,0-2,0.0006161316495739487,0.0006161316495739487,0.0006161316495739487,0.0,0.0
20.824164832966595,0.5735177025670252,0.5738973582404786,0.5738973582404786,0.5738973582404786,0-2,0-2,0-2,0-2,0.000603291737327317,0.000603291737327317,0.000603291737327317,0.0,0.0
20.844168833766755,0.5827306700654936,0.5831115300572346,0.5831115300572346,0.5831115300572346,0-2,0-2,0-2,0-2,0.000590658205085887,0.000590658205085887,0.000590658205085887,0.0,0.0
20.864172834566915,0.5920314739181095,0.5924126279046317,0.5924126279046317,0.5924126279046317,0-2,0-2,0-2,0-2,0.0005782512141795314,0.0005782512141795314,0.0005782512141795314,0.0,0.0
20.884176835367075,0.6013979220726088,0.6017785449078576,0.6017785449078576,0.6017785449078576,0-2,0-2,0-2,0-2,0.0005660871086940088,0.0005660871086940088,0.0005660871086940088,0.0,0.0
20.904180836167235,0.61080959985313,0.6111889462613419,0.6111889462613419,0.6111889462613419,0-2,0-2,0-2,0-2,0.000554178865995604,0.000554178865995604,0.000554178865995604,0.0,0.0
20.924184836967395,0.6202477750970617,0.6206251742158138,0.6206251742158138,0.6206251742158138,0-2,0-2,0-2,0-2,0.0005425365184578519,0.0005425365184578519,0.0005425365184578519,0.0,0.0
20.944188837767555,0.6296952973638034,0.6300701472851421,0.6300701472851421,0.6300701472851421,0-2,0-2,0-2,0-2,0.0005311675415785266,0.0005311675415785266,0.0005311675415785266,0.0,0.0
20.964192838567715,0.6391364946097035,0.6395082570297924,0.6395082570297924,0.6395082570297924,0-2,0-2,0-2,0-2,0.0005200772062544464,0.0005200772062544464,0.0005200772062544464,0.0,0.0
20.984196839367875,0.6485570699350504,0.6489252649918568,0.6489252649918568,0.6489252649918568,0-2,0-2,0-2,0-2,0.0005092688948657728,0.0005092688948657728,0.0005092688948657728,0.0,0.0
21.004200840168036,0.6579440003486305,0.6583082017021663,0.6583082017021663,0.6583082017021663,0-2,0-2,0-2,0-2,0.0004987443821454552,0.0004987443821454552,0.0004987443821454552,0.0,0.0
21.024204840968196,0.6672854389533882,0.6676452691432028,0.6676452691432028,0.6676452691432028,0-2,0-2,0-2,0-2,0.0004885040826818499,0.0004885040826818499,0.0004885040826818499,0.0,0.0
21.044208841768356,0.6765706215201027,0.6769257476193333,0.6769257476193333,0.6769257476193333,0-2,0-2,0-2,0-2,0.00047854726743414597,0.00047854726743414597,0.00047854726743414597,0.0,0.0
21.064212842568516,0.6857897780704825,0.6861399076440687,0.6861399076440687,0.6861399076440687,0-2,0-2,0-2,0-2,0.00046887225192041693,0.00046887225192041693,0.00046887225192041693,0.0,0.0
21.084216843368676,0.6949340498225167,0.6952789271885002,0.6952789271885002,0.6952789271885002,0-2,0-2,0-2,0-2,0.0004594765588290989,0.0004594765588290989,0.0004594765588290989,0.0,0.0
21.104220844168836,0.7039954116461479,0.7043348144327145,0.7043348144327145,0.7043348144327145,0-2,0-2,0-2,0-2,0.0004503570577746271,0.0004503570577746271,0.0004503570577746271,0.0,0.0
21.124224844968996,0.7129666000245319,0.7133003360111131,0.7133003360111131,0.7133003360111131,0-2,0-2,0-2,0-2,0.00044151008479991757,0.00044151008479991757,0.00044151008479991757,0.0,0.0
21.144228845769156,0.721841046405091,0.7221689506329837,0.7221689506329837,0.7221689506329837,0-2,0-2,0-2,0-2,0.0004329315440610377,0.0004329315440610377,0.0004329315440610377,0.0,0.0
21.164232846569316,0.7306128157465573,0.7309347478828113,0.7309347478828113,0.7309347478828113,0-2,0-2,0-2,0-2,0.0004246169939338389,0.0004246169939338389,0.0004246169939338389,0.0,0.0
21.184236847369476,0.7392765500159841,0.739592391953453,0.739592391953453,0.739592391953453,0-2,0-2,0-2,0-2,0.0004165617195733313,0.0004165617195733313,0.0004165617195733313,0.0,0.0
21.204240848169636,0.7478274163573585,0.7481370700335978,0.7481370700335978,0.7481370700335978,0-2,0-2,0-2,0-2,0.0004087607937493828,0.0004087607937493828,0.0004087607937493828,0.0,0.0
21.224244848969796,0.756261059636162,0.7565644450540907,0.7565644450540907,0.7565644450540907,0-2,0-2,0-2,0-2,0.00040120912758508055,0.00040120912758508055,0.00040120912758508055,0.0,0.0
21.244248849769956,0.7645735590581555,0.7648706124919592,0.7648706124919592,0.7648706124919592,0-2,0-2,0-2,0-2,0.0003939015126314763,0.0003939015126314763,0.0003939015126314763,0.0,0.0
21.264252850570116,0.7727613885627717,0.7730520609332971,0.7730520609332971,0.7730520609332971,0-2,0-2,0-2,0-2,0.00038683265554583196,0.00038683265554583196,0.00038683265554583196,0.0,0.0
21.284256851370277,0.7808213806994256,0.7811056361042159,0.7811056361042159,0.7811056361042159,0-2,0-2,0-2,0-2,0.0003799972064758583,0.0003799972064758583,0.0003799972064758583,0.0,0.0
21.304260852170437,0.7887506937069366,0.7890285080910301,0.7890285080910301,0.7890285080910301,0-2,0-2,0-2,0-2,0.00037338978212050363,0.00037338978212050363,0.00037338978212050363,0.0,0.0
21.324264852970597,0.796546781530707,0.7968181414853313,0.7968181414853313,0.7968181414853313,0-2,0-2,0-2,0-2,0.00036700498430227644,0.00036700498430227644,0.00036700498430227644,0.0,0.0
21.344268853770757,0.8042073665282669,0.8044722682055463,0.8044722682055463,0.8044722682055463,0-2,0-2,0-2,0-2,0.00036083741478259274,0.00036083741478259274,0.00036083741478259274,0.0,0.0
21.364272854570917,0.8117304146304608,0.8119888627632361,0.8119888627632361,0.8119888627632361,0-2,0-2,0-2,0-2,0.00035488168694909904,0.00035488168694909904,0.00035488168694909904,0.0,0.0
21.384276855371077,0.8191141127423659,0.819366119759148,0.819366119759148,0.819366119759148,0-2,0-2,0-2,0-2,0.00034913243491869117,0.00034913243491869117,0.00034913243491869117,0.0,0.0
21.404280856171237,0.8263568481845662,0.8266024334105302,0.8266024334105302,0.8266024334105302,0-2,0-2,0-2,0-2,0.0003435843205261245,0.0003435843205261245,0.0003435843205261245,0.0,0.0
21.424284856971394,0.8334571899913857,0.8336963789271308,0.8336963789271308,0.8336963789271308,0-2,0-2,0-2,0-2,0.00033823203860137844,0.00033823203860137844,0.00033823203860137844,0.0,0.0
21.444288857771554,0.8404138718979176,0.8406466955684765,0.8406466955684765,0.8406466955684765,0-2,0-2,0-2,0-2,0.0003330703208666045,0.0003330703208666045,0.0003330703208666045,0.0,0.0
21.464292858571714,0.8472257768620269,0.8474522712293341,0.8474522712293341,0.8474522712293341,0-2,0-2,0-2,0-2,0.00032809393878355426,0.00032809393878355426,0.00032809393878355426,0.0,0.0
21.484296859371874,0.853891922980981,0.854112128413628,0.854112128413628,0.854112128413628,0-2,0-2,0-2,0-2,0.00032329770555198875,0.00032329770555198875,0.00032329770555198875,0.0,0.0
21.504300860172034,0.8604114506748056,0.8606254114695256,0.8606254114695256,0.8606254114695256,0-2,0-2,0-2,0-2,0.0003186764775082726,0.0003186764775082726,0.0003186764775082726,0.0,0.0
21.524304860972194,0.8667836110200269,0.866991374969881,0.866991374969881,0.866991374969881,0-2,0-2,0-2,0-2,0.00031422515508523204,0.00031422515508523204,0.00031422515508523204,0.0,0.0
21.544308861772354,0.8730077551280756,0.8732093731328062,0.8732093731328062,0.8732093731328062,0-2,0-2,0-2,0-2,0.00030993868348404784,0.00030993868348404784,0.00030993868348404784,0.0,0.0
21.564312862572514,0.8790833244723656,0.879278850186826,0.879278850186826,0.879278850186826,0-2,0-2,0-2,0-2,0.00030581205318035495,0.00030581205318035495,0.00030581205318035495,0.0,0.0
21.584316863372674,0.8850098420769625,0.8851993315939352,0.8851993315939352,0.8851993315939352,0-2,0-2,0-2,0-2,0.00030184030036113364,0.00030184030036113364,0.00030184030036113364,0.0,0.0
21.604320864172834,0.8907869044878851,0.8909704160519624,0.8909704160519624,0.8909704160519624,0-2,0-2,0-2,0-2,0.0002980185073717748,0.0002980185073717748,0.0002980185073717748,0.0,0.0
21.624324864972994,0.8964141744554662,0.8965917682050019,0.8965917682050019,0.8965917682050019,0-2,0-2,0-2,0-2,0.0002943418032324399,0.0002943418032324399,0.0002943418032324399,0.0,0.0
21.644328865773154,0.9018913742629356,0.9020631119973618,0.9020631119973618,0.9020631119973618,0-2,0-2,0-2,0-2,0.0002908053642695614,0.0002908053642695614,0.0002908053642695614,0.0,0.0
21.664332866573314,0.907218279642467,0.9073842246125504,0.9073842246125504,0.9073842246125504,0-2,0-2,0-2,0-2,0.00028740441489203604,0.00028740441489203604,0.00028740441489203604,0.0,0.0
21.684336867373474,0.912394714225487,0.9125549309443243,0.9125549309443243,0.9125549309443243,0-2,0-2,0-2,0-2,0.00028413422853087447,0.00028413422853087447,0.00028413422853087447,0.0,0.0
21.704340868173635,0.9174205444790351,0.9175750985518166,0.9175750985518166,0.9175750985518166,0-2,0-2,0-2,0-2,0.00028099012875300707,0.00028099012875300707,0.00028099012875300707,0.0,0.0
21.724344868973795,0.9222956750845165,0.9224446330552749,0.9224446330552749,0.9224446330552749,0-2,0-2,0-2,0-2,0.0002779674905462564,0.0002779674905462564,0.0002779674905462564,0.0,0.0
21.744348869773955,0.9270200447192951,0.9271634739330313,0.9271634739330313,0.9271634739330313,0-2,0-2,0-2,0-2,0.00027506174177047214,0.00027506174177047214,0.00027506174177047214,0.0,0.0
21.764352870574115,0.9315936222052871,0.9317315906840264,0.9317315906840264,0.9317315906840264,0-2,0-2,0-2,0-2,0.00027226836476079567,0.00027226836476079567,0.00027226836476079567,0.0,0.0
21.784356871374275,0.9360164029920874,0.9361489793235559,0.9361489793235559,0.9361489793235559,0-2,0-2,0-2,0-2,0.0002695828980634398,0.0002695828980634398,0.0002695828980634398,0.0,0.0
21.804360872174435,0.9402884059451979,0.9404156591829425,0.9404156591829425,0.9404156591829425,0-2,0-2,0-2,0-2,0.0002670009382839031,0.0002670009382839031,0.0002670009382839031,0.0,0.0
21.824364872974595,0.9444096704126833,0.9445316699865686,0.9445316699865686,0.9445316699865686,0-2,0-2,0-2,0-2,0.00026451814202190356,0.00026451814202190356,0.00026451814202190356,0.0,0.0
21.844368873774755,0.9483802535460732,0.9484970691821942,0.9484970691821942,0.9484970691821942,0-2,0-2,0-2,0-2,0.00026213022786646475,0.00026213022786646475,0.00026213022786646475,0.0,0.0
21.864372874574915,0.9522002278535824,0.9523119295027243,0.9523119295027243,0.9523119295027243,0-2,0-2,0-2,0-2,0.0002598329784244047,0.0002598329784244047,0.0002598329784244047,0.0,0.0
21.884376875375075,0.9558696789657636,0.9559763367396243,0.9559763367396243,0.9559763367396243,0-2,0-2,0-2,0-2,0.0002576222423537738,0.0002576222423537738,0.0002576222423537738,0.0,0.0
21.904380876175235,0.9593887035955633,0.9594903877100291,0.9594903877100291,0.9594903877100291,0-2,0-2,0-2,0-2,0.00025549393637626583,0.00025549393637626583,0.00025549393637626583,0.0,0.0
21.924384876975395,0.9627574076764175,0.9628541884012521,0.9628541884012521,0.9628541884012521,0-2,0-2,0-2,0-2,0.0002534440472415721,0.0002534440472415721,0.0002534440472415721,0.0,0.0
21.944388877775555,0.9659759046635592,0.9660678522779232,0.9660678522779232,0.9660678522779232,0-2,0-2,0-2,0-2,0.0002514686336197019,0.0002514686336197019,0.0002514686336197019,0.0,0.0
21.964392878575715,0.969044313985077,0.9691314987383587,0.9691314987383587,0.9691314987383587,0-2,0-2,0-2,0-2,0.0002495638278988157,0.0002495638278988157,0.0002495638278988157,0.0,0.0
21.984396879375875,0.9719627596305283,0.9720452517080052,0.9720452517080052,0.9720452517080052,0-2,0-2,0-2,0-2,0.00024772583786807816,0.00024772583786807816,0.00024772583786807816,0.0,0.0
22.004400880176036,0.9747313688660453,0.9748092383589537,0.9748092383589537,0.9748092383589537,0-2,0-2,0-2,0-2,0.00024595094826752986,0.00024595094826752986,0.00024595094826752986,0.0,0.0
22.024404880976196,0.9773502710659132,0.9774235879455313,0.9774235879455313,0.9774235879455313,0-2,0-2,0-2,0-2,0.00024423552219008277,0.00024423552219008277,0.00024423552219008277,0.0,0.0
22.044408881776356,0.9798195966515414,0.9798884307469391,0.9798884307469391,0.9798884307469391,0-2,0-2,0-2,0-2,0.000242576002322664,0.000242576002322664,0.000242576002322664,0.0,0.0
22.064412882576516,0.982139476129618,0.9822038971087534,0.9822038971087534,0.9822038971087534,0-2,0-2,0-2,0-2,0.00024096891201724315,0.00024096891201724315,0.00024096891201724315,0.0,0.0
22.084416883376676,0.9843100392220199,0.9843701165758945,0.9843701165758945,0.9843701165758945,0-2,0-2,0-2,0-2,0.00023941085618269455,0.00023941085618269455,0.00023941085618269455,0.0,0.0
22.104420884176836,0.9863314140807775,0.9863872171103897,0.9863872171103897,0.9863872171103897,0-2,0-2,0-2,0-2,0.00023789852199588275,0.00023789852199588275,0.00023789852199588275,0.0,0.0
22.124424884976996,0.9882037265820511,0.9882553243879142,0.9882553243879142,0.9882553243879142,0-2,0-2,0-2,0-2,0.0002364286794265834,0.0002364286794265834,0.0002364286794265834,0.0,0.0
22.144428885777156,0.9899270996936894,0.989974561167698,0.989974561167698,0.989974561167698,0-2,0-2,0-2,0-2,0.00023499818157739482,0.00023499818157739482,0.00023499818157739482,0.0,0.0
22.164432886577316,0.9915016529114947,0.9915450467309492,0.9915450467309492,0.9915450467309492,0-2,0-2,0-2,0-2,0.00023360396484101533,0.00023360396484101533,0.00023360396484101533,0.0,0.0
22.184436887377476,0.9929275017598436,0.9929668963834588,0.9929668963834588,0.9929668963834588,0-2,0-2,0-2,0-2,0.0002322430488783261,0.0002322430488783261,0.0002322430488783261,0.0,0.0
22.204440888177636,0.9942047573527873,0.9942402210185265,0.9942402210185265,0.9942402210185265,0-2,0-2,0-2,0-2,0.00023091253642217415,0.00023091253642217415,0.00023091253642217415,0.0,0.0
22.224444888977796,0.9953335260122063,0.9953651267368006,0.9953651267368006,0.9953651267368006,0-2,0-2,0-2,0-2,0.00022960961291469868,0.00022960961291469868,0.00022960961291469868,0.0,0.0
22.244448889777956,0.9963139089400026,0.9963417145200285,0.9963417145200285,0.9963417145200285,0-2,0-2,0-2,0-2,0.000228331545985918,0.000228331545985918,0.000228331545985918,0.0,0.0
22.264452890578116,0.9971460019417164,0.9971700799561142,0.9971700799561142,0.9971700799561142,0-2,0-2,0-2,0-2,0.00022707568478212215,0.00022707568478212215,0.00022707568478212215,0.0,0.0
22.284456891378277,0.9978298951993078,0.9978503130132421,0.9978503130132421,0.9978503130132421,0-2,0-2,0-2,0-2,0.00022583945915488667,0.00022583945915488667,0.00022583945915488667,0.0,0.0
22.304460892178437,0.9983656730912034,0.9983824978611698,0.9983824978611698,0.9983824978611698,0-2,0-2,0-2,0-2,0.0002246203787203461,0.0002246203787203461,0.0002246203787203461,0.0,0.0
22.324464892978597,0.9987534140580339,0.9987667127381319,0.9987667127381319,0.9987667127381319,0-2,0-2,0-2,0-2,0.00022341603180006683,0.00022341603180006683,0.00022341603180006683,0.0,0.0
22.344468893778757,0.9989931905128091,0.9990030298621068,0.9990030298621068,0.9990030298621068,0-2,0-2,0-2,0-2,0.00022222408425420003,0.00022222408425420003,0.00022222408425420003,0.0,0.0
22.364472894578917,0.999085068794582,0.9990915153855088,0.9990915153855088,0.9990915153855088,0-2,0-2,0-2,0-2,0.0002210422782187585,0.0002210422782187585,0.0002210422782187585,0.0,0.0
22.384476895379077,0.9990291091649549,0.9990322293926641,0.9990322293926641,0.9990322293926641,0-2,0-2,0-2,0-2,0.0002198684307574354,0.0002198684307574354,0.0002198684307574354,0.0,0.0
22.404480896179237,0.9988253658470699,0.9988252259397216,0.9988252259397216,0.9988252259397216,0-2,0-2,0-2,0-2,0.00021870043243969636,0.00021870043243969636,0.00021870043243969636,0.0,0.0
22.424484896979397,0.9984738871070142,0.9984705531369344,0.9984705531369344,0.9984705531369344,0-2,0-2,0-2,0-2,0.0002175362458554528,0.0002175362458554528,0.0002175362458554528,0.0,0.0
22.444488897779557,0.9979747153778604,0.997968253273541,0.997968253273541,0.997968253273541,0-2,0-2,0-2,0-2,0.0002163739040772001,0.0002163739040772001,0.0002163739040772001,0.0,0.0
22.464492898579717,0.9973278874268443,0.9973183629857488,0.9973183629857488,0.9973183629857488,0-2,0-2,0-2,0-2,0.0002152115090794798,0.0002152115090794798,0.0002152115090794798,0.0,0.0
22.484496899379877,0.9965334345664767,0.9965209134686299,0.9965209134686299,0.9965209134686299,0-2,0-2,0-2,0-2,0.00021404723012559458,0.00021404723012559458,0.00021404723012559458,0.0,0.0
22.504500900180037,0.9955913829106808,0.9955759307330164,0.9955759307330164,0.9955759307330164,0-2,0-2,0-2,0-2,0.00021287930213072337,0.00021287930213072337,0.00021287930213072337,0.0,0.0
22.524504900980197,0.9945017536773453,0.9944834359087986,0.9944834359087986,0.9944834359087986,0-2,0-2,0-2,0-2,0.00021170602401022204,0.00021170602401022204,0.00021170602401022204,0.0,0.0
22.544508901780357,0.9932645635390004,0.9932434455963316,0.9932434455963316,0.9932434455963316,0-2,0-2,0-2,0-2,0.0002105257570212965,0.0002105257570212965,0.0002105257570212965,0.0,0.0
22.564512902580518,0.9918798250236495,0.9918559722679908,0.9918559722679908,0.9918559722679908,0-2,0-2,0-2,0-2,0.00020933692310628425,0.00020933692310628425,0.00020933692310628425,0.0,0.0
22.584516903380678,0.9903475469681224,0.9903210247222463,0.9903210247222463,0.9903210247222463,0-2,0-2,0-2,0-2,0.0002081380032443526,0.0002081380032443526,0.0002081380032443526,0.0,0.0
22.604520904180838,0.9886677350266855,0.9886386085929898,0.9886386085929898,0.9886386085929898,0-2,0-2,0-2,0-2,0.00020692753581862,0.00020692753581862,0.00020692753581862,0.0,0.0
22.624524904980998,0.9868403922380072,0.9868087269172251,0.9868087269172251,0.9868087269172251,0-2,0-2,0-2,0-2,0.00020570411500528266,0.00020570411500528266,0.00020570411500528266,0.0,0.0
22.644528905781158,0.9848655196539954,0.9848313807646354,0.9848313807646354,0.9848313807646354,0-2,0-2,0-2,0-2,0.00020446638919067837,0.00020446638919067837,0.00020446638919067837,0.0,0.0
22.664532906581318,0.9827431170344378,0.982706569932965,0.982706569932965,0.982706569932965,0-2,0-2,0-2,0-2,0.0002032130594216955,0.0002032130594216955,0.0002032130594216955,0.0,0.0
22.684536907381478,0.980473183611848,0.9804342937136188,0.9804342937136188,0.9804342937136188,0-2,0-2,0-2,0-2,0.0002019428778951745,0.0002019428778951745,0.0002019428778951745,0.0,0.0
22.704540908181638,0.9780557189314019,0.9780145517323725,0.9780145517323725,0.9780145517323725,0-2,0-2,0-2,0-2,0.00020065464649068602,0.00020065464649068602,0.00020065464649068602,0.0,0.0
22.724544908981798,0.9754907237713933,0.9754473448706196,0.9754473448706196,0.9754473448706196,0-2,0-2,0-2,0-2,0.00019934721535243413,0.00019934721535243413,0.00019934721535243413,0.0,0.0
22.744548909781958,0.9727782011502044,0.972732676273157,0.972732676273157,0.972732676273157,0-2,0-2,0-2,0-2,0.00019801948152364034,0.00019801948152364034,0.00019801948152364034,0.0,0.0
22.76455291058212,0.9699181574264111,0.9698705524491338,0.9698705524491338,0.9698705524491338,0-2,0-2,0-2,0-2,0.00019667038763877806,0.00019667038763877806,0.00019667038763877806,0.0,0.0
22.78455691138228,0.9669106034993268,0.9668609844734662,0.9668609844734662,0.9668609844734662,0-2,0-2,0-2,0-2,0.00019529892067718754,0.00019529892067718754,0.00019529892067718754,0.0,0.0
22.80456091218244,0.9637555561180153,0.9637039892967555,0.9637039892967555,0.9637039892967555,0-2,0-2,0-2,0-2,0.00019390411078341798,0.00019390411078341798,0.00019390411078341798,0.0,0.0
22.8245649129826,0.9604530393076112,0.960399591172547,0.960399591172547,0.960399591172547,0-2,0-2,0-2,0-2,0.00019248503015751548,0.00019248503015751548,0.00019248503015751548,0.0,0.0
22.84456891378276,0.9570030859226589,0.9569478232116488,0.9569478232116488,0.9569478232116488,0-2,0-2,0-2,0-2,0.00019104079202092626,0.00019104079202092626,0.00019104079202092626,0.0,0.0
22.86457291458292,0.9534057393381377,0.9533487290741742,0.9533487290741742,0.9533487290741742,0-2,0-2,0-2,0-2,0.00018957054966206694,0.00018957054966206694,0.00018957054966206694,0.0,0.0
22.88457691538308,0.9496610552898818,0.9496023648110272,0.9496023648110272,0.9496023648110272,0-2,0-2,0-2,0-2,0.00018807349556663512,0.00018807349556663512,0.00018807349556663512,0.0,0.0
22.90458091618324,0.9457691038772544,0.9457088008676832,0.9457088008676832,0.9457088008676832,0-2,0-2,0-2,0-2,0.00018654886063893526,0.00018654886063893526,0.00018654886063893526,0.0,0.0
22.9245849169834,0.9417299717421749,0.9416681242643772,0.9416681242643772,0.9416681242643772,0-2,0-2,0-2,0-2,0.0001849959135194596,0.0001849959135194596,0.0001849959135194596,0.0,0.0
22.94458891778356,0.9375437644399833,0.9374804409681773,0.9374804409681773,0.9374804409681773,0-2,0-2,0-2,0-2,0.00018341396000637588,0.00018341396000637588,0.00018341396000637588,0.0,0.0
22.96459291858372,0.9332106090191202,0.9331458784739279,0.9331458784739279,0.9331458784739279,0-2,0-2,0-2,0-2,0.0001818023425874812,0.0001818023425874812,0.0001818023425874812,0.0,0.0
22.98459691938388,0.928730656828254,0.9286645886126969,0.9286645886126969,0.9286645886126969,0-2,0-2,0-2,0-2,0.00018016044009218547,0.00018016044009218547,0.00018016044009218547,0.0,0.0
23.00460092018404,0.9241040865712968,0.9240367506081681,0.9240367506081681,0.9240367506081681,0-2,0-2,0-2,0-2,0.00017848766747322593,0.00017848766747322593,0.00017848766747322593,0.0,0.0
23.0246049209842,0.9193311076327421,0.9192625744034123,0.9192625744034123,0.9192625744034123,0-2,0-2,0-2,0-2,0.00017678347572848101,0.00017678347572848101,0.00017678347572848101,0.0,0.0
23.04460892178436,0.9144119636979242,0.9143423042826431,0.9143423042826431,0.9143423042826431,0-2,0-2,0-2,0-2,0.00017504735197713757,0.00017504735197713757,0.00017504735197713757,0.0,0.0
23.06461292258452,0.9093469366952147,0.9092762228149647,0.9092762228149647,0.9092762228149647,0-2,0-2,0-2,0-2,0.00017327881970438216,0.00017327881970438216,0.00017327881970438216,0.0,0.0
23.08461692338468,0.9041363510897769,0.904064655149741,0.904064655149741,0.904064655149741,0-2,0-2,0-2,0-2,0.00017147743919148427,0.00017147743919148427,0.00017147743919148427,0.0,0.0
23.10462092418484,0.8987805785613969,0.898707973696096,0.898707973696096,0.898707973696096,0-2,0-2,0-2,0-2,0.0001696428081526756,0.0001696428081526756,0.0001696428081526756,0.0,0.0
23.124624924985,0.8932800431020678,0.8932066032222229,0.8932066032222229,0.8932066032222229,0-2,0-2,0-2,0-2,0.00016777456260087066,0.00016777456260087066,0.00016777456260087066,0.0,0.0
23.14462892578516,0.8876352265724663,0.8875610264136377,0.8875610264136377,0.8875610264136377,0-2,0-2,0-2,0-2,0.00016587237797003335,0.00016587237797003335,0.00016587237797003335,0.0,0.0
23.16463292658532,0.8818466747602675,0.8817717899333148,0.8817717899333148,0.8817717899333148,0-2,0-2,0-2,0-2,0.00016393597052586799,0.00016393597052586799,0.00016393597052586799,0.0,0.0
23.18463692738548,0.8759150039873894,0.8758395110307935,0.8758395110307935,0.8758395110307935,0-2,0-2,0-2,0-2,0.00016196509910151947,0.00016196509910151947,0.00016196509910151947,0.0,0.0
23.20464092818564,0.8698409083178164,0.8697648847518864,0.8697648847518864,0.8697648847518864,0-2,0-2,0-2,0-2,0.00015995956720307397,0.00015995956720307397,0.00015995956720307397,0.0,0.0
23.2246449289858,0.8636251674225989,0.8635486918055864,0.8635486918055864,0.8635486918055864,0-2,0-2,0-2,0-2,0.0001579192255335517,0.0001579192255335517,0.0001579192255335517,0.0,0.0
23.24464892978596,0.857268655164049,0.8571918071501622,0.8571918071501622,0.8571918071501622,0-2,0-2,0-2,0-2,0.0001558439749980749,0.0001558439749980749,0.0001558439749980749,0.0,0.0
23.26465293058612,0.850772348967023,0.8506952093663217,0.8506952093663217,0.8506952093663217,0-2,0-2,0-2,0-2,0.00015373377025890855,0.00015373377025890855,0.00015373377025890855,0.0,0.0
23.284656931386277,0.8441373400515715,0.8440599908916977,0.8440599908916977,0.8440599908916977,0-2,0-2,0-2,0-2,0.00015158862392447933,0.00015158862392447933,0.00015158862392447933,0.0,0.0
23.304660932186437,0.8373648446081381,0.8372873691978048,0.8372873691978048,0.8372873691978048,0-2,0-2,0-2,0-2,0.00014940861146859997,0.00014940861146859997,0.00014940861146859997,0.0,0.0
23.324664932986597,0.8304562160039505,0.8303786989980637,0.8303786989980637,0.8303786989980637,0-2,0-2,0-2,0-2,0.00014719387700353552,0.00014719387700353552,0.00014719387700353552,0.0,0.0
23.344668933786757,0.8234129581172017,0.8233354855834601,0.8233354855834601,0.8233354855834601,0-2,0-2,0-2,0-2,0.00014494464003502377,0.00014494464003502377,0.00014494464003502377,0.0,0.0
23.364672934586917,0.8162367399041891,0.8161593993909378,0.8161593993909378,0.8161593993909378,0-2,0-2,0-2,0-2,0.00014266120336993903,0.00014266120336993903,0.00014266120336993903,0.0,0.0
23.384676935387077,0.8089294113136023,0.8088522919186479,0.8088522919186479,0.8088522919186479,0-2,0-2,0-2,0-2,0.00014034396237067924,0.00014034396237067924,0.00014034396237067924,0.0,0.0
23.404680936187237,0.8014930206716853,0.8014162131116994,0.8014162131116994,0.8014162131116994,0-2,0-2,0-2,0-2,0.00013799341578759263,0.00013799341578759263,0.00013799341578759263,0.0,0.0
23.424684936987397,0.7939298336719062,0.7938534303519431,0.7938534303519431,0.7938534303519431,0-2,0-2,0-2,0-2,0.00013561017844715165,0.00013561017844715165,0.00013561017844715165,0.0,0.0
23.444688937787557,0.7862423541129762,0.786166449195509,0.786166449195509,0.786166449195509,0-2,0-2,0-2,0-2,0.00013319499612761174,0.00013319499612761174,0.00013319499612761174,0.0,0.0
23.464692938587717,0.7784333465393567,0.7783580360120959,0.7783580360120959,0.7783580360120959,0-2,0-2,0-2,0-2,0.0001307487630171749,0.0001307487630171749,0.0001307487630171749,0.0,0.0
23.484696939387877,0.7705058609485863,0.7704312426901686,0.7704312426901686,0.7704312426901686,0-2,0-2,0-2,0-2,0.0001282725422273949,0.0001282725422273949,0.0001282725422273949,0.0,0.0
23.504700940188037,0.7624632597394779,0.7623894335819188,0.7623894335819188,0.7623894335819188,0-2,0-2,0-2,0-2,0.00012576758992875734,0.00012576758992875734,0.00012576758992875734,0.0,0.0
23.524704940988197,0.7543092470841014,0.7542363148706542,0.7542363148706542,0.7542363148706542,0-2,0-2,0-2,0-2,0.00012323538378416154,0.00012323538378416154,0.00012323538378416154,0.0,0.0
23.544708941788357,0.7460479009138504,0.7459759665506425,0.7459759665506425,0.7459759665506425,0-2,0-2,0-2,0-2,0.0001206776564871901,0.0001206776564871901,0.0001206776564871901,0.0,0.0
23.564712942588518,0.7376837077151046,0.7376128772145804,0.7376128772145804,0.7376128772145804,0-2,0-2,0-2,0-2,0.00011809643536829009,0.00011809643536829009,0.00011809643536829009,0.0,0.0
23.584716943388678,0.7292216003320457,0.7291519818458598,0.7291519818458598,0.7291519818458598,0-2,0-2,0-2,0-2,0.00011549408921138416,0.00011549408921138416,0.00011549408921138416,0.0,0.0
23.604720944188838,0.720666998971875,0.7205987028104257,0.7205987028104257,0.7205987028104257,0-2,0-2,0-2,0-2,0.00011287338363135508,0.00011287338363135508,0.00011287338363135508,0.0,0.0
23.624724944988998,0.712025855599464,0.7119589942347225,0.7119589942347225,0.7119589942347225,0-2,0-2,0-2,0-2,0.00011023754659945016,0.00011023754659945016,0.00011023754659945016,0.0,0.0
23.644728945789158,0.7033047018924322,0.7032393899401219,0.7032393899401219,0.7032393899401219,0-2,0-2,0-2,0-2,0.00010759034596018759,0.00010759034596018759,0.00010759034596018759,0.0,0.0
23.664732946589318,0.6945107009014259,0.6944470550778965,0.6944470550778965,0.6944470550778965,0-2,0-2,0-2,0-2,0.00010493618105434118,0.00010493618105434118,0.00010493618105434118,0.0,0.0
23.684736947389478,0.6856517025210265,0.6855898415693766,0.6855898415693766,0.6855898415693766,0-2,0-2,0-2,0-2,0.00010228019082653497,0.00010228019082653497,0.00010228019082653497,0.0,0.0
23.704740948189638,0.6767363028207715,0.6766763473998675,0.6766763473998675,0.6766763473998675,0-2,0-2,0-2,0-2,9.962838101098958e-05,9.962838101098958e-05,9.962838101098958e-05,0.0,0.0
23.724744948989798,0.6677739072089569,0.6677159797379891,0.6677159797379891,0.6677159797379891,0-2,0-2,0-2,0-2,9.698777310101982e-05,9.698777310101982e-05,9.698777310101982e-05,0.0,0.0
23.744748949789958,0.6587747972992777,0.6587190217493863,0.6587190217493863,0.6587190217493863,0-2,0-2,0-2,0-2,9.436657770932178e-05,9.436657770932178e-05,9.436657770932178e-05,0.0,0.0
23.76475295059012,0.6497502012161708,0.6496967028394615,0.6496967028394615,0.6496967028394615,0-2,0-2,0-2,0-2,9.17743944678682e-05,9.17743944678682e-05,9.17743944678682e-05,0.0,0.0
23.78475695139028,0.6407123669024234,0.6406612718874208,0.6406612718874208,0.6406612718874208,0-2,0-2,0-2,0-2,8.922243956790641e-05,8.922243956790641e-05,8.922243956790641e-05,0.0,0.0
23.80476095219044,0.6316746377750331,0.6316260728162925,0.6316260728162925,0.6316260728162925,0-2,0-2,0-2,0-2,8.672380007691331e-05,8.672380007691331e-05,8.672380007691331e-05,0.0,0.0
23.8247649529906,0.6226515298047852,0.6226056215730774,0.6226056215730774,0.6226056215730774,0-2,0-2,0-2,0-2,8.42937108598827e-05,8.42937108598827e-05,8.42937108598827e-05,0.0,0.0
23.84476895379076,0.6136588087639353,0.613615683262202,0.613615683262202,0.613615683262202,0-2,0-2,0-2,0-2,8.194984473553837e-05,8.194984473553837e-05,8.194984473553837e-05,0.0,0.0
23.86477295459092,0.6047135659877085,0.6046733477769681,0.6046733477769681,0.6046733477769681,0-2,0-2,0-2,0-2,7.97125988460761e-05,7.97125988460761e-05,7.97125988460761e-05,0.0,0.0
23.88477695539108,0.595834290523702,0.5957971018024192,0.5957971018024192,0.5957971018024192,0-2,0-2,0-2,0-2,7.760534966289853e-05,7.760534966289853e-05,7.760534966289853e-05,0.0,0.0
23.90478095619124,0.5870409349963701,0.5870068945166756,0.5870068945166756,0.5870068945166756,0-2,0-2,0-2,0-2,7.565463561151266e-05,7.565463561151266e-05,7.565463561151266e-05,0.0,0.0
23.9247849569914,0.5783549718942793,0.5783241936990894,0.5783241936990894,0.5783241936990894,0-2,0-2,0-2,0-2,7.389021102632036e-05,7.389021102632036e-05,7.389021102632036e-05,0.0,0.0
23.94478895779156,0.569799436305858,0.5697720282726979,0.5697720282726979,0.5697720282726979,0-2,0-2,0-2,0-2,7.234490088213682e-05,7.234490088213682e-05,7.234490088213682e-05,0.0,0.0
23.96479295859172,0.561398950405653,0.5613750125861665,0.5613750125861665,0.5613750125861665,0-2,0-2,0-2,0-2,7.105417785332315e-05,7.105417785332315e-05,7.105417785332315e-05,0.0,0.0
23.98479695939188,0.5531797242622872,0.5531593470114297,0.5531593470114297,0.5531593470114297,0-2,0-2,0-2,0-2,7.005538970007899e-05,7.005538970007899e-05,7.005538970007899e-05,0.0,0.0
24.00480096019204,0.5451695268537929,0.5451527887499238,0.5451527887499238,0.5451527887499238,0-2,0-2,0-2,0-2,6.938659478672511e-05,6.938659478672511e-05,6.938659478672511e-05,0.0,0.0
24.0248049609922,0.537397620609042,0.5373845861759442,0.5373845861759442,0.5373845861759442,0-2,0-2,0-2,0-2,6.908502262620952e-05,6.908502262620952e-05,6.908502262620952e-05,0.0,0.0
24.04480896179236,0.5298946524418447,0.529885369696349,0.529885369696349,0.529885369696349,0-2,0-2,0-2,0-2,6.918526113522539e-05,6.918526113522539e-05,6.918526113522539e-05,0.0,0.0
24.06481296259252,0.5226924942256428,0.5226869920901154,0.5226869920901154,0.5226869920901154,0-2,0-2,0-2,0-2,6.971736411516324e-05,6.971736411516324e-05,6.971736411516324e-05,0.0,0.0
24.08481696339268,0.5158240261081971,0.5158223117454243,0.5158223117454243,0.5158223117454243,0-2,0-2,0-2,0-2,7.070513860275425e-05,7.070513860275425e-05,7.070513860275425e-05,0.0,0.0
24.10482096419284,0.509322857131621,0.5093249132799599,0.5093249132799599,0.5093249132799599,0-2,0-2,0-2,0-2,7.216487747052972e-05,7.216487747052972e-05,7.216487747052972e-05,0.0,0.0
24.124824964993,0.5032229794380582,0.5032287618459377,0.5032287618459377,0.5032287618459377,0-2,0-2,0-2,0-2,7.410473145467337e-05,7.410473145467337e-05,7.410473145467337e-05,0.0,0.0
24.14482896579316,0.49755835500474543,0.4975677900839055,0.4975677900839055,0.4975677900839055,0-2,0-2,0-2,0-2,7.652478326351491e-05,7.652478326351491e-05,7.652478326351491e-05,0.0,0.0
24.16483296659332,0.49236243739641905,0.49237542023027675,0.49237542023027675,0.49237542023027675,0-2,0-2,0-2,0-2,7.94177404031063e-05,7.94177404031063e-05,7.94177404031063e-05,0.0,0.0
24.18483696739348,0.4876676353778131,0.4876840282321707,0.4876840282321707,0.4876840282321707,0-2,0-2,0-2,0-2,8.277005446928116e-05,8.277005446928116e-05,8.277005446928116e-05,0.0,0.0
24.20484096819364,0.4835047301897422,0.48352436167462337,0.48352436167462337,0.48352436167462337,0-2,0-2,0-2,0-2,8.656323354604491e-05,8.656323354604491e-05,8.656323354604491e-05,0.0,0.0
24.2248449689938,0.4799022635009367,0.47992492852184465,0.47992492852184465,0.47992492852184465,0-2,0-2,0-2,0-2,9.077513934835542e-05,9.077513934835542e-05,9.077513934835542e-05,0.0,0.0
24.24484896979396,0.4768859179979147,0.4769113786102655,0.4769113786102655,0.4769113786102655,0-2,0-2,0-2,0-2,9.53811264133867e-05,9.53811264133867e-05,9.53811264133867e-05,0.0,0.0
24.26485297059412,0.4744779166500112,0.4745059038913898,0.4745059038913898,0.4745059038913898,0-2,0-2,0-2,0-2,0.00010035495582689036,0.00010035495582689036,0.00010035495582689036,0.0,0.0
24.28485697139428,0.47269646923464526,0.4727266859573218,0.4727266859573218,0.4727266859573218,0-2,0-2,0-2,0-2,0.00010566947796107973,0.00010566947796107973,0.00010566947796107973,0.0,0.0
24.30486097219444,0.4715552951494024,0.47158741981391766,0.47158741981391766,0.47158741981391766,0-2,0-2,0-2,0-2,0.00011129711784438687,0.00011129711784438687,0.00011129711784438687,0.0,0.0
24.3248649729946,0.4710632494857103,0.4710969408110158,0.4710969408110158,0.4710969408110158,0-2,0-2,0-2,0-2,0.00011721021375042938,0.00011721021375042938,0.00011721021375042938,0.0,0.0
24.34486897379476,0.4712240747072966,0.47125897701102243,0.47125897701102243,0.47125897701102243,0-2,0-2,0-2,0-2,0.00012338126022612493,0.00012338126022612493,0.00012338126022612493,0.0,0.0
24.36487297459492,0.4720362933423364,0.47207204235365463,0.47207204235365463,0.47207204235365463,0-2,0-2,0-2,0-2,0.0001297830979244439,0.0001297830979244439,0.0001297830979244439,0.0,0.0
24.38487697539508,0.4734932484965467,0.47352947739018686,0.47352947739018686,0.47352947739018686,0-2,0-2,0-2,0-2,0.00013638907990480852,0.00013638907990480852,0.00013638907990480852,0.0,0.0
24.40488097619524,0.4755832896363381,0.47561963502381466,0.47561963502381466,0.47561963502381466,0-2,0-2,0-2,0-2,0.00014317323132439594,0.00014317323132439594,0.00014317323132439594,0.0,0.0
24.4248849769954,0.47829009201648176,0.47832619964070844,0.47832619964070844,0.47832619964070844,0-2,0-2,0-2,0-2,0.000150110408803985,0.000150110408803985,0.000150110408803985,0.0,0.0
24.44488897779556,0.48159309032699893,0.4816286202372714,0.4816286202372714,0.4816286202372714,0-2,0-2,0-2,0-2,0.00015717645813095684,0.00015717645813095684,0.00015717645813095684,0.0,0.0
24.46489297859572,0.48546800138623913,0.48550263241740893,0.48550263241740893,0.48550263241740893,0-2,0-2,0-2,0-2,0.0001643483644553958,0.0001643483644553958,0.0001643483644553958,0.0,0.0
24.48489697939588,0.4898874074589612,0.4899208408951556,0.4899208408951556,0.4899208408951556,0-2,0-2,0-2,0-2,0.00017160438735919244,0.00017160438735919244,0.00017160438735919244,0.0,0.0
24.50490098019604,0.4948213711065726,0.4948533334691503,0.4948533334691503,0.4948533334691503,0-2,0-2,0-2,0-2,0.00017892417349283358,0.00017892417349283358,0.00017892417349283358,0.0,0.0
24.5249049809962,0.5002380541215331,0.5002682990768491,0.5002682990768491,0.5002682990768491,0-2,0-2,0-2,0-2,0.00018628884116362948,0.00018628884116362948,0.00018628884116362948,0.0,0.0
24.54490898179636,0.5061043165533332,0.5061326259835229,0.5061326259835229,0.5061326259835229,0-2,0-2,0-2,0-2,0.0001936810336411509,0.0001936810336411509,0.0001936810336411509,0.0,0.0
24.56491298259652,0.512386276465989,0.5124124607824359,0.5124124607824359,0.5124124607824359,0-2,0-2,0-2,0-2,0.00020108494046328546,0.00020108494046328546,0.00020108494046328546,0.0,0.0
24.58491698339668,0.5190498162319599,0.519073714035355,0.519073714035355,0.519073714035355,0-2,0-2,0-2,0-2,0.0002084862882717475,0.0002084862882717475,0.0002084862882717475,0.0,0.0
24.60492098419684,0.5260610263001891,0.526082503503635,0.526082503503635,0.526082503503635,0-2,0-2,0-2,0-2,0.0002158723044487501,0.0002158723044487501,0.0002158723044487501,0.0,0.0
24.624924984997,0.5333865820474621,0.5334055305815755,0.5334055305815755,0.5334055305815755,0-2,0-2,0-2,0-2,0.00022323165796497217,0.00022323165796497217,0.00022323165796497217,0.0,0.0
24.64492898579716,0.5409940532582337,0.5410103894718848,0.5410103894718848,0.5410103894718848,0-2,0-2,0-2,0-2,0.00023055438240564475,0.00023055438240564475,0.00023055438240564475,0.0,0.0
24.66493298659732,0.5488521488497736,0.5488658117093504,0.5488658117093504,0.5488658117093504,0-2,0-2,0-2,0-2,0.00023783178620356488,0.00023783178620356488,0.00023783178620356488,0.0,0.0
24.68493698739748,0.5569309016564447,0.556941850832579,0.556941850832579,0.556941850832579,0-2,0-2,0-2,0-2,0.00024505635479439434,0.00024505635479439434,0.00024505635479439434,0.0,0.0
24.70494098819764,0.5652017994821421,0.56521001339754,0.56521001339754,0.56521001339754,0-2,0-2,0-2,0-2,0.00025222164885142003,0.00025222164885142003,0.00025222164885142003,0.0,0.0
24.7249449889978,0.5736378693455525,0.5736433432423392,0.5736433432423392,0.5736433432423392,0-2,0-2,0-2,0-2,0.0002593222020702276,0.0002593222020702276,0.0002593222020702276,0.0,0.0
24.74494898979796,0.5822137220216078,0.5822164660924076,0.5822164660924076,0.5822164660924076,0-2,0-2,0-2,0-2,0.0002663534212468949,0.0002663534212468949,0.0002663534212468949,0.0,0.0
24.764952990598122,0.5909055637663166,0.5909056013807313,0.5909056013807313,0.5909056013807313,0-2,0-2,0-2,0-2,0.0002733114906966408,0.0002733114906966408,0.0002733114906966408,0.0,0.0
24.784956991398282,0.5996911816290648,0.5996885476765464,0.5996885476765464,0.5996885476765464,0-2,0-2,0-2,0-2,0.00028019328243381194,0.00028019328243381194,0.00028019328243381194,0.0,0.0
24.804960992198442,0.6085499081133979,0.6085446474748001,0.6085446474748001,0.6085446474748001,0-2,0-2,0-2,0-2,0.00028699627300078883,0.00028699627300078883,0.00028699627300078883,0.0,0.0
24.824964992998602,0.6174625702280766,0.6174547363812922,0.6174547363812922,0.6174547363812922,0-2,0-2,0-2,0-2,0.0002937184673995085,0.0002937184673995085,0.0002937184673995085,0.0,0.0
24.844968993798762,0.6264114272364881,0.6264010809963606,0.6264010809963606,0.6264010809963606,0-2,0-2,0-2,0-2,0.0003003583302427506,0.0003003583302427506,0.0003003583302427506,0.0,0.0
24.864972994598922,0.6353801007067533,0.6353673090956434,0.6353673090956434,0.6353673090956434,0-2,0-2,0-2,0-2,0.0003069147239921831,0.0003069147239921831,0.0003069147239921831,0.0,0.0
24.884976995399082,0.6443534998137501,0.6443383350564973,0.6443383350564973,0.6443383350564973,0-2,0-2,0-2,0-2,0.0003133868539738379,0.0003133868539738379,0.0003133868539738379,0.0,0.0
24.904980996199242,0.6533177442623629,0.653300282897691,0.653300282897691,0.653300282897691,0-2,0-2,0-2,0-2,0.0003197742197471602,0.0003197742197471602,0.0003197742197471602,0.0,0.0
24.924984996999402,0.6622600866943373,0.6622404087937799,0.6622404087937799,0.6622404087937799,0-2,0-2,0-2,0-2,0.0003260765723364664,0.0003260765723364664,0.0003260765723364664,0.0,0.0
24.944988997799562,0.6711688360088397,0.6711470244938497,0.6711470244938497,0.6711470244938497,0-2,0-2,0-2,0-2,0.0003322938768032445,0.0003322938768032445,0.0003322938768032445,0.0,0.0
24.964992998599723,0.6800332826650165,0.680009422712912,0.680009422712912,0.680009422712912,0-2,0-2,0-2,0-2,0.0003384262796336933,0.0003384262796336933,0.0003384262796336933,0.0,0.0
24.984996999399883,0.6888436267370954,0.6888178052667618,0.6888178052667618,0.6888178052667618,0-2,0-2,0-2,0-2,0.00034447408042998493,0.00034447408042998493,0.00034447408042998493,0.0,0.0
25.005001000200043,0.6975909092513718,0.6997387522030958,0.6997387522030958,0.6997387522030958,0-2,0-2,0-2,0-2,0.0042486770596918,0.0042486770596918,0.0042486770596918,0.0,0.0
25.025005001000203,0.7062669471420898,0.7083940235974114,0.7083940235974114,0.7083940235974114,0-2,0-2,0-2,0-2,0.004209027049436884,0.004209027049436884,0.004209027049436884,0.0,0.0
25.045009001800363,0.7148642720122741,0.7169689095646581,0.7169689095646581,0.7169689095646581,0-2,0-2,0-2,0-2,0.004170219539568398,0.004170219539568398,0.004170219539568398,0.0,0.0
25.065013002600523,0.7233760727691676,0.7254567550848524,0.7254567550848524,0.7254567550848524,0-2,0-2,0-2,0-2,0.004132245966007687,0.004132245966007687,0.004132245966007687,0.0,0.0
25.085017003400683,0.731796142115915,0.7338514959280265,0.7338514959280265,0.7338514959280265,0-2,0-2,0-2,0-2,0.0040950958885625985,0.0040950958885625985,0.0040950958885625985,0.0,0.0
25.105021004200843,0.7401188268161897,0.7421476098794146,0.7421476098794146,0.7421476098794146,0-2,0-2,0-2,0-2,0.00405875737007254,0.00405875737007254,0.00405875737007254,0.0,0.0
25.125025005001003,0.7483389816020106,0.7503400715652051,0.7503400715652051,0.7503400715652051,0-2,0-2,0-2,0-2,0.004023217302658562,0.004023217302658562,0.004023217302658562,0.0,0.0
25.14502900580116,0.7564519265632007,0.7584243107118086,0.7584243107118086,0.7584243107118086,0-2,0-2,0-2,0-2,0.003988461687393331,0.003988461687393331,0.003988461687393331,0.0,0.0
25.16503300660132,0.7644534078366263,0.766396173653658,0.766396173653658,0.766396173653658,0-2,0-2,0-2,0-2,0.003954475873092853,0.003954475873092853,0.003954475873092853,0.0,0.0
25.18503700740148,0.7723395614018537,0.7742518878949098,0.7742518878949098,0.7742518878949098,0-2,0-2,0-2,0-2,0.003921244759424474,0.003921244759424474,0.003921244759424474,0.0,0.0
25.20504100820164,0.7801068797851813,0.7819880295270275,0.7819880295270275,0.7819880295270275,0-2,0-2,0-2,0-2,0.003888752968866387,0.003888752968866387,0.003888752968866387,0.0,0.0
25.2250450090018,0.7877521814742429,0.7896014933055285,0.7896014933055285,0.7896014933055285,0-2,0-2,0-2,0-2,0.003856984991649694,0.003856984991649694,0.003856984991649694,0.0,0.0
25.24504900980196,0.7952725828493792,0.7970894651938264,0.7970894651938264,0.7970894651938264,0-2,0-2,0-2,0-2,0.003825925307275619,0.003825925307275619,0.003825925307275619,0.0,0.0
25.26505301060212,0.8026654724445302,0.8044493971891535,0.8044493971891535,0.8044493971891535,0-2,0-2,0-2,0-2,0.003795558485789969,0.003795558485789969,0.003795558485789969,0.0,0.0
25.28505701140228,0.809928487358739,0.8116789842541802,0.8116789842541802,0.8116789842541802,0-2,0-2,0-2,0-2,0.0037658692716050508,0.0037658692716050508,0.0037658692716050508,0.0,0.0
25.30506101220244,0.8170594916488093,0.818776143187573,0.818776143187573,0.818776143187573,0-2,0-2,0-2,0-2,0.003736842652309948,0.003736842652309948,0.003736842652309948,0.0,0.0
25.3250650130026,0.8240565565437509,0.8257389932768848,0.8257389932768848,0.8257389932768848,0-2,0-2,0-2,0-2,0.0037084639145994656,0.0037084639145994656,0.0037084639145994656,0.0,0.0
25.34506901380276,0.8309179423319838,0.8325658385875089,0.8325658385875089,0.8325658385875089,0-2,0-2,0-2,0-2,0.0036807186891748217,0.0036807186891748217,0.0036807186891748217,0.0,0.0
25.36507301460292,0.8376420817826024,0.8392551517516971,0.8392551517516971,0.8392551517516971,0-2,0-2,0-2,0-2,0.0036535929862289264,0.0036535929862289264,0.0036535929862289264,0.0,0.0
25.38507701540308,0.8442275649721168,0.8458055591316641,0.8458055591316641,0.8458055591316641,0-2,0-2,0-2,0-2,0.003627073222913179,0.003627073222913179,0.003627073222913179,0.0,0.0
25.40508101620324,0.8506731253978452,0.8522158272404337,0.8522158272404337,0.8522158272404337,0-2,0-2,0-2,0-2,0.003601146243995522,0.003601146243995522,0.003601146243995522,0.0,0.0
25.4250850170034,0.8569776272684528,0.8584848503132684,0.8584848503132684,0.8584848503132684,0-2,0-2,0-2,0-2,0.0035757993367561366,0.0035757993367561366,0.0035757993367561366,0.0,0.0
25.44508901780356,0.8631400538709365,0.864611638931186,0.864611638931186,0.864611638931186,0-2,0-2,0-2,0-2,0.0035510202410245655,0.0035510202410245655,0.0035510202410245655,0.0,0.0
25.46509301860372,0.8691594969216362,0.8705953096061967,0.8705953096061967,0.8705953096061967,0-2,0-2,0-2,0-2,0.003526797155136175,0.003526797155136175,0.003526797155136175,0.0,0.0
25.48509701940388,0.8750351468165752,0.8764350752454714,0.8764350752454714,0.8764350752454714,0-2,0-2,0-2,0-2,0.0035031187384787043,0.0035031187384787043,0.0035031187384787043,0.0,0.0
25.50510102020404,0.8807662837036138,0.8821302364186893,0.8821302364186893,0.8821302364186893,0-2,0-2,0-2,0-2,0.0034799741112056483,0.0034799741112056483,0.0034799741112056483,0.0,0.0
25.5251050210042,0.8863522693055448,0.8876801733593214,0.8876801733593214,0.8876801733593214,0-2,0-2,0-2,0-2,0.0034573528516102727,0.0034573528516102727,0.0034573528516102727,0.0,0.0
25.54510902180436,0.8917925394293972,0.8930843386366083,0.8930843386366083,0.8930843386366083,0-2,0-2,0-2,0-2,0.003435244991586594,0.003435244991586594,0.003435244991586594,0.0,0.0
25.56511302260452,0.8970865971028508,0.8983422504405112,0.8983422504405112,0.8983422504405112,0-2,0-2,0-2,0-2,0.003413641010538252,0.003413641010538252,0.003413641010538252,0.0,0.0
25.58511702340468,0.9022340062838506,0.9034534864269775,0.9034534864269775,0.9034534864269775,0-2,0-2,0-2,0-2,0.003392531828046977,0.003392531828046977,0.003392531828046977,0.0,0.0
25.60512102420484,0.9072343860942607,0.908417678075511,0.908417678075511,0.908417678075511,0-2,0-2,0-2,0-2,0.0033719087955650763,0.0033719087955650763,0.0033719087955650763,0.0,0.0
25.625125025005,0.9120874055327369,0.9132345055152755,0.9132345055152755,0.9132345055152755,0-2,0-2,0-2,0-2,0.003351763687357889,0.003351763687357889,0.003351763687357889,0.0,0.0
25.64512902580516,0.9167927786259807,0.9179036927798488,0.9179036927798488,0.9179036927798488,0-2,0-2,0-2,0-2,0.0033320886908862193,0.0033320886908862193,0.0033320886908862193,0.0,0.0
25.66513302660532,0.9213502599811533,0.9224250034542792,0.9224250034542792,0.9224250034542792,0-2,0-2,0-2,0-2,0.0033128763967924875,0.0033128763967924875,0.0033128763967924875,0.0,0.0
25.68513702740548,0.9257596407055478,0.92679823668134,0.92679823668134,0.92679823668134,0-2,0-2,0-2,0-2,0.003294119788626996,0.003294119788626996,0.003294119788626996,0.0,0.0
25.70514102820564,0.9300207446626303,0.9310232234968094,0.9310232234968094,0.9310232234968094,0-2,0-2,0-2,0-2,0.003275812232429698,0.003275812232429698,0.003275812232429698,0.0,0.0
25.7251450290058,0.9341334250363175,0.9350998234663093,0.9350998234663093,0.9350998234663093,0-2,0-2,0-2,0-2,0.0032579474662635458,0.0032579474662635458,0.0032579474662635458,0.0,0.0
25.74514902980596,0.9380975611778594,0.9390279215986665,0.9390279215986665,0.9390279215986665,0-2,0-2,0-2,0-2,0.0032405195897826744,0.0032405195897826744,0.0032405195897826744,0.0,0.0
25.765153030606122,0.941913055711985,0.9428074255130036,0.9428074255130036,0.9428074255130036,0-2,0-2,0-2,0-2,0.0032235230538989602,0.0032235230538989602,0.0032235230538989602,0.0,0.0
25.785157031406282,0.9455798318810534,0.9464382628387907,0.9464382628387907,0.9464382628387907,0-2,0-2,0-2,0-2,0.0032069526506060117,0.0032069526506060117,0.0032069526506060117,0.0,0.0
25.805161032206442,0.9490978311078381,0.9499203788299521,0.9499203788299521,0.9499203788299521,0-2,0-2,0-2,0-2,0.0031908035030032843,0.0031908035030032843,0.0031908035030032843,0.0,0.0
25.825165033006602,0.9524670107593199,0.9532537341757971,0.9532537341757971,0.9532537341757971,0-2,0-2,0-2,0-2,0.0031750710555591916,0.0031750710555591916,0.0031750710555591916,0.0,0.0
25.845169033806762,0.9556873420954217,0.9564383029931015,0.9564383029931015,0.9564383029931015,0-2,0-2,0-2,0-2,0.0031597510646421455,0.0031597510646421455,0.0031597510646421455,0.0,0.0
25.865173034606922,0.9587588083880731,0.9594740709850543,0.9594740709850543,0.9594740709850543,0-2,0-2,0-2,0-2,0.0031448395893425934,0.0031448395893425934,0.0031448395893425934,0.0,0.0
25.885177035407082,0.9616814031972941,0.962361033754081,0.962361033754081,0.962361033754081,0-2,0-2,0-2,0-2,0.0031303329826057654,0.0031303329826057654,0.0031303329826057654,0.0,0.0
25.905181036207242,0.9644551287921947,0.9650991952567207,0.9650991952567207,0.9650991952567207,0-2,0-2,0-2,0-2,0.0031162278826877767,0.0031162278826877767,0.0031162278826877767,0.0,0.0
25.925185037007402,0.9670799947058821,0.9676885663898083,0.9676885663898083,0.9676885663898083,0-2,0-2,0-2,0-2,0.0031025212049460493,0.0031025212049460493,0.0031025212049460493,0.0,0.0
25.945189037807562,0.9695560164142678,0.9701291636981956,0.9701291636981956,0.9701291636981956,0-2,0-2,0-2,0-2,0.0030892101339715797,0.0030892101339715797,0.0030892101339715797,0.0,0.0
25.965193038607723,0.9718832141296924,0.9724210081951423,0.9724210081951423,0.9724210081951423,0-2,0-2,0-2,0-2,0.0030762921160667166,0.0030762921160667166,0.0030762921160667166,0.0,0.0
25.985197039407883,0.974061611701128,0.9745641242873394,0.9745641242873394,0.9745641242873394,0-2,0-2,0-2,0-2,0.0030637648520717873,0.0030637648520717873,0.0030637648520717873,0.0,0.0
26.005201040208043,0.9760912356134925,0.9765585387972805,0.9765585387972805,0.9765585387972805,0-2,0-2,0-2,0-2,0.0030516262905419932,0.0030516262905419932,0.0030516262905419932,0.0,0.0
26.025205041008203,0.9779721140793252,0.9784042800764041,0.9784042800764041,0.9784042800764041,0-2,0-2,0-2,0-2,0.003039874621272227,0.003039874621272227,0.003039874621272227,0.0,0.0
26.045209041808363,0.9797042762167371,0.980101377203068,0.980101377203068,0.980101377203068,0-2,0-2,0-2,0-2,0.0030285082691703267,0.0030285082691703267,0.0030285082691703267,0.0,0.0
26.065213042608523,0.9812877513081515,0.9816498592600195,0.9816498592600195,0.9816498592600195,0-2,0-2,0-2,0-2,0.003017525888474473,0.003017525888474473,0.003017525888474473,0.0,0.0
26.085217043408683,0.9827225681349209,0.9830497546865831,0.9830497546865831,0.9830497546865831,0-2,0-2,0-2,0-2,0.003006926357312963,0.003006926357312963,0.003006926357312963,0.0,0.0
26.105221044208843,0.9840087543834312,0.984301090701293,0.984301090701293,0.984301090701293,0-2,0-2,0-2,0-2,0.0029967087726020135,0.0029967087726020135,0.0029967087726020135,0.0,0.0
26.125225045009003,0.9851463361187949,0.9854038927911938,0.9854038927911938,0.9854038927911938,0-2,0-2,0-2,0-2,0.002986872445278017,0.002986872445278017,0.002986872445278017,0.0,0.0
26.145229045809163,0.9861353373226932,0.9863581842644733,0.9863581842644733,0.9863581842644733,0-2,0-2,0-2,0-2,0.0029774168958598187,0.0029774168958598187,0.0029774168958598187,0.0,0.0
26.165233046609323,0.986975779492363,0.9871639858635257,0.9871639858635257,0.9871639858635257,0-2,0-2,0-2,0-2,0.002968341850337453,0.002968341850337453,0.002968341850337453,0.0,0.0
26.185237047409483,0.9876676812981299,0.987821315435943,0.987821315435943,0.987821315435943,0-2,0-2,0-2,0-2,0.0029596472363822954,0.0029596472363822954,0.0029596472363822954,0.0,0.0
26.205241048209643,0.9882110582972805,0.9883301876613142,0.9883301876613142,0.9883301876613142,0-2,0-2,0-2,0-2,0.0029513331798751686,0.0029513331798751686,0.0029513331798751686,0.0,0.0
26.225245049009803,0.9886059227024351,0.9886906138320857,0.9886906138320857,0.9886906138320857,0-2,0-2,0-2,0-2,0.0029434000017483125,0.0029434000017483125,0.0029434000017483125,0.0,0.0
26.245249049809964,0.9888522832029432,0.9889026016870824,0.9889026016870824,0.9889026016870824,0-2,0-2,0-2,0-2,0.0029358482151371802,0.0029358482151371802,0.0029358482151371802,0.0,0.0
26.265253050610124,0.9889501448381645,0.988966155296637,0.988966155296637,0.988966155296637,0-2,0-2,0-2,0-2,0.0029286785228385855,0.0029286785228385855,0.0029286785228385855,0.0,0.0
26.285257051410284,0.9888995089218413,0.9888812749986061,0.9888812749986061,0.9888812749986061,0-2,0-2,0-2,0-2,0.0029218918150720288,0.0029218918150720288,0.0029218918150720288,0.0,0.0
26.305261052210444,0.9887003730170923,0.9886479573848839,0.9886479573848839,0.9886479573848839,0-2,0-2,0-2,0-2,0.0029154891675404614,0.0029154891675404614,0.0029154891675404614,0.0,0.0
26.325265053010604,0.9883527309618908,0.9882661953383474,0.9882661953383474,0.9882661953383474,0-2,0-2,0-2,0-2,0.002909471839788343,0.002909471839788343,0.002909471839788343,0.0,0.0
26.345269053810764,0.9878565729452096,0.9877359781204954,0.9877359781204954,0.9877359781204954,0-2,0-2,0-2,0-2,0.002903841273853833,0.002903841273853833,0.002903841273853833,0.0,0.0
26.365273054610924,0.9872118856343514,0.9870572915103668,0.9870572915103668,0.9870572915103668,0-2,0-2,0-2,0-2,0.0028985990932127535,0.0028985990932127535,0.0028985990932127535,0.0,0.0
26.385277055411084,0.9864186523543044,0.9862301179956611,0.9862301179956611,0.9862301179956611,0-2,0-2,0-2,0-2,0.0028937471020125506,0.0028937471020125506,0.0028937471020125506,0.0,0.0
26.405281056211244,0.985476853320309,0.9852544370173203,0.9852544370173203,0.9852544370173203,0-2,0-2,0-2,0-2,0.002889287284592909,0.002889287284592909,0.002889287284592909,0.0,0.0
26.425285057011404,0.9843864659251635,0.9841302252691764,0.9841302252691764,0.9841302252691764,0-2,0-2,0-2,0-2,0.0028852218052929047,0.0028852218052929047,0.0028852218052929047,0.0,0.0
26.445289057811564,0.983147465083158,0.9828574570546403,0.9828574570546403,0.9828574570546403,0-2,0-2,0-2,0-2,0.002881553008540986,0.002881553008540986,0.002881553008540986,0.0,0.0
26.465293058611724,0.9817598236328972,0.981436104702772,0.981436104702772,0.981436104702772,0-2,0-2,0-2,0-2,0.0028782834192269497,0.0028782834192269497,0.0028782834192269497,0.0,0.0
26.485297059411884,0.9802235128016655,0.979866139046475,0.979866139046475,0.979866139046475,0-2,0-2,0-2,0-2,0.0028754157433536795,0.0028754157433536795,0.0028754157433536795,0.0,0.0
26.505301060212044,0.9785385027343977,0.9781475299659724,0.9781475299659724,0.9781475299659724,0-2,0-2,0-2,0-2,0.002872952868965825,0.002872952868965825,0.002872952868965825,0.0,0.0
26.525305061012205,0.9767047630907553,0.9762802470011601,0.9762802470011601,0.9762802470011601,0-2,0-2,0-2,0-2,0.002870897867354103,0.002870897867354103,0.002870897867354103,0.0,0.0
26.545309061812365,0.9747222637142703,0.9742642600369026,0.9742642600369026,0.9742642600369026,0-2,0-2,0-2,0-2,0.0028692539945310313,0.0028692539945310313,0.0028692539945310313,0.0,0.0
26.565313062612525,0.9725909753780143,0.9720995400658419,0.9720995400658419,0.9720995400658419,0-2,0-2,0-2,0-2,0.00286802469297552,0.00286802469297552,0.00286802469297552,0.0,0.0
26.585317063412685,0.9703108706117777,0.9697860600338202,0.9697860600338202,0.9697860600338202,0-2,0-2,0-2,0-2,0.0028672135936414537,0.0028672135936414537,0.0028672135936414537,0.0,0.0
26.605321064212845,0.9678819246163151,0.9673237957736013,0.9673237957736013,0.9673237957736013,0-2,0-2,0-2,0-2,0.0028668245182256655,0.0028668245182256655,0.0028668245182256655,0.0,0.0
26.625325065013005,0.9653041162708254,0.9647127270331944,0.9647127270331944,0.9647127270331944,0-2,0-2,0-2,0-2,0.002866861481688295,0.002866861481688295,0.002866861481688295,0.0,0.0
26.645329065813165,0.9625774292405002,0.9619528386057626,0.9619528386057626,0.9619528386057626,0-2,0-2,0-2,0-2,0.002867328695018422,0.002867328695018422,0.002867328695018422,0.0,0.0
26.665333066613325,0.9597018531916882,0.959044121568823,0.959044121568823,0.959044121568823,0-2,0-2,0-2,0-2,0.002868230568234809,0.002868230568234809,0.002868230568234809,0.0,0.0
26.685337067413485,0.9566773851230082,0.9559865746412448,0.9559865746412448,0.9559865746412448,0-2,0-2,0-2,0-2,0.002869571713610989,0.002869571713610989,0.002869571713610989,0.0,0.0
26.705341068213645,0.9535040308215867,0.9527802056674117,0.9527802056674117,0.9527802056674117,0-2,0-2,0-2,0-2,0.0028713569491096045,0.0028713569491096045,0.0028713569491096045,0.0,0.0
26.725345069013805,0.9501818064545244,0.9494250332388506,0.9494250332388506,0.9494250332388506,0-2,0-2,0-2,0-2,0.0028735913020103247,0.0028735913020103247,0.0028735913020103247,0.0,0.0
26.745349069813965,0.9467107403066922,0.9459210884646629,0.9459210884646629,0.9459210884646629,0-2,0-2,0-2,0-2,0.002876280012709618,0.002876280012709618,0.002876280012709618,0.0,0.0
26.765353070614125,0.9430908746770693,0.9422684169032013,0.9422684169032013,0.9422684169032013,0-2,0-2,0-2,0-2,0.002879428538669014,0.002879428538669014,0.002879428538669014,0.0,0.0
26.785357071414285,0.9393222679470232,0.9384670806686682,0.9384670806686682,0.9384670806686682,0-2,0-2,0-2,0-2,0.0028830425584822194,0.0028830425584822194,0.0028830425584822194,0.0,0.0
26.805361072214446,0.9354049968352499,0.9345171607276378,0.9345171607276378,0.9345171607276378,0-2,0-2,0-2,0-2,0.0028871279760264656,0.0028871279760264656,0.0028871279760264656,0.0,0.0
26.825365073014606,0.9313391588555244,0.930418759401975,0.930418759401975,0.930418759401975,0-2,0-2,0-2,0-2,0.002891690924657184,0.002891690924657184,0.002891690924657184,0.0,0.0
26.845369073814766,0.9271248749949832,0.9261720030962152,0.9261720030962152,0.9261720030962152,0-2,0-2,0-2,0-2,0.002896737771397301,0.002896737771397301,0.002896737771397301,0.0,0.0
26.865373074614926,0.9227622926323772,0.9217770452692283,0.9217770452692283,0.9217770452692283,0-2,0-2,0-2,0-2,0.002902275121063964,0.002902275121063964,0.002902275121063964,0.0,0.0
26.885377075415086,0.9182515887176173,0.9172340696719024,0.9172340696719024,0.9172340696719024,0-2,0-2,0-2,0-2,0.002908309820266481,0.002908309820266481,0.002908309820266481,0.0,0.0
26.905381076215246,0.9135929732359959,0.912543293874686,0.912543293874686,0.912543293874686,0-2,0-2,0-2,0-2,0.0029148489611939736,0.0029148489611939736,0.0029148489611939736,0.0,0.0
26.925385077015406,0.9087866929827216,0.9077049731111269,0.9077049731111269,0.9077049731111269,0-2,0-2,0-2,0-2,0.002921899885104856,0.002921899885104856,0.002921899885104856,0.0,0.0
26.945389077815566,0.9038330356758819,0.9027194044660626,0.9027194044660626,0.9027194044660626,0-2,0-2,0-2,0-2,0.0029294701854058742,0.0029294701854058742,0.0029294701854058742,0.0,0.0
26.965393078615726,0.8987323344386436,0.8975869314398749,0.8975869314398749,0.8975869314398749,0-2,0-2,0-2,0-2,0.0029375677101988493,0.0029375677101988493,0.0029375677101988493,0.0,0.0
26.985397079415886,0.8934849726844698,0.8923079489232314,0.8923079489232314,0.8923079489232314,0-2,0-2,0-2,0-2,0.0029462005641466152,0.0029462005641466152,0.0029462005641466152,0.0,0.0
27.005401080216043,0.8880913894423573,0.8868829086200366,0.8868829086200366,0.8868829086200366,0-2,0-2,0-2,0-2,0.0029553771094921718,0.0029553771094921718,0.0029553771094921718,0.0,0.0
27.025405081016203,0.8825520851626333,0.8813123249599026,0.8813123249599026,0.8813123249599026,0-2,0-2,0-2,0-2,0.0029651059660179705,0.0029651059660179705,0.0029651059660179705,0.0,0.0
27.045409081816363,0.8768676280477157,0.875596781545387,0.875596781545387,0.875596781545387,0-2,0-2,0-2,0-2,0.0029753960097546944,0.0029753960097546944,0.0029753960097546944,0.0,0.0
27.065413082616523,0.8710386609564142,0.8697369381835024,0.8697369381835024,0.8697369381835024,0-2,0-2,0-2,0-2,0.0029862563701249533,0.0029862563701249533,0.0029862563701249533,0.0,0.0
27.085417083416683,0.8650659089349455,0.8637335385556638,0.8637335385556638,0.8637335385556638,0-2,0-2,0-2,0-2,0.0029976964252523067,0.0029976964252523067,0.0029976964252523067,0.0,0.0
27.105421084216843,0.8589501874327777,0.8575874185852709,0.8575874185852709,0.8575874185852709,0-2,0-2,0-2,0-2,0.003009725795067497,0.003009725795067497,0.003009725795067497,0.0,0.0
27.125425085017003,0.8526924112667938,0.8512995155675855,0.8512995155675855,0.8512995155675855,0-2,0-2,0-2,0-2,0.0030223543318056902,0.0030223543318056902,0.0030223543318056902,0.0,0.0
27.145429085817163,0.8462936044030657,0.8448708781324517,0.8448708781324517,0.8448708781324517,0-2,0-2,0-2,0-2,0.0030355921074232575,0.0030355921074232575,0.0030355921074232575,0.0,0.0
27.165433086617323,0.8397549106317671,0.8383026771167394,0.8383026771167394,0.8383026771167394,0-2,0-2,0-2,0-2,0.003049449397392131,0.003049449397392131,0.003049449397392131,0.0,0.0
27.185437087417483,0.8330776052174496,0.8315962174301745,0.8315962174301745,0.8315962174301745,0-2,0-2,0-2,0-2,0.0030639366602472017,0.0030639366602472017,0.0030639366602472017,0.0,0.0
27.205441088217643,0.8262631076140343,0.8247529510054357,0.8247529510054357,0.8247529510054357,0-2,0-2,0-2,0-2,0.0030790645121697813,0.0030790645121697813,0.0030790645121697813,0.0,0.0
27.225445089017803,0.819312995341437,0.81777449093105,0.81777449093105,0.81777449093105,0-2,0-2,0-2,0-2,0.0030948436957832642,0.0030948436957832642,0.0030948436957832642,0.0,0.0
27.245449089817964,0.8122290191286992,0.8106626268736421,0.8106626268736421,0.8106626268736421,0-2,0-2,0-2,0-2,0.0031112850422182403,0.0031112850422182403,0.0031112850422182403,0.0,0.0
27.265453090618124,0.8050131194367895,0.8034193419044375,0.8034193419044375,0.8034193419044375,0-2,0-2,0-2,0-2,0.003128399425367429,0.003128399425367429,0.003128399425367429,0.0,0.0
27.285457091418284,0.7976674444827869,0.7960468308535055,0.7960468308535055,0.7960468308535055,0-2,0-2,0-2,0-2,0.0031461977070965735,0.0031461977070965735,0.0031461977070965735,0.0,0.0
27.305461092218444,0.7901943698958188,0.7885475203238866,0.7885475203238866,0.7885475203238866,0-2,0-2,0-2,0-2,0.0031646906720054877,0.0031646906720054877,0.0031646906720054877,0.0,0.0
27.325465093018604,0.7825965201437628,0.7809240905063313,0.7809240905063313,0.7809240905063313,0-2,0-2,0-2,0-2,0.003183888950139542,0.003183888950139542,0.003183888950139542,0.0,0.0
27.345469093818764,0.7748767918780488,0.7731794989436146,0.7731794989436146,0.7731794989436146,0-2,0-2,0-2,0-2,0.003203802925836304,0.003203802925836304,0.003203802925836304,0.0,0.0
27.365473094618924,0.7670383793516607,0.7653170064009585,0.7653170064009585,0.7653170064009585,0-2,0-2,0-2,0-2,0.0032244426306518807,0.0032244426306518807,0.0032244426306518807,0.0,0.0
27.385477095419084,0.7590848020721866,0.7573402050055615,0.7573402050055615,0.7573402050055615,0-2,0-2,0-2,0-2,0.0032458176180506764,0.0032458176180506764,0.0032458176180506764,0.0,0.0
27.405481096219244,0.7510199348569991,0.7492530488230631,0.7492530488230631,0.7492530488230631,0-2,0-2,0-2,0-2,0.003267936817253191,0.003267936817253191,0.003267936817253191,0.0,0.0
27.425485097019404,0.742848040460707,0.7410598870412368,0.7410598870412368,0.7410598870412368,0-2,0-2,0-2,0-2,0.003290808363329147,0.003290808363329147,0.003290808363329147,0.0,0.0
27.445489097819564,0.7345738049450407,0.7327654999304634,0.7327654999304634,0.7327654999304634,0-2,0-2,0-2,0-2,0.0033144394002931612,0.0033144394002931612,0.0033144394002931612,0.0,0.0
27.465493098619724,0.726202375957299,0.724375137745456,0.724375137745456,0.724375137745456,0-2,0-2,0-2,0-2,0.003338835853614713,0.003338835853614713,0.003338835853614713,0.0,0.0
27.485497099419884,0.7177394040740852,0.7158945627219637,0.7158945627219637,0.7158945627219637,0-2,0-2,0-2,0-2,0.0033640021682036438,0.0033640021682036438,0.0033640021682036438,0.0,0.0
27.505501100220044,0.7091910873507065,0.7073300943041103,0.7073300943041103,0.7073300943041103,0-2,0-2,0-2,0-2,0.003389941007580229,0.003389941007580229,0.003389941007580229,0.0,0.0
27.525505101020205,0.7005642191914099,0.6986886577106277,0.6986886577106277,0.6986886577106277,0-2,0-2,0-2,0-2,0.0034166529096085465,0.0034166529096085465,0.0034166529096085465,0.0,0.0
27.545509101820365,0.6918662396192244,0.6899778359091291,0.6899778359091291,0.6899778359091291,0-2,0-2,0-2,0-2,0.0034441358938798444,0.0034441358938798444,0.0034441358938798444,0.0,0.0
27.565513102620525,0.6831052899738804,0.6812059250138855,0.6812059250138855,0.6812059250138855,0-2,0-2,0-2,0-2,0.0034723850156047776,0.0034723850156047776,0.0034723850156047776,0.0,0.0
27.585517103420685,0.6742902709988152,0.672381993050997,0.672381993050997,0.672381993050997,0-2,0-2,0-2,0-2,0.0035013918607576184,0.0035013918607576184,0.0035013918607576184,0.0,0.0
27.605521104220845,0.6654309041899448,0.6635159419415371,0.6635159419415371,0.6635159419415371,0-2,0-2,0-2,0-2,0.0035311439772439074,0.0035311439772439074,0.0035311439772439074,0.0,0.0
27.625525105021005,0.6565377961653835,0.6546185724338072,0.6546185724338072,0.6546185724338072,0-2,0-2,0-2,0-2,0.00356162423711461,0.00356162423711461,0.00356162423711461,0.0,0.0
27.645529105821165,0.6476225056718682,0.6457016515653928,0.6457016515653928,0.6457016515653928,0-2,0-2,0-2,0-2,0.0035928101253870077,0.0035928101253870077,0.0035928101253870077,0.0,0.0
27.665533106621325,0.6386976126650112,0.6367779820489188,0.6367779820489188,0.6367779820489188,0-2,0-2,0-2,0-2,0.003624672951964439,0.003624672951964439,0.003624672951964439,0.0,0.0
27.685537107421485,0.6297767886811113,0.6278614727466534,0.6278614727466534,0.6278614727466534,0-2,0-2,0-2,0-2,0.003657176984580209,0.003657176984580209,0.003657176984580209,0.0,0.0
27.705541108221645,0.6208748674523834,0.6189672091227529,0.6189672091227529,0.6189672091227529,0-2,0-2,0-2,0-2,0.0036902785027760495,0.0036902785027760495,0.0036902785027760495,0.0,0.0
27.725545109021805,0.6120079143997273,0.6101115222326773,0.6101115222326773,0.6101115222326773,0-2,0-2,0-2,0-2,0.0037239247758234506,0.0037239247758234506,0.0037239247758234506,0.0,0.0
27.745549109821965,0.603193293262941,0.601312054422879,0.601312054422879,0.601312054422879,0-2,0-2,0-2,0-2,0.0037580529713983255,0.0037580529713983255,0.0037580529713983255,0.0,0.0
27.765553110622125,0.594449727694717,0.5925878194678824,0.5925878194678824,0.5925878194678824,0-2,0-2,0-2,0-2,0.0037925890069360505,0.0037925890069360505,0.0037925890069360505,0.0,0.0
27.785557111422285,0.5857973551518166,0.5839592543671633,0.5839592543671633,0.5839592543671633,0-2,0-2,0-2,0-2,0.0038274463621365833,0.0038274463621365833,0.0038274463621365833,0.0,0.0
27.805561112222446,0.5772577698690141,0.5754482594665644,0.5754482594665644,0.5754482594665644,0-2,0-2,0-2,0-2,0.003862524879259742,0.003862524879259742,0.003862524879259742,0.0,0.0
27.825565113022606,0.5688540511099596,0.56707822297132,0.56707822297132,0.56707822297132,0-2,0-2,0-2,0-2,0.0038977095877886733,0.0038977095877886733,0.0038977095877886733,0.0,0.0
27.845569113822766,0.5606107722745803,0.5588740253030869,0.5588740253030869,0.5588740253030869,0-2,0-2,0-2,0-2,0.003932869601776212,0.003932869601776212,0.003932869601776212,0.0,0.0
27.865573114622926,0.5525539858381344,0.5508620181578003,0.5508620181578003,0.5508620181578003,0-2,0-2,0-2,0-2,0.0039678571515705165,0.0039678571515705165,0.0039678571515705165,0.0,0.0
27.885577115423086,0.5447111785513776,0.5430699725972822,0.5430699725972822,0.5430699725972822,0-2,0-2,0-2,0-2,0.004002506826180815,0.004002506826180815,0.004002506826180815,0.0,0.0
27.905581116223246,0.5371111909120445,0.5355269901269508,0.5355269901269508,0.5355269901269508,0-2,0-2,0-2,0-2,0.004036635117442857,0.004036635117442857,0.004036635117442857,0.0,0.0
27.925585117023406,0.5297840947127657,0.5282633705666794,0.5282633705666794,0.5282633705666794,0-2,0-2,0-2,0-2,0.004070040370991232,0.004070040370991232,0.004070040370991232,0.0,0.0
27.945589117823566,0.5227610225868168,0.5213104307224404,0.5213104307224404,0.5213104307224404,0-2,0-2,0-2,0-2,0.004102503259868651,0.004102503259868651,0.004102503259868651,0.0,0.0
27.965593118623726,0.5160739440323642,0.5147002685361893,0.5147002685361893,0.5147002685361893,0-2,0-2,0-2,0-2,0.004133787901820765,0.004133787901820765,0.004133787901820765,0.0,0.0
27.985597119423886,0.5097553835237403,0.508465468654697,0.508465468654697,0.508465468654697,0-2,0-2,0-2,0-2,0.00416364373786984,0.00416364373786984,0.00416364373786984,0.0,0.0
28.005601120224046,0.5038380781272213,0.5026387473213006,0.5026387473213006,0.5026387473213006,0-2,0-2,0-2,0-2,0.004191808274370643,0.004191808274370643,0.004191808274370643,0.0,0.0
28.025605121024206,0.4983545746040904,0.4972525372213844,0.4972525372213844,0.4972525372213844,0-2,0-2,0-2,0-2,0.0042180107604638615,0.0042180107604638615,0.0042180107604638615,0.0,0.0
28.045609121824366,0.49333676931439036,0.49233851639362325,0.49233851639362325,0.49233851639362325,0-2,0-2,0-2,0-2,0.004241976825684471,0.004241976825684471,0.004241976825684471,0.0,0.0
28.065613122624526,0.48881539824275466,0.4879270894426316,0.4879270894426316,0.4879270894426316,0-2,0-2,0-2,0-2,0.004263434038304488,0.004263434038304488,0.004263434038304488,0.0,0.0
28.085617123424687,0.484819488942811,0.4840468338166552,0.4840468338166552,0.4840468338166552,0-2,0-2,0-2,0-2,0.00428211826626922,0.00428211826626922,0.00428211826626922,0.0,0.0
28.105621124224847,0.4813757907947016,0.4807239284748443,0.4807239284748443,0.4807239284748443,0-2,0-2,0-2,0-2,0.00429778063502013,0.00429778063502013,0.00429778063502013,0.0,0.0
28.125625125025007,0.4785082042241993,0.47798158637428567,0.47798158637428567,0.47798158637428567,0-2,0-2,0-2,0-2,0.004310194789060739,0.004310194789060739,0.004310194789060739,0.0,0.0
28.145629125825167,0.47623723289233627,0.47583951529968815,0.47583951529968815,0.47583951529968815,0-2,0-2,0-2,0-2,0.004319164088436311,0.004319164088436311,0.004319164088436311,0.0,0.0
28.165633126625327,0.47457948477099254,0.4743134330883176,0.4743134330883176,0.4743134330883176,0-2,0-2,0-2,0-2,0.0043245283200866015,0.0043245283200866015,0.0043245283200866015,0.0,0.0
28.185637127425487,0.4735472479960058,0.4734146628248012,0.4734146628248012,0.4734146628248012,0-2,0-2,0-2,0-2,0.004326169488876341,0.004326169488876341,0.004326169488876341,0.0,0.0
28.205641128225647,0.4731481651442763,0.47314983085577217,0.47314983085577217,0.47314983085577217,0-2,0-2,0-2,0-2,0.004324016281858523,0.004324016281858523,0.004324016281858523,0.0,0.0
28.225645129025807,0.4733850250952249,0.4735206855478963,0.4735206855478963,0.4735206855478963,0-2,0-2,0-2,0-2,0.004318046873770434,0.004318046873770434,0.004318046873770434,0.0,0.0
28.245649129825967,0.4742556852045481,0.474524047945406,0.474524047945406,0.474524047945406,0-2,0-2,0-2,0-2,0.004308289856367804,0.004308289856367804,0.004308289856367804,0.0,0.0
28.265653130626127,0.4757531287327157,0.47615189752185155,0.47615189752185155,0.47615189752185155,0-2,0-2,0-2,0-2,0.004294823216338257,0.004294823216338257,0.004294823216338257,0.0,0.0
28.285657131426287,0.47786565414426185,0.4783915879070053,0.4783915879070053,0.4783915879070053,0-2,0-2,0-2,0-2,0.004277771438464311,0.004277771438464311,0.004277771438464311,0.0,0.0
28.305661132226447,0.48057718492853535,0.4812261797038256,0.4812261797038256,0.4812261797038256,0-2,0-2,0-2,0-2,0.004257300952803014,0.004257300952803014,0.004257300952803014,0.0,0.0
28.325665133026607,0.4838676818297402,0.48463487110101516,0.48463487110101516,0.48463487110101516,0-2,0-2,0-2,0-2,0.004233614259197272,0.004233614259197272,0.004233614259197272,0.0,0.0
28.345669133826767,0.48771363445912486,0.48859350252339817,0.48859350252339817,0.48859350252339817,0-2,0-2,0-2,0-2,0.004206943136834922,0.004206943136834922,0.004206943136834922,0.0,0.0
28.365673134626928,0.4920886065534566,0.49307510933671334,0.49307510933671334,0.49307510933671334,0-2,0-2,0-2,0-2,0.004177541375321234,0.004177541375321234,0.004177541375321234,0.0,0.0
28.385677135427088,0.4969638086842372,0.4980504966142298,0.4980504966142298,0.4980504966142298,0-2,0-2,0-2,0-2,0.004145677448635216,0.004145677448635216,0.004145677448635216,0.0,0.0
28.405681136227248,0.5023086737714849,0.503488811889844,0.503488811889844,0.503488811889844,0-2,0-2,0-2,0-2,0.004111627502241949,0.004111627502241949,0.004111627502241949,0.0,0.0
28.425685137027408,0.5080914138701317,0.5093580951921653,0.5093580951921653,0.5093580951921653,0-2,0-2,0-2,0-2,0.004075668948060216,0.004075668948060216,0.004075668948060216,0.0,0.0
28.445689137827568,0.5142795408275841,0.5156257899199119,0.5156257899199119,0.5156257899199119,0-2,0-2,0-2,0-2,0.004038074874604746,0.004038074874604746,0.004038074874604746,0.0,0.0
28.465693138627728,0.5208403380019754,0.5222592027348847,0.5222592027348847,0.5222592027348847,0-2,0-2,0-2,0-2,0.003999109391964287,0.003999109391964287,0.003999109391964287,0.0,0.0
28.485697139427888,0.5277412747950824,0.5292259051500517,0.5292259051500517,0.5292259051500517,0-2,0-2,0-2,0-2,0.00395902395226333,0.00395902395226333,0.00395902395226333,0.0,0.0
28.505701140228048,0.5349503599200047,0.5364940735327293,0.5364940735327293,0.5364940735327293,0-2,0-2,0-2,0-2,0.0039180546215412115,0.0039180546215412115,0.0039180546215412115,0.0,0.0
28.525705141028208,0.5424364328513599,0.5440327676140021,0.5440327676140021,0.5440327676140021,0-2,0-2,0-2,0-2,0.0038764202310851803,0.0038764202310851803,0.0038764202310851803,0.0,0.0
28.545709141828368,0.550169395679186,0.5518121502032587,0.5518121502032587,0.5518121502032587,0-2,0-2,0-2,0-2,0.0038343213050849707,0.0038343213050849707,0.0038343213050849707,0.0,0.0
28.56571314262853,0.5581203895930615,0.5598036526548049,0.5598036526548049,0.5598036526548049,0-2,0-2,0-2,0-2,0.003791939645191593,0.003791939645191593,0.003791939645191593,0.0,0.0
28.58571714342869,0.5662619215191402,0.5679800917922843,0.5679800917922843,0.5679800917922843,0-2,0-2,0-2,0-2,0.0037494384483134635,0.0037494384483134635,0.0037494384483134635,0.0,0.0
28.60572114422885,0.5745679471227603,0.576315744574669,0.576315744574669,0.576315744574669,0-2,0-2,0-2,0-2,0.0037069628386293208,0.0037069628386293208,0.0037069628386293208,0.0,0.0
28.62572514502901,0.5830139165953473,0.5847863869085057,0.5847863869085057,0.5847863869085057,0-2,0-2,0-2,0-2,0.0036646407053331272,0.0036646407053331272,0.0036646407053331272,0.0,0.0
28.64572914582917,0.5915767894898456,0.5933693027965795,0.5933693027965795,0.5933693027965795,0-2,0-2,0-2,0-2,0.003622583751499967,0.003622583751499967,0.003622583751499967,0.0,0.0
28.66573314662933,0.6002350244663689,0.6020432695722437,0.6020432695722437,0.6020432695722437,0-2,0-2,0-2,0-2,0.003580888674662683,0.003580888674662683,0.003580888674662683,0.0,0.0
28.68573714742949,0.6089685492542478,0.6107885243923142,0.6107885243923142,0.6107885243923142,0-2,0-2,0-2,0-2,0.0035396384147801446,0.0035396384147801446,0.0035396384147801446,0.0,0.0
28.70574114822965,0.6177587155037082,0.6195867165209388,0.6195867165209388,0.6195867165209388,0-2,0-2,0-2,0-2,0.003498903419306887,0.003498903419306887,0.003498903419306887,0.0,0.0
28.72574514902981,0.6265882425464143,0.6284208492848411,0.6284208492848411,0.6284208492848411,0-2,0-2,0-2,0-2,0.003458742887508238,0.003458742887508238,0.003458742887508238,0.0,0.0
28.74574914982997,0.6354411534486014,0.6372752149531016,0.6372752149531016,0.6372752149531016,0-2,0-2,0-2,0-2,0.003419205966765414,0.003419205966765414,0.003419205966765414,0.0,0.0
28.76575315063013,0.6443027061490075,0.6461353252151424,0.6461353252151424,0.6461353252151424,0-2,0-2,0-2,0-2,0.0033803328823607368,0.0033803328823607368,0.0033803328823607368,0.0,0.0
28.78575715143029,0.6531593219409062,0.6549878394115327,0.6549878394115327,0.6549878394115327,0-2,0-2,0-2,0-2,0.0033421559892324914,0.0033421559892324914,0.0033421559892324914,0.0,0.0
28.80576115223045,0.6619985130897436,0.6638204922187447,0.6638204922187447,0.6638204922187447,0-2,0-2,0-2,0-2,0.0033047007396334433,0.0033047007396334433,0.0033047007396334433,0.0,0.0
28.82576515303061,0.6708088109760124,0.6726220221009922,0.6726220221009922,0.6726220221009922,0-2,0-2,0-2,0-2,0.0032679865647335343,0.0032679865647335343,0.0032679865647335343,0.0,0.0
28.84576915383077,0.6795796958141721,0.6813821015163124,0.6813821015163124,0.6813821015163124,0-2,0-2,0-2,0-2,0.00323202767120338,0.00323202767120338,0.00323202767120338,0.0,0.0
28.865773154630926,0.6883015287174812,0.6900912695946513,0.6900912695946513,0.6900912695946513,0-2,0-2,0-2,0-2,0.003196833755912901,0.003196833755912901,0.003196833755912901,0.0,0.0
28.885777155431086,0.6969654866493084,0.6987408677865025,0.6987408677865025,0.6987408677865025,0-2,0-2,0-2,0-2,0.003162410643246687,0.003162410643246687,0.003162410643246687,0.0,0.0
28.905781156231246,0.7055635006170827,0.7073229788049371,0.7073229788049371,0.7073229788049371,0-2,0-2,0-2,0-2,0.003128760850436201,0.003128760850436201,0.003128760850436201,0.0,0.0
28.925785157031406,0.7140881973191416,0.7158303690452179,0.7158303690452179,0.7158303690452179,0-2,0-2,0-2,0-2,0.003095884086634364,0.003095884086634364,0.003095884086634364,0.0,0.0
28.945789157831566,0.7225328443409861,0.7242564345585674,0.7242564345585674,0.7242564345585674,0-2,0-2,0-2,0-2,0.0030637776916872246,0.0030637776916872246,0.0030637776916872246,0.0,0.0
28.965793158631726,0.7308912989105685,0.7325951505747156,0.7325951505747156,0.7325951505747156,0-2,0-2,0-2,0-2,0.0030324370204076294,0.0030324370204076294,0.0030324370204076294,0.0,0.0
28.985797159431886,0.7391579601571744,0.7408410245068421,0.7408410245068421,0.7408410245068421,0-2,0-2,0-2,0-2,0.0030018557779444236,0.0030018557779444236,0.0030018557779444236,0.0,0.0
29.005801160232046,0.7473277247711114,0.7489890523283941,0.7489890523283941,0.7489890523283941,0-2,0-2,0-2,0-2,0.002972026311512413,0.002972026311512413,0.002972026311512413,0.0,0.0
29.025805161032206,0.7553959459282016,0.7570346781806037,0.7570346781806037,0.7570346781806037,0-2,0-2,0-2,0-2,0.00294293986336881,0.00294293986336881,0.00294293986336881,0.0,0.0
29.045809161832366,0.7633583953210059,0.7649737570494459,0.7649737570494459,0.7649737570494459,0-2,0-2,0-2,0-2,0.002914586789518105,0.002914586789518105,0.002914586789518105,0.0,0.0
29.065813162632526,0.7712112281253446,0.7728025203389522,0.7728025203389522,0.7728025203389522,0-2,0-2,0-2,0-2,0.0028869567482173375,0.0028869567482173375,0.0028869567482173375,0.0,0.0
29.085817163432687,0.7789509507239927,0.7805175441622657,0.7805175441622657,0.7805175441622657,0-2,0-2,0-2,0-2,0.00286003886195442,0.00286003886195442,0.00286003886195442,0.0,0.0
29.105821164232847,0.7865743910077999,0.7881157201710663,0.7881157201710663,0.7881157201710663,0-2,0-2,0-2,0-2,0.0028338218561903394,0.0028338218561903394,0.0028338218561903394,0.0,0.0
29.125825165033007,0.7940786710766099,0.7955942287467329,0.7955942287467329,0.7955942287467329,0-2,0-2,0-2,0-2,0.0028082941777976917,0.0028082941777976917,0.0028082941777976917,0.0,0.0
29.145829165833167,0.8014611821671801,0.8029505143818909,0.8029505143818909,0.8029505143818909,0-2,0-2,0-2,0-2,0.0027834440958001286,0.0027834440958001286,0.0027834440958001286,0.0,0.0
29.165833166633327,0.8087195616420323,0.8101822630880029,0.8101822630880029,0.8101822630880029,0-2,0-2,0-2,0-2,0.0027592597867142905,0.0027592597867142905,0.0027592597867142905,0.0,0.0
29.185837167433487,0.8158516718811464,0.8172873816728281,0.8172873816728281,0.8172873816728281,0-2,0-2,0-2,0-2,0.002735729406522269,0.002735729406522269,0.002735729406522269,0.0,0.0
29.205841168233647,0.8228555809271566,0.8242639787404169,0.8242639787404169,0.8242639787404169,0-2,0-2,0-2,0-2,0.0027128411510589706,0.0027128411510589706,0.0027128411510589706,0.0,0.0
29.225845169033807,0.8297295447438421,0.8311103472754735,0.8311103472754735,0.8311103472754735,0-2,0-2,0-2,0-2,0.002690583306377648,0.002690583306377648,0.002690583306377648,0.0,0.0
29.245849169833967,0.8364719909569628,0.8378249486831554,0.8378249486831554,0.8378249486831554,0-2,0-2,0-2,0-2,0.0026689442904631894,0.0026689442904631894,0.0026689442904631894,0.0,0.0
29.265853170634127,0.8430815039556352,0.8444063981644747,0.8444063981644747,0.8444063981644747,0-2,0-2,0-2,0-2,0.002647912687487827,0.002647912687487827,0.002647912687487827,0.0,0.0
29.285857171434287,0.8495568112413526,0.8508534513163036,0.8508534513163036,0.8508534513163036,0-2,0-2,0-2,0-2,0.002627477275653432,0.002627477275653432,0.002627477275653432,0.0,0.0
29.305861172234447,0.8558967709203223,0.857164991853453,0.857164991853453,0.857164991853453,0-2,0-2,0-2,0-2,0.0026076270495281385,0.0026076270495281385,0.0026076270495281385,0.0,0.0
29.325865173034607,0.8621003602429267,0.8633400203583464,0.8633400203583464,0.8633400203583464,0-2,0-2,0-2,0-2,0.002588351237669467,0.002588351237669467,0.002588351237669467,0.0,0.0
29.345869173834767,0.8681666651018174,0.8693776439713834,0.8693776439713834,0.8693776439713834,0-2,0-2,0-2,0-2,0.0025696393162184905,0.0025696393162184905,0.0025696393162184905,0.0,0.0
29.365873174634928,0.8740948704073542,0.8752770669422067,0.8752770669422067,0.8752770669422067,0-2,0-2,0-2,0-2,0.0025514810190647263,0.0025514810190647263,0.0025514810190647263,0.0,0.0
29.385877175435088,0.8798842512658381,0.8810375819687005,0.8810375819687005,0.8810375819687005,0-2,0-2,0-2,0-2,0.0025338663450959775,0.0025338663450959775,0.0025338663450959775,0.0,0.0
29.405881176235248,0.8855341648922371,0.8866585622567046,0.8866585622567046,0.8866585622567046,0-2,0-2,0-2,0-2,0.0025167855629843073,0.0025167855629843073,0.0025167855629843073,0.0,0.0
29.425885177035408,0.8910440431948918,0.8921394542391132,0.8921394542391132,0.8921394542391132,0-2,0-2,0-2,0-2,0.002500229213893746,0.002500229213893746,0.002500229213893746,0.0,0.0
29.445889177835568,0.8964133859750344,0.8974797708982816,0.8974797708982816,0.8974797708982816,0-2,0-2,0-2,0-2,0.0024841881124477334,0.0024841881124477334,0.0024841881124477334,0.0,0.0
29.465893178635728,0.9016417546888683,0.9026790856404885,0.9026790856404885,0.9026790856404885,0-2,0-2,0-2,0-2,0.00246865334624478,0.00246865334624478,0.00246865334624478,0.0,0.0
29.485897179435888,0.9067287667244861,0.9077370266756504,0.9077370266756504,0.9077370266756504,0-2,0-2,0-2,0-2,0.002453616274173789,0.002453616274173789,0.002453616274173789,0.0,0.0
29.505901180236048,0.9116740901500399,0.9126532718595388,0.9126532718595388,0.9126532718595388,0-2,0-2,0-2,0-2,0.002439068523744549,0.002439068523744549,0.002439068523744549,0.0,0.0
29.525905181036208,0.9164774388933853,0.9174275439594943,0.9174275439594943,0.9174275439594943,0-2,0-2,0-2,0-2,0.002425001987620023,0.002425001987620023,0.002425001987620023,0.0,0.0
29.545909181836368,0.9211385683168941,0.92205960630803,0.92205960630803,0.92205960630803,0-2,0-2,0-2,0-2,0.0024114088195101896,0.0024114088195101896,0.0024114088195101896,0.0,0.0
29.56591318263653,0.9256572711543066,0.9265492588118404,0.9265492588118404,0.9265492588118404,0-2,0-2,0-2,0-2,0.002398281429565215,0.002398281429565215,0.002398281429565215,0.0,0.0
29.58591718343669,0.9300333737794023,0.9308963342865753,0.9308963342865753,0.9308963342865753,0-2,0-2,0-2,0-2,0.002385612479386095,0.002385612479386095,0.002385612479386095,0.0,0.0
29.60592118423685,0.9342667327789148,0.9351006950903419,0.9351006950903419,0.9351006950903419,0-2,0-2,0-2,0-2,0.002373394876753969,0.002373394876753969,0.002373394876753969,0.0,0.0
29.62592518503701,0.938357231804538,0.9391622300312656,0.9391622300312656,0.9391622300312656,0-2,0-2,0-2,0-2,0.0023616217701646893,0.0023616217701646893,0.0023616217701646893,0.0,0.0
29.64592918583717,0.9423047786810781,0.9430808515266085,0.9430808515266085,0.9430808515266085,0-2,0-2,0-2,0-2,0.0023502865432420876,0.0023502865432420876,0.0023502865432420876,0.0,0.0
29.66593318663733,0.9461093027498217,0.9468564929929193,0.9468564929929193,0.9468564929929193,0-2,0-2,0-2,0-2,0.0023393828090931797,0.0023393828090931797,0.0023393828090931797,0.0,0.0
29.68593718743749,0.949770752428022,0.9504891064484878,0.9504891064484878,0.9504891064484878,0-2,0-2,0-2,0-2,0.0023289044046586297,0.0023289044046586297,0.0023289044046586297,0.0,0.0
29.70594118823765,0.9532890929670907,0.9539786603110254,0.9539786603110254,0.9539786603110254,0-2,0-2,0-2,0-2,0.002318845385103251,0.002318845385103251,0.002318845385103251,0.0,0.0
29.72594518903781,0.9566643043936077,0.9573251373749878,0.9573251373749878,0.9573251373749878,0-2,0-2,0-2,0-2,0.002309200018284712,0.002309200018284712,0.002309200018284712,0.0,0.0
29.74594918983797,0.9598963796186556,0.9605285329543327,0.9605285329543327,0.9605285329543327,0-2,0-2,0-2,0-2,0.0022999627793323816,0.0022999627793323816,0.0022999627793323816,0.0,0.0
29.76595319063813,0.9629853227022691,0.9635888531777528,0.9635888531777528,0.9635888531777528,0-2,0-2,0-2,0-2,0.002291128345362909,0.002291128345362909,0.002291128345362909,0.0,0.0
29.78595719143829,0.9659311472609496,0.9665061134245674,0.9665061134245674,0.9665061134245674,0-2,0-2,0-2,0-2,0.0022826915903543573,0.0022826915903543573,0.0022826915903543573,0.0,0.0
29.80596119223845,0.9687338750072608,0.9692803368905064,0.9692803368905064,0.9692803368905064,0-2,0-2,0-2,0-2,0.0022746475801972035,0.0022746475801972035,0.0022746475801972035,0.0,0.0
29.82596519303861,0.9713935344115026,0.9719115532735723,0.9719115532735723,0.9719115532735723,0-2,0-2,0-2,0-2,0.0022669915679368697,0.0022669915679368697,0.0022669915679368697,0.0,0.0
29.84596919383877,0.9739101594763458,0.9743997975710442,0.9743997975710442,0.9743997975710442,0-2,0-2,0-2,0-2,0.002259718989219702,0.002259718989219702,0.002259718989219702,0.0,0.0
29.86597319463893,0.9762837886161364,0.976745108979498,0.976745108979498,0.976745108979498,0-2,0-2,0-2,0-2,0.002252825457951269,0.002252825457951269,0.002252825457951269,0.0,0.0
29.88597719543909,0.9785144636333256,0.9789475298904432,0.9789475298904432,0.9789475298904432,0-2,0-2,0-2,0-2,0.002246306762175458,0.002246306762175458,0.002246306762175458,0.0,0.0
29.90598119623925,0.9806022287851748,0.981007104974869,0.981007104974869,0.981007104974869,0-2,0-2,0-2,0-2,0.0022401588601778967,0.0022401588601778967,0.0022401588601778967,0.0,0.0
29.92598519703941,0.9825471299345212,0.9829238803506068,0.9829238803506068,0.9829238803506068,0-2,0-2,0-2,0-2,0.0022343778768195177,0.0022343778768195177,0.0022343778768195177,0.0,0.0
29.94598919783957,0.984349213778973,0.9846979028270002,0.9846979028270002,0.9846979028270002,0-2,0-2,0-2,0-2,0.002228960100101681,0.002228960100101681,0.002228960100101681,0.0,0.0
29.96599319863973,0.9860085271534536,0.9863292192219028,0.9863292192219028,0.9863292192219028,0-2,0-2,0-2,0-2,0.0022239019779644697,0.0022239019779644697,0.0022239019779644697,0.0,0.0
29.98599719943989,0.9875251164015042,0.9878178757465191,0.9878178757465191,0.9878178757465191,0-2,0-2,0-2,0-2,0.002219200115319314,0.002219200115319314,0.002219200115319314,0.0,0.0
30.00600120024005,0.9888990268112329,0.9891639174540665,0.9891639174540665,0.9891639174540665,0-2,0-2,0-2,0-2,0.002214851271315173,0.002214851271315173,0.002214851271315173,0.0,0.0
30.02600520104021,0.9901303021122243,0.9903673877486547,0.9903673877486547,0.9903673877486547,0-2,0-2,0-2,0-2,0.002210852356837603,0.002210852356837603,0.002210852356837603,0.0,0.0
30.04600920184037,0.9912189840301316,0.9914283279511934,0.9914283279511934,0.9914283279511934,0-2,0-2,0-2,0-2,0.0022072004322390396,0.0022072004322390396,0.0022072004322390396,0.0,0.0
30.06601320264053,0.9921651118960582,0.9923467769194986,0.9923467769194986,0.9923467769194986,0-2,0-2,0-2,0-2,0.0022038927052995118,0.0022038927052995118,0.0022038927052995118,0.0,0.0
30.08601720344069,0.9929687223081828,0.9931227707201341,0.9931227707201341,0.9931227707201341,0-2,0-2,0-2,0-2,0.0022009265294143264,0.0022009265294143264,0.0022009265294143264,0.0,0.0
30.10602120424085,0.9936298488434376,0.9937563423498534,0.9937563423498534,0.9937563423498534,0-2,0-2,0-2,0-2,0.00219829940200736,0.00219829940200736,0.00219829940200736,0.0,0.0
30.12602520504101,0.9941485218173526,0.9942475215048268,0.9942475215048268,0.9942475215048268,0-2,0-2,0-2,0-2,0.0021960089631665376,0.0021960089631665376,0.0021960089631665376,0.0,0.0
30.14602920584117,0.9945247680905028,0.9945963343961436,0.9945963343961436,0.9945963343961436,0-2,0-2,0-2,0-2,0.0021940529944997453,0.0021940529944997453,0.0021940529944997453,0.0,0.0
30.16603320664133,0.9947586109202801,0.9948028036103741,0.9948028036103741,0.9948028036103741,0-2,0-2,0-2,0-2,0.0021924294182069587,0.0021924294182069587,0.0021924294182069587,0.0,0.0
30.18603720744149,0.994850069857004,0.9948669480142579,0.9948669480142579,0.9948669480142579,0-2,0-2,0-2,0-2,0.002191136296367041,0.002191136296367041,0.002191136296367041,0.0,0.0
30.20604120824165,0.9947991606836611,0.9947887827028625,0.9947887827028625,0.9947887827028625,0-2,0-2,0-2,0-2,0.0021901718304352,0.0021901718304352,0.0021901718304352,0.0,0.0
30.22604520904181,0.9946058953988365,0.9945683189908301,0.9945683189908301,0.9945683189908301,0-2,0-2,0-2,0-2,0.00218953436094866,0.00218953436094866,0.00218953436094866,0.0,0.0
30.24604920984197,0.9942702822426714,0.994205564446595,0.994205564446595,0.994205564446595,0-2,0-2,0-2,0-2,0.0021892223674373607,0.0021892223674373607,0.0021892223674373607,0.0,0.0
30.26605321064213,0.9937923257659487,0.9937005229697292,0.9937005229697292,0.9937005229697292,0-2,0-2,0-2,0-2,0.0021892344685364748,0.0021892344685364748,0.0021892344685364748,0.0,0.0
30.28605721144229,0.9931720269426768,0.9930531949118325,0.9930531949118325,0.9930531949118325,0-2,0-2,0-2,0-2,0.0021895694222976666,0.0021895694222976666,0.0021895694222976666,0.0,0.0
30.30606121224245,0.9924093833268142,0.9922635772416664,0.9922635772416664,0.9922635772416664,0-2,0-2,0-2,0-2,0.002190226126697452,0.002190226126697452,0.002190226126697452,0.0,0.0
30.32606521304261,0.9915043892540526,0.9913316637554958,0.9913316637554958,0.9913316637554958,0-2,0-2,0-2,0-2,0.002191203620337179,0.002191203620337179,0.002191203620337179,0.0,0.0
30.34606921384277,0.9904570360898595,0.9902574453338997,0.9902574453338997,0.9902574453338997,0-2,0-2,0-2,0-2,0.002192501083333708,0.002192501083333708,0.002192501083333708,0.0,0.0
30.36607321464293,0.989267312525273,0.9890409102465907,0.9890409102465907,0.9890409102465907,0-2,0-2,0-2,0-2,0.002194117838397044,0.002194117838397044,0.002194117838397044,0.0,0.0
30.38607721544309,0.987935204922242,0.9876820445070982,0.9876820445070982,0.9876820445070982,0-2,0-2,0-2,0-2,0.002196053352091317,0.002196053352091317,0.002196053352091317,0.0,0.0
30.40608121624325,0.9864606977106218,0.9861808322794834,0.9861808322794834,0.9861808322794834,0-2,0-2,0-2,0-2,0.0021983072362770453,0.0021983072362770453,0.0021983072362770453,0.0,0.0
30.42608521704341,0.9848437738392688,0.9845372563395873,0.9845372563395873,0.9845372563395873,0-2,0-2,0-2,0-2,0.0022008792497296733,0.0022008792497296733,0.0022008792497296733,0.0,0.0
30.44608921784357,0.98308441528402,0.9827512985936686,0.9827512985936686,0.9827512985936686,0-2,0-2,0-2,0-2,0.00220376929993252,0.00220376929993252,0.00220376929993252,0.0,0.0
30.46609321864373,0.9811826036157203,0.9808229406576564,0.9808229406576564,0.9808229406576564,0-2,0-2,0-2,0-2,0.0022069774450392122,0.0022069774450392122,0.0022069774450392122,0.0,0.0
30.48609721944389,0.9791383206318536,0.9787521645006498,0.9787521645006498,0.9787521645006498,0-2,0-2,0-2,0-2,0.0022105038960015225,0.0022105038960015225,0.0022105038960015225,0.0,0.0
30.50610122024405,0.9769515490557472,0.9765389531567115,0.9765389531567115,0.9765389531567115,0-2,0-2,0-2,0-2,0.002214349018858511,0.002214349018858511,0.002214349018858511,0.0,0.0
30.52610522104421,0.974622273307781,0.974183291509466,0.974183291509466,0.974183291509466,0-2,0-2,0-2,0-2,0.0022185133371812574,0.0022185133371812574,0.0022185133371812574,0.0,0.0
30.54610922184437,0.9721504803535083,0.9716851671545023,0.9716851671545023,0.9716851671545023,0-2,0-2,0-2,0-2,0.002222997534667546,0.002222997534667546,0.002222997534667546,0.0,0.0
30.566113222644532,0.9695361606341222,0.9690445713451086,0.9690445713451086,0.9690445713451086,0-2,0-2,0-2,0-2,0.0022278024578801805,0.0022278024578801805,0.0022278024578801805,0.0,0.0
30.586117223444692,0.9667793090852665,0.9662615000274394,0.9662615000274394,0.9662615000274394,0-2,0-2,0-2,0-2,0.0022329291191207,0.0022329291191207,0.0022329291191207,0.0,0.0
30.606121224244852,0.9638799262507974,0.963335954971835,0.963335954971835,0.963335954971835,0-2,0-2,0-2,0-2,0.002238378699430711,0.002238378699430711,0.002238378699430711,0.0,0.0
30.626125225045012,0.9608380194987701,0.9602679450076872,0.9602679450076872,0.9602679450076872,0-2,0-2,0-2,0-2,0.002244152551708832,0.002244152551708832,0.002244152551708832,0.0,0.0
30.646129225845172,0.9576536043476399,0.9570574873699705,0.9570574873699705,0.9570574873699705,0-2,0-2,0-2,0-2,0.0022502522039340475,0.0022502522039340475,0.0022502522039340475,0.0,0.0
30.666133226645332,0.954326705911456,0.9537046091663618,0.9537046091663618,0.9537046091663618,0-2,0-2,0-2,0-2,0.002256679362479945,0.002256679362479945,0.002256679362479945,0.0,0.0
30.686137227445492,0.9508573604736741,0.9502093489747254,0.9502093489747254,0.9502093489747254,0-2,0-2,0-2,0-2,0.002263435915503714,0.002263435915503714,0.002263435915503714,0.0,0.0
30.706141228245652,0.9472456172001494,0.9465717585816975,0.9465717585816975,0.9465717585816975,0-2,0-2,0-2,0-2,0.0022705239363928643,0.0022705239363928643,0.0022705239363928643,0.0,0.0
30.726145229045812,0.9434915400028843,0.9427919048741259,0.9427919048741259,0.9427919048741259,0-2,0-2,0-2,0-2,0.002277945687246828,0.002277945687246828,0.002277945687246828,0.0,0.0
30.74614922984597,0.9395952095672152,0.9388698718962479,0.9388698718962479,0.9388698718962479,0-2,0-2,0-2,0-2,0.0022857036223696333,0.0022857036223696333,0.0022857036223696333,0.0,0.0
30.76615323064613,0.9355567255563342,0.9348057630867286,0.9348057630867286,0.9348057630867286,0-2,0-2,0-2,0-2,0.0022938003917322494,0.0022938003917322494,0.0022938003917322494,0.0,0.0
30.78615723144629,0.9313762090083749,0.9305997037110119,0.9305997037110119,0.9305997037110119,0-2,0-2,0-2,0-2,0.0023022388444043414,0.0023022388444043414,0.0023022388444043414,0.0,0.0
30.80616123224645,0.9270538049427232,0.9262518435059266,0.9262518435059266,0.9262518435059266,0-2,0-2,0-2,0-2,0.0023110220318677344,0.0023110220318677344,0.0023110220318677344,0.0,0.0
30.82616523304661,0.9225896851938234,0.9217623595550885,0.9217623595550885,0.9217623595550885,0-2,0-2,0-2,0-2,0.00232015321120146,0.00232015321120146,0.00232015321120146,0.0,0.0
30.84616923384677,0.9179840514924743,0.9171314594154065,0.9171314594154065,0.9171314594154065,0-2,0-2,0-2,0-2,0.002329635848069872,0.002329635848069872,0.002329635848069872,0.0,0.0
30.86617323464693,0.9132371388165097,0.912359384516937,0.912359384516937,0.912359384516937,0-2,0-2,0-2,0-2,0.0023394736194543536,0.0023394736194543536,0.0023394736194543536,0.0,0.0
30.88617723544709,0.908349219034848,0.9074464138604333,0.9074464138604333,0.9074464138604333,0-2,0-2,0-2,0-2,0.002349670416053437,0.002349670416053437,0.002349670416053437,0.0,0.0
30.90618123624725,0.9033206048711654,0.9023928680392582,0.9023928680392582,0.9023928680392582,0-2,0-2,0-2,0-2,0.002360230344270716,0.002360230344270716,0.002360230344270716,0.0,0.0
30.92618523704741,0.8981516542159406,0.8971991136148505,0.8971991136148505,0.8971991136148505,0-2,0-2,0-2,0-2,0.0023711577276902007,0.0023711577276902007,0.0023711577276902007,0.0,0.0
30.94618923784757,0.8928427748183495,0.8918655678777101,0.8918655678777101,0.8918655678777101,0-2,0-2,0-2,0-2,0.0023824571079272285,0.0023824571079272285,0.0023824571079272285,0.0,0.0
30.96619323864773,0.8873944293924575,0.8863927040288783,0.8863927040288783,0.8863927040288783,0-2,0-2,0-2,0-2,0.0023941332447252384,0.0023941332447252384,0.0023941332447252384,0.0,0.0
30.98619723944789,0.8818071411754195,0.8807810568202012,0.8807810568202012,0.8807810568202012,0-2,0-2,0-2,0-2,0.0024061911151470917,0.0024061911151470917,0.0024061911151470917,0.0,0.0
31.00620124024805,0.8760814999789387,0.875031228695259,0.875031228695259,0.875031228695259,0-2,0-2,0-2,0-2,0.002418635911687259,0.002418635911687259,0.002418635911687259,0.0,0.0
31.02620524104821,0.8702181687791142,0.8691438964767667,0.8691438964767667,0.8691438964767667,0-2,0-2,0-2,0-2,0.002431473039103826,0.002431473039103826,0.002431473039103826,0.0,0.0
31.04620924184837,0.8642178908940019,0.8631198186505241,0.8631198186505241,0.8631198186505241,0-2,0-2,0-2,0-2,0.0024447081097416093,0.0024447081097416093,0.0024447081097416093,0.0,0.0
31.06621324264853,0.8580814978028055,0.8569598433006227,0.8569598433006227,0.8569598433006227,0-2,0-2,0-2,0-2,0.002458346937077253,0.002458346937077253,0.002458346937077253,0.0,0.0
31.08621724344869,0.8518099176655536,0.8506649167556435,0.8506649167556435,0.8506649167556435,0-2,0-2,0-2,0-2,0.0024723955271830854,0.0024723955271830854,0.0024723955271830854,0.0,0.0
31.10622124424885,0.845404184607495,0.8442360930110048,0.8442360930110048,0.8442360930110048,0-2,0-2,0-2,0-2,0.002486860067754885,0.002486860067754885,0.002486860067754885,0.0,0.0
31.12622524504901,0.8388654488382133,0.8376745439984692,0.8376745439984692,0.8376745439984692,0-2,0-2,0-2,0-2,0.00250174691430301,0.00250174691430301,0.00250174691430301,0.0,0.0
31.14622924584917,0.8321949876816779,0.8309815707800942,0.8309815707800942,0.8309815707800942,0-2,0-2,0-2,0-2,0.002517062573038119,0.002517062573038119,0.002517062573038119,0.0,0.0
31.16623324664933,0.8253942176000811,0.8241586157506169,0.8241586157506169,0.8241586157506169,0-2,0-2,0-2,0-2,0.0025328136799230047,0.0025328136799230047,0.0025328136799230047,0.0,0.0
31.18623724744949,0.8184647073013814,0.8172072759393925,0.8172072759393925,0.8172072759393925,0-2,0-2,0-2,0-2,0.0025490069752786074,0.0025490069752786074,0.0025490069752786074,0.0,0.0
31.20624124824965,0.8114081920279231,0.8101293175105164,0.8101293175105164,0.8101293175105164,0-2,0-2,0-2,0-2,0.002565649273246065,0.002565649273246065,0.002565649273246065,0.0,0.0
31.22624524904981,0.8042265891313402,0.8029266915676438,0.8029266915676438,0.8029266915676438,0-2,0-2,0-2,0-2,0.0025827474253077125,0.0025827474253077125,0.0025827474253077125,0.0,0.0
31.24624924984997,0.7969220150470555,0.7956015513781478,0.7956015513781478,0.7956015513781478,0-2,0-2,0-2,0-2,0.0026003082769556914,0.0026003082769556914,0.0026003082769556914,0.0,0.0
31.26625325065013,0.7894968037900086,0.7881562711395953,0.7881562711395953,0.7881562711395953,0-2,0-2,0-2,0-2,0.0026183386164703158,0.0026183386164703158,0.0026183386164703158,0.0,0.0
31.28625725145029,0.7819535271016064,0.7805934664198549,0.7805934664198549,0.7805934664198549,0-2,0-2,0-2,0-2,0.002636845114627913,0.002636845114627913,0.002636845114627913,0.0,0.0
31.30626125225045,0.7742950163861294,0.7729160164103215,0.7729160164103215,0.7729160164103215,0-2,0-2,0-2,0-2,0.002655834253997332,0.002655834253997332,0.002655834253997332,0.0,0.0
31.32626525305061,0.7665243865826624,0.7651270881394623,0.7651270881394623,0.7651270881394623,0-2,0-2,0-2,0-2,0.0026753122463096133,0.0026753122463096133,0.0026753122463096133,0.0,0.0
31.34626925385077,0.7586450621257145,0.7572301628007979,0.7572301628007979,0.7572301628007979,0-2,0-2,0-2,0-2,0.0026952849361855727,0.0026952849361855727,0.0026952849361855727,0.0,0.0
31.36627325465093,0.750660805153607,0.749229064355051,0.749229064355051,0.749229064355051,0-2,0-2,0-2,0-2,0.00271575768929685,0.00271575768929685,0.00271575768929685,0.0,0.0
31.38627725545109,0.7425757461278474,0.7411279905699488,0.7411279905699488,0.7411279905699488,0-2,0-2,0-2,0-2,0.002736735262797849,0.002736735262797849,0.002736735262797849,0.0,0.0
31.40628125625125,0.7343944170283427,0.7329315466622378,0.7329315466622378,0.7329315466622378,0-2,0-2,0-2,0-2,0.0027582216556221242,0.0027582216556221242,0.0027582216556221242,0.0,0.0
31.42628525705141,0.7261217872874937,0.7246447817039289,0.7246447817039289,0.7246447817039289,0-2,0-2,0-2,0-2,0.002780219935969325,0.002780219935969325,0.002780219935969325,0.0,0.0
31.44628925785157,0.7177633026197806,0.7162732279473911,0.7162732279473911,0.7162732279473911,0-2,0-2,0-2,0-2,0.002802732043041412,0.002802732043041412,0.002802732043041412,0.0,0.0
31.46629325865173,0.7093249268909438,0.7078229432101469,0.7078229432101469,0.7078229432101469,0-2,0-2,0-2,0-2,0.0028257585598109856,0.0028257585598109856,0.0028257585598109856,0.0,0.0
31.48629725945189,0.7008131871504775,0.6993005564382422,0.6993005564382422,0.6993005564382422,0-2,0-2,0-2,0-2,0.002849298453346813,0.002849298453346813,0.002849298453346813,0.0,0.0
31.50630126025205,0.6922352219207117,0.690713316534596,0.690713316534596,0.690713316534596,0-2,0-2,0-2,0-2,0.0028733487789830143,0.0028733487789830143,0.0028733487789830143,0.0,0.0
31.52630526105221,0.6835988327926033,0.6820691444930538,0.6820691444930538,0.6820691444930538,0-2,0-2,0-2,0-2,0.0028979043444345653,0.0028979043444345653,0.0028979043444345653,0.0,0.0
31.54630926185237,0.6749125393193477,0.6733766888167539,0.6733766888167539,0.6733766888167539,0-2,0-2,0-2,0-2,0.0029229573298530567,0.0029229573298530567,0.0029229573298530567,0.0,0.0
31.566313262652532,0.6661856371203564,0.6646453841170313,0.6646453841170313,0.6646453841170313,0-2,0-2,0-2,0-2,0.002948496859825124,0.002948496859825124,0.002948496859825124,0.0,0.0
31.586317263452692,0.6574282590057084,0.6558855126820818,0.6558855126820818,0.6558855126820818,0-2,0-2,0-2,0-2,0.00297450852349281,0.00297450852349281,0.00297450852349281,0.0,0.0
31.606321264252852,0.648651438800049,0.6471082686679922,0.6471082686679922,0.6471082686679922,0-2,0-2,0-2,0-2,0.003000973839384535,0.003000973839384535,0.003000973839384535,0.0,0.0
31.626325265053012,0.639867177379623,0.6383258243930815,0.6383258243930815,0.6383258243930815,0-2,0-2,0-2,0-2,0.0030278696622631942,0.0030278696622631942,0.0030278696622631942,0.0,0.0
31.646329265853172,0.631088510230988,0.6295513980039664,0.6295513980039664,0.6295513980039664,0-2,0-2,0-2,0-2,0.003055167530424028,0.003055167530424028,0.003055167530424028,0.0,0.0
31.666333266653332,0.622329575589001,0.6207993215225004,0.6207993215225004,0.6207993215225004,0-2,0-2,0-2,0-2,0.003082832953524729,0.003082832953524729,0.003082832953524729,0.0,0.0
31.686337267453492,0.6136056819093374,0.6120851079712706,0.6120851079712706,0.6120851079712706,0-2,0-2,0-2,0-2,0.0031108246433308577,0.0031108246433308577,0.0031108246433308577,0.0,0.0
31.706341268253652,0.6049333730724126,0.6034255159072416,0.6034255159072416,0.6034255159072416,0-2,0-2,0-2,0-2,0.0031390936928600835,0.0031390936928600835,0.0031390936928600835,0.0,0.0
31.726345269053812,0.5963304892982904,0.5948386092660548,0.5948386092660548,0.5948386092660548,0-2,0-2,0-2,0-2,0.0031675827134597235,0.0031675827134597235,0.0031675827134597235,0.0,0.0
31.746349269853972,0.5878162212762349,0.5863438099343677,0.5863438099343677,0.5863438099343677,0-2,0-2,0-2,0-2,0.0031962249444950383,0.0031962249444950383,0.0031962249444950383,0.0,0.0
31.766353270654133,0.5794111544829962,0.5779619399304664,0.5779619399304664,0.5779619399304664,0-2,0-2,0-2,0-2,0.0032249433566849182,0.0032249433566849182,0.0032249433566849182,0.0,0.0
31.786357271454293,0.5711373000924033,0.5697152494973416,0.5697152494973416,0.5697152494973416,0-2,0-2,0-2,0-2,0.0032536497777476444,0.0032536497777476444,0.0032536497777476444,0.0,0.0
31.806361272254453,0.5630181082862972,0.5616274268202052,0.5616274268202052,0.5616274268202052,0-2,0-2,0-2,0-2,0.0032822440778866777,0.0032822440778866777,0.0032822440778866777,0.0,0.0
31.826365273054613,0.5550784591958864,0.5537235845069725,0.5537235845069725,0.5537235845069725,0-2,0-2,0-2,0-2,0.0033106134625528415,0.0033106134625528415,0.0033106134625528415,0.0,0.0
31.846369273854773,0.5473446261802991,0.5460302174652377,0.5460302174652377,0.5460302174652377,0-2,0-2,0-2,0-2,0.0033386319304805944,0.0033386319304805944,0.0033386319304805944,0.0,0.0
31.866373274654933,0.539844205748823,0.5385751264389979,0.5385751264389979,0.5385751264389979,0-2,0-2,0-2,0-2,0.003366159965515443,0.003366159965515443,0.003366159965515443,0.0,0.0
31.886377275455093,0.5326060082357358,0.5313873013162983,0.5313873013162983,0.5313873013162983,0-2,0-2,0-2,0-2,0.0033930445402189442,0.0033930445402189442,0.0033930445402189442,0.0,0.0
31.906381276255253,0.525659903438277,0.5244967584838116,0.5244967584838116,0.5244967584838116,0-2,0-2,0-2,0-2,0.0034191195162471886,0.0034191195162471886,0.0034191195162471886,0.0,0.0
31.926385277055413,0.5190366159369658,0.5179343270948653,0.5179343270948653,0.5179343270948653,0-2,0-2,0-2,0-2,0.0034442065292767552,0.0034442065292767552,0.0034442065292767552,0.0,0.0
31.946389277855573,0.5127674658431085,0.5117313802423398,0.5117313802423398,0.5117313802423398,0-2,0-2,0-2,0-2,0.003468116442734269,0.003468116442734269,0.003468116442734269,0.0,0.0
31.966393278655733,0.5068840523586035,0.5059195087805959,0.5059195087805959,0.5059195087805959,0-2,0-2,0-2,0-2,0.0034906514426005144,0.0034906514426005144,0.0034906514426005144,0.0,0.0
31.986397279455893,0.5014178798536035,0.5005301379785284,0.5005301379785284,0.5005301379785284,0-2,0-2,0-2,0-2,0.003511607823161771,0.003511607823161771,0.003511607823161771,0.0,0.0
32.00640128025605,0.49639992917735754,0.4955940903056246,0.4955940903056246,0.4955940903056246,0-2,0-2,0-2,0-2,0.003530779479475777,0.003530779479475777,0.003530779479475777,0.0,0.0
32.02640528105621,0.4918601805438286,0.4911411013651624,0.4911411013651624,0.4911411013651624,0-2,0-2,0-2,0-2,0.0035479620763820955,0.0035479620763820955,0.0035479620763820955,0.0,0.0
32.04640928185637,0.487827098399798,0.4871993000974766,0.4871993000974766,0.4871993000974766,0-2,0-2,0-2,0-2,0.0035629578079403356,0.0035629578079403356,0.0035629578079403356,0.0,0.0
32.066413282656534,0.4843270928970655,0.4837946685702818,0.4837946685702818,0.4837946685702818,0-2,0-2,0-2,0-2,0.0035755805985314168,0.0035755805985314168,0.0035755805985314168,0.0,0.0
32.08641728345669,0.481383976551769,0.48095050053637367,0.48095050053637367,0.48095050053637367,0-2,0-2,0-2,0-2,0.003585661534541386,0.003585661534541386,0.003585661534541386,0.0,0.0
32.106421284256854,0.4790184379043294,0.47868688098620404,0.47868688098620404,0.47868688098620404,0-2,0-2,0-2,0-2,0.003593054260023228,0.003593054260023228,0.003593054260023228,0.0,0.0
32.12642528505701,0.4772475559948238,0.4770202106603576,0.4770202106603576,0.4770202106603576,0-2,0-2,0-2,0-2,0.0035976400316391362,0.0035976400316391362,0.0035976400316391362,0.0,0.0
32.146429285857174,0.4760843797999934,0.4759627994944294,0.4759627994944294,0.4759627994944294,0-2,0-2,0-2,0-2,0.003599332113870558,0.003599332113870558,0.003599332113870558,0.0,0.0
32.16643328665733,0.47553759514562255,0.4755225509863097,0.4755225509863097,0.4755225509863097,0-2,0-2,0-2,0-2,0.0035980792128936065,0.0035980792128936065,0.0035980792128936065,0.0,0.0
32.186437287457494,0.47561129794119583,0.4757027554778287,0.4757027554778287,0.4757027554778287,0-2,0-2,0-2,0-2,0.003593867696647215,0.003593867696647215,0.003593867696647215,0.0,0.0
32.20644128825765,0.4763048870832293,0.4765020045770942,0.4765020045770942,0.4765020045770942,0-2,0-2,0-2,0-2,0.003586722428445392,0.003586722428445392,0.003586722428445392,0.0,0.0
32.226445289057814,0.4776130835090363,0.47791423192537896,0.47791423192537896,0.47791423192537896,0-2,0-2,0-2,0-2,0.0035767061419037472,0.0035767061419037472,0.0035767061419037472,0.0,0.0
32.24644928985797,0.479526074336614,0.4799288779413816,0.4799288779413816,0.4799288779413816,0-2,0-2,0-2,0-2,0.0035639173959421343,0.0035639173959421343,0.0035639173959421343,0.0,0.0
32.266453290658134,0.482029773591416,0.4825311688531974,0.4825311688531974,0.4825311688531974,0-2,0-2,0-2,0-2,0.0035484872543063086,0.0035484872543063086,0.0035484872543063086,0.0,0.0
32.28645729145829,0.4851061844716257,0.4857024940112575,0.4857024940112575,0.4857024940112575,0-2,0-2,0-2,0-2,0.0035305749233090224,0.0035305749233090224,0.0035305749233090224,0.0,0.0
32.306461292258454,0.4887338430730761,0.4894208607605597,0.4894208607605597,0.4894208607605597,0-2,0-2,0-2,0-2,0.00351036264233042,0.00351036264233042,0.00351036264233042,0.0,0.0
32.32646529305861,0.4928883203822262,0.4936614033904571,0.4936614033904571,0.4936614033904571,0-2,0-2,0-2,0-2,0.003488050150834538,0.003488050150834538,0.003488050150834538,0.0,0.0
32.346469293858775,0.4975427582748133,0.4983969219518231,0.4983969219518231,0.4983969219518231,0-2,0-2,0-2,0-2,0.003463849051268938,0.003463849051268938,0.003463849051268938,0.0,0.0
32.36647329465893,0.5026684160904815,0.5035984278567254,0.5035984278567254,0.5035984278567254,0-2,0-2,0-2,0-2,0.003437977355843693,0.003437977355843693,0.003437977355843693,0.0,0.0
32.386477295459095,0.5082352067468432,0.5092356757853206,0.5092356757853206,0.5092356757853206,0-2,0-2,0-2,0-2,0.003410654452589544,0.003410654452589544,0.003410654452589544,0.0,0.0
32.40648129625925,0.5142122048442686,0.5152776650422134,0.5152776650422134,0.5152776650422134,0-2,0-2,0-2,0-2,0.003382096663327332,0.003382096663327332,0.003382096663327332,0.0,0.0
32.426485297059415,0.5205681132950487,0.5216930976324794,0.5216930976324794,0.5216930976324794,0-2,0-2,0-2,0-2,0.0033525134999639163,0.0033525134999639163,0.0033525134999639163,0.0,0.0
32.44648929785957,0.5272716792251259,0.5284507845173374,0.5284507845173374,0.5284507845173374,0-2,0-2,0-2,0-2,0.0033221046649288826,0.0033221046649288826,0.0033221046649288826,0.0,0.0
32.466493298659735,0.5342920538707875,0.5355199954069644,0.5355199954069644,0.5355199954069644,0-2,0-2,0-2,0-2,0.003291057789481547,0.003291057789481547,0.003291057789481547,0.0,0.0
32.48649729945989,0.5415990946657693,0.5428707508131078,0.5428707508131078,0.5428707508131078,0-2,0-2,0-2,0-2,0.0032595468645179684,0.0032595468645179684,0.0032595468645179684,0.0,0.0
32.506501300260055,0.5491636105401331,0.5504740577888129,0.5504740577888129,0.5504740577888129,0-2,0-2,0-2,0-2,0.003227731290969991,0.003227731290969991,0.003227731290969991,0.0,0.0
32.52650530106021,0.5569575535826962,0.5583020927934682,0.5583020927934682,0.5583020927934682,0-2,0-2,0-2,0-2,0.0031957554618553723,0.0031957554618553723,0.0031957554618553723,0.0,0.0
32.546509301860375,0.5649541616816703,0.5663283364758915,0.5663283364758915,0.5663283364758915,0-2,0-2,0-2,0-2,0.003163748781721728,0.003163748781721728,0.003163748781721728,0.0,0.0
32.56651330266053,0.5731280576297476,0.5745276659489277,0.5745276659489277,0.5745276659489277,0-2,0-2,0-2,0-2,0.003131826031252953,0.003131826031252953,0.003131826031252953,0.0,0.0
32.586517303460695,0.5814553105638565,0.582876410441287,0.582876410441287,0.582876410441287,0-2,0-2,0-2,0-2,0.0031000879910311426,0.0031000879910311426,0.0031000879910311426,0.0,0.0
32.60652130426085,0.5899134656163629,0.5913523761665707,0.5913523761665707,0.5913523761665707,0-2,0-2,0-2,0-2,0.003068622248720599,0.003068622248720599,0.003068622248720599,0.0,0.0
32.626525305061016,0.5984815473899173,0.5999348459492501,0.5999348459492501,0.5999348459492501,0-2,0-2,0-2,0-2,0.003037504124781443,0.003037504124781443,0.003037504124781443,0.0,0.0
32.64652930586117,0.6071400424244429,0.6086045586826819,0.6086045586826819,0.6086045586826819,0-2,0-2,0-2,0-2,0.003006797663846892,0.003006797663846892,0.003006797663846892,0.0,0.0
32.666533306661336,0.6126830675064701,0.6099373458013376,0.6099373458013376,0.6099373458013376,1-2,1-2,1-2,1-2,0.0029765566494490982,0.0029765566494490982,0.0029765566494490982,0.0,0.0
32.68653730746149,0.5942157614361397,0.5915559041996611,0.5915559041996611,0.5915559041996611,1-2,1-2,1-2,1-2,0.0029468256101610824,0.0029468256101610824,0.0029468256101610824,0.0,0.0
32.706541308261656,0.576306605322186,0.5737302127224373,0.5737302127224373,0.5737302127224373,1-2,1-2,1-2,1-2,0.002917640793375455,0.002917640793375455,0.002917640793375455,0.0,0.0
32.72654530906181,0.5589451410975567,0.5564496577095296,0.5564496577095296,0.5564496577095296,1-2,1-2,1-2,1-2,0.0028890310905800216,0.0028890310905800216,0.0028890310905800216,0.0,0.0
32.746549309861976,0.5421198794647045,0.5397026208314428,0.5397026208314428,0.5397026208314428,1-2,1-2,1-2,1-2,0.0028610189033889816,0.0028610189033889816,0.0028610189033889816,0.0,0.0
32.76655331066213,0.5258184408375381,0.5234766171677832,0.5234766171677832,0.5234766171677832,1-2,1-2,1-2,1-2,0.0028336209446262516,0.0028336209446262516,0.0028336209446262516,0.0,0.0
32.786557311462296,0.5100276803453616,0.507758417576727,0.507758417576727,0.507758417576727,1-2,1-2,1-2,1-2,0.0028068489718457964,0.0028068489718457964,0.0028068489718457964,0.0,0.0
32.80656131226245,0.49473379821927704,0.49253415668286005,0.49253415668286005,0.49253415668286005,1-2,1-2,1-2,1-2,0.002780710453715914,0.002780710453715914,0.002780710453715914,0.0,0.0
32.826565313062616,0.4799224369226108,0.47778942784217326,0.47778942784217326,0.47778942784217326,1-2,1-2,1-2,1-2,0.002755209171130081,0.002755209171130081,0.002755209171130081,0.0,0.0
32.84656931386277,0.46557876637459666,0.46350936642308144,0.46350936642308144,0.46350936642308144,1-2,1-2,1-2,1-2,0.002730345756604511,0.002730345756604511,0.002730345756604511,0.0,0.0
32.866573314662936,0.4516875585641017,0.4496787226852616,0.4496787226852616,0.4496787226852616,1-2,1-2,1-2,1-2,0.0027061181759047647,0.0027061181759047647,0.0027061181759047647,0.0,0.0
32.88657731546309,0.4382332527707943,0.436281925455173,0.436281925455173,0.436281925455173,1-2,1-2,1-2,1-2,0.0026825221567207368,0.0026825221567207368,0.0026825221567207368,0.0,0.0
32.90658131626326,0.4252000125125922,0.42330313769703104,0.42330313769703104,0.42330313769703104,1-2,1-2,1-2,1-2,0.0026595515689891705,0.0026595515689891705,0.0026595515689891705,0.0,0.0
32.92658531706341,0.41257177522878385,0.41072630496740353,0.41072630496740353,0.41072630496740353,1-2,1-2,1-2,1-2,0.002637198761894162,0.002637198761894162,0.002637198761894162,0.0,0.0
32.94658931786358,0.4003322955918112,0.39853519762540013,0.39853519762540013,0.39853519762540013,1-2,1-2,1-2,1-2,0.002615454862054588,0.002615454862054588,0.002615454862054588,0.0,0.0
32.96659331866373,0.3884651832223397,0.38671344755217485,0.38671344755217485,0.38671344755217485,1-2,1-2,1-2,1-2,0.002594310037634112,0.002594310037634112,0.002594310037634112,0.0,0.0
32.9865973194639,0.3769539354633664,0.3752445800156427,0.3752445800156427,0.3752445800156427,1-2,1-2,1-2,1-2,0.0025737537324819226,0.0025737537324819226,0.0025737537324819226,0.0,0.0
33.00660132026405,0.36578196575264277,0.36411204120051355,0.36411204120051355,0.36411204120051355,1-2,1-2,1-2,1-2,0.0025537748745808695,0.0025537748745808695,0.0025537748745808695,0.0,0.0
33.02660532106422,0.3549326280185415,0.3532992218109165,0.3532992218109165,0.3532992218109165,1-2,1-2,1-2,1-2,0.0025343620624640995,0.0025343620624640995,0.0025343620624640995,0.0,0.0
33.04660932186437,0.3443892374142051,0.34278947704336515,0.34278947704336515,0.34278947704336515,1-2,1-2,1-2,1-2,0.002515503733467396,0.002515503733467396,0.002515503733467396,0.0,0.0
33.06661332266454,0.3341350875972965,0.33256614312147853,0.33256614312147853,0.33256614312147853,1-2,1-2,1-2,1-2,0.002497188317154538,0.002497188317154538,0.002497188317154538,0.0,0.0
33.086617323464694,0.3241534646584278,0.32261255048011606,0.32261255048011606,0.32261255048011606,1-2,1-2,1-2,1-2,0.0024794043775655038,0.0024794043775655038,0.0024794043775655038,0.0,0.0
33.10662132426486,0.3144276576984038,0.3129120335843499,0.3129120335843499,0.3129120335843499,1-2,1-2,1-2,1-2,0.002462140747556228,0.002462140747556228,0.002462140747556228,0.0,0.0
33.126625325065014,0.30494096595224407,0.30344793726636576,0.30344793726636576,0.30344793726636576,1-2,1-2,1-2,1-2,0.0024453866589906072,0.0024453866589906072,0.0024453866589906072,0.0,0.0
33.14662932586518,0.29567670225349346,0.2942036193587582,0.2942036193587582,0.2942036193587582,1-2,1-2,1-2,1-2,0.002429131872387328,0.002429131872387328,0.002429131872387328,0.0,0.0
33.166633326665334,0.2866181925236686,0.28516244929275236,0.28516244929275236,0.28516244929275236,1-2,1-2,1-2,1-2,0.002413366810401576,0.002413366810401576,0.002413366810401576,0.0,0.0
33.1866373274655,0.27774877085409894,0.27630780221067425,0.27630780221067425,0.27630780221067425,1-2,1-2,1-2,1-2,0.0023980826997262467,0.0023980826997262467,0.0023980826997262467,0.0,0.0
33.206641328265654,0.2690517696167497,0.26762304800821873,0.26762304800821873,0.26762304800821873,1-2,1-2,1-2,1-2,0.0023832717272404703,0.0023832717272404703,0.0023832717272404703,0.0,0.0
33.22664532906582,0.2605105038892876,0.25909153456670486,0.25909153456670486,0.25909153456670486,1-2,1-2,1-2,1-2,0.0023689272170701664,0.0023689272170701664,0.0023689272170701664,0.0,0.0
33.246649329865974,0.252108249299546,0.2506965642491975,0.2506965642491975,0.2506965642491975,1-2,1-2,1-2,1-2,0.002355043837304149,0.002355043837304149,0.002355043837304149,0.0,0.0
33.26665333066614,0.2438282121728156,0.24242136250446827,0.24242136250446827,0.24242136250446827,1-2,1-2,1-2,1-2,0.002341617847114025,0.002341617847114025,0.002341617847114025,0.0,0.0
33.286657331466294,0.23565349058641782,0.23424903713203804,0.23424903713203804,0.23424903713203804,1-2,1-2,1-2,1-2,0.0023286473987225095,0.0023286473987225095,0.0023286473987225095,0.0,0.0
33.30666133226646,0.22756702457650016,0.22616252638626408,0.22616252638626408,0.22616252638626408,1-2,1-2,1-2,1-2,0.002316132912976253,0.002316132912976253,0.002316132912976253,0.0,0.0
33.326665333066614,0.21955153327122381,0.2181445336043853,0.2181445336043853,0.2181445336043853,1-2,1-2,1-2,1-2,0.002304077554302878,0.002304077554302878,0.002304077554302878,0.0,0.0
33.34666933386678,0.2115894360972058,0.21017744538553004,0.21017744538553004,0.21017744538553004,1-2,1-2,1-2,1-2,0.002292487840021216,0.002292487840021216,0.002292487840021216,0.0,0.0
33.366673334666935,0.20366275435895945,0.20224322945700154,0.20224322945700154,0.20224322945700154,1-2,1-2,1-2,1-2,0.002281374433272646,0.002281374433272646,0.002281374433272646,0.0,0.0
33.3866773354671,0.19575298832976884,0.19432330714117477,0.19432330714117477,0.19432330714117477,1-2,1-2,1-2,1-2,0.0022707531890778735,0.0022707531890778735,0.0022707531890778735,0.0,0.0
33.406681336267255,0.18784096337833997,0.18639839363249552,0.18639839363249552,0.18639839363249552,1-2,1-2,1-2,1-2,0.0022606465544058865,0.0022606465544058865,0.0022606465544058865,0.0,0.0
33.42668533706742,0.17990663637658658,0.17844829688345937,0.17844829688345937,0.17844829688345937,1-2,1-2,1-2,1-2,0.0022510854703716456,0.0022510854703716456,0.0022510854703716456,0.0,0.0
33.446689337867575,0.17192885036354916,0.17045166243023743,0.17045166243023743,0.17045166243023743,1-2,1-2,1-2,1-2,0.0022421119996608287,0.0022421119996608287,0.0022421119996608287,0.0,0.0
33.46669333866774,0.1638850206600345,0.16238564640580175,0.16238564640580175,0.16238564640580175,1-2,1-2,1-2,1-2,0.002233783021749152,0.002233783021749152,0.002233783021749152,0.0,0.0
33.486697339467895,0.15575072849893204,0.1542254913847386,0.1542254913847386,0.1542254913847386,1-2,1-2,1-2,1-2,0.0022261755365048127,0.0022261755365048127,0.0022261755365048127,0.0,0.0
33.50670134026806,0.14749918735776507,0.14594396811742893,0.1459438016088903,0.1459438016088903,1-2,1-2,1-2,1-2,0.002219394447029282,0.0022194115937802473,0.0022194115937802473,1.714675096527174e-08,1.714675096527174e-08
33.526705341068215,0.13910053015398172,0.13751062895575875,0.13750635537434283,0.13750635537434283,1-2,1-2,1-2,1-2,0.0022135841749920736,0.0022140349622525603,0.0022140349622525603,4.507872604867652e-07,4.507872604867652e-07
33.54670934186837,0.13052083803429973,0.12889078421760508,0.1288766453279375,0.1288766453279375,1-2,1-2,1-2,1-2,0.0022089470561151114,0.002210486528026916,0.002210486528026916,1.539471911804393e-06,1.539471911804393e-06
33.566713342668535,0.1217207858289102,0.12004407166570719,0.12001382784555649,0.12001382784555649,1-2,1-2,1-2,1-2,0.002205772689775774,0.002209201679173753,0.002209201679173753,3.4289893979786747e-06,3.4289893979786747e-06
33.58671734346869,0.11265370032832277,0.11092239777001121,0.11086903225620923,0.11086903225620923,1-2,1-2,1-2,1-2,0.0022044871547674295,0.0022108482312376116,0.0022108482312376116,6.36107647018205e-06,6.36107647018205e-06
33.606721344268855,0.10326268516462853,0.10146687423149016,0.10138204076721188,0.10138204076721188,1-2,1-2,1-2,1-2,0.0022057399549600017,0.0022164860159498184,0.0022164860159498184,1.0746060989816775e-05,1.0746060989816775e-05
33.62672534506901,0.09347619616998389,0.09160307839650088,0.09147601779617462,0.09147601779617462,1-2,1-2,1-2,1-2,0.0022105672310470128,0.002227886384610931,0.002227886384610931,1.7319153563918107e-05,1.7319153563918107e-05
33.646729345869176,0.08320090963815142,0.08123336998804255,0.08104869135004487,0.08104869135004487,1-2,1-2,1-2,1-2,0.0022207227734839636,0.0022482245373574286,0.0022482245373574286,2.7501763873465004e-05,2.7501763873465004e-05
33.66673334666933,0.07230956984415933,0.07022372780774461,0.06995662804851562,0.06995662804851562,1-2,1-2,1-2,1-2,0.0022394200647992617,0.0022837343208790615,0.0022837343208790615,4.4314256079799885e-05,4.4314256079799885e-05
33.686737347469496,0.06061888469891775,0.0583797573403503,0.057984420888216696,0.057984420888216696,1-2,1-2,1-2,1-2,0.002273236538413117,0.002348318020045243,0.002348318020045243,7.508148163212595e-05,7.508148163212595e-05
33.70674134826965,0.047846624240726256,0.04539795856088425,0.04478299744829102,0.04478299744829102,1-2,1-2,1-2,1-2,0.002338612377036162,0.0024779620916600582,0.0024779620916600582,0.00013934971462389607,0.00013934971462389607
33.726745349069816,0.03353134034108887,0.030784874449380082,0.029899735809087426,0.029899735809087426,1-2,1-2,1-2,1-2,0.0024892580363535684,0.0027481992520586203,0.0027481992520586203,0.00025894121570505186,0.00025894121570505186
33.74674934986997,0.01719290314430268,0.014426891354207626,0.013434717744164854,0.013434717744164854,1-2,1-2,1-2,1-2,0.003005491567427671,0.0035864345415406755,0.0035864345415406755,0.0005809429741130043,0.0005809429741130043
33.766753350670136,0.013328859372564074,0.01612632201905375,0.017252443482038134,0.017252443482038134,1-2,1-2,1-2,1-2,0.003360109230940119,0.0039702187793182265,0.0039702187793182265,0.0006101095483781074,0.0006101095483781074
33.78675735147029,0.02979682530165942,0.03243146535232878,0.03360790740272443,0.03360790740272443,1-2,1-2,1-2,1-2,0.002836890380251607,0.0032271505230217308,0.0032271505230217308,0.00039026014277012376,0.00039026014277012376
33.806761352270456,0.04455166507262239,0.046796230979770044,0.047980790090215615,0.047980790090215615,1-2,1-2,1-2,1-2,0.0026466501111119243,0.0029798669723588005,0.0029798669723588005,0.00033321686124687623,0.00033321686124687623
33.82676535307061,0.05757000253609141,0.05954112017655618,0.060809761613353594,0.06078245853320398,1-2,1-2,1-2,1-2,0.0025437080423675196,0.0028848231261651095,0.00287652307242278,0.00034111508379758987,0.00033281503005526056
33.846769353870776,0.06935348390196053,0.07112172222830122,0.07257442111443606,0.07245472261533362,1-2,1-2,1-2,1-2,0.00247582112314824,0.002873826988702452,0.0028371806655369445,0.00039800586555421196,0.0003613595423887046
33.86677335467093,0.08020613515227988,0.08181461616483343,0.08351633347933146,0.08326554544419139,1-2,1-2,1-2,1-2,0.002425702064400773,0.0029122031072249875,0.0028341561592201787,0.0004865010428242145,0.00040845409481940573
33.8867773554711,0.09031899238673913,0.09179529286055667,0.09379444810694443,0.09340092211263307,1-2,1-2,1-2,1-2,0.002385771705444607,0.0029847926144451163,0.0028595085650173907,0.0005990209090005094,0.0004737368595727838
33.90678135627125,0.09982003332599683,0.10118293450770731,0.10351893458740134,0.10297875338575439,1-2,1-2,1-2,1-2,0.0023522512191772637,0.003083853372745666,0.002907315921475206,0.0007316021535684024,0.0005550647022979425
33.92678535707142,0.10879961627616183,0.11006253099767947,0.11276892901071862,0.11207798944763321,1-2,1-2,1-2,1-2,0.002323039513550432,0.003204760790228655,0.0029727466198869383,0.0008817212766782231,0.0006497071063365062
33.94678935787157,0.11732421389270947,0.11849707768613114,0.12160319507608948,0.1207573530106697,1-2,1-2,1-2,1-2,0.0022968742134589592,0.0033444086161895058,0.0030527365390442453,0.0010475344027305465,0.0007558623255852861
33.96679335867174,0.1254443400152868,0.12653472850041678,0.13006663867912113,0.12906178190172335,1-2,1-2,1-2,1-2,0.0022729519678172496,0.0035005266074416607,0.0031451929776411124,0.001227574639624411,0.0008722410098238628
33.98679735947189,0.13319939824174334,0.13421322497241073,0.13819442750019778,0.13702651130181126,1-2,1-2,1-2,1-2,0.0022507385770326716,0.003671358272553121,0.0032486039505170666,0.0014206196955204495,0.000997865373484395
34.00680136027206,0.14062079495177043,0.1415627674616083,0.1460146891181972,0.1446797518272809,1-2,1-2,1-2,1-2,0.0022298664509854877,0.0038554949516893472,0.0033618298204364377,0.0016256285007038595,0.00113196336945095
34.02680536107221,0.14773402059731303,0.148607949846314,0.1535500081276221,0.1520441712785223,1-2,1-2,1-2,1-2,0.002210075736256712,0.004051672085548535,0.00348388076246777,0.0018415963492918234,0.0012738050262110579
34.04680936187238,0.15456008948005917,0.1553691059869356,0.16081567533924696,0.1591350961521386,1-2,1-2,1-2,1-2,0.002191178672878295,0.004257671124897391,0.003612869633281209,0.0020664924520190963,0.001421690960402914
34.066813362672534,0.16111656510263542,0.16186327459767466,0.16782731655175767,0.16596822319866822,1-2,1-2,1-2,1-2,0.0021730373193669635,0.004472540535463353,0.003748077961506307,0.0022995032160963895,0.0015750406421393436
34.0868173634727,0.16741830886863404,0.1681049080768078,0.1745990763406641,0.1725577731478252,1-2,1-2,1-2,1-2,0.002155549233108926,0.004695775885918719,0.0038891839858434963,0.002540226652809793,0.0017336347527345704
34.106821364272854,0.17347803878663326,0.1741064015573882,0.18114310553329238,0.17891596349323258,1-2,1-2,1-2,1-2,0.0021386374760878984,0.004926958285476992,0.004035924725679675,0.002788320809389094,0.0018972872495917766
34.12682536507302,0.17930675441782384,0.17987849753727903,0.18746996223358625,0.18505340844325555,1-2,1-2,1-2,1-2,0.002122243880905952,0.005165741752095002,0.004188085630830961,0.00304349787118905,0.0020658417499250085
34.146829365873174,0.18491406558526954,0.18543059983384635,0.1935889228999453,0.1909794293024784,1-2,1-2,1-2,1-2,0.0021063243036734784,0.005411843013550262,0.004345492849112681,0.0033055187098767836,0.002239168545439202
34.16683336667334,0.19030845048999587,0.19077102078636565,0.19950822727221884,0.19670229893461544,1-2,1-2,1-2,1-2,0.0020908452096912206,0.005665033172262407,0.004508007300645637,0.0035741879625711868,0.002417162090954417
34.186837367473494,0.1954974611470192,0.1959071784856189,0.2052352738209466,0.20222943689108755,1-2,1-2,1-2,1-2,0.0020757811738973454,0.005925130835708873,0.004675520036958897,0.003849349661811527,0.0025997388630615514
34.20684136827366,0.2004878888988462,0.20084575602472085,0.21077677762518499,0.20756756705662457,1-2,1-2,1-2,1-2,0.002061113021731798,0.006191996419618202,0.004847948538803463,0.0041308833978864045,0.002786835517071665
34.226845369073814,0.20528589925220442,0.20559283149234506,0.21613889932814598,0.21272284642688735,1-2,1-2,1-2,1-2,0.0020468264268595055,0.0064655274010668295,0.005025233717200255,0.0044187009742073236,0.00297840729034075
34.24684936987398,0.20989714284572875,0.21015398514874245,0.22132735155189695,0.21770097137806446,1-2,1-2,1-2,1-2,0.0020329108399634237,0.006745654347188577,0.005207337452963865,0.004712743507225153,0.003174426613000441
34.266853370674134,0.21432684763363194,0.2145343886081889,0.22634748754576353,0.22250726619001518,1-2,1-2,1-2,1-2,0.0020193586613704833,0.007032337581276792,0.005394240556982926,0.005012978919906309,0.0033748818956124424
34.2868573714743,0.2185798961339556,0.21873887968739308,0.2312043756869129,0.22714675743367324,1-2,1-2,1-2,1-2,0.0020061645954900687,0.0073255643751099515,0.005585941064906389,0.005319399779619883,0.0035797764694163203
34.306861372274454,0.2226608906891667,0.2227720257290938,0.23590286260740548,0.23162423699273527,1-2,1-2,1-2,1-2,0.001993325142844738,0.007625346577796777,0.005782452801965014,0.005632021434952039,0.003789127659120276
34.32686537307462,0.22657420902194356,0.22663817758066743,0.240447627097229,0.2359443158672394,1-2,1-2,1-2,1-2,0.0019808381971995995,0.00793171860806065,0.005983804168869929,0.0059508804108610504,0.00400296597167033
34.346869373874775,0.23032405187166288,0.2303415159358642,0.24484322646457374,0.24011147044001213,1-2,1-2,1-2,1-2,0.0019687027241535784,0.008244735750556929,0.006190037111090395,0.00627603302640335,0.004221334386936817
34.36687337467494,0.23391448412103544,0.2338860913901439,0.2490941366794366,0.24413008253295285,1-2,1-2,1-2,1-2,0.0019569185032600107,0.008564472707467536,0.006401206241786914,0.006607554204207526,0.004444287738526903
34.386877375475095,0.23734947053448124,0.23727585928591743,0.2532047873541788,0.24800447430853648,1-2,1-2,1-2,1-2,0.0019454859204730208,0.008891022365574477,0.006617378095009187,0.006945536445101456,0.004671892174536166
34.40688137627526,0.24063290700743728,0.2405147102116149,0.257179592403346,0.25173893886126647,1-2,1-2,1-2,1-2,0.001934405800564058,0.009224494745947828,0.006838630490225681,0.00729008894538377,0.004904224689661623
34.426885377075415,0.2437686480519337,0.24360649685229263,0.2610229770594043,0.2553377671787123,1-2,1-2,1-2,1-2,0.0019236792718614428,0.009565016109319755,0.007065051993016878,0.007641336837458313,0.005141372721155436
34.44688937787558,0.24676053110676052,0.2465550577581347,0.26473940178983724,0.258805272021025,1-2,1-2,1-2,1-2,0.001913307657080675,0.009912728194733236,0.007296741459366156,0.007999420537652562,0.005383433802285481
34.466893378675735,0.2496123981512561,0.24936423849236328,0.26833338355602276,0.2621458091632075,1-2,1-2,1-2,1-2,0.0019032923856860536,0.01026778757301504,0.007533807653337385,0.008364495187328987,0.005630515267651332
34.4868973794759,0.252328115013948,0.2520379105355758,0.27180951476937243,0.26536379635985324,1-2,1-2,1-2,1-2,0.0018936349238851814,0.010630365099536772,0.0077763689294701715,0.00873673017565159,0.00588273400558499
34.506901380276055,0.2549115886958063,0.25457998825473493,0.2751724802308078,0.26846373032297854,1-2,1-2,1-2,1-2,0.0018843367194762571,0.011000645453366308,0.008024552972744237,0.009116308733890051,0.00614021625326798
34.52690538107622,0.25736678296931825,0.2569944441884686,0.27842707228233393,0.27145020194655706,1-2,1-2,1-2,1-2,0.0018753991590155364,0.01137882675175317,0.008278496589860844,0.009503427592737633,0.006403097430845307
34.546909381876375,0.2596977324658969,0.25928532285331435,0.2815782043516541,0.2743279099637805,1-2,1-2,1-2,1-2,0.0018668235355805143,0.01176512023063094,0.008538345546579382,0.009898296695050426,0.006671522010998868
34.56691338267654,0.2619085554234152,0.26145675323603046,0.28463092303047655,0.2771016731829705,1-2,1-2,1-2,1-2,0.0018586110254191642,0.012159749982925658,0.00880425444632296,0.010301138957506494,0.006945643420903796
34.586917383476695,0.2640034652309989,0.2635129601035225,0.28759041879289016,0.2797764414139037,1-2,1-2,1-2,1-2,0.001850762672403189,0.012562952747575446,0.009076386645898089,0.010712190075172257,0.0072256239734949
34.60692138427686,0.2659867808785851,0.26545827423306795,0.2904620354307864,0.28235730516694973,1-2,1-2,1-2,1-2,0.001843279379083731,0.012974977742763096,0.009354914204360193,0.011131698363679365,0.007511634825276461
34.626925385077016,0.2678629363929412,0.2672971416404267,0.2932512782579099,0.2848495041819577,1-2,1-2,1-2,1-2,0.0018361619036637586,0.013396086537533306,0.009640017861424962,0.011559924633869546,0.007803855957761203
34.64692938587718,0.26963648931927425,0.26903413186136726,0.29596382111209696,0.28725843482161706,1-2,1-2,1-2,1-2,0.0018294108620038763,0.013826552956200845,0.009931887041802973,0.011997142094196969,0.008102476179799097
34.666933386677336,0.27131212828746365,0.2706739453225349,0.2986055121661158,0.2895896563445481,1-2,1-2,1-2,1-2,0.001823026734226775,0.014266663010305235,0.010230719882005544,0.01244363627607846,0.00840769314777877
34.6869373874775,0.2728946796840453,0.2722214198200421,0.30118237854095103,0.29184889605631775,1-2,1-2,1-2,1-2,0.0018170098752366957,0.0147167148528387,0.010536723275984324,0.012899704977602004,0.008719713400747628
34.706941388277656,0.2743891134348596,0.2736815361083185,0.3037006297011389,0.29404205332167616,1-2,1-2,1-2,1-2,0.0018113605288767706,0.015177018749592144,0.010850112935985364,0.013365658220715374,0.009038752407108594
34.72694538907782,0.2758005478886673,0.2750594225874286,0.30616665959975375,0.2961752024084421,1-2,1-2,1-2,1-2,0.001806078845168136,0.015647897062250223,0.01117111346468873,0.013841818217082087,0.009365034619520594
34.746949389877976,0.2771342537787337,0.2763603590640763,0.3085870475308174,0.29825459412256355,1-2,1-2,1-2,1-2,0.0018011649004518273,0.01612968423781868,0.011499958434604692,0.014328519337366853,0.009698793534152865
34.76695339067814,0.2783956572274361,0.27758977954982283,0.31096855763929,0.3002866561849656,1-2,1-2,1-2,1-2,0.0017966187199582545,0.016622726798640818,0.011836890470301635,0.014826108078682563,0.010040271750343381
34.786957391478296,0.27959034174821906,0.2787532740496235,0.3133181370334492,0.3022779922939289,1-2,1-2,1-2,1-2,0.0017924403026857182,0.017127383327113308,0.012182161328859456,0.01533494302442759,0.010389721026173738
34.80696139227846,0.2807240491898618,0.2798565892846871,0.31564291244151393,0.3042353798120397,1-2,1-2,1-2,1-2,0.0017886296481609356,0.01764402443883283,0.01253603197350234,0.015855394790671894,0.010747402325341405
34.826965393078616,0.2818026795600171,0.2809056282859978,0.3179501853539305,0.3061657660143593,1-2,1-2,1-2,1-2,0.0017851867850002339,0.018173032737737682,0.012898772635148454,0.01638784595273745,0.01111358585014822
34.84696939387878,0.2828322896585847,0.281906448788744,0.32024742559498093,0.3080762628345546,1-2,1-2,1-2,1-2,0.0017821118008743179,0.018714802746452517,0.013270662856182997,0.0169326909455782,0.01148855105530868
34.866973394678936,0.2838190904467619,0.282865260353566,0.32254226327242064,0.30997414004848106,1-2,1-2,1-2,1-2,0.0017794048738147062,0.01926974080493745,0.013651991510573575,0.017490335931122744,0.011872586636758869
34.8869773954791,0.2847694430749068,0.2837884201382016,0.3248424790618379,0.31186681684030537,1-2,1-2,1-2,1-2,0.0017770663044827074,0.019838264930297625,0.01404305679409086,0.018061198625814918,0.012265990489608154
34.90698139627926,0.2856898534917964,0.2846824272430003,0.3271559927934409,0.31376185170483445,1-2,1-2,1-2,1-2,0.0017750965493484364,0.020420804630652156,0.014444166178315803,0.01864570808130372,0.012669069628967366
34.92698539707942,0.28658696555982077,0.2855539155561842,0.32949085032306025,0.3156669306514112,1-2,1-2,1-2,1-2,0.0017734962544122355,0.021017800665935043,0.014855636321919394,0.019244304411522806,0.013082140067507159
34.94698939787958,0.28746755260531004,0.286409645029909,0.33185520868624363,0.3175898536895983,1-2,1-2,1-2,1-2,0.0017722662894209878,0.02162970474879007,0.015277792932820968,0.019857438459369083,0.01350552664339998
34.96699339867974,0.2883385073408898,0.28725649132637565,0.3342573195543356,0.31953851959487234,1-2,1-2,1-2,1-2,0.0017714077822169948,0.02225697917900631,0.01571097057488246,0.020485571396789314,0.013939562792665464
34.9869973994799,0.2892068301076484,0.28810143378469405,0.33670551103411545,0.3215209089736055,1-2,1-2,1-2,1-2,0.0017709221531758033,0.022900096405581924,0.016155512413212034,0.02112917425240612,0.014384590260036231
35.00700140028006,0.29007961539923754,0.28895154167407633,0.33920816787759445,0.3235450656704773,1-2,1-2,1-2,1-2,0.0017708111493758044,0.023559538511183222,0.01661176989255406,0.021788727361807418,0.014840958743178256
35.02700540108022,0.2909640366478634,0.28981395871732807,0.34177371019549657,0.32561907658780465,1-2,1-2,1-2,1-2,0.0017710768784595207,0.024235796614829136,0.01708010234402572,0.022464719736369616,0.0153090254655662
35.04700940188038,0.2918673292735475,0.29069588589052386,0.34441057079614174,0.3277510500146239,1-2,1-2,1-2,1-2,0.0017717218418326533,0.024929370189746176,0.017560876516281118,0.023157648347913524,0.015789154674448466
35.06701340268054,0.29279677202287435,0.2916045625300801,0.3471271713002966,0.3299490925930941,1-2,1-2,1-2,1-2,0.0017727489671665686,0.025640766294851087,0.018054466028392294,0.023868017327684517,0.016281717061225724
35.0870174034807,0.29375966665153797,0.2925472458069036,0.34993189721114415,0.33222128508016674,1-2,1-2,1-2,1-2,0.0017741616398558526,0.02637049871985684,0.018561250742983124,0.024596337080000988,0.016787089103127272
35.10702140428086,0.29476331603589495,0.2935311886584994,0.35283307214605997,0.3345756570926377,1-2,1-2,1-2,1-2,0.0017759637334007743,0.027119087045888123,0.0190816160597715,0.02534312331248735,0.017305652326370727
35.12702540508102,0.29581500083192414,0.2945636163032637,0.3558389314623434,0.3370201610526781,1-2,1-2,1-2,1-2,0.001778159638372125,0.02788705562536357,0.01961595213129034,0.026108895986991447,0.017837792492918215
35.14702940588118,0.29692195483468564,0.29565170149590125,0.3589575955315074,0.33956264557773785,1-2,1-2,1-2,1-2,0.001780754289932557,0.028674932487016976,0.02016465300448208,0.02689417819708442,0.018383898714549523
35.16703340668134,0.29809133922673026,0.29680253871807677,0.3621970429352238,0.34221082858224866,1-2,1-2,1-2,1-2,0.0017837531935771082,0.02948324817392871,0.0207281156936958,0.0276994949803516,0.018944362500118692
35.1870374074815,0.2993302159387658,0.2980231175329257,0.3655650838696576,0.3449722703778096,1-2,1-2,1-2,1-2,0.0017871624490688133,0.03031253452454336,0.021306739192642567,0.028525372075474547,0.019519576743573755
35.20704140828166,0.30064552037917575,0.2993202953647175,0.36906933405295334,0.3478543470725644,1-2,1-2,1-2,1-2,0.0017909887722334964,0.031163323408486637,0.02190092343468196,0.02937233463625314,0.020109934662448464
35.22704540908182,0.302044033819272,0.30070076999449524,0.3727171894324583,0.3508642245784137,1-2,1-2,1-2,1-2,0.0017952395145880604,0.032036145430780136,0.022511068212655926,0.030240905916192076,0.020715828698067866
35.24704940988198,0.30353235574727677,0.30217105208758155,0.3765158019834556,0.3540088335359389,1-2,1-2,1-2,1-2,0.0017999226804655331,0.032931528619409595,0.023137572070984935,0.03113160593894406,0.021337649390519402
35.26705341068214,0.30511687652454494,0.3037374380881904,0.3804720568796054,0.35729484546097867,1-2,1-2,1-2,1-2,0.0018050469416032514,0.03384999711233776,0.023780831184094103,0.032044950170734506,0.021975784242490852
35.2870574114823,0.3068037506913784,0.30540598382881995,0.3845925512970181,0.360728650403545,1-2,1-2,1-2,1-2,0.0018106216488531798,0.03479206986063573,0.024441238236101656,0.03298144821178255,0.022630616587248475
35.30706141228246,0.3085988712758195,0.3071824792066747,0.3888835750892817,0.36431633638930755,1-2,1-2,1-2,1-2,0.0018166568409716411,0.03575825936463553,0.025119181317284873,0.03394160252366389,0.02330252447631323
35.32706541308262,0.3105078454563799,0.30907242427534626,0.3933510935404431,0.3680636708866313,1-2,1-2,1-2,1-2,0.001823163250141162,0.036749070459609075,0.025815042852838352,0.034925907209467914,0.02399187960269719
35.34706941388278,0.31253597191816845,0.3110810070869247,0.3980007323677482,0.3719760845087986,1-2,1-2,1-2,1-2,0.0018301523041739385,0.03776499916668352,0.026529198579078945,0.035934846862509584,0.024699046274905007
35.36707341468294,0.3146882202213545,0.31321308359763067,0.4028377651069196,0.37605865712256287,1-2,1-2,1-2,1-2,0.0018376361250493454,0.03880653162328709,0.027262016581286054,0.036968895498237744,0.025424380456236708
35.3870774154831,0.31696921247146587,0.31547315991924746,0.4078671029711015,0.3803161064917124,1-2,1-2,1-2,1-2,0.0018456275237344966,0.039874143105665644,0.028013856406061164,0.03802851558193115,0.02616822888232667
35.407081416283255,0.3193832075435154,0.3178653771598393,0.41309328723157257,0.38475277953922976,1-2,1-2,1-2,1-2,0.0018541399909568737,0.040968297153729086,0.028785068259247534,0.03911415716277221,0.02693092826829066
35.42708541708342,0.3219340880672293,0.32039349905158504,0.4185204841252889,0.38937264626529977,1-2,1-2,1-2,1-2,0.0018631876838633287,0.042089444806015425,0.02957599229837401,0.040226257122152095,0.02771280461451068
35.447089417883575,0.3246253503302836,0.3230609025124409,0.4241524822524972,0.39417929631233195,1-2,1-2,1-2,1-2,0.0018727854083603719,0.043238023949776286,0.03038695802615383,0.04136523854141591,0.02851417261779346
35.46709341868374,0.32746009720196834,0.3258705712334734,0.4299926923882649,0.39917593812370805,1-2,1-2,1-2,1-2,0.001882948596954458,0.044414458788333305,0.031218283789009486,0.042531510191378845,0.02933533519205503
35.487097419483895,0.33044103412292936,0.32882509232691,0.4360441495958529,0.4043654006014186,1-2,1-2,1-2,1-2,0.0018936932821007838,0.04561915942503034,0.03207027638199158,0.043725466142929555,0.030176583099890797
35.50710142028406,0.33357046814961155,0.3319266560131548,0.4423095174982677,0.40975013713026487,1-2,1-2,1-2,1-2,0.0019050360648578408,0.04685252156032576,0.03294323075882936,0.04494748549546792,0.031038194693971517
35.527105421084215,0.33685030998645915,0.33517705827011457,0.4487910945376988,0.4153322318037401,1-2,1-2,1-2,1-2,0.0019169940789699141,0.04811492629608405,0.03383742984345159,0.046197932217114136,0.031920435764481676
35.54710942188438,0.34028207888683554,0.33857770631689393,0.45549082203135705,0.4211134076597821,1-2,1-2,1-2,1-2,0.0019295849502718211,0.04940674003885598,0.03475314443704939,0.04747715508858416,0.032823559486777565
35.567113422684535,0.34386691025633287,0.3421296267578276,0.4624102938166049,0.4270950367136522,1-2,1-2,1-2,1-2,0.0019428267516472166,0.050728314492116844,0.03569063321288106,0.048785487740469625,0.03374780646123384
35.5871174234847,0.3476055657512344,0.3458334761731409,0.4695507672682491,0.43327815156047667,1-2,1-2,1-2,1-2,0.0019567379535560085,0.052079986725933725,0.03665014278941289,0.05012324877237771,0.03469340483585688
35.607121424284855,0.35149844563106125,0.3496895539101997,0.4769131754662318,0.4396634583113263,1-2,1-2,1-2,1-2,0.001971337370488045,0.05346207931157071,0.037631907871261534,0.05149074194108266,0.03566057050077349
35.62712542508502,0.35554560309830485,0.35369781680489326,0.4844981402923063,0.44625135062387794,1-2,1-2,1-2,1-2,0.001986644103490609,0.05487490050791693,0.03863615144658714,0.05288825640442632,0.036649507343096535
35.647129425885176,0.3597467603405715,0.35785789554638314,0.49230598623914484,0.45304192459118453,1-2,1-2,1-2,1-2,0.0020026774792557206,0.05631874448651723,0.03966308502925853,0.05431606700726151,0.03766040755000281
35.66713342668534,0.3641013259806902,0.36216911239011595,0.5003367547240916,0.46003499425930505,1-2,1-2,1-2,1-2,0.002019456986042949,0.05779389158218504,0.04071290893406502,0.05577443459614209,0.03869345194802207
35.687137427485496,0.36860841363814006,0.36663049992321506,0.508590218711777,0.46723010755579253,1-2,1-2,1-2,1-2,0.002037002207040062,0.05930060855679932,0.041785812573630766,0.05726360634975926,0.039748810366590705
35.70714142828566,0.3732668613101407,0.3712408205924413,0.5170658974643938,0.4746265624255608,1-2,1-2,1-2,1-2,0.0020553327515451273,0.06083914886472236,0.04288197476626485,0.058783816113177234,0.04082664201471973
35.727145429085816,0.37807525129173336,0.3759985867169867,0.5257630712548956,0.4822234229877026,1-2,1-2,1-2,1-2,0.0020744681846637933,0.06240975290941,0.044001564044883874,0.0603352847247462,0.04192709586022008
35.74714942988598,0.38303193037052646,0.3809020807254502,0.5346807958961144,0.4900195355456321,1-2,1-2,1-2,1-2,0.002094427955980593,0.06401264828201211,0.04514473895813592,0.06191822032603152,0.043050311002155325
35.767153430686136,0.3881350300520927,0.38594937537736407,0.5438179169571777,0.49801354430281064,1-2,1-2,1-2,1-2,0.0021152313279497333,0.06564804997416805,0.04631164835605502,0.06353281864621832,0.04419641702810529
35.7871574314863,0.3933824865955736,0.39113835375355843,0.5531730835571373,0.5062039066566226,1-2,1-2,1-2,1-2,0.0021368973045000216,0.06731616055857419,0.04750243165375691,0.06517926325407417,0.045365534349256886
35.807161432286456,0.39877206066446325,0.3964667288254178,0.562744761643943,0.5145889079631605,1-2,1-2,1-2,1-2,0.00215944456060519,0.06901717033235465,0.0487172190679728,0.06685772577174946,0.04655777450736761
35.82716543308662,0.4043013564242396,0.4019320624397657,0.572531246684429,0.5231666756852814,1-2,1-2,1-2,1-2,0.0021828913733052723,0.07075125741958717,0.04995613182239588,0.0685683660462819,0.047773240449090607
35.847169433886776,0.40996783994519786,0.40753178358287306,0.5825306757075555,0.531935192854948,1-2,1-2,1-2,1-2,0.0022072555548906117,0.07251858783067286,0.05121928231902654,0.07031133227578225,0.04901202676413593
35.86717343468694,0.41576885679524617,0.4132632058131894,0.5927410386585117,0.5408923107982461,1-2,1-2,1-2,1-2,0.002232554388680347,0.07431931547737229,0.052506774273734375,0.07208676108869194,0.050274219885054025
35.8871774354871,0.4217016487324433,0.4191235437772894,0.603160189035316,0.5500357610874261,1-2,1-2,1-2,1-2,0.002258804568028547,0.07615358214343587,0.053818702815283885,0.07389477757540733,0.05155989824725534
35.90718143628726,0.4277633694307271,0.42510992874672554,0.6137858537921564,0.5593631666986574,1-2,1-2,1-2,1-2,0.002286022138895976,0.07802151741164788,0.05515515454788824,0.0757354952727519,0.05286913240899226
35.92718543708742,0.43395109919374697,0.43121942313468475,0.624615642504834,0.5688720523669075,1-2,1-2,1-2,1-2,0.002314222446511701,0.07992323854892894,0.05651620757814509,0.07760901610241723,0.05420198513163339
35.94718943788758,0.44026185863125383,0.4374490339703417,0.6356470558033557,0.5785598541404074,1-2,1-2,1-2,1-2,0.0023434200863436914,0.08185885035176788,0.057901931507790674,0.07951543026542418,0.05555851142144698
35.96719343868774,0.44669262128947945,0.4437957253254836,0.6468774930849887,0.5884239281466035,1-2,1-2,1-2,1-2,0.0023736288597689175,0.08382844495482328,0.059312387394256115,0.08145481609505437,0.0569387585344872
35.9871974394879,0.45324032524185626,0.45025642970233254,0.6583042595279931,0.5984615585893962,1-2,1-2,1-2,1-2,0.002404861734531367,0.08583210160589842,0.060747627681365365,0.08342723987136706,0.058342765946834
36.00720144028806,0.4599018836587774,0.45682805840356544,0.6699245724319388,0.608669965003918,1-2,1-2,1-2,1-2,0.0024371308102387533,0.08786988641084423,0.06220769610285229,0.08543275560060548,0.059770565292613535
36.02720544108822,0.4666741943855387,0.463507510915435,0.6817355669150218,0.619046308800215,1-2,1-2,1-2,1-2,0.002470447288851511,0.08994185205210402,0.0636926275615353,0.0874714047632525,0.06122218027268379
36.04720944188838,0.47355414856571026,0.4702916833427838,0.6937343010022904,0.629587699131128,1-2,1-2,1-2,1-2,0.002504821450281178,0.09204803748477641,0.06520244798715492,0.08954321603449523,0.06269762653687375
36.06721344268854,0.48053863835370864,0.4771774759407807,0.7059177601412565,0.6402911981225128,1-2,1-2,1-2,1-2,0.002540262632927811,0.09418846761408502,0.06673717417589818,0.09164820498115721,0.06419691154297037
36.0872174434887,0.48762456376487506,0.48416179979259616,0.7182828611831319,0.6511538255058519,1-2,1-2,1-2,1-2,0.0025767792191532845,0.09636315295817473,0.06829681361467009,0.09378637373902145,0.06572003439551681
36.10722144428886,0.4948088387147181,0.49124158268517293,0.730826455868983,0.6621725626944144,1-2,1-2,1-2,1-2,0.002614378625416773,0.09857208930005987,0.06988136429309043,0.09595771067464309,0.06726698566767365
36.12722544508902,0.5020883963007247,0.49841377423691574,0.743545333860572,0.6733443563445326,1-2,1-2,1-2,1-2,0.002653067296971398,0.10081525733249605,0.07149081450614848,0.09816219003552465,0.06883774720917708
36.14722944588918,0.5094601933811059,0.5056753503317382,0.7564362253556149,0.684666121443408,1-2,1-2,1-2,1-2,0.002692850706768974,0.10309262229939643,0.07312514265030294,0.10039977159262746,0.07043229194353397
36.16723344668934,0.5169212145045708,0.513023316913619,0.7694958033267391,0.6961347439642185,1-2,1-2,1-2,1-2,0.002733733358404117,0.1054041336373021,0.07478431701571532,0.10267040027889798,0.0720505836573112
36.1872374474895,0.5244684752444997,0.5204547131948237,0.7827206854226435,0.7077470831283,1-2,1-2,1-2,1-2,0.0027757187926890007,0.1077497246202416,0.07646829557713432,0.1049740058275526,0.07369257678444532
36.20724144828966,0.5320990249892662,0.5279666143293535,0.7961074355689168,0.7194999733128569,1-2,1-2,1-2,1-2,0.002818809597648203,0.11012931201118352,0.07817702578582514,0.10731050241353532,0.07535821618817694
36.22724544908982,0.539809949238675,0.5355561336011688,0.8096525653047182,0.731390225641135,1-2,1-2,1-2,1-2,0.0028630074215047034,0.11254279572309682,0.07991044436475134,0.10967978830159211,0.07704743694324663
36.24724944988998,0.5475983714540243,0.5432204241743835,0.8233525348901055,0.7434146292902909,1-2,1-2,1-2,1-2,0.0029083129884227323,0.11499005849250515,0.08166847710909729,0.11208174550408243,0.07876016412067456
36.26725345069014,0.5554614545069471,0.550956680450037,0.8372037542172995,0.7555699525503985,1-2,1-2,1-2,1-2,0.0029547261165814866,0.1174709655682372,0.08345103869403389,0.11451623945165572,0.0804963125774524
36.2872574514903,0.5633964017693099,0.5587621390713418,0.8512025835575611,0.7678529436661616,1-2,1-2,1-2,1-2,0.00300224573834943,0.1199853644179541,0.0852580324915182,0.11698311867960468,0.08225578675316877
36.30726145229046,0.5714004578838561,0.566634079616494,0.8653453341737367,0.7802603314910082,1-2,1-2,1-2,1-2,0.0030508699221516843,0.12253308445486123,0.08708935039774207,0.11948221453270955,0.08403848047559039
36.32726545309062,0.5794709092522886,0.5745698250153375,0.8796282688268674,0.792788825981357,1-2,1-2,1-2,1-2,0.003100595895821782,0.12511393678690677,0.08894487267275407,0.122013340891085,0.0858442767769323
36.34726945389078,0.587605084274897,0.5825667417233809,0.8862986203208751,0.8054351185569746,1-2,1-2,0-1,1-2,0.0031514200710622384,0.12772771399060562,0.09082446779361412,0.12457629391954338,0.08767304772255188
36.36727345469094,0.5958003533729217,0.590622239683965,0.8844029863541562,0.818195882351516,1-2,1-2,0-1,1-2,0.003203338068838218,0.1303741899115429,0.0927279923223662,0.12717085184270469,0.08952465425352799
36.3872774554911,0.6040541288224143,0.5987337721067555,0.8825352633379092,0.831067772375579,1-2,1-2,0-1,1-2,0.0032563447453721112,0.13305311949345144,0.09465529078996593,0.12979677474807932,0.09139894604459382
36.40728145629126,0.6123638644256371,0.6068988350882393,0.8806965719546955,0.8440474256129062,1-2,1-2,0-1,1-2,0.0033104342185998705,0.13576423863768966,0.09660619559724759,0.1324538044190898,0.09329576137864772
36.42728545709142,0.6207270550438589,0.615114967097537,0.8788880339779551,0.8571314610687261,1-2,1-2,0-1,1-2,0.003365599894803891,0.13850726409479497,0.09858052693387305,0.13514166419999107,0.09521492703906916
36.44728945789158,0.6291412360129479,0.6233797483486054,0.8771107708160524,0.8703164797876924,1-2,1-2,0-1,1-2,0.003421834495327992,0.14128189338972388,0.10057809271616991,0.1378600588943959,0.09715625822084192
36.46729345869174,0.6376039824612524,0.6316908000778352,0.8753659020195458,0.8835990648573953,1-2,1-2,0-1,1-2,0.0034791300831283098,0.1440878047822512,0.10259868854464363,0.1406086746991229,0.09911955846151532
36.4872974594919,0.6461129085471103,0.6400457837440917,0.873654543753876,0.896975781412027,1-2,1-2,0-1,1-2,0.0035374780891125395,0.14692465726392542,0.10464209768191104,0.1433871791748129,0.10110461959279851
36.50730146029206,0.6546656666316895,0.6484424001664703,0.8719778072398461,0.898361434402409,1-2,1-2,0-1,0-1,0.003596869338063689,0.1497920905928529,0.10670809105170072,0.1461952212547892,0.10311122171363703
36.52730546109222,0.663259946401001,0.656878388613372,0.8703367971644602,0.8968907357526259,1-2,1-2,0-1,0-1,0.003657294074134587,0.15268972536750022,0.1087964272595321,0.14903243129336563,0.10513913318539751
36.54730946189238,0.6718934739495824,0.6653515258550005,0.8687326100648854,0.8954461531880243,1-2,1-2,0-1,0-1,0.003718741985751788,0.15561716314056753,0.11090685263558696,0.15189842115481575,0.10718811064983517
36.56731346269254,0.6805640108367333,0.6738596251899855,0.8671663326885046,0.8940284908146763,1-2,1-2,0-1,0-1,0.003781202229945821,0.15857398657391023,0.1130391013002625,0.1547927843439644,0.10925789907031667
36.5873174634927,0.6892693531251116,0.6824005354555847,0.8656390403322456,0.892638549017196,1-2,1-2,0-1,0-1,0.003844663455980963,0.16155975963533137,0.11519289525279942,0.1577150961793504,0.11134823179681846
36.60732146429286,0.698007330410127,0.6909721400297668,0.8641517951645757,0.891277123384774,1-2,1-2,0-1,0-1,0.0039091138283271374,0.1645740278379829,0.11736794448335124,0.16066491400965574,0.1134588306550241
36.62732546509302,0.7067758048477061,0.6995723558324415,0.8627056445337727,0.8899450036275122,1-2,1-2,0-1,0-1,0.00397454104887456,0.16761631852295264,0.11956394710877351,0.16364177747407807,0.11558940605989895
36.64732946589318,0.7155726701868621,0.7081991323321682,0.8613016192662826,0.8886429724847291,1-2,1-2,0-1,0-1,0.004040932378455155,0.17068614118551095,0.12178058953237714,0.1666452088070558,0.11773965715392198
36.66733346669334,0.7243958508128251,0.7168504505638298,0.8599407319591832,0.8873718046269753,1-2,1-2,0-1,0-1,0.00410827465759459,0.1737829878453201,0.12401754662780516,0.1696747131877255,0.11990927197021058
36.6873374674935,0.7332433008055268,0.7255243221620027,0.8586239752709683,0.8861322655535908,1-2,1-2,0-1,0-1,0.004176554326571938,0.17690633346079734,0.12627448194715682,0.1727297791342254,0.12209792762058488
36.70734146829366,0.7421130030177393,0.7342187884140815,0.8573523202150454,0.8849251104877127,1-2,1-2,0-1,0-1,0.004245757444728456,0.18005563638762778,0.1285510479533881,0.17580987894289932,0.12430529050865964
36.72734546909382,0.7510029681763385,0.7429319193365986,0.8561267144605155,0.8837510832707254,1-2,1-2,0-1,0-1,0.0043158697091152925,0.1832303388813061,0.13084688627698635,0.1789144691721908,0.12653101656787105
36.74734946989398,0.7599112340098191,0.7516618127776545,0.8549480806449553,0.8826109152582237,1-2,1-2,0-1,0-1,0.004386876472429818,0.18642986764337993,0.13316162799681888,0.1820429911709501,0.12877475152438905
36.76735347069414,0.7688358644044865,0.7604065935478799,0.853817314704059,0.8815053242196395,1-2,1-2,0-1,0-1,0.004458762760338416,0.1896536344109288,0.13549489394501035,0.1851948716505904,0.13103613118467194
36.7873574714943,0.7777749485915195,0.7691644125819332,0.8527352842231081,0.8804350132437502,1-2,1-2,0-1,0-1,0.004531513288146579,0.19290103658860658,0.13784629503561097,0.18836952330046,0.1333147817474644
36.80736147229446,0.7867266003664999,0.7779334461321541,0.8517028268153358,0.8794006696523563,1-2,1-2,0-1,0-1,0.004605112476911789,0.19617145792242097,0.1402154326167683,0.19156634544550918,0.13561032013985652
36.82736547309462,0.7956889573428649,0.7867118949956614,0.8507207485323123,0.8784029639244765,1-2,1-2,0-1,0-1,0.004679544468968549,0.19946426921421073,0.14260189884601043,0.1947847247452422,0.1379223543770419
36.84736947389478,0.8046601802402358,0.7954979837758857,0.8497898223115221,0.87744254863346,1-2,1-2,0-1,0-1,0.004754793142960932,0.20277882907562392,0.14500527708820599,0.198024035932663,0.14025048394524506
36.86737347469494,0.813638452208501,0.8042899601792697,0.8489107864663136,0.8765200573994617,1-2,1-2,0-1,0-1,0.004830842128354006,0.20611448472018007,0.14742514233564946,0.20128364259182607,0.14259430020729547
36.8873774754951,0.8226219781880966,0.8130860943476417,0.8480843432233802,0.87563610385976,1-2,1-2,0-1,0-1,0.004907674819516645,0.2094705727918448,0.14986106164968013,0.20456289797232816,0.14495338683016348
36.907381476295264,0.8316089843069238,0.8218846782265599,0.8473111573128855,0.874791280659422,1-2,1-2,0-1,0-1,0.004985274389349158,0.21284642022832517,0.15231259462312324,0.20786114583897602,0.1473273202337741
36.92738547709542,0.8405977173139488,0.8306840249697564,0.8465918546162613,0.8739861584648383,1-2,1-2,0-1,0-1,0.005063623802546169,0.21624134515714086,0.15477929386279862,0.2111777213545947,0.14971567006025246
36.947389477895584,0.8495864440495845,0.839482468379659,0.8459270208765928,0.8732212850026474,1-2,1-2,0-1,0-1,0.00514270582846196,0.21965465782231902,0.15726070549122334,0.21451195199385706,0.15211799966276138
36.96739347869574,0.8585734509525983,0.8482783623838209,0.8453172004763547,0.8724971841265652,1-2,1-2,0-1,0-1,0.005222503053671329,0.22308566153941453,0.15975636966658907,0.2178631584857432,0.15453386661291774
36.987397479495904,0.8675570436033773,0.8570700805469871,0.8447628952870886,0.8718143549146135,1-2,1-2,0-1,0-1,0.005302997894186366,0.22653365367636186,0.1622658211199831,0.2212306557821755,0.15696282322579674
37.00740148029606,0.8765355463030728,0.8658560156184192,0.8442645635953892,0.8711732707992018,1-2,1-2,0-1,0-1,0.005384172607418292,0.22999792665753785,0.1647885897087709,0.22461375405011955,0.15940441710135259
37.027405481096224,0.8855073016882501,0.8746345791140062,0.8438226191093348,0.870574378732479,1-2,1-2,0-1,0-1,0.005466009303844002,0.23347776898823688,0.1673242009849555,0.22801175968439288,0.1618581916811115
37.04740948189638,0.8944706703803905,0.883404200932625,0.8434374300492115,0.8700180983893007,1-2,1-2,0-1,0-1,0.0055484899584596755,0.236972466296653,0.16987217677727748,0.23142397633819334,0.16432368681881782
37.067413482696544,0.9034240306697222,0.8921633290061379,0.8431093183260838,0.8695048214100931,1-2,1-2,0-1,0-1,0.005631596421976296,0.24048130239031615,0.1724320357857272,0.23484970596833984,0.16680043936375089
37.0874174834967,0.9123657782325956,0.9009104289823647,0.8428385588114359,0.8690349106858025,1-2,1-2,0-1,0-1,0.005715310431837278,0.24400356032384288,0.17500329418709012,0.2382882498920056,0.16928798375525284
37.107421484296864,0.9212943258817623,0.9096439839403119,0.8426253787007435,0.8686086996870209,1-2,1-2,0-1,0-1,0.005799613623010487,0.24753852347474975,0.17758546625006538,0.24173890985173926,0.1717858526270549
37.12742548509702,0.9302081033486767,0.9183624941369062,0.842469956973468,0.8682264918392675,1-2,1-2,0-1,0-1,0.005884487538623971,0.25108547662401914,0.18017806495845604,0.24520098908539517,0.17429357741983206
37.147429485897185,0.9388784061362713,0.9270644767844413,0.8423724239515639,0.8678885599462817,0-1,1-2,0-1,0-1,0.005969913640400228,0.25464370703803046,0.18278060264085216,0.24867379339763024,0.17681068900045194
37.16743348669734,0.9382393158937348,0.9357484658579133,0.8423328609581701,0.8675951456630443,0-1,1-2,0-1,0-1,0.006055873318950343,0.25821250554844766,0.18539259160520555,0.2521566322294973,0.1793367182862552
37.187437487497505,0.9376126076098854,0.9394131280116218,0.8423513000777411,0.8673464590201008,0-1,0-1,0-1,0-1,0.006142347903880583,0.26179116762660937,0.18801354477662327,0.2556488197227288,0.1818711968727427
37.20744148829766,0.9369985301283502,0.9387867573787104,0.8424277240184195,0.8671426780006012,0-1,0-1,0-1,0-1,0.006229318673767863,0.2653789944489886,0.1906429763366972,0.25914967577522074,0.18441365766292933
37.227445489097825,0.9363973300039143,0.9381722843703594,0.842562066077019,0.8669839481713069,0-1,0-1,0-1,0-1,0.006316766865952566,0.2689752939502789,0.19328040236263208,0.26265852708432635,0.18696363549667952
37.24744948989798,0.935809251222184,0.9375699534234592,0.8427542102065316,0.8668703823686376,0-1,0-1,0-1,0-1,0.006404673686202913,0.2725793818607227,0.1959253414644331,0.2661747081745198,0.1895206677782302
37.26745349069814,0.9352345349225577,0.9369800067858143,0.8430039911856244,0.8668020604406548,0-1,0-1,0-1,0-1,0.006493020318195804,0.27619058272432884,0.19857731541837964,0.269697562406133,0.19208429510018385
37.2874574914983,0.9346734191246655,0.9364026842482718,0.8433111948891494,0.866779029045682,0-1,0-1,0-1,0-1,0.006581787932854033,0.2798082308947157,0.20123584979502013,0.27322644296186166,0.1946540618621661
37.30746149229846,0.9341261384584405,0.9358382228798736,0.8436755586582504,0.8668013015080815,0-1,0-1,0-1,0-1,0.006670957697517874,0.28343167150539483,0.20390047457990892,0.276760713807877,0.19722951688239104
37.32746549309862,0.933592923897988,0.9352868567661826,0.8440967717682215,0.8668688577314971,0-1,0-1,0-1,0-1,0.006760510784926647,0.28706026141142205,0.20657072478532063,0.2802997506264954,0.19981021400039398
37.34746949389878,0.9330740024994417,0.9347488167509344,0.8445744759918656,0.8669816441696856,0-1,0-1,0-1,0-1,0.006850428382046785,0.2906933700994647,0.20924614105119446,0.2838429417174179,0.2023957126691477
37.36747349469894,0.9325695971429839,0.934224330181181,0.8451082662556977,0.867139573854849,0-1,0-1,0-1,0-1,0.006940691698683349,0.2943303805634732,0.21192627023357505,0.2873896888647899,0.2049855785348917
37.3874774954991,0.9320799262792261,0.9337136206560948,0.8456976913859673,0.8673425264831911,0-1,0-1,0-1,0-1,0.007031281975919551,0.2979706901432981,0.21461066597886055,0.2909394081673785,0.20757938400294101
37.40748149629926,0.9316052036801447,0.9332169077796133,0.8463422549411196,0.8675903485572082,0-1,0-1,0-1,0-1,0.0071221804943194114,0.3016137113237586,0.21729888928219307,0.2944915308294392,0.21017670878787365
37.42748549709942,0.9311456381947769,0.9327344069171017,0.8470414161269867,0.8678828535840452,0-1,0-1,0-1,0-1,0.007213368581935347,0.3052588724918479,0.21999050902838596,0.2980455039099126,0.2127771404464506
37.44748949789958,0.930701433509876,0.932266328956227,0.8477945907907007,0.8682198223290406,0-1,0-1,0-1,0-1,0.00730482762205361,0.30890561864994487,0.2226851025138238,0.3016007910278913,0.2153802748917702
37.46749349869974,0.930272787915744,0.9318128800722308,0.8486011524890489,0.8686010031234078,0-1,0-1,0-1,0-1,0.0073965390607183676,0.3125534120831035,0.225382255947843,0.30515687302238514,0.21798571688712465
37.4874974994999,0.9298598940774407,0.9313742614978027,0.8494604336267478,0.8690261122248127,0-1,0-1,0-1,0-1,0.0074884844139656934,0.3162017329786864,0.22808156493215706,0.3087132485647207,0.22059308051819138
37.50750150030006,0.9294629388115933,0.930950669297746,0.8503717266599108,0.8694948342294408,0-1,0-1,0-1,0-1,0.007580645274807946,0.3198500799968267,0.23078263491697096,0.31226943472201873,0.223201989642163
37.52750550110022,0.9290821028690088,0.9305422941486448,0.8513342853597955,0.8700068225339748,0-1,0-1,0-1,0-1,0.007673003319897545,0.3234979707904061,0.2334850816325044,0.31582496747050853,0.22581207831260686
37.54750950190038,0.9287175607233119,0.9301493211237298,0.8523473261317875,0.8705616998457545,0-1,0-1,0-1,0-1,0.007765540315911654,0.3271449424734587,0.2361885314947291,0.31937940215754707,0.22842299117881745
37.56751350270054,0.9283694803658097,0.9297719294831512,0.8534100293844545,0.8711590587392452,0-1,0-1,0-1,0-1,0.007858238125585412,0.33079055203712093,0.2388926219842139,0.32293231391153554,0.23103438385862848
37.5875175035007,0.9280380231068031,0.9294102924698571,0.854521540943435,0.8717984622568009,0-1,0-1,0-1,0-1,0.007951078713433958,0.33443437671246423,0.24159700199706344,0.32648329799903025,0.2336459232836295
37.60752150430086,0.9277233433835446,0.9290645771112863,0.8556809735048769,0.8724794445515949,0-1,0-1,0-1,0-1,0.00804404415109377,0.33807601427976186,0.24430133216703392,0.3300319701286681,0.23625728801594015
37.62752550510102,0.9274255885750495,0.9287349440270734,0.8568874081231289,0.8732015115704738,0-1,0-1,0-1,0-1,0.0081371166223213,0.3417150833239445,0.2470052851580096,0.3335779667016232,0.2388681685356883
37.64752950590118,0.9271448988239603,0.9284215472429668,0.8581398957274052,0.8739641417743941,0-1,0-1,0-1,0-1,0.008230278427580246,0.34535122343621083,0.2497085459261244,0.3371209450086306,0.24147826749854415
37.66753350670134,0.9268814068656566,0.9281245340111558,0.8594374586621901,0.8747667868940223,0-1,0-1,0-1,0-1,0.008323511988257577,0.34898409536195013,0.25241081195091775,0.34066058337369254,0.24408729996266018
37.6875375075015,0.9266352378647987,0.9278440446371982,0.8607790922462218,0.8756088727179994,0-1,0-1,0-1,0-1,0.008416799850438828,0.3526133810953331,0.25511179343501955,0.3441965812448943,0.24669499358458072
37.70754150830166,0.9264065092594925,0.9275802123137388,0.8621637663449975,0.8764897999113159,0-1,0-1,0-1,0-1,0.00851012468828463,0.35623878392110175,0.2578112134719665,0.34772865923281715,0.24930108878368187
37.72754550910182,0.9261953306132382,0.9273331629611984,0.8635904269518659,0.8774089448612074,0-1,0-1,0-1,0-1,0.00860346930693999,0.359860028404274,0.260508808181854,0.351256559097334,0.251905338874914
37.74754950990198,0.9260018034748418,0.9271030150756114,0.8650579977729184,0.8783656605479303,0-1,0-1,0-1,0-1,0.008696816645020745,0.3634768603286309,0.2632043268146388,0.35478004368361016,0.25450751016961803
37.76755351070214,0.9258260212464372,0.9268898795837825,0.8665653818110568,0.8793592774377827,0-1,0-1,0-1,0-1,0.008790149776609128,0.3670890465850264,0.26589753182101084,0.35829889680841726,0.2571073820444017
37.7875575115023,0.9256680690597721,0.9266938597059222,0.8681114629448048,0.8803891043957083,0-1,0-1,0-1,0-1,0.008883451912804948,0.37069637501068503,0.2685881988908528,0.3618129230978801,0.25970474697804785
37.80756151230246,0.9255280236608906,0.9265150508259183,0.8696951074976252,0.8814544296148417,0-1,0-1,0-1,0-1,0.008976706402766765,0.3742986541808066,0.2712761169594147,0.36532194777803983,0.26229941055664796
37.82756551310262,0.9254059533033456,0.9263535403693873,0.8713151657937224,0.8825545215603694,0-1,0-1,0-1,0-1,0.009069896734291975,0.3778957131539002,0.2739610881814213,0.3688258164196082,0.2648911914471293
37.84756951390278,0.9253019176500481,0.9262094076896419,0.872970473696533,0.8836886299251056,0-1,0-1,0-1,0-1,0.009163006533871927,0.38148740117239993,0.27664292787343453,0.372324394638528,0.2674799213395626
37.86757351470294,0.9252159676838649,0.926082723961701,0.8746598541263468,0.8848559865942276,0-1,0-1,0-1,0-1,0.009256019566273845,0.3850735873201989,0.27932146442487993,0.37581756775392505,0.27006544485860606
37.887577515503104,0.9251481456270502,0.9259735520844586,0.8763821185537337,0.8860558066166683,0-1,0-1,0-1,0-1,0.009348919733588151,0.38865416013884085,0.28199653917824086,0.3793052404052527,0.2726476194446527
37.90758151630326,0.9250984848695922,0.9258819465911161,0.8781360684657079,0.887287289180716,0-1,0-1,0-1,0-1,0.009441691073795944,0.3922290272041749,0.28466800627900435,0.38278733613037896,0.2752263152052084
37.927585517103424,0.9250670099065399,0.9258079535679701,0.8799204968018021,0.8885496185914494,0-1,0-1,0-1,0-1,0.00953431775879787,0.39579811466535864,0.28733573249603134,0.38626379690656076,0.27780141473723347
37.94758951790358,0.9250537362843583,0.9257516105816398,0.8817341893574809,0.8898419652477059,0-1,0-1,0-1,0-1,0.009626784091963063,0.39936136674813616,0.2899995970130908,0.3897345826561731,0.28037281292112776
37.967593518703744,0.9250586705563562,0.9257129466148006,0.8835759261525714,0.8911634866163689,0-1,0-1,0-1,0-1,0.009719074505140658,0.4029187452243832,0.2926594911923842,0.39319967071924256,0.28294041668724357
37.9875975195039,0.9250818102472027,0.9256919820104836,0.8854444827626323,0.8925133282018507,0-1,0-1,0-1,0-1,0.00981117355519808,0.40647022884992606,0.29531531831093566,0.396659055294728,0.2855041447557376
38.007601520304064,0.9251231438265487,0.9256887284249805,0.8873386316114356,0.893890624508739,0-1,0-1,0-1,0-1,0.009903065920029572,0.4100158127726937,0.29796699327080906,0.4001127468526641,0.28806392735077946
38.02760552110422,0.9251826506917414,0.9257031887893898,0.8892571432229647,0.8952944999956803,0-1,0-1,0-1,0-1,0.009994736394104285,0.41355550791325163,0.3006144422841442,0.4035607715191473,0.2906197058900399
38.047609521904384,0.92526030115962,0.925735357279817,0.8911987874315721,0.8967240700186776,0-1,0-1,0-1,0-1,0.010086169883500197,0.4170893403198087,0.3032576025340873,0.4070031704363085,0.2931714326505871
38.06761352270454,0.9253560564673504,0.925785219296236,0.8931623345491637,0.8981784417620807,0-1,0-1,0-1,0-1,0.010177351400495964,0.4206173504997549,0.3058964218127055,0.41043999909925893,0.2957190704122095
38.087617523504704,0.9254698687822571,0.9258527514499982,0.8951465564884907,0.8996567151556698,0-1,0-1,0-1,0-1,0.010268266057670802,0.42413959272982044,0.30853085813705283,0.41387132667214965,0.29826259207938205
38.10762152430486,0.9256016812205837,0.9259379215599715,0.8971502278418437,0.9011579837763298,0-1,0-1,0-1,0-1,0.010358899061588732,0.42765613434689376,0.3111608793445564,0.41729723528530505,0.3008019802829677
38.127625525105024,0.9257514278751076,0.9260406886572639,0.8991721269146363,0.9026813357329394,0-1,0-1,0-1,0-1,0.010449235706018882,0.43116705502155994,0.3137864626689605,0.4207178193155411,0.30333722696294163
38.14762952590518,0.9259190338515154,0.9261610029984896,0.9012110367135597,0.9042258545332006,0-1,0-1,0-1,0-1,0.01053926136477349,0.43467244601635463,0.31640759429805637,0.4241331846515811,0.30586833293328286
38.167633526705345,0.9261044153134351,0.9262988060875054,0.9032657458891604,0.905790619931253,0-1,0-1,0-1,0-1,0.010628961484117084,0.4381724094307379,0.3190242689144876,0.4275434479466208,0.3083953074303705
38.1876375275055,0.9263074795360008,0.9264540307055446,0.9053350496328659,0.9073747087550289,0-1,0-1,0-1,0-1,0.010718321574832622,0.44166705743472306,0.3216364892208965,0.43094873585989046,0.3109181676460639
38.207641528305665,0.926528124967824,0.9266266009496543,0.9074177505286349,0.9089771957124092,0-1,0-1,0-1,0-1,0.010807327203900773,0.44515651149308755,0.32424426545073415,0.4343491842891868,0.3134369382468334
38.22764552910582,0.9267662413012178,0.9268164322793341,0.9095126593595545,0.9105971541753577,0-1,0-1,0-1,0-1,0.010895963985881897,0.4486409015820214,0.3268476148660221,0.4377449375961395,0.3159516508801402
38.247649529905985,0.92702170955052,0.9270234315712548,0.9116185958698376,0.9122336569413068,0-1,0-1,0-1,0-1,0.010984217573958328,0.45212036540005285,0.3294465612434002,0.4411361478260945,0.31846234366944187
38.26765353070614,0.9272944021383429,0.9272474971819327,0.9137343894827996,0.9138857769711811,0-1,0-1,0-1,0-1,0.011072073650731906,0.4555950475750065,0.3320411343497535,0.4445229739242746,0.3209690606990216
38.287657531506305,0.9275841829895655,0.9274885190182139,0.9158588799755008,0.9155525881035325,0-1,0-1,0-1,0-1,0.011159517918734685,0.45906509886873886,0.33463136940874993,0.44790558095000416,0.3234718514900152
38.30766153230646,0.9278909076328733,0.9277463786154152,0.9179909181108398,0.9172331657443714,0-1,0-1,0-1,0-1,0.011246536090751802,0.46253067538129555,0.33721730655957033,0.45128413929054373,0.3259707704688185
38.327665533106625,0.9282144233096461,0.9280209492229586,0.9201293662279805,0.9189265875323571,0-1,0-1,0-1,0-1,0.011333113879915964,0.4659919377561283,0.33979899030914457,0.4546588238762123,0.3284658764292286
38.34766953390678,0.9285545690899689,0.9283120958973211,0.9222730987920632,0.9206319339791071,0-1,0-1,0-1,0-1,0.011419236989676253,0.4694490503879018,0.34237646897914786,0.45802981339822557,0.33095723198947163
38.367673534706945,0.9289111759955517,0.9286196756021138,0.9244210029042335,0.9223482890844706,0-1,0-1,0-1,0-1,0.011504891103601105,0.4729021806344115,0.34494979414904287,0.4613972895308104,0.3334449030454418
38.3876775355071,0.9292840671293165,0.9289435373150948,0.9265719787730685,0.9240747409266815,0-1,0-1,0-1,0-1,0.01159006187512153,0.4763514980340241,0.34751902009637875,0.4647614361589026,0.33592895822125723
38.407681536307265,0.9296730578114136,0.92928352214191,0.9287249401485455,0.9258103822273946,0-1,0-1,0-1,0-1,0.01167473491717538,0.47979717353004436,0.3500842032355928,0.468122438612869,0.33840946831841745
38.42768553710742,0.9300779557214156,0.9296394634363453,0.9308788147197314,0.9275543108916706,0-1,0-1,0-1,0-1,0.011758895791860654,0.4832393787032933,0.35264540155647434,0.47148048291143263,0.34088650576461366
38.447689537907586,0.9304985610464348,0.93001118692687,0.9330325444774112,0.929305630523046,0-1,0-1,0-1,0-1,0.011842530000059616,0.48667828501418464,0.355202674063483,0.474835755014125,0.34336014406342336
38.46769353870774,0.9309346666348978,0.9303985108492389,0.9351850860428998,0.9310634509138848,0-1,0-1,0-1,0-1,0.01192562297114403,0.490114063055458,0.35775608021702154,0.478188440084314,0.3458304572458775
38.487697539507906,0.931386058155712,0.930801246084917,0.937335410964302,0.9328268885112657,0-1,0-1,0-1,0-1,0.012008160052722542,0.4935468818167352,0.3603056793777941,0.48153872176401263,0.3482975193250716
38.50770154030806,0.9318525142625482,0.9312191963050814,0.9394825059815005,0.9345950668587161,0-1,0-1,0-1,0-1,0.01209012650054293,0.49697690796193583,0.362851530255281,0.4848867814613929,0.3507614037547381
38.527705541108226,0.9323338067629656,0.9316521581199528,0.94162537326116,0.9363671170141428,0-1,0-1,0-1,0-1,0.012171507468509288,0.5004043051205961,0.3653936903613922,0.48823279765208677,0.3532221828928829
38.54770954190838,0.9328297007920916,0.9320999212331993,0.943763030603037,0.9381421779443684,0-1,0-1,0-1,0-1,0.012252287998929006,0.5038292331940059,0.3679322154702581,0.49157694519507683,0.3556799274713291
38.567713542708546,0.9333399549905819,0.9325622686011572,0.945894511618881,0.9399193968967063,0-1,0-1,0-1,0-1,0.012332453012947763,0.5072518476770919,0.3704671590851427,0.4949193946641441,0.35813470607219494
38.5877175435087,0.9338643216865666,0.9330389765966024,0.9480188658852119,0.9416979297480552,0-1,0-1,0-1,0-1,0.012411987301288065,0.5106722989968397,0.37299857191335967,0.4982603116955517,0.3605865846120716
38.607721544308866,0.9344025470813029,0.9335298151768083,0.9501351590712366,0.9434769413320218,0-1,0-1,0-1,0-1,0.012490875515250032,0.5140907318680688,0.37552650135009896,0.5015998563528187,0.36303562583484894
38.62772554510902,0.9349543714382397,0.9340345480556228,0.9522424730431639,0.945255605744606,0-1,0-1,0-1,0-1,0.012569102158088943,0.5175072846672382,0.3780509909719587,0.5049381825091492,0.3654818888138698
38.647729545909186,0.9355195292752144,0.9345529328792914,0.9543399059461504,0.9470331066290142,0-1,0-1,0-1,0-1,0.012646651576726519,0.5209220888249839,0.38057208004101284,0.5082754372482574,0.36792542846428633
38.66773354670934,0.9360977495594884,0.9350847214057597,0.9564265722650899,0.948808637440179,0-1,0-1,0-1,0-1,0.012723507953910763,0.5243352682379578,0.38308980302012025,0.5116117602840471,0.3703662950662095
38.687737547509506,0.9366887559053404,0.9356296596871795,0.958501602865439,0.9505814016895898,0-1,0-1,0-1,0-1,0.012799655300778624,0.5277469387005583,0.3856041891002253,0.5149472833997797,0.37280453379944667
38.70774154830966,0.9372922667739306,0.9361874882553503,0.9605641450152388,0.9523506131710461,0-1,0-1,0-1,0-1,0.012875077449938767,0.5311572073570154,0.3881152617402682,0.5182821299070767,0.37524018429032946
38.72774554910983,0.9379079956751611,0.9367579423098225,0.9626133623894709,0.9541154961679627,0-1,0-1,0-1,0-1,0.01294975804902153,0.5345661721743259,0.39062303822037353,0.5216164141253044,0.377673280171352
38.74774954990998,0.9385356513712451,0.9373407519083973,0.964648435057848,0.9558752856428596,0-1,0-1,0-1,0-1,0.013023680554815856,0.537973921436392,0.39312752920884775,0.5249502408815762,0.3801038486540319
38.76775355071015,0.939174938081722,0.9379356421597514,0.9666685594571166,0.9576292274096836,0-1,0-1,0-1,0-1,0.013096828227937417,0.541380533259764,0.395628738343572,0.5282837050318265,0.3825319101156346
38.7877575515103,0.9398255556896392,0.9385423334179253,0.9686729483489106,0.9593765782896011,0-1,0-1,0-1,0-1,0.01316918412814437,0.5447860751312503,0.3981266618282381,0.5316168910031059,0.3849574777000937
38.80776155231047,0.9404871999486435,0.9391605414784095,0.9706608307641628,0.9611166062509137,0-1,0-1,0-1,0-1,0.0132407311102442,0.5481906034676997,0.4006212880439293,0.5349498723574555,0.3873805569336851
38.82776555311062,0.9411595626907151,0.9397899777755765,0.9726314519350494,0.9628485905337428,0-1,0-1,0-1,0-1,0.01331145182070575,0.5515941631981284,0.4031125971764147,0.5382827113774227,0.3898011453557089
38.84776955391079,0.9418423320342967,0.9404303495811971,0.9745840732154046,0.9645718217601268,0-1,0-1,0-1,0-1,0.013381328694914608,0.5549967873684184,0.40560056085957996,0.5416154586735038,0.39221923216466537
38.86777355471094,0.9425351925925645,0.9410813602037966,0.976517971990512,0.9662856020301696,0-1,0-1,0-1,0-1,0.013450343955188144,0.558398496768672,0.4080851418352809,0.5449481528134839,0.39463479788009276
38.88777755551111,0.9432378256816037,0.9417427091886038,0.9784324415771405,0.9679892450048789,0-1,0-1,0-1,0-1,0.013518479609481321,0.5617992995833705,0.41056629362997044,0.5482808199738892,0.3970478140204891
38.907781556311264,0.943949909528249,0.9424140925178544,0.9803267911146605,0.969682075976318,0-1,0-1,0-1,0-1,0.01358571745089763,0.5651991910643464,0.4130439602483087,0.5516134736134487,0.39945824279741105
38.92778555711143,0.9446711194773685,0.943095202811213,0.9822003454480408,0.9713634319256893,0-1,0-1,0-1,0-1,0.01365203905793413,0.5685981532266483,0.41551807588403467,0.5549461141687142,0.40186603682610056
38.947789557911584,0.9454011281983635,0.9437857295260893,0.984052445003494,0.9730326615699607,0-1,0-1,0-1,0-1,0.013717425795572636,0.5719961545672312,0.4179885646482366,0.5582787287716585,0.40427113885266397
38.96779355871175,0.9461396058906795,0.9444853591576247,0.9858824456574999,0.9746891253976301,0-1,0-1,0-1,0-1,0.013781858817139269,0.5753931498064914,0.42045534031523557,0.5616112909893521,0.4066734814980963
38.987797559511904,0.9468862204881149,0.9451937754381342,0.9876897185999113,0.9763321956942169,0-1,0-1,0-1,0-1,0.013845319067044167,0.5787890796525139,0.42291830608614966,0.5649437605854698,0.4090729870191055
39.00780156031207,0.9476406378617409,0.9459106595357992,0.9894736501918046,0.9779612565580496,0-1,0-1,0-1,0-1,0.013907787284319092,0.5821838705879917,0.4253773543702916,0.5682760833036726,0.41146956708597254
39.027805561112224,0.9484025220212328,0.9466356902524071,0.9912336418187149,0.9795757039069156,0-1,0-1,0-1,0-1,0.013969244007062412,0.5855774346796281,0.42783236658440477,0.5716081906725656,0.41386312257734237
39.04780956191239,0.9491715353144441,0.947368544219947,0.9929691097398576,0.9811749454761138,0-1,0-1,0-1,0-1,0.0140296695777018,0.5889696694099315,0.4302832129698348,0.5749399998322297,0.416253543392133
39.067813562712544,0.9499473386250418,0.9481088960958743,0.9946794849339111,0.982758400808447,0-1,0-1,0-1,0-1,0.01408904414918495,0.5923604575311595,0.43272975242758355,0.5782714133819745,0.4186407082783986
39.08781756351271,0.9507295915680491,0.9488564187568697,0.9963642129419058,0.9843255012366673,0-1,0-1,0-1,0-1,0.014147347692003175,0.5957496669412787,0.43517183237129164,0.5816023192492755,0.4210244846792885
39.107821564312864,0.9515179526831317,0.9496107834909171,0.9980227537077364,0.9858756898588795,0-1,0-1,0-1,0-1,0.014204560002153435,0.5991371505816521,0.4376092885980413,0.5849325905794986,0.4234047285958879
39.12782556511302,0.9523120796254925,0.9503716601875456,0.9996545814167858,0.9874084215073902,0-1,0-1,0-1,0-1,0.014260660709943838,0.6025227463562779,0.4400419451769836,0.5882620856463341,0.4257812844670397
39.147829565913185,0.9531116293542288,0.9511387175260753,1.0012591843331222,0.9889231627114701,0-1,0-1,0-1,0-1,0.014315629289722721,0.6059062770722692,0.4424696143556451,0.5915906477825464,0.42815398506592234
39.16783356671334,0.9539162583180275,0.9519116231617254,1.002836064635708,0.9904193916544911,0-1,0-1,0-1,0-1,0.014369445070497868,0.6092875504013188,0.44489209648383343,0.5949181053308209,0.43052265141333557
39.187837567513505,0.9547256226380816,0.9526900439094456,1.0043847382540296,0.9918965981258739,0-1,0-1,0-1,0-1,0.014422087247411508,0.6126663588618805,0.44730917995503233,0.5982442716144689,0.4328870927076208
39.20784156831366,0.9555393782881092,0.953473645925341,1.0059047347035401,0.993354283468274,0-1,0-1,0-1,0-1,0.014473534894145594,0.6160424798217085,0.4497206411650908,0.6015689449275629,0.4352471062709452
39.227845569113825,0.9563571812713825,0.9542620948855693,1.0073955969212762,0.994791960520415,0-1,0-1,0-1,0-1,0.014523766976150682,0.6194156755205044,0.45212624448811156,0.6048919085443537,0.4376024775119609
39.24784956991398,0.9571786877946602,0.9550550561625991,1.0088568811019942,0.9962091535559624,0-1,0-1,0-1,0-1,0.014572762364792241,0.6227856931122729,0.4545257422692927,0.6082129307474807,0.43995297990450044
39.267853570714145,0.9580035544389524,0.9558521949987191,1.010288156535151,0.9976053982188188,0-1,0-1,0-1,0-1,0.014620499852300267,0.6261522647271166,0.4569188748346014,0.6115317648748163,0.4422983749823012
39.2878575715143,0.958831438327022,0.9566531766767075,1.0116890054430268,0.9989802414552019,0-1,0-1,0-1,0-1,0.014666958167613067,0.629515107552052,0.4593053705170057,0.6148481493844389,0.44463841234939266
39.307861572314465,0.9596619972875722,0.9574576666875658,1.013059022820279,1.0003332414428565,0-1,0-1,0-1,0-1,0.014712115992994107,0.6328739239305589,0.461684945699118,0.6181618079375647,0.4469728297061239
39.32786557311462,0.9604948900160398,0.9582653308952408,1.0143978162751863,1.0016639675177357,0-1,0-1,0-1,0-1,0.01475595198151313,0.6362284014804274,0.464057304871953,0.6214724494989142,0.4493013528904399
39.347869573914785,0.9613297762319529,0.9590758356982558,1.0157050058728399,1.0029720000984685,0-1,0-1,0-1,0-1,0.014798444775262059,0.6395782132296067,0.46642214070963284,0.6247797684543447,0.4516236959343708
39.36787357471494,0.9621663168327982,0.9598888481881881,1.0169802239805028,1.0042569306089253,0-1,0-1,0-1,0-1,0.014839573024396297,0.6429230177696007,0.4687791341597226,0.6280834447452044,0.4539395611353263
39.387877575515105,0.9630041740443627,0.9607040363049317,1.0182231151153633,1.005518361399169,0-1,0-1,0-1,0-1,0.014879315406865953,0.6462624594261079,0.4711279545490123,0.631383144019242,0.45624863914214636
39.40788157631526,0.9638430115675104,0.9615210689886923,1.0194333357948777,1.006755905665075,0-1,0-1,0-1,0-1,0.014917650648924766,0.6495961684464396,0.4734682597044094,0.6346785177975148,0.45855060905548467
39.427885577115426,0.9646824947213772,0.9623396163286716,1.0206105543898911,1.0079691873668877,0-1,0-1,0-1,0-1,0.014954557546276375,0.6529237612034076,0.47579969608874884,0.6379692036571312,0.46084513854247244
39.44788957791558,0.9655222905829536,0.9631593497084008,1.0217544509807108,1.009157841146962,0-1,0-1,0-1,0-1,0.014990014985943623,0.6562448404152056,0.4781218989511672,0.6412548254292619,0.4631318839652236
39.467893578715746,0.9663620681230517,0.9639799419476904,1.0228647172162952,1.010321512246938,0-1,0-1,0-1,0-1,0.015024001968714059,0.6595589953809712,0.4804344924918398,0.6445349934122572,0.4654104905231257
39.4878975795159,0.967201498338639,0.9648010674411743,1.0239410561767044,1.0114598564245776,0-1,0-1,0-1,0-1,0.015056497632245563,0.6628658022315469,0.48273709004071486,0.6478093045993013,0.46768059240846926
39.507901580316066,0.9680402543815495,0.9656224022934234,1.0249831822389543,1.0125725398704783,0-1,0-1,0-1,0-1,0.015087481274681779,0.6661648241951204,0.48502929425003505,0.6510773429204386,0.46994181297535326
39.52790558111622,0.9688780116835625,0.9664436244506215,1.0259908209464004,1.013659239124876,0-1,0-1,0-1,0-1,0.015116932378855984,0.6694556118772603,0.4873106973002719,0.6543386794984043,0.4721937649214159
39.547909581916386,0.9697144480778704,0.96726441382879,1.0269637088817705,1.0147196409947319,0-1,0-1,0-1,0-1,0.015144830636930033,0.6727377035550248,0.48958088111925874,0.6575928729180948,0.47443605048232873
39.56791358271654,0.9705492439169433,0.9680844524385628,1.0279015935439555,1.0157534424712897,0-1,0-1,0-1,0-1,0.015171155975545584,0.6760106254846509,0.49183941761413497,0.6608394695091052,0.4766682616385894
39.587917583516706,0.9713820821868101,0.968903424506513,1.0288042332286573,1.0167603506482823,0-1,0-1,0-1,0-1,0.015195888581327173,0.6792738922225025,0.49408586891588746,0.6640780036411753,0.47888998033456026
39.60792158431686,0.9722126486177811,0.9697210165930394,1.0296713969129874,1.0177400826409504,0-1,0-1,0-1,0-1,0.01521900892681411,0.682527006958781,0.49631978763609413,0.6673079980319668,0.48110077870928003
39.627925585117026,0.9730406317916431,0.9705369177068249,1.0305028641440994,1.0186923655060367,0-1,0-1,0-1,0-1,0.01524049779665618,0.6857694618636714,0.49854071713564907,0.6705289640670152,0.48330021933899286
39.64792958591718,0.9738657232453504,0.971350819415886,1.0312984249319352,1.0196169361628973,0-1,0-1,0-1,0-1,0.015260336314147284,0.6890007384454233,0.500748191805071,0.6737404021312761,0.4854878554909237
39.667933586717346,0.974687617571259,0.9721624159552325,1.0320578796461504,1.020513541315882,0-1,0-1,0-1,0-1,0.015278505967929238,0.6922203079200383,0.5029417373561702,0.6769418019521091,0.48766323138824097
39.6879375875175,0.9755060125139333,0.9729714043311657,1.032781038917293,1.0213819373781012,0-1,0-1,0-1,0-1,0.015294988638937268,0.6954276315920592,0.5051208711246717,0.6801326429531219,0.4898258824857345
39.70794158831767,0.9763206090635771,0.9737774844222421,1.0334677235422798,1.0222218903967173,0-1,0-1,0-1,0-1,0.015309766627415478,0.6986221612461226,0.5072851023835638,0.6833123946187072,0.4919753357561484
39.72794558911782,0.9771311115461253,0.9745803590769372,1.03411776439424,1.0230331759798679,0-1,0-1,0-1,0-1,0.015322822680073286,0.7018033395487713,0.509433932666769,0.686480516868698,0.49411110998669566
39.74794958991799,0.977937227710056,0.9753797342080454,1.0347310023367626,1.0238155792253378,0-1,0-1,0-1,0-1,0.015334140017207827,0.70497060046018,0.511566856102899,0.6896364604429722,0.49623271608569114
39.76795359071814,0.9787386688099634,0.9761753188838562,1.035307288142595,1.0245688946510751,0-1,0-1,0-1,0-1,0.015343702359861038,0.7081233696552858,0.5136833597586897,0.6927796672954247,0.4983396573988287
39.78795759151831,0.9795351496869561,0.9769668254161481,1.0358464824168323,1.0252929261276553,0-1,0-1,0-1,0-1,0.015351493956834527,0.7112610649539668,0.515782923991874,0.6959095709971322,0.5004314300350394
39.80796159231846,0.9803263888459272,0.9777539694450471,1.0363484555246343,1.0259874868127778,0-1,0-1,0-1,0-1,0.015357499611630502,0.7143830967597582,0.5178650228130803,0.6990255971481277,0.5025075232014499
39.82796559311863,0.981112108529761,0.9785364700207962,1.036813087523497,1.0266523990878782,0-1,0-1,0-1,0-1,0.015361704709138063,0.717488868506742,0.5199291242565165,0.7021271637976039,0.5045674195473784
39.84796959391878,0.9818920347905342,0.9793140496824865,1.0372402681001105,1.0272874944969417,0-1,0-1,0-1,0-1,0.015364095242134813,0.7205777771140823,0.521974690759019,0.7052136818719476,0.5066105955168843
39.86797359471895,0.9826658975577716,0.9800864345338013,1.0376298965118285,1.027892613687579,0-1,0-1,0-1,0-1,0.015364657837419912,0.7236492134478525,0.5240011795472247,0.7082845556104326,0.5086365217098048
39.887977595519104,0.9834334307038199,0.9808533543158315,1.037981881532766,1.028467606354441,0-1,0-1,0-1,0-1,0.015363379781649056,0.7267025627895968,0.5260080430324391,0.7113391830079477,0.51064466325079
39.90798159631927,0.9841943721064069,0.9816145424770092,1.0382961414045504,1.029012331185029,0-1,0-1,0-1,0-1,0.0153602490466863,0.7297372053112777,0.5279947292129576,0.7143769562645914,0.5126344801662713
39.927985597119424,0.9849484637084438,0.9823697362402264,1.0385726037917384,1.029526655807962,0-1,0-1,0-1,0-1,0.01535525431454413,0.7327525165560418,0.5299606820834056,0.7173972622414977,0.5146054277688615
39.94798959791959,0.9856954515751456,0.9831186766671911,1.038811205741915,1.0300104567437482,0-1,0-1,0-1,0-1,0.015348385001726349,0.7357478679244368,0.5319053420508545,0.7203994829227105,0.5165569570491282
39.967993598719744,0.9864350859485277,0.9838611087200845,1.039011893650482,1.0304636193581116,0-1,0-1,0-1,0-1,0.015339631283045649,0.7387226271655136,0.5338281463572724,0.723382995882468,0.5184885150742268
39.98799759951991,0.9871671212993528,0.984596781320574,1.0391746232301506,1.0308860378179194,0-1,0-1,0-1,0-1,0.015328984114731508,0.7416761588724317,0.5357285295080633,0.7263471747577002,0.5203995453933318
40.008001600320064,0.9878913163765893,0.9853254474062532,1.0392993594851403,1.0312776150497458,0-1,0-1,0-1,0-1,0.015316435256901878,0.7446078249819945,0.5376059237062518,0.7292913897250927,0.52228948844935
40.02800560112023,0.9886074342544557,0.9860468639845595,1.0393860766900969,1.0316382627011111,0-1,0-1,0-1,0-1,0.015301977295214687,0.7475169852777236,0.5394597592920645,0.7322150079825089,0.5241577819968498
40.048009601920384,0.9893152423771104,0.9867607921842426,1.0394347583737218,1.031967901104425,0-1,0-1,0-1,0-1,0.015285603661776385,0.7504029978958897,0.5412894651874598,0.7351173942341134,0.5260038615256835
40.06801360272055,0.9900145126010645,0.9874669973044397,1.0394453973071256,1.0322664592436626,0-1,0-1,0-1,0-1,0.015267308655123666,0.7532652198341032,0.5430944693453589,0.7379979111789795,0.5278271606902352
40.088017603520704,0.9907050212353744,0.9881652488614227,1.0394179954968976,1.0325338747238033,0-1,0-1,0-1,0-1,0.015247087459360015,0.7561030074618742,0.544874199203126,0.7408559200025142,0.529627111743766
40.10802160432087,0.9913865490796914,0.9888553206330828,1.0393525641828951,1.0327700937430446,0-1,0-1,0-1,0-1,0.015224936162264958,0.7589157170327385,0.5466280821400504,0.7436907808704736,0.5314031459777855
40.128025605121024,0.9920588814602266,0.9895369907012128,1.0392491238407453,1.032975071067814,0-1,0-1,0-1,0-1,0.015200851772462458,0.7617027051973544,0.5483555459383787,0.746501853424892,0.5331546941659162
40.14802960592119,0.9927218082637049,0.990210041491651,1.0391077041890548,1.033148770010594,0-1,0-1,0-1,0-1,0.015174832235467553,0.7644633295171628,0.5500560192476515,0.7492884972816952,0.5348811870121839
40.168033606721345,0.9933751239693654,0.9908742598123512,1.038928344201323,1.0332911624105683,0-1,0-1,0-1,0-1,0.015146876448704237,0.7671969489780136,0.5517289320518931,0.7520500725293093,0.5365820556031888
40.18803760752151,0.9940186276790829,0.991529436889439,1.0387110921225455,1.0334022286171,0-1,0-1,0-1,0-1,0.015116984275316834,0.7699029245033489,0.5533737161394119,0.754785940228032,0.5382567318640951
40.208041608321665,0.9946521231456632,0.9921753684013164,1.0384560054905012,1.033481957476046,0-1,0-1,0-1,0-1,0.015085156556872797,0.7725806194663424,0.5549898055747648,0.7574954629094696,0.539904649017892
40.22804560912183,0.9952754187993869,0.9928118545108793,1.038163151161709,1.0335303463189085,0-1,0-1,0-1,0-1,0.015051395124783587,0.7752294002005936,0.5565766371726478,0.76017800507581,0.5415252420478642
40.248049609921985,0.9958883277728534,0.993438699895903,1.0378326053420395,1.033547400954825,0-1,0-1,0-1,0-1,0.015015702810548362,0.7778486365087776,0.558133650973272,0.7628329336982292,0.5431179481627237
40.26805361072215,0.9964906679241948,0.9940557137776617,1.037464453621964,1.033533135665393,0-1,0-1,0-1,0-1,0.014978083454651242,0.7804377021688496,0.5596602907189939,0.7654596187141983,0.5446822072643427
40.288057611522305,0.9970822618587125,0.9946627099478346,1.037058791016426,1.0334875732023185,0-1,0-1,0-1,0-1,0.014938541914223766,0.7829959754372191,0.5611560043317713,0.7680574335229954,0.5462174624175475
40.30806161232247,0.9976629369490009,0.9952595067937634,1.0366157220093093,1.0334107447878855,0-1,0-1,0-1,0-1,0.014897084069309004,0.7855228395485002,0.5626202443912189,0.7706257554791912,0.5477231603219099
40.328065613122625,0.9982325253536104,0.9958459273221131,1.0361353606024837,1.0333026901182265,0-1,0-1,0-1,0-1,0.014853716827845921,0.7880176832112619,0.564052468612851,0.7731639663834159,0.549198751785005
40.34806961392279,0.9987908640343124,0.9964217991809942,1.0356178303693986,1.0331634573693844,0-1,0-1,0-1,0-1,0.014808448129216424,0.7904799010994035,0.5654521403262944,0.775671452970187,0.550643692197078
40.368073614722945,0.9993377947720127,0.9969869546806017,1.0350632645131979,1.0329931032061448,0-1,0-1,0-1,0-1,0.01476128694648125,0.7929088943385912,0.566818728953075,0.77814760739211,0.5520574420065937
40.38807761552311,0.9998731641813756,0.9975412308124239,1.034471805929323,1.0327916927936165,0-1,0-1,0-1,0-1,0.014712243287153533,0.7953040709874031,0.5681517104837781,0.7805918277002496,0.5534394671966246
40.408081616323265,1.000396823724202,0.9980844692670726,1.0338436072725696,1.0325592998115363,0-1,0-1,0-1,0-1,0.014661328192644252,0.7976648465126387,0.5694505679541981,0.7830035183199945,0.5547892397615539
40.42808561712343,1.0009086297216203,0.9986165164507905,1.0331788310285608,1.032296006471272,0-1,0-1,0-1,0-1,0.01460855373623448,0.7999906442584621,0.5707147919203006,0.7853820905222276,0.5561062381840661
40.448089617923586,1.001408443365131,0.9991372235006772,1.032477649589589,1.0320019035354895,0-1,0-1,0-1,0-1,0.014553933019717717,0.8022808959088666,0.571943880931628,0.7877269628891489,0.5573899479119102
40.46809361872375,1.0018961307265595,0.9996464462986929,1.0317402453347881,1.0316770903404515,0-1,0-1,0-1,0-1,0.01449748016857326,0.8045350419431512,0.573137342002995,0.790037561774578,0.5586398618344218
40.488097619523906,1.0023715627669565,1.0001440454844785,1.0309668107145775,1.0313216748209115,0-1,0-1,0-1,0-1,0.014439210325822033,0.8067525320839335,0.5742946910841238,0.7923133217581114,0.5598554807583017
40.50810162032407,1.0028346153444967,1.0006298864670418,1.0301575483393286,1.030935773537561,0-1,0-1,0-1,0-1,0.014379139644433723,0.8089328257374231,0.5754154535270886,0.7945536860929894,0.5610363138826548
40.528105621124226,1.0032851692214113,1.0011038394353549,1.0293126710721896,1.0305195117069834,0-1,0-1,0-1,0-1,0.014317285278443543,0.8110753924255111,0.5764991645512423,0.7967581071470675,0.5621818792727987
40.54810962192439,1.0037231100700024,1.0015657793679027,1.0284324021260043,1.030073023234069,0-1,0-1,0-1,0-1,0.014253665372655124,0.813179712209445,0.577545369705519,0.7989260468367898,0.5632917043328638
40.568113622724546,1.004148328477772,1.0020155860412272,1.0275169751642534,1.0295964507468398,0-1,0-1,0-1,0-1,0.014188299051095891,0.8152452761046796,0.5785536253278077,0.8010569770535837,0.5643653262767119
40.58811762352471,1.0045607199517086,1.0024531440375053,1.0265666344059419,1.0290899456336255,0-1,0-1,0-1,0-1,0.014121206404107477,0.817271586486718,0.5795234990013156,0.8031503800826105,0.5654022925972081
40.608121624324866,1.004960184921765,1.0028783427511994,1.025581634734344,1.0285536680825311,0-1,0-1,0-1,0-1,0.014052408474246112,0.8192581574875781,0.5804545700076427,0.805205749013332,0.5664021615333965
40.62812562512503,1.0053466287435602,1.0032910763948173,1.024562241809522,1.0279877871231335,0-1,0-1,0-1,0-1,0.013981927240881013,0.8212045153827449,0.5813464297765059,0.8072225881418639,0.5673645025356249
40.648129625925186,1.00571996170034,1.0036912440038182,1.0235087321845118,1.0273924806703374,0-1,0-1,0-1,0-1,0.013909785603673603,0.8231101989682915,0.5821986823318624,0.8092004133646179,0.5682888967281888
40.66813362672535,1.00608009900423,1.004078749440695,1.022421393425076,1.0267679355703172,0-1,0-1,0-1,0-1,0.013836007364831843,0.8249747599280802,0.5830109447343926,0.8111387525632484,0.5691749373695608
40.688137627525506,1.0064269607968015,1.0044535013982723,1.0213005242329034,1.0261143476484667,0-1,0-1,0-1,0-1,0.013760617210328552,0.8267977631907754,0.5837828475201107,0.8130371459804469,0.5700222303097822
40.70814162832567,1.0067604721489904,1.0048154134022391,1.020146434572135,1.0254319217592738,0-1,0-1,0-1,0-1,0.013683640689983814,0.828578787276633,0.5845140351350908,0.8148951465866492,0.570830394445107
40.72814562912583,1.0070805630603812,1.00516440381296,1.0189594457990787,1.024720871838032,0-1,0-1,0-1,0-1,0.013605104196606748,0.8303174246338509,0.5852041663660918,0.8167123204372442,0.5715990621694851
40.74814962992599,1.007387168457894,1.0055003958265787,1.0177398907949744,1.0239814209542955,0-1,0-1,0-1,0-1,0.013525034944101096,0.8320132819644988,0.5858529147670875,0.8184882470203977,0.5723278798229864
40.76815363072615,1.0076802281938864,1.0058233174754503,1.0164881141016455,1.0232138013669771,0-1,0-1,0-1,0-1,0.013443460944736096,0.8336659805398651,0.5864599690815034,0.8202225195951289,0.5730165081367673
40.78815763152631,1.007959687043698,1.0061331016279196,1.015204472059879,1.0224182545809877,0-1,0-1,0-1,0-1,0.0133604109854904,0.8352751565052938,0.5870250336601781,0.8219147455198035,0.5736646226746878
40.80816163232647,1.0082254947026525,1.0064296859874735,1.0138893329503513,1.0215950314053002,0-1,0-1,0-1,0-1,0.013275914603676189,0.8368404611744046,0.5875478288748618,0.8235645465707284,0.5742719142711856
40.82816563312663,1.00847760578254,1.0067130130912847,1.0125430771369075,1.0207443920123265,0-1,0-1,0-1,0-1,0.013190002061753534,0.8383615613128189,0.5880280915272817,0.8251715592510653,0.5748380894655282
40.84816963392679,1.0087159798075889,1.0069830303081708,1.011166097211991,1.0198666059984827,0-1,0-1,0-1,0-1,0.01310270432154668,0.8398381394113427,0.5884655752535882,0.826735435089796,0.5753628709320415
40.86817363472695,1.0089405812099508,1.0072396898359828,1.0097587981440024,1.0189619524458033,0-1,0-1,0-1,0-1,0.013014053017775353,0.841269893948778,0.5888600509242143,0.8282558409310027,0.575845997906439
40.88817763552711,1.0091513793247018,1.0074829486984422,1.0083215974263533,1.0180307199844831,0-1,0-1,0-1,0-1,0.01292408043111476,0.8426565396443668,0.5892113070389635,0.829732459213252,0.5762872266078487
40.90818163632727,1.0093483483843784,1.0077127687414449,1.0068549252279662,1.017073206856184,0-1,0-1,0-1,0-1,0.012832819460699989,0.8439978077000861,0.5895191501173487,0.8311649882393861,0.5766863306566486
40.92818563712743,1.0095314675130573,1.0079291166288349,1.0053592245449494,1.0160897209779658,0-1,0-1,0-1,0-1,0.012740303596289877,0.8452934460328487,0.5897834050839901,0.8325531424365589,0.5770431014877002
40.94818963792759,1.0097007207199813,1.0081319638376771,1.003834951353166,1.0150805800066751,0-1,0-1,0-1,0-1,0.01264656689000726,0.8465432194968721,0.5900039156490792,0.8338966526068647,0.577357348759072
40.96819363872775,1.0098560968927475,1.0083212866530231,1.0022825747613924,1.0140461114036246,0-1,0-1,0-1,0-1,0.012551643927872867,0.8477469100963142,0.5901805446837,0.8351952661684413,0.5776289007558271
40.988197639527904,1.0099975897900535,1.0084970661621897,1.0007025771647429,1.012986652499386,0-1,0-1,0-1,0-1,0.012455569801052535,0.8489043171884767,0.5903131745899854,0.8364487473874241,0.5778576047889329
41.00820164032807,1.0101251980340142,1.0086592882485546,0.9990954543980199,1.0119025505585093,0-1,0-1,0-1,0-1,0.012358380077004657,0.8500152576777316,0.5904017076658955,0.8376568776007269,0.5780433275888909
41.028205641128224,1.010238925102043,1.0088079435848771,0.9974617158886254,1.010794162843972,0-1,0-1,0-1,0-1,0.012260110770544161,0.8510795662004453,0.5904460664644935,0.8388194554299012,0.5781859556939494
41.04820964192839,1.0103387793183047,1.0089430276261455,0.9958018848086487,1.00966185668116,0-1,0-1,0-1,0-1,0.012160798314844712,0.8520970953011925,0.5904461941475803,0.8399362969863478,0.5782853958327355
41.068213642728544,1.010424773844737,1.0090645406019594,0.9941164982257222,1.0085060095211553,0-1,0-1,0-1,0-1,0.012060479532559896,0.8530677156004542,0.5904020548334082,0.8410072360678944,0.5783415753008484
41.08821764352871,1.0104969266716366,1.009172487508444,0.9924061072522149,1.007327009003118,0-1,0-1,0-1,0-1,0.011959191606983886,0.8539913159541812,0.5903136339383526,0.8420321243471973,0.5783544423313687
41.108221644328864,1.01055526060781,1.009266878099704,0.9906712771923067,1.0061252530155185,0-1,0-1,0-1,0-1,0.011856972053463926,0.8548678036054159,0.5901809385121819,0.843010831551952,0.578323966458718
41.12822564512903,1.0105998032702814,1.0093477268788063,0.9889125876864635,1.0049011497559834,0-1,0-1,0-1,0-1,0.011753858690976943,0.8556971043283678,0.5900039975667533,0.8439432456373909,0.5782501388757764
41.148229645929185,1.0106305870735528,1.009415053088302,0.987130632852803,1.003655117789494,0-1,0-1,0-1,0-1,0.01164988961408176,0.8564791625651537,0.5897828623977075,0.8448292729510719,0.5781329727836257
41.16823364672935,1.0106476492184053,1.0094688807002719,0.9853260214248215,1.0023875861046716,0-1,0-1,0-1,0-1,0.011545103165155543,0.8572139415555928,0.5895176068989203,0.8456688383904373,0.5779725037337647
41.188237647529505,1.0106510316802397,1.0095092384059008,0.9834993768849151,1.001098994167877,0-1,0-1,0-1,0-1,0.011439537907121967,0.8579014234602784,0.5892083278692102,0.8464618855531565,0.5777687899620882
41.20824164832967,1.0106407811969367,1.0095361596045687,0.9816513375931073,0.999789791974829,0-1,0-1,0-1,0-1,0.011333232596577635,0.858541609477304,0.5888551453109798,0.8472083768807264,0.5775219127144022
41.228245649129825,1.0106169492562331,1.0095496823924517,0.9797825569103616,0.9984604400994438,0-1,0-1,0-1,0-1,0.01122622615752031,0.8591345199528576,0.5884582027202115,0.8479082937953373,0.5772319765626912
41.24824964992999,1.0105795920825942,1.009549849550629,0.9778937033158315,0.9971114097395852,0-1,0-1,0-1,0-1,0.01111855765557972,0.8596801944860492,0.5880176673674032,0.8485616368304695,0.5768991097118236
41.268253650730145,1.0105287706235742,1.0095367085326783,0.9759854605173646,0.9957431827593967,0-1,0-1,0-1,0-1,0.011010266272953503,0.860178692028155,0.5875337305687767,0.8491684257552015,0.5765234642958231
41.28825765153031,1.0104645505356438,1.0095103114517556,0.9740585275545516,0.9943562517278821,0-1,0-1,0-1,0-1,0.010901391283942205,0.8606300909766269,0.5870066079472509,0.8497286996926847,0.5761052166633087
41.308261652330465,1.01038700216947,1.0094707150671414,0.9721136188935773,0.9929511199533848,0-1,0-1,0-1,0-1,0.010791972031281485,0.861034489264006,0.5864365396824183,0.8502425172327246,0.5756445676511368
41.32826565313063,1.0102962005546332,1.0094179807702433,0.970151464513097,0.9915283015136062,0-1,0-1,0-1,0-1,0.010682047903162732,0.8613920044420561,0.5858237907489164,0.8507099565388934,0.5751417428457537
41.348269653930785,1.0101922253837536,1.0093521745700382,0.9681728099803345,0.9900883212807847,0-1,0-1,0-1,0-1,0.010571658311133663,0.8617027737612083,0.5851686511423361,0.8511311154500746,0.5745969928312024
41.36827365473095,1.0100751609960172,1.009273367077936,0.9661784165165598,0.9886317149416567,0-1,0-1,0-1,0-1,0.010460842668764703,0.8619669542455779,0.5844714360919564,0.8515061115768132,0.5740105934231917
41.388277655531105,1.0099450963600705,1.0091816334920538,0.9641690610510777,0.9871590290117956,0-1,0-1,0-1,0-1,0.010349640371269389,0.8621847227635898,0.5837324862593504,0.8518350823923204,0.573382845888081
41.40828165633127,1.0098021250562654,1.0090770535808726,0.9621455362628227,0.9856708208439203,0-1,0-1,0-1,0-1,0.010238090775958608,0.862356276094408,0.5829521679220544,0.8521181853184494,0.5727140771460958
41.428285657131426,1.009646345258231,1.0089597116662659,0.960108650608626,0.9841676586297508,0-1,0-1,0-1,0-1,0.010126233183711095,0.8624818309901331,0.5821308731412435,0.852355597806422,0.5720046399575324
41.44828965793159,1.009477859713742,1.0088296966058714,0.9580592283371885,0.9826501213949755,0-1,0-1,0-1,0-1,0.010014106821335553,0.8625616242338869,0.581269019912512,0.8525475174125514,0.5712549130911765
41.468293658731746,1.0092967757248634,1.0086871017747925,0.9559981094877619,0.9811187989868853,0-1,0-1,0-1,0-1,0.00990175082500059,0.8625959126936695,0.5803670522986157,0.852694161868669,0.5704653014736152
41.48829765953191,1.0091032051273392,1.008532025046595,0.953926149872515,0.9795742920542125,0-1,0-1,0-1,0-1,0.00978920422460258,0.862584973372013,0.5794254405431818,0.8527957691474104,0.5696362363185792
41.508301660332066,1.0088972642692011,1.0083645687735865,0.951844221041527,0.9780172120187126,0-1,0-1,0-1,0-1,0.009676505929242619,0.862529103451226,0.5784446811641603,0.8528525975219834,0.5687681752349176
41.52830566113223,1.0086790739885605,1.0081848397663435,0.9497532102293268,0.9764481810380022,0-1,0-1,0-1,0-1,0.00956369471367662,0.8624286203341563,0.5774252970259522,0.8528649256204798,0.5678616023122757
41.548309661932386,1.0084487595905642,1.0079929492724686,0.9476540202818742,0.9748678319591687,0-1,0-1,0-1,0-1,0.009450809205902792,0.862283861680156,0.5763678373889163,0.8528330524742532,0.5669170281830135
41.56831366273255,1.0082064508234694,1.0077890129545408,0.9455475695628485,0.9732768082626496,0-1,0-1,0-1,0-1,0.0093378878757468,0.8620951854360686,0.5752728779351253,0.8527572975603217,0.5659349900593784
41.588317663532706,1.0079522818538167,1.0075731508672394,0.9434347918380943,0.9716757639958754,0-1,0-1,0-1,0-1,0.009224969024601981,0.8618629698618117,0.5741410207690246,0.8526380008372096,0.5649160517444226
41.60832166433287,1.007686391240658,1.0073454874336065,0.9413166361370556,0.9700653636961597,0-1,0-1,0-1,0-1,0.009112090776177485,0.8615876135502525,0.5729728943918224,0.852475522774075,0.563860803615645
41.628325665133026,1.0074089219088165,1.0071061514204203,0.9391940665900097,0.9684462823023123,0-1,0-1,0-1,0-1,0.008999291068407867,0.8612695354408301,0.5717691536482267,0.8522702443724222,0.5627698625798188
41.64832966593319,1.0071200211211289,1.006855275912646,0.9370680622399029,0.9668192050544495,0-1,0-1,0-1,0-1,0.00888660764636924,0.8609091748264963,0.570530479644341,0.852022567180127,0.5616438719979717
41.668333666733346,1.006819840449648,1.0065929982869348,0.9349396168275818,0.9651848273814638,0-1,0-1,0-1,0-1,0.00877407805634758,0.8605069913533054,0.5692575796353275,0.8517329132969579,0.56048350157898
41.68833766753351,1.006508535745759,1.006319460184138,0.9328097385492069,0.9635438547756168,0-1,0-1,0-1,0-1,0.00866173964090124,0.8600634650120894,0.5679511868816464,0.8514017253711882,0.5592894472407451
41.70834166833367,1.0061862671091766,1.0060348074807963,0.9306794497846369,0.9618970026537157,0-1,0-1,0-1,0-1,0.00854962953505214,0.8595790961214285,0.5666120604725045,0.8510294665863763,0.5580624309374523
41.72834566913383,1.0058531988557833,1.005739190259581,0.928549786795574,0.9602449962043307,0-1,0-1,0-1,0-1,0.00843778466344173,0.8590544053012149,0.5652409851153516,0.8506166206377732,0.5568032004519099
41.74834966993399,1.0055094994842713,1.0054327627786397,0.9264217993922738,0.9585885702205136,0-1,0-1,0-1,0-1,0.00832624173857891,0.8584899334358957,0.5638387708901046,0.8501636916973169,0.5555125291515257
41.76835367073415,1.005155341641545,1.0051156834398225,0.9242965505676379,0.9569284689174766,0-1,0-1,0-1,0-1,0.008215037260007056,0.8578862416265672,0.562406252967,0.8496712043665602,0.5541912157069929
41.78835767153431,1.0047909020868488,1.00478811475574,0.9221751160975242,0.9552654457347007,0-1,0-1,0-1,0-1,0.00810420751450915,0.8572439111308755,0.5609442912868318,0.8491397036163664,0.5528400837723226
41.80836167233447,1.004416361654575,1.0044502233156272,0.9200585841061479,0.9536002631219415,0-1,0-1,0-1,0-1,0.007993788577167685,0.8565635432897798,0.5594537702025715,0.8485697547126121,0.5514599816254038
41.82836567313463,1.004031905215715,1.004102179749966,0.9179480545954718,0.9519336923086127,0-1,0-1,0-1,0-1,0.007883816313388022,0.8558457594400196,0.5579355980812375,0.8479619431266316,0.5500517817678495
41.84836967393479,1.0036377216379078,1.0037441586938367,0.9158446389375333,0.9502665130560413,0-1,0-1,0-1,0-1,0.007774326381693759,0.8550912008112259,0.556390706865132,0.8473168744295322,0.5486163804834383
41.86837367473495,1.0032340037440497,1.0033763387489523,0.9137494593287031,0.9485995133920895,0-1,0-1,0-1,0-1,0.0076653542373880815,0.8543005284064201,0.5548200515914633,0.846635174169032,0.5471546973540752
41.88837767553511,1.0028209482694161,1.0029989024443418,0.9116636482049337,0.9469334893276695,0-1,0-1,0-1,0-1,0.007556935136878516,0.8534744228647478,0.5532246098696251,0.8459174877278693,0.5456676747327466
41.90838167633527,1.0023987558172602,1.0026120361956405,0.909588347617117,0.945269244554682,0-1,0-1,0-1,0-1,0.007449104142745396,0.8526135843051061,0.5516053813153267,0.8451644801623608,0.5441562771725813
41.92838567713543,1.0019676308128416,1.00221593026295,0.9075247085657534,0.9436075901249354,0-1,0-1,0-1,0-1,0.0073418961293365125,0.8517187321494442,0.5499633869410407,0.8443768360201076,0.5426214908117042
41.94838967793559,1.0015277814558436,1.0018107787072232,0.9054738902942194,0.9419493441096292,0-1,0-1,0-1,0-1,0.0072353457889522185,0.8507906049243327,0.5482996685021636,0.8435552591353804,0.5410643227132114
41.96839367873575,1.001079419671138,1.0013967793451413,0.9034370595400126,0.9402953312390024,0-1,0-1,0-1,0-1,0.007129487638386938,0.8498299600395423,0.5466152877985785,0.8427004724011553,0.5394858001601915
41.98839767953591,1.000622761057852,1.0009741337024367,0.9014153897434632,0.9386463825217914,0-1,0-1,0-1,0-1,0.0070243560258714125,0.8488375735422022,0.5449113259312544,0.8418132175163309,0.537886969905383
42.00840168033607,1.0001580248367004,1.0005430469656258,0.8994100602135182,0.9370033348441578,0-1,0-1,0-1,0-1,0.006919985138161876,0.847814239845265,0.543188882513817,0.8408942547071032,0.5362688973756552
42.02840568113623,0.9996854337955351,1.000103727932109,0.8974222552503236,0.9353670305477981,0-1,0-1,0-1,0-1,0.006816409007797277,0.8467607714288627,0.5414490748389906,0.8399443624210655,0.5346326658311934
42.04840968193639,0.9992052142330742,0.9996563889585999,0.8954531632244743,0.9337383169869793,0-1,0-1,0-1,0-1,0.0067136615202496,0.8456779985133099,0.5396930370001197,0.8389643369930604,0.5329793754798702
42.06841368273655,0.99871759590077,0.999201245907844,0.8935039756129434,0.9321180460642857,0-1,0-1,0-1,0-1,0.006611776420958843,0.8445667687023978,0.5379219189679555,0.8379549922814389,0.5313101425469966
42.08841768353671,0.9982228119427716,0.9987385180935868,0.8915758859918594,0.9305070737449169,0-1,0-1,0-1,0-1,0.006510787321953367,0.8434279465958018,0.5361368856232158,0.8369171592738485,0.5296260983012625
42.10842168433687,0.9977210988339484,0.9982684282237535,0.8896700889864718,0.9289062595494171,0-1,0-1,0-1,0-1,0.006410727708015109,0.8422624133693589,0.5343391157454077,0.8358516856613438,0.5279283880373926
42.12842568513703,0.9972126963159279,0.9977912023418016,0.8877877791788131,0.927316466024779,0-1,0-1,0-1,0-1,0.006311630942059226,0.8410710663221641,0.5325298009587349,0.8347594353801049,0.5262181700166757
42.14842968593719,0.9966978473311171,0.997307069766209,0.8859301499737599,0.9257385581939174,0-1,0-1,0-1,0-1,0.006213530269653335,0.8398548183893878,0.5307101446359055,0.8336412881197345,0.5244966143662522
42.16843368673735,0.9961767979546641,0.9968162630280609,0.8840983924243863,0.9241734029835675,0-1,0-1,0-1,0-1,0.006116458822312452,0.8386145976199594,0.5288813607609887,0.8324981387976469,0.5227649019386762
42.18843768753751,0.9956497973243291,0.9963190178066992,0.8822936940177035,0.9226218686307335,0-1,0-1,0-1,0-1,0.006020449619453264,0.8373513466182221,0.5270446727524718,0.8313308969987688,0.5210242231330185
42.20844168833767,0.9951170975682239,0.9958155728633985,0.8805172374220968,0.9210848240678743,0-1,0-1,0-1,0-1,0.005925535568607317,0.8360660219489461,0.5252013122480023,0.8301404863803388,0.519275776679395
42.22844568913783,0.9945789537303925,0.995306169973037,0.8787701991979754,0.919563138287088,0-1,0-1,0-1,0-1,0.005831749463735659,0.8347595935050743,0.5233525178523113,0.8289278440413387,0.5175207683885756
42.24844968993799,0.9940356236941956,0.9947910538537248,0.8770537484733922,0.9180576796836301,0-1,0-1,0-1,0-1,0.00573912398120301,0.8334330438378829,0.5214995338501479,0.8276939198566798,0.5157604098689449
42.26845369073815,0.9934873681034723,0.994270472094365,0.8753690455865926,0.916569315379176,0-1,0-1,0-1,0-1,0.005647691673210262,0.8320873674492621,0.5196436088860618,0.8264396757760519,0.5139959172128515
42.28845769153831,0.9929344502814459,0.9937446750801087,0.8737172406977058,0.9150989105253238,0-1,0-1,0-1,0-1,0.005557484958204473,0.830723570046147,0.5177859946132101,0.8251660850879425,0.5122285096550055
42.30846169233847,0.9923771361473519,0.9932139159156819,0.8720994723720052,0.9136473275879067,0-1,0-1,0-1,0-1,0.005468536108022523,0.8293426677571855,0.5159279443133732,0.8238741316491629,0.5104594082053506
42.32846569313863,0.991815694130757,0.9926784503465536,0.8705168661374069,0.9122154256127796,0-1,0-1,0-1,0-1,0.005380877231250642,0.8279456863120778,0.5140707114906902,0.8225648090808271,0.5086898342594395
42.34846969393879,0.9912503950835528,0.9921385366779202,0.8689705330191011,0.9108040594738237,0-1,0-1,0-1,0-1,0.005294540252517455,0.8265336601841027,0.5122155484416374,0.8212391199315853,0.50692100818912
42.36847369473895,0.9906815121895964,0.9915944356914834,0.8674615680544442,0.9094140791040055,0-1,0-1,0-1,0-1,0.005209556887176452,0.825107631696712,0.5103637048040961,0.8198980748095355,0.5051541479169196
42.38847769553911,0.9901093208719862,0.9910464105599976,0.8659910487914538,0.9080463287104141,0-1,0-1,0-1,0-1,0.005125958611066833,0.8236686500951776,0.5085164260883537,0.8185426914841109,0.5033904674772869
42.40848169633927,0.9895340986979506,0.9904947267595716,0.8645600337744758,0.906701645974293,0-1,0-1,0-1,0-1,0.0050437766247971305,0.8222177705846523,0.5066749521932012,0.8171739939598551,0.5016311755684041
42.42848569713943,0.9889561252813425,0.9899396519797006,0.863169561020789,0.9053808612371732,0-1,0-1,0-1,0-1,0.004963041812231041,0.8207560533361237,0.5048405159102843,0.8157930115238926,0.4998774740980533
42.44848969793959,0.9883756821827234,0.9893814560310205,0.8618206464921232,0.9040847966743059,0-1,0-1,0-1,0-1,0.0048837846926293085,0.8192845624621278,0.503014341420162,0.8144007777694985,0.4981305567275327
42.46849369873975,0.9877930528070336,0.988820410750766,0.8605142825652362,0.902814265456681,0-1,0-1,0-1,0-1,0.004806035366147229,0.8178043649642082,0.5011976427835185,0.812998329598061,0.4963916074173713
42.48849769953991,0.9872085222988414,0.988256789905928,0.8592514365058789,0.9015700709030129,0-1,0-1,0-1,0-1,0.004729823452186247,0.8163165296544932,0.49939162243125124,0.811586706202307,0.494661798979065
42.50850170034007,0.986622377435173,0.9876908690940978,0.8580330489506233,0.9003530056231568,0-1,0-1,0-1,0-1,0.004655178020356811,0.8148221260538828,0.49759746965713336,0.810166948033526,0.49294229163677655
42.52850570114023,0.9860349065159196,0.9871229256419978,0.8568600324011612,0.8991638506545071,0-1,0-1,0-1,0-1,0.004582127513640185,0.8133222232697142,0.49581635911701233,0.808740095756074,0.49123423160337215
42.54850970194039,0.985446399251835,0.9865532385016963,0.8557332697358043,0.8980033745930144,0-1,0-1,0-1,0-1,0.004510699663614587,0.8118178888558775,0.49404944933845907,0.8073071891922629,0.48953874967484445
42.56851370274055,0.9848571466501231,0.9859820881445072,0.8546536127430016,0.8968723327205325,0-1,0-1,0-1,0-1,0.004440921397482708,0.8103101876587134,0.49229788124502194,0.8058692662612307,0.48785695984753924
42.58851770354071,0.9842674408976408,0.9854097564525808,0.8536218806817555,0.8957714661302879,0-1,0-1,0-1,0-1,0.004372818736933391,0.8088001806521072,0.49056277669917187,0.8044273619151738,0.48618995796223846
42.60852170434087,0.9836775752417162,0.9848365266081945,0.8526388588738709,0.8947015008523304,0-1,0-1,0-1,0-1,0.0043064166887881745,0.8072889237655136,0.4888452370682365,0.8029825070767255,0.48453882037944834
42.62852570514103,0.9830878438686209,0.9842626829807545,0.8517052973329742,0.8936631469808906,0-1,0-1,0-1,0-1,0.004241739127708187,0.8057774667087143,0.4871463418175279,0.8015357275810061,0.4829046026898197
42.64852970594119,0.9824985417797062,0.9836885110115244,0.8508219094352378,0.8926570978056336,0-1,0-1,0-1,0-1,0.004178808671192923,0.8042668517973763,0.48546714713504063,0.8000880431261834,0.4812883384638477
42.66853370674135,0.9819099646652427,0.9831142970961019,0.8499893706366947,0.8916840289488455,0-1,0-1,0-1,0-1,0.004117646547457397,0.8027581127835074,0.4838086845919832,0.79864046623605,0.4796910380445258
42.688537707541514,0.981322408775988,0.9825403284646634,0.8492083172419628,0.8907445975106382,0-1,0-1,0-1,0-1,0.004058272456774258,0.80125227369513,0.48217195984353245,0.7971940012383557,0.4781136873867582
42.70854170834167,0.9807361707925288,0.981966893060008,0.8484793452290923,0.8898394412243014,0-1,0-1,0-1,0-1,0.004000704427234099,0.7997503476894653,0.4805579513740553,0.7957496432622312,0.4765572469468212
42.728545709141834,0.9801515476924322,0.9813942794134284,0.8478030091351197,0.8889691776239526,0-1,0-1,0-1,0-1,0.003944958665918768,0.7982533359240935,0.4789676092911238,0.7943083772581747,0.47502265062520505
42.74854970994199,0.9795688366152585,0.9808227765184471,0.8471798210067487,0.8881344032266638,0-1,0-1,0-1,0-1,0.0038910494068479665,0.7967622264504659,0.47740185417246883,0.792871177043618,0.47351080476562085
42.768553710742154,0.9789883347254832,0.9802526737024568,0.8466102494203825,0.8873356927312576,0-1,0-1,0-1,0-1,0.003838988757120614,0.7952779931342615,0.4758615759700533,0.7914390043771409,0.47202258721293266
42.78855771154231,0.9784103390733895,0.9796842604963089,0.846094718575515,0.8865735982359623,0-1,0-1,0-1,0-1,0.0037887865430210935,0.7938015946069317,0.4743476329752184,0.7900128080639106,0.4705588464321973
42.808561712342474,0.9778351464539856,0.9791178265018983,0.8456336074652342,0.8858486484771172,0-1,0-1,0-1,0-1,0.003740450157911482,0.7923339732528164,0.4728608508488485,0.7885935230949049,0.469120400690937
42.82856571314263,0.9772630532640209,0.9785536612577999,0.8452272491273141,0.8851613480910966,0-1,0-1,0-1,0-1,0.0036939844140363954,0.7908760542360237,0.4714020217202275,0.7871820698219874,0.4677080373061911
42.84856971394279,0.9766943553571669,0.9779920541030125,0.8448759299790694,0.8845121769015972,0-1,0-1,0-1,0-1,0.003649391400380334,0.789428744571221,0.4699719033581952,0.7857793531708407,0.4663225119578149
42.86857371474295,0.9761293478974407,0.977433294038873,0.8445798892388221,0.8839015892343964,0-1,0-1,0-1,0-1,0.0036066703489308996,0.7879929322422512,0.46857121841791505,0.7843862618933203,0.46496454806898413
42.88857771554311,0.975568325210954,0.976877669589208,0.8443393184364772,0.8833300132616394,0-1,0-1,0-1,0-1,0.0035658175116910734,0.7865694853723432,0.4672006537663973,0.7830036678606521,0.46363483625470625
42.90858171634327,0.9750115806360701,0.9763254686587954,0.8441543610153455,0.8827978503776565,0-1,0-1,0-1,0-1,0.003526826050796507,0.7851592514494682,0.4658608598896752,0.7816324253986717,0.46233403383887867
42.92858571714343,0.9744594063720661,0.975776978390213,0.8440251120269575,0.8823054746082416,0-1,0-1,0-1,0-1,0.0034896859440936984,0.7837630566100968,0.46455245038420345,0.7802733706660031,0.46106276444010974
42.94858971794359,0.9739120933263897,0.9752324850191522,0.843951617920231,0.8818532320552451,0-1,0-1,0-1,0-1,0.003454383908340743,0.7823817049844194,0.46327600153484577,0.7789273210760786,0.45982161762650503
42.96859371874375,0.9733699309606205,0.9746922737282868,0.8439338764259321,0.881441440378244,0-1,0-1,0-1,0-1,0.003420903342098148,0.781015978105703,0.46203205198140856,0.7775950747636049,0.4586111486393104
42.98859771954391,0.9728332071352334,0.9741566284997876,0.8439718365369671,0.8810703883149527,0-1,0-1,0-1,0-1,0.003389224290061717,0.7796666343862457,0.46082110247544156,0.776277410096184,0.45743187818537984
43.00860172034407,0.9723022079532847,0.9736258319665755,0.8440653985846195,0.8807403352419322,0-1,0-1,0-1,0-1,0.0033593234303562008,0.7783344086619476,0.45964361572858836,0.7749750852315914,0.45628429229823214
43.02860572114423,0.9717772176031286,0.9731001652624168,0.8442144144104243,0.8804515107770349,0-1,0-1,0-1,0-1,0.0033311740858960265,0.7770200118072715,0.45850001635349424,0.7736888377213755,0.45516884226759824
43.04860972194439,0.9712585182002941,0.9725799078709633,0.8444186876329624,0.8802041144248991,0-1,0-1,0-1,0-1,0.0033047462605720235,0.7757241304219149,0.45739069089781587,0.7724193841613429,0.45408594463724383
43.06861372274455,0.9707463896286395,0.9720653374738496,0.8446779740084367,0.8799983152666735,0-1,0-1,0-1,0-1,0.003280006700548916,0.7744474265902241,0.45631598797157785,0.7711674198896752,0.45303598127102895
43.08861772354471,0.9702411093809237,0.9715567297979608,0.844991981883496,0.8798342516950111,0-1,0-1,0-1,0-1,0.003256918980542255,0.7731905377139325,0.455276218467645,0.7699336187333903,0.45201929948710273
43.10862172434487,0.9697429523989225,0.9710543584619877,0.8453603727383798,0.8797120311952283,0-1,0-1,0-1,0-1,0.0032354436144573983,0.7719540764185012,0.4542716558747588,0.7687186328040438,0.45103621226030144
43.12862572514503,0.9692521909132338,0.9705584948223963,0.8457827618180754,0.8796317301733713,0-1,0-1,0-1,0-1,0.0032155381893462813,0.7707386305328878,0.45330253668211146,0.7675230923435415,0.4500869984927652
43.14862972594519,0.9687690942829135,0.970069407818935,0.8462587188488303,0.8795933938317739,0-1,0-1,0-1,0-1,0.003197157521201039,0.7695447631422714,0.4523690608741055,0.7663476056210703,0.44917190335290447
43.16863372674535,0.9682939288350904,0.969587363819817,0.8467877688370119,0.8795970360925411,0-1,0-1,0-1,0-1,0.0031802538307241176,0.7683730127128247,0.45147139251347973,0.7651927588821006,0.4482911386827556
43.18863772754551,0.9678269577047122,0.9691126264667065,0.8473693929469991,0.8796426395692151,0-1,0-1,0-1,0-1,0.003164776936880631,0.7672238932873365,0.4506096604106653,0.7640591163504559,0.4474448834737847
43.20864172834567,0.9673684406745767,0.9686454565196536,0.8480030294544928,0.8797301555867321,0-1,0-1,0-1,0-1,0.003150674465757343,0.76609789475008,0.4497839588767879,0.7629472202843227,0.44663328441103056
43.22864572914583,0.9669186340158088,0.9681861117021194,0.8486880747713665,0.8798595042496054,0-1,0-1,0-1,0-1,0.003137892072062147,0.7649954831590624,0.44899434855744114,0.7618575910870002,0.44585645648537897
43.24864972994599,0.9664777903289422,0.9677348465462376,0.8494238845379425,0.8800305745581072,0-1,0-1,0-1,0-1,0.0031263736704399622,0.76391710114341,0.44824085734393376,0.76079072747297,0.4451144836734938
43.26865373074615,0.9660461583857753,0.967291912238463,0.8502097747783657,0.8802432245720619,0-1,0-1,0-1,0-1,0.003116061673754647,0.7628631683634293,0.4475234813584591,0.7597471066896746,0.44440741968470443
43.28865773154631,0.9656239829721645,0.9668575564657615,0.8510450231145679,0.8804972816217024,0-1,0-1,0-1,0-1,0.0031068972354544575,0.7618340820305435,0.4468421860092567,0.758727184795089,0.44373528877380225
43.30866173234647,0.9652115047319266,0.9664320232624938,0.8519288700341675,0.8807925425648807,0-1,0-1,0-1,0-1,0.0030988204932705385,0.760830217484129,0.4461969071116203,0.7577313969908585,0.44309808661834976
43.32866573314663,0.9648089600120239,0.9660155528581558,0.8528605202075257,0.8811287740897796,0-1,0-1,0-1,0-1,0.0030917708115736774,0.7598519288219913,0.4455875520702847,0.7567601580104176,0.44249578125871103
43.34866973394679,0.9644165807092029,0.965608381526135,0.8538391438490979,0.8815057130621144,0-1,0-1,0-1,0-1,0.0030856870199767656,0.7588995495810872,0.44501400111855866,0.7558138625611104,0.4419283140985819
43.36867373474695,0.9640345941182651,0.9652107414336444,0.8548638781181519,0.8819230669156791,0-1,0-1,0-1,0-1,0.0030805076459230587,0.7579733934648756,0.4444761086093068,0.7548928858189525,0.44139560096338376
43.38867773554711,0.963663222782144,0.9648228604929999,0.8559338285539037,0.8823805140849584,0-1,0-1,0-1,0-1,0.00307617113934994,0.7570737551135911,0.443973704352777,0.7539975839742411,0.44089753321342706
43.40868173634727,0.9633026843439683,0.9644449622144102,0.8570480705401171,0.8828777044783895,0-1,0-1,0-1,0-1,0.003072616087710372,0.7562009109135656,0.44350659499607137,0.7531282948258552,0.440433978908361
43.42868573714743,0.9629531914012852,0.9640772655604415,0.8582056507942395,0.8834142599907517,0-1,0-1,0-1,0-1,0.0030697814200263416,0.7553551198416943,0.44307456543900875,0.752285338421668,0.4400047840189824
43.44868973794759,0.9626149513626278,0.96371998480233,0.8594055888762037,0.8839897750530384,0-1,0-1,0-1,0-1,0.003067606598840632,0.7545366243410156,0.44267738028100295,0.751469017742175,0.4396097736821623
43.46869373874775,0.962288166306598,0.9633733293783092,0.8606468787121034,0.8846038172180767,0-1,0-1,0-1,0-1,0.0030660317993339253,0.7537456512234034,0.44231478529358287,0.7506796194240695,0.43924875349424897
43.48869773954791,0.9619730328436462,0.9630375037541214,0.8619284901280514,0.8852559277800583,0-1,0-1,0-1,0-1,0.003064998075029461,0.7529824125952946,0.44198650891313024,0.7499174145202652,0.43892151083810077
43.50870174034807,0.9616697419807226,0.9627127072858837,0.8632493703896528,0.88594562242607,0-1,0-1,0-1,0-1,0.00306444750988972,0.7522471068024478,0.4416922637484711,0.749182659292558,0.4386278162385814
43.52870574114823,0.9613784789889745,0.9623991340854747,0.8646084457426733,0.8866723919176371,0-1,0-1,0-1,0-1,0.003064323356708025,0.7515399193896983,0.4414317480979679,0.7484755960329903,0.4383674247412599
43.54870974194839,0.961099423274662,0.9620969728886126,0.8660046229506391,0.8874357028002354,0-1,0-1,0-1,0-1,0.0030645701620424953,0.7508610240717989,0.4412046474708797,0.7477964539097564,0.4381400773088372
43.56871374274855,0.960832748253466,0.9618064069257904,0.8674367908252862,0.8882349981386721,0-1,0-1,0-1,0-1,0.0030651338779718053,0.7502105837114348,0.441010636107821,0.747145449833463,0.4379455022298492
43.58871774354871,0.9605786212283494,0.9615276137962312,0.8689038217459663,0.8890696982762015,0-1,0-1,0-1,0-1,0.0030659619612519473,0.7495887513006687,0.4408493784953284,0.7465227893394167,0.43778341653407643
43.60872174434887,0.9603372032711466,0.9612607653450306,0.8704045731643195,0.8899392016152089,0-1,0-1,0-1,0-1,0.0030670034604183515,0.7489956709421108,0.440720530869653,0.7459286674816925,0.4376535274092347
43.62872574514903,0.9601086491080326,0.9610060275436436,0.871937889090739,0.8908428854172751,0-1,0-1,0-1,0-1,0.0030682090916335286,0.748431478826288,0.4406237427051164,0.7453632697346545,0.43755553361348287
43.64872974594919,0.9598931070090378,0.9607635603738764,0.8735026015593698,0.8917801066204313,0-1,0-1,0-1,0-1,0.003069531303984292,0.7478963042017786,0.44055865818252865,0.7448267728977943,0.43748912687854435
43.66873374674935,0.9596907186817561,0.9605335177155363,0.8750975320686137,0.892750202671407,0-1,0-1,0-1,0-1,0.0030709243351515615,0.7473902703348619,0.44052491763341145,0.7443193459997104,0.4374539932982599
43.68873774754951,0.9595016191694005,0.9603160472378943,0.8767214929943422,0.8937524923706927,0-1,0-1,0-1,0-1,0.003072344258226912,0.7469134954555561,0.44052215895597063,0.7438411511973292,0.43744981469774374
43.708741748349674,0.9593259367533444,0.9601112902951046,0.8783732889732482,0.8947862767282488,0-1,0-1,0-1,0-1,0.00307374902064261,0.746466093687112,0.44055001899902707,0.7433923446664694,0.43747626997838446
43.72874574914983,0.9591637928602957,0.9599193818257287,0.8800517182540087,0.8958508398277332,0-1,0-1,0-1,0-1,0.0030750984759904776,0.7460481759561761,0.4406081349103472,0.7429730774801856,0.43753303643435676
43.748749749949994,0.9590153019742267,0.9597404502565,0.8817555740141538,0.8969454496971427,0-1,0-1,0-1,0-1,0.0030763544096800224,0.7456598508810339,0.4406961454460905,0.7425834964713539,0.43761979103641047
43.76875375075015,0.9588805715531954,0.9595746174104641,0.8834836456407726,0.8980693591838206,0-1,0-1,0-1,0-1,0.003077480559165115,0.7453012256355034,0.44081369223833844,0.7422237450763383,0.4377362116791733
43.788757751550314,0.9587597019511755,0.9594219984196278,0.8852347199734157,0.8992218068318237,0-1,0-1,0-1,0-1,0.003078442629633474,0.7449724067862535,0.4409604210179596,0.74189396415662,0.43788197838832615
43.80876175235047,0.9586527863450078,0.9592827016422337,0.8870075825077653,0.9004020177597096,0-1,0-1,0-1,0-1,0.0030792083058107248,0.744673501101479,0.44113598279031313,0.7415942927956682,0.4380567744845024
43.828765753150634,0.9585599106665832,0.9591568285847841,0.8888010185588686,0.9016092045368612,0-1,0-1,0-1,0-1,0.0030797472606939025,0.7444046163290714,0.44134003496158253,0.7413248690683775,0.43826028770088865
43.84876975395079,0.9584811535403553,0.9590444738289224,0.8906138143829357,0.9028425680565401,0-1,0-1,0-1,0-1,0.003080031161773878,0.7441658619425808,0.4415722424137838,0.7410858307808069,0.43849221125200993
43.868773754750954,0.9584165862262745,0.9589457249632802,0.8924447582569005,0.9041012984039334,0-1,0-1,0-1,0-1,0.0030800336754710023,0.7439573498534704,0.44183227852677065,0.7408773161779993,0.43875224485129966
43.88877775555111,0.958366272568229,0.9588606625203858,0.8942926415151382,0.9053845757175372,0-1,0-1,0-1,0-1,0.003079730470244667,0.7437791950883091,0.4421198261458023,0.7406994646180645,0.43904009567555763
43.908781756351274,0.9583302689480709,0.9587893599187267,0.896156259542918,0.9066915710423,0-1,0-1,0-1,0-1,0.003079099219009894,0.7436315164297531,0.4424345784935087,0.7405524172107433,0.4393554792744988
43.92878575715143,0.9583086242452897,0.9587318834100517,0.8980344127263344,0.9080214471730392,0-1,0-1,0-1,0-1,0.003078119601224896,0.7435144370203,0.44277624002531407,0.740436317419075,0.4396981204240892
43.948789757951594,0.9583013798024015,0.958688292031987,0.8999259073586338,0.9093733594867248,0-1,0-1,0-1,0-1,0.003076773305194171,0.743428084927996,0.4431445272276345,0.7403513116228018,0.4400677539224403
43.96879375875175,0.9583085693960964,0.9586586375660386,0.9018295565030011,0.910746456762319,0-1,0-1,0-1,0-1,0.0030750440308607674,0.7433725936733957,0.4435391693583707,0.7402975496425349,0.4404641253275099
43.988797759551915,0.9583302192141951,0.9586429645010384,0.9037441808120164,0.9121398819869503,0-1,0-1,0-1,0-1,0.0030729174935498877,0.7433481027172646,0.44395990912945255,0.7402751852237147,0.44088699163590267
44.00880176035207,0.9583663478384398,0.9586413100020913,0.905668609304118,0.913552773147283,0-1,0-1,0-1,0-1,0.0030703814288547482,0.7433547579086165,0.4444065033313771,0.7402843764797618,0.44133612190252236
44.028805761152235,0.9584169662331511,0.9586537038850662,0.907601680097543,0.9149842640050524,0-1,0-1,0-1,0-1,0.003067425599050827,0.7433927118928569,0.4448787233998908,0.7403252862938061,0.44181129780084
44.04880976195239,0.9584820777397633,0.9586801685966678,0.9095422411023147,0.9164334848558047,0-1,0-1,0-1,0-1,0.0030640418011536725,0.7434621244798956,0.4453763559251359,0.7403980826787419,0.44231231412398225
44.068813762752555,0.958561678077244,0.958720719200119,0.9114891506709579,0.9178995632699892,0-1,0-1,0-1,0-1,0.003060223876936334,0.7435631629722496,0.44589920310375697,0.7405029390953132,0.44283897922682064
44.08881776355271,0.9586557553483985,0.9587753633664715,0.9134412782087101,0.9193816248156297,0-1,0-1,0-1,0-1,0.0030559677249504384,0.7436960024532489,0.4464470831346167,0.7406400347282984,0.44339111540966625
44.108821764352875,0.9587642900520449,0.9588441013715603,0.9153975047440833,0.9208787937618907,0-1,0-1,0-1,0-1,0.003051271314799856,0.7438608260355866,0.44701983055891836,0.7408095547207867,0.4439685592441185
44.12882576515303,0.9588872551010383,0.9589269260985995,0.9173567234606975,0.9223901937629453,0-1,0-1,0-1,0-1,0.0030461347036417463,0.7440578250705432,0.447617296545662,0.7410116903669014,0.4445711618420203
44.148829765953195,0.9590246158461208,0.959023823046419,0.9193178401913784,0.9239149485216221,0-1,0-1,0-1,0-1,0.0030405600550965136,0.7442871993183292,0.44823934912348695,0.7412466392632326,0.44519878906839044
44.16883376675335,0.9591763301055499,0.9591347703433235,0.9212797738755641,0.9254521824324096,0-1,0-1,0-1,0-1,0.0030345516604698025,0.744549157080063,0.44888587336006003,0.7415146054195931,0.44585132169959024
44.188837767553515,0.9593423482004654,0.9592597387665547,0.9232414569811106,0.9270010212034514,0-1,0-1,0-1,0-1,0.003028115962395525,0.7448439152920033,0.4495567714902724,0.7418157993296078,0.44652865552787685
44.20884176835367,0.9595226129959351,0.9593986917673238,0.9252018358916307,0.9285605924572625,0-1,0-1,0-1,0-1,0.003021261580724921,0.7451716995827157,0.450251962994591,0.7421504380019908,0.4472307014138661
44.228845769153835,0.9597170599476161,0.9595515855013744,0.9271598712605295,0.9301300263099512,0-1,0-1,0-1,0-1,0.0030139993406875726,0.7455327442939449,0.45097138462899766,0.7425187449532573,0.4479573852883101
44.24884976995399,0.9599256171539596,0.9597183688650291,0.9291145383329239,0.9317084559288143,0-1,0-1,0-1,0-1,0.003006342303059328,0.745927292466011,0.4517149904080086,0.7429209501629517,0.44870864810494926
44.268853770754156,0.9601482054138761,0.9598989835366641,0.9310648272366585,0.9332950180682298,0-1,0-1,0-1,0-1,0.002998305796264167,0.7463555957886315,0.4524827515423355,0.7433572899923674,0.4494844457460714
44.28885777155431,0.9603847382897752,0.9600933640235465,0.9330097432436356,0.934888853583836,0-1,0-1,0-1,0-1,0.0029899074500366082,0.7468179145181015,0.453274656332797,0.743828007068065,0.4502847488827604
44.308861772354476,0.9606351221758823,0.9603014377139637,0.9349483070026888,0.9364891079250479,0-1,0-1,0-1,0-1,0.0029811672304517795,0.7473145173618436,0.4540907100221312,0.7443333501313918,0.4511095427916794
44.32886577315463,0.9608992563717268,0.9605231249345669,0.9368795547452325,0.9380949316060109,0-1,0-1,0-1,0-1,0.0029721074758172535,0.7478456813313591,0.4549309346064011,0.7448735738555419,0.45195882713058383
44.348869773954796,0.9611770331606948,0.9607583390128386,0.9388025384649125,0.9397054806551479,0-1,0-1,0-1,0-1,0.002962752933087003,0.7484116915646785,0.45579536860770814,0.7454489386315915,0.45283261567462113
44.36887377475495,0.9614683378935246,0.9610069863445944,0.9407163260724823,0.9413199170435023,0-1,0-1,0-1,0-1,0.0029531307941302117,0.7490128411194228,0.45668406680995705,0.7460597103252926,0.4537309360158268
44.388877775555116,0.9617730490766235,0.9612689664664165,0.9426200015271147,0.9429374090921252,0-1,0-1,0-1,0-1,0.0029432707313359037,0.7496494307376447,0.45759709995942577,0.7467061600063087,0.4546538292280899
44.40888177635527,0.9620910384650737,0.9615441721329097,0.9445126649453435,0.9445571318587901,0-1,0-1,0-1,0-1,0.0029332049316937265,0.7503217685836262,0.45853455443191093,0.7473885636519325,0.4556013495002172
44.428885777155436,0.962422171160193,0.9618324893986714,0.9463934326888178,0.9461782675043676,0-1,0-1,0-1,0-1,0.0029229681286182603,0.7510301699558577,0.459496531868223,0.7481072018272394,0.4565735637396047
44.44888977795559,0.9627663057115072,0.9621337977048504,0.9482614374320261,0.9478000056392137,0-1,0-1,0-1,0-1,0.0029125976304311073,0.7517749569744183,0.4604831487798039,0.7488623593439873,0.4575705511493728
44.468893778755756,0.9631232942229878,0.9624479699701725,0.9501158282111265,0.9494215436499645,0-1,0-1,0-1,0-1,0.0029021333445239726,0.7525564582450318,0.4614945361262444,0.7496543249005079,0.4585924027817204
44.48889777955591,0.9634929824634032,0.9627748726863017,0.9519557704549985,0.9510420870071569,0-1,0-1,0-1,0-1,0.002891617795862843,0.7533750085010511,0.46253083886646446,0.7504833907051882,0.4596392210706016
44.50890178035608,0.9638752099806289,0.9631143660173984,0.9537804459995962,0.9526608495541143,0-1,0-1,0-1,0-1,0.002881096138589409,0.7542309482246686,0.4635922154853134,0.7513498520860792,0.460711119346724
44.52890578115623,0.9642698102197542,0.9634663039037397,0.9555890530866675,0.9542770537775673,0-1,0-1,0-1,0-1,0.002870616159112388,0.7551246232486367,0.4646788374973352,0.7522540070895243,0.4618082213382228
44.5489097819564,0.9646766106448261,0.9638305341692489,0.9573808063478607,0.9558899310604861,0-1,0-1,0-1,0-1,0.0028602282691730482,0.75605638433981,0.46579088892942555,0.753196156070637,0.4629306606602525
44.56891378275655,0.9650954328640575,0.9642068986327917,0.9591549367752238,0.9574987219176315,0-1,0-1,0-1,0-1,0.002849985487021758,0.7570265867658021,0.4669285657840884,0.7541766012787804,0.46407858029706667
44.58891778355672,0.9655260927583382,0.964595233223085,0.9609106916790578,0.9591026762143311,0-1,0-1,0-1,0-1,0.002839943404947355,0.7580355898460834,0.46809207548498455,0.7551956464411361,0.4652521320800372
44.60892178435687,0.9659684006128689,0.9649953680970582,0.9626473346340623,0.9607010533690099,0-1,0-1,0-1,0-1,0.0028301601410910767,0.7590837564888043,0.46928163630643355,0.7562535963477133,0.4664514761653425
44.62892578515704,0.9664221612517516,0.9654071277615137,0.9643641454146745,0.9622931225400061,0-1,0-1,0-1,0-1,0.002820696273621056,0.7601714527146743,0.47049747678851384,0.7573507564410533,0.46767678051489275
44.64892978595719,0.966887174175355,0.9658303311979215,0.966060419920477,0.9638781627972123,0-1,0-1,0-1,0-1,0.002811614755103124,0.7612990471691723,0.4717398351393731,0.7584874324140691,0.46892822038427
44.66893378675736,0.9673632337002823,0.9662647919901851,0.9677354700925066,0.9654554632790884,0-1,0-1,0-1,0-1,0.002802980805120193,0.7624669106244016,0.47300895862633796,0.7596639298192814,0.47020597782121776
44.688937787557514,0.967850129101762,0.966710318455213,0.9693886238212744,0.9670243233355913,0-1,0-1,0-1,0-1,0.0027948617790602088,0.7636754154718546,0.4743051029573765,0.7608805536927944,0.4715102411783163
44.70894178835767,0.9683476447582852,0.96716671377613,0.9710192248472712,0.9685840526575722,0-1,0-1,0-1,0-1,0.002787327011318012,0.7649249352073711,0.4756285316544445,0.7621376081960531,0.4728412046431265
44.728945789157834,0.9688555602983094,0.9676337761379575,0.9726266326546972,0.9701339713931878,0-1,0-1,0-1,0-1,0.002780447631196492,0.7662158439095383,0.4769795154202042,0.7634353962783419,0.4741990677890077
44.74894978995799,0.9693736507488533,0.968111298865598,0.9742102223591291,0.9716734102518721,0-1,0-1,0-1,0-1,0.002774296350190346,0.7675485157127734,0.47835833149957824,0.764774219362583,0.4755840351493879
44.768953790758154,0.9699016866858047,0.9685990705639509,0.9757693845898046,0.9732017105964108,0-1,0-1,0-1,0-1,0.002768947219712415,0.768923324276318,0.4797652630375648,0.7661543770566056,0.47699631581785235
44.78895779155831,0.9704394343857645,0.9690968752599912,0.9773035253671704,0.9747182245236559,0-1,0-1,0-1,0-1,0.0027644753587130182,0.7703406422503338,0.48120059843470037,0.7675761668916208,0.4784361230759874
44.808961792358474,0.9709866559792553,0.9696044925466459,0.9788120659763165,0.9762223149344129,0-1,0-1,0-1,0-1,0.0027609566513602714,0.7718008407402932,0.4826646307015261,0.769039884088933,0.4799036740501658
44.82896579315863,0.9715431096051155,0.9701216977282948,0.980294442836886,0.9777133555930252,0-1,0-1,0-1,0-1,0.0027584674154628483,0.7733042887708031,0.48415765681336603,0.7705458213553403,0.48139918939790316
44.848969793958794,0.9721085495659171,0.9706482619677295,0.9817501073700207,0.9791907311771695,0-1,0-1,0-1,0-1,0.002757084043215972,0.7748513527500088,0.4856799770666996,0.7720942687067929,0.4829228930234836
44.86897379475895,0.9726827264842269,0.97118395243441,0.9831785258628802,0.9806538373183773,0-1,0-1,0-1,0-1,0.002756882616525307,0.7764423959356591,0.4872318944383522,0.7736855133191338,0.4844750118218269
44.888977795559114,0.9732653874595573,0.9717285324538465,0.9845791793312402,0.9821020806337738,0-1,0-1,0-1,0-1,0.0027579385001621575,0.7780777779039232,0.48881371394870676,0.775319839403761,0.4860557754485446
44.90898179635927,0.9738562762258307,0.9722817616579497,0.9859515633806517,0.9835348787495287,0-1,0-1,0-1,0-1,0.0027603259167440753,0.7797578540219777,0.490425742030077,0.7769975281052337,0.4876654161133329
44.928985797159434,0.9744551333092093,0.9728433961361873,0.9872951880666206,0.984951660316493,0-1,0-1,0-1,0-1,0.002764117508517108,0.7814829749253887,0.49206828590135493,0.7787188574168715,0.4893041683928378
44.94898979795959,0.975061696186122,0.9734131885873897,0.9886095777542379,0.9863518650184913,0-1,0-1,0-1,0-1,0.0027693838915910534,0.7832534860012395,0.49374165294998834,0.7804841021096484,0.4909722690583973
44.968993798759755,0.9756756994413449,0.9739908884720465,0.9898942709776711,0.9877349435737238,0-1,0-1,0-1,0-1,0.002776193209077542,0.7850697268779555,0.49544615012231025,0.782293533668878,0.49266995691323273
44.98899779955991,0.976296874925976,0.9745762421649484,0.9911488202999057,0.9891003577297233,0-1,0-1,0-1,0-1,0.002784610690026846,0.786932030922704,0.49718208332318103,0.7841474202326771,0.4943974726331542
45.009001800360075,0.9769249519151695,0.9751689931080165,0.9923727921731,0.9904475802522961,0-1,0-1,0-1,0-1,0.0027946982215090875,0.7888407247472379,0.4989497568258738,0.7860460265257287,0.4961550586043647
45.02900580116023,0.9775596572654742,0.9757688819631809,0.9935657667999018,0.9917760949088688,0-1,0-1,0-1,0-1,0.002806513941241371,0.7907961277229855,0.5007494726930658,0.7879896137817441,0.4979429587518244
45.049009801960395,0.9782007155716533,0.976375646765161,0.9947273379960492,0.9930853964466462,0-1,0-1,0-1,0-1,0.0028201118581320517,0.7927985515061687,0.5025815302097701,0.7899784396480367,0.4997614183516381
45.06901380276055,0.9788478493228386,0.9769890230740135,0.9958571130545656,0.9943749905659754,0-1,0-1,0-1,0-1,0.0028355415076848716,0.7948482995736637,0.5044462253289684,0.7920127580659788,0.5016106838212836
45.089017803560715,0.9795007790579029,0.9776087441273087,0.9969547126118372,0.9956443938892985,0-1,0-1,0-1,0-1,0.0028528476486445907,0.7969456667703031,0.5063438501306824,0.7940928191216585,0.5034910024820378
45.10902180436087,0.9801592235199169,0.9782345409918072,0.9980197705158428,0.9968931339260596,0-1,0-1,0-1,0-1,0.0028720700063563573,0.7990909388682387,0.5082746922951373,0.7962188688618823,0.505402622288781
45.129025805161035,0.9808228998095789,0.9788661427145117,0.9990519336967952,0.9981207490339292,0-1,0-1,0-1,0-1,0.002893243067284526,0.8012843921389764,0.5102390345906578,0.7983911490716918,0.5073457915233732
45.14902980596119,0.9814915235374964,0.9795032764729688,1.000050862040431,0.9993267883766843,0-1,0-1,0-1,0-1,0.0029163959278676204,0.8035262929386027,0.5122371543768398,0.800609897010735,0.5093207584489722
45.169033806761355,0.982164808975218,0.9801456677247034,1.0010162282641761,1.0005108118790778,0-1,0-1,0-1,0-1,0.0029415521995619486,0.8058168973067253,0.5142693231235376,0.8028753451071634,0.5113277709239756
45.18903780756151,0.9828424692049027,0.980793040355676,1.0019477177963974,1.001672390179019,0-1,0-1,0-1,0-1,0.002968729970514566,0.808156450579551,0.516335805946104,0.8051877206090364,0.5133670759755894
45.209041808361675,0.9835242162675351,0.981445116827649,1.0028450286589412,1.0028111045773713,0-1,0-1,0-1,0-1,0.002997941822920282,0.81054518701752,0.5184368611573145,0.8075472451945997,0.5154389193343942
45.22904580916183,0.9842097613095854,0.9821016183243615,1.0037078713531395,1.0039265469856624,0-1,0-1,0-1,0-1,0.0030291949038099746,0.8129833294478335,0.5205727398363121,0.8099541345440235,0.5175435449325022
45.249049809961996,0.9848988147280319,0.9827622648964119,1.004535968749465,1.005018319871992,0-1,0-1,0-1,0-1,0.0030624910458116393,0.8154710889221902,0.5227436854148956,0.8124085978763785,0.5196811943690839
45.26905381076215,0.985591086313653,0.9834267756047539,1.0053290559809882,1.0060860362054094,0-1,0-1,0-1,0-1,0.0030978269334379052,0.8180086643899716,0.5249499332813816,0.8149108374565337,0.5218521063479438
45.289057811562316,0.9862862853925196,0.984094868662715,1.0060868803407996,1.0071293193990243,0-1,0-1,0-1,0-1,0.0031351943096073697,0.8205962423870977,0.5271917104022658,0.8174610480774903,0.5240565160926584
45.30906181236247,0.9869841209656046,0.9847662615764541,1.006809201183529,1.0081478032520999,0-1,0-1,0-1,0-1,0.0031745802165661736,0.8232339967406991,0.5294692349618046,0.820059416524133,0.5262946547452385
45.329065813162636,0.9876843018464467,0.985440671283776,1.0074957898311019,1.0091411318913688,0-1,0-1,0-1,0-1,0.0032159672649731607,0.8259220882897289,0.5317827160196439,0.8227061210247557,0.5285667487546707
45.34906981396279,0.9883865367967993,0.9861178142912272,1.0081464294828557,1.0101089597118011,0-1,0-1,0-1,0-1,0.0032593339248405307,0.828660664621569,0.5341323531865159,0.8254013306967284,0.5308730192616753
45.369073814762956,0.9890905346602109,0.9867974068094051,1.0087609151301251,1.0110509513170474,0-1,0-1,0-1,0-1,0.003304654832033862,0.8314498598246665,0.536518336318035,0.8281452049926326,0.5332136814860011
45.38907781556311,0.9897960044934747,0.987479164886407,1.0093390534754174,1.0119667814597613,0-1,0-1,0-1,0-1,0.0033519011043710574,0.8342897942571573,0.538940845226517,0.8309378931527863,0.535588944122146
45.409081816363276,0.9905026556959067,0.9881628045393678,1.0098806628562613,1.0128561349820093,0-1,0-1,0-1,0-1,0.0034010406616815435,0.8371805743314353,0.5414000494107589,0.8337795336697538,0.5379990087490774
45.42908581716343,0.9912101981363959,0.9888480418840191,1.0103855731738407,1.0137187067559505,0-1,0-1,0-1,0-1,0.0034520385448086714,0.8401222923145328,0.5438961078036171,0.8366702537697241,0.5404440692588084
45.449089817963596,0.9919183422781996,0.9895345932622241,1.0108536258264877,1.0145542016249778,0-1,0-1,0-1,0-1,0.003504857229031418,0.8431150261441924,0.5464291685372303,0.839610168915161,0.542924311308199
45.46909381876375,0.9926267993014335,0.990222175367436,1.011284673648119,1.0153623343454863,0-1,0-1,0-1,0-1,0.003559456928151163,0.8461588392604141,0.5489993687256454,0.842599382332263,0.5454399117974942
45.489097819563916,0.9933352812232363,0.9909105053680395,1.0116785808516962,1.016142829529441,0-1,0-1,0-1,0-1,0.00361579588602307,0.8492537804522858,0.5516068342646115,0.8456379845662627,0.5479910383785884
45.50910182036407,0.9940435010155729,0.9915993010285352,1.0120352229777727,1.0168954215878971,0-1,0-1,0-1,0-1,0.0036738306531053843,0.8523998837198068,0.554251679648222,0.8487260530667015,0.5505778489951166
45.52910582116424,0.9947511727206605,0.9922882808285294,1.012354486848198,1.0176198546756239,0-1,0-1,0-1,0-1,0.0037335163460765117,0.8555971681504432,0.5569340078021039,0.8518636518043666,0.5532004914560273
45.54910982196439,0.9954580115639886,0.9929771640795008,1.012636270525034,1.0183158826369745,0-1,0-1,0-1,0-1,0.003794806889299504,0.8588456378100608,0.5596539099327591,0.8550508309207614,0.5558591030434596
45.56911382276456,0.9961637340649295,0.9936656710393185,1.0128804832747451,1.0189832689531382,0-1,0-1,0-1,0-1,0.0038576552372735643,0.8621452816479168,0.5624114653926996,0.8582876264106433,0.558553810155426
45.58911782356471,0.9968680581449146,0.9943535230244837,1.0130870455377083,1.0196217866909005,0-1,0-1,0-1,0-1,0.0039220135778285856,0.8654960734152906,0.5652067415609191,0.8615740598374619,0.5612847279830905
45.60912182436488,0.997570703233181,0.9950404425200803,1.0132558889030931,1.0202312184530349,0-1,0-1,0-1,0-1,0.003987833516039936,0.8688979715973913,0.5680397937382909,0.8649101380813514,0.564051960222251
45.62912582516503,0.9982713903700715,0.9957261532874172,1.0133869560891533,1.0208113563304406,0-1,0-1,0-1,0-1,0.004055066239333467,0.8723509193580706,0.5709106650573812,0.8682958531187371,0.5668555988180477
45.6491298259652,0.9989698423079011,0.9964103804693497,1.0134802009289725,1.0213620018561347,0-1,0-1,0-1,0-1,0.004123662664328543,0.8758548444969303,0.5738193864062274,0.8717311818326018,0.5696957237418989
45.66913382676535,0.9996657836093764,0.9970928506932727,1.013535588361697,1.0218829659612045,0-1,0-1,0-1,0-1,0.00419357356635278,0.8794096594183202,0.5767659763655286,0.8752160858519674,0.5725724027991759
45.68913782756552,1.0003589407435878,0.9977732921717815,1.0135530944292899,1.022374068932812,0-1,0-1,0-1,0-1,0.004264749692512503,0.8830152611117756,0.5797504411587602,0.8787505114192632,0.5754856914662477
45.709141828365674,1.0010490421795701,0.9984514348009941,1.0135327062788366,1.0228351403743488,0-1,0-1,0-1,0-1,0.004337141859503887,0.8866715311433614,0.5827727746146347,0.8823343892838575,0.5784356327551309
45.72914582916584,1.0017358184774565,0.9991270102565432,1.0134744221704262,1.023266019167823,0-1,0-1,0-1,0-1,0.004410701037200514,0.890378335657444,0.5858329581413904,0.8859676346202434,0.5814222571041898
45.749149829965994,1.0024190023772224,0.9997997520872347,1.0133782514906324,1.0236665534385652,0-1,0-1,0-1,0-1,0.004485378419290874,0.8941355253883363,0.5889309607123107,0.8896501469690454,0.5844455822930198
45.76915383076616,1.0030983288850543,1.0004693958063857,1.0132442147716147,1.0240366005223216,0-1,0-1,0-1,0-1,0.004561125482020584,0.8979429356813191,0.5920667388619426,0.8933818101992985,0.587505613379922
45.789157831566314,1.0037735353573456,1.0011356789808472,1.0130723437158533,1.0243760269348154,0-1,0-1,0-1,0-1,0.004637894032291972,0.9018003865224725,0.5952402366923997,0.8971624924901805,0.5906023426601077
45.80916183236648,1.0044443615823553,1.0017983413177278,1.012862681226535,1.0246847083438402,0-1,0-1,0-1,0-1,0.004715636246104939,0.9057076825768063,0.5984513858892173,0.9009920463307014,0.5937357496431124
45.829165833166634,1.005110549859539,1.0024571247488303,1.0126152814435965,1.0249625295439457,0-1,0-1,0-1,0-1,0.004794304698505494,0.9096646132341207,0.6017001057461405,0.9048703085356152,0.596905801047635
45.8491698339668,1.0057718450765902,1.003111773512818,1.0123302097854328,1.0252093844337826,0-1,0-1,0-1,0-1,0.004873852385906947,0.9136709526620886,0.6049863031983121,0.9087971002761817,0.6001124508124052
45.869173834766954,1.006427994784209,1.0037620342351352,1.012007542996275,1.0254251759961492,0-1,0-1,0-1,0-1,0.004954232741825365,0.9177264598659841,0.6083098728632509,0.9127722271241587,0.6033556401214255
45.88917783556712,1.0070787492686355,1.0044076560056938,1.0116473691992343,1.025609816280806,0-1,0-1,0-1,0-1,0.005035399646755834,0.9218308787545616,0.6116706970890974,0.9167954791078058,0.6066352974423416
45.909181836367274,1.00772386162197,1.0050483904543597,1.011249787955012,1.025763226390091,0-1,0-1,0-1,0-1,0.005117307433095184,0.9259839382115188,0.6150686460095257,0.9208666307784237,0.6099513385764306
45.92918583716744,1.008363087810321,1.0056839918242557,1.01081491032626,1.0258853364673903,0-1,0-1,0-1,0-1,0.005199910885694681,0.9301853521720591,0.6185035776048239,0.9249854412863644,0.6133036667191292
45.949189837967594,1.0089961867398085,1.0063142170429156,1.010342858947588,1.025976085688496,0-1,0-1,0-1,0-1,0.005283165238816222,0.9344348197040023,0.6219753377685567,0.9291516544651861,0.6166921725297405
45.96919383876776,1.0096229203204596,1.0069388257913074,1.0098337681011937,1.0260354222558925,0-1,0-1,0-1,0-1,0.005367026169942029,0.9387320250929827,0.6254837603793407,0.9333649989230407,0.6201167342093987
45.989197839567915,1.0102430535280318,1.007557580570768,1.0092877837980967,1.026063303396001,0-1,0-1,0-1,0-1,0.005451449791088864,0.9430766379312009,0.629028667377169,0.937625188140112,0.6235772175860801
46.00920184036808,1.0108563544638032,1.0081702467678693,1.0087050638649482,1.0260596953594152,0-1,0-1,0-1,0-1,0.005536392637958143,0.9474683132092965,0.6326098688438492,0.9419319205713383,0.627073476205891
46.029205841168235,1.0114625944123632,1.008776592717257,1.008085778036386,1.0260245734241498,0-1,0-1,0-1,0-1,0.005621811657468038,0.9519066914108333,0.6362271630870231,0.9462848797533653,0.6306053514295551
46.0492098419684,1.0120615478974488,1.0093763897624883,1.0074301080528962,1.0259579219019277,0-1,0-1,0-1,0-1,0.005707664193895439,0.9563913986089961,0.6398803367273687,0.9506837344151007,0.6341726725334732
46.069213842768555,1.0126529927358592,1.00996941231491,1.0067382477641331,1.0258597341475248,0-1,0-1,0-1,0-1,0.005793907974085061,0.960922046565021,0.6435691647884851,0.9551281385909359,0.6377752568144001
46.08921784356872,1.0132367100894955,1.0105554379106068,1.0060104032376522,1.0257300125711888,0-1,0-1,0-1,0-1,0.005880501091870372,0.9654982328279922,0.6472934107891057,0.9596177317361219,0.6414129096972354
46.109221844368875,1.0138124845155596,1.011134247265457,1.0052467928729945,1.0255687686541421,0-1,0-1,0-1,0-1,0.005967401992088692,0.9701195408355645,0.6510528268371796,0.9641521388434758,0.6450854248450909
46.12922584516904,1.0143801040149625,1.01170562432834,1.0044476475210544,1.0253760229671849,0-1,0-1,0-1,0-1,0.006054569454265085,0.9747855400152798,0.6548471537255092,0.9687309705610148,0.6487925842712441
46.149229845969195,1.0149393600789711,1.0122693563325198,1.0036132106086608,1.0251518051923967,0-1,0-1,0-1,0-1,0.006141962576293908,0.9794957858860777,0.6586761210285269,0.9733538233097837,0.652534158452233
46.16923384676936,1.0154900477341482,1.0128252338452548,1.0027437382682833,1.0248961541479473,0-1,0-1,0-1,0-1,0.0062295407581314565,0.9842498201597072,0.6625394471999453,0.9780202794015758,0.6563099064418139
46.189237847569515,1.0160319655856185,1.0133730508156673,1.001839499472772,1.024609117816011,0-1,0-1,0-1,0-1,0.006317263685786896,0.9890471708416761,0.6664368396709113,0.9827299071558893,0.6601195759851244
46.20924184836968,1.016564915858709,1.0139126046209097,1.0009007761750268,1.0242907533737822,0-1,0-1,0-1,0-1,0.006405091315580762,0.9938873523314992,0.670367994948442,0.9874822610159184,0.6639629036328613
46.229245849169835,1.017088704438997,1.014443696110673,0.9999278634524787,1.023941127227588,0-1,0-1,0-1,0-1,0.006492983858922374,0.9987698655219126,0.6743325987138264,0.9922768816629902,0.6678396148549041
46.24924984997,1.0176031409108233,1.014966129650068,0.9989210696562578,1.0235603150500816,0-1,0-1,0-1,0-1,0.006580901767542739,1.003694197896861,0.6783303259208112,0.9971132961293182,0.6717494241532684
46.269253850770156,1.0181080385942913,1.0154797131609297,0.9978807165649051,1.0231484018205081,0-1,0-1,0-1,0-1,0.00666880571940724,1.008659823627976,0.6823608408933086,1.0019910179085687,0.6756920351739014
46.28925785157032,1.018603214580816,1.0159842581615721,0.9968071395424722,1.0227054818680195,0-1,0-1,0-1,0-1,0.006756656605219669,1.0136662036693869,0.6864237974224956,1.0069095470641671,0.679667140817276
46.309261852370476,1.019088489767244,1.0164795798050454,0.99570068770084,1.0222316589180196,0-1,0-1,0-1,0-1,0.006844415515721916,1.0187127858506333,0.6905188388630816,1.0118683703349114,0.6836744233473597
46.32926585317064,1.0195636888886057,1.0169654969159245,0.9945617240660667,1.0217270461415118,0-1,0-1,0-1,0-1,0.006932043729682016,1.0237990049675627,0.6946455982286716,1.0168669612378807,0.6877135544989895
46.349269853970796,1.0200286405495191,1.0174418320256735,0.993390625748562,1.0211917662074201,0-1,0-1,0-1,0-1,0.007019502702760921,1.028924282871024,0.6988036982860449,1.0219047801682632,0.691784195583284
46.36927385477096,1.0204831772543053,1.0179084114066244,0.9921877841168605,1.0206259513378504,0-1,0-1,0-1,0-1,0.007106754057134872,1.034088028553292,0.7029927516483266,1.0269812744961573,0.6958859975911917
46.389277855571116,1.020927135435841,1.018365065104609,0.9909536049747517,1.0200297433662469,0-1,0-1,0-1,0-1,0.007193759572055478,1.0392896382320695,0.7072123608669172,1.032095878660014,0.7000186012948617
46.40928185637128,1.021360355483197,1.0188116269702812,0.9896885087414968,1.0194032937984077,0-1,0-1,0-1,0-1,0.007280481175212912,1.044528495432051,0.7114621185222042,1.037248014256838,0.7041816373469912
46.429285857171436,1.021782681768093,1.0192479346891659,0.9883929306348425,1.0187467638763077,0-1,0-1,0-1,0-1,0.007366880935078332,1.0498039710639382,0.7157416073129679,1.0424370901288598,0.7083747263778896
46.4492898579716,1.0221939626702172,1.0196738298104784,0.9870673208565138,1.0180603246446733,0-1,0-1,0-1,0-1,0.007452921054081613,1.0551154235009315,0.7200504001445481,1.0476625024468498,0.7125974790904666
46.469293858771756,1.0225940506014357,1.0200891577747435,0.9857121447798429,1.0173441570202542,0-1,0-1,0-1,0-1,0.0075385638627973465,1.0604621986526341,0.7243880602157285,1.0529236347898367,0.7168494963529312
46.48929785957192,1.0229828020289389,1.0204937679402568,0.984327883139155,1.0165984518637226,0-1,0-1,0-1,0-1,0.007623771814989177,1.0658436300364318,0.7287541411044471,1.0582198582214426,0.721130369289458
46.50930186037208,1.0233600774973561,1.0208875136084197,0.98291503222051,1.0158234100541368,0-1,0-1,0-1,0-1,0.00770850748368311,1.0712590388463343,0.733148186852332,1.0635505313626512,0.7254396793686488
46.52930586117224,1.0237257416498733,1.0212702520479873,0.9814741040533571,1.0150192425658862,0-1,0-1,0-1,0-1,0.007792733558114167,1.0767077340193754,0.7375697320482095,1.068915000461261,0.7297769984900954
46.5493098619724,1.024079663248389,1.02164184451826,0.9800056266026234,1.0141861705480386,0-1,0-1,0-1,0-1,0.007876412841716742,1.0821890122996016,0.7420183019106221,1.0743125994578848,0.7341418890689054
46.56931386277255,1.0244217151927455,1.022002156291256,0.9785101439607213,1.0133244254060008,0-1,0-1,0-1,0-1,0.007959508251005686,1.0877021582997963,0.7464934123695409,1.0797426500487906,0.7385339041185353
46.58931786357272,1.0247517745390582,1.0223510566728942,0.9769882165389157,1.0124342488853966,0-1,0-1,0-1,0-1,0.008041982815479335,1.093246444561008,0.7509945701473548,1.0852044617455285,0.7429525873318755
46.60932186437287,1.0250697225171885,1.022688419023225,0.9754404212574422,1.0115158931580575,0-1,0-1,0-1,0-1,0.008123799678499383,1.0988211316100431,0.7555212728393148,1.0906973319315438,0.7473974731608154
46.62932586517304,1.0253754445473788,1.0230141207757353,0.9738673517337302,1.0105696209100175,0-1,0-1,0-1,0-1,0.008204922099096172,1.1044254680151024,0.7600730089936231,1.0962205459160064,0.7518680868945269
46.64932986597319,1.0256688302560866,1.0233280434557617,0.9722696184680159,1.0095957054313924,0-1,0-1,0-1,0-1,0.00828531345483526,1.1100586904396919,0.7646492581912969,1.1017733769848566,0.7563639447364616
46.66933386677336,1.0259497734910445,1.0236300726980403,0.9706478490255925,1.0085944307080186,0-1,0-1,0-1,0-1,0.008364937245583133,1.1157200236950717,0.7692494911260689,1.1073550864494885,0.7608845538804857
46.689337867573514,1.0262181723355739,1.0239200982634244,0.9690026882148699,1.0075660915147133,0-1,0-1,0-1,0-1,0.00844375709834186,1.1214086807914114,0.7738731696844726,1.1129649236930697,0.7654294125861307
46.70934186837368,1.0264739291221787,1.024198014054795,0.9673347982603633,1.0065109935100152,0-1,0-1,0-1,0-1,0.008521736772987046,1.1271238629879605,0.7785197470263959,1.1186021262149735,0.7699980102534089
46.729345869173834,1.0267169504454476,1.0244637181321936,0.9656448589696545,1.0054294533322516,0-1,0-1,0-1,0-1,0.00859884016907651,1.132864759842452,0.7831886676662707,1.1242659196733755,0.7745898274971942
46.749349869974,1.0269471471742877,1.0247171127272037,0.9639335678933035,1.0043217986967679,0-1,0-1,0-1,0-1,0.008675031333562774,1.1386305492600965,0.7878793675552098,1.1299555179265337,0.7792043362216471
46.769353870774154,1.0271644344635107,1.0249581042566056,0.962201640476606,1.0031883684941472,0-1,0-1,0-1,0-1,0.008750274469575934,1.1444203975424436,0.7925912741642698,1.1356701230728676,0.7838409996946939
46.78935787157432,1.0273687317648024,1.0251866033353296,0.9604498102020113,1.0020295128892376,0-1,0-1,0-1,0-1,0.008824533946107323,1.1502334594365236,0.7973238065691701,1.1414089254904163,0.7884992726230629
46.809361872374474,1.0275599628370882,1.025402524788729,0.9586788287209317,1.0008455934207918,0-1,0-1,0-1,0-1,0.008897774308761982,1.1560688781846,0.8020763755366588,1.147171103875838,0.7931786012278969
46.82936587317464,1.0277380557563216,1.0256057876642006,0.9568894659735776,0.9996369831015134,0-1,0-1,0-1,0-1,0.008969960291406186,1.161925785575026,0.8068483836128666,1.1529558252836198,0.7978784233214604
46.849369873974794,1.0279029429247122,1.0257963152421665,0.9550825102953583,0.9984040665182958,0-1,0-1,0-1,0-1,0.009041056828877623,1.1678033019945937,0.8116392252138485,1.158762245165716,0.8025981683849709
46.86937387477496,1.0280545610794116,1.0259740350464464,0.9532587685082867,0.9971472399324193,0-1,0-1,0-1,0-1,0.009111029070580834,1.1737005364829478,0.8164482867186599,1.1645895074123669,0.8073372576480791
46.889377875575114,1.0281928513006777,1.026138878854031,0.9514190659957175,0.9958669113794707,0-1,0-1,0-1,0-1,0.00917984239513569,1.1796165867895407,0.821274946565167,1.170436744394405,0.8120951041700313
46.90938187637528,1.0283177590195303,1.0262907827042838,0.9495642467586382,0.9945635007687273,0-1,0-1,0-1,0-1,0.009247462425897478,1.1855505394337846,0.8261185753489433,1.176303077007887,0.8168711129230458
46.929385877175434,1.0284292340249135,1.0264296869075813,0.9476951734516182,0.9932374399817389,0-1,0-1,0-1,0-1,0.009313855047514568,1.1915014697689765,0.8309785359254475,1.182187614721462,0.8216646808779329
46.9493898779756,1.028527230470381,1.0265555360534127,0.9458127273963973,0.9918891729698276,0-1,0-1,0-1,0-1,0.009378986423339206,1.1974684420507582,0.8358541835158287,1.188089455627419,0.8264751970924895
46.969393878775755,1.0286117068803167,1.0266682790179522,0.9439178085709795,0.9905191558502096,0-1,0-1,0-1,0-1,0.00944282301385434,1.203450509510799,0.8407448658165461,1.1940076864969447,0.8313020428026917
46.98939787957592,1.0286826261557005,1.0267678689711193,0.9420113355719698,0.9891278570004279,0-1,0-1,0-1,0-1,0.009505331595928743,1.2094467144365892,0.8456499231131418,1.1999413828406604,0.8361445915172131
47.009401880376075,1.0287399555794325,1.02685426338314,0.9400942455477702,0.9877157571507761,0-1,0-1,0-1,0-1,0.009566479283061022,1.2154560882581624,0.8505686883983358,1.2058896089751014,0.8410022091152748
47.02940588117624,1.0287836668212225,1.026927424030621,0.9381674941001261,0.9862833494743692,0-1,0-1,0-1,0-1,0.009626233546420187,1.2214776516427757,0.8555004874947657,1.2118514180963555,0.8458742539483455
47.049409881976395,1.0288137359420582,1.026987317002149,0.9362320551514018,0.9848311396745115,0-1,0-1,0-1,0-1,0.009684562236839528,1.2275104145985203,0.8604446391825253,1.2178258523616807,0.8507600769456858
47.06941388277656,1.0288301433982519,1.027033912703423,0.9342889207748407,0.9833596460689882,0-1,0-1,0-1,0-1,0.009741433607567747,1.2335533765880444,0.865400455331795,1.2238119429804766,0.8556590217242273
47.089417883576715,1.0288328740450803,1.0270671858619302,0.9323391009849736,0.9818693996708978,0-1,0-1,0-1,0-1,0.00979681633793102,1.2396055266535322,0.8703672410406957,1.2298087103156012,0.8605704247027647
47.10942188437688,1.028821917140016,1.0270871155311756,0.9303836234852385,0.9803609442656215,0-1,0-1,0-1,0-1,0.009850679557703948,1.2456658435542893,0.8753442947786343,1.2358151639965853,0.8654936152209304
47.129425885177035,1.0287972663455573,1.027093685094468,0.9284235333698057,0.978834836483513,0-1,0-1,0-1,0-1,0.009902992872339955,1.251733295918252,0.8803309085352322,1.2418303030459121,0.8704279156628922
47.1494298859772,1.0287589197316616,1.0270868822682688,0.9264598927765482,0.9772916458678751,0-1,0-1,0-1,0-1,0.009953726388854259,1.2578068424089501,0.8853263679750775,1.2478531160200959,0.8753726415862232
47.169433886777355,1.0287068797777768,1.0270666991051134,0.9244937804880718,0.975731954937771,0-1,0-1,0-1,0-1,0.01000285074250496,1.2638854319094062,0.8903299525983508,1.2538825811669012,0.8803271018558458
47.18943788757752,1.0286411533744817,1.0270331319961028,0.9225262914777219,0.9741563592452058,0-1,0-1,0-1,0-1,0.010050337124061077,1.269968003724666,0.8953409359075275,1.259917666600605,0.8852905987834664
47.209441888377675,1.0285617518247259,1.02698618167297,0.9205585363975402,0.9725654674261938,0-1,0-1,0-1,0-1,0.01009615730779804,1.276053487804592,0.9003585855801598,1.265957330496794,0.8902624282723618
47.22944588917784,1.0284686908446712,1.0269258532097256,0.9185916410052202,0.9709599012452133,0-1,0-1,0-1,0-1,0.010140283680005273,1.2821408049887386,0.9053821636478958,1.2720005213087333,0.8952418799678905
47.249449889977996,1.0283619905641328,1.0268521560238777,0.9166267455272706,0.9693402956325348,0-1,0-1,0-1,0-1,0.01018268926814094,1.288228867275044,0.9104109266816934,1.278046178006903,0.9002282374135525
47.26945389077816,1.028241675526615,1.0267651038772307,0.9146650039557879,0.9677072987138915,0-1,0-1,0-1,0-1,0.010223347770413237,1.2943165781142134,0.9154441259833279,1.2840932303438002,0.9052207782129147
47.289457891578316,1.0281077746889364,1.026664714876258,0.9127075832765175,0.9660615718319454,0-1,0-1,0-1,0-1,0.010262233585920072,1.3004028327315444,0.9204810077831048,1.2901405991456243,0.9102187741971848
47.30946189237848,1.0279603214204385,1.0265510114720462,0.9107556626262224,0.9644037895589933,0-1,0-1,0-1,0-1,0.01029932184512021,1.306486518478023,0.925520813443813,1.2961871966329028,0.9152214915986928
47.329465893178636,1.0277993535017707,1.026424020459809,0.9088104323778063,0.962734639700332,0-1,0-1,0-1,0-1,0.010334588440764327,1.3125665152123274,0.9305627796707756,1.302231926771563,0.9202281912300113
47.3494698939788,1.0276249131232447,1.0262837729779621,0.9068730931521369,0.9610548232877013,0-1,0-1,0-1,0-1,0.010368010059053624,1.3186416957153726,0.9356061387279717,1.308273685656319,0.9252381286689181
47.369473894778956,1.027437046882746,1.0261303045067576,0.9049448547561124,0.9593650545622009,0-1,0-1,0-1,0-1,0.010399564211151277,1.3247109261387464,0.9406501186600198,1.3143113619275952,0.9302505544488685
47.38947789557912,1.027235805783193,1.0259636548664666,0.9030269350471853,0.957666060946071,0-1,0-1,0-1,0-1,0.01042922926480898,1.330773066488292,0.9456939435199399,1.320343837223483,0.9352647142551309
47.409481896379276,1.0270212452295344,1.0257838682151037,0.9011205587253149,0.955958583002713,0-1,0-1,0-1,0-1,0.01045698447623132,1.3368269711436829,0.9507368336024107,1.3263699866674517,0.9402798491261793
47.42948589717944,1.0267934250252682,1.0255909930456841,0.8992269560541534,0.9542433743843224,0-1,0-1,0-1,0-1,0.01048281002193576,1.342871489414638,0.9557780056823741,1.3323886793927022,0.9452951956604384
47.449489897979596,1.0265524093684706,1.0253850821830015,0.8973473615141587,0.9525212017664901,0-1,0-1,0-1,0-1,0.010506687030728613,1.3489054661339086,0.96081667325864,1.33839877910318,0.9503099862279113
47.46949389877976,1.0262982668473186,1.0251661927799176,0.8954830123912839,0.9507928447691306,0-1,0-1,0-1,0-1,0.010528597615550542,1.3549277422868253,0.9658520468022658,1.3443991446712749,0.9553234491867152
47.489497899579916,1.0260310704350921,1.0249343863131466,0.8936351473058503,0.9490590958630827,0-1,0-1,0-1,0-1,0.010548524905310814,1.3609371556766086,0.970883334009302,1.3503886307712978,0.9603348091039913
47.50950190038008,1.025750897484634,1.0246897285785261,0.8918050046872046,0.947320760261735,0-1,0-1,0-1,0-1,0.010566453076461573,1.3669325416241758,0.9759097400576068,1.3563660885477142,0.9653432869811452
47.52950590118024,1.0254578297222563,1.0244322896857536,0.8899938212007086,0.9455786557970177,0-1,0-1,0-1,0-1,0.010582367384428576,1.3729127337005258,0.9809304678672435,1.3623303663160973,0.970348100482815
47.5495099019804,1.0251519532410622,1.0241621440525766,0.8882028301345214,0.943833612779111,0-1,0-1,0-1,0-1,0.01059625419464978,1.3788765644892695,0.985944718364108,1.3682803102946197,0.9753484641694582
47.56951390278056,1.0248333584936782,1.0238793703984181,0.8864332597544465,0.9420864738392223,0-1,0-1,0-1,0-1,0.0106081010133372,1.3848228663761875,0.9909516907462222,1.3742147653628503,0.980343589732885
47.58951790358072,1.0245021402843573,1.0235840517374195,0.8846863316358231,0.9403380937547875,0-1,0-1,0-1,0-1,0.010617896517712893,1.3907504723622068,0.9959505827522731,1.380132575844494,0.9853326862345602
47.60952190438088,1.024158397760445,1.0232762753708766,0.8829632589819861,0.9385893392564677,0-1,0-1,0-1,0-1,0.01062563058583578,1.3966582168955455,1.0009405909317728,1.3860325863097096,0.990314960345937
47.62952590518104,1.0238022344031732,1.0229561328790575,0.8812652449391892,0.9368410888163167,0-1,0-1,0-1,0-1,0.01063129432577021,1.4025449367183997,1.0059209109163494,1.3919136423926295,0.9952896165905791
47.6495299059812,1.0234337580177657,1.0226237201123736,0.8795934809180462,0.9350942324165163,0-1,0-1,0-1,0-1,0.010634880104215554,1.4084094717230355,1.0108907376914835,1.39777459161882,1.000255857587268
47.66953390678136,1.0230530807228186,1.0222791371818785,0.8779491449314828,0.9333496712980921,0-1,0-1,0-1,0-1,0.010636381574349481,1.4142506658119567,1.0158492658681413,1.4036142842376071,1.0052128842937917
47.68953790758152,1.0226603189389376,1.0219224884490803,0.8763333999589018,0.9316083176890427,0-1,0-1,0-1,0-1,0.010635793703007651,1.4200673677565334,1.0207956899535588,1.4094315740535257,1.0101598962505511
47.70954190838168,1.0222555933765975,1.0215538825150332,0.8747473923457286,0.9298710945113434,0-1,0-1,0-1,0-1,0.010633112796955438,1.4258584320485421,1.0257292046205742,1.4152253192515867,1.0150960918236187
47.72954590918184,1.0218390290231965,1.0211734322086845,0.8731922502467601,0.9281389350663127,0-1,0-1,0-1,0-1,0.010628336528378992,1.4316227197390494,1.0306490049747117,1.4209943832106704,1.0200206684463327
47.749549909982,1.0214107551292726,1.0207812545744537,0.8716690821207841,0.926412782697863,0-1,0-1,0-1,0-1,0.010621463959356458,1.4373590992594243,1.0355542868183671,1.4267376353000678,1.0249328228590107
47.76955391078216,1.0209709051938531,1.0203774708590074,0.8701789752828205,0.9246935904331921,0-1,0-1,0-1,0-1,0.010612495565442017,1.4430664472195311,1.0404442469112531,1.432453951654089,1.029831751345811
47.78955791158232,1.0205196169488975,1.019962206497207,0.8687229945190778,0.922982320600514,0-1,0-1,0-1,0-1,0.010601433258129305,1.4487436491787762,1.0453180832264082,1.438142215920647,1.034716649968279
47.80956191238248,1.0200570323428102,1.0195355910971946,0.8673021807683943,0.9212799444234694,0-1,0-1,0-1,0-1,0.010588280406334933,1.4543896003861896,1.0501749952009019,1.4438013199798547,1.039586714794567
47.82956591318264,1.019583297522974,1.0190977584245886,0.8659175498725584,0.9195874415919071,0-1,0-1,0-1,0-1,0.010573041856674667,1.4600032064865385,1.0550141839805045,1.4494301646298637,1.0444411421238298
47.8495699139828,1.0190985628172817,1.018648846385749,0.8645700913965638,0.9179057998087737,0-1,0-1,0-1,0-1,0.01055572395268229,1.465583384190139,1.0598348526574197,1.4550276602374566,1.0492791287047374
47.86957391478296,1.0186029827146144,1.0181889970100868,0.8632607675185718,0.9162360143129091,0-1,0-1,0-1,0-1,0.0105363345527521,1.4711290619049389,1.0646362065003336,1.4605927273521868,1.0540998719475816
47.88957791558312,1.0180967158442444,1.017718356431378,0.861990511988198,0.9145790873776012,0-1,0-1,0-1,0-1,0.010514883046963398,1.4766391803301533,1.0694174531758631,1.4661242972831898,1.0589025701288997
47.90958191638328,1.0175799249541038,1.0172370748680437,0.8607602291507308,0.9129360277848122,0-1,0-1,0-1,0-1,0.010491380372578858,1.4821126930116129,1.074177802960636,1.471621312639034,1.0636864225880571
47.92958591718344,1.0170527768878959,1.0167453066023642,0.8595707930340643,0.9113078502750567,0-1,0-1,0-1,0-1,0.010465839028384256,1.4875485668596238,1.0789164689430875,1.4770827278312395,1.0684506299147032
47.9495899179836,1.0165154425609964,1.0162432099585839,0.8584230464945151,0.9096955749729744,0-1,0-1,0-1,0-1,0.01043827308767254,1.4929457826308778,1.0836326672142,1.4825075095432052,1.0731943941265274
47.96959391878376,1.0159680969351066,1.015730947279873,0.8573178004172801,0.9081002267887073,0-1,0-1,0-1,0-1,0.010408698210050324,1.498303335376418,1.088325617046277,1.4878946371663675,1.0779169188362265
47.98959791958392,1.015410918991616,1.0152086849041,0.8562558329671055,0.9065228347952636,0-1,0-1,0-1,0-1,0.01037713165188077,1.503620234858212,1.0929945410589876,1.4932431032063311,1.0826174094071068
48.00960192038408,1.0148440917036257,1.0146765931383777,0.8552378888847434,0.9049644315821126,0-1,0-1,0-1,0-1,0.010343592275552349,1.5088955059371185,1.0976386653717893,1.4985519136615661,1.087295073096237
48.02960592118424,1.0142678020065916,1.0141348462323398,0.8542646788249629,0.9034260525853257,0-1,0-1,0-1,0-1,0.01030810055739906,1.5141281889353413,1.1022572197419904,1.5038200883779422,1.0919491191845914
48.0496099219844,1.013682240767542,1.0135836223501071,0.8533368787322423,0.9019087353946449,0-1,0-1,0-1,0-1,0.010270678594472935,1.519317339976475,1.106849437687588,1.5090466613820022,1.096578759093115
48.06961392278456,1.0130876027528197,1.0130231035408936,0.8524551292507373,0.9004135190379179,0-1,0-1,0-1,0-1,0.010231350110005482,1.524462031306336,1.1114145565941835,1.5142306811963304,1.101183206484178
48.08961792358472,1.0124840865943032,1.0124534757082178,0.8516200351657139,0.8989414432433994,0-1,0-1,0-1,0-1,0.010190140457770506,1.5295613515975695,1.1159518178051568,1.519371211139799,1.1057616773473864
48.10962192438488,1.01187189475406,1.0118749285776645,0.850832164874266,0.8974935476804673,0-1,0-1,0-1,0-1,0.01014707662519615,1.5346144062409368,1.1204604666944558,1.5244673296157407,1.1103133900692597
48.12962592518504,1.0112512334873835,1.0112876556631594,0.8500920498838275,0.8960708711793436,0-1,0-1,0-1,0-1,0.010102187235448952,1.5396203176258494,1.1249397527212481,1.5295181303904004,1.1148375654857992
48.1496299259852,1.010622312804163,1.0106918542317054,0.8494001843376676,0.8946744509304453,0-1,0-1,0-1,0-1,0.010055502548347835,1.5445782254124911,1.129388929465874,1.5345227228641434,1.1193334269175264
48.16963392678536,1.0099853464285402,1.0100877252665355,0.8487570245672245,0.8933053216640044,0-1,0-1,0-1,0-1,0.010007054460340701,1.549487286797465,1.1338072546464315,1.5394802323371242,1.1238002001860907
48.18963792758552,1.0093405517567997,1.0094754734286369,0.8481629886717563,0.8919645148106069,0-1,0-1,0-1,0-1,0.009956876503410919,1.5543466767746095,1.1381939901155398,1.5443898002711987,1.128237113612129
48.20964192838568,1.008688149813448,1.0088553070165958,0.8476184561263529,0.8906530576432792,0-1,0-1,0-1,0-1,0.0099050038431534,1.5591555883921986,1.142548401836742,1.5492505845490452,1.1326433979935886
48.22964592918584,1.0080283652054258,1.008227437924719,0.8471237674198402,0.8893719724017244,0-1,0-1,0-1,0-1,0.00985147327589561,1.563913233007448,1.14686975984023,1.5540617597315523,1.1370182865643343
48.249649929986,1.0073614260744106,1.0075920815993802,0.8466792237245265,0.8840232444965167,0-1,0-1,0-1,1-2,0.009796323225108844,1.5686188405388415,1.1511573381575229,1.5588225173137327,1.141361014932414
48.26965393078616,1.0066875640471504,1.006949456993548,0.8462850866000615,0.8712824946416743,0-1,0-1,0-1,1-2,0.009739593736989514,1.573271659716532,1.155410414734979,1.5635320659795424,1.1456708209979896
48.28965793158632,1.0060070141837902,1.0062997865194447,0.8459415777339184,0.8586146569207662,0-1,0-1,0-1,1-2,0.00968132647545969,1.5778709583307104,1.1596282713260013,1.5681896318552508,1.1499469448505417
48.30966193238648,1.0053200149241308,1.0056432959992883,0.84564887872116,0.8460264697166675,0-1,0-1,0-1,1-2,0.00962156471646777,1.5824160234776434,1.1638101933620806,1.5727944587611757,1.154188628645613
48.32966593318664,1.0046268080317802,1.0049802146140712,0.8454071308862245,0.8335248832470182,0-1,0-1,0-1,1-2,0.00956035334183869,1.586906161802787,1.1679554698028487,1.5773458084609484,1.15839511646101
48.3496699339868,1.003927638536142,1.0043107748503295,0.8452164351494579,0.8211170622750728,0-1,0-1,0-1,1-2,0.009497738832552104,1.5913406997402513,1.172063392965647,1.5818429609076992,1.1625656541330949
48.36967393478696,1.0032227546721975,1.0036352124448524,0.8450768519410379,0.8088103882165026,0-1,0-1,0-1,1-2,0.009433769261693179,1.595718983747681,1.1761332583352002,1.5862852144859878,1.166699489073507
48.38967793558712,1.002512407818032,1.0029537663272918,0.8449884011648054,0.7966124605218714,0-1,0-1,0-1,1-2,0.009368494286949282,1.6000403805355408,1.1801643643543849,1.5906718862485916,1.1707958700674357
48.40968193638728,1.0017968524300616,1.0022666785606198,0.8449510622143162,0.7845310971989973,0-1,0-1,0-1,1-2,0.009301965142885409,1.6043042772896672,1.184156012197247,1.5950023121467818,1.1748540470543616
48.429685937187436,1.0010763459759098,1.0015741942793952,0.8449647740431908,0.7725743343228152,0-1,0-1,0-1,1-2,0.009234234632866713,1.6085100818859241,1.1881075055258956,1.5992758472530575,1.178873270893029
48.4496899379876,1.0003511488648982,1.0008765616257922,0.8450294352915619,0.7607504243628133,0-1,0-1,0-1,1-2,0.009165357120804882,1.6126572230957321,1.1920181502331848,1.6034918659749273,1.18285279311238
48.469693938787756,0.9996215243761029,1.0001740316833496,0.8451449044701094,0.749067833139823,0-1,0-1,0-1,1-2,0.00909538852269685,1.6167451507812676,1.1958872541735992,1.6076497622585708,1.1867918656509024
48.48969793958792,0.998887738583933,0.9994668584084003,0.8453110002028423,0.7375352352052599,0-1,0-1,0-1,1-2,0.009024386297911843,1.6207733360791285,1.1997141268852825,1.6117489497812167,1.1906897405873706
48.50970194038808,0.9981500602812028,0.9987552985591387,0.8455275015294444,0.7261615074172182,0-1,0-1,0-1,1-2,0.008952409440366129,1.6247412715712934,1.2034980793066254,1.6157888621309273,1.1945456698662593
48.52970594118824,0.9974087608996443,0.998039611622291,0.8457941482676382,0.7149557204697229,0-1,0-1,0-1,1-2,0.008879518469392035,1.628648471442272,1.2072384234915723,1.61976895297288,1.1983589050221803
48.5497099419884,0.9966641144278399,0.9973200597373489,0.8461106414356718,0.7039271281146106,0-1,0-1,0-1,1-2,0.008805775420443423,1.6324944716213878,1.2109344723283737,1.6236886962009445,1.2021286969079303
48.56971394278856,0.9959163973265283,0.9965969076183325,0.8464766437346682,0.6930851538008718,0-1,0-1,0-1,1-2,0.00873124383539878,1.6362788299092346,1.2145855392673797,1.6275475860738358,1.2058542954319809
48.58971794358872,0.995165888441264,0.9958704224730501,0.8468917800902311,0.6824393744448538,0-1,0-1,0-1,1-2,0.008655988752556807,1.6400011260874126,1.2181909380641431,1.6313451373348558,1.2095349493115863
48.60972194438888,0.9944128689123903,0.9951408739198252,0.8473556382523595,0.6719995010378041,0-1,0-1,0-1,1-2,0.008580076696034975,1.643660962010774,1.2217499825450768,1.6350808853147392,1.213169905849042
48.62972594518904,0.993657622082311,0.9944085339016573,0.8478677694523994,0.6617753557962368,0-1,0-1,0-1,1-2,0.008503575664605915,1.6472579616814613,1.2252619864036571,1.6387543860168554,1.2167584107390512
48.6497299459892,0.9929004334000252,0.9936736765977977,0.8484276891154476,0.6517768455671581,0-1,0-1,0-1,1-2,0.008426555119619601,1.650791771304188,1.2287262630361642,1.6423652161845683,1.2202997079165445
48.66973394678936,0.9921415903229193,0.9929365783327111,0.8490348776263391,0.6420139312160618,0-1,0-1,0-1,1-2,0.00834908597197592,1.6542620593222506,1.2321421254267042,1.6459129733502746,1.2237930394547283
48.68973794758952,0.9913813822157819,0.9921975174824044,0.8496887811470739,0.6324965927526378,0-1,0-1,0-1,1-2,0.008271240567715835,1.6576685164339233,1.2355088860921812,1.6493972758662074,1.2272376455244653
48.70974194838968,0.9906201002470463,0.9914567743781063,0.8503888124832992,0.6232347899892002,0-1,0-1,0-1,1-2,0.008193092672112833,1.6610108555889496,1.2388258570984851,1.6528177629168368,1.2306327644263724
48.72974594918984,0.9898580372822329,0.9907146312072799,0.8511343519972415,0.6142384185816886,0-1,0-1,0-1,1-2,0.008114717451741846,1.6642888119649872,1.2420923501598637,1.6561740945132455,1.233977632708122
48.74974994999,0.9890954877745999,0.9899713719119599,0.8519247485642807,0.605517261374263,0-1,0-1,0-1,1-2,0.008036191454307728,1.6675021429239285,1.2453076768336897,1.6594659514696208,1.237271485379382
48.76975395079016,0.9883327476529861,0.9892272820844065,0.8527593205701949,0.5970809350571235,0-1,0-1,0-1,1-2,0.007957592585607957,1.6706506279481552,1.248471148823067,1.6626930353625473,1.2405135562374592
48.78975795159032,0.9875701142068607,0.988482648860068,0.8536373569459544,0.5889388322537544,0-1,0-1,0-1,1-2,0.007879000083298627,1.6737340685568445,1.251582078399394,1.6658550684735458,1.2437030783160954
48.80976195239048,0.9868078859685726,0.9877377608078565,0.8545581182368239,0.5811000592780471,0-1,0-1,0-1,1-2,0.007800494486724264,1.6767522882025743,1.254639778956483,1.66895179371585,1.2468392844697587
48.82976595319064,0.9860463625928205,0.986992907817737,0.8555208377024418,0.5735733699423747,0-1,0-1,0-1,1-2,0.00772215760235852,1.6797051321485263,1.257643565706678,1.6719829745461678,1.2499214081043195
48.8497699539908,0.9852858447333492,0.9862483809856375,0.8565247224444658,0.5663670959521542,0-1,0-1,0-1,1-2,0.0076440724639949805,1.6825924673266925,1.2605927565279087,1.6749483948626975,1.2529486840639137
48.86977395479096,0.9845266339168992,0.9855044724956933,0.8575689545583431,0.5594890745868201,0-1,0-1,0-1,1-2,0.007566323287106266,1.6854141821775521,1.263486672968399,1.677847858890446,1.2559203496812927
48.88977795559112,0.9837690324144263,0.9847614754998402,0.8586526923057243,0.5529465745361071,0-1,0-1,0-1,1-2,0.007488995416391325,1.6881701864717709,1.266324641413136,1.6806811910553796,1.2588356459967447
48.90978195639128,0.9830133431096277,0.9840196839947767,0.8597750713040527,0.5467462209272695,0-1,0-1,0-1,1-2,0.007412175265805347,1.6908604111145193,1.2691059944128318,1.683448235848714,1.2616938191470264
48.92978595719144,0.9822598693648018,0.9832793926963229,0.8609352057298744,0.5408939207353168,0-1,0-1,0-1,1-2,0.007335950249979927,1.6934848079330869,1.2718300721724354,1.686148857683107,1.2644941219224555
48.9497899579916,0.9815089148840884,0.982540896911202,0.8621321895324544,0.5353947899054241,0-1,0-1,0-1,1-2,0.007260408706224146,1.696043349448502,1.2744962241919338,1.6887829407422779,1.2672358154857095
48.96979395879176,0.9807607835741262,0.9818044924062839,0.8633650976543471,0.5302530836248613,0-1,0-1,0-1,1-2,0.007185639805927873,1.698536028631932,1.2771038110477433,1.6913503888260042,1.2699181712418155
48.98979795959192,0.9800157794021881,0.9810704752753264,0.8646329872556403,0.5254721312516043,0-1,0-1,0-1,1-2,0.0071117334544886866,1.7009628586466587,1.2796522062982094,1.69385112519217,1.2725404728437206
49.00980196039208,0.979274206251839,0.980339141803263,0.8659348989386807,0.5210542774296533,0-1,0-1,0-1,1-2,0.007038780178545189,1.703323872576478,1.2821407984922069,1.696285092397933,1.2751020183136617
49.02980596119224,0.9785363677761901,0.9796107883280838,0.8672698579702023,0.517000830890046,0-1,0-1,0-1,1-2,0.0069668709996270894,1.705619123141383,1.284568993255339,1.698652252141756,1.277602122255712
49.0498099619924,0.9778025672488061,0.9788857111003689,0.8686368754978838,0.5133120223470825,0-1,0-1,0-1,1-2,0.006896097293040549,1.7078486824014223,1.286936215424471,1.7009525851083818,1.2800401181314305
49.06981396279256,0.9770731074123477,0.978164206140532,0.8700349497585003,0.5099869727499917,0-1,0-1,0-1,1-2,0.006826550631175528,1.710012641449642,1.2892419111980868,1.7031860908184664,1.2824153605669113
49.08981796359272,0.9763482903250237,0.9774465690938429,0.871463067274961,0.5070236729433547,0-1,0-1,0-1,1-2,0.006758322610190952,1.712111110095022,1.2914855502678375,1.7053527874848309,1.2847272276576465
49.10982196439288,0.9756284172049424,0.9767330950833005,0.8729202040396782,0.5044189755310967,0-1,0-1,0-1,1-2,0.006691504659460421,1.7141442165363328,1.2936666278954696,1.7074527118768723,1.2869751232360092
49.12982596519304,0.9749137882724479,0.9760240785604344,0.8744053266818602,0.5021685994384117,0-1,0-1,0-1,1-2,0.006626187833006018,1.7161121070278351,1.2957846668995268,1.709485919194829,1.2891584790665207
49.1498299659932,0.974204702590548,0.9753198131541156,0.8759173936164752,0.5002671473365258,0-1,0-1,0-1,1-2,0.006562462582646461,1.7180149455377351,1.2978392195175257,1.7114524829550888,1.2912767569348793
49.16983396679336,0.9735014579035276,0.9746205915174726,0.8774553561727968,0.4987081357519152,0-1,0-1,0-1,1-2,0.00650041851252067,1.7198529134003118,1.2998298691120331,1.7133524948877912,1.2933294505995125
49.18983796759352,0.9728043504738669,0.973926705172998,0.8790181597006018,0.4974840373410431,0-1,0-1,0-1,1-2,0.006440144115225542,1.721626208962609,1.301756231692757,1.7151860648473836,1.2953160875775314
49.20984196839368,0.9721136749175715,0.9732384443559545,0.8806047446522555,0.49658633449036915,0-1,0-1,0-1,1-2,0.006381726489840466,1.7233350472265725,1.3036179572315827,1.716953320736732,1.2972362307417422
49.22984596919384,0.9714297240380452,0.9725560978561839,0.8822140476390816,0.4960055831146914,0-1,0-1,0-1,1-2,0.006325251042766284,1.724979659487489,1.305414730752875,1.7186544084447228,1.2990894797101087
49.249849969994,0.9707527886586254,0.9718799528584261,0.8838450024605788,0.4957314852877328,0-1,0-1,0-1,1-2,0.006270801172430998,1.726560292969569,1.3071462731873755,1.7202894917971379,1.3008754720149445
49.26985397079416,0.9700831574539205,0.9712102947812761,0.8854965411052041,0.4957529691570089,0-1,0-1,0-1,1-2,0.006218457939637309,1.7280772104594746,1.30881234198406,1.7218587525198372,1.3025938840444227
49.28985797159432,0.9694211167800867,0.9705474071148912,0.8871675947216028,0.49605827447623213,0-1,0-1,0-1,1-2,0.006168299725519498,1.7295306899385772,1.3104127314803902,1.7233623902130577,1.3042444317548707
49.30986197239448,0.9687669505041903,0.9698915712575854,0.8888570945593178,0.4966350420346514,0-1,0-1,0-1,1-2,0.006120401879831268,1.730921024214695,1.3119472730369477,1.7248006223348638,1.3058268711571164
49.32986597319464,0.9681209398328031,0.9692430663514398,0.8905639728781614,0.49747040527167175,0-1,0-1,0-1,1-2,0.006074836362509251,1.7322485205540161,1.3134158349475633,1.726173684191507,1.3073409985850541
49.3498699739948,0.9674833631399945,0.9686021691170711,0.892287163825579,0.4985510824313792,0-1,0-1,0-1,1-2,0.0060316713821895115,1.7335135003139004,1.3148183221402465,1.7274818289317109,1.308786650758057
49.36987397479496,0.9668544957948724,0.9679691536877029,0.8940256042814698,0.499863467727026,0-1,0-1,0-1,1-2,0.00599097103554469,1.734716298577191,1.3161546756877187,1.728725327541646,1.3101637046521741
49.38987797559512,0.9662346099888469,0.9673442914426867,0.8957782346700679,0.5013937201400935,0-1,0-1,0-1,1-2,0.005952794951954441,1.7358572637886491,1.3174248721487842,1.7299044688366947,1.3114720771968298
49.40988197639528,0.9656239745627843,0.9667278508406311,0.8975439997386118,0.503127848661347,0-1,0-1,0-1,1-2,0.005917197948105153,1.7369367573940775,1.3186289227633907,1.7310195594459723,1.3127117248152855
49.42988597719544,0.9650228548342288,0.9661200972522946,0.8993218493026525,0.505051792981292,0-1,0-1,0-1,1-2,0.005884229697594464,1.737955153482658,1.319766872524927,1.7320709237850636,1.3138826428273325
49.4498899779956,0.9644315124248697,0.9655212927934097,0.9011107389579629,0.507151498844285,0-1,0-1,0-1,1-2,0.005853934420516068,1.7389128384329962,1.3208387991532573,1.7330589040124802,1.3149848647327413
49.46989397879576,0.9638502050884441,0.9649316961576005,0.9029096307591196,0.5094129874850607,0-1,0-1,0-1,1-2,0.005826350598245873,1.7398102105633233,1.3218448119912392,1.7339838599650774,1.3160184613929933
49.48989797959592,0.9632791865392548,0.9643515624495737,0.9047174938649291,0.5118224187609929,0-1,0-1,0-1,1-2,0.0058015107183071336,1.7406476797862585,1.3227850508462449,1.7348461690679513,1.3169835401279377
49.50990198039608,0.9627187062815046,0.9637811430187505,0.9065333051509628,0.5143661477721353,0-1,0-1,0-1,1-2,0.005779441054150531,1.7414256672685169,1.3236596847964883,1.7356462262143664,1.3178802437423378
49.529905981196244,0.9621690094396319,0.9632206852935264,0.9083560497895478,0.5170307749198654,0-1,0-1,0-1,1-2,0.005760161484079591,1.7421446050958826,1.3244689109800578,1.736384443611803,1.3187087494959782
49.5499099819964,0.9616303365898552,0.9626704326163347,0.9101847217976484,0.5198031894913494,0-1,0-1,0-1,1-2,0.005743685353209422,1.7428049359437525,1.3252129533823964,1.7370612505905432,1.319469268029187
49.569913982796564,0.9611029235931183,0.9621306240797055,0.9120183245531336,0.522670606970044,0-1,0-1,0-1,1-2,0.005730019381497471,1.7434071127535038,1.3258920616358405,1.7376770933720063,1.320162042254343
49.58991798359672,0.9605870014296429,0.9616014943635023,0.9138558712800036,0.5256206003623034,0-1,0-1,0-1,1-2,0.005719163620289424,1.7439515984149174,1.3265065098426405,1.738232434794628,1.3207873462223512
49.609921984396884,0.9600827960352917,0.9610832735735331,0.9156963855031953,0.5286411258980326,0-1,0-1,0-1,1-2,0.005711111458789651,1.744438865454832,1.327056595430865,1.7387277539960424,1.3213454839720755
49.62992598519704,0.9595905281399473,0.9605761870817224,0.9175389014736502,0.5317205435110609,0-1,0-1,0-1,1-2,0.005705849681114548,1.7448693957322006,1.3275426380506334,1.739163546051086,1.3218367883695188
49.649929985997204,0.9591104131081108,0.9600804553680422,0.9193824645643661,0.5348476325348234,0-1,0-1,0-1,1-2,0.005703358573471769,1.7452436801396591,1.3279649785164163,1.7395403215661873,1.3222616199429444
49.66993398679736,0.9586426607819328,0.9595962938643956,0.9212261316381987,0.5380116030634917,0-1,0-1,0-1,1-2,0.00570361208022269,1.7455622183117114,1.3283239777995461,1.7398586062314887,1.3226203657193234
49.689937987597524,0.9581874753268734,0.9591239128006489,0.9230689713882129,0.5412021034304999,0-1,0-1,0-1,1-2,0.005706578006524952,1.745825518339579,1.3286200160737693,1.7401189403330541,1.3229134380672445
49.70994198839768,0.9577450550802097,0.9586635170530093,0.9249100646514137,0.5444092242478984,0-1,0-1,0-1,1-2,0.005712218264550007,1.7460340964927734,1.3288534918154697,1.7403218782282235,1.3231412735509198
49.729945989197844,0.9573155924025841,0.9582153059949441,0.926748504696709,0.5476234994334902,0-1,0-1,0-1,1-2,0.005720489159388896,1.7461884769473768,1.329024820959275,1.7404679877879878,1.323304331799886
49.749949989998,0.9568992735328069,0.9577794733508374,0.9285833974879785,0.5508359046302962,0-1,0-1,0-1,1-2,0.00573134171025871,1.7462891915210348,1.329134436108921,1.740557849810776,1.3234030943986623
49.769953990798165,0.9564962784461092,0.9573562070525794,0.9304138619231372,0.5540378533963981,0-1,0-1,0-1,1-2,0.005744722001998304,1.7463367794146099,1.3291827858026604,1.7405920574126115,1.323438063800662
49.78995799159832,0.9561067807160495,0.956945689099283,0.9322390300500899,0.557221191514142,0-1,0-1,0-1,1-2,0.005760571561611982,1.7463317869604489,1.3291703338319834,1.7405712153988369,1.3234097622703713
49.809961992398485,0.9557309473802681,0.9565480954203177,0.9340580472604865,0.560378189737328,0-1,0-1,0-1,1-2,0.005778827754302233,1.7462747673771724,1.329097558612085,1.74049593962287,1.3233187308577827
49.82996599319864,0.9553689388102861,0.9561635957418532,0.9358700724621829,0.5635015352643713,0-1,0-1,0-1,1-2,0.005799424193481345,1.746166280530899,1.3289649526022307,1.7403668563374177,1.3231655284087493
49.849969993998805,0.9550209085855366,0.955792353457098,0.9376742782313203,0.5665843221953144,0-1,0-1,0-1,1-2,0.005822291159234924,1.7460068927027825,1.3287730217740303,1.7401846015435476,1.3229507306147954
49.86997399479896,0.9546870033718152,0.9554345255004193,0.9394698509449251,0.5696200412015431,0-1,0-1,0-1,1-2,0.005847356020006778,1.7457971763627442,1.3285222851255134,1.7399498203427375,1.3226749291055067
49.889977995599125,0.9543673628043304,0.9550902622255212,0.9412559908949303,0.5726025686096003,0-1,0-1,0-1,1-2,0.005874543652503051,1.745537709949236,1.3282132742388912,1.739663166296733,1.3223387305863883
49.90998199639928,0.9540621193755309,0.9547597072878621,0.9430319123845121,0.5755261550748184,0-1,0-1,0-1,1-2,0.005903776855295916,1.7452290776549122,1.3278465328798688,1.7393253007996163,1.321942756024573
49.929985997199445,0.9537713983278763,0.9544429975314819,0.9447968438076164,0.5783854139968094,0-1,0-1,0-1,1-2,0.005934976752001599,1.7448718692180054,1.3274226166364584,1.7389368924660038,1.3214876398844568
49.9499899979996,0.9534953175517227,0.9541402628804039,0.9465500277125471,0.5811753098072335,0-1,0-1,0-1,1-2,0.005968063180492229,1.74446667971927,1.3269420925952744,1.738498616538778,1.3209740294147823
49.969993998799765,0.9532339874884719,0.9538516262347787,0.9482907208504673,0.5838911462406872,0-1,0-1,0-1,1-2,0.006002955065084783,1.7440141093842751,1.3264055390534235,1.7380111543191903,1.3204025839883387
49.98999799959992,0.9529875110391439,0.9535772033719215,0.9500181942096471,0.5865285546820036,0-1,0-1,0-1,1-2,0.00603957076925003,1.743514763390891,1.3258135452641706,1.737475192621641,1.3197739744949206
50.010002000400085,0.9527559834785084,0.9532543276162244,0.9521578580703671,0.5897088813814836,0-1,0-1,0-1,1-2,0.007470815116377226,1.7435441465967578,1.3246694692696068,1.7360733314803807,1.3171986541532297
50.03000600120024,0.9525394923749166,0.9530122715516975,0.9538529953421105,0.5921554734196135,0-1,0-1,0-1,1-2,0.007453809352621516,1.7429529442767473,1.323962263934176,1.7354991349241258,1.3165084545815544
50.050010002000406,0.9523381175159575,0.9527847552545778,0.9555326420390312,0.5945115648975051,0-1,0-1,0-1,1-2,0.00743896612278708,1.7423168133755147,1.3232014036461848,1.7348778472527275,1.3157624375233976
50.07001400280056,0.9521519308400603,0.9525718632460161,0.9571961297419034,0.5967740543989912,0-1,0-1,0-1,1-2,0.007426265464269859,1.741636377892742,1.3223875217204657,1.7342101124284721,1.3149612562561959
50.090018003600726,0.9519809963741503,0.9523736724907674,0.9588428042462188,0.5989401107764529,0-1,0-1,0-1,1-2,0.0074156846946429236,1.7409122658696727,1.3215212616630736,1.7334965811750298,1.3141055769684307
50.11002200440088,0.9518253701774622,0.9521902523319579,0.9604720255251092,0.6010071632542014,0-1,0-1,0-1,1-2,0.007407198513349201,1.7401451092237583,1.3206032770926186,1.732737910710409,1.3131960785792693
50.130026005201046,0.9516851002916025,0.9520216644316721,0.9620831676834849,0.6029728919190566,0-1,0-1,0-1,1-2,0.007400779113504961,1.7393355435870268,1.3196342316855059,1.731934764473522,1.312233452572001
50.1500300060012,0.9515602266969388,0.9518679627174597,0.9636756189040511,0.6048352186082707,0-1,0-1,0-1,1-2,0.007396396302999212,1.738484208148005,1.3186147991440524,1.7310878118450057,1.3112184028410532
50.170034006801366,0.9514507812753954,0.9517291933348464,0.9652487813858444,0.6065922982002817,0-1,0-1,0-1,1-2,0.007394017633790662,1.7375917454969634,1.3175456631865363,1.7301977278631728,1.3101516455527458
50.19003800760152,0.9513567877797114,0.9516053946059243,0.966802071275904,0.6082425103098621,0-1,0-1,0-1,1-2,0.007393608538427205,1.7366588014743083,1.3164275175582578,1.729265192935881,1.3090339090198306
50.210042008401686,0.951278261809215,0.9514965969940926,0.9683349185946726,0.6097844513859978,0-1,0-1,0-1,1-2,0.007395132472574379,1.7356860250218866,1.3152610660627533,1.7282908925493123,1.307865933590179
50.23004600920184,0.9512152107921563,0.9514028230750037,0.9698467671556967,0.611216927208155,0-1,0-1,0-1,1-2,0.007398551062489328,1.7346740680370552,1.3140470226123144,1.7272755169745657,1.306648471549825
50.250050010002006,0.9511676339746286,0.951324087513764,0.9713370744801763,0.6125389457744356,0-1,0-1,0-1,1-2,0.007403824256185125,1.7336235852292734,1.3127861112969992,1.7262197609730883,1.305382287040814
50.27005401080216,0.9511355224160984,0.951260397048429,0.9728053117068843,0.613749710573382,0-1,0-1,0-1,1-2,0.007410910477204362,1.7325352339790843,1.3114790664713176,1.7251243235018798,1.3040681559941132
50.29005801160232,0.9511188589915541,0.9512117504798191,0.9742509634979669,0.6148486142298293,0-1,0-1,0-1,1-2,0.007419766779775745,1.7314096741992584,1.310126632857799,1.7239899074194827,1.3027068660780232
50.31006201240248,0.951117618400271,0.9511781386676778,0.9756735279410969,0.6158352325141574,0-1,0-1,0-1,1-2,0.007430349004305305,1.730247568197959,1.3087295656666085,1.7228172191936537,1.3012992166623032
50.33006601320264,0.9511317671811822,0.9511595445331751,0.9770725164484466,0.6167093187035088,0-1,0-1,0-1,1-2,0.00744261193211445,1.7290495805437496,1.3072886307304004,1.721606968611635,1.2998460187982859
50.3500700140028,0.9511612637348325,0.9511559430677621,0.9784474536529172,0.6174707982829896,0-1,0-1,0-1,1-2,0.0074565094383974755,1.7278163779322657,1.3058046046535543,1.7203598684938683,1.298348095215157
50.37007401480296,0.95120605835188,0.9511673013483579,0.9797978773020383,0.6181197639745121,0-1,0-1,0-1,1-2,0.007471994642526822,1.726548629054425,1.3042782749749122,1.7190766344118982,1.2968062803323854
50.39007801560312,0.9512660932481065,0.9511935785588504,0.9811233381499462,0.6186564710807285,0-1,0-1,0-1,1-2,0.0074890200547777465,1.7252470044659902,1.3027104403431116,1.7177579844112125,1.2952214202883339
50.41008201640328,0.9513413026058753,0.9512347260178794,0.9824233998478078,0.6190813331314432,0-1,0-1,0-1,1-2,0.007507537718779923,1.7239121764583785,1.3011019107035584,1.7164046387395986,1.2935943729847785
50.43008601720344,0.9514316126219804,0.9512906872128578,0.9836976388330597,0.6193949178199323,0-1,0-1,0-1,1-2,0.007527499348940491,1.72254481893054,1.299453507496045,1.7150173195815994,1.2919260081471045
50.4500900180036,0.9515369415618057,0.9513613978401829,0.984945644217798,0.6195979432167261,0-1,0-1,0-1,1-2,0.00754885646232148,1.7211456072618154,1.2977660638619644,1.713596750799494,1.290217207399643
50.47009401880376,0.951657199819715,0.9514467858515723,0.9861670176766467,0.6196912742486216,0-1,0-1,0-1,1-2,0.007571560504404898,1.7197152181856097,1.296040424860029,1.7121436576812048,1.2884688643556241
50.49009801960392,0.9517922899855749,0.9515467715064563,0.9873613733344099,0.6196759194309451,0-1,0-1,0-1,1-2,0.007595562968403344,1.7182543296638009,1.2942774476893353,1.7106587666953976,1.286681884720932
50.510102020404084,0.9519421069173125,0.9516612674303481,0.9885283376537979,0.6195530278414009,0-1,0-1,0-1,1-2,0.007620815507733274,1.7167636207617378,1.2924780019185627,1.7091428052540045,1.2848571864108294
50.53010602120424,0.9521065378193904,0.9517901786790988,0.9896675493235023,0.6193238863241698,0-1,0-1,0-1,1-2,0.007647270041477149,1.7152437715237576,1.2906429697200408,1.7075965014822805,1.2829956996785636
50.550110022004404,0.9522854623270828,0.9519334028089431,0.9907786591468796,0.6189899169132999,0-1,0-1,0-1,1-2,0.007674878852617264,1.7136954628490861,1.2887732461073595,1.7060205839964688,1.2810983672547422
50.57011402280456,0.9524787525964211,0.9520908299522278,0.9918613299314859,0.6185526744647926,0-1,0-1,0-1,1-2,0.007703594679018902,1.712119376368072,1.2868697391751225,1.704415781689053,1.2791661444961036
50.590118023604724,0.9526862733996735,0.952262342898709,0.9929152363796951,0.6180138444871854,0-1,0-1,0-1,1-2,0.00773337079709068,1.710516194318624,1.2849333703394143,1.7027828235215334,1.2771999995423238
50.61012202440488,0.952907882226211,0.9524478171822952,0.9939400649806154,0.6173752411608128,0-1,0-1,0-1,1-2,0.007764161098225818,1.7088865994228137,1.28296507457747,1.701122438324588,1.2752009134792444
50.630126025205044,0.9531434293886146,0.9526471211731069,0.9949355139035091,0.6166388055363,0-1,0-1,0-1,1-2,0.007795920158071805,1.70723127476353,1.280965800665004,1.6994353546054584,1.2731698805069322
50.6501300260052,0.9533927581338554,0.9528601161747167,0.9959012928929044,0.6158066039032182,0-1,0-1,0-1,1-2,0.007828603298832698,1.7055509036611591,1.2789365114095872,1.6977223003623265,1.2711079081107546
50.670134026805364,0.9536557047593922,0.953086656526422,0.9968371231655815,0.6148808263201666,0-1,0-1,0-1,1-2,0.007862166644744237,1.703846169550178,1.2768781838784409,1.6959840029054338,1.2690160172336966
50.69013802760552,0.9539320987340099,0.9533265897104067,0.9977427373095982,0.6138637852978694,0-1,0-1,0-1,1-2,0.00789656717100045,1.702117755855659,1.2747918096189519,1.6942211886846585,1.2668952424479514
50.710142028405684,0.9542217628232239,0.9535797564636286,0.9986178791855123,0.6127579146271666,0-1,0-1,0-1,1-2,0.007931762746338087,1.7003663458695766,1.272678394870209,1.6924345831232386,1.264746632123871
50.73014602920584,0.9545245132190701,0.9538459908942741,0.9994623038299478,0.6115657683440207,0-1,0-1,0-1,1-2,0.007967712169608088,1.6985926226269252,1.2705389607638125,1.6906249104573172,1.2625712485942044
50.750150030006004,0.954840159674093,0.9541251206026156,1.0002757773616395,0.6102900198238748,0-1,0-1,0-1,1-2,0.008004375200584269,1.6967972687815525,1.268374543512215,1.6887928935809682,1.2603701683116306
50.77015403080616,0.9551685056393451,0.9544169668060916,1.0010580768900867,0.6089334609978416,0-1,0-1,0-1,1-2,0.008041712585365252,1.6949809664817204,1.2661861945828254,1.686939253896355,1.25814448199746
50.790158031606325,0.9555093484061999,0.9547213444684434,1.0018089904269272,0.6074990016833108,0-1,0-1,0-1,1-2,0.008079686076645753,1.6931443972453146,1.2639749808561334,1.685064711168669,1.2558952947794877
50.81016203240648,0.9558624792517854,0.9550380624327213,1.0025283168001482,0.6059896690215753,0-1,0-1,0-1,1-2,0.008118258449222473,1.6912882418347206,1.2617419847661022,1.683169983385498,1.2536237263168797
50.830166033206645,0.9562276835878379,0.9553669235579776,1.00321586557123,0.6044086070150468,0-1,0-1,0-1,1-2,0.008157393511017744,1.6894131801312968,1.2594883044211291,1.681255786620279,1.2513309109101114
50.8501700340068,0.9566047411127749,0.9557077248594648,1.0038714569553169,0.6027590761564968,0-1,0-1,0-1,1-2,0.008197056109983645,1.6875198910094713,1.2572150537038869,1.6793228348994877,1.2490179975939033
50.870174034806965,0.9569934259667837,0.9560602576521424,1.0044949217445018,0.6010444531425342,0-1,0-1,0-1,1-2,0.008237212137164156,1.685609052210399,1.2549233623484277,1.677371840073235,1.2466861502112636
50.89017803560712,0.9573935068897225,0.9564243076973092,1.0050861012343009,0.5992682306632284,0-1,0-1,0-1,1-2,0.008277828526263959,1.6836813402152215,1.2526143759929815,1.6754035116889576,1.2443365474667176
50.910182036407285,0.9578047473816289,0.9567996553521624,1.0056448471533936,0.5974340172593482,0-1,0-1,0-1,1-2,0.00831887324998679,1.6817374301178685,1.2502892562069639,1.6734185568678817,1.241970382956977
50.93018603720744,0.9582269058656308,0.9571860757220912,1.006171021596689,0.5955455372381477,0-1,0-1,0-1,1-2,0.008360315313471386,1.679777995497451,1.247949180490791,1.6714176801839795,1.2395888651773195
50.950190038007605,0.9586597358530535,0.9575833388155133,1.0066644969617815,0.5936066306379648,0-1,0-1,0-1,1-2,0.00840212474506675,1.6778037082901984,1.2455953422472095,1.6694015835451317,1.2371932175021427
50.97019403880776,0.9591029861105221,0.9579912097010549,1.0071251558888439,0.5916212532310928,0-1,0-1,0-1,1-2,0.008444272584748698,1.6758152386609946,1.2432289507229441,1.667370966076246,1.2347846781381955
50.990198039607925,0.959556400828852,0.9584094486668819,1.0075528912040137,0.5895934765534474,0-1,0-1,0-1,1-2,0.00848673087039539,1.6738132548744753,1.240851230919619,1.66532652400408,1.2323645000492236
51.01020204040808,0.9600197197935277,0.9588378113819882,1.0079476058663024,0.5875274879484627,0-1,0-1,0-1,1-2,0.008529472622195711,1.6717984231657481,1.238463423473019,1.6632689505435525,1.2299339508508234
51.030206041208245,0.9604926785565718,0.9592760490592446,1.0083092129180793,0.5854275906114078,0-1,0-1,0-1,1-2,0.00857247182538141,1.6697714076107073,1.2360667844999258,1.6611989357853258,1.2274943126745443
51.0502100420084,0.9609750086096008,0.9597239086200215,1.0086376354391484,0.5832982036189305,0-1,0-1,0-1,1-2,0.00861570341152839,1.6677328699960172,1.233662585411909,1.6591171665844888,1.2250468820003806
51.070214042808566,0.9614664375578811,0.9601811328601895,1.0089328065044545,0.5811438619270798,0-1,0-1,0-1,1-2,0.008659143238591432,1.6656834696887415,1.23125211269563,1.65702432645015,1.2225929694570385
51.09021804360872,0.9619666892951831,0.9606474606173109,1.0091946691454359,0.5789692163193704,0-1,0-1,0-1,1-2,0.008702768069888874,1.6636238635056995,1.2288366676593783,1.6549210954358107,1.2201338995894895
51.110222044408886,0.9624754841792537,0.96112262693884,1.0094231763150443,0.5767790332846026,0-1,0-1,0-1,1-2,0.008746555552176507,1.6615547055825441,1.2264175661457604,1.6528081500303677,1.217671010593584
51.13022604520904,0.9629925392077152,0.9616063632511408,1.0096182908564457,0.5745781948021801,0-1,0-1,0-1,1-2,0.008790484193000369,1.6594766472426477,1.2239961382106237,1.6506861630496472,1.2152056540176233
51.150230046009206,0.963517568194213,0.9620983975291506,1.0097799854754084,0.5723716980105681,0-1,0-1,0-1,1-2,0.008834533337441958,1.6573903368657996,1.2215737277685075,1.6485558035283576,1.2127391944310655
51.17023404680936,0.9640502819446322,0.9625984544665047,1.0099082427163883,0.5701646547323426,0-1,0-1,0-1,1-2,0.008878683144422524,1.6552964197568216,1.219151692205084,1.646417736612399,1.2102730090606615
51.190238047609526,0.964590388433213,0.9631062556459543,1.0100030549423096,0.567962290827011,0-1,0-1,0-1,1-2,0.008922914562656118,1.6531955380141046,1.216731401957257,1.6442726234514484,1.207808487394601
51.21024204840968,0.9651375929783927,0.9636215197099027,1.010064424318037,0.5657699453404825,0-1,0-1,0-1,1-2,0.008967209306396344,1.6510883303981951,1.2143142400617548,1.6421211210917988,1.2053470307553584
51.230246049209846,0.9656915984182161,0.9641439625308994,1.010092362797538,0.5635930694177629,0-1,0-1,0-1,1-2,0.009011549831046297,1.6489754322004462,1.2119016016732413,1.6399638823693998,1.202890051842195
51.25025005001,0.9662521052851486,0.9646732973819281,1.010086892114719,0.5614372249431995,0-1,0-1,0-1,1-2,0.00905591930875494,1.646857475111868,1.2094948935531344,1.6378015558031132,1.2004389742443795
51.270254050810166,0.966818811980148,0.9652092351063294,1.010048043777925,0.5593080828704643,0-1,0-1,0-1,1-2,0.009100301604053304,1.644735087092219,1.207095533530481,1.6356347854881657,1.1979952319264275
51.29025805161032,0.9673914149458385,0.9657514842872116,1.00997585906808,0.5572114212025002,0-1,0-1,0-1,1-2,0.00914468124963508,1.642608892239479,1.2047049499363813,1.6334642109898438,1.1955602686867461
51.310262052410486,0.9679696088386506,0.966299751416197,1.0098703890404541,0.555153122579946,0-1,0-1,0-1,1-2,0.009189043422319756,1.6404795106597623,1.2023245810135836,1.6312904672374424,1.1931355375912638
51.33026605321064,0.9685530866997857,0.966853741061366,1.0097316945300217,0.5531391714351813,0-1,0-1,0-1,1-2,0.009233373919285937,1.6383475583378366,1.1999558743029801,1.6291141844185506,1.190722500383694
51.35027005401081,0.9691415401248797,0.9674131560342581,1.009559846160387,0.5511756506681967,0-1,0-1,0-1,1-2,0.009277659134600698,1.636213647008313,1.1976002860088246,1.6269359878737124,1.188322626874224
51.37027405481096,0.9697346594322355,0.9679776975557999,1.0093549243562432,0.5492687378000602,0-1,0-1,0-1,1-2,0.009321886036119142,1.6340783840276953,1.1952592803445508,1.6247564979915763,1.1859373943084317
51.39027805561113,0.9703321338295084,0.9685470654210344,1.0091170193593229,0.5474247005599795,0-1,0-1,0-1,1-2,0.009366042142768012,1.6319423722473818,1.1929343288611243,1.6225763301046139,1.1835682867183563
51.41028205641128,0.970933651578728,0.9691209581625296,1.0088462312478004,0.5456498918629017,0-1,0-1,0-1,1-2,0.009410115502275407,1.6298062098878114,1.190626909759845,1.620396094385536,1.1812167942575695
51.43028605721145,0.9715389001595552,0.9696990732123496,1.0085426699591016,0.5439507441363846,0-1,0-1,0-1,1-2,0.009454094669351341,1.6276704904138826,1.1883385071915349,1.6182163957445312,1.1788844125221836
51.4502900580116,0.9721475664306644,0.9702811070624833,1.0082064553160672,0.5423337629582246,0-1,0-1,0-1,1-2,0.00949796868437173,1.6255358024118567,1.1860706105439642,1.616037833727485,1.1765726418595925
51.47029405881177,0.9727593367891637,0.9708667554236194,1.0078377170564141,0.5408055199701037,0-1,0-1,0-1,1-2,0.009541727052560879,1.6234027294678848,1.1838247137193134,1.613861002415324,1.1742829866667526
51.49029805961192,0.9733738973279576,0.9714557133821766,1.0074365948654374,0.5393726450374522,0-1,0-1,0-1,1-2,0.009585359723718767,1.6212718500484093,1.1816023144033474,1.6116864903246906,1.1720169546796286
51.51030206041209,0.9739909339909744,0.9720476755554891,1.007003238411887,0.5380418176318253,0-1,0-1,0-1,1-2,0.009628857072478502,1.619143737382597,1.1794049133278464,1.6095148803101185,1.1697760562553678
51.530306061212244,0.974610132726172,0.9726423362450664,1.006537807386948,0.5368197574194752,0-1,0-1,0-1,1-2,0.009672209879136551,1.6170189593470743,1.1772340135276582,1.6073467494679377,1.1675618036485216
51.55031006201241,0.975231179636263,0.97323938958784,1.0060404715462516,0.5357132140484131,0-1,0-1,0-1,1-2,0.00971540931103299,1.6148980783531535,1.1750911195935645,1.6051826690421205,1.1653757102825315
51.570314062812564,0.9758537611270796,0.973838529705326,1.005511410754835,0.5347289561361415,0-1,0-1,0-1,1-2,0.009758446904519335,1.6127816512368458,1.1729777369219079,1.6030232043323265,1.1632192900173886
51.59031806361273,0.976477564053528,0.9744394508506301,1.0049508150349657,0.533873759471297,0-1,0-1,0-1,1-2,0.009801314547487368,1.6106702291518724,1.1708953709617185,1.600868914604385,1.1610940564142311
51.610322064412884,0.9771022758630711,0.975041847553228,1.0043588846167353,0.5331543944546056,0-1,0-1,0-1,1-2,0.009844004462490355,1.6085643574660016,1.1688455264598079,1.5987203530035112,1.1590015219973175
51.63032606521305,0.9777275847366959,0.9756454147614674,1.0037358299913293,0.5325776128176474,0-1,0-1,0-1,1-2,0.009886509190426844,1.6064645756609395,1.1668297067040536,1.5965780664705127,1.1569431975136268
51.650330066013204,0.9783531797273147,0.9762498479827302,1.0030818719668635,0.5321501336717755,0-1,0-1,0-1,1-2,0.009928821574815172,1.6043714172361423,1.1648494127648268,1.594442595661327,1.1549205911900116
51.67033406681337,0.9789787508955696,0.9768548434212116,1.0023972417266818,0.5318786289538674,0-1,0-1,0-1,1-2,0.009970934746625054,1.6022854096167929,1.1629061427342746,1.5923144748701679,1.1529352079876496
51.690338067613524,0.9796039894429975,0.9774600981132682,1.001682180889992,0.531769708350113,0-1,0-1,0-1,1-2,0.010012842109691689,1.6002070740663403,1.1610013909629073,1.5901942319566487,1.1509885488532157
51.71034206841369,0.9802285878425379,0.9780653100602955,1.0009369415747176,0.5318299037934308,0-1,0-1,0-1,1-2,0.010054537326675378,1.5981369256038709,1.1591366472927467,1.5880823882771955,1.1490821099660713
51.730346069213844,0.9808522399663467,0.9786701783591053,1.000161786462433,0.5320656536439471,0-1,0-1,0-1,1-2,0.010096014305591521,1.5960754729267266,1.1573133962860727,1.585979458621135,1.1472173819804812
51.75035007001401,0.981474641210912,0.9792744033297668,0.9993569888652394,0.5324832866748826,0-1,0-1,0-1,1-2,0.010137267186869952,1.5940232183386762,1.1555331164486786,1.5838859511518062,1.1453958492618086
51.770354070814165,0.9820954886194422,0.9798776866408937,0.9985228327944355,0.5330890059977356,0-1,0-1,0-1,1-2,0.010178290330967742,1.5919806576840634,1.1537972794464086,1.5818023673530957,1.143618989115441
51.79035807161433,0.9827144810015299,0.98047973143235,0.9976596130308243,0.5338888730704116,0-1,0-1,0-1,1-2,0.010219078306492779,1.589948280288261,1.1521073493137177,1.5797292019817681,1.141888271007225
51.810362072414485,0.9833313190500748,0.9810802424353641,0.996767635196488,0.5348887919395185,0-1,0-1,0-1,1-2,0.010259625878860729,1.587926568904877,1.150464781652962,1.5776669430260162,1.1402051557741013
51.83036607321465,0.9839457054554723,0.9816789260900353,0.9958472158278608,0.5360944938730512,0-1,0-1,0-1,1-2,0.010299927999441015,1.5859159996700576,1.1488710228232113,1.5756160716706167,1.1385710948237704
51.850370074014805,0.9845573450170645,0.9822754906602293,0.9948986824499075,0.537511522541831,0-1,0-1,0-1,1-2,0.010339979795214371,1.5839170420643405,1.1473275091174515,1.573577062269126,1.1369875293222371
51.87037407481497,0.9851659447518621,0.9828696463458547,0.9939223736512202,0.5391452199070824,0-1,0-1,0-1,1-2,0.010379776558895827,1.5819301588824146,1.1458356659272577,1.5715503823235188,1.135455889368362
51.890378075615125,0.9857712140005463,0.9834611053925224,0.9929186391598203,0.5410007129672805,0-1,0-1,0-1,1-2,0.010419313739545447,1.5799558062112526,1.1443969068942101,1.5695364924717072,1.1339775931546647
51.91038207641529,0.9863728645307641,0.9840495821985931,0.9918878399194563,0.5430829015098266,0-1,0-1,0-1,1-2,0.010458586933619658,1.577994433416968,1.1430126330476351,1.5675358464833484,1.1325540461140156
51.930386077215445,0.986970610637731,0.9846347934196172,0.9908303481661643,0.5453964470022731,0-1,0-1,0-1,1-2,0.010497591876485829,1.5760464831408605,1.141684231928554,1.5655488912643747,1.1311866400520683
51.95039007801561,0.9875641692421652,0.9852164580701789,0.9897465475048568,0.5479457627438666,0-1,0-1,0-1,1-2,0.01053632443435114,1.5741123913050004,1.1404130767001086,1.5635760668706493,1.1298767522657576
51.970394078815765,0.9881532599855691,0.9857942976231582,0.9886368329856842,0.5507350053814131,0-1,0-1,0-1,1-2,0.010574780596629984,1.5721925871278022,1.139200525245089,1.561617806531172,1.1286257446484589
51.99039807961593,0.9887376053228903,0.9863680361064278,0.9875016111799095,0.5537680678742556,0-1,0-1,0-1,1-2,0.010612956468698862,1.5702874931499178,1.1380479192516242,1.559674536681219,1.1274349627829254
52.010402080416085,0.9893169306125825,0.9869374001970035,0.9863413002550173,0.5570485739719664,0-1,0-1,0-1,1-2,0.010650848265064211,1.568397525270875,1.1369565832884587,1.5577466770058108,1.1263057350233945
52.03040608121625,0.9898909642041038,0.9875021193126691,0.9851563300487695,0.5605798742457365,0-1,0-1,0-1,1-2,0.010688452302891489,1.566523092796768,1.1359278238716715,1.5558346404938765,1.12523937156878
52.050410082016406,0.9904594375228772,0.988061925701105,0.9839471421419025,0.5643650436909947,0-1,0-1,0-1,1-2,0.010725764995921669,1.5646645984993794,1.1349629285250133,1.5539388335034579,1.1242371635290918
52.07041408281657,0.9910220851527548,0.9886165545265406,0.9827141899291523,0.5684068808951073,0-1,0-1,0-1,1-2,0.010762782848721992,1.5628224386870033,1.1340631648364217,1.5520596558382813,1.1233003819876997
52.090418083616726,0.991578644916016,0.9891657439539668,0.9814579386882727,0.5727079087407522,0-1,0-1,0-1,1-2,0.01079950245129959,1.5609970032872886,1.1332297795135062,1.550197500835989,1.1224302770622065
52.11042208441689,0.9921288579509451,0.9897092352309345,0.9801788656467026,0.5772703765932816,0-1,0-1,0-1,1-2,0.010835920474022848,1.5591886759423184,1.1324639974410822,1.5483527554682954,1.1216280769670592
52.130426085217046,0.9926724687870179,0.9902467727669759,0.9788774600455227,0.5820962638996835,0-1,0-1,0-1,1-2,0.010872033662880887,1.5573978341161638,1.1317670207439512,1.546525800453283,1.1208949870810703
52.1504300860172,0.9932092254177516,0.9907781042106829,0.9775542232003223,0.5871872851080557,0-1,0-1,0-1,1-2,0.010907838835026445,1.5556248492150588,1.131140027858286,1.5447170103800323,1.1202321890232594
52.170434086817366,0.9937388793712497,0.9913029805244767,0.9762096685585884,0.592544895800267,0-1,0-1,0-1,1-2,0.010943332874624666,1.5538700867203403,1.1305841726149706,1.5429267538457156,1.119640839740346
52.19043808761752,0.9942611857784915,0.9918211560571113,0.974844321753207,0.598170299916938,0-1,0-1,0-1,1-2,0.010978512728981262,1.55213390633421,1.1301005833382574,1.5411553936052287,1.1191220706092762
52.210442088417686,0.9947759034394118,0.9923323886139466,0.9734587206516537,0.6040644579432973,0-1,0-1,0-1,1-2,0.011013375404924343,1.5504166621383253,1.1296903619629923,1.5394032867334009,1.118676986558068
52.23044608921784,0.9952827948868136,0.9928364395250346,0.9720534154004346,0.6102280959168871,0-1,0-1,0-1,1-2,0.011047917965464085,1.5487187027652025,1.1293545831735121,1.5376707847997384,1.118306665208048
52.250450090018006,0.9957816264481643,0.9933330737110593,0.970628968464322,0.6166617151135424,0-1,0-1,0-1,1-2,0.01108213752667321,1.54704037158227,1.1290942935671264,1.5359582340555968,1.1180121560404532
52.27045409081816,0.9962721683053205,0.9938220597471731,0.9691859546599112,0.6233656022664441,0-1,0-1,0-1,1-2,0.01111603125482494,1.5453820068884412,1.1289105108448185,1.5342659756336163,1.1177944795899937
52.290458091618326,0.9967541945522328,0.9943031699247751,0.9677249611830092,0.6303398401741527,0-1,0-1,0-1,1-2,0.011149596363728963,1.5437439421228856,1.1288042230315452,1.5325943457591567,1.1176546266678162
52.31046209241848,0.9972274832506745,0.9947761803112732,0.9662465876293528,0.6375843185571514,0-1,0-1,0-1,1-2,0.011182830112303574,1.542126506085707,1.1287763877281545,1.5309436759734034,1.1175935576158509
52.33046609321865,0.9976918164840503,0.9952408708078789,0.9647514460081325,0.6450987450282436,0-1,0-1,0-1,1-2,0.01121572980232386,1.5405300231700556,1.1288279313966394,1.5293142933677317,1.1176122015943155
52.3504700940188,0.9981469804093268,0.995697025205476,0.9632401607477827,0.6528826560498497,0-1,0-1,0-1,1-2,0.011248292776386216,1.5389548136051903,1.1289597486800487,1.527706520828804,1.1177114559036625
52.37047409481897,0.9985927653071427,0.9961444312386143,0.9617133686934888,0.6609354277604582,0-1,0-1,0-1,1-2,0.011280516416027621,1.5374011937098406,1.1291727017580533,1.526120677293813,1.1178921853420256
52.39047809561912,0.9990289656301394,0.9965828806376694,0.960171719095837,0.669256286562889,0-1,0-1,0-1,1-2,0.011312398140042352,1.535869476155203,1.1294676197387756,1.5245570780151607,1.1181552215987334
52.41048209641929,0.9994553800495721,0.997012169179221,0.9586158735900263,0.6778443193782278,0-1,0-1,0-1,1-2,0.011343935402933767,1.5343599702367057,1.1298452980871754,1.523016034833772,1.1185013626842417
52.43048609721944,0.9998718115002396,0.9974320967346906,0.957046506165039,0.6866984834810029,0-1,0-1,0-1,1-2,0.011375125693544973,1.5328729821536928,1.1303064980899111,1.5214978564601478,1.118931372396366
52.45049009801961,1.0002780672237939,0.9978424673172908,0.9554643031221599,0.6958176158430803,0-1,0-1,0-1,1-2,0.011405966533806176,1.531408815295946,1.1308519463563298,1.5200028487621398,1.1194459798225236
52.47049409881976,1.0006739588104676,0.9982430891273285,0.9538699630222136,0.7052004419255709,0-1,0-1,0-1,1-2,0.011436455477643978,1.5299677705359913,1.1314823343548983,1.5185313150583473,1.1200458788772543
52.49049809961993,1.001059302239278,0.9986337745959124,0.9522641966208831,0.7148455838695837,0-1,0-1,0-1,1-2,0.011466590109989214,1.5285501465258993,1.1321983179841775,1.51708355641591,1.1207317278741882
52.510502100420084,1.0014339179167473,0.9990143404271069,0.9506477267914555,0.7247515680476702,0-1,0-1,0-1,1-2,0.011496368045931108,1.5271562399973166,1.1330005171771524,1.5156598719513856,1.1215041491312214
52.53050610122025,1.0017976307141956,0.999384607638583,0.9490212884343334,0.7349168319482092,0-1,0-1,0-1,1-2,0.01152578692995306,1.5257863460632421,1.13388951553758,1.5142605591332892,1.1223637286076271
52.550510102020404,1.002150270003644,0.9997444016008076,0.9473856283726425,0.7453397303745978,0-1,0-1,0-1,1-2,0.011554844435300315,1.5244407585200708,1.1348658600067831,1.5128859140847704,1.1233110155714827
52.57051410282057,1.0024916696923842,1.0000935520748202,0.9457415052332508,0.7560185409499162,0-1,0-1,0-1,1-2,0.011583538263412997,1.5231197701482417,1.1359300605592355,1.5115362318848287,1.1243465222958224
52.590518103620724,1.0028216682562534,1.0004318932486385,0.9440896893125192,0.7669514689256416,0-1,0-1,0-1,1-2,0.01161186614347766,1.5218236730098242,1.1370825899250983,1.5102118068663466,1.1254707237816206
52.61052210442089,1.0031401087716645,1.0007592637723384,0.9424309624260869,0.7781366513000089,0-1,0-1,0-1,1-2,0.011639825832029526,1.5205527587412018,1.1383238833378462,1.5089129329091722,1.1266840575058166
52.630526105221044,1.0034468389464297,1.0010755067918513,0.9407661177420007,0.789572160257744,0-1,0-1,0-1,1-2,0.011667415112659897,1.5193073188390442,1.1396543383049915,1.5076399037263843,1.1279869231923316
52.65053010602121,1.00374171114943,1.001380469981524,0.9390959595964925,0.801256005948169,0-1,0-1,0-1,1-2,0.011694631795761317,1.5180876449375775,1.1410743143999484,1.5063930131418162,1.129379682604187
52.670534106821364,1.0040245824391638,1.0016740055754774,0.9374213032917097,0.8131861386231184,0-1,0-1,0-1,1-2,0.011721473718365984,1.5168940290752206,1.1425841330729847,1.5051725553568547,1.1308626593546187
52.69053810762153,1.0042953145912237,1.0019559703978098,0.9357429748747098,0.8253604501598061,0-1,0-1,0-1,1-2,0.011747938744008755,1.5157267639485084,1.1441840774793033,1.5039788252044997,1.1324361387352946
52.710542108421684,1.0045537741247337,1.0022262258916856,0.9340618108970331,0.8377767749967686,0-1,0-1,0-1,1-2,0.011774024762673016,1.514586143151286,1.1458743923222423,1.502812118388613,1.1341003675595693
52.73054610922185,1.0047998323277973,1.002484638147344,0.9323786581541795,0.8504328905133606,0-1,0-1,0-1,1-2,0.01179972969074927,1.5134724613970456,1.1476552837097025,1.5016727317062963,1.1358555540189532
52.750550110022004,1.0050333652819845,1.0027310779290697,0.930694373404326,0.8633265168850873,0-1,0-1,0-1,1-2,0.011825051471066715,1.5123860147223758,1.149526919021915,1.500560963251309,1.1377018675508483
52.77055411082217,1.0052542538858988,1.002965420701163,0.929009823065634,0.8764553164483682,0-1,0-1,0-1,1-2,0.011849988072926608,1.5113271006693973,1.1514894267888056,1.4994771125964708,1.139639438715879
52.790558111622325,1.0054623838778638,1.0031875466529425,0.927325882891518,0.8835735950053799,0-1,0-1,0-1,0-1,0.011874537492199744,1.5102960184451997,1.1535428965752514,1.4984214809529999,1.1416683590830516
52.81056211242249,1.005657645857757,1.003397340722821,0.9256434376232686,0.8806512109084222,0-1,0-1,0-1,0-1,0.011898697751415954,1.509293069056231,1.1556873788726985,1.497394371304815,1.1437886811212825
52.830566113222645,1.0058399353080303,1.0035946926214807,0.9239633806194429,0.8777225939426269,0-1,0-1,0-1,0-1,0.011922466899909166,1.5083185554157592,1.1579228849956869,1.49639608851585,1.1460004180957777
52.85057011402281,1.0060091526139463,1.0037794968541878,0.9222866134614723,0.8747893498469539,0-1,0-1,0-1,0-1,0.011945843013945657,1.5073727824225076,1.1602493869820187,1.495426939408562,1.148303543968073
52.870574114822965,1.006165203083063,1.0039516527422767,0.9206140455349666,0.8718531241384239,0-1,0-1,0-1,0-1,0.011968824196900596,1.5064560570087648,1.1626668174954164,1.4944872328118644,1.150697993298516
52.89057811562313,1.0063079969639956,1.0041110644438285,0.9189465935862322,0.8689156019820771,0-1,0-1,0-1,0-1,0.011991408579409234,1.5055686881562909,1.1651750697297347,1.4935772795768816,1.1531836611503254
52.910582116423285,1.0064374494644832,1.0042576409735826,0.9172851812535655,0.8659785079749093,0-1,0-1,0-1,0-1,0.012013594319560705,1.504710986878569,1.1677739973139216,1.4926973925590084,1.155760402994361
52.93058611722345,1.0065534807687881,1.0043912962221004,0.9156307385729268,0.8630436058380716,0-1,0-1,0-1,0-1,0.012035379603057476,1.5038832661680261,1.1704634142171704,1.4918478865649687,1.158428034614113
52.950590118023605,1.0066560160544535,1.0045119489742127,0.9139842014576547,0.8601126980114625,0-1,0-1,0-1,0-1,0.012056762643413375,1.5030858409070877,1.1732430946538575,1.4910290782636744,1.161186332010444
52.97059411882377,1.006744985508443,1.004619522926775,0.912346511151935,0.8571876251447057,0-1,0-1,0-1,0-1,0.012077741682109538,1.5023190277420482,1.1761127729881236,1.4902412860599386,1.164035031306014
52.990598119623925,1.0068203243426828,1.0047139467057538,0.9107186136577986,0.8542702654784099,0-1,0-1,0-1,0-1,0.01209831498878382,1.501583144919019,1.1790721436381426,1.489484829930235,1.1669738286493587
53.01060212042409,1.006881972809032,1.0047951538826674,0.9091014591354925,0.8513625341095226,0-1,0-1,0-1,0-1,0.012118480861372787,1.500878512081343,1.1821208609803977,1.4887600312199702,1.170002380119025
53.030606121224245,1.0069298762136962,1.0048630829904004,0.907496001277134,0.8484663821345642,0-1,0-1,0-1,0-1,0.012138237626282179,1.5002054500281838,1.1852585392544859,1.4880672124019017,1.1731203016282037
53.05061012202441,1.0069639849311043,1.0049176775384152,0.9059031966536376,0.8455837956645259,0-1,0-1,0-1,0-1,0.012157583638505467,1.4995642804341462,1.188484752469279,1.4874066967956407,1.1763271688307735
53.070614122824566,1.0069842544172658,1.0049588860273748,0.9043240040349849,0.842716794705277,0-1,0-1,0-1,0-1,0.012176517281766847,1.4989553255301116,1.1917990343114655,1.4867788082483446,1.1796225170296986
53.09061812362473,1.0069906452226218,1.0049866619631953,0.9027593836839897,0.8398674318974261,0-1,0-1,0-1,0-1,0.012195036968607017,1.4983789077456464,1.1952008780578318,1.4861838707770394,1.1830058410892248
53.110622124424886,1.0069831230044055,1.0050009638705435,0.9012102966238064,0.8370377911097505,0-1,0-1,0-1,0-1,0.01221314114049142,1.4978353493136791,1.1986897364928473,1.4856222081731878,1.186476595352356
53.13062612522505,1.0069616585385217,1.0050017553057942,0.8996777038795205,0.8342299858805322,0-1,0-1,0-1,0-1,0.012230828267856708,1.497324971838304,1.202265021833442,1.4850941435704472,1.1900341935655854
53.150630126025206,1.0069262277309567,1.004989004869457,0.8981625656942613,0.8314461577014391,0-1,0-1,0-1,0-1,0.012248096850178154,1.4968480958269326,1.2059261056630954,1.4845999989767544,1.1936780088129173
53.17063412682537,1.006876811628727,1.004962686218086,0.8966658407203795,0.8286884741389529,0-1,0-1,0-1,0-1,0.012264945415970485,1.4964050401881523,1.209672318877658,1.484140094772182,1.1974073734616875
53.190638127625526,1.0068133964303767,1.0049227780756795,0.8951884851863394,0.8259591267888009,0-1,0-1,0-1,0-1,0.012281372522808892,1.495996121697015,1.2135029516455582,1.4837147491742062,1.2012215791227494
53.21064212842569,1.0067359734960222,1.004869264244578,0.8937314520400896,0.8232603290593717,0-1,0-1,0-1,0-1,0.012297376757281256,1.4956216544296037,1.217417253385346,1.4833242776723226,1.2051198766280649
53.230646129225846,1.0066445393569552,1.0048021336158688,0.8922956900697843,0.8205943137807165,0-1,0-1,0-1,0-1,0.01231295673495794,1.4952819491690612,1.2214144327637084,1.4829689924341032,1.2091014760287504
53.25065013002601,1.006539095724804,1.0047213801792967,0.8908821430028481,0.8179633306364366,0-1,0-1,0-1,0-1,0.012328111100291661,1.4949773127853752,1.2254936577174023,1.4826492016850834,1.2131655466171105
53.270654130826166,1.0064196495002493,1.0046270030326876,0.8894917485844969,0.8153696434165634,0-1,0-1,0-1,0-1,0.012342838526534151,1.4947080475915149,1.2296540555026738,1.4823652090649808,1.2173112169761398
53.29065813162633,1.0062862127813013,1.0045190063908884,0.888125437636941,0.8128155270904177,0-1,0-1,0-1,0-1,0.012357137715580849,1.4944744506786016,1.2338947127760123,1.4821173129630207,1.2215375750604314
53.310662132426486,1.0061388028711278,1.0043973995942133,0.8867841331006286,0.8103032646994254,0-1,0-1,0-1,0-1,0.012371007397833447,1.4942768132330468,1.2382146757101735,1.4819058058352135,1.2258436683123402
53.33066613322665,1.0059774422854335,1.0042621971164079,0.8854687490589993,0.8078351440709377,0-1,0-1,0-1,0-1,0.01238444633198869,1.494115419838649,1.2426129501496057,1.4817309735066604,1.230228503817617
53.35067013402681,1.0058021587593808,1.0041134185721157,0.8841801897483439,0.8054134543552731,0-1,0-1,0-1,0-1,0.012397453304845193,1.4939905477668427,1.2470885018094657,1.4815930944619975,1.2346910485046205
53.37067413482697,1.0056129852540496,1.003951088723849,0.8829193485544886,0.8030404823894485,0-1,0-1,0-1,0-1,0.012410027131036512,1.4939024662583145,1.2516402565225175,1.481492439127278,1.239230229391481
53.39067813562713,1.005409959962419,1.0037752374884537,0.8816871069981355,0.8007185088924011,0-1,0-1,0-1,0-1,0.012422166652784228,1.4938514357993373,1.2562671005381842,1.4814292691465532,1.2438449338854
53.41068213642729,1.0051931263148655,1.0035858999430616,0.8804843337108087,0.7984498044979096,0-1,0-1,0-1,0-1,0.012433870739576084,1.4938377073961635,1.2609678808780498,1.4814038366565874,1.2485340101384736
53.43068613722745,1.0049625329841623,1.0033831163305194,0.879311883403473,0.7962366256328968,0-1,0-1,0-1,0-1,0.012445138287865832,1.4938615218509008,1.2657414057519858,1.481416383563035,1.25329626746412
53.45069013802761,1.0047182338899645,1.0031669320642809,0.8781705958299874,0.79408121025032,0-1,0-1,0-1,0-1,0.012455968220699706,1.4939231090422178,1.2705864450389999,1.481467140821518,1.2581304768183001
53.47069413882777,1.0044602882027656,1.0029373977327507,0.8770612947476739,0.7919857734274295,0-1,0-1,0-1,0-1,0.012466359487366265,1.4940226872142819,1.275501730836679,1.4815563277269157,1.2630353713493128
53.49069813962793,1.0041887603473032,1.0026945691030644,0.8759847868773667,0.7899525028417614,0-1,0-1,0-1,0-1,0.01247631106297384,1.4941604622771871,1.2804859580829127,1.4816841512142134,1.268009647019939
53.51070214042809,1.0039037200053993,1.0024385071242863,0.8749418608653995,0.7879835541388459,0-1,0-1,0-1,0-1,0.012485821948054764,1.4943366271221443,1.285537785253235,1.4818508051740895,1.2730519633051802
53.53070614122825,1.0036052421182071,1.0021692779300078,0.8739332862500734,0.7860810462072066,0-1,0-1,0-1,0-1,0.012494891168098262,1.4945513609545131,1.2906558351368238,1.482056469786415,1.2781609439687256
53.55071014202841,1.0032934068878474,1.001886952840326,0.8729598124352149,0.7842470563777965,0-1,0-1,0-1,0-1,0.01250351777311421,1.4948048286477205,1.2958386956937296,1.4823013108746061,1.2833351779206152
53.57071414282857,1.0029682997784017,1.00159160836318,0.8720221676735013,0.7824836155665388,0-1,0-1,0-1,0-1,0.012511700837127049,1.4950971801208852,1.301084920995496,1.4825854792837583,1.2885732201583688
53.59071814362873,1.0026300115162436,1.00128332619502,0.8711210580622777,0.7807927033800952,0-1,0-1,0-1,0-1,0.012519439457704888,1.4954285497428805,1.306393032250738,1.4829091102851757,1.2938735927930332
53.61072214442889,1.0022786380896713,1.0009621932207882,0.8702571665546376,0.7791762432063367,0-1,0-1,0-1,0-1,0.012526732755421955,1.4957990557653171,1.3117615189167455,1.4832723230098952,1.2992347861613236
53.63072614522905,1.001914280747817,1.0006283015131774,0.8694311519885602,0.777636097312237,0-1,0-1,0-1,0-1,0.012533579873360222,1.4962087997867994,1.3171888398974652,1.4836752199134393,1.304655260024105
53.65073014602921,1.0015370459987958,1.000281748331146,0.868643648136922,0.7761740619730065,0-1,0-1,0-1,0-1,0.012539979976547624,1.496657866250544,1.3226734248276344,1.4841178862739965,1.3101334448510868
53.67073414682937,1.0011470456070655,0.9999226361176539,0.8678952627811947,0.7747918626572177,0-1,0-1,0-1,0-1,0.012545932251441324,1.4971463219772772,1.3282136754420444,1.4846003897258357,1.315667743190603
53.69073814762953,1.0007443965899565,0.999551072496589,0.8671865768116412,0.7734911492934278,0-1,0-1,0-1,0-1,0.012551435905351191,1.497674215735056,1.3338079670282543,1.4851227798297049,1.3212565311229032
53.71074214842969,1.0003292212133366,0.9991671702688508,0.866518143356785,0.7722734916443424,0-1,0-1,0-1,0-1,0.012556490165913575,1.498241577847472,1.3394546499602507,1.4856850876815584,1.326898159794337
53.73074614922985,0.9999016469863709,0.9987710474075546,0.8658904869448987,0.7711403748148843,0-1,0-1,0-1,0-1,0.012561094280510372,1.4988484198414052,1.3451520513098345,1.4862873255608948,1.3325909570293242
53.75075015003001,0.9994618066553378,0.9983628270523205,0.8653041027002002,0.7700931949206032,0-1,0-1,0-1,0-1,0.012565247515744882,1.4994947341353069,1.3508984765316918,1.486929486619562,1.3383332290159469
53.77075415083017,0.999009838196454,0.9979426375026071,0.8647594555763756,0.7691332549426885,0-1,0-1,0-1,0-1,0.012568949156867359,1.500180493768696,1.356692211217401,1.4876115446118285,1.3441232620605335
53.79075815163033,0.9985458848076698,0.9975106122100525,0.8642569796299653,0.7682617607953949,0-1,0-1,0-1,0-1,0.012572198507264895,1.5009056521733672,1.3625315229128123,1.4883334536661024,1.3499593244055474
53.81076215243049,0.998070094899384,0.9970668897697763,0.8637970773360549,0.767479817630981,0-1,0-1,0-1,0-1,0.012574994887906747,1.5016701429865225,1.368414662992604,1.4890951480986157,1.3558396681046971
53.83076615323065,0.9975826220840338,0.9966116139106025,0.8633801189485963,0.766788426406266,0-1,0-1,0-1,0-1,0.012577337636861313,1.5024738799058477,1.3743398685850639,1.4898965422689863,1.3617625309482024
53.85077015403081,0.9970836251645094,0.9961449334841583,0.8630064419075647,0.7661884807336514,0-1,0-1,0-1,0-1,0.012579226108774794,1.5033167565863064,1.3803053645395984,1.4907375304775317,1.3677261384308237
53.87077415483097,0.9965732681213423,0.9956670024528003,0.8626763502950102,0.7656807640379303,0-1,0-1,0-1,0-1,0.012580659674430061,1.5041986465782289,1.3863093654288523,1.4916179869037989,1.3737287057544223
53.89077815563113,0.996051720098616,0.9951779798763211,0.862390114341924,0.7652659470384283,0-1,0-1,0-1,0-1,0.012581637720274126,1.5051194033060442,1.3923500775768956,1.4925377655857701,1.3797684398566215
53.91078215643129,0.9955191553885451,0.9946780298973882,0.862147969987658,0.7649445855740035,0-1,0-1,0-1,0-1,0.012582159648034283,1.5060788600868469,1.398425701104467,1.4934967004388127,1.3858435414564327
53.93078615723145,0.9949757534146662,0.9941673217256625,0.8619501184934848,0.7647171187862091,0-1,0-1,0-1,0-1,0.012582224874310752,1.5070768301877735,1.4045344319820112,1.4944946053134627,1.3919522071077004
53.95079015803161,0.9944216987135868,0.9936460296205447,0.8617967261116788,0.7645838676734947,0-1,0-1,0-1,0-1,0.012581832830267547,1.5081131069210327,1.4106744640809734,1.4955312740907651,1.3980926312507058
53.97079415883177,0.9938571809152308,0.9931143328724963,0.8616879238113244,0.7645450340267395,0-1,0-1,0-1,0-1,0.012580982961307585,1.5091874637752427,1.4168439912137327,1.4966064808139352,1.4042630082524252
53.99079815963193,0.9932823947215246,0.9925724157828807,0.8616238070618435,0.7646006997536948,0-1,0-1,0-1,0-1,0.012579674726856534,1.510299654581644,1.4230412091525002,1.4977199798547876,1.4104615344256437
54.010802160432085,0.9926975398834604,0.9920204676422678,0.8616044356750381,0.764750826597098,0-1,0-1,0-1,0-1,0.012577907600143429,1.5114494137135766,1.4292643176176352,1.4988715061134332,1.4166864100174918
54.03080616123225,0.9921028211764773,0.9914586827071444,0.8616298337062211,0.7649952562483431,0-1,0-1,0-1,0-1,0.012575681068077481,1.5126364563175576,1.4355115222259733,1.5000607752494801,1.4229358411578958
54.050810162032406,0.9914984483740951,0.990887260174974,0.8616999894148034,0.7653337108556929,0-1,0-1,0-1,0-1,0.012572994631189098,1.5138604785741814,1.4417810363900803,1.5012874839429924,1.4292080417588913
54.07081416283257,0.9908846362197388,0.990306404157544,0.8618148552844775,0.7657657939231334,0-1,0-1,0-1,0-1,0.012569847803600931,1.5151211579869746,1.4480710831597294,1.5025513101833736,1.4355012353561285
54.090818163632726,0.990261604396688,0.9897163236525409,0.8619743481029263,0.7662909915931291,0-1,0-1,0-1,0-1,0.012566240113131563,1.516418153697336,1.4543798969973474,1.5038519135842046,1.441813656884216
54.11082216443289,0.9896295774960845,0.989117232513295,0.862178349100761,0.7669086743037941,0-1,0-1,0-1,0-1,0.012562171101416792,1.5177511068235732,1.4607057254797753,1.5051889357221564,1.4481435543783585
54.130826165233046,0.9889887849829337,0.9885093494166264,0.8624267041491785,0.7676180988083662,0-1,0-1,0-1,0-1,0.012557640324179786,1.5191196408221035,1.467046830919286,1.5065620004979237,1.454489190595106
54.15083016603321,0.9883394611600288,0.9878928978287359,0.8627192240156193,0.7684184105423958,0-1,0-1,0-1,0-1,0.012552647351529177,1.5205233618687888,1.473401491897534,1.5079707145172596,1.4608488445460048
54.170834166833366,0.9876818451297351,0.9872681059690728,0.8630556846764843,0.7693086463217741,0-1,0-1,0-1,0-1,0.012547191768418878,1.5219618592584596,1.4797680047068382,1.5094146674900408,1.4672208129384194
54.19083816763353,0.987016180753558,0.9866352067721176,0.8634358276857864,0.7702877373526505,0-1,0-1,0-1,0-1,0.012541273175146974,1.5234347058206228,1.4861446846940327,1.5108934326454757,1.4736034115188856
54.210842168433686,0.9863427166094368,0.9859944378470151,0.8638593605984,0.7713545125324301,0-1,0-1,0-1,0-1,0.012534891188030004,1.5249414583494312,1.492529867502912,1.512406567161401,1.4799949763148819
54.23084616923385,0.9856617059466811,0.9853460414349916,0.8643259574463926,0.7725077020194507,0-1,0-1,0-1,0-1,0.01252804544012753,1.5264816580459841,1.4989219102121887,1.5139536126058566,1.4863938647720611
54.250850170034006,0.9849734066384955,0.9846902643644924,0.8648352592667481,0.7737459410475966,0-1,0-1,0-1,0-1,0.012520735582155594,1.528054830971127,1.5053191923667049,1.5155340953889715,1.4927984567845494
54.27085417083417,0.9842780811320083,0.9840273580039746,0.8653868746786165,0.7750677739610337,0-1,0-1,0-1,0-1,0.012512961283463124,1.5296604885069125,1.5117201169005323,1.5171475272234494,1.4992071556170692
54.290858171634326,0.9835759963957486,0.9833575782122885,0.8659803805080785,0.7764716584434566,0-1,0-1,0-1,0-1,0.012504722233210816,1.5312981278250213,1.5181231109513909,1.5187934055918104,1.50561838871818
54.31086217243449,0.9828674238644898,0.9826811852865842,0.8666153224582636,0.7779559699157125,0-1,0-1,0-1,0-1,0.012496018141625483,1.5329672323604437,1.5245266265666884,1.5204712142188184,1.512030608425063
54.33086617323465,0.9821526393814033,0.9819984439076771,0.867291215822538,0.779519006075408,0-1,0-1,0-1,0-1,0.012486848741470971,1.534667272288873,1.530929141302208,1.5221804235474021,1.518442292560737
54.35087017403481,0.9814319231374412,0.9813096230828098,0.868007546238354,0.7811589915521077,0-1,0-1,0-1,0-1,0.012477213789607236,1.5363977050062747,1.5373291587152647,1.5239204912166675,1.5248519449256575
54.37087417483497,0.980705559607894,0.9806149960857442,0.8687637704792597,0.7828740826519761,0-1,0-1,0-1,0-1,0.012467113068780813,1.5381579756092576,1.5437252087547866,1.5256908625404768,1.5312580956860058
54.39087817563513,0.9799738374860434,0.9799148403941236,0.8695593172824729,0.7846623721661965,0-1,0-1,0-1,0-1,0.01245654638951576,1.5399475173748955,1.5501158480514707,1.52749097098538,1.537659301661955
54.41088217643529,0.9792370496138567,0.97920943762404,0.8703935882093543,0.7865218942181847,0-1,0-1,0-1,0-1,0.012445513592250495,1.541765752238811,1.556499660111665,1.5293202386465605,1.5440541465194144
54.43088617723545,0.9784954929096482,0.9784990734617482,0.8712659585360539,0.788450629125502,0-1,0-1,0-1,0-1,0.012434014549588014,1.5436120912703661,1.5628752554192105,1.531178076720778,1.5504412408696224
54.45089017803561,0.9777494682926537,0.9777840375924638,0.8721757781715653,0.7904465082534154,0-1,0-1,0-1,0-1,0.012422049168806787,1.545485935143963,1.5692412714498445,1.5330638859751562,1.5568192222810378
54.47089417883577,0.9769992806044485,0.9770646236261901,0.8731223726003866,0.7925074188382664,0-1,0-1,0-1,0-1,0.012409617394497328,1.5473866746054965,1.5755963726032067,1.534977057210999,1.5631867552087093
54.49089817963593,0.9762452385271578,0.9763411290205141,0.8741050438469776,0.7946312087601172,0-1,0-1,0-1,0-1,0.01239671921147367,1.5493136909331593,1.581939250057728,1.5369169717216857,1.5695425308462545
54.51090218043609,0.975487654498395,0.9756138550003199,0.8751230714591962,0.7968156912455822,0-1,0-1,0-1,0-1,0.012383354647823077,1.5512663563918327,1.5882686215539776,1.5388830017440096,1.5758852669061545
54.53090618123625,0.9747268446228784,0.9748831064743639,0.8761757135079143,0.799058649483244,0-1,0-1,0-1,0-1,0.012369523778244726,1.5532440346804497,1.5945832311121675,1.540874510902205,1.5822137073339229
54.55091018203641,0.9739631285806692,0.974149191948662,0.8772622076000343,0.801357841135621,0-1,0-1,0-1,0-1,0.012355226727538804,1.5552460813717566,1.6008818486896612,1.5428908546442177,1.5885266219621224
54.57091418283657,0.9731968295319864,0.9734124234366425,0.8783817719021634,0.8037110027332343,0-1,0-1,0-1,0-1,0.012340463674396718,1.557271844344032,1.607163269784338,1.5449313806696354,1.5948228061099414
54.59091818363673,0.9724282740185454,0.9726731163660148,0.8795336061722574,0.8061158539379348,0-1,0-1,0-1,0-1,0.012325234855355213,1.5593206642043638,1.6134263149897168,1.5469954293490085,1.6011010801343615
54.61092218443689,0.9716577918613843,0.9719315894823186,0.880716892796596,0.8085701016642519,0-1,0-1,0-1,0-1,0.01230954056906263,1.561391874703208,1.6196698295076157,1.5490823341341455,1.6073602889385532
54.63092618523705,0.9708857160551299,0.9711881647491053,0.8819307978295284,0.8110714440490941,0-1,0-1,0-1,0-1,0.012293381180719619,1.563484803139989,1.6258926826240936,1.5511914219592695,1.613599301443374
54.65093018603721,0.9701123826586747,0.9704431672447233,0.8831744720335012,0.8136175742616868,0-1,0-1,0-1,0-1,0.012276757126845188,1.565598770759609,1.6320937671542122,1.553322013632764,1.619817010027367
54.67093418683737,0.9693381306822263,0.9696969250556697,0.88444705191697,0.8162061841471138,0-1,0-1,0-1,0-1,0.01225966892022594,1.5677330931397684,1.6382719988610228,1.5554734242195425,1.626012329940797
54.69093818763753,0.9685633019707061,0.9689497691664823,0.8857476607678862,0.8188349676982644,0-1,0-1,0-1,0-1,0.012242117155200391,1.5698870805690923,1.6444263158539378,1.557644963413892,1.6321841986987375
54.71094218843769,0.967788241083469,0.9682020333461472,0.8870754096805574,0.8215016243523459,0-1,0-1,0-1,0-1,0.012224102513136239,1.5720600384160852,1.6505556779714399,1.559835935902949,1.6383315754583037
54.73094618923785,0.9670132951703317,0.967454054031,0.8884293985737757,0.8242038621094021,0-1,0-1,0-1,0-1,0.012205625768251262,1.574251267489017,1.656659066152791,1.5620456417207658,1.6444534403845397
54.75095019003801,0.9662388138438879,0.9667061702041083,0.8898087171982284,0.8269394004714778,0-1,0-1,0-1,0-1,0.012186687793633558,1.5764600643868643,1.6627354818031619,1.5642733765932306,1.6505487940095283
54.77095419083817,0.9654651490481093,0.9659587232711202,0.8912124461313152,0.8297059732021737,0-1,0-1,0-1,0-1,0.012167289567613388,1.578685721841497,1.6687839461562768,1.5665184322738834,1.6566166565886633
54.79095819163833,0.9646926549232242,0.9652120569325778,0.8926396577576113,0.8325013309073587,0-1,0-1,0-1,0-1,0.012147432180339587,1.5809275290513134,1.6748034996384227,1.5687800968709738,1.662656067458083
54.81096219243849,0.9639216876668817,0.9644665170526935,0.8940894172333409,0.8353232434387289,0-1,0-1,0-1,0-1,0.012127116840712724,1.58318477200659,1.68079320123731,1.5710576551658773,1.6686660843965972
54.83096619323865,0.9631526053916026,0.9637224515245908,0.8955607834333436,0.838169502122738,0-1,0-1,0-1,0-1,0.012106344883525374,1.5854567338067993,1.6867521278790394,1.5733503889232738,1.674645782995514
54.85097019403881,0.9623857679785451,0.9629802101320285,0.8970528098791324,0.8410379218181647,0-1,0-1,0-1,0-1,0.012085117776962896,1.587742694970218,1.6926793738160668,1.575657577193255,1.6805942560391038
54.87097419483897,0.961621536927591,0.9622401444076167,0.8985645456467769,0.8439263428062376,0-1,0-1,0-1,0-1,0.012063437130312028,1.5900419337361273,1.6985740500288151,1.5779784966058152,1.686510612898503
54.89097819563913,0.9608602752037979,0.9615026074875547,0.9000950362534501,0.8468326325178024,0-1,0-1,0-1,0-1,0.012041304702029942,1.5923537263599519,1.7044352836432548,1.5803124216579219,1.6923939789412248
54.91098219643929,0.9601023470802384,0.9607679539629163,0.9016433245216077,0.8497546871025091,0-1,0-1,0-1,0-1,0.012018722408019197,1.594677347401668,1.7102622173665338,1.5826586249936487,1.6982434949585146
54.93098619723945,0.9593481179772823,0.960036539727522,0.9032084514198823,0.8526904328453898,0-1,0-1,0-1,0-1,0.01199569233026103,1.5970120700078525,1.716054008942427,1.5850163776775914,1.704058316612166
54.95099019803961,0.9585979542983623,0.9593087218224399,0.9047894568798893,0.8556378274365444,0-1,0-1,0-1,0-1,0.011972216725648872,1.5993571661877026,1.7218098306281675,1.5873849494620538,1.7098376139025186
54.97099419883977,0.9578522232622892,0.9585848582771672,0.9063853805882542,0.8585948610999049,0-1,0-1,0-1,0-1,0.011948298035174412,1.6017119070834147,1.7275288686939305,1.5897636090482403,1.7155805706587561
54.99099819963993,0.9571112927321775,0.9578653079475485,0.9079952627532806,0.861559557587252,0-1,0-1,0-1,0-1,0.011923938893305855,1.6040755632352413,1.7332103229460547,1.5921516243419354,1.7212863840527488
55.01100220044009,0.9563755310410613,0.9571504303505006,0.9096181448457795,0.8645299750437985,0-1,0-1,0-1,0-1,0.011899142137708606,1.6064474048416137,1.738853406274831,1.5945482627039052,1.7269542641371225
55.03100620124025,0.9556453068142772,0.9564405854956112,0.9112530703136896,0.8675042067517377,0-1,0-1,0-1,0-1,0.011873910819145846,1.6088267020146347,1.7444573442275266,1.5969527911954888,1.7325834334083807
55.05101020204041,0.9549209887887126,0.9557361337136991,0.912899085270203,0.8704803817581956,0-1,0-1,0-1,0-1,0.011848248211708145,1.611212725031307,1.7500213746070787,1.599364476819599,1.7381731263953706
55.07101420284057,0.9542029456290132,0.9550374354824213,0.9145552391552163,0.8734566653940168,0-1,0-1,0-1,0-1,0.011822157823205767,1.613604744580791,1.7555447470967807,1.6017825867575852,1.7437225892735748
55.09101820364073,0.9534915457408639,0.9543448512490237,0.916220585370004,0.876431259689768,0-1,0-1,0-1,0-1,0.01179564340587289,1.6160020320080237,1.7610267229110552,1.604206388602151,1.7492310795051824
55.11102220444089,0.952787157081454,0.9536587412503466,0.9178941818850993,0.8794024036952691,0-1,0-1,0-1,0-1,0.011768708967212483,1.618403859553966,1.7664665744723271,1.6066351505867535,1.7546978655051146
55.13102620524105,0.9520901469672618,0.9529794653301913,0.9195750918214476,0.8823683737088434,0-1,0-1,0-1,0-1,0.011741358781130203,1.6208095005927812,1.7718635851138376,1.609068141811651,1.7601222263327074
55.15103020604121,0.9514008818792861,0.9523073827541775,0.9212623840049617,0.8853274834223513,0-1,0-1,0-1,0-1,0.01171359739918276,1.6232182298661768,1.7772170488081414,1.6115046324669942,1.7655034514089587
55.17103420684137,0.9507197272658757,0.9516428520222179,0.9229551334946886,0.8882780839879093,0-1,0-1,0-1,0-1,0.011685429662087106,1.6256293237151744,1.7825262699209137,1.6139438940530872,1.7708408402588265
55.19103820764153,0.9500470473433039,0.9509862306787523,0.9246524220848503,0.8912185640120226,0-1,0-1,0-1,0-1,0.01165686071131232,1.6280420603095056,1.7877905629896154,1.6163851995981933,1.776133702278303
55.21104220844169,0.9493832048942582,0.9503378751208874,0.9263533387810852,0.8941473494826708,0-1,0-1,0-1,0-1,0.011627896000898221,1.6304557198748602,1.7930092525264512,1.618827823873962,1.781381356525553
55.23104620924185,0.9487285610644091,0.9496981404046008,0.9280569802512678,0.8970629036346809,0-1,0-1,0-1,0-1,0.011598541309319012,1.6328695849181416,1.7981816728450266,1.6212710436088227,1.7865831315357077
55.25105021004201,0.9480834751572464,0.9481793893525923,0.9297624512513365,0.8999637267585108,0-1,1-2,0-1,0-1,0.011568802751533732,1.6352829404509148,1.803307167909997,1.623714137699381,1.7917383651584633
55.27105421084217,0.9474483044273653,0.9425213792209433,0.931468865026596,0.9028483559573568,0-1,1-2,0-1,0-1,0.011538686791037612,1.637695074211164,1.8083850912089967,1.6261563874201264,1.796846404417959
55.29105821164233,0.9468234038724043,0.9368832342300505,0.9331753436890103,0.9057153648572589,0-1,1-2,0-1,0-1,0.011508200252053728,1.6401052768835036,1.8134148056460486,1.62859707663145,1.801906605393995
55.31106221244249,0.9457459342048791,0.93126511411381,0.9348810185710315,0.9085633632746792,1-2,1-2,0-1,0-1,0.01147735033167472,1.6425128423179176,1.8183956834556476,1.6310354919862429,1.8069183331239729
55.33106621324265,0.9400195274405535,0.9256671713713934,0.9365850305565391,0.9113909968457762,1-2,1-2,0-1,0-1,0.01144614461209134,1.644917067747128,1.8233271061366545,1.6334709231350368,1.8118809615245632
55.351070214042814,0.9343151546165978,0.9200895511868556,0.9382865303895003,0.914196946621399,1-2,1-2,0-1,0-1,0.011414591072713507,1.6473172540026322,1.8282084644051448,1.6359026629299187,1.8167938733324314
55.37107421484297,0.9286330284569961,0.9145323913521567,0.939984678960973,0.9169799286315886,1-2,1-2,0-1,0-1,0.011382698102317134,1.649712705729463,1.8330391581652925,1.6383300076271459,1.8216564600629754
55.391078215643134,0.9229733536693603,0.9089958221937657,0.9416786475751058,0.9197386934231622,1-2,1-2,0-1,0-1,0.011350474511017897,1.6521027315996843,1.8378185964974092,1.6407522570886663,1.8264681219863912
55.41108221644329,0.9173363268187763,0.9034799665030236,0.9433676181947935,0.9224720255737453,1-2,1-2,0-1,0-1,0.011317929542202822,1.6544866445246282,1.8425461976621937,1.6431687149824254,1.831228268119991
55.431086217243454,0.9117221362051107,0.8979849394704295,0.9450507836676698,0.9251787431854079,1-2,1-2,0-1,0-1,0.01128507288421544,1.6568637618658493,1.8472213891202975,1.6455786889816337,1.835936316236082
55.45109021804361,0.9061309617440737,0.8925108486240177,0.9467273479331215,0.9278576973608568,1-2,1-2,0-1,0-1,0.011251914681922336,1.6592334056447786,1.8518436075662612,1.6479814909628563,1.8405916928843389
55.471094218843774,0.9005629748522238,0.8870577937719916,0.9483965262110189,0.9305077716649478,1-2,1-2,0-1,0-1,0.011218465547952021,1.661594902751007,1.8564122989759198,1.6503764372030552,1.8451938334279678
55.49109821964393,0.8950183383362086,0.8816258669497683,0.9500575451728622,0.9331278815740941,1-2,1-2,0-1,0-1,0.011184736573730557,1.6639475851491563,1.860926918666347,1.6527628485754258,1.8497421820926165
55.511102220444094,0.8894972062864264,0.8762151523715945,0.9517096430960426,0.9357169739159598,1-2,1-2,0-1,0-1,0.011150739340100272,1.6662907900842308,1.8653869313674474,1.6551400507441305,1.8542361920273471
55.53110622124425,0.8839997239754019,0.8708257263868838,0.9533520700019193,0.9382740263016667,1-2,1-2,0-1,0-1,0.011116485927641612,1.6686238602853847,1.8697918113042873,1.657507374357743,1.8586753253766457
55.551110222044414,0.8785260277610506,0.8654576574414184,0.9549840877784096,0.9407980465525709,1-2,1-2,0-1,0-1,0.011081988926480562,1.67094614416797,1.8741410422892906,1.6598641552414894,1.86305905336281
55.57111422284457,0.8730762449951265,0.8601110060435601,0.9566049702877846,0.9432880721235124,1-2,1-2,0-1,0-1,0.011047261445697716,1.6732569960337709,1.878434117823424,1.662209734588073,1.8673868563777263
55.591118223644735,0.8676504939370184,0.8547858247356024,0.9582140034603588,0.9457431695242917,1-2,1-2,0-1,0-1,0.011012317122116177,1.6755557762692683,1.8826705412055218,1.6645434591471522,1.8716582240834057
55.61112222444489,0.8622488836731778,0.8494821580703922,0.9598104853747518,0.9481624337409873,1-2,1-2,0-1,0-1,0.01097717012858156,1.6778418515418192,1.8868498256489112,1.6668646814132377,1.8758726555203298
55.631126225245055,0.856871514042339,0.8442000425933439,0.9613937263253911,0.950544987658596,1-2,1-2,0-1,0-1,0.010941835181505941,1.6801145949935792,1.8909714944045253,1.6691727598120731,1.8800296592230192
55.65113022604521,0.8515184755668025,0.8389395068299569,0.9629630488779167,0.9528899814863512,1-2,1-2,0-1,0-1,0.010906327547785704,1.682373386433023,1.8950350808896952,1.6714670588852374,1.8841287533419095
55.671134226845375,0.8461898493899267,0.8337005712789461,0.9645177879131354,0.9551965921869578,1-2,1-2,0-1,0-1,0.010870663050860891,1.6846176125238843,1.8990401288218528,1.6737469494730235,1.888169465770992
55.69113822764553,0.8408857072200903,0.8284832484110802,0.9660572906601564,0.9574640229108706,1-2,1-2,0-1,0-1,0.010834858076022405,1.6868466669713602,1.9029861923563791,1.6760118088953377,1.8921513342803566
55.711142228445695,0.8356061112812518,0.8232875426738164,0.9675809167193368,0.9596915024366398,1-2,1-2,0-1,0-1,0.010798929574730713,1.6890599507053745,1.9068728362278642,1.678261021130644,1.8960739066531336
55.73114622924585,0.8303511142703536,0.8181134505018144,0.9690880380756345,0.9618782846182529,1-2,1-2,0-1,0-1,0.010762895068049365,1.6912568720607464,1.9106996358940627,1.680493976992697,1.8999367408260133
55.751150230046015,0.8251207593216784,0.8129609603333952,0.9705780391029691,0.9640236478403055,1-2,1-2,0-1,0-1,0.010726772648953456,1.69343684695405,1.9144661776818541,1.6827100743050964,1.9037394050329006
55.77115423084617,0.8199150799783879,0.8078300526330106,0.9720503165601629,0.9661268944817564,1-2,1-2,0-1,0-1,0.010690580983613768,1.6955992990569977,1.918172058934535,1.684908718073384,1.9074814779509213
55.791158231646335,0.8147341001713307,0.802720699919766,0.973504279579025,0.968187350388941,1-2,1-2,0-1,0-1,0.010654339311413834,1.6977436599661349,1.9218168881597997,1.687089320654721,1.9111625488483859
55.81116223244649,0.809577834205325,0.7976328668020415,0.9749393496451209,0.9702043643584417,1-2,1-2,0-1,0-1,0.010618067443798488,1.6998693693686717,1.925400285177783,1.6892513019248732,1.9147822177339844
55.831166233246655,0.8044462867529849,0.7925665100182346,0.9763549605717592,0.9721773076303521,1-2,1-2,0-1,0-1,0.010581785761710523,1.7019758752042402,1.928921881268566,1.6913940894425297,1.9183400955068555
55.85117023404681,0.7993394528562664,0.7875215784836472,0.9777505584677044,0.9741055733924053,1-2,1-2,0-1,0-1,0.010545515211710928,1.7040626338224039,1.932381319318569,1.693517118610693,1.9218358041068582
55.87117423484697,0.7942573179357838,0.7824980133435125,0.9791256016991106,0.9759885762953842,1-2,1-2,0-1,0-1,0.010509277300545487,1.7061291101357072,1.9357782539652784,1.6956198328351617,1.9252689766647328
55.89117823564713,0.7891998578080297,0.7774957480321645,0.9804795608461553,0.9778257519801704,1-2,1-2,0-1,0-1,0.010473094088215748,1.7081747777680942,1.939112351739774,1.6977016836798784,1.928639257651558
55.91118223644729,0.7841670387105596,0.7725147083383231,0.9818119186548361,0.9796165566167532,1-2,1-2,0-1,0-1,0.010436988179428962,1.7101991191985058,1.942383291206566,1.6997621310190767,1.9319463030271369
55.93118623724745,0.7791588173351865,0.7675548124764694,0.9831221699843706,0.9813604664554625,1-2,1-2,0-1,0-1,0.010400982713301192,1.7122016258994588,1.9455907631002396,1.7018006431861576,1.9351897803869385
55.95119023804761,0.7741751408692759,0.7626159711642619,0.9844098217506343,0.9830569773906588,1-2,1-2,0-1,0-1,0.010365101351375984,1.7141817984704613,1.9487344704584697,1.7038166971190853,1.9383693691070938
55.97119423884777,0.7692159470451202,0.7576980877059422,0.9856743928660411,0.9847056045370719,1-2,1-2,0-1,0-1,0.01032936826372499,1.716139146766054,1.9518141287509647,1.7058097785023292,1.9414847604872398
55.99119823964793,0.7642811641974673,0.7528010580816555,0.9869154141762692,0.9863058818189498,1-2,1-2,0-1,0-1,0.010293808113235041,1.7180731900183466,1.9548294660039278,1.7077793819051115,1.9445356578906927
56.01120224044809,0.7593707113291422,0.7479247710426106,0.9881324283942088,0.9878573615721468,1-2,1-2,0-1,0-1,0.010258446037846295,1.7199834569538626,1.9577802229196608,1.7097250109160163,1.9475217768818145
56.03120624124825,0.7544844981848119,0.743069108211977,0.9893249900314967,0.9893596141592516,1-2,1-2,0-1,0-1,0.01022330763085472,1.7218694859045636,1.9606661529909428,1.711646178273709,1.9504428453600882
56.05121024204841,0.7496224253327952,0.7382339441914189,0.9904926653279877,0.9908122275978413,1-2,1-2,0-1,0-1,0.010188418919051203,1.7237308249128813,1.9634870226098518,1.71354240599383,1.9532986036908004
56.07121424284857,0.744784384254934,0.7334191466731402,0.9916350321794982,0.9922148072019095,1-2,1-2,0-1,0-1,0.010153806338818527,1.7255670318306569,1.966242611170713,1.7154132254918384,1.9560888048318945
56.09121824364873,0.7399702574443986,0.728624576557312,0.9927516800641402,0.9935669752365125,1-2,1-2,0-1,0-1,0.010119496709971233,1.727377674411821,1.9689327111668935,1.7172581777018499,1.9588132144569224
56.11122224444889,0.7351799185114049,0.7238500880747353,0.9938422099675525,0.9948683705856561,1-2,1-2,0-1,0-1,0.01008551720747034,1.7291623303987302,1.9715571282811728,1.71907681319126,1.9614716110737025
56.13122624524905,0.7304132322966858,0.7190955289145815,0.9949062343073224,0.9961186484334226,1-2,1-2,0-1,0-1,0.010051895330812981,1.730920587602029,1.974115681469452,1.720868692271216,1.964063786138639
56.15123024604921,0.7256700549926602,0.7143607403570424,0.9959433768568743,0.9973174799583393,1-2,1-2,0-1,0-1,0.010018658871244096,1.7326520439739541,1.9766082030375833,1.72263338510271,1.9665895441663392
56.17123424684937,0.7209502342721098,0.7096455574107071,0.9969532726690946,0.9984645520409688,1-2,1-2,0-1,0-1,0.009985835876607434,1.7343563076749766,1.979034538711128,1.7243704717983692,1.9690487028345207
56.19123824764953,0.7162536094242682,0.7049498089544736,0.997935567999941,0.9995595669846925,1-2,1-2,0-1,0-1,0.00995345461400211,1.7360329971337272,1.981394547697879,1.726079542519725,1.9714410930838768
56.21124224844969,0.7115800114981083,0.7002733178837919,0.9988899202322828,1.0006022422496565,1-2,1-2,0-1,0-1,0.009921543530083265,1.737681741100113,1.983688102742983,1.7277601975700299,1.9737665592128997
56.23124624924985,0.7069292634526955,0.6956159012610214,0.999815997800198,1.0015923101998383,1-2,1-2,0-1,0-1,0.009890131209194186,1.7393021786915954,1.9859150901765645,1.7294120474824013,1.9760249589673704
56.25125025005001,0.7023011803143578,0.6909773704696806,1.0007134801139483,1.00252951786319,1-2,1-2,0-1,0-1,0.009859246329194625,1.74089395943256,1.9880754099537266,1.7310347131033654,1.978216163624532
56.27125425085017,0.6976955693405168,0.6863575313723503,1.0015820574858345,1.0034136267048064,1-2,1-2,0-1,0-1,0.009828917615197184,1.742456743286773,1.9901689756868663,1.732627825671576,1.9803400580716692
56.29125825165033,0.6931122301898945,0.6817561844719879,1.002421431057135,1.0042444124130734,1-2,1-2,0-1,0-1,0.009799173791104615,1.7439902006828756,1.9921957146702287,1.734191026891771,1.9823965408791242
56.31126225245049,0.6885509550989126,0.6771731250763976,1.0032313127263104,1.005021664698734,1-2,1-2,0-1,0-1,0.009770043529188263,1.745494012532935,1.9941555678966898,1.7357239690037467,1.9843855243675015
56.331266253250654,0.6840115290639731,0.6726081434655945,1.004011425078649,1.0057451871068293,1-2,1-2,0-1,0-1,0.009741555397632936,1.746967870244024,1.9960484900667228,1.737226314846391,1.9863069346690898
56.35127025405081,0.6794937300294038,0.6680610250617911,1.0047615013175293,1.0064147968414525,1-2,1-2,0-1,0-1,0.009713737806317728,1.7484114757228777,1.997874449589579,1.73869773791656,1.9881607117832614
56.371274254850974,0.6749973290807398,0.663531550601731,1.0054812851974468,1.0070303246032732,1-2,1-2,0-1,0-1,0.009686618950792626,1.749824541373612,1.9996334285766901,1.7401379224228193,1.9899468096258974
56.39127825565113,0.670522090643094,0.6590194963110805,1.0061705309589641,1.007591614439772,1-2,1-2,0-1,0-1,0.009660226754753351,1.7512067900885837,2.0013254228273496,1.7415465633338303,1.9916651960725962
56.411282256451294,0.6660677726842644,0.6545246340805922,1.006829003265722,1.0080985236081472,1-2,1-2,0-1,0-1,0.009634588811008626,1.752557955232397,2.0029504418067243,1.7429233664213886,1.9933158529957158
56.43128625725145,0.6616341269223167,0.650046731643742,1.007456477143647,1.0085509224508462,1-2,1-2,0-1,0-1,0.009609732321276938,1.7538777806191557,2.004508508616294,1.7442680482978787,1.994898776295017
56.451290258051614,0.6572208990372602,0.6455855527555362,1.0080527379224797,1.0089486942836787,1-2,1-2,0-1,0-1,0.009585684034842395,1.7551660204829898,2.0059996599567977,1.7455803364481473,1.9964139759219552
56.47129425885177,0.6528278288865437,0.6411408573721873,1.0086175811797478,1.0092917352964816,1-2,1-2,0-1,0-1,0.00956247018643839,1.7564224394419776,2.007423946083826,1.7468599692555393,1.9978614758973878
56.491298259651934,0.6484546507239732,0.6367124018313497,1.0091508126872888,1.0095799544662978,1-2,1-2,0-1,0-1,0.009540116433425838,1.7576468124555102,2.008781430756169,1.7481066960220843,1.999241314322743
56.51130226045209,0.6441010934217579,0.6322999390326005,1.0096522483604362,1.0098132734830476,1-2,1-2,0-1,0-1,0.009518647792664288,1.7588389247752414,2.0100721911770867,1.749320276982577,2.0005535433844224
56.531306261252254,0.6397668806952792,0.6279032186178546,1.0101217142099614,1.00999162668767,1-2,1-2,0-1,0-1,0.0094980885771752,1.759998571889688,2.01129631792865,1.7505004833125128,2.0017982293514747
56.55131026205241,0.6354517313302758,0.6235219871514034,1.0105590462968719,1.0101149610227176,1-2,1-2,0-1,0-1,0.009478462333023572,1.761125559462643,2.012453914899338,1.7516470971296194,2.0029754525663144
56.571314262852574,0.6311553594120306,0.6191559882992561,1.010964090690143,1.0101832359953973,1-2,1-2,0-1,0-1,0.00945979177654482,1.7622197032654832,2.013545099205071,1.7527599114889383,2.004085307428526
56.59131826365273,0.6268774745562463,0.6148049630074751,1.0113367034274787,1.0101964236530532,1-2,1-2,0-1,0-1,0.009442098732366774,1.763280829103551,2.0145700011038983,1.7538387303711844,2.0051279023715316
56.611322264452895,0.6226177821411907,0.6104686496791928,1.0116767504791635,1.0101545085710961,1-2,1-2,0-1,0-1,0.00942540407237454,1.7643087727367093,2.0155287639045207,1.7548833686643348,2.0061033598321463
56.63132626525305,0.6183759835407957,0.6061467843499965,1.01198410771509,1.0100574878533861,1-2,1-2,0-1,0-1,0.009409727656084535,1.7653033797942597,2.0164215438689097,1.7558936521381752,2.007011816212825
56.651330266053215,0.6141517763582922,0.6018391008613797,1.0122586608750195,1.0099053711450876,1-2,1-2,0-1,0-1,0.009395088272590729,1.7662645056843427,2.0172485101092192,1.7568694174117518,2.0078534218366286
56.67133426685337,0.6099448546600622,0.597545331031953,1.0125003055421398,1.0096981806580194,1-2,1-2,0-1,0-1,0.009381503584555625,1.7671920154980196,2.0180098444792547,1.757810511913464,2.008628340894699
56.691338267653535,0.6057549092093012,0.5932652048261189,1.012708947119982,1.0094359512085265,1-2,1-2,0-1,0-1,0.009368990074416656,1.76808578390817,2.0187057414607295,1.7587167938337533,2.009336751386313
56.71134226845369,0.6015816276991743,0.5889984505199202,1.012884500812742,1.009118730267913,1-2,1-2,0-1,0-1,0.009357562993277956,1.768945695063407,2.019336408044577,1.759588132070129,2.009978845051299
56.731346269253855,0.5974246949850665,0.5847447948637735,1.0130268916090621,1.0087465780254763,1-2,1-2,0-1,0-1,0.00934723631265482,1.7697716424771648,2.0199020636075566,1.76042440616451,2.010554827294902
56.75135027005401,0.5932837933156268,0.5805039632418157,1.013136054269309,1.0083195674641938,1-2,1-2,0-1,0-1,0.009338022679529271,1.7705635289121653,2.020402939784445,1.761225506232636,2.0110649171049158
56.771354270854175,0.5891586025622157,0.5762756798275923,1.013211933316399,1.0078377844491122,1-2,1-2,0-1,0-1,0.009329933374870624,1.7713212662604199,2.0208392803360415,1.7619913328855492,2.011509346961171
56.79135827165433,0.5850488004464731,0.5720596677358314,1.0132544830301988,1.0073013278285088,1-2,1-2,0-1,0-1,0.009322978276057763,1.7720447754189923,2.0212113410132972,1.7627217971429345,2.0118883627372397
56.811362272454495,0.5809540627656343,0.5678556491700564,1.0132636674455349,1.0067103095478842,1-2,1-2,0-1,0-1,0.009317165823333801,1.7727339861616729,2.021519389417791,1.7634168203383391,2.012202223594457
56.83136627325465,0.5768740636153319,0.5636633455658032,1.0132394603538477,1.0060648547768638,1-2,1-2,0-1,0-1,0.009312502990698779,1.7733888370067947,2.021763704858871,1.7640763340160959,2.012451201868172
56.851370274054815,0.5728084756095371,0.5594824777292204,1.0131818453085049,1.0053651020490826,1-2,1-2,0-1,0-1,0.009308995261339383,1.7740092750813599,2.0219445782076777,1.7647002798200204,2.0126355829463383
56.87137427485497,0.568756970097397,0.5553127659708483,1.0130908156338074,1.0046112034151393,1-2,1-2,0-1,0-1,0.009306646607961516,1.7745952559816889,2.0220623117483654,1.7652886093737274,2.012755665140404
56.891378275655136,0.5647192173766582,0.5511539302343833,1.012966374437692,1.0038033246087044,1-2,1-2,0-1,0-1,0.009305459478086064,1.7751467436307728,2.022117219026734,1.7658412841526867,2.0128117595486477
56.91138227645529,0.5606948869034603,0.5470056902202581,1.01280853462816,1.0029416452258748,1-2,1-2,0-1,0-1,0.009305434784627352,1.7756637101325463,2.02210962469658,1.766358275347919,2.012804189911953
56.931386277255456,0.5566836474982206,0.5428677655038826,1.0126173189334269,1.002026358917866,1-2,1-2,0-1,0-1,0.009306571901771773,1.7761461356232466,2.022039864363976,1.7668395637214749,2.012733292462204
56.95139027805561,0.5526851675474376,0.5387398756484114,1.0123927599258153,1.001057673597144,1-2,1-2,0-1,0-1,0.00930886866642493,1.7765940081200908,2.021908284429756,1.767285139453666,2.012599415763331
56.971394278855776,0.5486991152011663,0.5346217403119289,1.0121349000493793,1.0000358116570918,1-2,1-2,0-1,0-1,0.009312321385199074,1.7770073233674195,2.021715241930427,1.7676950019822204,2.0124029205452283
56.99139827965593,0.5447251585660399,0.5305130793489603,1.0118437916512708,0.9989610102053119,1-2,1-2,0-1,0-1,0.009316924847158785,1.777386084680546,2.021461104377764,1.7680691598333873,2.012144179530605
57.011402280456096,0.5407629658936361,0.5264136129062532,1.0115194970168382,0.9978335213106674,1-2,1-2,0-1,0-1,0.009322672342250298,1.7777303027874505,2.021146249597269,1.7684076304452,2.0118235772550186
57.03140628125625,0.5368122057641085,0.5223230615127888,1.0111620884084493,0.996653612264157,1-2,1-2,0-1,0-1,0.009329555685583699,1.7780399956685562,2.0207710655657634,1.7687104399829725,2.0114415098801794
57.051410282056416,0.5328725472649372,0.5182411461640257,1.0107716481080262,0.9954215658537289,1-2,1-2,0-1,0-1,0.009337565247451416,1.778315188394715,2.020335950248258,1.7689776231472636,2.0109983850008066
57.07141428285657,0.5289436601647709,0.5141675884004003,1.0103482684632759,0.9941376806531225,1-2,1-2,0-1,0-1,0.009346689989208202,1.7785559129636423,2.019841311434343,1.769209222974434,2.010494621445135
57.091418283656736,0.5250252150822786,0.5101021103801504,1.0098920519375945,0.9928022713248374,1-2,1-2,0-1,0-1,0.00935691750486137,1.7787622081349168,2.0192875665742305,1.7694052906300555,2.009930649069369
57.11142228445689,0.5211168836500423,0.5060444349465625,1.009403111163621,0.9914156689373084,1-2,1-2,0-1,0-1,0.009368234068459462,1.7789341192637762,2.0186751426146574,1.7695658851953167,2.009306908546198
57.13142628525706,0.517218338673478,0.5019942856897875,1.0088815690004092,0.9899782212963716,1-2,1-2,0-1,0-1,0.009380624687102537,1.7790716981338217,2.0180044758347573,1.7696910734467193,2.0086238511476546
57.15143028605721,0.5133292542848903,0.4979513870034107,1.008327558594183,0.9884902932910923,1-2,1-2,0-1,0-1,0.009394073159637225,1.7791750027888502,2.017276011682079,1.769780929629213,2.007881938522442
57.17143428685738,0.5094493060927217,0.4939154641360127,1.0077412234426362,0.986952267254014,1-2,1-2,0-1,0-1,0.009408562140844725,1.7792440973639192,2.0164902046088327,1.7698355352230746,2.007081642467988
57.19143828765753,0.5055781713261889,0.48988624323801117,1.0071227174627293,0.9853645433358798,1-2,1-2,0-1,0-1,0.009424073211172595,1.7792790519158594,2.0156475179085045,1.7698549787046869,2.0062234446973317
57.2114422884577,0.5017155289754506,0.4858634514041253,1.006472205061936,0.9837275398948607,1-2,1-2,0-1,0-1,0.009440586951816668,1.7792799422533276,2.014748423552897,1.769839355301511,2.0053078366010806
57.23144628925785,0.4978610599275943,0.4818468167118738,1.0057898612128795,0.9820416939003107,1-2,1-2,0-1,0-1,0.009458083025205568,1.7792468497666045,2.013793402029694,1.769788766741399,2.0043353190044884
57.25145029005802,0.4940144470986905,0.4778360682565786,1.0050758715313,0.9803074613510481,1-2,1-2,0-1,0-1,0.009476540260707697,1.779179861257227,2.0127829421805767,1.7697033209965192,2.003306401919869
57.27145429085817,0.4901753755623079,0.4738309361834239,1.0043304323572793,0.9785253177081421,1-2,1-2,0-1,0-1,0.009495936745628927,1.7790790687676494,2.0117175410399564,1.7695831320220206,2.0022216042943275
57.29145829165834,0.48634353267485203,0.46983115171719714,1.0035537508396535,0.9766957583421626,1-2,1-2,0-1,0-1,0.009516249921349909,1.778944569411015,2.0105977036743106,1.7694283194896652,2.0010814537529606
57.31146229245849,0.482518608198249,0.4658364471904296,1.0027460450235268,0.9748192989948169,1-2,1-2,0-1,0-1,0.00953745668470152,1.7787764652012277,2.009423943022155,1.7692390085165262,1.9998864863374535
57.33146629325866,0.4787002944204702,0.4618465560707457,1.0019075439408005,0.9728964762548769,1-2,1-2,0-1,0-1,0.009559533494472217,1.778574862883391,2.0081967797345994,1.7690153293889188,1.9986372462401272
57.351470294058814,0.4748882862745619,0.45786121298834004,1.0010384877036158,0.970927848048256,1-2,1-2,0-1,0-1,0.009582456483191826,1.7783398737648117,2.00691674201649,1.7687574172816198,1.997334285533298
57.37147429485898,0.4710822814568343,0.4538801537646082,1.0001391276006104,0.9689139941420664,1-2,1-2,0-1,0-1,0.009606201574143906,1.7780716135466215,2.005584365468031,1.7684654119724776,1.9959781638938874
57.391478295659134,0.4672819805450414,0.4499031154430935,0.9992097261958697,0.9668555166624404,1-2,1-2,0-1,0-1,0.009630744603812946,1.7777702021562083,2.004200192926885,1.7681394575523954,1.9945694483230723
57.4114822964593,0.463487087117387,0.44592983632403826,0.9982505574304572,0.964753040625858,1-2,1-2,0-1,0-1,0.009656061449790145,1.7774357635805185,2.002764774310578,1.7677797021307282,1.9931087128607876
57.431486297259454,0.45969730787338725,0.4419600560039891,0.9972619067263856,0.9626072144836679,1-2,1-2,0-1,0-1,0.009682128164419452,1.7770684257004123,2.0012786664591866,1.7673862975359929,1.9915965382947671
57.45149029805962,0.4559123527576362,0.43799351542206777,0.9962440710928908,0.9604187106794414,1-2,1-2,0-1,0-1,0.009708921114294364,1.7766683201261344,1.9997424329781115,1.76695939901184,1.990033511863817
57.471494298859774,0.4521319350877402,0.4340299569147007,0.995197359234858,0.9581882262187288,1-2,1-2,0-1,0-1,0.009736417125973274,1.7762355820340925,1.9981566440808671,1.7664991649081192,1.9884202269548938
57.49149829965994,0.44835577168771634,0.43006912428080807,0.9941220916632353,0.9559164832507339,1-2,1-2,0-1,0-1,0.00976459363812352,1.7757703500050026,1.9965218764316683,1.7660057563668792,1.986757282793545
57.511502300460094,0.4445835830283935,0.42611076285967037,0.993018600807263,0.9536042296613398,1-2,1-2,0-1,0-1,0.009793428860560102,1.775272765863606,1.994838712987725,1.765479337003046,1.9850452841271649
57.53150630126026,0.44081509337641483,0.4221546196239344,0.9918872311283345,0.951252239676851,1-2,1-2,0-1,0-1,0.009822901940498388,1.7747429745200236,1.9931077428409933,1.7649200725795253,1.983284840900495
57.551510302060414,0.437050030953699,0.4182004432905012,0.9907283392352899,0.9488613144777263,1-2,1-2,0-1,0-1,0.00985299313659765,1.7741811238129672,1.9913295610592796,1.7643281306763696,1.981476567922682
57.57151430286058,0.4332881281093173,0.41424798445232375,0.9895422940009326,0.9464322828214909,1-2,1-2,0-1,0-1,0.009883684001231787,1.773587364354888,1.9895047685264338,1.7637036803536563,1.979621084525202
57.591518303660735,0.42952912150603006,0.4102969957344829,0.9883294766795483,0.9439660016739156,1-2,1-2,0-1,0-1,0.009914957571683043,1.7729618493793082,1.98763397178151,1.7630468918076252,1.9777190142098269
57.6115223044609,0.4257727523238609,0.4063472319782718,0.9870902810251859,0.9414633568474454,1-2,1-2,0-1,0-1,0.009946798570822028,1.7723047345904281,1.9857177828566357,1.7623579360196062,1.9757709842858138
57.631526305261055,0.4220187664834161,0.4023984504574218,0.9858251134104525,0.9389252636457514,1-2,1-2,0-1,0-1,0.009979193618094153,1.7716161780152906,1.9837568191134654,1.7616369843971964,1.9737776254953712
57.65153030606122,0.4182669148918347,0.3984504111310579,0.9845343929455537,0.936352667513149,1-2,1-2,0-1,0-1,0.010012131451507034,1.770896339858634,1.9817517030779725,1.760884208407127,1.9717395716264656
57.671534306861375,0.41451695371462866,0.3945028769384582,0.9832185515972981,0.9337465446875096,1-2,1-2,0-1,0-1,0.010045603161568873,1.7701453823607392,1.979703062273468,1.7600997791991704,1.9696574591118992
57.69153830766154,0.41076864467690666,0.390555614141252,0.981878034307771,0.9311079028551366,1-2,1-2,0-1,0-1,0.01007960243800451,1.7693634696584595,1.9776115290516365,1.759283867220455,1.967531926613632
57.711542308461695,0.4070217553979089,0.38660839271929587,0.9805132991123574,0.9284377818059465,1-2,1-2,0-1,0-1,0.010114125830327675,1.7685507676497845,1.9754777404215116,1.7584366418194568,1.965363614591184
57.73154630926185,0.4032760597630772,0.3826609868271495,0.9791248172567878,0.9257372540871246,1-2,1-2,0-1,0-1,0.010149173023228587,1.7677074438621903,1.9733023378762304,1.7575582708389617,1.9631531648530018
57.751550310062015,0.39953133833838067,0.3787131753188231,0.977713073312855,0.9230074256532672,1-2,1-2,0-1,0-1,0.010184747127956622,1.7668336673251757,1.9710859672175456,1.756648920197219,1.960901220089589
57.77155431086217,0.39578737883203174,0.37476474234931045,0.9762785652924338,0.9202494365108386,1-2,1-2,0-1,0-1,0.010220854990832582,1.765929608447356,1.9688292783780543,1.7557087534565234,1.9586084233872219
57.791558311662335,0.3920439766092352,0.3708154780623458,0.974821804759418,0.9174644613545923,1-2,1-2,0-1,0-1,0.01025750752007958,1.7649954388985327,1.966532925241144,1.7547379313784532,1.9562754177210646
57.81156231246249,0.38830093526621506,0.366865179374868,0.9733433169391676,0.9146537101933986,1-2,1-2,0-1,0-1,0.010294720032294662,1.7640313314972702,1.964197565458798,1.7537366114649755,1.9539028454265033
57.831566313262655,0.3845580672703053,0.3629136508698194,0.971843640825041,0.9118184289627272,1-2,1-2,0-1,0-1,0.010332512619767576,1.7630374601044654,1.9618238602673534,1.7527049474846979,1.951491347647586
57.85157031406281,0.3808151946736489,0.35896070581019646,0.9703233292815651,0.9089599001208037,1-2,1-2,0-1,0-1,0.010370910540039075,1.7620139995235782,1.9594124743015273,1.751643088983539,1.9490415637614882
57.871574314862976,0.3770721499087033,0.3550061672886978,0.9687829491437773,0.9060794432252414,1-2,1-2,0-1,0-1,0.01040994462892424,1.7609611254081363,1.956964075406971,1.750551180779212,1.9465541307780467
57.89157831566313,0.3733287766746601,0.3510498695289057,0.9672230813122487,0.9031784154867118,1-2,1-2,0-1,0-1,0.010449651738377135,1.759879014177337,1.954479334451881,1.7494293624389599,1.9440296827135037
57.911582316463296,0.369584930924693,0.34709165935571434,0.9656443208432812,0.9002582122959712,1-2,1-2,0-1,0-1,0.01049007520036399,1.7587678429405182,1.9519589251381555,1.7482777677401542,1.9414688499377915
57.93158631726345,0.3658404819650303,0.34313139785469515,0.9640472770337449,0.8973202677203057,1-2,1-2,0-1,0-1,0.010531265318001736,1.7576277894315135,1.9494035238128935,1.747096524113512,1.9388722584948919
57.951590318063616,0.36209531367784653,0.33916896224229515,0.9624325735000008,0.894366054965201,1-2,1-2,0-1,0-1,0.010573279884945984,1.7564590319538682,1.9468138092810212,1.7458857520689222,1.9362405293960752
57.97159431886377,0.3583493258812598,0.33520424797121884,0.9608008482503354,0.8913970867967723,1-2,1-2,0-1,0-1,0.010616184734016588,1.7552617493381486,1.9441904626201678,1.7446455646041321,1.9335742778861513
57.991598319663936,0.35460243584094686,0.33123717109808265,0.9591527537503055,0.8884149159202114,1-2,1-2,0-1,0-1,0.0106600543156808,1.7540361209125854,1.9415341669989605,1.7433760665969047,1.9308741126832798
58.01160232046409,0.3508545799494339,0.3272676709434818,0.9574889569803724,0.8854211353092418,1-2,1-2,0-1,0-1,0.010704972306895317,1.7527823264885514,1.938845607500261,1.742077354181656,1.9281406351933656
58.031606321264256,0.34710571559062076,0.32329571307800303,0.9558101394851812,0.8824173784812777,1-2,1-2,0-1,0-1,0.010751032250304882,1.7515005463624183,1.936125470950972,1.7407495141121134,1.9253744387006673
58.05161032206441,0.3433558232089444,0.3193212926714956,0.9541169974138217,0.8794053197127074,1-2,1-2,0-1,0-1,0.010798338223510168,1.7501909613356375,1.933374445760436,1.7393926231121273,1.9225761075369259
58.071614322864576,0.3396049086044175,0.3153444382471143,0.952410241550376,0.8763866741884451,1-2,1-2,0-1,0-1,0.010847005537421467,1.7488537527549501,1.9305932217695945,1.7380067472175287,1.919746216232173
58.09161832366473,0.3358530054769758,0.31136521588631194,0.9506905973340495,0.8733631980796026,1-2,1-2,0-1,0-1,0.01089716146220442,1.7474891025749708,1.9277824901135363,1.7365919411127664,1.9168853286513319
58.111622324464896,0.33210017824579174,0.30738373393613233,0.9489588048681487,0.8703366885428792,1-2,1-2,0-1,0-1,0.010948945978370999,1.7460971934454979,1.92494294310023,1.735148247467127,1.9139939971218591
58.13162632526505,0.32834652517182306,0.3034001482758814,0.9472156189171544,0.8673089836349851,1-2,1-2,0-1,0-1,0.011002512549757504,1.7446782088262773,1.9220752741087763,1.7336756962765199,1.9110727615590188
58.15163032606522,0.32459218181453353,0.29941466820658047,0.945461808891118,0.8642819621351815,1-2,1-2,0-1,0-1,0.011058028913838626,1.7432323331320854,1.9191801775107038,1.7321743042182467,1.9081221485968651
58.17163432686537,0.32083732485681055,0.2954275630335683,0.9436981588165871,0.8612575432687745,1-2,1-2,0-1,0-1,0.01111567788362719,1.741759751911422,1.9162583486184366,1.7306440740277949,1.9051426707348094
58.19163832766554,0.3170821763352774,0.2914391694202688,0.9419254672932533,0.8582376863241881,1-2,1-2,0-1,0-1,0.01117565815368154,1.740260652062299,1.9133104836652843,1.7290849939086175,1.9021348255116028
58.21164232846569,0.3133270083168086,0.2874498995994992,0.9401445474354895,0.8552243901560567,1-2,1-2,0-1,0-1,0.011238185101049855,1.738735222089059,1.910337279821944,1.7274970369880092,1.899099094720894
58.23164632926586,0.3095721480657741,0.28346025053777435,0.9383562267979366,0.8522196925666139,1-2,1-2,0-1,0-1,0.011303491569714627,1.7371836524044038,1.9073394352547572,1.7258801608346892,1.8960359436850427
58.25165033006601,0.3058179837506997,0.27947081415788505,0.9365613472842804,0.8492256695575323,1-2,1-2,0-1,0-1,0.011371828624804277,1.7356061356813173,1.9043176492316196,1.724234307056513,1.8929458206068153
58.27165433086618,0.3020649707432959,0.2754822887355338,0.9347607650383467,0.8462444344442829,1-2,1-2,0-1,0-1,0.01144346625991945,1.734002867259823,1.9012726222816954,1.7225594009999037,1.889829156021776
58.29165833166633,0.29831363856749393,0.27149549159695274,0.9329553503166343,0.8432781368250541,1-2,1-2,0-1,0-1,0.01151869403791568,1.7323740456140722,1.8982050564157107,1.7208553515761564,1.886686362377795
58.3116623324665,0.29456459856087047,0.2675113732560709,0.931145987341392,0.840328961396278,1-2,1-2,0-1,0-1,0.011597821641804592,1.7307198728855269,1.895115655413822,1.7191220512437222,1.8835178337720173
58.331666333266654,0.2908185523159346,0.26353103314173876,0.929333574133343,0.8373991266068953,1-2,1-2,0-1,0-1,0.011681179308623295,1.729040555488563,1.8920051251885885,1.7173593761799397,1.8803239458799652
58.35167033406682,0.2870763009737721,0.25955573707746266,0.9275190223231535,0.8344908831436367,1-2,1-2,0-1,0-1,0.011769118114601108,1.7273363047950616,1.8888741742306625,1.7155671866804605,1.8771050561160614
58.371674334866974,0.28333875544774473,0.25558693668760163,0.9257032569407383,0.8316065122398147,1-2,1-2,0-1,0-1,0.01186201007527124,1.7256073379050934,1.8857235141451776,1.713745327829822,1.8738615040699063
58.39167833566714,0.27960694765983046,0.25162629091442923,0.9238872161814994,0.8287483238004277,1-2,1-2,0-1,0-1,0.011960248018779368,1.7238538785109443,1.882553860286644,1.711893630492165,1.8705936122678648
58.411682336467294,0.2758820428769218,0.24767568983901345,0.922071851148596,0.8259186543367669,1-2,1-2,0-1,0-1,0.01206424518509341,1.7220761578621504,1.8793659325001877,1.710011912677057,1.8673016873150943
58.43168633726746,0.27216535323837504,0.24373728100437567,0.9202581255703495,0.8231198647042166,1-2,1-2,0-1,0-1,0.012174434497601104,1.720274415839154,1.8761604559763614,1.708099981341553,1.8639860214787602
58.451690338067614,0.268458352569329,0.2398134984403446,0.9184470154918914,0.8203543376375282,1-2,1-2,0-1,0-1,0.012291267447287287,1.7184489021433418,1.8729381622262293,1.7061576346960545,1.860646894778942
58.47169433886778,0.26476269257601814,0.2359070945839303,0.9166395089401872,0.8176244750785678,1-2,1-2,0-1,0-1,0.012415212522851327,1.7165998776108016,1.8696997901820995,1.7041846650879502,1.8572845776592481
58.491698339667934,0.2610802205192742,0.23202117527433735,0.9148366055615665,0.8149326952923645,1-2,1-2,0-1,0-1,0.012546753113414934,1.714727615656781,1.866446087427845,1.702180862543366,1.85389933431443
58.5117023404681,0.2574129984596131,0.2281592379746435,0.9130393162309222,0.8122814297682529,1-2,1-2,0-1,0-1,0.01268638480352442,1.7128324038567375,1.8631778115603297,1.7001460190532132,1.8504914267568053
58.531706341268254,0.2537633241611939,0.22432521332856806,0.9112486626317563,0.8096731199039974,1-2,1-2,0-1,0-1,0.012834611973757775,1.7109145456686716,1.8598957316806457,1.698079933694914,1.847061119706888
58.55171034206842,0.25013375373111046,0.22052351009556442,0.9094656768062725,0.8071102134720136,1-2,1-2,0-1,0-1,0.012991943614242945,1.7089743622992533,1.8566006300097886,1.6959824186850103,1.8436086863955456
58.571714342868574,0.246527126053932,0.216759063414521,0.90769140067475,0.8045951608681868,1-2,1-2,0-1,0-1,0.013158888253822273,1.7070121947136603,1.8532933036185812,1.693853306459838,1.840134415364759
58.59171834366874,0.2429465890572391,0.21303738621835053,0.9059268855234527,0.8021304111453029,1-2,1-2,0-1,0-1,0.013335947904657109,1.7050284057851552,1.8499745662551914,1.6916924578804982,1.8366386183505343
58.611722344468895,0.239395627810526,0.20936462345030457,0.9041731914603721,0.7997184078347735,1-2,1-2,0-1,0-1,0.013523610922262317,1.7030233825757175,1.846645250245976,1.6894997716534552,1.8331216393237137
58.63172634526906,0.23587809441473123,0.2057476085086861,0.9024313868381262,0.7973615845621438,1-2,1-2,0-1,0-1,0.013722343685119437,1.7009975387325837,1.8433062084356515,1.6872751950474643,1.829583864750532
58.651730346069215,0.23239823958060374,0.2021939210601213,0.9007025476433806,0.7950623604638165,1-2,1-2,0-1,0-1,0.013932581008407614,1.6989513169777417,1.8399583161214654,1.685018735969334,1.8260257351130578
58.67173434686938,0.22896074571798564,0.19871194500350717,0.8989877568521935,0.7928231354145,1-2,1-2,0-1,0-1,0.01415471522478702,1.696885191657316,1.8366024729221173,1.682730476432529,1.8224477576973304
58.691738347669535,0.22557076126218237,0.19531092492993157,0.897288103750726,0.7906462850770715,1-2,1-2,0-1,0-1,0.014389083894900642,1.6947996713057543,1.8332396045063064,1.6804105874108537,1.8188505206114058
58.7117423484697,0.22223393584451348,0.19200101890512133,0.8956046832207988,0.7885341557888407,1-2,1-2,0-1,0-1,0.014635956154208913,1.6926953011648076,1.829870664087024,1.6780593450105987,1.815234707932815
58.731746349269855,0.2189564557693122,0.18879334480424048,0.8939385949898151,0.7864890593005585,1-2,1-2,0-1,0-1,0.014895517765272225,1.6905726655799824,1.8264966335669197,1.67567714781471,1.8116011158016474
58.75175035007002,0.2157450790864175,0.18570001676926862,0.8922909428446123,0.7845132673869356,1-2,1-2,0-1,0-1,0.015167855029128766,1.6884323901765923,1.8231185241967076,1.6732645351474635,1.8079506691675788
58.771754350870175,0.2126071693456413,0.18273416766789444,0.8906628338088339,0.7826090063498667,1-2,1-2,0-1,0-1,0.01545293782011434,1.6862751436945118,1.8197373765839153,1.6708222058743976,1.804284438763801
58.79175835167034,0.20955072688803736,0.17990995276255273,0.8890553772834603,0.7807784514379731,1-2,1-2,0-1,0-1,0.015750602147260023,1.6841016393348656,1.8163542598634521,1.6683510371876056,1.8006036577161921
58.811762352470495,0.20658441627164417,0.17724252922824646,0.8874696841501551,0.7790237212084293,1-2,1-2,0-1,0-1,0.016060532812767505,1.6819126354445164,1.812970269816665,1.665852102631749,1.7969097370038976
58.83176635327066,0.20371758815358315,0.17474800579733488,0.8859068658371264,0.7773468718592825,1-2,1-2,0-1,0-1,0.01638224692947708,1.6797089353358778,1.8095865257030141,1.6633266884064009,1.7932042787735372
58.851770354070815,0.2009602936686105,0.1724433567968206,0.8843680333472101,0.7757498915625557,1-2,1-2,0-1,0-1,0.01671507926526541,1.6774913860127778,1.8062041655517518,1.6607763067475123,1.7894890862864863
58.87177435487098,0.19832328907501393,0.17034629533827203,0.8828542962479162,0.7742346948302917,1-2,1-2,0-1,0-1,0.01705817058483983,1.6752608755497287,1.8028243396528305,1.6582027049648889,1.7857661690679907
58.891778355671136,0.19581802820896507,0.1684751015850119,0.8813667616231816,0.7728031169472875,1-2,1-2,0-1,0-1,0.017410460332333223,1.673018328856222,1.7994482019918083,1.6556078685238886,1.782037741659475
58.9117823564713,0.19345664013276448,0.1668484039911134,0.8799065329865843,0.7714569085055395,1-2,1-2,0-1,0-1,0.017770685105599232,1.67076470155315,1.7960768993969738,1.6529940164475507,1.7783062142913746
58.931786357271456,0.19125188932415996,0.16548491424834558,0.8784747091557755,0.7701977300763003,1-2,1-2,0-1,0-1,0.018137384373788416,1.6685009717010526,1.7927115582143933,1.6503635873272642,1.774574173840605
58.95179035807162,0.1892171158822171,0.16440312033826138,0.8770723830878849,0.769027147056117,1-2,1-2,0-1,0-1,0.018508914740359653,1.6662281291543484,1.7893532684023425,1.6477192144139887,1.770844353661983
58.971794358871776,0.1873661535720578,0.16362094635098237,0.8757006406756406,0.7679466247232073,1-2,1-2,0-1,0-1,0.018883473719532147,1.6639471623782234,1.7860030650453924,1.6450636886586911,1.7671195913258602
58.99179835967194,0.18571322414358027,0.16315539219494543,0.8743605595039473,0.7669575235400363,1-2,1-2,0-1,0-1,0.019259133458786316,1.6616590426590336,1.7826619074311643,1.6423999092002473,1.7634027739723779
59.011802360472096,0.184272807272523,0.1630221704035353,0.8730532075666492,0.7660610947369384,1-2,1-2,0-1,0-1,0.01963388411830786,1.6593647057678458,1.779330656008436,1.6397308216495379,1.7596967718901282
59.03180636127226,0.1830594866952116,0.1632353602596456,0.8717796419432013,0.7652584762101048,1-2,1-2,0-1,0-1,0.020005685763046135,1.6570650312980344,1.7760100477462926,1.6370593455349882,1.7560043619832464
59.051810362072416,0.18208777461377448,0.16380710073919605,0.8705409074349831,0.7645506887652218,1-2,1-2,0-1,0-1,0.020372526727604007,1.6547608200861774,1.7727006706286248,1.6343882933585734,1.7523281439010208
59.07181436287258,0.18137191816153747,0.16474734282552578,0.8693380351609985,0.7639386327355375,1-2,1-2,0-1,0-1,0.020732485600796234,1.6524527703281204,1.769402938226782,1.6317202847273242,1.7486704526259857
59.091818363672736,0.18092569351150134,0.166063678400564,0.8681720411127554,0.7634230850001892,1-2,1-2,0-1,0-1,0.021083793377966325,1.6501414532018102,1.7661170654723626,1.6290576598238438,1.7450332720943962
59.1118223644729,0.18076219490783751,0.16776125742793194,0.8670439246681801,0.7630046964252952,1-2,1-2,0-1,0-1,0.021424892058531125,1.6478272889816137,1.7628430468738605,1.6264023969230825,1.7414181548153294
59.13182636527306,0.1808936272912775,0.16984279817396894,0.8659546670645432,0.7626839897466684,1-2,1-2,0-1,0-1,0.021754486092315103,1.6455105247506812,1.7595806384596053,1.623756038658366,1.7378261523672902
59.15183036607322,0.18133111205777025,0.17230868772741945,0.8649052298305233,0.7624613579091214,1-2,1-2,0-1,0-1,0.022071583604076513,1.6431912148635306,1.7563293446634047,1.621119631259454,1.7342577610593282
59.17183436687338,0.18208451565004408,0.1751571631326688,0.8638965531777756,0.7623370628732699,1-2,1-2,0-1,0-1,0.022375525186518874,1.6408692052628744,1.7530884111891742,1.6184936800763554,1.7307128860026553
59.19183836767354,0.18316231001775907,0.17838455796603872,0.862929554352665,0.7623112348966032,1-2,1-2,0-1,0-1,0.022665999126782282,1.6385441226041177,1.7498568246003556,1.6158781234773354,1.7271908254735733
59.2118423684737,0.1845714724802378,0.18198559576277343,0.8620051259492293,0.7623838722914229,1-2,1-2,0-1,0-1,0.022943043069598466,1.6362153688944985,1.7466333190009513,1.6132723258249,1.7236902759313528
59.23184636927386,0.18631743029148579,0.18595371053986898,0.8611241341849345,0.762554841658169,1-2,1-2,0-1,0-1,0.023207033171795056,1.6338821220309556,1.7434163897427515,1.6106750888591606,1.7202093565709564
59.25185037007402,0.18840405245697134,0.19028137556487937,0.860287417141415,0.7628238785886802,1-2,1-2,0-1,0-1,0.023458662646676905,1.6315433422549699,1.7402043136548146,1.608084679608293,1.7167456510081378
59.27185437087418,0.19083368838263284,0.19496042401843058,0.859495782973137,0.7631905888301569,1-2,1-2,0-1,0-1,0.02369891215722281,1.6291977841730874,1.7369951748944248,1.6054988720158645,1.713296262737202
59.29185837167434,0.19360725007706553,0.19998234867630735,0.8587500080878259,0.7636544498970701,1-2,1-2,0-1,0-1,0.023929014770533986,1.6268440136601978,1.7337868952076274,1.6029149988896638,1.7098578804370934
59.3118623724745,0.19672433218174526,0.2053385715863476,0.858050835303529,0.7642148131149699,1-2,1-2,0-1,0-1,0.024150418154183975,1.6244804287027104,1.7305772671915016,1.6003300105485263,1.7064268490373176
59.33186637327466,0.2001833623014719,0.2110206784313001,0.856675745646649,0.7648709060772161,1-2,1-2,1-2,0-1,0.024364746433769933,1.6221052830742562,1.7273639890834207,1.5977405366404862,1.7029992426496507
59.35187037407482,0.20398177307358967,0.21702061550269955,0.8482245063806464,0.7656218354929977,1-2,1-2,1-2,0-1,0.02457376371255626,1.6197167116751456,1.7241446996588843,1.5951429479625894,1.699570935946328
59.37187437487498,0.20811618716231212,0.223330849776279,0.8401574965344464,0.7664665904027261,1-2,1-2,1-2,0-1,0.02477934075493722,1.6173127564035839,1.7209170119797816,1.5925334156486466,1.6961376712248444
59.39187837567514,0.21258260680781238,0.22994449442720957,0.8324869762402596,0.7674040457349321,1-2,1-2,1-2,0-1,0.024983425822578346,1.6148913915436864,1.7176785449681709,1.5899079657211082,1.6926951191455926
59.4118823764753,0.2173766005428794,0.23685540330197793,0.8252246920042094,0.7684329661771819,1-2,1-2,1-2,0-1,0.025188020178137472,1.6124505478294557,1.714426952053752,1.5872625276513184,1.6892389318756147
59.43188637727546,0.22249348102425498,0.24405823847827232,0.8183817905644248,0.76955201033227,1-2,1-2,1-2,0-1,0.02539515837019806,1.6099881345481248,1.711159946423208,1.5845929761779267,1.6857647880530098
59.45189037807562,0.22792846942197278,0.2515485152228708,0.8119687317011753,0.7707597351299881,1-2,1-2,1-2,0-1,0.025606893101990436,1.607502059257262,1.707875322661099,1.5818951661552716,1.6822684295591086
59.47189437887578,0.23367684330495908,0.2593226285269439,0.8059952012134902,0.772054600464159,1-2,1-2,1-2,0-1,0.025825284268123323,1.6049902448876086,1.7045709747959836,1.5791649606194853,1.6787456905278604
59.49189837967594,0.239734066330977,0.26737786506943395,0.8004700254016414,0.7734349740242928,1-2,1-2,1-2,0-1,0.026052391611141163,1.6024506441752109,1.7012449109429053,1.5763982525640696,1.675192519331764
59.5119023804761,0.24609589921525463,0.275712404021408,0.7954010884924596,0.7748991362911853,1-2,1-2,1-2,0-1,0.026290270389574027,1.599881251504035,1.6978952648609549,1.573590981114461,1.671604994471381
59.53190638127626,0.25275849237671005,0.2843253096236579,0.7907952545070662,0.7764452856660173,1-2,1-2,1-2,0-1,0.026540969445862445,1.5972801123427265,1.6945203048260815,1.570739142896864,1.667979335380219
59.55191038207642,0.2597184613396121,0.29321651799194265,0.7866582950914524,0.7780715437029851,1-2,1-2,1-2,0-1,0.026806531099817243,1.5946453305275952,1.6911184402604316,1.5678387994277778,1.6643119091606142
59.57191438287658,0.26697294642014563,0.30238682015779506,0.7829948248040446,0.7797759604162094,1-2,1-2,1-2,0-1,0.027088992357407853,1.5919750736835239,1.6876882265691804,1.564886081326116,1.6605992342117726
59.591918383676735,0.2745196584849781,0.31183784295348027,0.7798082452775129,0.7815565196325847,1-2,1-2,1-2,0-1,0.027390387003414694,1.5892675770901112,1.6842283686219446,1.5618771900866966,1.65683798161853
59.6119223844769,0.2823569126706146,0.32157202900414444,0.7771006995436086,0.7834111443633367,1-2,1-2,1-2,0-1,0.027712748231314963,1.5865211462986615,1.6807377232868945,1.5588083980673466,1.6530249750555797
59.631926385277055,0.29048365193741604,0.3315926167988318,0.7748730376314907,0.7853377021683285,1-2,1-2,1-2,0-1,0.02805811154771283,1.583734158791461,1.6772153013877473,1.5556760472437483,1.6491571898400346
59.65193038607722,0.2988994622355719,0.3419036215715918,0.7731247943264214,0.7873340104885603,1-2,1-2,1-2,0-1,0.028428517767527993,1.5809050649531826,1.6736602694124596,1.5524765471856545,1.6452317516449315
59.671934386877375,0.30760458091182674,0.3525098175289868,0.7718541797142494,0.7893978419238442,1-2,1-2,1-2,0-1,0.02882601598727384,1.5780323885991157,1.6700719512615523,1.549206372611842,1.6412459352742785
59.69193838767754,0.31659989980931547,0.3634167218046472,0.7710580828476139,0.7915269294342603,1-2,1-2,1-2,0-1,0.02925266648525982,1.5751147272786068,1.6664498302857937,1.5458620607933469,1.6371971638005338
59.711942388477695,0.32588696432558156,0.3746305803987435,0.7707320885639722,0.7937189714456977,1-2,1-2,1-2,0-1,0.029710543549219964,1.5721507525473528,1.6627935518297459,1.5424402089981328,1.6330830082805259
59.73194638927786,0.33546796950888713,0.3861583562642035,0.7708705071762834,0.7959716368415373,1-2,1-2,1-2,0-1,0.03020173827300741,1.5691392103795931,1.6591029264695212,1.5389374721065858,1.6289011881965139
59.751950390078015,0.34534575409762686,0.3980077196266423,0.77146641645764,0.7982825698243184,1-2,1-2,1-2,0-1,0.030728361395440676,1.5660789218723956,1.655377934111104,1.5353505604769548,1.6246495727156631
59.77195439087818,0.35552379324758276,0.4101870405662673,0.7725117150639473,0.800649394633016,1-2,1-2,1-2,0-1,0.03129254627599836,1.5629687843787432,1.6516187290989461,1.531676238102745,1.6203261828229478
59.791958391678335,0.36600619054825045,0.42270538384306344,0.7739971862950958,0.8030697201033479,1-2,1-2,1-2,0-1,0.03189645211512594,1.5598077731950117,1.6478256464737178,1.5279113210798858,1.6159291943585918
59.8119623924785,0.376797669803806,0.43557250590746466,0.7759125708940924,0.8055411440602867,1-2,1-2,1-2,0-1,0.03254226753157613,1.5565949439207916,1.6439992095119582,1.5240526763892155,1.6114569419803821
59.831966393278655,0.3879035669447704,0.44879885400392516,0.778246647431745,0.8080612575336669,1-2,1-2,1-2,0-1,0.03323221460697474,1.553329435605664,1.6401401386792462,1.5200972209986892,1.6069079240722715
59.85197039407882,0.39932982234235936,0.4623955672411334,0.7809873187253632,0.8106276487894418,1-2,1-2,1-2,0-1,0.0339685534989769,1.5500104747974714,1.6362493621312515,1.5160419212984946,1.6022808086322746
59.871974394878976,0.4110829737159373,0.47637447946692346,0.7841217026941532,0.8132379071707435,1-2,1-2,1-2,0-1,0.03475358771058779,1.5466373806106228,1.6323280279039976,1.511883792900035,1.5975744401934098
59.89197839567914,0.42317014975356276,0.490748123745149,0.7876362260594567,0.8158896267444072,1-2,1-2,1-2,0-1,0.035589670084701305,1.543209570940058,1.628377517944827,1.5076199008553566,1.5927878478601256
59.911982396479296,0.43559906450298813,0.50552973818259,0.791516719350246,0.8185804097500673,1-2,1-2,1-2,0-1,0.036479209571200516,1.539726569957596,1.624399464149423,1.5032473603863954,1.5879202545782225
59.93198639727946,0.44837801253423243,0.520733272792736,0.7957485117669719,0.821307869850256,1-2,1-2,1-2,0-1,0.03742467878895251,1.5361880170416349,1.6203957665868405,1.4987633382526824,1.582971087797888
59.951990398079616,0.46151586482154316,0.536373397005843,0.800316524582388,0.8240696351811915,1-2,1-2,1-2,0-1,0.03842862237783369,1.5325936773096138,1.6163686141145157,1.4941650549317802,1.577939991736682
59.97199439887978,0.4750220652408755,0.5524655073360141,0.8052053619080553,0.8268633512050761,1-2,1-2,1-2,0-1,0.03949366610570846,1.528943453944594,1.6123205076077245,1.4894497878388857,1.5728268415020161
59.991998399679936,0.4889066275253504,0.5690257345902033,0.8103993978215009,0.8296866833657651,1-2,1-2,1-2,0-1,0.04062252666237453,1.5252374025339954,1.6082542860537148,1.4846148758716209,1.5676317593913403
60.0120024004801,0.5031801324641243,0.5860709498435753,0.8158828590234546,0.8325373195506085,1-2,1-2,1-2,0-1,0.04181802203495092,1.5214757476693586,1.604173155788809,1.4796577256344077,1.5623551337538581
60.032006401280256,0.5178537250658016,0.6036187682014179,0.8216399023700534,0.835412972362098,1-2,1-2,1-2,0-1,0.043083082316119924,1.517658902092398,1.6000807231878653,1.4745758197762782,1.5569976408717454
60.05201040208042,0.5329391113341708,0.6216875491084102,0.8276546867951589,0.8383113812036901,1-2,1-2,1-2,0-1,0.04442076074459883,1.5137874887141338,1.5959810311485558,1.469366727969535,1.551560270403957
60.072014402880576,0.5484485542170616,0.6402963916373041,0.8339114392980455,0.8412303141848175,1-2,1-2,1-2,0-1,0.04583424471360449,1.5098623658820314,1.5918785997484257,1.464028121168427,1.5460443550348213
60.09201840368074,0.5643948681859733,0.6594651227733691,0.8403945148179391,0.8441675698506427,1-2,1-2,1-2,0-1,0.047326866402340774,1.5058846563245392,1.5877784714892702,1.4585577899221984,1.5404516050869295
60.112022404480896,0.5807914117790058,0.6559660671850612,0.847088449946684,0.84712097874257,1-2,0-2,1-2,0-1,0.04890211258267788,1.5018557802646455,1.583686261580867,1.4529536676819677,1.534784148998189
60.13202640528106,0.5976520772887446,0.6438428080672178,0.8539780105427746,0.8500884047959085,1-2,0-2,1-2,0-1,0.05056363301965787,1.4977774932637602,1.5796082137524925,1.4472138602441023,1.5290445807328346
60.15203040608122,0.6149912765925039,0.6315314072532647,0.8610482334036635,0.8530677465813699,1-2,0-2,1-2,0-1,0.052315246711726236,1.4936519294356139,1.5755512621146435,1.4413366827238876,1.5232360154029172
60.17203440688138,0.6328239218989373,0.6190392997884445,0.8682844622288972,0.8560569383973141,1-2,0-2,1-2,0-1,0.05416094499180078,1.489481650756175,1.5715230996214866,1.4353207057643742,1.5173621546296858
60.19203840768154,0.651165399912426,0.6063755468039544,0.8756723781652834,0.859053951219813,1-2,0-2,1-2,0-1,0.05610489021987146,1.485269703290428,1.5675322537034686,1.4291648130705565,1.511427363483597
60.2120424084817,0.6700315375863936,0.5935511033644715,0.8777424567530394,0.8620567935176943,1-2,0-2,0-1,0-1,0.05815140842303531,1.4810196812582594,1.5635881696429699,1.4228682728352242,1.5054367612199346
60.23204640928186,0.6638916520976541,0.5805791312524246,0.8791685337322398,0.8650635119397759,0-2,0-2,0-1,0-1,0.06030497375977748,1.4767357999684791,1.5597013022468613,1.4164308262087018,1.499396328487084
60.25205041008202,0.652488933117297,0.5674753634851933,0.8806236637690841,0.8680721918814859,0-2,0-2,0-1,0-1,0.06257018207672796,1.4724229787575613,1.555883216317169,1.4098527966808334,1.493313034240441
60.27205441088218,0.6409388311379717,0.554258527889458,0.882106683915895,0.871080957938013,0-2,0-2,0-1,0-1,0.06495171006302745,1.468086935172859,1.552146696321153,1.4031352251098315,1.4871949862581255
60.29205841168234,0.6292499552480344,0.5409508373048186,0.8836164260465809,0.874087974251042,0-2,0-2,0-1,0-1,0.06745425556299031,1.4637342917285499,1.5485058654953185,1.3962800361655596,1.4810516099323283
60.3120624124825,0.617432420934442,0.5275785537244985,0.8851517182530179,0.8770914447560004,0-2,0-2,0-1,0-1,0.07008245346296844,1.45937269662321,1.5449763143594382,1.3892902431602414,1.4748938608964697
60.33206641328266,0.605498061860322,0.5141726325546326,0.8867113861767465,0.8800896133365879,0-2,0-2,0-1,0-1,0.07284076021664004,1.455010959819067,1.54157523823284,1.382170199602427,1.4687344780162
60.35207041408282,0.5934606708805711,0.5007694506736521,0.8882942542775427,0.8830807638931816,0-2,0-2,0-1,0-1,0.07573329854092509,1.4506592058159087,1.5383215827934993,1.3749259072749835,1.4625882842525741
60.37207441488298,0.5813362733316797,0.4874116173755524,0.889899147040524,0.8860632203315089,0-2,0-2,0-1,0-1,0.07876365218282294,1.4463290442646297,1.5352361959454468,1.3675653920818067,1.4564725437626238
60.39207841568314,0.5691434354483246,0.4741488596010245,0.8915248901235138,0.8890353464777633,0-2,0-2,0-1,0-1,0.081934599104479,1.4420337591996641,1.5323419831936484,1.360099160095185,1.4504073840891694
60.4120824164833,0.5569036102742628,0.4610389608299077,0.8931703114464176,0.8919955459261073,0-2,0-2,0-1,0-1,0.08524777028851345,1.4377885170470321,1.5296640622837543,1.3525407467585187,1.4444162919952408
60.43208641728346,0.5446415225038336,0.4481487151173345,0.8948342422243702,0.8949422618242667,0-2,0-2,0-1,0-1,0.08870322118705844,1.433610592582914,1.527229910949656,1.3449073713958555,1.4385266897625977
60.45209041808362,0.5323855921153323,0.43555483243840554,0.8965155179464092,0.8978739766026732,0-2,0-2,0-1,0-1,0.09229890449597161,1.4295196105425927,1.5250694991155989,1.337220706046621,1.4327705946196272
60.47209441888378,0.520168394183182,0.42334469758586996,0.8982129793014043,0.9007892116523601,0-2,0-2,0-1,0-1,0.09603003768943413,1.4255377984471322,1.5232153937126356,1.3295077607576982,1.4271853560232015
60.49209841968394,0.5080271485588059,0.4116168424155434,0.8999254730529495,0.9036865269565612,0-2,0-2,0-1,0-1,0.09988836824561843,1.4216902432299365,1.5217028202998126,1.3218018749843181,1.4218144520541942
60.5121024204841,0.49600422780808984,0.4004809429984757,0.9016518528648868,0.9065645206807091,0-2,0-2,0-1,0-1,0.10386135559999077,1.4180051401967222,1.5205696608901778,1.3141437845967314,1.416708305290187
60.53210642128426,0.4841476644653695,0.39005710661281695,0.9033909800790989,0.9094218287252761,0-2,0-2,0-1,0-1,0.1079313131652724,1.4145140175402202,1.5198563618395151,1.3065827043749478,1.4119250486742427
60.55211042208442,0.47251162891558457,0.3804741826812821,0.9051417244471665,0.9122571242456485,0-2,0-2,0-1,0-1,0.1120745865649545,1.4112519129255652,1.5196057196238006,1.2991773263606108,1.4075311330588463
60.57211442288458,0.4611568367931149,0.3718668388367064,0.9069029648174557,0.9150691171429848,0-2,0-2,0-1,0-1,0.11626088300140873,1.4082574705982736,1.5198625063807811,1.2919965875968649,1.4036016233793724
60.59211842368474,0.4501508297780798,0.3643712161857527,0.90867358977916,0.917856553529763,0-2,0-2,0-1,0-1,0.12045290420953307,1.4055729183942223,1.520672892249512,1.2851200141846892,1.400219988039979
60.6121224244849,0.4395680568121925,0.3581191420830022,0.9104524982647929,0.9206182151734923,0-2,0-2,0-1,0-1,0.12460645872667382,1.4032438748175755,1.5220836194448193,1.2786374160909018,1.3974771607181455
60.63212642528506,0.429489665832067,0.353231141785424,0.9122386001125904,0.9233529189218358,0-2,0-2,0-1,0-1,0.12867122077699408,1.4013189286277894,1.524140886000143,1.2726477078507954,1.395469665223149
60.65213042608522,0.4200029024083984,0.3498088217564005,0.9140308165902566,0.9260595161121737,0-2,0-2,0-1,0-1,0.13259224657527152,1.3998489297460883,1.5268889082127395,1.2672566831708167,1.394296661637468
60.67213442688538,0.41120000629630216,0.34792751618281176,0.9158280808814568,0.928736891968427,0-2,0-2,0-1,0-1,0.13631224887224572,1.39888593439838,1.5303681533403406,1.2625736855261342,1.394055904468095
60.69213842768554,0.4031765067030495,0.34763027470817304,0.9176293385364335,0.9313839649877567,0-2,0-2,0-1,0-1,0.1397744825589467,1.398481763621088,1.5346132707776101,1.2587072810621414,1.3948387882186635
60.7121424284857,0.3960288497474033,0.3489242105205642,0.9194335478880997,0.9339996863195659,0-2,0-2,0-1,0-1,0.14292594679452175,1.3986861667142345,1.5396508014946466,1.2557602199197127,1.3967248547001248
60.73214642928586,0.3898513534310854,0.351779882786488,0.9212396804349361,0.9365830391390431,0-2,0-2,0-1,0-1,0.14572051235822406,1.3995446320982132,1.5454968086515926,1.253824119739989,1.3997762962933684
60.75215043008602,0.384732577861544,0.35613383087380235,0.9230467211919984,0.9391330380173146,0-2,0-2,0-1,0-1,0.14812157445399207,1.401095955085341,1.5521546378450044,1.252974380631349,1.4040330633910123
60.77215443088618,0.38075131376064997,0.36189378290568686,0.9248536690113179,0.9416487282901055,0-2,0-2,0-1,0-1,0.1501039154986525,1.403369746363405,1.5596130677757785,1.2532658308647524,1.409509152277126
60.79215843168634,0.3779725108140006,0.3689456196611888,0.9266595368729545,0.9441291854266521,0-2,0-2,0-1,0-1,0.15165460807325987,1.4063841300903197,1.5678451313727881,1.2547295220170598,1.4161905232995282
60.8121624324865,0.3764435587458301,0.37716100520401935,0.9284633521479452,0.946573514400464,0-2,0-2,0-1,0-1,0.15277294614849643,1.4101439150725885,1.5768078552501625,1.2573709689240922,1.4240349091016662
60.83216643328666,0.37619136436866957,0.38640469882301165,0.9302641568343596,0.9489808490633878,0-2,0-2,0-1,0-1,0.15346952161380553,1.414639506855979,1.5864430735702013,1.2611699852421734,1.4329735519563958
60.85217043408682,0.3772206129349893,0.3965408459233848,0.9320610077676639,0.9513503515243035,0-2,0-2,0-1,0-1,0.15376464431583245,1.4198467536909867,1.59667933032572,1.2660821093751542,1.4429146860098876
60.87217443488698,0.3795134602462433,0.4074378842123255,0.9338529768065601,0.9536812115336507,0-2,0-2,0-1,0-1,0.1536863390678378,1.425727794160537,1.607434720471847,1.2720414550926993,1.4537483814040093
60.89217843568714,0.38303070008007845,0.41897199690084486,0.9356391509954569,0.9559726458748755,0-2,0-2,0-1,0-1,0.15326815341786623,1.4322328260657662,1.6186203758852704,1.2789646726479,1.4653522224674043
60.9121824364873,0.38771423840766833,0.43102924744261967,0.937418632704694,0.9582238977637769,0-2,0-2,0-1,0-1,0.1525469859332795,1.4393025822476566,1.630144214758961,1.286755596314377,1.4775972288256816
60.93218643728746,0.3934905346601061,0.44350663576240895,0.9391905397496263,0.9604342362566354,0-2,0-2,0-1,0-1,0.15156110381824633,1.4468712126836791,1.6419145631320755,1.2953101088654329,1.4903534593138292
60.95219043808762,0.4002745783984503,0.4563123448254792,0.9409540054896453,0.9626029556679081,0-2,0-2,0-1,0-1,0.1503484671251908,1.454869250349371,1.6538433204747562,1.3045207832241803,1.5034948533495656
60.97219443888778,0.4079739671037142,0.4693654271238092,0.9427081789081925,0.964729374998194,0-2,0-2,0-1,0-1,0.1489454218354156,1.4632263770095064,1.665848452583654,1.3142809551740908,1.5169030307482385
60.99219843968794,0.4164927210165432,0.48259513803505477,0.9444522246747943,0.9668128373730904,0-2,0-2,0-1,0-1,0.1473857734658766,1.4718737842373333,1.677855720771343,1.3244880107714567,1.5304699473054664
61.0122024404881,0.42573458239235534,0.4959400742426906,0.9461853231901189,0.9688527094934867,0-2,0-2,0-1,0-1,0.14570021305688488,1.480746018493572,1.689799666888399,1.335045805436687,1.544099453831514
61.03220644128826,0.4356056661570373,0.5093472302507348,0.9479066706150344,0.9708483810977766,0-2,0-2,0-1,0-1,0.14391604175762338,1.4897822846179942,1.7016239515856515,1.345866242860371,1.5577079098280282
61.05221044208842,0.4460164322424253,0.5227710487511319,0.9496154788846162,0.9727992644364045,0-2,0-2,0-1,0-1,0.1420571286057646,1.4989272461557714,1.7132811841253037,1.3568701175500069,1.5712240555195391
61.07221444288858,0.45688302445289425,0.5361725121028849,0.9513109757080251,0.9747047937591048,0-2,0-2,0-1,0-1,0.14014403577420936,1.5081313995468406,1.7247323913469963,1.3679873637726312,1.5845883555727869
61.09221844368874,0.4681280647289868,0.5495183016344021,0.9529924045551557,0.976564424815142,0-2,0-2,0-1,0-1,0.13819425268409535,1.5173511151318178,1.7359462609677574,1.3791568624477224,1.597752008283662
61.1122224444889,0.47968100991915325,0.562780037398177,0.9546590246309159,0.9783776343668096,0-2,0-2,0-1,0-1,0.13622249124675953,1.5265484372631422,1.7468982703895164,1.3903259460163826,1.6106757791427568
61.132226445289064,0.491478178108993,0.5759336018273464,0.9563101108379835,0.9801439197164005,0-2,0-2,0-1,0-1,0.13424100623429905,1.5356907251445733,1.757569784625489,1.4014497189102741,1.6233287783911898
61.15223044608922,0.5034625405527065,0.5889585450964845,0.9579449537288467,0.9818627982468261,0-2,0-2,0-1,0-1,0.13225991557856873,1.5447502008257161,1.767947181004996,1.4124902852471475,1.6356872654264274
61.172234446889384,0.515583359172384,0.6018375667823284,0.9595628594479162,0.9835338069760218,0-2,0-2,0-1,0-1,0.13028750436611586,1.5537034548426205,1.7780210366040525,1.4234159504765047,1.6477335322379367
61.19223844768954,0.5277957324374701,0.6145560668358963,0.9611631496644623,0.9851565021252441,0-2,0-2,0-1,0-1,0.12833050319089728,1.5625309455255116,1.7877853976856288,1.4342004423346144,1.6594548944947316
61.212242448489704,0.5400600965528752,0.627101758329165,0.9627451614971063,0.9867304587013362,0-2,0-2,0-1,0-1,0.12639433648859197,1.5712165159917426,1.7972371385503496,1.4448221795031506,1.6708428020617576
61.23224644928986,0.5523417153789459,0.6394643345212323,0.9643082474305674,0.9882552700930144,0-2,0-2,0-1,0-1,0.12448333982892935,1.5797469435232474,1.8063754093153874,1.455263603694318,1.681892069486458
61.252250450090024,0.5646101816916161,0.651635183228302,0.9658517752253388,0.9897305476811994,0-2,0-2,0-1,0-1,0.12260094725100094,1.5881115291783714,1.8152011673381543,1.4655105819273704,1.6926002200871533
61.27225445089018,0.5768389441231007,0.6636071421016054,0.9673751278209385,0.9911559204634031,0-2,0-2,0-1,0-1,0.12074985093197584,1.5963017307013911,1.8237167844225974,1.4755518797694154,1.7029669334906217
61.292258451690344,0.5890048680485899,0.675374289105906,0.9688777032333574,0.9925310346921526,0-2,0-2,0-1,0-1,0.11893213606142461,1.6043108386221065,1.8319257208798108,1.485378702560682,1.7129935848183862
61.3122624524905,0.6010878343822038,0.6869317631812488,0.9703589144472973,0.9938555535274318,0-2,0-2,0-1,0-1,0.11714939396903556,1.612133693469363,1.8398322574155113,1.4949842995003275,1.7226828634464757
61.332266453290664,0.6130703773147791,0.6982756107239293,0.9718181893037674,0.995129156703092,0-2,0-2,0-1,0-1,0.11540281647864867,1.6197664409127017,1.8474412762925396,1.504363624434053,1.732038459813891
61.35227045409082,0.6249373601175132,0.7094026541198594,0.9732549703835837,0.9963515402071805,0-2,0-2,0-1,0-1,0.11369327424683541,1.6272063211247096,1.8547580839953026,1.5135130468778741,1.7410648097484671
61.372274454890984,0.6366756869673834,0.7203103790967897,0.9746687148872905,0.9975224159761255,0-2,0-2,0-1,0-1,0.11202138156100083,1.6344514885219277,1.8617882685290608,1.5224301069609267,1.74976688696806
61.39227845569114,0.6482740481016867,0.7309968381304246,0.9760588945119976,0.9986415116026996,0-2,0-2,0-1,0-1,0.11038754976764555,1.6415008581478936,1.8685375854090913,1.531113308380248,1.7581500356414457
61.412282456491305,0.6597226953159182,0.741460567546488,0.9774249953256064,0.9997085700576909,0-2,0-2,0-1,0-1,0.1087920312023989,1.648353975207359,1.8750118672704212,1.5395619440049602,1.7662198360680224
61.43228645729146,0.6710132447595586,0.7517005163114461,0.9787665176388746,1.0007233494251884,0-2,0-2,0-1,0-1,0.10723495521627469,1.6550109045765244,1.8812169528240625,1.5477759493602496,1.773981997607788
61.452290458091625,0.6821385040729371,0.7617159848049052,0.980082975875743,1.001685622651399,0-2,0-2,0-1,0-1,0.10571635764338991,1.6614721374564072,1.8871586315880298,1.5557557798130173,1.7814422739446398
61.47229445889178,0.6930923210837888,0.7715065721227913,0.9813738984423357,1.0025951773069035,0-2,0-2,0-1,0-1,0.10423620483761237,1.6677385126765334,1.892842601428244,1.563502307838921,1.7886063965906316
61.49229845969194,0.7038694515043318,0.7810721306781614,0.9826388275950125,1.0034518153622545,0-2,0-2,0-1,0-1,0.10279441321751143,1.6738111504784303,1.898274436461841,1.571016737260919,1.7954800232443295
61.5123024604921,0.7144654433103039,0.7904127270512671,0.983877319307844,1.0042553529768241,0-2,0-2,0-1,0-1,0.101390865099466,1.679691396903465,1.9034595633108298,1.578300531803999,1.8020686982113638
61.53230646129226,0.7248765357257048,0.799528608197069,0.9850889431398505,1.005005620300808,0-2,0-2,0-1,0-1,0.10002542146397614,1.6853807771744163,1.9084032440581085,1.58535535571044,1.8083778225941323
61.55231046209242,0.7350995709696767,0.8084201722510184,0.9862732821023348,1.0057024612902892,0-2,0-2,0-1,0-1,0.09869793218754068,1.6908809566937695,1.9131105645598656,1.5921830245062287,1.8144126323723249
61.57231446289258,0.7451319171389141,0.8170879432862114,0.9874299325266168,1.0063457335352677,0-2,0-2,0-1,0-1,0.09740824417878362,1.696193708485395,1.9175864270177294,1.5987854643066115,1.8201781828389458
61.59231846369274,0.7549714007976264,0.8255325494701051,0.9885585039324613,1.0069353081005727,0-2,0-2,0-1,0-1,0.09615620777952529,1.7013208860826505,1.9218355459194119,1.6051646783031253,1.8256793381398866
61.6123224644929,0.764616248025581,0.833754704149563,0.9896586188974752,1.0074710693795594,0-2,0-2,0-1,0-1,0.09494168172747552,1.7062644010171302,1.9258624466246872,1.6113227192896546,1.8309207648972117
61.63232646529306,0.7740650328342538,0.8417551894612898,0.9907299129277338,1.007952914960516,0-2,0-2,0-1,0-1,0.09376453692404081,1.7110262041918722,1.92967146601149,1.6172616672678315,1.8359069290874492
61.65233046609322,0.7833166320016712,0.8495348421226828,0.9917720343298776,1.0083807555056932,0-2,0-2,0-1,0-1,0.09262465920744258,1.7156082705328453,1.933266754709185,1.6229836113254026,1.8406420955017424
61.67233446689338,0.7923701855004681,0.857094541107352,0.9927846440849142,1.008754514642883,0-2,0-2,0-1,0-1,0.09152195129542935,1.720012586406303,1.936652280537988,1.6284906351108737,1.8451303292425587
61.69233846769354,0.8012250618016565,0.8644351969514253,0.9937674157239353,1.0090741288694745,0-2,0-2,0-1,0-1,0.09045633403287981,1.724241139368716,1.9398318328480595,1.6337848053358361,1.8493754988151796
61.7123424684937,0.8098808274311425,0.8715577424723909,0.9947200352059561,1.0093395474689186,0-2,0-2,0-1,0-1,0.08942774705556648,1.7282959098832846,1.9428090275127523,1.6388681628277182,1.8533812804571859
61.73234646929386,0.818337220237821,0.8784631247126137,0.9956422007980638,1.009550732439541,0-2,0-2,0-1,0-1,0.08843614896218795,1.7321788646935925,1.94558731237975,1.6437427157314046,1.8571511634175621
61.75235047009402,0.8265941259034707,0.8851522979455877,0.9965336229580539,1.0097076584356446,0-2,0-2,0-1,0-1,0.08748151707091124,1.735891951593053,1.948169973024131,1.6484104345221418,1.8606884559532197
61.77235447089418,0.8346515572861654,0.8916262176051556,0.9973940242197206,1.0098103127208524,0-2,0-2,0-1,0-1,0.08656384682424358,1.7394370953690965,1.9505601386797902,1.652873248544853,1.8639962918555466
61.79235847169434,0.8425096362425507,0.8978858350168952,0.9982231390809545,1.009858695133643,0-2,0-2,0-1,0-1,0.08568315089579735,1.742816194735395,1.9527607882522067,1.6571330438395977,1.8670776373564093
61.8123624724945,0.8501685776204146,0.9039320928271305,0.9990207138947963,1.009852818065041,0-2,0-2,0-1,0-1,0.08483945804471876,1.7460311200940952,1.9547747563367581,1.6611916620493765,1.8699352982920394
61.83236647329466,0.8576286751532065,0.9097659210389794,0.9997865067635769,1.0097927064484244,0-2,0-2,0-1,0-1,0.08403281175715252,1.749083711994562,1.9566047391842065,1.6650509002374094,1.872571927427054
61.85237047409482,0.8648902890226449,0.9153882335768515,1.000520287436272,1.0096783977614239,0-2,0-2,0-1,0-1,0.08326326870949417,1.7519757801755604,1.9582533005687675,1.6687125114660664,1.8749900318592734
61.87237447489498,0.8719538348857506,0.920799925311124,1.0012218372091868,1.0095099420398888,0-2,0-2,0-1,0-1,0.08253089708441542,1.7547091030953477,1.9597228775255788,1.6721782060109323,1.8771919804411634
61.89237847569514,0.87881977418847,0.9260018694836288,1.0018909488300771,1.0092874019039002,0-2,0-2,0-1,0-1,0.08183577476815919,1.7572854278687031,1.9610157859332193,1.6754496531005438,1.87918001116506
61.9123824764953,0.8854886056107638,0.9309949154822624,1.002527426405812,1.0090108525958292,0-2,0-2,0-1,0-1,0.0811779874555855,1.7597064705425085,1.9621342259243566,1.678528483086923,1.880956238468771
61.93238647729546,0.8919608575074215,0.9357798869196688,1.0031310853136617,1.0086803820304162,0-2,0-2,0-1,0-1,0.08055762668832092,1.7619739166518713,1.9630802871131885,1.6814162899635503,1.8825226604248675
61.95239047809562,0.8982370812259916,0.940357579976691,1.0037017521163047,1.008296090856886,0-2,0-2,0-1,0-1,0.07997478785042353,1.7640894220078298,1.963855953633092,1.6841146341574063,1.8838811657826684
61.97239447889578,0.9043178451978098,0.9447287619762638,1.0042392644806242,1.007858092533094,0-2,0-2,0-1,0-1,0.07942956814561399,1.7660546136750974,1.964463108981379,1.6866250455294833,1.885033540835765
61.99239847969594,0.9102037297110773,0.9488941701577485,1.0047434711003735,1.0073665134117105,0-2,0-2,0-1,0-1,0.07892206457971773,1.7678710911048245,1.964903540671034,1.6889490265251068,1.8859814760913163
62.0124024804961,0.9158953222859522,0.952854510625458,1.0052142316227661,1.0068214928384598,0-2,0-2,0-1,0-1,0.07845237197188733,1.769540427392642,1.965178944691388,1.6910880554207548,1.8867265727195008
62.03240648129626,0.9213932135814856,0.9566104574483945,1.0056514165790582,1.006223183262425,0-2,0-2,0-1,0-1,0.07802058101786892,1.7710641706369998,1.9652909297815235,1.693043589619131,1.8872703487636546
62.05241048209642,0.9266979937725782,0.9601626518910673,1.0060549073191736,1.0055717503584418,0-2,0-2,0-1,0-1,0.07762677642839583,1.772443845376548,1.9652410215213532,1.6948170689481523,1.8876142450929574
62.07241448289658,0.9318102493426643,0.9635117017577475,1.0064245959504183,1.0048673731616005,0-2,0-2,0-1,0-1,0.07727103516524471,1.7736809540887806,1.9650306662464136,1.6964099189235358,1.8877596310811688
62.09241848369674,0.9367305602441766,0.9666581808346826,1.00676038528033,1.0041102442138836,0-2,0-2,0-1,0-1,0.07695342479690825,1.7747769787348224,1.9646612347929684,1.6978235539379143,1.8877078099960602
62.1124224844969,0.9414594973846345,0.9696026284167033,1.0070621887636995,1.0033005697229627,0-2,0-2,0-1,0-1,0.07667400199480086,1.7757333823377583,1.96413402608063,1.6990593803429574,1.887460024085829
62.13242648529706,0.9459976204010321,0.972345548906316,1.0073299304537984,1.0024385697331855,0-2,0-2,0-1,0-1,0.07643281118974671,1.7765516105838006,1.9634502705398778,1.7001187993940539,1.887017459350131
62.152430486097224,0.9503454756896733,0.9748874114748439,1.0075635449578397,1.0015244783087789,0-2,0-2,0-1,0-1,0.07622988340684103,1.7772330934374323,1.9626111333921692,1.7010032100305912,1.886381249985328
62.17243448689738,0.9545035946623045,0.9772286497764635,1.0077629773966983,1.000558543729298,0-2,0-2,0-1,0-1,0.07606523529495011,1.7777792467630078,1.9616177177902672,1.7017140114680578,1.8855524824953172
62.192438487697544,0.9584724922028645,0.9793696617071269,1.0079281833689098,0.9995410286973462,0-2,0-2,0-1,0-1,0.07593886836483636,1.7781914739466478,1.9604710678265327,1.7022526055818115,1.8845321994616964
62.2124424884977,0.9622526653020164,0.9813108092013593,1.0080591289189615,0.9984722105585939,0-2,0-2,0-1,0-1,0.07585076844746977,1.7784711675131986,1.959172171416724,1.7026203990657287,1.8833214029692542
62.232446489297864,0.9658445918493331,0.9830524180608192,1.0081557905098926,0.9973523815341152,0-2,0-2,0-1,0-1,0.07580090538130167,1.7786197107340536,1.9577219630668496,1.702818805352752,1.881921057685548
62.25245049009802,0.9692487295652078,0.9845947778092967,1.0082181550002047,0.9961818489650633,0-2,0-2,0-1,0-1,0.07578923293443027,1.7786384792222603,1.9561213265303412,1.70284924628783,1.880332093595911
62.272454490898184,0.9724655150566783,0.9859381415695386,1.0082462196250912,0.9949609355696954,0-2,0-2,0-1,0-1,0.07581568896451862,1.7785288425121217,1.954371097362748,1.7027131535476032,1.8785554083982294
62.29245849169834,0.9754953629830698,0.9870827259579253,1.0082399919819787,0.9936899797127539,0-2,0-2,0-1,0-1,0.07588019581631701,1.7782921656209252,1.9524720653808407,1.702411969804608,1.8765918695645236
62.312462492498504,0.9783386653190224,0.9880287109935979,1.0081994900203857,0.9923693356872036,0-2,0-2,0-1,0-1,0.07598266095357789,1.7779298105910306,1.9504249770329112,1.7019471496374527,1.8744423160793333
62.33246649329866,0.9809957907038154,0.9887762400191559,1.008124742036077,0.9909993740083147,0-2,0-2,0-1,0-1,0.07612297781928275,1.7774431380108373,1.9482305376867337,1.7013201601915546,1.872107559867451
62.352470494098824,0.9834670838672183,0.9893254196305312,1.008015786669513,0.9895804817200654,0-2,0-2,0-1,0-1,0.07630102691534701,1.7768335085136113,1.9458894138415306,1.7005324815982643,1.8695883869261836
62.37247449489898,0.9857528651231549,0.9896763196140765,1.007872672908566,0.9881130627138379,0-2,0-2,0-1,0-1,0.07651667709052995,1.7761022842533545,1.9434022352699747,1.6995856071628246,1.8668855581794448
62.392478495699145,0.9878534299235235,0.9898289728893291,1.0076954600954935,0.9865975380593521,0-2,0-2,0-1,0-1,0.07676978702309682,1.7752508303572565,1.9407695970961352,1.6984810433341597,1.8639998100730384
62.4124824964993,0.9897690484653565,0.9897833754562989,1.0074842179381303,0.9850343463477773,0-2,0-2,0-1,0-1,0.07706020688301174,1.7742805163544102,1.9379920618149744,1.6972203094713985,1.8609318549319627
62.432486497299465,0.9914999653453511,0.9895394863465029,1.007239026525279,0.9834239440469366,0-2,0-2,0-1,0-1,0.07738778015701536,1.7731927175807756,1.9350701612588879,1.6958049374237603,1.8576823811018726
62.45249049809962,0.9930463992564827,0.9890972275773392,1.0069599763462591,0.9817668058684997,0-2,0-2,0-1,0-1,0.07775234561898012,1.7719888165604578,1.9320043985164788,1.6942364709414777,1.8542520528974986
62.472494498899785,0.994408542722104,0.988456484109743,1.0066471683145757,0.9800634251470423,0-2,0-2,0-1,0-1,0.07815373942736063,1.7706702043636382,1.9287952498086798,1.6925164649362776,1.8506415103813192
62.49249849969994,0.9955865618634887,0.9876171038094403,1.0063007137956623,0.9783143142308113,0-2,0-2,0-1,0-1,0.07859179733142543,1.7692382819415533,1.9254431663270348,1.690646484610128,1.8468513689956094
62.512502500500105,0.9965805961973535,0.9865788974124737,1.005920734638651,0.9765200048840258,0-2,0-2,0-1,0-1,0.07906635696821226,1.767694461439156,1.9219485760388748,1.688628104470944,1.8428822190706626
62.53250650130026,0.9973907584603574,0.985341638496056,1.0055073632121088,0.9746810487004942,0-2,0-2,0-1,0-1,0.07957726023278537,1.7660401674861386,1.918311885463857,1.6864629072533532,1.8387346252310717
62.552510502100425,0.9980171344580617,0.9839050634562085,1.005060742443683,0.9727980175283043,0-2,0-2,0-1,0-1,0.08012435570534178,1.7642768384672236,1.9145334814262607,1.684152482761882,1.834409125720919
62.57251450290058,0.9984597829362408,0.9822688714940588,1.0045810258635899,0.9708715039053064,0-2,0-2,0-1,0-1,0.08070750111997886,1.7624059277726576,1.9106137327871653,1.6816984266526787,1.8299062316671864
62.592518503700745,0.9987187354728492,0.9804327246131317,1.0040683776518664,0.9689021215050592,0-2,0-2,0-1,0-1,0.08132656586144826,1.7604289050300728,1.9065529921605842,1.6791023391686246,1.8252264262991358
62.6125225045009,0.9987939963893206,0.978396247630456,1.0035229726893142,0.9668905055928745,0-2,0-2,0-1,0-1,0.08198143347792686,1.7583472573188934,1.9023515976173688,1.6763658238409667,1.820370164139442
62.632526505301065,0.998685542680249,0.9761590282048501,1.0029449966120436,0.9648373134915406,0-2,0-2,0-1,0-1,0.08267200419969851,1.7561624903687028,1.8980098743806193,1.6734904861690043,1.8153378701809209
62.65253050610122,0.9983933239608442,0.9737206168863505,1.0023346458695213,0.9627432250562568,0-2,0-2,0-1,0-1,0.08339819745559339,1.7538761297429855,1.8935281365161167,1.6704779322873922,1.8101299390605234
62.672534506901385,0.9979172624319128,0.9710805271914003,1.0016921277860327,0.9606089431582476,0-2,0-2,0-1,0-1,0.08415995438105597,1.7514897220099006,1.888906688621191,1.6673297676288446,1.8047467342401349
62.69253850770154,0.9972572528624533,0.9682382357091648,1.0010176606254335,0.9584351941764753,0-2,0-2,0-1,0-1,0.08495724031373728,1.7490048359017394,1.8841458275152037,1.664047595588002,1.7991885872014663
62.712542508501706,0.9964131625903023,0.9651931822451644,1.0003114736590881,0.9562227284967872,0-2,0-2,0-1,0-1,0.08579004727453547,1.7464230634649403,1.8792458439347361,1.6606330161904048,1.7934557966602007
62.73254650930186,0.9953848315416307,0.9619447700093544,0.9995738072368598,0.9539723210177798,0-2,0-2,0-1,0-1,0.08665839643396892,1.7437460212025535,1.8742070242363056,1.6570876247685846,1.7875486278023367
62.752550510102026,0.9941720722704399,0.958492365856839,0.9988049128610251,0.9516847716625723,0-2,0-2,0-1,0-1,0.08756234056567949,1.7409753512112345,1.8690296521093301,1.653413010645555,1.7814673115436506
62.77255451090218,0.99277467001961,0.954835300590605,0.9980050532629634,0.9493609058956065,0-2,0-2,0-1,0-1,0.0885019664906733,1.7381127223148505,1.8637140103017769,1.6496107558241773,1.7752120438111036
62.792558511702346,0.9911923828054334,0.9509728693370281,0.9971745024824727,0.9470015752435021,0-2,0-2,0-1,0-1,0.08947739751763503,1.7351598311969714,1.8582603823607826,1.6456824336793363,1.7687829848431476
62.8125625125025,0.9894249415280214,0.9469043320064544,0.9963135459495471,0.9446076578189009,0-2,0-2,0-1,0-1,0.0904887958862623,1.7321184035344892,1.8526690543902313,1.6416296076482269,1.762180258503969
62.832566513302666,0.987472050110405,0.9426289138529372,0.9954224805684414,0.9421800588461343,0-2,0-2,0-1,0-1,0.09153636522208902,1.7289901951347677,1.8469403168270744,1.6374538299126786,1.7554039516049853
62.85257051410282,0.9853333856696889,0.9381458061492327,0.9945016148038415,0.9397197111874485,0-2,0-2,0-1,0-1,0.09262035301267149,1.7257769930786662,1.8410744662378145,1.6331566400659947,1.748454113225143
62.872574514902986,0.9830085987241216,0.9334541669954881,0.9935512687689417,0.9372275758683964,0-2,0-2,0-1,0-1,0.09374105311633206,1.722480616871902,1.8350718071363405,1.62873956375557,1.7413307540200085
62.89257851570314,0.980497313440593,0.9285531222827137,0.9925717743152244,0.9347046426009059,0-2,0-2,0-1,0-1,0.09489880831587737,1.7191029196071028,1.8289326538238537,1.6242041112912255,1.7340338455079765
62.912582516503306,0.9777991279276835,0.9234417668351949,0.991563475123721,0.9321519303023889,0-2,0-2,0-1,0-1,0.09609401293086084,1.7156457891389716,1.822657332251296,1.6195517762081106,1.726563319320435
62.93258651730346,0.9749136145801753,0.9181191657595275,0.9905267267975247,0.9295704876091407,0-2,0-2,0-1,0-1,0.09732711550303326,1.7121111492747974,1.8162461819041922,1.614784033771764,1.7189190664011589
62.95259051810363,0.9718403204817024,0.9125843560320118,0.9894618969553075,0.9269613933821288,0-2,0-2,0-1,0-1,0.09859862157065384,1.70850096098254,1.8096995577093469,1.609902339411886,1.711100936138693
62.97259451890378,0.9685787678731801,0.9068363483608315,0.988369365325586,0.9243257572031324,0-2,0-2,0-1,0-1,0.09990909654830207,1.704817223618444,1.803017831962238,1.604908127070142,1.703108735413936
62.99259851970395,0.9651284546956235,0.9008741293648495,0.9872495238414636,0.9216647198590403,0-2,0-2,0-1,0-1,0.10125916872977529,1.7010619761760106,1.7962013962733385,1.5998028074462354,1.6949422275435633
63.0126025205041,0.9614888552171719,0.8946966641171242,0.9861027767355617,0.9189794538119542,0-2,0-2,0-1,0-1,0.10264953243255429,1.697237298557773,1.7892506635308458,1.5945877661252188,1.6866011310982916
63.03260652130427,0.9576594207553571,0.8883028991084981,0.9849295406348424,0.9162711636525835,0-2,0-2,0-1,0-1,0.10408095130320641,1.6933453128710532,1.782166069876514,1.5892643615678468,1.6780851185733077
63.05261052210442,0.9536395805071877,0.881691765695037,0.9837302446550035,0.9135410865342477,0-2,0-2,0-1,0-1,0.10555426180393979,1.6893881847483256,1.7749480766903214,1.5838339229443859,1.6693938148863816
63.07261452290459,0.9494287425011779,0.8748621841028839,0.9825053304941184,0.9107904925846226,0-2,0-2,0-1,0-1,0.10707037690134552,1.685368124692369,1.767597172578728,1.5782977477910236,1.6605267956773826
63.09261852370474,0.9450262946874025,0.8678130680754774,0.9812552525251717,0.9080206852921919,0-2,0-2,0-1,0-1,0.10863028997913966,1.6812873894456326,1.7601138753600318,1.572657099466493,1.6514835853808922
63.11262252450491,0.9404316061836653,0.8605433302613631,0.9799804778871294,0.9052330018641763,0-2,0-2,0-1,0-1,0.11023507899742309,1.6771482833825286,1.7524987340390712,1.5669132043851055,1.642263655041648
63.132626525305064,0.9356440286983614,0.8530518884563125,0.978681486574163,0.9024288135525231,0-2,0-2,0-1,0-1,0.11188591092159982,1.6729531599223793,1.7447523307619792,1.5610672490007795,1.6328664198403795
63.15263052610523,0.9306628981532277,0.845337672831579,0.9773587715226314,0.8996095259443536,0-2,0-2,0-1,0-1,0.1135840464445583,1.668704422959688,1.7368752827400427,1.5551203765151296,1.6232912362954843
63.172634526905384,0.9254875365323619,0.8373996343013167,0.9760128386954089,0.8967765792130641,0-2,0-2,0-1,0-1,0.11533084502600766,1.6644045283070594,1.7288682441297702,1.5490736832810517,1.6135373991037625
63.19263852770555,0.920117253987315,0.829236754207043,0.9746442071631253,0.8939314483260906,0-2,0-2,0-1,0-1,0.11712777027282682,1.6600559851446597,1.720731907854165,1.5429282148718328,1.6036041375813381
63.212642528505704,0.9145513512321746,0.8208480555262071,0.9732534091818724,0.8910756432051457,0-2,0-2,0-1,0-1,0.11897639568389479,1.6556613574682633,1.7124670073477188,1.5366849617843685,1.593490611663824
63.23264652930587,0.9087891222670329,0.8122326158462357,0.9718409902669076,0.8882107088345541,0-2,0-2,0-1,0-1,0.12087841078188001,1.6512232655259875,1.7040743182049511,1.5303448547441074,1.583195907423071
63.252650530106024,0.9028298574735948,0.8033895823858298,0.970407509261872,0.8853382253131203,0-2,0-2,0-1,0-1,0.12283562765278921,1.6467443872313432,1.695554659709166,1.5239087595785539,1.5727190320563769
63.27265453090619,0.89667284713255,0.7943181893929155,0.9689535384030162,0.8824598078447824,0-2,0-2,0-1,0-1,0.12484998791133242,1.642227459537594,1.686908896214654,1.5173774716262616,1.5620589083033214
63.292658531706344,0.8903173854193523,0.7850177783048906,0.9674796633779151,0.8795771066631346,0-2,0-2,0-1,0-1,0.12692357010615232,1.6376752797551357,1.6781379383515842,1.5107517096489833,1.5512143682454318
63.31266253250651,0.8837627749427932,0.7754878211232809,0.9659864833781285,0.8766918068847385,0-2,0-2,0-1,0-1,0.1290585975731089,1.633090706790036,1.6692427440184128,1.504032109216927,1.5401841464453039
63.332666533306664,0.8770083318999726,0.7657279475335773,0.9644746111452486,0.8738056282859922,0-2,0-2,0-1,0-1,0.13125744673670622,1.6284766622775246,1.6602243191215966,1.4972192155408184,1.5289668723848904
63.35267053410682,0.8700533919315487,0.7557379763942003,0.962944673009756,0.8709203249981955,0-2,0-2,0-1,0-1,0.13352265584848985,1.6238361315794243,1.6510837180167721,1.4903134757309344,1.5175610621682822
63.372674534906984,0.8628973167732849,0.7455179523289746,0.9613973089220875,0.8680376851153321,0-2,0-2,0-1,0-1,0.13585693413607125,1.6191721646087458,1.6418220435991486,1.4833152304726744,1.5059651094630775
63.39267853570714,0.8555395018136702,0.7350681882885008,0.9598331724752983,0.8651595302090005,0-2,0-2,0-1,0-1,0.13826317131596924,1.6144878764381618,1.63244044698373,1.4762247051221926,1.4941772756677607
63.412682536507305,0.8479793846833502,0.7243893151012037,0.9582529309186869,0.8622877147448561,0-2,0-2,0-1,0-1,0.14074444739621955,1.6097864476415074,1.6229401267078567,1.4690420002452877,1.482195679311637
63.43268653730746,0.8402164550206405,0.713482339219182,0.9566572651617277,0.8594241253948914,0-2,0-2,0-1,0-1,0.1433040426586741,1.6050711243086067,1.613322327379487,1.4617670816499326,1.470018284720813
63.452690538107625,0.8322502655785735,0.7023487100825245,0.9550468697676445,0.8565706802398764,0-2,0-2,0-1,0-1,0.145945447663349,1.600345217663675,1.603588337684395,1.454399770000326,1.4576428900210459
63.47269453890778,0.8240804448637662,0.6909903987845162,0.9534224529359338,0.8537293278563146,0-2,0-2,0-1,0-1,0.1486723730549271,1.5956121032056751,1.5937394876539812,1.446939730150748,1.4450671145990541
63.492698539707945,0.8157067115258049,0.6794099900259665,0.9517847364731372,0.8509020462823437,0-2,0-2,0-1,0-1,0.15148875886999746,1.590875219275495,1.583777145082506,1.4393864604054976,1.4322883862125084
63.5127025405081,0.807128890749137,0.6676107897071831,0.9501344557511419,0.8480908418571326,0-2,0-2,0-1,0-1,0.15439878293756226,1.586138064938914,1.5737027109681212,1.431739282001352,1.4193039280305588
63.532706541308265,0.7983469329376917,0.6555969509288148,0.9484723596522716,0.8452977479284917,0-2,0-2,0-1,0-1,0.1574068678273912,1.5814041970561197,1.5635176138359625,1.4239973292287285,1.4061107460085713
63.55271054210842,0.7893609350271967,0.6433736216656544,0.9467992105004225,0.8425248234236422,0-2,0-2,0-1,0-1,0.1605176856223002,1.5766772263871935,1.553223302783576,1.4161595407648933,1.3927056171612757
63.572714542908585,0.7801711648116894,0.6309471179473172,0.9451157839774772,0.839774151278372,0-2,0-2,0-1,0-1,0.16373615955971094,1.5719608125584486,1.5428212390690017,1.4082246529987377,1.3790850795092908
63.59271854370874,0.7707780887309358,0.6183251270306377,0.9434228690242259,0.8370478367201424,0-2,0-2,0-1,0-1,0.16706746129112712,1.567258657685801,1.5323128860397524,1.4001911963946738,1.3652454247486252
63.612722544508905,0.7611824036349212,0.6055169457796549,0.9417212677250059,0.834348005401133,0-2,0-2,0-1,0-1,0.17051700212760706,1.5625744984183043,1.521699697176614,1.3920574962906973,1.351182695049007
63.63272654530906,0.7513850731225509,0.5925337602698162,0.9400117951752673,0.8316768013776814,0-2,0-2,0-1,0-1,0.17409041615419646,1.557912096126422,1.5109831019996545,1.3838216799722254,1.336892685845458
63.652730546109225,0.7413873691450581,0.5793889734774813,0.938295279331263,0.8290363849331329,0-2,0-2,0-1,0-1,0.17779353248125193,1.5532752249151707,1.5001644895550554,1.3754816924339188,1.3223709570738036
63.67273454690938,0.7311909196730907,0.5660985887523459,0.9365725608410562,0.8264289302417368,0-2,0-2,0-1,0-1,0.18163233312786775,1.548667657090657,1.489245189170614,1.3670353239627893,1.3076128560427462
63.692738547709546,0.7207977633511727,0.5526816575073017,0.9348444928560351,0.8238566228719382,0-2,0-2,0-1,0-1,0.18561289207183718,1.5440931456491316,1.4782264481353244,1.3584802535772944,1.2926135560634873
63.7127425485097,0.7102104122072697,0.5391608000442519,0.9331119408221258,0.8213216571281874,0-2,0-2,0-1,0-1,0.1897412898243352,1.5395554032890968,1.4671094059250613,1.3498141134647617,1.2773681161007262
63.732746549309866,0.6994319236497936,0.5255628084203121,0.931375782249893,0.8188262332312577,0-2,0-2,0-1,0-1,0.1940234964765178,1.5350580773685298,1.4558950645630675,1.341034580892012,1.2618715680865498
63.75275055011002,0.6884659831725214,0.5119193393677852,0.9296369064627278,0.8163725543379889,0-2,0-2,0-1,0-1,0.19846521452317742,1.5306047201394644,1.4445842546723913,1.332139505616287,1.246119040149214
63.772754550910186,0.6773169994003209,0.498267702946281,0.9278962143223228,0.8139628234023996,0-2,0-2,0-1,0-1,0.2030716709415847,1.5261987534905623,1.4331775967500051,1.3231270825489776,1.2301059258084204
63.79275855171034,0.6659902133471367,0.48465174800552724,0.9261546179306565,0.8115992398811857,0-2,0-2,0-1,0-1,0.20784734611695463,1.5218434273138306,1.421675457172664,1.313996081196876,1.2138281110557094
63.812762552510506,0.6544918240209481,0.47112283752998857,0.9244130403077108,0.8092839962877824,0-2,0-2,0-1,0-1,0.21279562551423817,1.5175417704847551,1.4100778984375886,1.3047461449705169,1.1972822729233503
63.83276655331066,0.642829132796672,0.4577408940088986,0.9226724150441767,0.8070192746003789,0-2,0-2,0-1,0-1,0.21791835896006564,1.5132965333062773,1.3983846231539512,1.2953781743462116,1.1804662641938855
63.852770554110826,0.6310107092799414,0.4445754752674409,0.9209336859284176,0.8048072425305448,0-2,0-2,0-1,0-1,0.22321531277968665,1.509110120119091,1.3865949113435772,1.2858948073394045,1.1633795985638904
63.87277455491098,0.6190465816916445,0.4317068126814121,0.919197806546992,0.8026500496604486,0-2,0-2,0-1,0-1,0.22868350300136017,1.5049845106280775,1.374707550694822,1.2763010076267174,1.146024047693462
63.892778555711146,0.6069484550941101,0.41922670468225137,0.9174657398580665,0.800549823457993,0-2,0-2,0-1,0-1,0.23431640504760434,1.5009211683459605,1.362720759560292,1.2666047632983561,1.1284043545126876
63.9127825565113,0.5947299610240362,0.40723910858726964,0.9157384577370875,0.7985086651805714,0-2,0-2,0-1,0-1,0.2401030488814731,1.4969209344235122,1.3506321027213648,1.256817885542039,1.1105290538398918
63.932786557311466,0.5824069422445444,0.39586021579979386,0.914016940494125,0.7965286456795388,0-2,0-2,0-1,0-1,0.2460270307134839,1.4929839050421507,1.3384384002923262,1.2469568743286668,1.0924113695788422
63.95279055811162,0.5699977763068519,0.3852177376997225,0.9123021763623433,0.7946118011188626,0-2,0-2,0-1,0-1,0.25206550470473493,1.489109290520405,1.326135630645977,1.2370437858156702,1.0740701259412422
63.97279455891179,0.5575237413131005,0.37544908902824037,0.9105951609571133,0.7927601286227934,0-2,0-2,0-1,0-1,0.25818826007760864,1.4852952543767526,1.313718828963419,1.227106994299144,1.0555305688858103
63.99279855971194,0.5450094265451392,0.36669815955145985,0.9088968967053327,0.7909755818687023,0-2,0-2,0-1,0-1,0.264357035738706,1.481538730862488,1.3011819840084642,1.2171816951237822,1.0368249482697582
64.0128025605121,0.5324831892578555,0.35911044862031466,0.9072083922445927,0.7892600666425149,0-2,0-2,0-1,0-1,0.27052526424037715,1.4778352200205858,1.2885179370785327,1.2073099557802087,1.0179926728381554
64.03280656131227,0.5199776566471603,0.3528265340286343,0.9055306617918919,0.7876154363753523,0-2,0-2,0-1,0-1,0.2766384503592344,1.4741785602615718,1.275718288874872,1.1975401099023375,0.9990798385156375
64.05281056211243,0.5075302684211178,0.3479741664794376,0.9038647244816832,0.7860434876810896,0-2,0-2,0-1,0-1,0.2826353532297699,1.470560679934641,1.2627733223513509,1.187925326704871,0.980137969121581
64.07281456291258,0.495183850068296,0.3446596846893725,0.902211603673115,0.7845459559155309,0-2,0-2,0-1,0-1,0.28845003707813893,1.4669713316088426,1.2496719525122078,1.1785212945307038,0.9612219154340689
64.09281856371274,0.48298719929394585,0.3429598283983016,0.9005723262264238,0.7831245107787423,0-2,0-2,0-1,0-1,0.2940146874663586,1.4633978159947185,1.2364017176563586,1.1693831285283598,0.94238703019
64.11282256451291,0.47099565762064993,0.3429152331974497,0.898947921748524,0.7817807519827898,0-2,0-2,0-1,0-1,0.2992628945320078,1.4598247068706232,1.222948830631653,1.1605618123386154,0.9236859360996452
64.13282656531307,0.4592716253568789,0.344526782680008,0.8973394218079478,0.7805162050076552,0-2,0-2,0-1,0-1,0.3041329493646584,1.4562335942281992,1.209298313014546,1.1521006448635407,0.9051653636498876
64.15283056611322,0.4478849608592309,0.347755532111647,0.8957478591193929,0.7793323169684446,0-2,0-2,0-1,0-1,0.3085706554644773,1.452602870184313,1.1954342392361712,1.1440322147198356,0.8868635837716938
64.17283456691338,0.43691318474489604,0.3525262189525115,0.8941742666982488,0.7782304526171563,0-2,0-2,0-1,0-1,0.3125312589026921,1.4489075908052422,1.181340120597073,1.1363763319025502,0.868808861694381
64.19283856771355,0.4264413881021138,0.3587336713951022,0.8926196769855917,0.7772118905021972,0-2,0-2,0-1,0-1,0.31598032043764473,1.445119456140894,1.1669994593888269,1.1291391357032492,0.8510191389511821
64.21284256851371,0.41656172423513144,0.3662509516000558,0.8910851209442628,0.7762778193085554,0-2,0-2,0-1,0-1,0.3188936100351901,1.4412069590036147,1.1523964989449023,1.1223133489684245,0.8335028889097121
64.23284656931386,0.407372351861682,0.37493794712776407,0.8895716271267726,0.7754293344010174,0-2,0-2,0-1,0-1,0.32125630792530646,1.4371357578886053,1.1375171839244003,1.1158794499632987,0.8162608759990938
64.25285057011402,0.398975702292983,0.38464932014110376,0.8880802207159092,0.7746674345920704,0-2,0-2,0-1,0-1,0.3230618885217824,1.4328693274114712,1.1223503241016979,1.1098074388896888,0.7992884355799155
64.27285457091419,0.3914759740515068,0.39524110228255876,0.8866119225390627,0.7739930191551563,0-2,0-2,0-1,0-1,0.32431103740182937,1.4283699265344891,1.1068889230342063,1.1040588891326597,0.7825778856323768
64.29285857171435,0.38497582500951816,0.4065756285935698,0.8851677480574246,0.7734068851027316,0-2,0-2,0-1,0-1,0.32501083999324076,1.4235998968360106,1.0911315913455635,1.0985890568427699,0.7661207513523227
64.3128625725145,0.379572338695011,0.41852482844904526,0.8837487063313563,0.7729097247471722,0-2,0-2,0-1,0-1,0.3251743318850173,1.4185232585763312,1.0750839182396317,1.093348926691314,0.7499095863546144
64.33286657331466,0.3753524811731806,0.4309720933655948,0.8823557989633762,0.7725021235609275,0-2,0-2,0-1,0-1,0.324820358675857,1.4131075144337673,1.0587596345500665,1.0882871557579104,0.7339392758742095
64.35287057411483,0.3723884153482182,0.44381302938862577,0.8809900190203543,0.7721845583505017,0-2,0-2,0-1,0-1,0.32397358919381186,1.4073255092279109,1.0421813804958806,1.083351920034099,0.7182077913020688
64.37287457491499,0.3707331624727559,0.45695540823325775,0.8796523499366559,0.7719573957568459,0-2,0-2,0-1,0-1,0.32266447748031674,1.4011571447741114,1.0253809058806795,1.0784926672937947,0.7027164284003629
64.39287857571514,0.3704171509796176,0.4703185920018615,0.8783437644001179,0.7718208910925931,0-2,0-2,0-1,0-1,0.3209289811900805,1.3945907308071637,1.0083985879349402,1.073661749617083,0.6874696067448597
64.4128825765153,0.3714461355041217,0.48383264884548893,0.8770652232228955,0.7717751875242893,0-2,0-2,0-1,0-1,0.31880790914337365,1.3876237795287876,0.9912822477143381,1.0688158703854138,0.6724743385709645
64.43288657731547,0.37380079834533486,0.4974373187258855,0.8758176741993505,0.771820315605395,0-2,0-2,0-1,0-1,0.3163458682416991,1.3802631241175898,0.9740853600997152,1.0639172558758907,0.6577394918580162
64.45289057811563,0.37743809473470885,0.5110809381439888,0.8746020509532999,0.771956193163378,0-2,0-2,0-1,0-1,0.31358988099661156,1.3725243456778533,0.9568648549340975,1.0589344646812417,0.6432749739374859
64.47289457891578,0.38229413607753726,0.5247193932393617,0.8734192717770755,0.772182625541733,0-2,0-2,0-1,0-1,0.3105878209966865,1.3644306015200125,0.9396787687067639,1.053842780523326,0.6290909477100775
64.49289857971594,0.3882881922752776,0.5383151417602575,0.872270238464978,0.7724993061952471,0-2,0-2,0-1,0-1,0.30738684637709895,1.3560110314672922,0.922584011653566,1.0486241850901932,0.615197165276467
64.51290258051611,0.3953272844344364,0.5518363243867893,0.8711558351438271,0.7729058176343618,0-2,0-2,0-1,0-1,0.30403199828687194,1.3472989588559343,0.9056344675543795,1.0432669605690623,0.6016024692675075
64.53290658131627,0.40331084415209545,0.5652559727337515,0.8700769271034319,0.77340163271204,0-2,0-2,0-1,0-1,0.3005650844801168,1.33833009578911,0.8888795622176049,1.0377650113089931,0.588314477737488
64.55291058211643,0.41213501122133867,0.5785513131919371,0.8690343596299042,0.7739861162442031,0-2,0-2,0-1,0-1,0.29702390681073493,1.3291409191493087,0.8723633472669727,1.0321170123385737,0.5753394404562377
64.57291458291658,0.4216962850295622,0.5917031610591805,0.8680289568448404,0.7746585269525644,0-2,0-2,0-1,0-1,0.29344183381063454,1.3197673232347815,0.8561240700743168,1.026325489424147,0.5626822362636823
64.59291858371675,0.4318943932083386,0.6046953970076809,0.8670615205534781,0.7754180197165759,0-2,0-2,0-1,0-1,0.28984767726587835,1.3102435942807833,0.8401941503919703,1.020395917014905,0.550346473126092
64.61292258451691,0.4426343642262206,0.6175145170000416,0.8661328291050051,0.7762636481192708,0-2,0-2,0-1,0-1,0.2862658084897793,1.300601703350594,0.8246004611430101,1.0143358948608148,0.5383346526532309
64.63292658531707,0.45382787516950585,0.6301492467271487,0.8652436362682651,0.7771943672700152,0-2,0-2,0-1,0-1,0.2827164436083085,1.290870881918311,0.8093648097347301,1.0081544383100025,0.5266483661264216
64.65293058611722,0.4653939919631413,0.6425902121114335,0.8643946701261377,0.7782090368856202,0-2,0-2,0-1,0-1,0.27921603251840554,1.2810774282416377,0.7945045292298822,1.0018613957232323,0.5152884967114767
64.67293458691739,0.47725943447153396,0.6548296581497188,0.8635866319919107,0.7793064246099142,0-2,0-2,0-1,0-1,0.27577769781944705,1.2712446887163533,0.780033108205269,0.9954669908969063,0.504255410385822
64.69293858771755,0.4893584934675394,0.666861209204602,0.8628201953509677,0.7804852095507426,0-2,0-2,0-1,0-1,0.2724116836366599,1.261393162416777,0.7659608085980691,0.988981478780117,0.49354912496140924
64.7129425885177,0.5016327096630298,0.6786796646985448,0.8620960048311181,0.7817439860124603,0-2,0-2,0-1,0-1,0.26912578708897444,1.2515406851049569,0.7522952390093551,0.9824148980159824,0.4831694519203807
64.73294658931786,0.5140304038082194,0.69028082496776,0.8614146752048698,0.783081267401314,0-2,0-2,0-1,0-1,0.2659257558236349,1.2417026583537107,0.7390418653851698,0.9757769025300758,0.4731161095615349
64.75295059011803,0.5265061257265515,0.7016613427667434,0.8607767904269114,0.7844954902806677,0-2,0-2,0-1,0-1,0.26281564313911915,1.2318922983727432,0.7262044515361673,0.9690766552336241,0.46338880839704816
64.77295459091819,0.5390200714309329,0.7128185965681739,0.8601829027100122,0.7859850185528109,0-2,0-2,0-1,0-1,0.25979811790854107,1.2221208868024618,0.7137854290540091,0.9623227688939207,0.45398731114546803
64.79295859171835,0.5515375021101713,0.7237505823755548,0.8596335316424737,0.7875481477440952,0-2,0-2,0-1,0-1,0.25687473021423796,1.2123980118656053,0.7017862005540597,0.9555232816513672,0.44491147033982176
64.8129625925185,0.5640281868603318,0.7344558212614762,0.8591291633501769,0.7891831093703552,0-2,0-2,0-1,0-1,0.2540461357911858,1.2027317928912546,0.6902073825528612,0.9486856571000688,0.4361612467616754
64.83296659331867,0.5764658822009066,0.744933280269415,0.8586702497061538,0.7908880753599773,0-2,0-2,0-1,0-1,0.25131228349021284,1.193129084554728,0.6790489953057806,0.9418168010645152,0.4277367118155677
64.85297059411883,0.5888278551211752,0.7551823046793532,0.8582572075904873,0.7926611625125699,0-2,0-2,0-1,0-1,0.2486725703699131,1.1835956594670292,0.6683106070790602,0.9349230890971161,0.4196380367091471
64.87297459491899,0.6010944520933014,0.7652025599450746,0.8578904182031979,0.794500436971938,0-2,0-2,0-1,0-1,0.24612596897678646,1.174136369246731,0.6579914399689861,0.9280104002699445,0.41186547099219967
64.89297859571914,0.6132487136672584,0.774993981871288,0.8575702264326077,0.7964039186929667,0-2,0-2,0-1,0-1,0.24367113106816715,1.1647552851293688,0.6480904437559009,0.9210841540612016,0.4044193126877337
64.91298259651931,0.6252760325195534,0.784556733818558,0.857296940281503,0.798369585883039,0-2,0-2,0-1,0-1,0.24130647159973984,1.1554558196852347,0.6386063435510537,0.9141493480854949,0.3972998719513139
64.93298659731947,0.6371638518406844,0.7938911699094562,0.8570708303532135,0.8003953793997477,0-2,0-2,0-1,0-1,0.23903023632220077,1.1462408314567847,0.629537666257926,0.9072105951345839,0.3905074299357252
64.95299059811963,0.6489014004748176,0.8029978033656663,0.8568921293995269,0.8024792070878827,0-2,0-2,0-1,0-1,0.23684055585890104,1.1371127143870916,0.6208827501802187,0.9002721585281905,0.3840421943213176
64.97299459891978,0.6604794610918676,0.8118772792375465,0.8567610319321317,0.804618948039962,0-2,0-2,0-1,0-1,0.2347354886964341,1.128073473859424,0.6126397414929026,0.8933379851629899,0.37790425279646844
64.99299859971995,0.6718901677527421,0.8205303508987425,0.8566776938990556,0.8068124567659178,0-2,0-2,0-1,0-1,0.23271305512564122,1.1191247910518345,0.6048065807579831,0.8864117359261933,0.3720935256323419
65.01300260052011,0.6831268294346999,0.8289578597721542,0.856642232427317,0.8090575672589158,0-2,0-2,0-1,0-1,0.2307712638265237,1.1102680771616682,0.5973809822114008,0.8794968133351445,0.3666097183848771
65.03300660132027,0.6941837763575751,0.8371607178326804,0.8566547256327699,0.8113520969456779,0-2,0-2,0-1,0-1,0.22890813249560774,1.101504518893406,0.590360408162851,0.8725963863977984,0.36145227566724325
65.05301060212042,0.7050562262531311,0.8451398924990108,0.8567152124978547,0.8136938505110595,0-2,0-2,0-1,0-1,0.22712170366532816,1.0928351164424777,0.5837420405261325,0.8657134127771495,0.3566203368608044
65.0730146029206,0.7157401680253807,0.8528963935832965,0.8568236928177108,0.8160806235880093,0-2,0-2,0-1,0-1,0.2254100566564124,1.0842607150548131,0.5775227512215052,0.8588506583984008,0.3521126945650928
65.09301860372075,0.7262322605431647,0.8604312620154259,0.8569801272148491,0.8185102063053777,0-2,0-2,0-1,0-1,0.2237713164313438,1.0757820311014097,0.5716990729531166,0.852010714670066,0.3479277565217728
65.1130226045209,0.7365297445801147,0.8677455600992593,0.8571844372223051,0.8209803866873464,0-2,0-2,0-1,0-1,0.22220365997406782,1.067399673480533,0.5662671716531656,0.8451960135064653,0.3440635116790978
65.13302660532106,0.74663036616624,0.8748403630926759,0.857436505434938,0.8234889538995072,0-2,0-2,0-1,0-1,0.22070532070390136,1.0591141610480506,0.5612228216924269,0.8384088403441492,0.3405175009885255
65.15303060612123,0.7565323098394758,0.8817167519326212,0.8577361757282748,0.8260337013378132,0-2,0-2,0-1,0-1,0.2192745913353852,1.0509259366778703,0.556561384776618,0.8316513453424851,0.3372867934412328
65.17303460692139,0.7662341404839225,0.8883758069513382,0.8580832535440411,0.8286124295577604,0-2,0-2,0-1,0-1,0.21790982551744578,1.0428353784689979,0.5522777932758828,0.8249255529515521,0.334367967758437
65.19303860772155,0.7757347526164817,0.8948186024512719,0.8584775062412691,0.8312229490422194,0-2,0-2,0-1,0-1,0.21660943852118433,1.0348428085417336,0.5483665385666382,0.8182333700205493,0.3317571000454539
65.2130426085217,0.7850333261361708,0.9010462020243446,0.8589186635116223,0.833863082807327,0-2,0-2,0-1,0-1,0.21537190719365223,1.0269484998020575,0.5448216648005382,0.8115765926084053,0.32944975760688594
65.23304660932186,0.7941292876836963,0.9070596545168708,0.8594064178573518,0.8365306688467633,0-2,0-2,0-1,0-1,0.21419576935256582,1.0191526809986964,0.541636768353664,0.8049569116461306,0.32744099900109824
65.25305061012203,0.8030222768741151,0.9128599905547214,0.8599404251300649,0.8392235624155696,0-2,0-2,0-1,0-1,0.21307962276260672,1.0114555403508578,0.53880500305227,0.7983759175882511,0.32572538028966325
65.27305461092219,0.8117121167652909,0.9184482195547975,0.8605203051282752,0.8419396381554246,0-2,0-2,0-1,0-1,0.21202212380606525,1.0038572279848839,0.5363190911212753,0.7918351041788186,0.32429696731521007
65.29305861172234,0.820198788011226,0.9238253271587012,0.8611456422515105,0.8446767920639748,0-2,0-2,0-1,0-1,0.21102198593794308,0.9963578573841424,0.5341713396609917,0.7853358714461993,0.32314935372304865
65.3130626125225,0.8284824062235342,0.9289922730329621,0.8618159862085615,0.8474329433114149,0-2,0-2,0-1,0-1,0.21007797799737013,0.988957506027735,0.5323536623297566,0.7788795280303649,0.3222756843323864
65.33306661332267,0.8365632021287026,0.9339499889874646,0.862530852777291,0.8502060359080474,0-2,0-2,0-1,0-1,0.20918892243229792,0.9816562153688857,0.5308576057974685,0.7724672929365878,0.3216686833651706
65.35307061412283,0.8444415041638876,0.9386993773700167,0.8632897246132667,0.8529940402270011,0-2,0-2,0-1,0-1,0.2083536934824677,0.9744539902830164,0.5296743804408331,0.7661002968005487,0.32132068695836546
65.37307461492298,0.8521177232017859,0.9432413097004355,0.8640920521043479,0.8557949543866863,0-2,0-2,0-1,0-1,0.20757121535591977,0.9673507980975421,0.5287948946767731,0.7597795827416223,0.32122367932085333
65.39307861572314,0.8595923391359693,0.947576625512234,0.8649372542682359,0.8586068054978744,0-2,0-2,0-1,0-1,0.20684046042651147,0.9603465673002556,0.528209792277842,0.7535061068737441,0.32136933185133054
65.41308261652331,0.8668658890936651,0.9517061313740678,0.8658247196898953,0.8614276507805682,0-2,0-2,0-1,0-1,0.20616044747356221,0.9534411860100009,0.5279094919822245,0.7472807385364387,0.32174904450866226
65.43308661732347,0.8739389570733351,0.9556306000666411,0.86675380749568,0.8642555785560184,0-2,0-2,0-1,0-1,0.20553023997968187,0.946634500282208,0.5278842287013072,0.7411042603025261,0.32235398872162535
65.45309061812362,0.8808121648309141,0.959350769893841,0.8677238483609193,0.8670887091194076,0-2,0-2,0-1,0-1,0.20494894449875015,0.9399263123121534,0.5281240956378512,0.7349773678134033,0.3231751511391011
65.47309461892378,0.8874861638611368,0.9628673441095515,0.8687341455476899,0.8699251954988206,0-2,0-2,0-1,0-1,0.204415709102758,0.9333163785906194,0.5286190866561852,0.7289006694878615,0.3242033775534272
65.49309861972395,0.8939616283402635,0.966180990443923,0.8697839759694548,0.8727632241061812,0-2,0-2,0-1,0-1,0.2039297219136105,0.9268044080593374,0.5293591382892036,0.7228746861457269,0.3254294163755931
65.51310262052411,0.900239248913394,0.9692923407149138,0.8708725912792529,0.8756010152858528,0-2,0-2,0-1,0-1,0.20349020972393214,0.9203900603074633,0.5303341708231115,0.7168998505835311,0.32684396109917935
65.53310662132427,0.9063197272244623,0.9722019905126903,0.871999218978121,0.8784368237665932,0-2,0-2,0-1,0-1,0.2030964367092882,0.9140729438448094,0.5315341279660021,0.7109765071355212,0.32843769125671385
65.55311062212442,0.9122037710996247,0.9749104989460433,0.8731630635404557,0.8812689390224921,0-2,0-2,0-1,0-1,0.20274770323296593,0.9078526144829336,0.5329490146779724,0.7051049112499677,0.3302013114450065
65.57311462292459,0.9178920903060324,0.9774183884413276,0.8743633075530557,0.8840956855484576,0-2,0-2,0-1,0-1,0.2024433447434775,0.9017285738508851,0.534568932814807,0.6992852291074076,0.3321255880713295
65.59311862372475,0.9233853928175114,0.9797261445856461,0.8755991128646474,0.8869154230557061,0-2,0-2,0-1,0-1,0.20218273076420137,0.8957002680688217,0.5363841143122846,0.6935175373046204,0.33420138354808326
65.6131226245249,0.9286843815271839,0.9818342160070526,0.8768696217427487,0.889726546592597,0-2,0-2,0-1,0-1,0.20196526397403558,0.8897670865993336,0.5383849517108343,0.687801822625298,0.33641968773679876
65.63312662532506,0.9337897513542406,0.9837430142854776,0.8781739580348177,0.8925274865960073,0-2,0-2,0-1,0-1,0.20179037937751967,0.8839283612935256,0.540562025889288,0.6821379819160059,0.3387716465117684
65.65313062612523,0.9387021866985977,0.9854529138889223,0.8795112283307148,0.8953167088782903,0-2,0-2,0-1,0-1,0.2016575435626336,0.8781833656461635,0.5429061309395358,0.67652582208353,0.34124858737690217
65.67313462692539,0.9434223592026353,0.9869642521301836,0.8808805231236138,0.8980927145546966,0-2,0-2,0-1,0-1,0.20156625404429426,0.8725313142719436,0.5454082961707151,0.6709650602276493,0.3438420421264208
65.69313862772555,0.9479509257841804,0.9882773291400484,0.8822809179666015,0.9008540399159534,0-2,0-2,0-1,0-1,0.20151603869151874,0.8669713626127226,0.5480598052807554,0.6654553239212038,0.34654376658923663
65.7131426285257,0.9522885269090392,0.9893924078534788,0.8837114746223322,0.9035992562505243,0-2,0-2,0-1,0-1,0.20150645523616484,0.8615026068837532,0.5508522127751005,0.6599961516475884,0.3493457575389357
65.73314662932587,0.9564357850752394,0.9903097140058341,0.8851712422032236,0.9063269696208716,0-2,0-2,0-1,0-1,0.20153709086124716,0.8561240842651071,0.5537773577464348,0.65458699340386,0.3522402668851876
65.75315063012603,0.960393303484324,0.9910294361366763,0.8866592582998142,0.9090358205978603,0-2,0-2,0-1,0-1,0.20160756186687823,0.8508347733429892,0.5568273751563415,0.649227211476111,0.3552198132894633
65.77315463092619,0.964161664878007,0.9915517255991377,0.8881745500950433,0.9117244839572404,0-2,0-2,0-1,0-1,0.20171751341205268,0.8456335948041158,0.5599947047797798,0.6439160813920631,0.35827719136772707
65.79315863172634,0.9677414305209198,0.9918766965732468,0.8897161354623506,0.9143916683419591,0-2,0-2,0-1,0-1,0.201866619330593,0.8405194123851715,0.5632720979873995,0.6386527930545784,0.3614054786568065
65.81316263252651,0.9711331393125141,0.9920044260819874,0.8912830240456384,0.9170361158938507,0-2,0-2,0-1,0-1,0.20205458201981594,0.835491034078066,0.5666526225489187,0.63343645205825,0.3645980405291027
65.83316663332667,0.9743373070130792,0.9919349540092401,0.8928742183192898,0.9196566018580701,0-2,0-2,0-1,0-1,0.2022811324006381,0.8305472135907734,0.570129665644599,0.6282660811901353,0.3678485332439609
65.85317063412683,0.9773544255706287,0.9916682831190994,0.894488714626575,0.9222519341634395,0-2,0-2,0-1,0-1,0.20254602994811366,0.8256866520625152,0.5736969352713156,0.6231406221144016,0.37115090532320194
65.87317463492698,0.9801849625368706,0.9912043790763994,0.8961255041949294,0.9248209529817026,0-2,0-2,0-1,0-1,0.20284906279156983,0.8209080000313772,0.5773484602262436,0.6180589372398073,0.3744993974346738
65.89317863572715,0.9828293605619166,0.9905431704686303,0.8977835741267354,0.9273625302684911,0-2,0-2,0-1,0-1,0.20319004788382902,0.8162098596516254,0.5810785888446607,0.6130198117677964,0.3778885409608317
65.91318263652731,0.9852880369585321,0.9896845488297557,0.8994619083643783,0.929875569288643,0-2,0-2,0-1,0-1,0.20356883123921968,0.8115907871575191,0.5848819866601944,0.6080219559182994,0.38131315542097477
65.93318663732747,0.9875613833278609,0.9886283686667997,0.9011594886284935,0.9323590041283379,0-2,0-2,0-1,0-1,0.2039852882404145,0.8070492955698372,0.5887536331458889,0.6030640073294227,0.3847683449054744
65.95319063812762,0.9896497652394478,0.9873744474904268,0.9028752953284562,0.9348117991963543,0-2,0-2,0-1,0-1,0.20443932401435344,0.8025838576411383,0.5926888176838814,0.5981445336267848,0.38824949366952793
65.9731946389278,0.9915535219593052,0.9859225658511205,0.9046083084443075,0.937232948716596,0-2,0-2,0-1,0-1,0.20493087387788514,0.7981929090353879,0.5966831348999095,0.5932620351575028,0.39175226102202443
65.99319863972795,0.9932729662204943,0.9842724673829694,0.906357508379433,0.9396214762138875,0-2,0-2,0-1,0-1,0.2054599038540177,0.7938748517375763,0.6007324794874153,0.5884149478835586,0.39527257563339757
66.0132026405281,0.9948083840314146,0.9824238588575073,0.9081218767834442,0.9419764339948925,0-2,0-2,0-1,0-1,0.20602641126005863,0.7896280576888284,0.6048330406342738,0.5836016464287698,0.3988066293742152
66.03320664132826,0.9961600345175832,0.9803764102505236,0.9099003973448286,0.9442969026258747,0-2,0-2,0-1,0-1,0.20663042536918305,0.785450872642768,0.6089812961540558,0.578820447273585,0.40235087078487275
66.05321064212843,0.9973281497932873,0.9781297548252843,0.9116920565530554,0.9465819904088908,0-2,0-2,0-1,0-1,0.20727200814740337,0.7813416202389643,0.6131740064126086,0.5740696120915609,0.4059019982652052
66.07321464292859,0.998312934859987,0.9756834892361747,0.913495844429931,0.9488308328578791,0-2,0-2,0-1,0-1,0.20795125506821838,0.7772986062897529,0.6174082081305365,0.5693473512215346,0.40945695306231816
66.09321864372875,0.9991145675288379,0.9730371736574153,0.9153107552301047,0.9510425921759958,0-2,0-2,0-1,0-1,0.20866829600767023,0.7733201232770449,0.6216812081322425,0.5646518272693747,0.41301291212457225
66.1132226445289,0.999733198365118,0.9701903319422168,0.9171357881107234,0.9532164567354402,0-2,0-2,0-1,0-1,0.20942329622284964,0.7694044550564798,0.6259905771033388,0.5599811588336302,0.4165672808804892
66.13322664532907,1.000168950652775,0.9671424518185404,0.9189699477703277,0.955351640560897,0-2,0-2,0-1,0-1,0.21021645741739983,0.765549881766785,0.6303341434096523,0.5553334243493852,0.4201176859922525
66.15323064612923,1.000421920377681,0.9638929851285316,0.9208122450571672,0.9574473828176452,0-2,0-2,0-1,0-1,0.21104801889793334,0.7617546849431398,0.6347099870235556,0.5507066660452065,0.4236619681256223
66.17323464692939,1.0004921762285537,0.9604413481197188,0.9226616975471947,0.9595029473052706,0-2,0-2,0-1,0-1,0.21191825882581475,0.7580171528341035,0.6391164335962392,0.5460988940082888,0.42719817477042443
66.19323864772954,1.000379759614844,0.9567869217972242,0.9245173300920718,0.9615176219578508,0-2,0-2,0-1,0-1,0.2128274955691442,0.7543355859228741,0.643552048708471,0.5415080903537299,0.43072455313932684
66.21324264852971,1.0000846847012381,0.9529290523475463,0.9263781753375882,0.9634907183513882,0-2,0-2,0-1,0-1,0.21377608916038462,0.750708302654576,0.6480156323265519,0.5369322134941914,0.4342395431661673
66.23324664932987,0.9996069384587565,0.9488670516459727,0.9282432742129589,0.9654215712192012,0-2,0-2,0-1,0-1,0.21476444286553073,0.7471336453726589,0.6525062134853156,0.5323692025071282,0.4377417706197848
66.25325065013003,0.9989464807327599,0.9446001978613845,0.9301116763915228,0.9673095379759106,0-2,0-2,0-1,0-1,0.21579300487135336,0.7436099864686706,0.6570230452154258,0.5278169815973173,0.4412300403440724
66.27325465093018,0.9981032443285114,0.9401277361741668,0.9319824407234072,0.9691539982505908,0-2,0-2,0-1,0-1,0.21686227009774958,0.7401357347512936,0.6615655997284947,0.523273464653544,0.4447033296307451
66.29325865173035,0.9970771351152877,0.9354488796251672,0.9338546356407859,0.9709543534296023,0-2,0-2,0-1,0-1,0.21797278214293958,0.7367093420418741,0.6661335638699178,0.5187365598989345,0.44816078172697826
66.31326265253051,0.9958680321503907,0.9305628101161987,0.9357273395363801,0.9727100262095609,0-2,0-2,0-1,0-1,0.21912513536982947,0.7333293100054538,0.670726834846476,0.5142041746356243,0.4516016994766465
66.33326665333067,0.9944757878247629,0.9254686795855231,0.9375996411158989,0.9744204601608477,0-2,0-2,0-1,0-1,0.2203199771426084,0.7299941972278663,0.675345516233005,0.5096742200852579,0.45502553909039656
66.35327065413082,0.9929002280323348,0.920165611385115,0.9394706397251423,0.9760851193020234,0-2,0-2,0-1,0-1,0.22155801022326604,0.7267026265514748,0.6799899142603956,0.5051446163282087,0.4584319040371295
66.373274654931,0.9911411523656163,0.9146527018903886,0.9413394456525142,0.9777034876854597,0-2,0-2,0-1,0-1,0.2228399953385434,0.7234532926838025,0.6846605343850628,0.5006132973452592,0.46182053904651943
66.39327865573115,0.9891983343405196,0.9089290223775426,0.9432051804077164,0.9792750689944637,0-2,0-2,0-1,0-1,0.22416675392851618,0.7202449700954294,0.6893580781385469,0.4960782161669133,0.46519132421003073
66.41328265653131,0.9870715216538606,0.9029936212088328,0.9450669769774105,0.9807993861521375,0-2,0-2,0-1,0-1,0.22553917108886032,0.7170765212253991,0.6940834402543726,0.49153735013653876,0.4685442691655123
66.43328665733146,0.984760436477553,0.8968455263720486,0.9469239800586483,0.9822759809421773,0-2,0-2,0-1,0-1,0.22695819871954326,0.7139469050146834,0.6988377060683235,0.48698870629514013,0.47187950734878026
66.45329065813164,0.982264775794056,0.8904837484273668,0.9487753462708808,0.9837044136417922,0-2,0-2,0-1,0-1,0.22842485889356565,0.7108551857901901,0.7036221491871203,0.48243032689662446,0.4751972902935546
66.47329465893179,0.9795842117783099,0.8839072839227459,0.9506202443473614,0.985084262666888,0-2,0-2,0-1,0-1,0.22994024746007727,0.7078005425241651,0.7084382294198446,0.4778602950640879,0.47849798195976734
66.49329865973195,0.9767183922320609,0.8771151193483083,0.9524578553067644,0.9864151242296475,0-2,0-2,0-1,0-1,0.23150553789699496,0.7047822784958946,0.7132875909656389,0.4732767405988996,0.4817820530686439
66.5133026605321,0.9736669410773346,0.8701062357109308,0.9542873726058363,0.9876966120086028,0-2,0-2,0-1,0-1,0.23312198542883564,0.7017998313850825,0.7181720608508597,0.46867784595624684,0.48505007542202405
66.53330666133228,0.9704294589166229,0.8628796138228113,0.9561080022738976,0.9889283568312922,0-2,0-2,0-1,0-1,0.23479093142613588,0.6988527838283133,0.723093647608242,0.4640618524021774,0.48830271618210613
66.55331066213243,0.967005523668399,0.8554342404123949,0.9579189630300087,0.990110006369561,0-2,0-2,0-1,0-1,0.23651380810318717,0.6959408744724076,0.7280545401904231,0.4594270663692204,0.491540732087236
66.57331466293259,0.9633946912876094,0.8477691151831086,0.9597194863836022,0.99124122484756,0-2,0-2,0-1,0-1,0.23829214353109465,0.6930640095605031,0.7330571071097529,0.45477186602940844,0.4947649635786583
66.59331866373275,0.959596496582112,0.8398832589652884,0.961508816719379,0.9923216927624802,0-2,0-2,0-1,0-1,0.24012756698301696,0.6902222750890253,0.7381038957962501,0.4500947081060084,0.49797632881323317
66.61332266453292,0.9556104541373436,0.8317757231300208,0.963286211367253,0.9933511066180459,0-2,0-2,0-1,0-1,0.24202181462805492,0.6874159495755116,0.7431976321652053,0.4453941349474566,0.5011758175371503
66.63332666533307,0.9514360593631316,0.8234456004609801,0.9650509406581148,0.9943291786707865,0-2,0-2,0-1,0-1,0.2439767355892071,0.6846455174792735,0.7483412203858738,0.4406687818900664,0.5043644847966667
66.65333066613323,0.9470727896782686,0.8148920377124415,0.9668022879661735,0.9952556366890891,0-2,0-2,0-1,0-1,0.24599429837917966,0.681911683318374,0.7535377428424117,0.4359173849391944,0.5075434444632321
66.67333466693339,0.9425201058505615,0.8061142501193915,0.9685395497386201,0.9961302237250366,0-2,0-2,0-1,0-1,0.2480765977251592,0.6792153865280265,0.758790460278175,0.43113878880286727,0.5107138625530158
66.69333866773356,0.937777453512243,0.7971115381700714,0.9702620355133361,0.9969526978990203,0-2,0-2,0-1,0-1,0.2502258617899248,0.6765578171063533,0.7641028121141403,0.42633195531642853,0.5138769503242155
66.71334266853371,0.9328442648732765,0.7878833070036152,0.9719690679253593,0.9977228321971217,0-2,0-2,0-1,0-1,0.2524444597912576,0.6739404320942941,0.7694784169320564,0.4214959723030365,0.5170339571407988
66.73334666933387,0.927719960657915,0.7784290888571986,0.9736599827027947,0.9984404142812455,0-2,0-2,0-1,0-1,0.25473491001426674,0.6713649729364102,0.7749210731125002,0.41663006292214344,0.5201861630982335
66.75335067013403,0.9224039522933071,0.7687485690600266,0.9753341286528456,0.9991052463119888,0-2,0-2,0-1,0-1,0.25709988820118884,0.6688334837691055,0.7804347596177301,0.4117335955679166,0.5233348714165413
66.7733546709342,0.9168956443825927,0.7588416161576924,0.9769908676386135,0.9997171447842281,0-2,0-2,0-1,0-1,0.259542236289908,0.6663483306813367,0.7860236369085395,0.4068060943914287,0.5264814006186315
66.79335867173435,0.9111944374993207,0.7487083168524126,0.9786295745473043,1.0002759403754065,0-2,0-2,0-1,0-1,0.2620649714546924,0.6639122219909572,0.7916920479837298,0.40184725053626486,0.5296270765290374
66.81336267253451,0.9052997313448093,0.7383490165653442,0.9802496372504503,1.0007814778064996,0-2,0-2,0-1,0-1,0.26467129537940465,0.6615282295764905,0.7974445195298155,0.39685693419708584,0.5327732241504108
66.83336667333467,0.8992109283158031,0.727764366570074,0.9818504565567433,1.0012336157156474,0-2,0-2,0-1,0-1,0.2673646036629811,0.6591998112999583,0.8032857631675748,0.3918352076369772,0.5359211595045937
66.85337067413484,0.8929274375360216,0.7169553788155125,0.9834314461580499,1.0016322265444293,0-2,0-2,0-1,0-1,0.27014849521744944,0.6569308345502717,0.8092206767804829,0.38678233933282224,0.5390721815630335
66.873374674935,0.8864486794126193,0.7059234897565155,0.9849920325691605,1.0019771964367734,0-2,0-2,0-1,0-1,0.27302678146744286,0.6547256009293244,0.8152543459083618,0.38169881946188156,0.5422275644409189
66.89337867573515,0.8797740907868217,0.6946706347469831,0.9865316550618077,1.0022684251504872,0-2,0-2,0-1,0-1,0.2760034950939579,0.6525888720932211,0.8213920451872266,0.37658537699926325,0.5453885500932687
66.9133826765353,0.8729031307577603,0.6831993348289948,0.9880497655934622,1.0025058259813981,0-2,0-2,0-1,0-1,0.2790828979797469,0.6505258967495774,0.827639239813609,0.3714429987698305,0.5485563418338621
66.93338667733548,0.8658352872693812,0.6715127980794019,0.9895458287313991,1.002689325700104,0-2,0-2,0-1,0-1,0.28226948790413525,0.6485424387973076,0.8340015870080382,0.3662729508931723,0.551732099103903
66.95339067813563,0.8585700845630847,0.6596150380591816,0.9910193215725084,1.0028188645013278,0-2,0-2,0-1,0-1,0.2855680033945227,0.6466448065783769,0.8404849374481413,0.36107680318385416,0.5549169340536186
66.97339467893579,0.8511070916131659,0.6475110123577321,0.9924697336593019,1.0028943959658823,0-2,0-2,0-1,0-1,0.28898342596222265,0.6448398831904878,0.8470953366364434,0.35585645722826514,0.5581119106742207
66.99339867973595,0.8434459316790566,0.6352067847401963,0.9938965668925492,1.00291588703525,0-2,0-2,0-1,0-1,0.29252097872132127,0.6431351577860547,0.8538390261615253,0.3506141790647334,0.561318047440204
67.01340268053612,0.8355862931274839,0.6227097149946907,0.9952993354409607,1.0028833179987937,0-2,0-2,0-1,0-1,0.29618612009840173,0.6415387577548424,0.8607224448031275,0.34535263765644064,0.5645363247047258
67.03340668133627,0.8275279417000457,0.6100286812374213,0.9966775656483112,1.0027966824936092,0-2,0-2,0-1,0-1,0.29998453097300704,0.6400594816558582,0.8677522294220861,0.3400749506828512,0.567767698449079
67.05341068213643,0.8192707344272249,0.5971743401586229,0.998030795938388,1.0026559875170467,0-2,0-2,0-1,0-1,0.303922093125651,0.6387068327273859,0.8749352155640087,0.33478473960173494,0.5710131224383577
67.07341468293659,0.8108146354196826,0.5841594314592987,0.9993585767181173,1.0024612534519253,0-2,0-2,0-1,0-1,0.30800485629137736,0.6374910527628915,0.8822784376911215,0.32948619647151417,0.5742735813997442
67.09341868373674,0.8021597338017051,0.5709991334945875,1.0006604702792259,1.0022125141044713,0-2,0-2,0-1,0-1,0.3122389903998079,0.636423156093798,0.8897891289389441,0.32418416569399006,0.5775501385391362
67.11342268453691,0.7933062640913177,0.5577114778272553,1.0019360506987534,1.0019098167550182,0-2,0-2,0-1,0-1,0.31663071870492426,0.6355149633683892,0.8974747202729298,0.31888424466346493,0.5808440015680056
67.13342668533707,0.784254629377263,0.5443178308756947,1.0031849037387373,1.0015532222215096,0-2,0-2,0-1,0-1,0.3211862264509842,0.63477913475869,0.9053428388940062,0.31359290830770575,0.584156612443022
67.15343068613723,0.7750054276956884,0.5308434509094356,1.004406626745364,1.0011428049358484,0-2,0-2,0-1,0-1,0.3259115384774389,0.6342292021639907,0.9134013057101056,0.3083176636865518,0.5874897672326667
67.17343468693738,0.7655594820705476,0.5173181279842284,1.0056008285478684,1.000678653033148,0-2,0-2,0-1,0-1,0.33081235775107387,0.6338795999110085,0.9216581316521729,0.30306724215993464,0.590845773901099
67.19343868773755,0.7559178747518153,0.503776912543507,1.0067671293574503,1.0001608684539343,0-2,0-2,0-1,0-1,0.3358938552859809,0.6337456933757069,0.9301215125662536,0.29785183808972593,0.5942276572802727
67.21344268853771,0.7460819862668404,0.49026093465539633,1.0079051606664617,0.9995895670593592,0-2,0-2,0-1,0-1,0.34116040040325024,0.6338438048710636,0.9387998223564852,0.2926834044678134,0.5976394219532349
67.23344668933787,0.7360535399932281,0.47681830924321045,1.009014565148108,0.9989648787594905,0-2,0-2,0-1,0-1,0.3466152190430232,0.6341912360576123,0.9477016039850293,0.28757601701458907,0.6010863849420061
67.25345069013802,0.7258346530689023,0.46350511192112387,1.010094996556885,0.9982869476547397,0-2,0-2,0-1,0-1,0.3522599673048054,0.6348062860393617,0.9568355578517543,0.2825463187345563,0.604575590546949
67.2734546909382,0.7154278945771902,0.45038639356597693,1.0111461196299756,0.9975559321904988,0-2,0-2,0-1,0-1,0.35809420825229693,0.6357082642049123,0.9662105269758853,0.2776140559526154,0.6081163187235883
67.29345869173835,0.7048363520844081,0.43753717774463496,1.0121676099898025,0.9967720053250533,0-2,0-2,0-1,0-1,0.3641147833184153,0.6369174967611365,0.9758354782804072,0.2728027134427212,0.6117206949619919
67.31346269253851,0.6940637077651078,0.4250433519364477,1.0131591540479363,0.9959353547108469,0-2,0-2,0-1,0-1,0.37031507683080545,0.6384553257812144,0.9857194791337187,0.268140248950409,0.6154044023029133
67.33346669333866,0.6831143255278218,0.41300232042203705,1.0141204489105349,0.9950461828891669,0-2,0-2,0-1,0-1,0.3766841850593617,0.6403440994464281,0.9958716681270778,0.26365991438706643,0.6191874830677162
67.35347069413884,0.6719933507511168,0.4015232353033145,1.0150512022854887,0.9941047074983261,0-2,0-2,0-1,0-1,0.3832060216787805,0.642607151995241,1.0063012188554783,0.2594011303164605,0.6230951971766978
67.37347469493899,0.6607068244562392,0.39072656825145696,1.0159511323914363,0.9931111614954109,0-2,0-2,0-1,0-1,0.38985842099225876,0.6452687716959552,1.0170172952175673,0.25541035070369644,0.6271588742253086
67.39347869573915,0.649261813974873,0.3807427419839358,1.016819967868792,0.9920657933916657,0-2,0-2,0-1,0-1,0.3966123382054123,0.6483541549189005,1.0280289964505973,0.25174181671348816,0.631416658245185
67.4134826965393,0.6376665624137481,0.37170952877870206,1.017657447692944,0.9909688675015838,0-2,0-2,0-1,0-1,0.40343128828624014,0.6518893440864473,1.0393452897621593,0.24845805580020713,0.6359140014759193
67.43348669733948,0.6259306594607092,0.36376797346034445,1.0184633210897445,0.9898206642057632,0-2,0-2,0-1,0-1,0.41027120149312923,0.6559011469055579,1.0509749280052374,0.24562994541242866,0.6407037265121082
67.45349069813963,0.6140652363037127,0.3570567419353835,1.019237347453425,0.9886214802275909,0-2,0-2,0-1,0-1,0.41708088764647816,0.6604170338165504,1.062926349361249,0.2433361461700722,0.6458454617147709
67.47349469893979,0.6020831876178332,0.3517050517791841,1.0199792962670542,0.987371628923801,0-2,0-2,0-1,0-1,0.42380327123553546,0.6654650099979984,1.0752075554446574,0.24166173876246294,0.6514042842091219
67.49349869973994,0.5899994236771153,0.3478246909301007,1.0206889470256484,0.9860714405889554,0-2,0-2,0-1,0-1,0.4303774673443534,0.6710734575246889,1.0878259636243626,0.24069599018033555,0.6574484962800091
67.51350270054012,0.5778311556085871,0.34550200108017076,1.021366089162042,0.9847212627738764,0-2,0-2,0-1,0-1,0.4367416125000051,0.6772709423574044,1.1007882286824402,0.24052932985739928,0.6640466161824351
67.53350670134027,0.5655982165424638,0.34479096765786366,1.0220105219756122,0.9833214606180543,0-2,0-2,0-1,0-1,0.44283617262668806,0.6840859797303286,1.1141000282240905,0.24124980710364052,0.6712638555974024
67.55351070214043,0.5533234208070948,0.34570858019185524,1.0226220545639528,0.981872417196038,0-2,0-2,0-1,0-1,0.4486072809163201,0.6915467501878518,1.1277658055601838,0.24293946927153176,0.6791585246438637
67.57351470294059,0.5410329622095728,0.34823332823236103,1.0232005057575781,0.9803745338778008,0-2,0-2,0-1,0-1,0.4540095818281638,0.6996807570271654,1.1417884631832302,0.24567117519900156,0.6877788813550665
67.59351870374076,0.5287568506170576,0.3523071267852599,1.0237457040577427,0.9788282307030534,0-2,0-2,0-1,0-1,0.4590081197777205,0.7085144142898511,1.1561689995740068,0.24950629451213058,0.6971608797962863
67.61352270454091,0.5165293832331942,0.35784029574200066,1.024257487577445,0.9772339467694607,0-2,0-2,0-1,0-1,0.46357900376926503,0.7180725528473972,1.1709060820982813,0.2544935490781322,0.7073270783290162
67.63352670534107,0.5043896428035665,0.36471867326113233,1.0247357039856901,0.9755921406346897,0-2,0-2,0-1,0-1,0.4677088375989231,0.7283778307789962,1.1859955494575936,0.2606689931800731,0.7182867118586704
67.65353070614123,0.49238200908431506,0.37281168485965865,1.025180210455071,0.9739032907321921,0-2,0-2,0-1,0-1,0.47139314112076697,0.7394500335292086,1.201429838929656,0.2680568924084416,0.730036697808889
67.6735347069414,0.48055666184422396,0.3819802486196739,1.0255908736127306,0.9721678958005981,0-2,0-2,0-1,0-1,0.4746341338692326,0.7513052498411049,1.217197336985936,0.27667111597187233,0.7425632031167033
67.69353870774155,0.4689700430739073,0.3920836834378377,1.0259675694947603,0.970386475326559,0-2,0-2,0-1,0-1,0.47743828735866695,0.7639549120164805,1.2332816574463947,0.2865166246578135,0.7558433700877278
67.71354270854171,0.4576852327698568,0.4029851613268422,1.0263101835040846,0.9685595700008466,0-2,0-2,0-1,0-1,0.47981399908584577,0.7774046947632569,1.2496608598581531,0.29759069567741114,0.7698468607723074
67.73354670934187,0.44677217689841836,0.4145555854345582,1.0266186103718822,0.9666877421874704,0-2,0-2,0-1,0-1,0.4817696423364617,0.7916532771007683,1.2663066329872146,0.3098836347643066,0.7845369906507529
67.75355071014204,0.436307688940724,0.42667601697236174,1.026892754122581,0.9647715764055343,0-2,0-2,0-1,0-1,0.4833121408568849,0.8066909879619344,1.2831834846903678,0.3233788471050495,0.7998713438334829
67.7735547109422,0.42637512998764676,0.4392389047547357,1.0271325280424741,0.9628116798234999,0-2,0-2,0-1,0-1,0.48444613018365923,0.8224983794866586,1.30024799990314,0.3380522493029994,0.8158018697194808
67.79355871174235,0.41706366053911054,0.45214841163309333,1.0273378546519893,0.9608086827654755,0-2,0-2,0-1,0-1,0.48517370520698244,0.8390448029533879,1.3174482518483321,0.35387109774640546,0.8322745466413497
67.8135627125425,0.40846695569126,0.4653201148810589,1.0275086656816457,0.9587632392290835,0-2,0-2,0-1,0-1,0.48549471235886166,0.8562870995387659,1.3347234749036978,0.37079238717990426,0.8492287625448361
67.83356671334268,0.4006812915782059,0.4786803116492631,1.0276449020517244,0.9566760274143982,0-2,0-2,0-1,0-1,0.4854075158121889,0.8741685575159989,1.3520041256396131,0.38876104170381,0.8665966098274243
67.85357071414283,0.39380295238025775,0.4921651064345159,1.0277465138556874,0.9545477502633783,0-2,0-2,0-1,0-1,0.4849101416886461,0.8926183212391549,1.3692124637369492,0.40770817955050875,0.8843023220483031
67.87357471494299,0.387924979165497,0.5057194068502048,1.027813460347363,0.9523791360091313,0-2,0-2,0-1,0-1,0.48400167749322337,0.9115514536013997,1.3862637677584089,0.4275497761081763,0.9022620902651854
67.89357871574315,0.3831333832828421,0.5192959120507702,1.0278457099319165,0.950170938734271,0-2,0-2,0-1,0-1,0.48268377610691215,0.9308698386719241,1.4030682540061574,0.4481860625650119,0.9203844778992453
67.91358271654332,0.3795030666359963,0.5328541461275452,1.0278432401606323,0.9479239389375436,0-2,0-2,0-1,0-1,0.48096209052724065,0.9504640528461298,1.4195336868753952,0.46950196231888913,0.9385715963481545
67.93358671734347,0.37709380535915815,0.5463595657655693,1.0278060377295135,0.9456389441077808,0-2,0-2,0-1,0-1,0.47884745704463444,0.9702162270751918,1.435568562582835,0.4913687700305574,0.9567211055382006
67.95359071814363,0.3759467293870393,0.5597827557449777,1.0277340984817194,0.9433167893041547,0-2,0-2,0-1,0-1,0.47635666102396496,0.990003779816818,1.4510856333657334,0.5136471187928531,0.9747289723417685
67.97359471894379,0.3760817356028164,0.573098715701904,1.0276274274138453,0.9409583377415798,0-2,0-2,0-1,0-1,0.4735126666599487,1.0097037472016956,1.4660054446818314,0.5361910805417469,0.9924927780218826
67.99359871974396,0.37749618812544294,0.5862862353684728,1.0274860386860525,0.9385644813799905,0-2,0-2,0-1,0-1,0.4703442665706243,1.0291973122700988,1.4802595139561459,0.5588530456994745,1.0099152473855215
68.01360272054411,0.3801650931997951,0.5993273520469028,1.0273099556360576,0.9361361415160911,0-2,0-2,0-1,0-1,0.46688519500748615,1.048374076891487,1.4937928061906196,0.5814888818840009,1.0269076111831335
68.03360672134427,0.38404272356460106,0.6122068824116418,1.0270992107969747,0.9336742693760317,0-2,0-2,0-1,0-1,0.4631728291097717,1.0671356495912636,1.5065652589720304,0.603962820481492,1.0433924298622588
68.05361072214443,0.3890654608932422,0.6249120202140301,1.0268538459190157,0.9311798467073146,0-2,0-2,0-1,0-1,0.4592466561026233,1.0853982346101951,1.5185522540789231,0.6261515785075719,1.0593055979762998
68.0736147229446,0.3951554753383182,0.6374319916304324,1.026573911995044,0.9286538863680764,0-2,0-2,0-1,0-1,0.45514669926236817,1.1030940711962487,1.5297440874478325,0.6479473719338805,1.0745973881854645
68.09361872374475,0.4022247979234875,0.6497577605429968,1.026259469289972,0.9260974329117188,0-2,0-2,0-1,0-1,0.4509120728429057,1.1201717435201881,1.5401446161582557,0.6692596706772824,1.08923254331535
68.11362272454491,0.41017936530426585,0.6618817767755995,1.025910587373991,0.9235115631646814,0-2,0-2,0-1,0-1,0.44657978749777716,1.136595520907563,1.549769336014661,0.690015733409786,1.1031895485168839
68.13362672534507,0.41892270428137135,0.6737977611035764,1.0255273451596305,0.9208973867949591,0-2,0-2,0-1,0-1,0.4421838692676413,1.1523439721000774,1.5586431608739106,0.7101601028324361,1.1164592916062692
68.15363072614524,0.4283590416329562,0.6855005216416709,1.0251098309426185,0.9182560468687666,0-2,0-2,0-1,0-1,0.4377548015469639,1.1674081227783488,1.5667981458191087,0.7296533212313849,1.1290433442721448
68.1736347269454,0.43839574201899373,0.6969857969499323,1.024658142446529,0.9155887203925408,0-2,0-2,0-1,0-1,0.43331925967918944,1.1817894045071224,1.574271339558917,0.748470144827933,1.1409520798797275
68.19363872774555,0.4489450720570697,0.708250121862495,1.0241723868711983,0.9128966188372514,0-2,0-2,0-1,0-1,0.42890008478657593,1.1954975942559796,1.5811028861089442,0.7665975094694036,1.1522028013223684
68.21364272854571,0.4599253534805453,0.7192907126324791,1.0236526809448732,0.9101809886417629,0-2,0-2,0-1,0-1,0.42451643527016536,1.208548884660851,1.5873344359755202,0.7840324493906856,1.1628180007053548
68.23364672934588,0.4712616033669766,0.7301053684984343,1.0230991509800733,0.9074431116917507,0-2,0-2,0-1,0-1,0.4201840569328428,1.2209641692919353,1.593007880280124,0.8007801123590925,1.1728238233472812
68.25365073014603,0.48288577086789347,0.7400697103259601,1.0225119329331223,0.9046843057704291,0-2,1-2,0-1,0-1,0.41591562135231086,1.2327675815676757,1.5981643895637005,0.8168519602153649,1.1822487682113896
68.27365473094619,0.49473667541066374,0.740207510551464,1.0218911724673174,0.9019059249771015,0-2,1-2,0-1,0-1,0.4117210932407553,1.2439852929354365,1.6028437208854611,0.8322641996946811,1.1911226276447058
68.29365873174635,0.5067597380050576,0.7404143239791622,1.0212370250196905,0.899109360109281,0-2,1-2,0-1,0-1,0.4076080985689822,1.254644554746344,1.6070837491620353,0.8470364561773618,1.199475650593053
68.31366273254652,0.5189065803738357,0.7406627934629028,1.0205496558713179,0.8962960390038787,0-2,1-2,0-1,0-1,0.40358227482905656,1.2647729566047712,1.61092017810821,0.8611906817757147,1.2073379032791536
68.33366673334667,0.5311345495801183,0.7409283380486956,1.0198292402211204,0.8934674268326886,0-2,1-2,0-1,0-1,0.39964759242606757,1.2743978692196394,1.6143863897460657,0.8747502767935718,1.2147387973199981
68.35367073414683,0.5434062105454016,0.7411889297450305,1.019075963263103,0.8906250263471513,0-2,1-2,0-1,0-1,0.39580664181347897,1.2835460395329337,1.6175133970886575,0.8877393977194548,1.2217067552751786
68.37367473494699,0.5556888361464664,0.741424883898746,1.0182900202669674,0.887770378067118,0-2,1-2,0-1,0-1,0.3920608848743458,1.2922433082700722,1.6203298708431788,0.9001824233957263,1.228268985968833
68.39367873574716,0.5679539145756003,0.7416186635894548,1.0174716166620317,0.8849050604080994,0-2,1-2,0-1,0-1,0.38841087155548815,1.3005144237112316,1.6228622169650806,0.9121035521557435,1.2344513454095924
68.41368273654732,0.580176686107924,0.7417546980855919,1.0166209681243799,0.8820306897412529,0-2,1-2,0-1,0-1,0.3848564242365928,1.3083829295498546,1.6251346871953805,0.9235265053132617,1.2402782629587876
68.43368673734747,0.5923357159503176,0.7418192151269226,1.015738300667164,0.8791489203801479,0-2,1-2,0-1,0-1,0.3813967930650328,1.3158711086661212,1.6271695091651306,0.9344743156010884,1.2457727161000978
68.45369073814763,0.6044125060235497,0.7418000865957567,1.0148238507339693,0.876261444488158,0-2,1-2,0-1,0-1,0.3780307857515423,1.3229999682255031,1.6289870262506818,0.9449691824739608,1.2509562404991394
68.4736947389478,0.616391145963605,0.7416866869978656,1.0138778652951468,0.8733699919001717,0-2,1-2,0-1,0-1,0.3747568752809445,1.3297892546020893,1.6306058401898949,0.9550323793211448,1.2558489649089504
68.49369873974796,0.5976982764605965,0.7414697640817912,1.012900601947014,0.8704763298521803,1-2,1-2,0-1,0-1,0.37157328877394163,1.3362574892037051,1.6320429516369488,0.9646842004297635,1.2604696628630072
68.51370274054811,0.5793632519905842,0.7411413208713074,1.0118923290138118,0.8675822626122143,1-2,1-2,0-1,0-1,0.3684780804267391,1.3424220183744726,1.6333138954611028,0.9739439379477335,1.2648358150343637
68.53370674134827,0.5616253515823044,0.7406945083614219,1.0108533256522994,0.8646896310060581,1-2,1-2,0-1,0-1,0.36546919111162784,1.3482990722272457,1.6344328687942264,0.9828298811156178,1.2689636776825985
68.55371074214844,0.5444632220181862,0.7401235281262383,1.009783881958858,0.8618003118311863,1-2,1-2,0-1,0-1,0.36254449687792156,1.3539038285784035,1.6354128506984937,0.991359331700482,1.2728683538205723
68.5737147429486,0.5278560296891168,0.7394235441013259,1.008684299078972,0.8589162171524316,1-2,1-2,0-1,0-1,0.3597018482691123,1.3592504791834965,1.636265712939112,0.9995486309143842,1.2765638646699997
68.59371874374875,0.5117835324815442,0.738590602829267,1.0075548893189339,0.8560392934730316,1-2,1-2,0-1,0-1,0.35693910207865603,1.364352296261293,1.6370023217702896,1.007413194182637,1.2800632196916335
68.61372274454891,0.49622613366860735,0.7376215614910402,1.0063959762596237,0.8531715207749124,1-2,1-2,0-1,0-1,0.3542541469076101,1.369221697894217,1.6376326309258795,1.014967550986607,1.2833784840182694
68.63372674534908,0.4811649215888654,0.7365140230849523,1.005207894872187,0.8503149114223435,1-2,1-2,0-1,0-1,0.3516449236623617,1.3738703113459922,1.6381657661867668,1.0222253876836305,1.286520842524405
68.65373074614924,0.46658169819498113,0.7352662781567298,1.0039909916354417,0.8474715089234703,1-2,1-2,0-1,0-1,0.34910944193819893,1.3783090336749269,1.6386101020044808,1.0291995917367278,1.289500660066282
68.67373474694939,0.45245899897503045,0.7338772525274573,1.002745624654814,0.8446433865446707,1-2,1-2,0-1,0-1,0.3466457930712454,1.3825480892704523,1.6389733307156995,1.0359022961992068,1.292327537644454
68.69373874774955,0.4387801062735375,0.7323464605090326,1.0014721637826087,0.8418326457732134,1-2,1-2,0-1,0-1,0.3442521605040247,1.3865970841216784,1.6392625249017139,1.0423449236176536,1.2950103643976891
68.71374274854972,0.4255290576495139,0.7306739631388488,1.000170990739387,0.8390414146243088,1-2,1-2,0-1,0-1,0.34192682799499785,1.3904650567563552,1.6394841934415096,1.0485382287613574,1.2975573654465118
68.73374674934988,0.4126906505912895,0.7288603310058285,0.9988424992362324,0.8362718457893358,1-2,1-2,0-1,0-1,0.3396681861066912,1.394160525879033,1.6396443317859644,1.0544923397723418,1.299976145679273
68.75375075015003,0.40025044464869913,0.7269066112783681,0.9974870950976525,0.833526114622791,1-2,1-2,0-1,0-1,0.3374747373274246,1.397691534798231,1.6397484669491529,1.0602167974708063,1.3022737296217284
68.77375475095019,0.3881947618324507,0.724814298580871,0.9961051963848618,0.8308064169663457,1-2,1-2,0-1,0-1,0.33534510011559593,1.401065692771228,1.6398016976757277,1.065720592655632,1.3044565975601317
68.79375875175036,0.37651068595762655,0.7225853093992839,0.9946972335191662,0.8281149668092859,1-2,1-2,0-1,0-1,0.33327801210066643,1.404290213417399,1.6398087302030524,1.0710122013167325,1.306530718102386
68.81376275255052,0.3651860614666372,0.7202219597272768,0.9932636494051641,0.8254539937855488,1-2,1-2,0-1,0-1,0.33127233262951167,1.4073719503608684,1.6397739099959199,1.0760996177313567,1.3085015773664082
68.83376675335067,0.3542094921486791,0.7177269456934762,0.991804899553449,0.8228257405085494,1-2,1-2,0-1,0-1,0.32932704480901487,1.4103174302638293,1.639701249790952,1.0809903854548144,1.3103742049819371
68.85377075415083,0.34357034007307746,0.7151033269364842,0.9903214522024952,0.8202324597459785,1-2,1-2,0-1,0-1,0.3274412571642964,1.413132883405362,1.6395944542487326,1.0856916262410656,1.3121531970844362
68.873774754951,0.3332587249665726,0.7123545125183748,0.9888137884393778,0.817676411437767,1-2,1-2,0-1,0-1,0.3256142050057191,1.4158242719487069,1.6394569414741358,1.0902100669429877,1.3138427364684166
68.89377875575116,0.32326552418619087,0.7094842491890324,0.987282402318968,0.8151598595613978,1-2,1-2,0-1,0-1,0.32384525157582267,1.418397316023734,1.6392918616303203,1.0945520644479112,1.3154466100544977
68.91378275655131,0.3135823733647307,0.7064966118331729,0.98572780098122,0.812685068849738,1-2,1-2,0-1,0-1,0.32213388902896395,1.4208575177316942,1.6391021128390852,1.0987236287027302,1.3169682238101212
68.93378675735147,0.30420166773209795,0.7033959959492391,0.9841505047661514,0.8102543013675058,1-2,1-2,0-1,0-1,0.3204797392810293,1.4232101831566717,1.6388903545305988,1.1027304438756425,1.3184106152495696
68.95379075815163,0.2951165640380331,0.700187112024681,0.9825510473260887,0.8078698129534115,1-2,1-2,0-1,0-1,0.3188825547538897,1.4254604424428667,1.6386590183784802,1.1065778876889771,1.3197764636245903
68.9737947589518,0.28632098291753816,0.69687498168547,0.9809299757347444,0.8055338495358761,1-2,1-2,0-1,0-1,0.3173422190289251,1.4276132679691582,1.6384103169329038,1.1102710489402332,1.3210680979039786
68.99379875975195,0.2778096114454973,0.6934649355090974,0.9792878505926506,0.8032486433310718,1-2,1-2,0-1,0-1,0.3158587474159407,1.4296734906225412,1.6381462500449249,1.1138147432066006,1.3222875026289842
69.01380276055211,0.26957790551835137,0.6899626123998285,0.9776252461284689,0.8010164089328108,1-2,1-2,0-1,0-1,0.31443228743825435,1.4316458141402648,1.6378686091602719,1.1172135267020105,1.3234363217220175
69.03380676135227,0.26162209157574534,0.6863739604326045,0.9759427502956664,0.7988393393045663,1-2,1-2,0-1,0-1,0.31306311923172264,1.4335348274573363,1.637578979551909,1.1204717082256137,1.3245158603201863
69.05381076215244,0.25393916703065045,0.6827052390777261,0.97424096486402,0.7967196016846303,1-2,1-2,0-1,0-1,0.31175165585563547,1.4353450149621056,1.6372787405581288,1.1235933591064702,1.3255270847024934
69.0738147629526,0.24652689861202903,0.6789630227222845,0.9725205055054001,0.7946593334161098,1-2,1-2,0-1,0-1,0.31049844351704664,1.4370807645291264,1.636969063899273,1.1265823210120798,1.3264706203822265
69.09381876375275,0.2393838176390725,0.6751542054061695,0.9707820018732483,0.7926606377141582,1-2,1-2,0-1,0-1,0.3093041617181299,1.4387463731669516,1.6366509101624043,1.1294422114488216,1.3273467484442745
69.1138227645529,0.2325092110435514,0.6712860066903553,0.9690260976751464,0.7907255793835131,1-2,1-2,0-1,0-1,0.30816962334910586,1.4403460500914345,1.6363250235722513,1.1321764267423287,1.3281554002231455
69.13382676535308,0.22590310674184763,0.6673659785729208,0.9672534507378507,0.7888561805001095,1-2,1-2,0-1,0-1,0.3070957747682541,1.4418839170155338,1.635991925209874,1.1347881422472796,1.32889615044162
69.15383076615323,0.21956625174167982,0.6634020133638673,0.9654647330641349,0.7870544160712228,1-2,1-2,0-1,0-1,0.30608369593591717,1.443364005438837,1.6356519049006923,1.1372803095029198,1.3295682089647751
69.17383476695339,0.21350008116560967,0.6594023524231133,0.9636606308807679,0.7853222096893057,1-2,1-2,0-1,0-1,0.30513460070188747,1.4447902507291204,1.6353050120717272,1.1396556500272328,1.3301704113698398
69.19383876775355,0.20770667620748293,0.6553755956570103,0.9618418446769241,0.7836614291953949,1-2,1-2,0-1,0-1,0.30424983738469275,1.446166482820406,1.6349510459756327,1.1419166454357133,1.33070120859094
69.21384276855372,0.20218870893892552,0.6513307116572292,0.9600090892323003,0.7820738823686674,1-2,1-2,0-1,0-1,0.30343088982637045,1.4474964134138517,1.6345895457946795,1.1440655235874813,1.331158655968309
69.23384676935387,0.196949371890069,0.6472770483518474,0.9581630936341913,0.7805613126594239,1-2,1-2,0-1,0-1,0.3026793791546537,1.448783619666198,1.6342197812689,1.1461042405115442,1.3315404021142463
69.25385077015403,0.19199229048664931,0.6432243440218771,0.9563046012827512,0.7791253949834425,1-2,1-2,0-1,0-1,0.30199706653235664,1.450031524491228,1.6338407446319159,1.1480344579588715,1.3318436780995593
69.27385477095419,0.18732141678415393,0.6391827385173093,0.9544343698836457,0.7777677315962566,1-2,1-2,0-1,0-1,0.3013858572147216,1.451243373786284,1.6334511447755482,1.1498575165715623,1.3320652875608265
69.29385877175436,0.18294090354547454,0.6351627844850753,0.9525531714272788,0.7764898480664544,1-2,1-2,0-1,0-1,0.3008478062616649,1.4524222111275595,1.6330494046840496,1.1515744048658947,1.3322015984223847
69.31386277255451,0.1788549585987508,0.6311754583972853,0.9506617921537555,0.7752931893675344,1-2,1-2,0-1,0-1,0.3003851262525377,1.453570850747819,1.6326336632612475,1.1531857244952815,1.3322485370087098
69.33386677335467,0.175067680600885,0.6272321711419311,0.9487610325027228,0.7741791161081776,1-2,1-2,0-1,0-1,0.30000019731504973,1.4546918499030899,1.6322017826944661,1.1546916525880402,1.3322015853794165
69.35387077415483,0.1715828787991621,0.6233447779103539,0.9468517070472177,0.7731489009209549,1-2,1-2,0-1,0-1,0.2996955796957957,1.4557874820260874,1.631751362432968,1.1560919023302918,1.3320557827371724
69.373874774955,0.1684038810590751,0.6195255870866736,0.9449346444106187,0.7722037250294935,1-2,1-2,0-1,0-1,0.2994740289591172,1.4568597123190257,1.6312797606817566,1.1573856833599085,1.3318057317226395
69.39387877575516,0.16553333618548458,0.6157873678148365,0.9430106871658058,0.7713446750139257,1-2,1-2,0-1,0-1,0.2993385137001905,1.457910177615265,1.6307841240088703,1.1585716639150745,1.3314456103086798
69.41388277655531,0.16297301822366755,0.61214335588991,0.9410806917155976,0.7705727397940387,1-2,1-2,0-1,0-1,0.2992922354029043,1.4589401723929663,1.6302614252326122,1.159647936990062,1.330969189829708
69.43388677735547,0.16072364176042334,0.6086072575929199,0.9391455281535382,0.769888807848921,1-2,1-2,0-1,0-1,0.2993386497790698,1.4599506427146194,1.6297085092115484,1.1606119929355496,1.3303698594324787
69.45389077815564,0.15878469801046105,0.6051932510644048,0.9372060801040921,0.7692936646910385,1-2,1-2,0-1,0-1,0.299481488621224,1.4609421895674723,1.6291221455423037,1.1614607009462483,1.3296406569210797
69.4738947789558,0.15715432145341948,0.6019159847926719,0.9352632445413004,0.7687879906115999,1-2,1-2,0-1,0-1,0.2997247809243024,1.4619150825887108,1.628499086538952,1.1621903016644084,1.3287743056146495
69.49389877975595,0.1558291958395567,0.5987905727805117,0.9333179315849499,0.7683723587127462,1-2,1-2,0-1,0-1,0.30007287182561276,1.4628692845022693,1.6278361282979232,1.1627964126766566,1.3277632564723105
69.51390278055611,0.1548045064840086,0.5958325859511225,0.9313710642733067,0.7680472332405832,1-2,1-2,0-1,0-1,0.30053043781888517,1.4638044858297508,1.6271301722244598,1.1632740480108656,1.3265997344055747
69.53390678135628,0.15407394304197625,0.593058039362664,0.9294235783114695,0.7678129682313384,1-2,1-2,0-1,0-1,0.3011024967480416,1.4647201486495753,1.6263782841795944,1.1636176519015338,1.3252757874315528
69.55391078215644,0.15362975366477735,0.5904833748237474,0.927476421794408,0.7676698064810079,1-2,1-2,0-1,0-1,0.30179441129157053,1.4656155574632557,1.6255777484456755,1.1638211461716852,1.323783337154105
69.57391478295659,0.1534628479506176,0.5881254385417991,0.9255305549037631,0.7676178788467922,1-2,1-2,0-1,0-1,0.30261188499860453,1.4664898746778274,1.6247261140113463,1.1638779896792228,1.3221142290127417
69.59391878375675,0.15356294283957547,0.5860014534949434,0.9235869495775014,0.7676572038864006,1-2,1-2,0-1,0-1,0.3035609503986442,1.4673421978995493,1.6238212312125593,1.163781247500905,1.320260280813915
69.61392278455692,0.15391874294297814,0.5841289862977941,0.9216465891515424,0.7677876878390052,1-2,1-2,0-1,0-1,0.3046479492273075,1.4681716161903076,1.6228612774674238,1.163523666963,1.3182133282401163
69.63392678535708,0.15451814502574143,0.5825259084336301,0.9197104679724983,0.7680091249492361,1-2,1-2,0-1,0-1,0.3058795053301905,1.4689772626580866,1.6218447716212427,1.163097757327896,1.3159652662910521
69.65393078615723,0.155348455613421,0.5812103518503082,0.9177795909807057,0.768321198133187,1-2,1-2,0-1,0-1,0.3072624912691596,1.4697583611913578,1.6207705771792642,1.162495869922198,1.3135080859101045
69.67393478695739,0.15639661095443053,0.580200659064222,0.9158549732627586,0.7687234799829884,1-2,1-2,0-1,0-1,0.30880399001479014,1.4705142657328794,1.619637895366374,1.1617102757180893,1.3108339053515838
69.69393878775756,0.15764938967871567,0.5795153280835549,0.9139376395728076,0.7692154341040989,1-2,1-2,0-1,0-1,0.31051125333916485,1.4712444911381342,1.6184462494556895,1.1607332377989694,1.3079349961165248
69.71394278855772,0.1590936102147065,0.5791729526453142,0.9120286238219297,0.7697964167771398,1-2,1-2,0-1,0-1,0.31239165861780815,1.471948735298926,1.6171954621237825,1.1595570766811178,1.3048038035059744
69.73394678935787,0.16071630707943996,0.5791921584547988,0.9101289685349366,0.7704656789338649,1-2,1-2,0-1,0-1,0.31445266571960173,1.4726268927703865,1.615885627718568,1.1581742270507847,1.3014329619989664
69.75395079015803,0.16250488227949683,0.5795915363142026,0.9082397242740584,0.7712223684347324,1-2,1-2,0-1,0-1,0.3167017755320987,1.4732790605795463,1.6145170812907637,1.1565772850474476,1.297815305758665
69.7739547909582,0.16444723003975312,0.580389573220404,0.906361949028997,0.7720655326335933,1-2,1-2,0-1,0-1,0.3191464914668435,1.4739055371980132,1.6130903660780516,1.1547590457311698,1.293943874611208
69.79395879175836,0.1665318347668849,0.5816045826908963,0.9044967075729423,0.772994121213207,1-2,1-2,0-1,0-1,0.3217942850449386,1.474506815833016,1.611606200886542,1.1527125307880772,1.2898119158416033
69.81396279255851,0.16874784347822078,0.5832546357308315,0.9026450707842087,0.7740069892737,1-2,1-2,0-1,0-1,0.32465256640434464,1.47508357324649,1.6100654485273238,1.1504310068421453,1.285412882122979
69.83396679335867,0.17108511486611605,0.585357493972823,0.9008081149332627,0.7751029006546886,1-2,1-2,0-1,0-1,0.32772866031779185,1.4756366552759212,1.6084690861720012,1.1479079949581295,1.2807404258542094
69.85397079415884,0.17353424774975715,0.5879305465948161,0.8989869209350012,0.7762805314706094,1-2,1-2,0-1,0-1,0.3310297880785696,1.4761670601300247,1.6068181782147934,1.1451372720514552,1.275788390136224
69.873974794959,0.1760865919430282,0.5909907526418682,0.8971825735662533,0.7775384738378577,1-2,1-2,0-1,0-1,0.33456305540873715,1.4766759203927124,1.6051138519871349,1.1421128649839754,1.2705507965783978
69.89397879575915,0.17873424460414045,0.5945545903394165,0.8953961606485968,0.7788752397716142,1-2,1-2,0-1,0-1,0.33833544637434004,1.4771644845114056,1.6033572764710964,1.1388290381370656,1.2650218300967564
69.91398279655931,0.18147003499610992,0.5986380148859087,0.8936287721967027,0.7802892652297584,1-2,1-2,0-1,0-1,0.34235382315457374,1.4776340983870775,1.6015496440030017,1.1352802752325037,1.259195820848428
69.93398679735948,0.18428750033697827,0.6032564260524003,0.8918814995325489,0.7817789142810051,1-2,1-2,0-1,0-1,0.34662493140471895,1.4780861875344644,1.5996921548448975,1.1314612561297455,1.2530672234401785
69.95399079815964,0.18718085510442298,0.6084246467004564,0.8901554343659934,0.783342483374368,1-2,1-2,0-1,0-1,0.35115541087218627,1.4785222401487448,1.5977860044248826,1.1273668292765584,1.2466305935526965
69.9739947989598,0.19014495581975965,0.6141569130654345,0.8884516678423291,0.784978205687222,1-2,1-2,0-1,0-1,0.3559518108676789,1.478943791302627,1.595832373000625,1.1229919804349482,1.239880562132946
69.99399879975995,0.19317526299868348,0.6204668773509274,0.8867712895576036,0.7866842555296133,1-2,1-2,0-1,0-1,0.36102061015502934,1.4793524084061962,1.5938324174780303,1.118331798251167,1.232811807323001
70.01400280056012,0.1962678016389599,0.6273676228548671,0.885115386542643,0.7884587527830175,1-2,1-2,0-1,0-1,0.3663682408004302,1.479749677989609,1.5917872651120686,1.113381437189179,1.2254190243116385
70.03400680136028,0.19941912132916645,0.6348716915125305,0.8834850422168765,0.7902997673524675,1-2,1-2,0-1,0-1,0.372001115510707,1.4801371938141659,1.5896980088249004,1.1081360783034588,1.2176968933141934
70.05401080216043,0.2026262568128545,0.6429911234102452,0.8818813353132346,0.7922053236118457,1-2,1-2,0-1,0-1,0.3779256579880926,1.4805165462775356,1.587565703892597,1.102590888289443,1.2096400459045045
70.07401480296059,0.20588668963004234,0.6517375075082926,0.8803053387755576,0.7941734048231339,1-2,1-2,0-1,0-1,0.3841483358321548,1.4808893130517393,1.5853913657733087,1.0967409772195844,1.2012430299411538
70.09401880376076,0.20919831128159194,0.6611220425220292,0.8787581186301319,0.7962019575115257,1-2,1-2,0-1,0-1,0.3906756955253134,1.4812570508749663,1.5831759688733316,1.0905813553496528,1.1925002733480181
70.11402280456092,0.21255938821842307,0.6711556066527546,0.877240732833143,0.798288895779505,1-2,1-2,0-1,0-1,0.39751439904295915,1.481621288408642,1.5809204460721402,1.0841068893656827,1.1834060470291812
70.13402680536107,0.21596852884313858,0.6818488346362027,0.8757542300960205,0.8004321055442715,1-2,1-2,0-1,0-1,0.40467126162917527,1.4819835200670533,1.5786256888511316,1.077312258437878,1.1739544272219564
70.15403080616123,0.21942465262212307,0.6932122003838999,0.874299648690818,0.8026294486842147,1-2,1-2,0-1,0-1,0.41215329026983144,1.4823452007271363,1.5762925478934686,1.0701919104573048,1.1641392576236371
70.1740348069614,0.2229269613378663,0.7052561033231818,0.8728780152379616,0.8048787670815,1-2,1-2,0-1,0-1,0.419967722371702,1.48270774122895,1.5739218340427445,1.062740018857248,1.1539541116710426
70.19403880776156,0.2264749124601541,0.7137298085020327,0.8714903434788657,0.8071778865492026,1-2,0-2,0-1,0-1,0.4281220641127813,1.483072504582438,1.5715143195267725,1.0549504404696566,1.1433922554139913
70.21404280856171,0.23006819457785735,0.7019673989442092,0.870137633036092,0.8095246206328062,1-2,0-2,0-1,0-1,0.43662412785792815,1.4834408028020756,1.5690707393689143,1.0468166749441474,1.1324466115109861
70.23404680936187,0.23370670480720696,0.6899270819050448,0.8688208681638977,0.811916774277244,1-2,0-2,0-1,0-1,0.4454820679255964,1.4838138942978254,1.566591792923755,1.038331826372229,1.1211097249981585
70.25405081016204,0.2373905280755869,0.6776083916768633,0.8675410164921741,0.8143521473519968,1-2,0-2,0-1,0-1,0.45470441383395294,1.4841929817575596,1.5640781454858745,1.0294885679236068,1.1093737316519217
70.2740548109622,0.24111991816968226,0.6650113898612819,0.8662990277669386,0.8168285380280599,1-2,0-2,0-1,0-1,0.4643000999322392,1.4845792104629498,1.5615304299310426,1.0202791105307107,1.0972303299988035
70.29405881176235,0.24489528043194023,0.6521367887318036,0.8650958325906829,0.8193437460018427,1-2,0-2,0-1,0-1,0.47427849001576755,1.4849736669871696,1.5589492483577294,1.010695176971402,1.084670758341962
70.31406281256251,0.2487171559881134,0.6389861003428744,0.8639323411660181,0.8218955755622566,1-2,0-2,0-1,0-1,0.4846493951035812,1.485377378228904,1.5563351737044033,1.0007279831253229,1.071685778600822
70.33406681336268,0.25258620739045873,0.6255618171008553,0.8628094420461812,0.8244818384983744,1-2,0-2,0-1,0-1,0.4954230819919234,1.485791310742548,1.5536887513239128,0.9903682287506246,1.0582656693319894
70.35407081416284,0.2565032055647829,0.6118676308521992,0.8617280008960755,0.82710035684611,1-2,0-2,0-1,0-1,0.5066102694380336,1.4862163703295943,1.551010500501461,0.9796061008915607,1.0444002310634275
70.374074814963,0.260469017954619,0.5979086991977116,0.8606888592676174,0.8297489654733455,1-2,0-2,0-1,0-1,0.518222107817483,1.4866534018605653,1.548300915906555,0.9684312940430823,1.0300788080890722
70.39407881576315,0.26448459776158806,0.5836919697732854,0.859692833393238,0.8324255145038509,1-2,0-2,0-1,0-1,0.5302701367556203,1.4871031893009712,1.545560468972866,0.9568330525453509,1.0152903322172455
70.41408281656332,0.26855097418743096,0.5692265757151395,0.8587407130014535,0.8351278715811726,1-2,0-2,0-1,0-1,0.5427662134586773,1.487566455918108,1.5427896092023325,0.9448002424594308,1.0000233957436553
70.43408681736348,0.27266924358964,0.5545243185154587,0.857833260158463,0.8378539239744196,1-2,0-2,0-1,0-1,0.5557224021337346,1.4880438646486795,1.5399887653921134,0.932321462514945,0.9842663632583788
70.45409081816364,0.2768405614692162,0.5396002580156003,0.8569712081397595,0.8406015805285558,1-2,0-2,0-1,0-1,0.5691508118294716,1.488536018609724,1.5371583467844336,0.9193852067802525,0.9680075349549621
70.47409481896379,0.2810661352153357,0.5244734333692783,0.8561552603357416,0.8433687734624075,1-2,0-2,0-1,0-1,0.5830633660604478,1.489043461737755,1.5342987441408624,0.9059800956773072,0.9512353780804146
70.49409881976396,0.28534721753791487,0.5091677433182548,0.855386089195304,0.8461534600181224,1-2,0-2,0-1,0-1,0.5974714824836795,1.4895666795427986,1.5314103307432487,0.8920951970591191,0.9339388482595692
70.51410282056412,0.28968510052478147,0.49371301872999623,0.854664335211343,0.8489536239662715,1-2,0-2,0-1,0-1,0.6123856344685001,1.4901060999657563,1.5284934633244072,0.8777204654972561,0.916107828855907
70.53410682136428,0.294081110265673,0.47814632434659043,0.8539906059520591,0.8517672769711675,1-2,0-2,0-1,0-1,0.6278147584969759,1.4906620943287914,1.525548482931935,0.8628473358318155,0.8977337244349591
70.55411082216443,0.29853660199024457,0.4625135287362688,0.8533654751418567,0.8545924598213063,1-2,0-2,0-1,0-1,0.6437654620029745,1.4912349783697303,1.522575715729079,0.8474695163667558,0.8788102537261044
70.5741148229646,0.30305295567206336,0.44687117910373203,0.8527894817955365,0.8574272435300854,1-2,0-2,0-1,0-1,0.6602409759872341,1.491825013352266,1.519575473736506,0.8315840373650318,0.8593344977492718
70.59411882376476,0.307631572054794,0.4312887067970508,0.8522631294093532,0.8602697303121666,1-2,0-2,0-1,0-1,0.6772397868760356,1.4924324072446555,1.516548055519084,0.81519262036862,0.8393082686430484
70.61412282456492,0.312273869060831,0.41585096343331784,0.8517868852123659,0.8631180544409988,1-2,0-2,0-1,0-1,0.6947538755336667,1.4930573159601217,1.5134937468215774,0.798303440426455,0.8187398712879107
70.63412682536507,0.3169812785461255,0.40066103653388735,0.8513611794813374,0.8659703829931163,1-2,0-2,0-1,0-1,0.7127664936577532,1.4936998446528156,1.5104128211573173,0.7809333509950623,0.7976463274995641
70.65413082616524,0.32175524336836864,0.3858432034824371,0.8509864049222537,0.8688249164848929,1-2,0-2,0-1,0-1,0.7312494286510784,1.4943600490634725,1.5073055403535582,0.7631106204123941,0.7760561117024798
70.6741348269654,0.32659721473859055,0.37154573670838476,0.8506629161213252,0.8716798894074431,1-2,0-2,0-1,0-1,0.7501597627150832,1.4950379369093172,1.5041721550572393,0.744878174194234,0.7540123923421561
70.69413882776556,0.3315086498290457,0.3579430566132675,0.8503910290681059,0.8745335706653502,1-2,0-2,0-1,0-1,0.7694362414578904,1.495733469312899,1.5010129052045205,0.7262972278550086,0.7315766637466301
70.71414282856571,0.3364910096125834,0.34523644220420335,0.8501710207531263,0.8773842639248502,1-2,0-2,0-1,0-1,0.7889955550864731,1.496446562264902,1.4978280204574945,0.7074510071784288,0.7088324653710214
70.73414682936588,0.3415457569110585,0.3336521925909465,0.8500031288421721,0.88023030787702,1-2,0-2,0-1,0-1,0.8087291143848032,1.4971770881159379,1.494617720611036,0.6884479737311346,0.6858886062262328
70.75415083016604,0.3466743546322348,0.32343590036712544,0.849887551429077,0.8830700764214212,1-2,0-2,0-1,0-1,0.8285012504193546,1.49792487709258,1.491382215972728,0.6694236266732253,0.6628809655533733
70.7741548309662,0.3518782641765599,0.3148415681186831,0.8498244468686047,0.8859019787755262,1-2,0-2,0-1,0-1,0.8481500807042408,1.4986897188328547,1.4881217077184126,0.6505396381286139,0.6399716270141718
70.79415883176635,0.35715894399668546,0.3081149628222531,0.8498139336907097,0.8887244595151107,1-2,0-2,0-1,0-1,0.8674923572303166,1.4994713639366106,1.4848363882259519,0.631979006706294,0.6173440309956353
70.81416283256651,0.36251784829421096,0.3034720667134325,0.849856090597161,0.8915359985506419,1-2,0-2,0-1,0-1,0.8863331629605399,1.5002695255261178,1.4815264413893532,0.6139363625655779,0.5951932784288133
70.83416683336668,0.3679564258393926,0.3010755742863963,0.849950956541207,0.894335111044531,1-2,0-2,0-1,0-1,0.9044801692556936,1.5010838808123612,1.4781920429153699,0.5966037115566676,0.5737118736596762
70.85417083416684,0.37347611890074844,0.3010143030383468,0.8500985308906477,0.8971203472739263,1-2,0-2,0-1,0-1,0.9217604960654764,1.5019140726625444,1.4748333606044968,0.580153576597068,0.5530728645390204
70.874174834967,0.3790783622726529,0.3032908954600991,0.8502987736743741,0.8998902924435574,1-2,0-2,0-1,0-1,0.9380367420243091,1.5027597111642959,1.471450554618001,0.5647229691399868,0.5334138125936919
70.89417883576715,0.3847645823898564,0.30782145025881585,0.8505516059121155,0.9026435664529331,1-2,0-2,0-1,0-1,0.9532184100292797,1.5036203751822685,1.4680437777326871,0.5504019651529889,0.5148253677034075
70.91418283656732,0.39053619651887683,0.3144471951632839,0.8508569100268403,0.9053788236220184,1-2,0-2,0-1,0-1,0.9672661920413318,1.5044956139027403,1.4646131755847271,0.5372294218614085,0.49734698354339535
70.93418683736748,0.39639461201690224,0.32295473035132366,0.8512145303389419,0.9080947523793115,1-2,0-2,0-1,0-1,0.9801888529440169,1.5053849483620254,1.461158886903936,0.5251960954180085,0.4809700339599191
70.95419083816763,0.4023412256496616,0.3330995020686487,0.8516242736410592,0.910790074916048,1-2,0-2,0-1,0-1,0.9920345722748447,1.5062878729544722,1.4576810437395675,0.5142533006796275,0.4656464714647228
70.97419483896779,0.40837742296023183,0.34462756020147434,0.8520859098520897,0.9134635468100702,1-2,0-2,0-1,0-1,1.0028796175660553,1.5072038569161024,1.4541797716788332,0.5043242393500471,0.4513001541127779
70.99419883976796,0.4145045776814646,0.3572925247250758,0.8515970750135863,0.9161139566227045,1-2,0-2,1-2,0-1,1.012817008267469,1.5081323457798808,1.4506551900590108,0.49531533751241175,0.43783818179154177
71.01420284056812,0.4207240511851415,0.3708667944904664,0.8379092760192701,0.9187401254718005,1-2,0-2,1-2,0-1,1.021946902134347,1.509072762798899,1.4471074121741023,0.4871258606645519,0.4251605100397553
71.03420684136827,0.42703719196155177,0.3851475412402437,0.8243213891008817,0.9213409065839049,1-2,0-2,1-2,0-1,1.0303694185255579,1.5100245103337597,1.4435365454767521,0.47965509180820187,0.4131671269511943
71.05421084216843,0.43344533512345956,0.3999587375904874,0.8108361678308679,0.9239151848283594,1-2,0-2,1-2,0-1,1.0381798729353633,1.510986971200775,1.4399426917762714,0.4728070982654118,0.40176281884090814
71.0742148429686,0.4399498019289814,0.4151505640131583,0.7974563033992598,0.9264618762359407,1-2,0-2,1-2,0-1,1.0454660121537567,1.5119595099776246,1.4363259474333536,0.46649349782386795,0.39085993527959695
71.09421884376876,0.4465518993181094,0.43059731837688064,0.7841844224629158,0.92897992750449,1-2,0-2,1-2,0-1,1.0523067266210138,1.5129414742634044,1.4326864035521616,0.46063474764239065,0.3803796769311478
71.11422284456891,0.4532529194580714,0.44619463584844565,0.7710230851508378,0.9314683154938177,1-2,0-2,1-2,0-1,1.0587717568458022,1.513932195890115,1.4290241461702722,0.4551604390443129,0.37025238932447
71.13422684536907,0.46005413929282735,0.46185653720361375,0.7579747832340059,0.9339260467120132,1-2,0-2,1-2,0-1,1.0649220116283624,1.5149309920829572,1.4253392564471212,0.4500089804545948,0.3604172448187588
71.15423084616924,0.46695682009244033,0.4775126030383107,0.7450419384679464,0.9363521567951372,1-2,0-2,1-2,0-1,1.0708102237149169,1.5159371665669121,1.4216318108513557,0.4451269428519953,0.35082158713643885
71.1742348469694,0.4739622069981468,0.4931054218049381,0.7322269011159981,0.9387457099821345,1-2,0-2,1-2,0-1,1.0764817598445007,1.5169500106173912,1.4179018813476332,0.44046825077289053,0.3414201215031325
71.19423884776955,0.4810715285593109,0.5085883668103885,0.7195319486610303,0.9411057985866688,1-2,0-2,1-2,0-1,1.0819754707793565,1.517968804052869,1.4141495355832314,0.4359933332735124,0.3321740648038749
71.21424284856971,0.48828599625845076,0.5239237044613205,0.7069592847131441,0.943431542467445,1-2,0-2,1-2,0-1,1.0873245147009043,1.5189928161678068,1.4103748370750067,0.4316683014669025,0.32305032237410236
71.23424684936988,0.49560680402088075,0.5390810089900654,0.6945110381206977,0.9457220884984708,1-2,0-2,1-2,0-1,1.0925571188070087,1.520021306604238,1.4065778453970383,0.4274641877972294,0.31402072659002966
71.25425085017004,0.503035127705521,0.5540358474095973,0.6821892622918241,0.9479766100405886,1-2,0-2,1-2,0-1,1.0976972636633453,1.5210535261607596,1.4027586163694414,0.4233562624974143,0.30506135270609613
71.2742548509702,0.5105721245737159,0.568768695745791,0.6699959347334553,0.9501943064154941,1-2,0-2,1-2,0-1,1.1027652866184205,1.5220887175377855,1.3989172022486605,0.41932343091936497,0.2961519156302399
71.29425885177035,0.518218932732836,0.5832640494552801,0.6579329568147533,0.9523744023833649,1-2,0-2,1-2,0-1,1.107778407175428,1.5231261160183114,1.3950536519197798,0.4153477088428834,0.28727524474435184
71.31426285257052,0.5259766705517415,0.5975096948609016,0.6460021537617484,0.9545161476251154,1-2,0-2,1-2,0-1,1.1127511805581256,1.5241649500835146,1.391168011091164,0.411413769525389,0.27841683053303834
71.33426685337068,0.5338464360451385,0.611496113025263,0.6342052748899368,0.9566188162302091,1-2,0-2,1-2,0-1,1.1176958870955027,1.525204441962874,1.3872603224919307,0.40750855486737136,0.26956443539642794
71.35427085417084,0.5418293062241044,0.6252159920038927,0.6225439940815517,0.9586817061908688,1-2,0-2,1-2,0-1,1.1226228653074652,1.526243808118598,1.383330626072591,0.4036209428111328,0.2607077607651258
71.37427485497099,0.5499263364099436,0.6386638275282928,0.611019910514237,0.9607041389034517,1-2,0-2,1-2,0-1,1.1275407962167807,1.527282259664524,1.3793789592094226,0.3997414634477432,0.25183816299264183
71.39427885577116,0.5581385595088105,0.6518355957379119,0.5996345496479045,0.9626854586776743,1-2,0-2,1-2,0-1,1.1324569457559108,1.528319002719731,1.3754053569129463,0.39586205696382026,0.24294841115703547
71.41428285657132,0.5664669852444505,0.6647284845945768,0.5883893644766115,0.9646250322543078,1-2,0-2,1-2,0-1,1.13737737136549,1.5293532386974364,1.3714098520410651,0.39197586733194645,0.23403248067557514
71.43428685737148,0.5749125993466337,0.6773406731143279,0.5772857370524288,0.9665222483319006,1-2,0-2,1-2,0-1,1.1423070980991505,1.5303841645298462,1.3673924755172688,0.3880770664306956,0.2250853774181183
71.45429085817163,0.5834763626927107,0.6896711496032429,0.56632498028839,0.9683765171030166,1-2,0-2,1-2,0-1,1.1472502688117723,1.5314109728300034,1.363353256554561,0.3841607040182311,0.2161029877427887
71.4742948589718,0.5921592103999832,0.701719561753889,0.5555083400477862,0.9701872698004376,1-2,0-2,1-2,0-1,1.1522102723415057,1.5324328519917254,1.3592922228855664,0.38022257965021966,0.20708195054406064
71.49429885977196,0.6009620508664782,0.7134860928120502,0.5448369975272489,0.9719539582537076,1-2,0-2,1-2,0-1,1.157189853008147,1.5334489862290765,1.3552094009994744,0.3762591332209295,0.19801954799132737
71.51430286057212,0.6098857647579331,0.7249713591164406,0.5343120719412588,0.9736760544563691,1-2,0-2,1-2,0-1,1.1621912042415952,1.5344585555569017,1.3511048163863535,0.3722673513153065,0.18891361214475832
71.53430686137227,0.618931203938641,0.7361763251959934,0.5239346235159146,0.9753530501441838,1-2,0-2,1-2,0-1,1.1672160487180403,1.5354607357143442,1.3469784937895917,0.36824468699630386,0.17976244507155137
71.55431086217244,0.6280991903440768,0.7471022333205473,0.5137056567999868,0.9769844563845967,1-2,0-2,1-2,0-1,1.1722657070113707,1.5364546980333447,1.3428304574670693,0.364188991021974,0.17056475045569863
71.5743148629726,0.6373905147931177,0.7577505449746271,0.5036261243014383,0.9785698031776655,1-2,0-2,1-2,0-1,1.1773411564540248,1.537439609254487,1.3386607314618546,0.36009845280046227,0.16131957500782979
71.59431886377276,0.6468059357379077,0.7681228921875252,0.4936969304577168,0.9801086390686461,1-2,0-2,1-2,0-1,1.1824430816378886,1.5384146312927067,1.3344693398831002,0.35597154965481814,0.15202625824521165
71.61432286457291,0.6563461779492609,0.7782210370277662,0.48391893594818314,0.9816005307723856,1-2,0-2,1-2,0-1,1.1875719177638422,1.5393789209558213,1.3302563071980635,0.3518070031919791,0.14268438943422135
71.63432686537308,0.6660119311357987,0.7880468378738071,0.47429296235699997,0.983045062809663,1-2,0-2,1-2,0-1,1.1927278878624465,1.540331629619003,1.3260216585360118,0.3476037417565565,0.1332937706735653
71.65433086617324,0.6758038484949274,0.7976022213193934,0.464819797194654,0.9844418371555756,1-2,0-2,1-2,0-1,1.1979110347516608,1.5412719028587873,1.3217654200049833,0.3433608681071265,0.12385438525332249
71.6743348669734,0.6857225451940387,0.8068891587726195,0.45550019928597035,0.9857904729000627,1-2,0-2,1-2,0-1,1.2031212484662424,1.5421988800504767,1.3174876190222597,0.3390776315842343,0.1143663705560174
71.69433886777355,0.6957685967801794,0.8159096469713047,0.44633490453195573,0.987090605920622,1-2,0-2,1-2,0-1,1.2083582897827885,1.5431116939334062,1.313188284659661,0.3347534041506177,0.1048299948768725
71.71434286857372,0.7059425375168025,0.8246656917709776,0.43732463205203925,0.988341888567274,1-2,0-2,1-2,0-1,1.213621810371679,1.5440094701488607,1.3088674480046183,0.33038765977718176,0.09524563763293936
71.73434686937388,0.716244858646153,0.8331592946712597,0.4284700907121882,0.9895439893597995,1-2,0-2,1-2,0-1,1.218911370028683,1.5448913267561262,1.3045251425381994,0.32597995672744307,0.0856137725095163
71.75435087017404,0.7266760065761899,0.8413924416363618,0.41977198604289984,0.9906965926972683,1-2,0-2,1-2,0-1,1.224226451373136,1.5457563737326714,1.3001614045311432,0.32152992235953537,0.07593495315800713
71.7743548709742,0.7372363809908573,0.8493670938393958,0.4112310275491271,0.9917993985798652,1-2,0-2,1-2,0-1,1.2295664723435147,1.5466037124653105,1.2957762734592297,0.3170372401217958,0.06620980111571506
71.79435887177436,0.7479263328829712,0.8570851800212591,0.40284793641168126,0.9928521223430059,1-2,0-2,1-2,0-1,1.2349307967742555,1.5474324352398712,1.291369792439155,0.3125016384656156,0.056438995664899405
71.81436287257452,0.7587461625089879,0.8645485902053234,0.3946234535764786,0.9938544944037286,1-2,0-2,1-2,0-1,1.240318743297416,1.5482416247378985,1.286942008686299,0.3079228814404824,0.04662326538888295
71.83436687337468,0.7696961172653822,0.8717591705509903,0.38655834822401863,0.99480626001934,1-2,0-2,1-2,0-1,1.2457295927789633,1.5490303535498382,1.2824929739956663,0.30330076077087487,0.03676338121670297
71.85437087417483,0.7807763894863382,0.8787187191639164,0.37865342660657236,0.9957071790582848,1-2,0-2,1-2,0-1,1.2511625944703189,1.5497976837154066,1.278022745247542,0.29863508924508775,0.026860150777223035
71.874374874975,0.7919871141630348,0.8854289827096337,0.3709095412345694,0.9965570257832085,1-2,0-2,1-2,0-1,1.256616971031393,1.5505426663029727,1.273531384939249,0.29392569527157963,0.016914413907855863
71.89437887577516,0.8033283665849135,0.8918916537014039,0.363327600386431,0.9973555886461717,1-2,0-2,1-2,0-1,1.262091922560149,1.5512643410412414,1.2690189617446048,0.28917241848109243,0.006927039184455808
71.91438287657532,0.814800159903893,0.8981083683533075,0.3559085779074339,0.9981026700959781,1-2,0-2,1-2,0-1,1.2675866297459764,1.5519617360179108,1.2644855511025697,0.2843751062719344,-0.003101078643406696
71.93438687737547,0.8264024426226038,0.9040807049064475,0.34865352325290655,0.9987980863975721,1-2,0-2,1-2,0-1,1.273100256248582,1.5526338674617177,1.2599312358368189,0.2795336112131357,-0.013169020411763155
71.95439087817564,0.838135096008434,0.9098101823503091,0.34156357171898954,0.9994416674634627,1-2,0-2,1-2,0-1,1.2786319503912096,1.5532797396258136,1.255356106807814,0.274647789234604,-0.023275843583395517
71.9743948789758,0.8499979314354233,0.9152982594732176,0.3346399547901375,1.0000332566971288,1-2,0-2,1-2,0-1,1.2841808462455824,1.5538983447922838,1.2507602635991457,0.26971749854670146,-0.03342058264643666
71.99439887977596,0.8619906876567812,0.9205463341858642,0.32788401051633326,1.000572710848359,1-2,0-2,1-2,0-1,1.289746064176527,1.5544886634192758,1.2461438152397821,0.2647425992427488,-0.043602248936744914
72.01440288057611,0.874113028011071,0.92555574307031,0.3212971938145215,1.00105989988049,1-2,0-2,1-2,0-1,1.2953267109057467,1.555049664454098,1.2415068809640968,0.2597229535483514,-0.05381982994164991
72.03440688137628,0.8863645375659897,0.9303277611140292,0.31488108656793107,1.001494706849491,1-2,0-2,1-2,0-1,1.3009218791474142,1.555580305837141,1.2368495910113424,0.2546584266897267,-0.0640722881360718
72.05441088217644,0.8987447202040947,0.9348636015945777,0.30863740737378115,1.0018770277948632,1-2,0-2,1-2,0-1,1.306530646862032,1.5560795352230221,1.2321720874664184,0.2495488883609902,-0.07435855939561353
72.0744148829766,0.904333392230979,0.9391644160856002,0.3025680207644496,1.0022067716423122,0-1,0-2,1-2,0-1,1.3121520761700691,1.556546290946387,1.2274745251436006,0.24439421477631784,-0.08467755102646857
72.09441888377675,0.9008320038930565,0.9432312945592167,0.2966749456997855,1.0024838601181603,0-1,0-2,1-2,0-1,1.3177852119622577,1.5569795032605969,1.222757072515086,0.23919429129833913,-0.0950281394471717
72.11442288457692,0.8973317422272056,0.9470652655635236,0.2909603630993368,1.0027082276754642,0-1,0-2,1-2,0-1,1.323429080239985,1.5573780958774286,1.2180199126859759,0.23394901563744352,-0.1054091675540092
72.13442688537708,0.8938344760602626,0.950667296457071,0.2854266221535356,1.0028798214318164,0-1,0-2,1-2,0-1,1.329082686215904,1.5577409878352302,1.2132632444174067,0.2286583016193262,-0.11581944179849724
72.15443088617724,0.8903421218195341,0.9540382936848499,0.2800762451233221,1.0029986011187981,0-1,0-2,1-2,0-1,1.334745012202479,1.5580670957209832,1.2084872831993354,0.22332208351850413,-0.1262577290031437
72.1744348869774,0.8868566433159946,0.9571791030825936,0.27491193030964994,1.0030645390430697,0-1,0-2,1-2,0-1,1.340415015313759,1.5583553362687173,1.2036922623745692,0.2179403209549582,-0.1367227529391899
72.19443888777757,0.8833800514179774,0.9600905101981398,0.26993655284952395,1.003077620059079,0-1,0-2,1-2,0-1,1.3460916250041632,1.5586046293518054,1.1988784343153336,0.2125130043476422,-0.14721319068882965
72.21444288857772,0.8799144036068711,0.9627732406202566,0.26515316297581615,1.0030378415533772,0-1,0-2,1-2,0-1,1.3517737404664485,1.5588139013802356,1.1940460716536718,0.20704016091378707,-0.15772766881277667
72.23444688937788,0.8764618034060582,0.9652279603067505,0.26056498136668244,1.0029452134405359,0-1,0-2,1-2,0-1,1.3574602279101051,1.5589820891051773,1.1891954685666661,0.2015218611950722,-0.16826475934343899
72.25445089017803,0.8730243996742559,0.9674552759048977,0.25617539120989646,1.002799758170659,0-1,0-2,1-2,0-1,1.3631499177403223,1.5591081438224692,1.1843269421174445,0.19595822608214686,-0.17882297562287786
72.2744548909782,0.8696043857542087,0.9694557350582637,0.25198792662112063,1.0026015107484936,0-1,0-2,1-2,0-1,1.368841601657315,1.559191035953269,1.179440833652536,0.19034943429595397,-0.18940076800477912
72.29445889177836,0.8662039984676875,0.9712298266948942,0.24800625708645946,1.0023505187641464,0-1,0-2,1-2,0-1,1.3745340296951867,1.5592297599647202,1.1745375102560076,0.18469573026953356,-0.19999651943917907
72.31446289257852,0.8628255169476707,0.9727779812926117,0.24423416765193048,1.002046842435414,0-1,0-2,1-2,0-1,1.3802259072195144,1.5592233395757462,1.1696173662603748,0.17899743235623178,-0.2106085409591396
72.33446689337867,0.8594712612987387,0.974100571117834,0.24067553465871963,1.001690554661741,0-1,0-2,1-2,0-1,1.3859158919024641,1.5591708331739162,1.1646808248141212,0.17325494127145213,-0.22123506708834295
72.35447089417885,0.8561435910767599,0.9751979104348971,0.2373342969254159,1.0012817410898271,0-1,0-2,1-2,0-1,1.3916025906946305,1.559071339348806,1.159728339505104,0.1674687486541755,-0.23187425118952665
72.374474894979,0.8528449035792405,0.9760702556833849,0.2342144224077753,1.000820500190906,0-1,0-2,1-2,0-1,1.3972845568127314,1.5589240024269375,1.1547603960388322,0.16163944561420607,-0.24252416077389927
72.39447889577916,0.8495776319379635,0.976717805621399,0.23131987052211272,1.0003069433497167,0-1,0-2,1-2,0-1,1.4029602867628024,1.5587280178738838,1.149777513970008,0.15576773111108144,-0.25318277279279444
72.41448289657932,0.8463442430060433,0.9771407014331077,0.22865455049709585,0.9997411949652022,0-1,0-2,1-2,0-1,1.4086282174185965,1.5584826374124703,1.1447802484853846,0.14985441999387383,-0.26384796893321183
72.43448689737949,0.8431472350319698,0.9773390267992642,0.22622227631483258,0.999123392562969,0-1,0-2,1-2,0-1,1.4142867231755831,1.5581871736932082,1.13976919223527,0.14390045051762512,-0.27451753094031317
72.45449089817964,0.839989135113927,0.9773128079297106,0.22402671900720278,0.9984536869195366,0-1,0-2,1-2,0-1,1.4199341132011707,1.5578410043464663,1.1347449772105274,0.13790689114529564,-0.2851891359906433
72.4744948989798,0.836872496428379,0.9770620135571841,0.2220713572761139,0.9977322421984188,0-1,0-2,1-2,0-1,1.4255686288024487,1.5574435752464983,1.129708276661163,0.13187494644404962,-0.2958603521412857
72.49449889977996,0.8337998952279,0.9765865548920344,0.22035942759319072,0.9969592360980754,0-1,0-2,1-2,0-1,1.4311884409329336,1.5569944028271678,1.1246598070520644,0.1258059618942342,-0.30652863388086926
72.51450290058013,0.830773927604182,0.97588628553774,0.21889387509026018,0.9961348600117735,0-1,0-2,1-2,0-1,1.436791647860525,1.556493075308298,1.1196003300505597,0.11970142744777301,-0.31719131780996523
72.53450690138028,0.8277972060133949,0.9749610013673912,0.21767730666153307,0.9952593191994006,0-1,0-2,1-2,0-1,1.442376273019069,1.5559392527208176,1.1145306545398392,0.11356297970174856,-0.3278456184792298
72.55451090218044,0.8248723555623323,0.9738104403615938,0.21671194774757307,0.9943328329712681,0-1,0-2,1-2,0-1,1.4479402630665168,1.5553326656571047,1.1094516386513318,0.10739240259058791,-0.338488624415185
72.5745149029806,0.8220020100553213,0.9724342824085596,0.21599960424894682,0.9933556348839474,0-1,0-2,1-2,0-1,1.4534814861726608,1.5546731127190994,1.1043641918085039,0.10119162654643854,-0.34911729436415695
72.59451890378077,0.819188807803397,0.9708321490674632,0.21554163091744222,0.9923279729481758,0-1,0-2,1-2,0-1,1.4589977305599435,1.5539604566879042,1.0992692767734924,0.09496272612796064,-0.35972845378645113
72.61452290458092,0.8164353871990507,0.9690036032965113,0.215338907394526,0.9912501098488679,0-1,0-2,1-2,0-1,1.4644867033207207,1.5531946194920914,1.094167911687277,0.08870791617137064,-0.37031879163344383
72.63452690538108,0.8137443820616727,0.966948149147564,0.21539182281651215,0.9901223231772652,0-1,0-2,1-2,0-1,1.4699460295346112,1.5523755761036535,1.0890611720930652,0.08242954656904233,-0.380884857441546
72.65453090618124,0.8111184167608851,0.9646652314295956,0.21570026959668692,0.9889449056752514,0-1,0-2,1-2,0-1,1.4753732517091687,1.551503347537259,1.0839501929318884,0.07613009582809038,-0.39142305877728023
72.67453490698139,0.8085601011269924,0.9621542353437905,0.21626364664505052,0.9877181654918564,0-1,0-2,1-2,0-1,1.4807658295671733,1.5505779931660466,1.0788361704983545,0.06981216359887332,-0.40192965906881883
72.69453890778156,0.8060720251600209,0.959414486093661,0.21708087191920244,0.9864424264519629,0-1,0-2,1-2,0-1,1.4861211402033534,1.5495996025934582,1.073720364343771,0.0634784623901048,-0.41240077585958246
72.71454290858172,0.8036567535510974,0.9564452484742395,0.21815040383979253,0.9851180283372235,0-1,0-2,1-2,0-1,1.4914364786328698,1.5485682873332516,1.0686040991130503,0.057131808700381814,-0.42283237951981945
72.73454690938188,0.8013168200322094,0.9532457264451855,0.21947027077477652,0.9837453271791872,0-1,0-2,1-2,0-1,1.4967090587534984,1.5474841725483024,1.0634887663009398,0.05077511379480404,-0.43322029245255855
72.75455091018203,0.7990547215728179,0.949815062693554,0.2210381075191967,0.9823246955646181,0-1,0-2,1-2,0-1,1.5019360147424832,1.5463473890839157,1.0583758259126188,0.0444113743414325,-0.44356018882986437
72.7745549109822,0.796872912444093,0.9461523381930336,0.2228511974869524,0.9808565229529835,0-1,0-2,1-2,0-1,1.5071144029085621,1.5451580660042903,1.0532668080128837,0.03804366309572815,-0.4538475948956784
72.79455891178236,0.7947737981739212,0.9422565717676956,0.22490651919725527,0.9793412160060686,0-1,0-2,1-2,0-1,1.5122412040186388,1.543916323804648,1.0481633141477658,0.03167511978600923,-0.46407788987087306
72.81456291258252,0.7927597294180658,0.938126719669748,0.22720079558362502,0.9777791989296589,0-1,0-2,1-2,0-1,1.5173133261179603,1.542622268429025,1.0430670186218456,0.02530894231106462,-0.47424630749611474
72.83456691338267,0.7908329957750867,0.9337616751824782,0.22973054467338125,0.9761709138272174,0-1,0-2,1-2,0-1,1.5223276078615413,1.541275986178606,1.037979669614414,0.01894837831706475,-0.4843479382471274
72.85457091418284,0.7889958195746094,0.9291602682615621,0.2324921302714016,0.9745168210654555,0-1,0-2,1-2,0-1,1.5272808223741468,1.5398775395504392,1.032903090117253,0.012596717176292405,-0.49437773225689385
72.874574914983,0.78725034967044,0.9243212652302475,0.2354818114204199,0.9728173996516802,0-1,0-2,1-2,0-1,1.5321696816552899,1.5384269640047121,1.027839178676922,0.006257282349422244,-0.5043305029783678
72.89457891578316,0.785598655271639,0.9192433685466708,0.23869578958630877,0.9710731476227714,0-1,0-2,1-2,0-1,1.5369908415455538,1.5369242656221593,1.0227899099244049,-6.657592339442964e-05,-0.5142009316211489
72.91458291658331,0.7840427198461135,0.9139252166647888,0.2421302527151908,0.9692845824456117,0-1,0-2,1-2,0-1,1.5417409072701398,1.5353694195835232,1.017757334875437,-0.00637148768661655,-0.5239835723947028
72.93458691738348,0.7825844351323685,0.9083653840142223,0.2457814155154484,0.9674522414287665,0-1,0-2,1-2,0-1,1.546416439576166,1.5337623693804836,1.0127435809850935,-0.012654070195682321,-0.5336728585910724
72.95459091818364,0.7812255952958828,0.9025623811287959,0.24964555551935222,0.9655766821451763,0-1,0-2,1-2,0-1,1.5510139614808318,1.532103026652717,1.0077508519409968,-0.0189109348281149,-0.543263109539835
72.9745949189838,0.7799678912670039,0.8965146549588618,0.2537190446663556,0.9636584828655741,0-1,0-2,1-2,0-1,1.5555299656492898,1.530391271537838,1.0027814271801354,-0.025138694111451754,-0.5527485384691544
72.99459891978395,0.7788129052973652,0.8902205894087746,0.25799837631617395,0.9616982430023204,0-1,0-2,1-2,0-1,1.5599609224230753,1.5286269534195427,0.9978376611154853,-0.03133396900353258,-0.5621232613075899
73.01460292058412,0.7777621057714686,0.8836785061483177,0.2624801877404528,0.9596965835632874,0-1,0-2,1-2,0-1,1.5643032885235348,1.526809891962717,0.9929219820595644,-0.03749339656081774,-0.5713813064639705
73.03460692138428,0.7768168423093758,0.8768866657556962,0.2671612782553803,0.957654147615377,0-1,0-2,1-2,0-1,1.5685535164589697,1.5249398783320265,0.9880368908335375,-0.04361363812694319,-0.5805166256254322
73.05461092218444,0.7759783411952672,0.8698432692601961,0.27203862324428213,0.9555716007572163,0-1,0-2,1-2,0-1,1.5727080646703548,1.5230166765008855,0.9831849590518235,-0.049691388169469386,-0.5895231056185314
73.0746149229846,0.7752477011650856,0.8625464601650794,0.2771093843807739,0.9534496316005003,0-1,0-2,1-2,0-1,1.5767634084578268,1.5210400245701634,0.9783688270739815,-0.0557233838876634,-0.5983945813838453
73.09461892378476,0.7746258895844564,0.8549943270461535,0.2823709164021624,0.9512889522594065,0-1,0-2,1-2,0-1,1.5807160517400571,1.5190096360290841,0.973591201617239,-0.06170641571097302,-0.6071248501228181
73.11462292458492,0.7741137390457048,0.8471849068392224,0.28782077080272983,0.9490902988474257,0-1,0-2,1-2,0-1,1.5845625397103897,1.5169252009042562,0.9688548530250584,-0.06763733880613354,-0.6157076866853314
73.13462692538508,0.7737119444099999,0.8391161889508807,0.29345669682078757,0.9468544319808948,0-1,0-2,1-2,0-1,1.5882994724686201,1.5147863867556206,0.9641626121889842,-0.07351308571299953,-0.6241368602796359
73.15463092618523,0.7734210603175438,0.8307861203526096,0.299276640085326,0.9445821372884298,0-1,0-2,1-2,0-1,1.5919235197250379,1.5125928394903323,0.9595173671232821,-0.07933068023470558,-0.6324061526017558
73.1746349269854,0.7732414991852717,0.8221926118487671,0.30527873927086085,0.9422742259253845,0-1,0-2,1-2,0-1,1.595431436695529,1.5103441839764078,0.9549220591938129,-0.0850872527191211,-0.640509377501716
73.19463892778556,0.773173529707822,0.8133335457459575,0.3114613210854482,0.9399315350923673,0-1,0-2,1-2,0-1,1.598820081332712,1.5080400244477459,0.9503796790049102,-0.09078005688496615,-0.6484404023278019
73.21464292858572,0.7732172758735993,0.8042067851957895,0.3178228938891641,0.9375549285567586,0-1,0-2,1-2,0-1,1.6020864330700608,1.505679944700306,0.9458932619500517,-0.09640648836975485,-0.6561931711200091
73.23464692938587,0.7733727165036561,0.7948101855368944,0.3243621402105396,0.935145297176069,0-1,0-2,1-2,0-1,1.6052276132937184,1.5032635080863088,0.9414658834344918,-0.10196410520740962,-0.6637617298592267
73.25465093018605,0.7736396853169013,0.7851416080273769,0.3310779083980107,0.9327035594218787,0-1,0-2,1-2,0-1,1.6082409078025868,1.500790257318815,0.937100653779959,-0.10745065048377178,-0.6711402540226278
73.2746549309862,0.7740178715208825,0.7751989364382335,0.3379692036135384,0.9302306619029792,0-1,0-2,1-2,0-1,1.6111237915714915,1.498259714103571,0.9328007128237678,-0.1128640774679206,-0.6783230787477238
73.29465893178636,0.7745068209231426,0.7649800970749715,0.34503517834697744,0.9277275798862282,0-1,0-2,1-2,0-1,1.613873956197575,1.4956713786182494,0.9285692242265566,-0.11820257757932562,-0.6853047319710184
73.31466293258651,0.7751059375539635,0.754483082912735,0.35227512260309374,0.9251953178134984,0-1,0-2,1-2,0-1,1.6164893404876404,1.4930247288616993,0.9244093695049826,-0.12346461162594102,-0.6920799709826577
73.33466693338669,0.7758144857872719,0.7437059826748157,0.3596884538886698,0.9226349098129714,0-1,0-2,1-2,0-1,1.618968164737572,1.4903192198972082,0.9203243418073388,-0.12864894484036382,-0.6986438229302332
73.35467093418684,0.7766315929426122,0.7326470158618384,0.36727470710507165,0.9200474202028937,0-1,0-2,1-2,0-1,1.6213089693662812,1.4875542830146982,0.9163173394519025,-0.13375468635158305,-0.7049916299143787
73.374674934987,0.7775562523474884,0.7213045749571727,0.3750335244320117,0.9174339439857584,0-1,0-2,1-2,0-1,1.6235106587005028,1.4847293248368614,0.912391559249259,-0.13878133386364144,-0.7111190994512439
73.39467893578716,0.7785873268360236,0.7096772763032624,0.38296464527098717,0.9147956073307391,0-1,0-2,1-2,0-1,1.6255725508668903,1.4818437263940614,0.9085501896314687,-0.14372882447282898,-0.7170223612354216
73.41468293658733,0.779723552656904,0.6977640214761748,0.3910678963018651,0.9121335680420295,0-1,0-2,1-2,0-1,1.6274944349407685,1.478896842192024,0.9047964036120569,-0.1485975927487444,-0.7226980313287116
73.43468693738748,0.7809635437609153,0.6855640713976137,0.39934318169320027,0.9094490160105929,0-1,0-2,1-2,0-1,1.6292766367321578,1.4758879992953904,0.9011333516020921,-0.15338863743676745,-0.7281432851300658
73.45469093818764,0.7823057964361515,0.6730771359347387,0.40779047349589054,0.9067431736466482,0-1,0-2,1-2,0-1,1.6309200948681164,1.472816496448881,0.8975641541084897,-0.15810359841923538,-0.7333559407596267
73.4746949389878,0.7837486942570984,0.6603034823732932,0.4164098022405432,0.9040172962900467,0-1,0-2,1-2,0-1,1.63242644916435,1.4696816032564963,0.8940918943417178,-0.16274484590785376,-0.7383345548226323
73.49469893978797,0.7852905133124015,0.6472440669397366,0.42520124775122936,0.9012726725955177,0-1,0-2,1-2,0-1,1.6337981436800755,1.4664825594375248,0.8907196107605926,-0.16731558424255066,-0.7430785329194829
73.51470294058812,0.7869294276751038,0.633900694531727,0.434164930181975,0.8985106248895728,0-1,0-2,1-2,0-1,1.6350385473291662,1.4632185741766148,0.8874502895825905,-0.17181997315255138,-0.7475882577465757
73.53470694138828,0.7886635150785717,0.6202762130404906,0.44330100127720073,0.8957325094956732,0-1,0-2,1-2,0-1,1.6361520954911086,1.459888825583435,0.8842868572883645,-0.1762632699076736,-0.7518652382027441
73.55471094218844,0.7904907627611248,0.606374750170252,0.4526096358532174,0.8929397170240787,0-1,0-2,1-2,0-1,1.637144456738624,1.4564924602759592,0.8812321731496472,-0.18065199646266472,-0.7559122835889768
73.5747149429886,0.79240907344262,0.5922020025461058,0.4620910234946745,0.8901336726225969,0-1,0-2,1-2,0-1,1.6380227295855676,1.4530285930997011,0.8782890218096931,-0.1849941364858665,-0.7597337077758745
73.59471894378876,0.7944162713967958,0.5777655892287739,0.4717453604574148,0.8873158361842692,0-1,0-2,1-2,0-1,1.6387956750610677,1.449496306993806,0.8754601059455909,-0.18929936806726166,-0.7633355691154768
73.61472294458892,0.7965101085841295,0.5630754846038408,0.48157284176740006,0.8844877025078335,0-1,0-2,1-2,0-1,1.6394739919242318,1.445894653013392,0.8727480390415353,-0.19357933891083978,-0.7667259528826965
73.63472694538908,0.7986882708111321,0.5481445490603184,0.49157365350413734,0.8816508014066143,0-1,0-2,1-2,0-1,1.6400706424115916,1.4422226505162894,0.8701553383021204,-0.19784799189530222,-0.7699153041094712
73.65473094618925,0.8009483838835484,0.5329891799685931,0.5017479652562843,0.8788066977613129,0-1,0-2,1-2,0-1,1.6406012374767909,1.4384792875210124,0.8676844177341765,-0.20212194995577848,-0.7729168197426144
73.6747349469894,0.8032880197226199,0.5176301101944711,0.5120959227367543,0.8759569915119854,0-1,0-2,1-2,0-1,1.6410844913798603,1.4346635212417382,0.8653375814253584,-0.2064209701381221,-0.7757469099545019
73.69473894778956,0.8057047024155347,0.5020933865883279,0.5226176405446324,0.8731033175843309,0-1,0-2,1-2,0-1,1.6415427559256117,1.4307742788050148,0.8631170170469553,-0.21076847712059688,-0.7784257388786564
73.71474294858972,0.8081959141732169,0.4864115661432383,0.5333131950614957,0.8702473457452531,0-1,0-2,1-2,0-1,1.642002644140561,1.4268104581521068,0.861024789607849,-0.21519218598845424,-0.7809778545327121
73.73474694938989,0.810759101170872,0.4706251719165405,0.5441826174702653,0.8673907803825114,0-1,0-2,1-2,0-1,1.6424957508896236,1.4227709291300437,0.8590628354855295,-0.21972482175957997,-0.7834329154040941
73.75475095019004,0.8133916792489482,0.45478445261126627,0.5552258868854599,0.8645353602031471,0-1,0-2,1-2,0-1,1.6430594725343899,1.4186545347738224,0.8572329567592359,-0.22440493776056747,-0.7858265157751539
73.7747549509902,0.8160910394545692,0.43895148578426335,0.5664429235846625,0.861682857845267,0-1,0-2,1-2,0-1,1.6437379171508864,1.414460092781598,0.8555368158690526,-0.22927782436928834,-0.7882011012818337
73.79475895179036,0.818854553405781,0.4232026496606951,0.5778335823321041,0.8588350793976658,0-1,0-2,1-2,0-1,1.6445828779658687,1.4101863971843074,0.8539759306237226,-0.23439648078156128,-0.7906069473421461
73.81476295259053,0.8216795784633752,0.40763145392204836,0.5893976457865149,0.8559938638217215,0-1,0-2,1-2,0-1,1.6456548112087097,1.4058322202106808,0.8525516695784091,-0.23982259099802894,-0.7931031416303006
73.83476695339068,0.824563462697306,0.3923516527100284,0.6011348179867718,0.8531610822699554,0-1,0-2,1-2,0-1,1.6470237100195855,1.4013963143483577,0.8512652478022734,-0.24562739567122782,-0.7957584622173121
73.85477095419084,0.8275035496370158,0.37750044587306464,0.6130447179103548,0.8503386372956522,0-1,0-2,1-2,0-1,1.6487696926822557,1.3968774146014697,0.8501177230539844,-0.25189227808078596,-0.7986519696282713
73.874774954991,0.8304971827970823,0.36324138701874076,0.6251268731012339,0.8475284619479762,0-1,0-2,1-2,0-1,1.6509830231266802,1.3922742409449187,0.8491099923817028,-0.2587087821817615,-0.8018730307449774
73.89477895579117,0.8335417099717282,0.3497663445844681,0.6373807133655077,0.844732518747096,0-1,0-2,1-2,0-1,1.6537631601059672,1.3875855009752913,0.8482427891620778,-0.2661776591306759,-0.8055203709438894
73.91478295659132,0.8366344872936319,0.33729551511996425,0.6498055645349045,0.8419527985339622,0-1,0-2,1-2,0-1,1.6572163144973704,1.382809892758211,0.8475166805909482,-0.2744064217391593,-0.8096996339064222
73.93478695739148,0.839772883054355,0.3260741362863646,0.6624006423001488,0.8391913191895485,0-1,0-2,1-2,0-1,1.6614509427866455,1.377946107871693,0.8469320656362884,-0.2835048349149525,-0.8145188771503571
73.95479095819164,0.8429542812853208,0.31636436496990933,0.6751650461181511,0.8364501242186069,0-1,0-2,1-2,0-1,1.6665707252565054,1.3729928346449,0.8464891734619632,-0.29357789061160533,-0.8200815517945422
73.97479495899181,0.8461760850998951,0.3084310714388726,0.688097753199017,0.83373128119327,0-1,0-2,1-2,0-1,1.6726650033485115,1.3679487615913843,0.8461880623285161,-0.3047162417571272,-0.8264769410199955
73.99479895979196,0.8494357197984844,0.30252139383840143,0.7011976125809833,0.8310368800521867,0-1,0-2,1-2,0-1,1.679797463360913,1.3628125810356564,0.8460286189751086,-0.31698488232525657,-0.8337688443858043
74.01480296059212,0.852730635739879,0.2988399183339299,0.7144633393035437,0.8283690312512916,0-1,0-2,1-2,0-1,1.6879949327357504,1.357582992931479,0.8460105584843505,-0.3304119398042713,-0.8419843742513999
74.03480696139228,0.8560583109831222,0.29752381474156686,0.727893508691252,0.8257298637627982,0-1,0-2,1-2,0-1,1.6972390505046318,1.3522587088699332,0.8461334246296447,-0.3449803416346986,-0.8511056258749871
74.05481096219245,0.8594162537052531,0.2986239313542391,0.741486550762939,0.8231215229195612,0-1,0-2,1-2,0-1,1.7074636069635596,1.346838456274665,0.8463965907022741,-0.36062515068889467,-0.8610670162612855
74.0748149629926,0.8628020044010555,0.3020973253419166,0.7552407447833536,0.8205461681025872,0-1,0-2,1-2,0-1,1.718559078839739,1.3413209827811563,0.846799260813353,-0.3772380960585826,-0.8717598180263859
74.09481896379276,0.8662131378717403,0.30781358615907617,0.769154213976547,0.8180059702701847,0-1,0-2,1-2,0-1,1.7303836574164204,1.3357050607960403,0.8473404716634928,-0.3946785966203801,-0.8830431857529276
74.11482296459292,0.8696472650100051,0.31557295147968817,0.7832249204225802,0.8155031093280293,0-1,0-2,1-2,0-1,1.7427779924174962,1.3299894922316722,0.8480190947710727,-0.412788500185824,-0.8947588976464235
74.13482696539309,0.873102034389485,0.32513091237678376,0.7874891132194092,0.8130397713402826,0-1,0-2,0-2,0-1,1.7555800556542522,1.3241731134100907,0.8488338391478718,-0.43140694224416154,-0.9067462165063804
74.15483096619324,0.8765751336669289,0.3362232456991883,0.784469978943062,0.8106181455828532,0-1,0-2,0-2,0-1,1.7686372097612852,1.318254800129412,0.8497832544090196,-0.45038240963187315,-0.9188539553522657
74.1748349669934,0.8800642908057854,0.34858694600723494,0.7814831827187648,0.808240421440892,0-1,0-2,0-2,0-1,1.7818140853379079,1.312233472884371,0.8508657343023563,-0.4695806124535369,-0.9309483510355515
74.19483896779356,0.8835672751299846,0.3619749840411744,0.7785312913437608,0.8059087851537157,0-1,0-2,0-2,0-1,1.7949963220953133,1.3061081022313572,0.8520795206407552,-0.48888821986395614,-0.9429168014545581
74.21484296859373,0.887081898216907,0.3761649087593336,0.775616914738575,0.8036254164114944,0-1,0-2,0-2,0-1,1.8080910928799632,1.2998777142866875,0.8534227076193469,-0.5082133785932756,-0.9546683852606163
74.23484696939389,0.8906060146384951,0.3909624848390415,0.7727427021457324,0.8013924848092657,0-1,0-2,0-2,0-1,1.8210255720634696,1.293541396345206,0.8548932464983068,-0.5274841757182636,-0.9661323255651628
74.25485097019404,0.8941375225595078,0.406201900038845,0.7699113380424121,0.7992121461651023,0-1,0-2,0-2,0-1,1.8337443604731596,1.287098302604471,0.8564889506305777,-0.5466460578686887,-0.9772554098425819
74.2748549709942,0.8976743642017432,0.4217439214693837,0.7671255377610908,0.7970865387105724,0-1,0-2,0-2,0-1,1.846206583623056,1.280547659977902,0.858207500812949,-0.5656589236451539,-0.9879990828101068
74.29485897179437,0.901214526183004,0.4374730338167217,0.7643880428139735,0.7950177791629933,0-1,0-2,0-2,0-1,1.8583830931445786,1.2738887739782128,0.8600464509378994,-0.5844943191663658,-0.9983366422066792
74.31486297259453,0.9047560397393404,0.4532942409541645,0.7617016159189743,0.7930079586903308,0-1,0-2,0-2,0-1,1.8702539852420663,1.2671210346504136,0.8620032339229364,-0.6031329505916527,-1.00825075131913
74.33486697339468,0.9082969808389473,0.4691299324419601,0.7590690357271951,0.7910591387809993,0-1,0-2,0-2,0-1,1.8818065110912516,1.2602439225314923,0.8640751678934708,-0.6215625885597593,-1.0177313431977808
74.35487097419484,0.9118354701957655,0.48491702191859865,0.7564930912542519,0.7891733470321775,0-1,0-2,0-2,0-1,1.8930333760191893,1.253257014611764,0.8662594625948823,-0.6397763614074252,-1.026773913424307
74.37487497499501,0.9153696731906502,0.5006044418562319,0.7539765760204117,0.7873525728716119,0-1,0-2,0-2,0-1,1.9039313868614882,1.2461599902707046,0.8685532260089847,-0.6577713965907837,-1.0353781608525034
74.39487897579517,0.918897799707607,0.5161510084477867,0.7515222819073084,0.7855987632291973,0-1,0-2,0-2,0-1,1.9145003935926117,1.2389526371579946,0.8709534711499384,-0.6755477564346171,-1.0435469224426734
74.41488297659532,0.9224181038923626,0.5315236335596637,0.7491329927419967,0.7839138181758787,0-1,0-2,0-2,0-1,1.9247424708809044,1.231634856988468,0.8734571230144688,-0.6931076138924364,-1.0512853478664357
74.43488697739548,0.9259288838401245,0.5466958444145813,0.7468114776222496,0.782299586548595,0-1,0-2,0-2,0-1,1.9346612907200897,1.2242066712177673,0.8760610256613098,-0.7104546195023225,-1.05860026505878
74.45489097819565,0.929428481219153,0.5616465670562579,0.7445604840002785,0.7807578615810806,0-1,0-2,0-2,0-1,1.9442616448617998,1.2166682265637754,0.8787619493947862,-0.7275934182980244,-1.0654996954670135
74.4748949789958,0.9329152808363648,0.5763591311256957,0.7423827305454305,0.7792903765612993,0-1,0-2,0-2,0-1,1.9535490834431295,1.2090198003373671,0.8815565980276535,-0.7445292831057624,-1.071992485415476
74.49489897979596,0.9363877101509308,0.5908204577591439,0.740280899809848,0.7778988005371322,0-1,0-2,0-2,0-1,1.9625296430858625,1.2012618055447781,0.8844416161985031,-0.7612678375410844,-1.0780880268873594
74.51490298059612,0.9398442387414098,0.6050203976604932,0.7382576307245214,0.7765847340926211,0-1,0-2,0-2,0-1,1.9712096435423645,1.193394795722923,0.8874135967194036,-0.7778148478194415,-1.083796046822961
74.53490698139628,0.943283377731725,0.6189511916429866,0.7363155109565758,0.7753497052175862,0-1,0-2,0-2,0-1,1.9795955366693556,1.1854194694684095,0.8904690879297563,-0.7941760672009461,-1.0891264487395993
74.55491098219645,0.9467036791809161,0.6326070307222741,0.7344570691619572,0.7741951652937685,0-1,0-2,0-2,0-1,1.9876937952420564,1.177336674620784,0.8936046010328066,-0.8103571206212723,-1.0940891942092499
74.5749149829966,0.9501037354412921,0.6459836970026211,0.7326847671708631,0.7731224852207766,0-1,0-2,0-2,0-1,1.9955108320352226,1.169147412060783,0.8968166173917554,-0.8263634199744396,-1.098694214643467
74.59491898379676,0.9534821784893557,0.6590782701058756,0.7310009921462334,0.7721329517050441,0-1,0-2,0-2,0-1,2.0030529418510152,1.1608528390850765,0.9001015957629124,-0.8422001027659387,-1.1029513460881029
74.61492298459692,0.956837679233487,0.6718888867951196,0.729408048758332,0.7712277637346981,0-1,0-2,0-2,0-1,2.0103262609052885,1.1524542723202011,0.9034559794440267,-0.8578719885850874,-1.1068702814612619
74.63492698539709,0.9601689468021837,0.6844145438169288,0.7279081514208258,0.7704080292627243,0-1,0-2,0-2,0-1,2.017336739309349,1.1439531901401143,0.9068762033165177,-0.8733835491692348,-1.1104605359928312
74.65493098619724,0.9634747278163107,0.6966549359094326,0.7265034166357651,0.7696747621200513,0-1,0-2,0-2,0-1,2.0240901233966175,1.1353512345540846,0.9103587007611281,-0.8887388888425329,-1.1137314226354893
74.6749349869974,0.9667538056486209,0.7086103224751047,0.7251958554964233,0.7690288791792069,0-1,0-2,0-2,0-1,2.0305919454159373,1.126650212534461,0.9138999104272549,-0.9039417328814763,-1.1166920349886824
74.69493898779756,0.9700049996734732,0.7202814176655915,0.7239873663979912,0.7684711977879877,0-1,0-2,0-2,0-1,2.0368475187024853,1.117852096757206,0.917496282837155,-0.9189954219452792,-1.1193512358653304
74.71494298859773,0.9732271645095247,0.7316692996288308,0.7228797280066452,0.7680024334911651,0-1,0-2,0-2,0-1,2.042861936886705,1.1089590257319801,0.921144286807081,-0.9339029111547248,-1.1217176500796238
74.73494698939788,0.9764191892578815,0.7427753354742451,0.7218745925374083,0.7676231980566326,0-1,0-2,0-2,0-1,2.048640076044945,1.0999733033029164,0.9248404156684611,-0.9486667727420284,-1.1237996603764837
74.75495099019804,0.9795799967380446,0.7536011191590853,0.7209734793905411,0.7673339978205794,0-1,0-2,0-2,0-1,2.054186598957721,1.090897397506069,0.9285811932732649,-0.9632892014516519,-1.125605405684456
74.7749549909982,0.9827085427237067,0.7641484200197178,0.7201777691948529,0.7671352323643017,0-1,0-2,0-2,0-1,2.059505960842154,1.0817339387747038,0.9323631797689002,-0.9777720220674502,-1.1271427810732537
74.79495899179837,0.9858038151803468,0.774419140091172,0.7194886983043519,0.7670271935331244,0-1,0-2,0-2,0-1,2.064602416078678,1.0724857174891835,0.9361829771291457,-0.9921166985894945,-1.1284194389495323
74.81496299259852,0.9888648335063305,0.7844152786968852,0.7189073537920274,0.7670100648056645,0-1,0-2,0-2,0-1,2.069480025569754,1.0631556808739837,0.9400372344289527,-1.0063243446957701,-1.1294427911408012
74.83496699339868,0.9918906477791165,0.7941389030644719,0.7184346689813115,0.7670839210193021,0-1,0-2,0-2,0-1,2.074142664458485,1.0537469292503738,0.9439226528522582,-1.020395735208111,-1.1302200116062266
74.85497099419884,0.9948803380079408,0.8035921239453551,0.7180714195519298,0.7672487284553255,0-1,0-2,0-2,0-1,2.078594030004173,1.0442627116593546,0.9478359904234072,-1.0343313183448186,-1.130758039580766
74.87497499499901,0.9978330133942782,0.8127770753965071,0.7178182202524592,0.7675043452847453,0-1,0-2,0-2,0-1,2.0828376494647847,1.0347064208755086,0.9517740664541887,-1.048131228589276,-1.131063583010596
74.89497899579916,1.0007478116011879,0.8216958980294723,0.7176755222470286,0.7678505223733241,0-1,0-2,0-2,0-1,2.0868768878769184,1.0250815878383663,0.9557337657000311,-1.061795300038552,-1.1311431221768873
74.91498299659932,1.0036238980325836,0.8303507251518074,0.7176436111182871,0.7682869044419224,0-1,0-2,0-2,0-1,2.0907149556548372,1.0153918755336335,0.9597120422203961,-1.0753230801212037,-1.131002913434441
74.93498699739948,1.0064604651232743,0.8387436713242721,0.7177226055431064,0.7688130315758862,0-1,0-2,0-2,0-1,2.0943549159538657,1.0056410723620555,0.9637059229400138,-1.0887138435918102,-1.130648993013852
74.95499099819965,1.0092567316405952,0.8468768229376612,0.7179124566515647,0.7694283410748991,0-1,0-2,0-2,0-1,2.097799691761423,0.9958330850387328,0.9677125109091184,-1.1019666067226903,-1.1300871808523048
74.9749949989998,1.0120119419982805,0.8547522304794245,0.718212948073666,0.7701321696325367,0-1,0-2,0-2,0-1,2.101052072692649,0.9859719310702545,0.9717289882624368,-1.1150801416223945,-1.129323084430212
74.99499899979996,1.0147253655832071,0.8623719022148593,0.718623696672096,0.7709237558327189,0-1,0-2,0-2,0-1,2.104114721477793,0.976061730861021,0.9757526188782025,-1.128052990616772,-1.1283621025995907
75.01500300060012,1.0173962960954717,0.8715398458754668,0.7192913303954895,0.7720353337694588,0-1,0-2,0-2,0-1,2.1083342092847035,0.9630847971348696,0.9811795753056161,-1.145249412149834,-1.1271546339790874
75.03500700140029,1.0200240509022631,0.8785912028381974,0.7199479037120986,0.7730211020711295,0-1,0-2,0-2,0-1,2.110997391697208,0.9530610294831504,0.9852008746337252,-1.1579363622140573,-1.1257965170634825
75.05501100220044,1.022607970405865,0.8853930036765748,0.7207123588072049,0.7740915115800274,0-1,0-2,0-2,0-1,2.1134785287273514,0.9430022999354404,0.9892214254159876,-1.170476228791911,-1.124257103311364
75.0750150030006,1.0251474174261135,0.8919470308631658,0.7215836274095918,0.7752454184666976,0-1,0-2,0-2,0-1,2.11577981424231,0.9329130702339785,0.993238859800674,-1.1828667440083314,-1.1225409544416358
75.09501900380076,1.0276417765975023,0.8982550069722165,0.7225604890257173,0.7764815984484957,0-1,0-2,0-2,0-1,2.117903343927522,0.9227978595544041,0.9972509007220529,-1.195105484373118,-1.1206524432054692
75.11502300460093,1.0300904537811535,0.9043185932327056,0.7236415755558007,0.7777987508747024,0-1,0-2,0-2,0-1,2.119851119919511,0.9126612356103697,1.0012553628153542,-1.207189884309141,-1.1185957571041567
75.13502700540108,1.032492875491756,0.9101393884653831,0.7248253764151437,0.7791955029916257,0-1,0-2,0-2,0-1,2.121625055171736,0.9025078058164345,1.0052501530821603,-1.2191172493553015,-1.1163749020895757
75.15503100620124,1.0348484883395948,0.9157189283379106,0.7261102441174041,0.7806704143654626,0-1,0-2,0-2,0-1,2.1232269775658708,0.8923422085667552,1.009233271318008,-1.2308847689991156,-1.1139937062478626
75.1750350070014,1.037156758487683,0.9210586848823493,0.7274944002737832,0.7822219814405775,0-1,0-2,0-2,0-1,2.124658633780975,0.8821691046844942,1.0132028103148747,-1.2424895290964808,-1.1114558234661003
75.19503900780157,1.0394171711240363,0.9261600662277809,0.7289759419599562,0.7838486422109303,0-1,0-2,0-2,0-1,2.1259216929327946,0.8719931690938173,1.0171569558518936,-1.2539285238389772,-1.108764737080901
75.21504300860173,1.0416292299490526,0.9310244165080377,0.7305528484010919,0.7855487809826806,0-1,0-2,0-2,0-1,2.127017749995111,0.8618190827626675,1.021093986488292,-1.2651986672324433,-1.1059237635068189
75.23504700940188,1.0437924566779802,0.9356530159105859,0.7322229879244573,0.7873207332064647,0-1,0-2,0-2,0-1,2.1279483290145875,0.8516515249604912,1.0250122731729943,-1.2762968040540963,-1.1029360558415933
75.25505101020204,1.045906390558365,0.9400470808377459,0.7339841251288776,0.7849521025097168,0-1,0-2,0-2,1-2,2.1287148861301106,0.8414951658705924,1.0289102786857474,-1.2872197202595181,-1.0998046074443633
75.27505501100221,1.0479705879024146,0.9442077641557669,0.7358339282206825,0.7676146881279505,0-1,0-2,0-2,1-2,2.129318812406998,0.8313546595921414,1.0327865569248462,-1.2979641528148567,-1.096532255482152
75.29505901180237,1.049984621634146,0.9481361555109613,0.7377699764666849,0.7505026741855984,0-1,0-2,0-2,1-2,2.12976143649591,0.8212346375618996,1.0366397520567132,-1.3085267989340101,-1.0931216844391967
75.31506301260252,1.0519480808512143,0.9518332816952251,0.7397897677161624,0.733619762191164,0-1,0-2,0-2,1-2,2.1300440271256456,0.8111397024207256,1.0404685975426162,-1.31890432470492,-1.0895754295830293
75.33506701340268,1.0538605704012476,0.9553001070459197,0.7418907259456857,0.7169693906979514,0-1,0-2,0-2,1-2,2.130167795438497,0.801074422344763,1.0442719150577808,-1.329093373093734,-1.0858958803807162
75.35507101420285,1.0557217104725598,0.9585375338673482,0.7440702087829137,0.700554729845216,0-1,0-2,0-2,1-2,2.130133897176115,0.7910433258562012,1.0480486133179996,-1.3390905713199137,-1.0820852838581154
75.375075015003,1.0575311361990571,0.9615464028629779,0.7463255149680915,0.6843786761211261,0-1,0-2,0-2,1-2,2.1299434347233723,0.781050897123444,1.0517976868286365,-1.3488925375999283,-1.0781457478947358
75.39507901580316,1.0592884972791885,0.964327493569189,0.7486538917148706,0.6684438473135594,0-1,0-2,0-2,1-2,2.1295974590170124,0.771101571755712,1.05551821457063,-1.3584958872613004,-1.0740792444463823
75.41508301660332,1.0609934576087343,0.9668815247827334,0.7510525419351862,0.6527525776137745,0-1,0-2,0-2,1-2,2.129096971325435,0.7611997330923425,1.0592093586377798,-1.3678972382330925,-1.069887612687655
75.43508701740349,1.0626456949272667,0.969209154975262,0.7535186312961787,0.6373069128374873,0-1,0-2,0-2,1-2,2.128442924905319,0.7513497089826715,1.0628703628391705,-1.3770932159226477,-1.0655725620661487
75.45509101820365,1.0642449004780847,0.971310982689313,0.7560492950805191,0.6221086057278586,0-1,0-2,0-2,1-2,2.1276362265403304,0.7415557690481072,1.0665005512802004,-1.3860804574922232,-1.06113567526013
75.4750950190038,1.0657907786814445,0.9731875469110043,0.7586416448248954,0.6071591113053435,0-1,0-2,0-2,1-2,2.1266777379665562,0.7318221224141412,1.0700993269351855,-1.394855615552415,-1.0565784110313707
75.49509901980396,1.0672830468208792,0.9748393274154319,0.7612927747148281,0.5924595822302661,0-1,0-2,0-2,1-2,2.125568277188933,0.7221529158963155,1.0736661702240775,-1.4034153612926175,-1.0519021069648555
75.51510302060413,1.068721434742426,0.9762667450814172,0.7639997677173334,0.578010864145357,0-1,0-2,0-2,1-2,2.1243086196923113,0.7125522326209139,1.077200637605331,-1.4117563870713974,-1.0471079820869804
75.53510702140429,1.0701056845665653,0.9774701621727862,0.7667597014362203,0.5638134909672815,0-1,0-2,0-2,1-2,2.1228994995504347,0.7030240910580354,1.080702360196527,-1.4198754084923992,-1.0421971393539076
75.55511102220444,1.0714355504126913,0.9784498825838633,0.7695696536779544,0.549867680098371,0-1,0-2,0-2,1-2,2.1213416104355245,0.6935724444420432,1.0841710424338868,-1.4277691659934812,-1.0371705680016376
75.5751150230046,1.0727107981359159,0.9792061520472579,0.7724267077190118,0.5361733275323178,0-1,0-2,0-2,1-2,2.119635606530835,0.6842011805518327,1.0876064607814573,-1.4354344259790024,-1.0320291457493778
75.59511902380477,1.0739312050760301,0.9797391583024098,0.7753279572684737,0.5227300028304093,0-1,0-2,0-2,1-2,2.117782103347948,0.6749141218212765,1.0910084625003782,-1.4428679815266716,-1.0267736408475698
75.61512302460493,1.0750965598184394,0.9800490312236724,0.7782705111222342,0.509536943947925,0-1,0-2,0-2,1-2,2.115781678450212,0.6657150257482225,1.0943769644883894,-1.4500666527019896,-1.0214047139618228
75.63512702540508,1.0762066619669108,0.980135842907017,0.7812514975076248,0.49659305189348885,0-1,0-2,0-2,1-2,2.1136348720831917,0.6566075855688019,1.0977119521995478,-1.4570272865143896,-1.015922919883644
75.65513102620524,1.0772613219279397,0.9799996077147052,0.7842680681194728,0.483896885207333,0-1,0-2,0-2,1-2,2.1113421877126024,0.6475954311622595,1.1010134786540775,-1.4637467565503428,-1.010328709058525
75.67513502700541,1.0782603607065946,0.9796402822775374,0.7873174018506005,0.47144665424748006,0-1,0-2,0-2,1-2,2.108904092469657,0.6386821301503572,1.1042816635483341,-1.4702219623192998,-1.004622428921323
75.69513902780557,1.0792036097136657,0.9790577654545273,0.7903967082215616,0.4592402152755859,0-1,0-2,0-2,1-2,2.106321017503314,0.6298711891542452,1.107516692475115,-1.4764498283490686,-0.9988043250281988
75.71514302860572,1.0800909105839793,0.978251898250094,0.7935032305159672,0.44727506433642644,0-1,0-2,0-2,1-2,2.103593358238333,0.6211660551708784,1.1107188162649584,-1.4824273030674544,-0.9928745419733744
75.73514702940588,1.0809221150057189,0.9772224636891099,0.796634248629117,0.4355483309265031,0-1,0-2,0-2,1-2,2.1007214745376324,0.6125701170301732,1.1138883504597867,-1.4881513575074592,-0.9868331240778456
75.75515103020605,1.081697084560625,0.9759691866504006,0.7997870816388019,0.42405677144771275,0-1,0-2,0-2,1-2,2.0977056907667664,0.6040867068936115,1.1170256749311611,-1.4936189838731548,-0.9806800158356053
75.77515503100621,1.0824156905749385,0.9744917336595617,0.8029590901081163,0.412796762441129,0-1,0-2,0-2,1-2,2.094546295757846,0.595719101754408,1.1201312336567244,-1.4988271940034381,-0.9744150621011216
75.79515903180636,1.0830778139809663,0.972789712642262,0.8061476781308917,0.4017642935933059,0-1,0-2,0-2,1-2,2.0912435426695115,0.5874705248991,1.1232055346700842,-1.5037730177704116,-0.9680380079994273
75.81516303260652,1.0836833451891514,0.9708626726395326,0.809350295130994,0.39095496050265693,0-1,0-2,0-2,1-2,2.0877976487390226,0.5793441472900812,1.126249150201571,-1.5084535014489413,-0.9615484985374516
75.83516703340669,1.084232183970544,0.9687101034869111,0.8125644374271745,0.38036395718589117,0-1,0-2,0-2,1-2,2.0842087949216968,0.571343088828629,1.1292627170300222,-1.5128657060930677,-0.9549460778916745
75.85517103420685,1.0847242393495646,0.9663314354597434,0.8157876495754985,0.3699860682935383,0-1,0-2,0-2,1-2,2.080477125412238,0.5634704194579625,1.1322469370691948,-1.5170067059542756,-0.9482301883430433
75.875175035007,1.0851594295069817,0.9637260388874282,0.8190175255015562,0.3598156609886002,0-1,0-2,0-2,1-2,2.076602747041583,0.5557291600662176,1.1352025782166468,-1.5208735869753656,-0.9414001688249363
75.89517903580716,1.08553768169301,0.960893223739955,0.8222517094347431,0.349846676422415,0-1,0-2,0-2,1-2,2.0725857285420863,0.5481222831495496,1.1381304754982375,-1.5244634453925368,-0.9344552530438488
75.91518303660733,1.0858589321504584,0.9578322391907459,0.8254878966568747,0.34007262071595323,0-1,0-2,0-2,1-2,2.068426099672756,0.5406527131964076,1.1410315325478682,-1.5277733864763483,-0.9273945671248878
75.93518703740749,1.0861231260478637,0.9545422731605708,0.8287238340772756,0.3304865553217241,0-1,0-2,0-2,1-2,2.064123850195245,0.5333233267548929,1.143906723470148,-1.530800523440352,-0.9202171267250967
75.95519103820764,1.0863302174225493,0.951022451848197,0.831957320646303,0.3210810865998067,0-1,0-2,0-2,1-2,2.0596789286899972,0.5261369521465247,1.146757095143524,-1.5335419765434726,-0.9129218335464733
75.9751950390078,1.0864801691335653,0.9472718392544788,0.8351862076189986,0.3118483543893703,0-1,0-2,0-2,1-2,2.0550912412007603,0.519096368791289,1.1495837700336884,-1.5359948724094714,-0.9055074711670719
75.99519903980797,1.0865729528244654,0.9432894367078115,0.8384083986802492,0.3027800192921334,0-1,0-2,0-2,1-2,2.050360649694045,0.5122043061110926,1.152387949602188,-1.5381563435829526,-0.8979727000918571
76.01520304060813,1.0866085488958928,0.9390741824003082,0.841621849942481,0.2938672483035731,0-1,0-2,0-2,1-2,2.045486970318605,0.5054634419812543,1.1551709184140146,-1.5400235283373507,-0.8903160519045903
76.03520704140828,1.0865869464879543,0.9346249509457348,0.8448245698265088,0.2851006983275077,0-1,0-2,0-2,1-2,2.0404699714480654,0.4988764007029397,1.157934049071486,-1.5415935707451256,-0.8825359223765794
76.05521104220844,1.0865081434723671,0.9299405529722187,0.8480146188357408,0.27647049698491416,0-1,0-2,0-2,1-2,2.035309371487949,0.4924457504730765,1.160678808131351,-1.5428636210148725,-0.8746305633565981
76.07521504300861,1.0863721464543776,0.9250197347650675,0.8511901092334883,0.2679662199717595,0-1,0-2,0-2,1-2,2.030004836425933,0.4861740003328734,1.1634067631994909,-1.5438308360930595,-0.866598073226442
76.09521904380877,1.0861789707844551,0.9198611779777692,0.854349204632668,0.25957686402407953,0-1,0-2,0-2,1-2,2.0245559771017536,0.48006359658110753,1.1661195914453937,-1.544492380520646,-0.8584363856563599
76.11522304460892,1.0859286405797748,0.9144634994324726,0.8574901195067183,0.2512908142990449,0-1,0-2,0-2,1-2,2.0189623461702286,0.4741169186443563,1.1688190898400184,-1.5448454275258723,-0.8501432563302103
76.13522704540908,1.0856211887555156,0.9088252510350467,0.8606111186300629,0.24309580466086528,0-1,0-2,0-2,1-2,2.013223434727796,0.46833627440287645,1.171507187500517,-1.5448871603249195,-0.841716247227279
76.15523104620925,1.0852566570660043,0.9029449198343176,0.8637105164559953,0.23497886894568876,0-1,0-2,0-2,1-2,2.007338668569291,0.4627238949784198,1.174185960629902,-1.544614773590871,-0.8331527079393888
76.17523504700941,1.084835096155746,0.8968209282603884,0.8667866764393733,0.2269262807353284,0-1,0-2,0-2,1-2,2.0013074040377083,0.4572819289983538,1.176857650678607,-1.5440254750393545,-0.8244497533591013
76.19523904780957,1.084356565620391,0.8904516345832498,0.8698380103110603,0.21892347844548948,0-1,0-2,0-2,1-2,1.9951289234250995,0.45201243635947114,1.1795246865411158,-1.5431164870656284,-0.8156042368839838
76.21524304860972,1.0838211340777006,0.8838353336403442,0.8728629773105878,0.21095497155676432,0-1,0-2,0-2,1-2,1.9888024298777316,0.44691738152424243,1.182189711854134,-1.5418850483534892,-0.8066127180235976
76.23524704940989,1.0832288792485767,0.8769702578906187,0.8758600833830806,0.20300422247686006,0-1,0-2,0-2,1-2,1.9823270417527463,0.44199862639245413,1.1848556188118353,-1.540328415360292,-0.797471422940911
76.25525105021005,1.082579888048235,0.8698545788631376,0.8788278803460567,0.19505349665548,0-1,0-2,0-2,1-2,1.975701786367118,0.4372579228014574,1.1875255904024025,-1.5384438635656605,-0.7881761959647156
76.2752550510102,1.0818742566876012,0.8624864090808965,0.8817649650312996,0.18708367092499356,0-1,0-2,0-2,1-2,1.9689255930722072,0.43269690471895605,1.1902031536655748,-1.5362286883532512,-0.7787224394066323
76.29525905181036,1.0811120907850365,0.8548638045554666,0.884669978406618,0.17907398621112114,0-1,0-2,0-2,1-2,1.9619972855790235,0.4283170802026325,1.1928922475791595,-1.533680205376391,-0.7691050379998641
76.31526305261053,1.0802935054884824,0.8469847679660367,0.8875416046819182,0.17100172510526487,0-1,0-2,0-2,1-2,1.9549155734496613,0.4241198232113076,1.1955973106739444,-1.5307957502383536,-0.7593182627757169
76.33526705341069,1.0794186256081448,0.8388472526578942,0.8903785704036694,0.16284178625119003,0-1,0-2,0-2,1-2,1.9476790426598227,0.4201063653618513,1.1983233957334203,-1.5275726772979714,-0.7493556469264024
76.35527105421085,1.0784875857598328,0.8304491676211817,0.8931796435414913,0.1545661142649771,0-1,0-2,0-2,1-2,1.9402861451250433,0.41627778773492696,1.2010763224377679,-1.5240083573901164,-0.7392098226872754
76.375275055011,1.0775005305190841,0.8217883836417825,0.8959436325702819,0.14614268574206302,0-1,0-2,0-2,1-2,1.9327351870697098,0.4126350128400181,1.2038629428659415,-1.5201001742296918,-0.7288722442037683
76.39527905581116,1.0764576145862084,0.8128627408535927,0.8986693855509951,0.13752942475216742,0-1,0-2,0-2,1-2,1.9250243161022371,0.40917879685631975,1.2066926661031954,-1.5158455192459175,-0.7183316499990418
76.41528305661133,1.075359002962395,0.8036700579666229,0.9013557892128937,0.12868034546716234,0-1,0-2,0-2,1-2,1.9171515068423233,0.405909722270101,1.209575978295486,-1.5112417845722224,-0.7075755285468373
76.43528705741149,1.0742048711370398,0.7942081435000936,0.9040017680398388,0.1195425571585546,0-1,0-2,0-2,1-2,1.909114544926404,0.4028281910311096,1.212525217063032,-1.5062863538952944,-0.6965893278633719
76.45529105821164,1.072995405286437,0.784474809416121,0.9066062833629256,0.11005048136808053,0-1,0-2,0-2,1-2,1.9009110091950292,0.3999344183502522,1.2155560621941213,-1.500976590844777,-0.6853549470009079
76.4752950590118,1.07173080248402,0.7744678876304096,0.9091683324615416,0.10011987812685011,0-1,0-2,0-2,1-2,1.8925382518410785,0.39722842725759716,1.2186891162484128,-1.4953098245834813,-0.6738491355926657
76.49529905981197,1.0704112709223064,0.7641852499749607,0.9116869476747105,0.08963751727768633,0-1,0-2,0-2,1-2,1.8839933762696288,0.394710044034197,1.2219526397800564,-1.4892833322354317,-0.6620407364895724
76.51530306061213,1.069037030146739,0.7536248323083575,0.9141611955243804,0.07844186438685803,0-1,0-2,0-2,1-2,1.8752732123894562,0.3923788946226183,1.225387673955962,-1.4828943177668379,-0.6498855384334943
76.53530706141228,1.0676083113015937,0.7427846636169599,0.9165901758521293,0.06628300792521191,0-1,0-2,0-2,1-2,1.866374289021953,0.3902344021100648,1.2290586947353304,-1.4761398869118882,-0.6373155942866227
76.55531106221244,1.0661253573881586,0.7316629011319425,0.9189730209705925,0.052724867622492844,0-1,0-2,0-2,1-2,1.8572928030763558,0.38827578536410107,1.233079692167438,-1.4690170177122548,-0.6242131109089177
76.57531506301261,1.064588423535365,0.7202578727108025,0.921308894830753,0.036916369850612245,0-1,0-2,0-2,1-2,1.848024585100408,0.38650205888521105,1.2376767277876501,-1.461522526215197,-0.6103478573127579
76.59531906381277,1.0629977772830854,0.7085681280082129,0.9235969922060936,0.01621846781581114,0-1,0-2,0-2,1-2,1.8385650607743746,0.38491203392238493,1.2435655212043573,-1.4536530268519896,-0.5949995395700174
76.61532306461292,1.061353698878276,0.6965925003029597,0.9258365378944765,0.07235427063004561,0-1,0-2,0-2,1-2,1.8289092078746383,0.3835043208786609,1.2562903332055093,-1.4454048869959775,-0.572618874669129
76.63532706541308,1.0596564815841991,0.6843301812717508,0.9280267859384912,0.19621323330262402,0-1,0-2,0-2,1-2,1.8190515081940148,0.3822773330129495,1.2726334243062198,-1.4367741751810654,-0.546418083887795
76.65533106621325,1.0579064320029083,0.6717808115276147,0.9301670188649024,0.32000041795840634,0-1,0-2,0-2,1-2,1.808985893872759,0.38122929142377315,1.2915273673427063,-1.4277566024489858,-0.5174585265300526
76.6753350670134,1.056103870411223,0.6589445903964771,0.9322565469437266,0.4438560077051711,0-1,0-2,0-2,1-2,1.7987056875738816,0.38035823127962676,1.3128933409306953,-1.4183474562942548,-0.4858123466431863
76.69533906781356,1.0542491311103797,0.6458224092228338,0.9342947074673777,0.5678716849892611,0-1,0-2,0-2,1-2,1.7882035359377664,0.3796620092407231,1.336646636660923,-1.4085415266970434,-0.4515568992768433
76.71534306861372,1.052342562789595,0.6324160135145998,0.9362808640502326,0.6627897499161973,0-1,0-2,0-2,0-2,1.7774713357890397,0.37913831199782766,1.3627025976806948,-1.3983330237912122,-0.4147687381083449
76.73534706941389,1.0503845289037237,0.618728200507877,0.9382144059488989,0.6056416722987699,0-1,0-2,0-2,0-2,1.7665001526639144,0.37878466583695997,1.3909809540813116,-1.3877154868269543,-0.37551919858260274
76.75535107021405,1.0483754080652286,0.6047630603146946,0.9400947474033976,0.551484010562212,0-1,0-2,0-2,0-2,1.7552801314110518,0.37859844712364016,1.4214085931506095,-1.3766816842874117,-0.33387153826044225
76.7753550710142,1.0463155944506455,0.5905262707819594,0.9419213269994103,0.5014149741112265,0-1,0-2,0-2,0-2,1.743800398939418,0.3785768935881089,1.4539203409114507,-1.365223505351309,-0.28988005802796724
76.79535907181436,1.0442054982217521,0.5760254586191561,0.9436936070516921,0.45693880251499824,0-1,0-2,0-2,0-2,1.7320489597113555,0.37871711628313126,1.4884558143157074,-1.3533318434282242,-0.24359314539564814
76.81536307261453,1.04204554596161,0.5612706423327442,0.9454110730087022,0.42002074809837986,0-1,0-2,0-2,0-2,1.7200125854068529,0.379016112079528,1.5249490094205969,-1.340996473327325,-0.195063575986256
76.83536707341469,1.0398361811256664,0.5462747761188452,0.9470732328784569,0.39299188736240626,0-1,0-2,0-2,0-2,1.7076767014599692,0.37947077656075906,1.5633073753295752,-1.3282059248992102,-0.144369326130394
76.85537107421484,1.0375778645080527,0.5310544181678419,0.9486796166755849,0.37815046724600354,0-1,0-2,0-2,0-2,1.6950252750959156,0.38007791717731326,1.6033830659877013,-1.3149473579186024,-0.0916422091082143
76.875375075015,1.0352710747232587,0.5156305518104993,0.9502297758895192,0.3770427684581561,0-1,0-2,0-2,0-2,1.6820407123699959,0.3808342665235368,1.6449534448631042,-1.301206445846459,-0.03708726750689162
76.89537907581517,1.0329163087032875,0.500029593423202,0.951723282973745,0.38979394301693715,0-1,0-2,0-2,0-2,1.6687037759339534,0.3817364956043855,1.6877360908319519,-1.2869672803295678,0.019032314897998504
76.91538307661533,1.0305140822104204,0.4842846265632024,0.9531597308559889,0.41504736910302314,0-1,0-2,0-2,0-2,1.6549935413866352,0.3827812269663533,1.7314397801354495,-1.272212314420282,0.07644623874881429
76.93538707741548,1.0280649303656544,0.4684369064586612,0.9545387324692257,0.45057027616875306,0-1,0-2,0-2,0-2,1.640887418831066,0.3839650475758572,1.7758163863476322,-1.256922371255209,0.13492896751656613
76.95539107821564,1.0255694081929083,0.4525376808677,0.955859920303354,0.49400066332315984,0-1,0-2,0-2,0-2,1.6263612785567023,0.38528452133857916,1.8206824744820984,-1.2410767572181232,0.1943211959253961
76.97539507901581,1.0230280911790064,0.4366503690824362,0.9571229459773818,0.5433029474367377,0-1,0-2,0-2,0-2,1.6113897365782275,0.3867362011650788,1.8659127980250467,-1.2246535354131487,0.25452306144681924
76.99539907981597,1.0204415758494587,0.42085312475292047,0.9583274798319603,0.596901089436137,0-1,0-2,0-2,0-2,1.5959466779079374,0.3883166405002212,1.9114234931017067,-1.2076300374077162,0.31547681519376924
77.01540308061612,1.017810480359979,0.4052417709961712,0.959473210542081,0.6536379310428576,0-1,0-2,0-2,0-2,1.5800061229572195,0.39002240424694956,1.9571568157741381,-1.18998371871027,0.3771506928169186
77.03540708141628,1.0151354451036985,0.3899330240216775,0.9605598447497644,0.7126823991852814,0-1,0-2,0-2,0-2,1.5635435733753318,0.39185007902761904,2.003070672682537,-1.1716934943477129,0.4395270993072051
77.05541108221645,1.0124171333339262,0.3750677953082902,0.9615871067165499,0.7734403809283551,0-1,0-2,0-2,0-2,1.5465380016866124,0.393796282738999,2.0491322731009003,-1.1527417189476132,0.5025942714142879
77.07541508301661,1.0096562318023081,0.3608141607044737,0.9625547379956082,0.8354851350902305,0-1,0-2,0-2,0-2,1.5289746601991505,0.3958576733690764,2.0953144888154616,-1.1331169868300741,0.566339828616311
77.09541908381676,1.0068534514121281,0.3473692928100198,0.9634624971232891,0.8985072041553355,0-1,0-2,0-2,0-2,1.510848852467606,0.3980309570554526,2.1415938087955477,-1.1128178954121535,0.6307449563279417
77.11542308461692,1.004009527886499,0.33495928409696335,0.9643101593299237,0.9622795407499307,0-1,0-2,0-2,0-2,1.492170693591624,0.40031289537554476,2.1879491887790623,-1.091857798216079,0.6957784951874384
77.13542708541709,1.0011252224510654,0.3238354229790468,0.9650975162697083,1.0266334837071904,0-1,0-2,0-2,0-2,1.4729706325857121,0.402700311868643,2.2343613933064943,-1.0702703207170692,0.7613907607207822
77.15543108621725,0.9982013225308023,0.314265318878539,0.965824375769493,1.0914421933122118,0-1,0-2,0-2,0-2,1.4533050858107268,0.4051900977982853,2.2808126074773156,-1.0481149880124416,0.8275075216665888
77.1754350870174,0.9952386424603787,0.30651763184024533,0.9664905615963136,1.1566091504176,0-1,0-2,0-2,0-2,1.4332609735047623,0.4077792171710263,2.3272861970118957,-1.0254817563337362,0.8940252235071333
77.19543908781756,0.9922380242075225,0.3008404035613888,0.9670959132435087,1.2220600911780894,0-1,0-2,0-2,0-2,1.4129574514082361,0.4104647110338194,2.3737665506786056,-1.0024927403744168,0.9608090992703695
77.21544308861773,0.9892003381086631,0.29743519460912593,0.9676402857352728,1.2877372860301255,0-1,0-2,0-2,0-2,1.3925430541795845,0.41324370107768676,2.4202389692192092,-0.9792993531018976,1.0276959150396248
77.23544708941789,0.9861264836160806,0.29643180965403176,0.9681235494495046,1.3535954327442035,0-1,0-2,0-2,0-2,1.372187215833719,0.416113392579405,2.4666895811894807,-0.956073823254314,1.0945023653557617
77.25545109021805,0.9830173900556134,0.29786995995014154,0.9685455899588252,1.4195986727650856,0-1,0-2,0-2,0-2,1.352066771317857,0.41907107671632554,2.513105274973842,-0.9329956946015314,1.161038503655985
77.2754550910182,0.9798740173939398,0.3016933237396803,0.968906307889642,1.4857183982651423,0-1,0-2,0-2,0-2,1.3323499776716896,0.42211413229157685,2.5594736410524668,-0.9102358453801127,1.2271236633807772
77.29545909181837,0.9766973570142291,0.3077579113154627,0.9692056187991573,1.551931622287375,0-1,0-2,0-2,0-2,1.3131817467845188,0.42524002690862295,2.605782921235162,-0.8879417198758959,1.2926011744506432
77.31546309261853,0.9734884324988865,0.3158520679844159,0.9694434530702205,1.6182197544875179,0-1,0-2,0-2,0-2,1.294673382424642,0.42844631763479324,2.652021963020083,-0.8662270647898487,1.3573485805954413
77.33546709341869,0.9702483004178946,0.3257222890918772,0.9696197558239454,1.684567672287057,0-1,0-2,0-2,0-2,1.276898386143874,0.43173065119373805,2.6981801780253907,-0.8451677349501361,1.4212817918815166
77.35547109421884,0.9669780511211724,0.33709862706305094,0.9697344868500208,1.7509630094823398,0-1,0-2,0-2,0-2,1.2598938777906536,0.43509076372619704,2.744247503872518,-0.8248031140644566,1.4843536260818644
77.37547509501901,0.9636788095331205,0.34971533176159847,0.9697876205546541,1.8173956065558423,0-1,0-2,0-2,0-2,1.2436658568276207,0.43852448015786993,2.790214369132697,-0.8051413766697507,1.5465485123050764
77.39547909581917,0.9603517359473905,0.3633249588573038,0.9697791459261099,1.883857082392088,0-1,0-2,0-2,0-2,1.228196226080003,0.44202971321185336,2.836071661073098,-0.7861665128681496,1.607875434993095
77.41548309661933,0.9569980268196594,0.37770623918835344,0.9697090665178064,1.9503404979764196,0-1,0-2,0-2,0-2,1.2134499174641011,0.4456044621018151,2.881810696005056,-0.767845455362286,1.6683607785409549
77.43548709741948,0.9536189155560527,0.3926670705295237,0.9695774004489551,2.0168400903869483,0-1,0-2,0-2,0-2,1.1993811285127878,0.4492468109402004,2.9274231920716667,-0.7501343175725874,1.728042063558879
77.45549109821965,0.9502156732945645,0.40804423368779397,0.9693841804227391,2.083351060942412,0-1,0-2,0-2,0-2,1.1859382677977135,0.4529549268941516,2.9729012443306644,-0.7329833409035619,1.7869629765329509
77.47549509901981,0.9467896096766331,0.42370121396530136,0.9691294537620398,2.1498694053942704,0-1,0-2,0-2,0-2,1.173067593020093,0.4567270581197366,3.0182373019991413,-0.7163405349003563,1.8451697089790484
77.49549909981997,0.9433420736057295,0.4395251330086383,0.9688132824627332,2.2163917769970265,0-1,0-2,0-2,0-2,1.1607157194784126,0.4605615315032708,3.0634241477336652,-0.7001541879751418,1.9027084282552527
77.51550310062012,0.939874453989626,0.4554234373543292,0.9684357432645923,2.282915375465155,0-1,0-2,0-2,0-2,1.1488312397969953,0.46445675023632393,3.1084548788249733,-0.6843744895606714,1.959623639027978
77.5355071014203,0.936388180462656,0.4713207139721612,0.9679969277398445,2.349437856443634,0-1,0-2,0-2,0-2,1.1373656878221765,0.46841119124924613,3.1533228901916615,-0.6689544965729304,2.015957202369485
77.55551110222045,0.9328847240840524,0.4871558160453121,0.9674969423994461,2.415957257333623,0-1,0-2,0-2,0-2,1.1262740417349846,0.47242340252597265,3.1980218590626945,-0.653850639209012,2.0717478173277097
77.5755151030206,0.9293655980080787,0.5028793669588434,0.9669359088171459,2.4824719362331207,0-1,0-2,0-2,0-2,1.1155149169274197,0.4764920003211869,3.2425457312441175,-0.6390229166062328,2.127030814316698
77.59551910382076,0.925832358121447,0.5184516455459046,0.9663139637714251,2.5489805214517918,0-1,0-2,0-2,0-2,1.1050505588157835,0.48061566629895897,3.2868887088712175,-0.6244348925168246,2.181838150055434
77.61552310462093,0.9222866036431037,0.5338408229471299,0.9656312594054118,2.6154818695954676,0-1,0-2,0-2,0-2,1.0948467131752326,0.4847931446105349,3.331045239553236,-0.6100535685646977,2.2361985263780033
77.63552710542109,0.9187299776811969,0.5490215079392875,0.9648879634048763,2.6819750306297965,0-1,0-2,0-2,0-2,1.0848724269730354,0.48902323892725014,3.3750100068236595,-0.5958491880457852,2.290137579850624
77.65553110622125,0.9151641677416338,0.5639735547395485,0.9640842591944278,2.748459218654081,0-1,0-2,0-2,0-2,1.0750998148796356,0.4933048094432809,3.41877792181487,-0.5817950054363547,2.3436781069352346
77.6755351070214,0.9115909061823737,0.578681089845108,0.9632203461520417,2.814933787367615,0-1,0-2,0-2,0-2,1.0655038141465818,0.4976367698614349,3.462344116081556,-0.5678670442851469,2.396840301934974
77.69553910782157,0.9080119706071671,0.5931317193759504,0.9622964398420509,2.8813982094082786,0-1,0-2,0-2,0-2,1.0560619419749253,0.5020180843742132,3.505703935502513,-0.5540438576007121,2.4496419935275875
77.71554310862173,0.904429184192162,0.6073158839783565,0.9613127722667537,2.947852058899197,0-1,0-2,0-2,0-2,1.0467540637384234,0.506447764651153,3.5488529351954865,-0.5403062990872703,2.502098871457063
77.73554710942189,0.9008444159383788,0.6212263337657276,0.9602695921367825,3.0142949966631662,0-1,0-2,0-2,0-2,1.0375621766247722,0.5109248668426805,3.5917868753842104,-0.5266373097820918,2.5542246987594384
77.75555111022204,0.8972595808427979,0.634857700637352,0.9591671651603979,3.0807267576634874,0-1,0-2,0-2,0-2,1.0284702108010368,0.5154484886096671,3.63450171816107,-0.5130217221913698,2.606031507360033
77.77555511102221,0.8936766399803711,0.6482061494960919,0.9580057743518692,3.1471471403091487,0-1,0-2,0-2,0-2,1.0194638486602385,0.5200177661873755,3.67699362509251,-0.49944608247286304,2.6575297764322716
77.79555911182237,0.8900976004890098,0.6612690933844106,0.9567857203591051,3.213555997326248,0-1,0-2,0-2,0-2,1.0105303617639387,0.5246318714917032,3.7192589556176876,-0.48589849027223553,2.708728593853749
77.81556311262253,0.8865245154492224,0.6740449604367564,0.9555073218107069,3.2799532279492007,0-1,0-2,0-2,0-2,1.0016584645525743,0.5292900092752775,3.7612942661937683,-0.4723684552772969,2.7596358016411937
77.83556711342268,0.8829594836498671,0.6865330028890735,0.9541709156826079,3.3463387712273436,0-1,0-2,0-2,0-2,0.9928381836121928,0.5339914143403227,3.8030963101438036,-0.45884676927187007,2.8102581265316107
77.85557111422285,0.879404649231141,0.6987331402796348,0.9527768576844684,3.41271260027679,0-1,0-2,0-2,0-2,0.9840607411674834,0.5387353488150849,3.844662038165184,-0.44532539235239854,2.8606012969977006
77.87557511502301,0.8758622011957553,0.7106458304990929,0.9513255226659867,3.4790747173354597,0-1,0-2,0-2,0-2,0.9753184514552459,0.5435210995001708,3.885988599458381,-0.43179735195507507,2.910670148003135
77.89557911582317,0.8723343727789942,0.7222719635709349,0.9498173050432821,3.5454251495022726,0-1,0-2,0-2,0-2,0.9666046286770245,0.5483479752911208,3.9270733434369256,-0.4182566533859037,2.960468714759901
77.91558311662332,0.8688234406682992,0.7336127740246506,0.9482526192454996,3.611763945060526,0-1,0-2,0-2,0-2,0.9579135053087994,0.5532153046831858,3.967913821980634,-0.40469820062561357,3.0100003166718348
77.9355871174235,0.8653317240628371,0.7446697685108242,0.9466319001817693,3.678091170301189,0-1,0-2,0-2,0-2,0.9492401596406139,0.5581224333644003,4.008507792194503,-0.39111772627621366,3.0592676325538886
77.95559111822365,0.861861583563561,0.7554446659389373,0.944955603728646,3.7444069067749535,0-1,0-2,0-2,0-2,0.9405804515202721,0.5630687219028292,4.048853219636044,-0.37751172961744295,3.108272768115772
77.97559511902381,0.8584154198842435,0.765939347926246,0.943224207238131,3.810711248912734,0-1,0-2,0-2,0-2,0.9319309653748798,0.5680535435340225,4.088948281973599,-0.36387742184085736,3.1570173165987194
77.99559911982396,0.854995672374178,0.7761558177546926,0.9414382100663622,3.877004301963412,0-1,0-2,0-2,0-2,0.9232889596793417,0.5730762820545025,4.128791373037938,-0.3502126776248392,3.2055024133585963
78.01560312062414,0.85160481734337,0.7860961663623665,0.9395981341230292,3.9432861802052317,0-1,0-2,0-2,0-2,0.9146523221285089,0.5781363298273512,4.168381107228544,-0.3365159923011577,3.2537287851000354
78.03560712142429,0.8482453661814195,0.7957625441624195,0.9377045244415457,4.009557005393661,0-1,0-2,0-2,0-2,0.9060195298499594,0.5832330859058263,4.207716324235229,-0.32278644394413303,3.30169679438527
78.05561112222445,0.8449198632616471,0.8051571376981692,0.9357579497699741,4.075816905413896,0-1,0-2,0-2,0-2,0.8973896140659208,0.5883659542811231,4.246796094034281,-0.3090236597847976,3.34940647996836
78.0756151230246,0.8416308836226418,0.8142821503183968,0.9337590031826635,4.142066013110773,0-1,0-2,0-2,0-2,0.8887621286771256,0.5935343422601965,4.2856197221172145,-0.29522778641692904,3.396857593440089
78.09561912382478,0.8383810304199752,0.8231397861995561,0.9317083027125128,4.208304465272648,0-1,0-2,0-2,0-2,0.8801371222974156,0.5987376589797548,4.324186754908326,-0.28139946331766075,3.4440496326109105
78.11562312462493,0.8351729321416944,0.8317322371580625,0.9296064920037278,4.274532401749152,0-1,0-2,0-2,0-2,0.8715151133177393,0.603975314062318,4.362496985325686,-0.2675397992554214,3.490981872007947
78.13562712542509,0.8320092395820611,0.8400616717911326,0.9274542409848796,4.340749964685421,0-1,0-2,0-2,0-2,0.8628970676211809,0.6092467164202988,4.400550458438171,-0.2536503512008821,3.53765339081699
78.15563112622524,0.8288926225691757,0.8481302265627929,0.9252522465620154,4.4069572978578275,0-1,0-2,0-2,0-2,0.8542843786087265,0.614551273213704,4.438347477169369,-0.23973310539502257,3.5840630985606428
78.17563512702542,0.8258257664432571,0.8559399985159466,0.9230012333314992,4.473154546098261,0-1,0-2,0-2,0-2,0.8456788492278033,0.6198883889670381,4.475888607997008,-0.2257904602607652,3.6302097587692046
78.19563912782557,0.8228113682838001,0.8634930393443403,0.9207019543121844,4.5393418547956905,0-1,0-2,0-2,0-2,0.837082675724214,0.6252574648505402,4.513174686594752,-0.21182521087367379,3.676092010870538
78.21564312862573,0.8198521328853012,0.8707913506020316,0.9183551916964363,4.6055193694652905,0-1,0-2,0-2,0-2,0.8284984328622285,0.6306578981306554,4.550206823361042,-0.19784053473157304,3.7217083904988133
78.23564712942589,0.8169507684830046,0.8778368798641855,0.9159617576194257,4.671687235376642,0-1,0-2,0-2,0-2,0.819929060379008,0.6360890817939737,4.586986408778149,-0.1838399785850343,3.7670573483991405
78.25565113022604,0.8141099822318837,0.8846315176830825,0.9135224949460151,4.737845597233632,0-1,0-2,0-2,0-2,0.8113778504572479,0.6415504043484818,4.623515118542658,-0.1698274461087661,3.8121372680854098
78.27565513102621,0.8113324754440909,0.8911770952082302,0.9110382780744427,4.80399459889964,0-1,0-2,0-2,0-2,0.8028484360156571,0.6470412498051853,4.659794918407288,-0.15580718621047185,3.8569464823916304
78.29565913182637,0.8086209385922218,0.8974753823602974,0.9085100137558841,4.870134383162386,0-1,0-2,0-2,0-2,0.7943447796302282,0.6525609978423575,4.6958280686728,-0.14178378178787066,3.9014832890425715
78.31566313262653,0.8059780460879281,0.9035280864659863,0.9059386419288433,4.936265091533553,0-1,0-2,0-2,0-2,0.7858711629104611,0.6581090241538726,4.731617128267724,-0.12776213875658848,3.945745965357263
78.33566713342668,0.8034064508478188,0.9093368512755085,0.9033251365671634,5.002386864078888,0-1,0-2,0-2,0-2,0.7774321761649676,0.6636847009818471,4.767164958353489,-0.11374747518312056,3.9897327821885216
78.35567113422685,0.8009087786609469,0.9149032562965367,0.9006705065403052,5.06849983927504,0-1,0-2,0-2,0-2,0.7690327081990328,0.6692873978328717,4.802474725392217,-0.09974531036616108,4.033442017193184
78.37567513502701,0.798487622374699,0.9202288163887319,0.8979757964843494,5.134604153889836,0-1,0-2,0-2,0-2,0.7606779360945249,0.6749164823756844,4.837549903615176,-0.08576145371884059,4.076871967520651
78.39567913582717,0.7961455359183895,0.9253149815715646,0.8952420876820045,5.200699942883109,0-1,0-2,0-2,0-2,0.7523733148289334,0.6805713215169124,4.872394276830742,-0.07180199331202108,4.120020962001809
78.41568313662732,0.7938850281864349,0.9301631370054035,0.8924704989496944,5.266787339325549,0-1,0-2,0-2,0-2,0.7441245665968188,0.6862512826498258,4.90701193951265,-0.05787328394699298,4.162887372915831
78.4356871374275,0.7917085568054143,0.9347746031119588,0.8896621875295795,5.33286647433334,0-1,0-2,0-2,0-2,0.7359376697023294,0.691955735069665,4.9414072971113185,-0.04398193463266442,4.2054696274089896
78.45569113822765,0.7896185218118076,0.9391506358053429,0.8868183499841384,5.398937477016635,0-1,0-2,0-2,0-2,0.7278188468973845,0.6976840515472831,4.975585065534323,-0.03013479535010144,4.247766218636938
78.4756951390278,0.7876172592694717,0.9432924268093764,0.8839402230906781,5.465000474440127,0-1,0-2,0-2,0-2,0.7197745530455573,0.7034356100512813,5.009550269745441,-0.016338942994275962,4.289775716699884
78.49569913982796,0.7857070348581631,0.9472011040404772,0.8810290847328817,5.531055591594207,0-1,0-2,0-2,0-2,0.7118114619981434,0.7092097956068211,5.043308241436532,-0.0026016663913223104,4.331496779438388
78.51570314062813,0.7838900374663516,0.9508777320386057,0.8780862547862132,5.593521184267457,0-1,0-2,0-2,0-1,0.7039364525751471,0.7150060022777146,5.076864615731234,0.01106954970256746,4.372928163156087
78.53570714142829,0.7821683728233866,0.9543233124314081,0.8751130959936982,5.643347517100752,0-1,0-2,0-2,0-1,0.6961565935516445,0.7208236352564186,5.110225326885654,0.024667041704774073,4.41406873333401
78.55571114222845,0.7805440572075417,0.9575387844189635,0.8721110148282779,5.693173052626172,0-1,0-2,0-2,0-1,0.6884791275581719,0.7266621130449424,5.143396602957387,0.03818298548677057,4.454917475399215
78.5757151430286,0.779019011267713,0.9605250252684658,0.8690814623375992,5.742997702348498,0-1,0-2,0-2,0-1,0.6809114538139296,0.7325208697077464,5.176384959421821,0.051609415893816846,4.495473505607891
78.59571914382877,0.7775950539973507,0.96328285080982,0.8660259349667448,5.792821382702214,0-1,0-2,0-2,0-1,0.6734611096225351,0.7383993571762618,5.209197191722043,0.06493824755372668,4.535736082099508
78.61572314462893,0.7762738968997183,0.9658130159245235,0.8629459753540364,5.842644014792884,0-1,0-2,0-2,0-1,0.6661357505734344,0.7442970475829729,5.241840366747234,0.07816129700953844,4.5757046161738
78.63572714542909,0.7750571383836226,0.9681162150214073,0.8598431730946532,5.892465524153282,0-1,0-2,0-2,0-1,0.6589431294069097,0.750213435601771,5.274321813242906,0.09127030619486132,4.6153786838359965
78.65573114622924,0.7739462584284326,0.9701930824938231,0.856719165466402,5.9422858405133505,0-1,0-2,0-2,0-1,0.6518910735182887,0.7561480407698645,5.306649111165738,0.10425696725157585,4.65475803764745
78.67573514702941,0.772942613556377,0.9720441931537537,0.8535756381115603,5.992104897583098,0-1,0-2,0-2,0-1,0.6449874610963144,0.7621004097657262,5.338830080004713,0.1171129486694118,4.693842618908398
78.69573914782957,0.7720474321488808,0.9736700626390611,0.8504143256682697,6.041922632847642,0-1,0-2,0-2,0-1,0.6382401959131162,0.7680701186166169,5.3708727660999385,0.1298299227035007,4.732632570186822
78.71574314862973,0.7712618101419737,0.9750711477907461,0.8472370123445249,6.091738987373642,0-1,0-2,0-2,0-1,0.6316571808077355,0.7740567748088559,5.402785428999646,0.14239959400112046,4.771128248191911
78.73574714942988,0.7705867071336718,0.9762478469976502,0.8440455324273411,6.141553905626441,0-1,0-2,0-2,0-1,0.6252462899328239,0.7800600192735775,5.434576526905438,0.15481372934075355,4.809330236972614
78.75575115023005,0.7700229429336192,0.9772005005065213,0.8408417707192269,6.191367335297217,0-1,0-2,0-2,0-1,0.6190153398635257,0.7860795282209543,5.466254701264439,0.16706418835742853,4.847239361400913
78.77575515103021,0.7695711945822991,0.9779293906957908,0.837627662893626,6.241179227139591,0-1,0-2,0-2,0-1,0.6129720596997288,0.7921150147961036,5.497828760575782,0.1791429550963748,4.884856700876053
78.79575915183037,0.769231993863731,0.9784347423117961,0.8344051957605321,6.290989534815082,0-1,0-2,0-2,0-1,0.6071240603263283,0.7981662305307257,5.529307663486538,0.1910421702043974,4.922183603160209
78.81576315263052,0.7690057253318833,0.9787167226665145,0.8311764074330251,6.340798214746903,0-1,0-2,0-2,0-1,0.6014788030314147,0.804232966565373,5.5607005012597535,0.20275416353395836,4.959221698228339
78.8357671534307,0.7688926248670097,0.9787754417961956,0.8279433873850296,6.3906052259815995,0-1,0-2,0-2,0-1,0.5960435677175344,0.8103150546187835,5.592016479703383,0.2142714869012491,4.995972911985849
78.85577115423085,0.7688927787739003,0.9786109525805602,0.8247082763901747,6.440410530058043,0-1,0-2,0-2,0-1,0.5908254209766522,0.8164123676822558,5.6232649006546245,0.22558694670560353,5.032439479677972
78.87577515503101,0.7690061234296287,0.9782232508225149,0.8214732663312257,6.490214090883391,0-1,0-2,0-2,0-1,0.5858311843332114,0.8225248204191706,5.654455143118418,0.23669363608595928,5.068623958785206
78.89577915583116,0.769232445483854,0.9776122752885962,0.8182405998691866,6.540015874615572,0-1,0-2,0-2,0-1,0.5810674029915022,0.8286523692518754,5.685596644162591,0.24758496626037318,5.104529241171089
78.91578315663133,0.7695713826101777,0.9767779077106253,0.815012569960839,6.589815849551928,0-1,0-2,0-2,0-1,0.5765403154511698,0.8347950121208858,5.716698879674045,0.258254696669716,5.140158564222875
78.93578715743149,0.7700224248025093,0.9757199727493344,0.8117915192131973,6.639613986023671,0-1,0-2,0-2,0-1,0.5722558243777948,0.8409527879040368,5.747771345081713,0.26869696352624206,5.175515520703918
78.95579115823165,0.770584916205945,0.9744382379210049,0.8085798390631262,6.689410256295806,0-1,0-2,0-2,0-1,0.5682194691318907,0.847125775486367,5.778823536151622,0.27890630635447633,5.210604067019731
78.9757951590318,0.7712580574673524,0.9729324134884798,0.8053799687702159,6.73920463447222,0-1,0-2,0-2,0-1,0.5644364003689503,0.8533140924745645,5.80986492995846,0.2888776921056142,5.24542852958951
78.99579915983198,0.77204090858677,0.9712021523182415,0.8021943942109181,6.788997096405636,0-1,0-2,0-2,0-1,0.5609113571232671,0.8595178935533303,5.8409049661352235,0.2986065364300632,5.279993609011957
79.01580316063213,0.7729323922469093,0.9692470497056311,0.7990256464619658,6.838787619612167,0-1,0-2,0-2,0-1,0.557648646779157,0.8657373684843459,5.871953028499266,0.30808872170518886,5.314304381720109
79.03580716143229,0.7739312975945468,0.9670666431707051,0.7958763001612034,6.888576183190213,0-1,0-2,0-2,0-1,0.5546521283134811,0.8719727397521922,5.903018427148153,0.31732061143871115,5.348366298834671
79.05581116223244,0.7750362844444457,0.9646604122277123,0.7927489716341876,6.938362767743454,0-1,0-2,0-2,0-1,0.5519251991634482,0.8782242598649628,5.934110381113691,0.3262990607015146,5.382185181950243
79.07581516303262,0.7762458878737201,0.962027778131721,0.7896463167752775,6.988147355307722,0-1,0-2,0-2,0-1,0.5494707860328905,0.8844922083210235,5.96523800165562,0.33502142228813303,5.415767215622729
79.09581916383277,0.7775585231722255,0.9591681036065701,0.7865710286724253,7.037929929281516,0-1,0-2,0-2,0-1,0.5472913398998788,0.8907768882567401,5.996410276269812,0.3434855483568613,5.449118936369934
79.11582316463293,0.7789724911127095,0.9560806925590444,0.7835258349655362,7.087710474360006,0-1,0-2,0-2,0-1,0.5453888354290292,0.8970786227935099,6.027636053477746,0.35168978736448075,5.482247218048717
79.13582716543308,0.7804859835030085,0.9527647897850333,0.7805134949290857,7.137488976472291,0-1,0-2,0-2,0-1,0.5437647749252175,0.9033977511055533,6.058924028456313,0.35963297618033585,5.515159253531095
79.15583116623326,0.7820970889816499,0.9492195806744219,0.7775367962706763,7.187265422721755,0-1,0-2,0-2,0-1,0.5424201968928354,0.9097346242331815,6.0902827295581705,0.36731442734034614,5.547862532665335
79.17583516703341,0.7838037990176848,0.9454441909226132,0.7745985516384031,7.237039801329368,0-1,0-2,0-2,0-1,0.5413556891889986,0.9160896006690454,6.121720505764363,0.37473391148004687,5.580364816575364
79.19583916783357,0.7856040140755208,0.9414376862579358,0.7717015948312796,7.286812101579742,0-1,0-2,0-2,0-1,0.5405714066821065,0.9224630417476621,6.153245515102039,0.3818916350655557,5.612674108419933
79.21584316863373,0.7874955499058386,0.9371990721957517,0.7688487767085598,7.336582313769833,0-1,0-2,0-2,0-1,0.5400670932518046,0.9288553068708034,6.184865714051605,0.38878821361899885,5.644798620799801
79.2358471694339,0.7894761439244352,0.9327272938319322,0.7660429607955885,7.386350429160121,0-1,0-2,0-2,0-1,0.5398421078946908,0.9352667486036146,6.216588847958846,0.3954246407089238,5.676746740064155
79.25585117023405,0.7915434616418897,0.928021235690508,0.7632870185858184,7.436116439928149,0-1,0-2,0-2,0-1,0.5398954546348175,0.9416977076780696,6.248422442459516,0.4018022530432521,5.7085269878246985
79.27585517103421,0.7936951031083922,0.9230797216428327,0.7605838245408386,7.4858803391243045,0-1,0-2,0-2,0-1,0.5402258158808373,0.9481485079419963,6.28037379591571,0.40792269206115905,5.740147980034873
79.29585917183437,0.7959286093397125,0.9179015149185582,0.7579362507926873,7.535642120629707,0-1,0-2,0-2,0-1,0.5408315888245144,0.9546194512929543,6.312449972856279,0.4137878624684399,5.771618384031765
79.31586317263454,0.7982414686922639,0.9124853182321904,0.7553471615553216,7.585401779116125,0-1,0-2,0-2,0-1,0.5417109244391726,0.9611108126372115,6.344657798406192,0.419399888198039,5.802946873967019
79.33586717343469,0.8006311231573082,0.9068297740530901,0.7528194072549171,7.635159310007778,0-1,0-2,0-2,0-1,0.5428617686125168,0.9676228349144306,6.377003853683739,0.4247610663019138,5.834142085071222
79.35587117423485,0.8030949745466763,0.9009334650515941,0.7503558183916217,7.684914709444968,0-1,0-2,0-2,0-1,0.5442819049361131,0.9741557242288669,6.4094944721383715,0.4298738192927538,5.865212567202258
79.375875175035,0.8056303905447321,0.8947949147596075,0.7479591991484754,7.734667974249404,0-1,0-2,0-2,0-1,0.545968998673561,0.9807096451274554,6.442135736797319,0.43474064645389443,5.896166738123758
79.39587917583518,0.808234710603837,0.8884125884907165,0.7456323207664179,7.784419101891187,0-1,0-2,0-2,0-1,0.5479206414401055,0.987284716064614,6.474933478384232,0.43936407462450844,5.927012836944126
79.41588317663533,0.8109052516630715,0.8817848945727988,0.7433779147075724,7.834168090457308,0-1,0-2,0-2,0-1,0.5501343961471596,0.9938810050924278,6.507893274269696,0.4437466089452682,5.957758878122537
79.43588717743549,0.8136393136725274,0.8749101859554802,0.7411986656323121,7.883914938621654,0-1,0-2,0-2,0-1,0.5526078417943647,1.000498525813513,6.541020448209989,0.44789068401914833,5.988412606415624
79.45589117823565,0.8164341849079484,0.8677867622659202,0.739097204218917,7.9336596456163715,0-1,0-2,0-2,0-1,0.5553386177278316,1.0071372336318962,6.574320070828401,0.45179861590406467,6.01898145310057
79.47589517903582,0.8192871470630028,0.8604128723996166,0.7370760998578734,7.983402211204595,0-1,0-2,0-2,0-1,0.5583244670241756,1.0137970223351565,6.607796960791175,0.45547255531098085,6.0494724937669995
79.49589917983597,0.8221954801088044,0.8527867177486629,0.7351378532560022,8.03314263565441,0-1,0-2,0-2,0-1,0.5615632787041178,1.020477721038398,6.641455686629162,0.45891444233428014,6.079892407925044
79.51590318063613,0.8251564669126306,0.8449064561886296,0.733284888988573,8.082880919714032,0-1,0-2,0-2,0-1,0.5650531285248621,1.0271790915177903,6.675300569155272,0.4621259629929282,6.11024744063041
79.53590718143629,0.828167397609879,0.8367702069676635,0.731519548040302,8.13261706458811,0-1,0-2,0-2,0-1,0.568792318145431,1.0339008259580398,6.709335684427957,0.4651085078126088,6.140543366282526
79.55591118223646,0.8312255737254072,0.828376056668203,0.7298440803785965,8.182351071915143,0-1,0-2,0-2,0-1,0.5727794125020002,1.040642545134716,6.743564867210812,0.46786313263271595,6.1707854547088115
79.57591518303661,0.834328312042242,0.8197220664438837,0.7282606376045209,8.232082943745896,0-1,0-2,0-2,0-1,0.577013275269452,1.047403797048455,6.777991714879399,0.4703905217790031,6.200978439609948
79.59591918383677,0.8374729482174468,0.8108062807728583,0.7267712657286824,8.281812682522823,0-1,0-2,0-2,0-1,0.5814931023195353,1.054184056024075,6.812619591727061,0.4726909537045396,6.231126489407526
79.61592318463693,0.8406568401464507,0.8016267380153397,0.7253778981205007,8.33154029106042,0-1,0-2,0-2,0-1,0.5862184531137491,1.0609827222832924,6.847451633623244,0.4747642691695433,6.261233180509495
79.6359271854371,0.8438773710786623,0.7921814831193764,0.7240823486800836,8.381265772526465,0-1,0-2,0-2,0-1,0.5911892799892852,1.0677991219954406,6.882490752979141,0.4766098420061554,6.291301472989856
79.65593118623725,0.8471319524884136,0.7824685828869093,0.722886305282156,8.430989130424102,0-1,0-2,0-2,0-1,0.5964059553076383,1.0746325078060122,6.917739643977509,0.47822655249837387,6.3213336886698706
79.67593518703741,0.8504180267064733,0.772486144294636,0.7217913235411241,8.480710368574746,0-1,0-2,0-2,0-1,0.6018692964366525,1.081482059838409,6.953200788025384,0.4796127634017564,6.351331491588732
79.69593918783757,0.8537330693182774,0.7622323364644816,0.7207988209453889,8.530429491101751,0-1,0-2,0-2,0-1,0.6075805885260861,1.0883468871596556,6.9888764593908395,0.48076629863356946,6.381295870864753
79.71594318863774,0.8570745913359418,0.7517054170006381,0.7199100714074416,8.580146502414806,0-1,0-2,0-2,0-1,0.6135416050125899,1.095226029696513,7.024768730986934,0.48168442468392314,6.411227125974344
79.7359471894379,0.8604401411517719,0.7409037635593064,0.7191262002740577,8.629861407195035,0-1,0-2,0-2,0-1,0.6197546257497083,1.1021184605840435,7.060879480268582,0.4823638348343352,6.441124854518874
79.75595119023805,0.863827306281627,0.7298259116998526,0.718448179838087,8.679574210380771,0-1,0-2,0-2,0-1,0.6262224525992502,1.1090230889246682,7.097210395210247,0.4828006363254179,6.470987942610997
79.77595519103821,0.8672337149068681,0.7184706002900505,0.7178768253899154,8.729284917153954,0-1,0-2,0-2,0-1,0.6329484222378619,1.1159387629318134,7.133762980335021,0.4829903406939515,6.50081455809716
79.79595919183838,0.8706570372240588,0.706836826013368,0.7174127918427043,8.778993532927132,0-1,0-2,0-2,0-1,0.6399364158218007,1.1228642734288286,7.170538562767783,0.48292785760702783,6.5306021469459825
79.81596319263853,0.8740949866117631,0.6949239088653,0.7170565709610226,8.828700063331059,0-1,0-2,0-2,0-1,0.6471908650064082,1.1297983576706225,7.207538298287672,0.4826074926642143,6.560347433281264
79.83596719343869,0.8775453206240094,0.6827315709440697,0.7168084892175505,8.878404514202824,0-1,0-2,0-2,0-1,0.6547167536255656,1.1367397034528024,7.2447631773572265,0.4820229498272368,6.5900464237316605
79.85597119423885,0.8810058418199729,0.670260031357861,0.7166687062972116,8.928106891574519,0-1,0-2,0-2,0-1,0.6625196140879545,1.1436869534707246,7.282214031107966,0.4811673393827701,6.619694417020011
79.87597519503902,0.8844743984395108,0.6575101207100572,0.7166372142624657,8.977807201662397,0-1,0-2,0-2,0-1,0.67060551722546,1.1506387098891548,7.319891537264141,0.4800331926636948,6.649286020038681
79.89597919583917,0.8879488849340491,0.6444834194151418,0.7167138373876447,9.02750545085652,0-1,0-2,0-2,0-1,0.6789810539131629,1.1575935390818906,7.357796225988585,0.4786124851687277,6.678815172075422
79.91598319663933,0.8914272423622559,0.6311824250769396,0.7168982326642482,9.077201645710865,0-1,0-2,0-2,0-1,0.6876533062429038,1.164549976499984,7.395928485636316,0.47689667025708027,6.708275179393412
79.93598719743949,0.8949074586596761,0.6176107553709925,0.7171898909731065,9.126895792933857,0-1,0-2,0-2,0-1,0.6966298053374127,1.171506531626898,7.434288568403702,0.4748767262894853,6.73765876306629
79.95599119823966,0.8983875687913662,0.6037733943650287,0.7175881389133769,9.176587899379324,0-1,0-2,0-2,0-1,0.7059184719939217,1.1784616929792866,7.472876595862389,0.47254322098536494,6.766958123868467
79.97599519903982,0.9018656547962417,0.5896769920438342,0.7180921412725534,9.22627797203786,0-1,0-2,0-2,0-1,0.7155275351859768,1.1854139331128235,7.511692564369051,0.4698863979268467,6.796165029183074
79.99599919983997,0.9053398457316426,0.5753302290399216,0.7187009041161276,9.275966018028548,0-1,0-2,0-2,0-1,0.7254654219562926,1.1923617135938298,7.550736350343318,0.4668962916375372,6.825270928387025
80.01600320064013,0.9088083175262067,0.5607442612699244,0.7194132784703354,9.325652044591058,0-1,0-2,0-2,0-1,0.7357406103104387,1.19930348989909,7.590007715407813,0.4635628795886513,6.8542671050973745
80.0360072014403,0.9122692927489261,0.5459332623840593,0.7202279645666104,9.375336059078103,0-1,0-2,0-2,0-1,0.7463614342623407,1.2062377162084466,7.629506311385364,0.45987628194610586,6.883144877123023
80.05601120224046,0.9157210403018313,0.5309150856572034,0.7211435166120459,9.425018068948209,0-1,0-2,0-2,0-1,0.757335827064187,1.21316285005719,7.6692316851496525,0.45582702299300304,6.911895858085465
80.07601520304061,0.9191618750434793,0.5157120711036716,0.7221583480463541,9.47469808175881,0-1,0-2,0-2,0-1,0.7686709847487957,1.2200773568180872,7.709183283326611,0.45140637206929146,6.940512298577816
80.09601920384077,0.9225901573499753,0.5003520279359917,0.7232707372425909,9.52437610515964,0-1,0-2,0-2,0-1,0.7803729273175573,1.226979713985865,7.749360456844905,0.44660678666830766,6.9689875295273485
80.11602320464092,0.9260042926199875,0.4848694264624695,0.7244788336062769,9.574052146886437,0-1,0-2,0-2,0-1,0.7924459291954999,1.233868415240253,7.789762465334596,0.4414224860447531,6.997316536139096
80.1360272054411,0.9294027307298084,0.46930683606035306,0.7257806640255454,9.6237262147549,0-1,0-2,0-2,0-1,0.8048917841009219,1.2407419742670014,7.830388481373886,0.4358501901660795,7.025496697272964
80.15603120624125,0.9327839654441678,0.45371664503749765,0.7271741396235615,9.673398316654907,0-1,0-2,0-2,0-1,0.8177088627628737,1.247598928319709,7.871237594584599,0.4298900655568354,7.053528731821725
80.17603520704141,0.9361465337882001,0.4381630906955059,0.7286570627636932,9.723068460545024,0-1,0-2,0-2,0-1,0.8308909161743888,1.254437841508796,7.912308815577497,0.4235469253344072,7.0814178994031085
80.19603920784157,0.9394890153855503,0.4227246083446251,0.730227134257761,9.772736654447211,0-1,0-2,0-2,0-1,0.8444255746998537,1.2612573078072522,7.953601079749239,0.4168317331073985,7.109175505049386
80.21604320864174,0.9428100317673574,0.4074964681121411,0.7318819607280871,9.82240290644179,0-1,0-2,0-2,0-1,0.8582924987250772,1.2680559537662102,7.9951132509330884,0.409763455041133,7.136820752208012
80.23604720944189,0.946108245656468,0.3925935963183325,0.7336190620750278,9.87206722466263,0-1,0-2,0-2,0-1,0.8724611569450323,1.2748324409364966,8.036844124906008,0.40237128399146427,7.164382967960975
80.25605121024205,0.9493823602309912,0.37815335899956504,0.7354358790030936,9.921729617292527,0-1,0-2,0-2,0-1,0.8868882549895846,1.2815854679953937,8.078792432754934,0.3946972130058092,7.191904177765349
80.2760552110422,0.9526311183709284,0.3643379038654307,0.7373297805606411,9.97139009255883,0-1,0-2,0-2,0-1,0.9015149249733172,1.2883137725805687,8.120956844105507,0.3867988476072515,7.21944191913219
80.29605921184238,0.9558533018914068,0.3513354076062182,0.7392980716503786,10.02104865872919,0-1,0-2,0-2,0-1,0.9162639320225772,1.295016132835787,8.163335970216597,0.3787522008132098,7.24707203819402
80.31606321264253,0.9561490053347816,0.3393592797386246,0.741338000470504,10.070705324107587,1-2,0-2,0-2,0-1,0.931037365664209,1.3016913686753002,8.205928366944226,0.3706540030110912,7.274891001280017
80.33606721344269,0.9521073444454078,0.32864411130783666,0.7434467658491511,10.120360097030444,1-2,0-2,0-2,0-1,0.9457155448467212,1.3083383427759196,8.24873253757858,0.3626227979291985,7.303016992731858
80.35607121424285,0.9481171101363863,0.3194370945371575,0.7456215244378659,10.170012985862988,1-2,0-2,0-2,0-1,0.9601581034976435,1.31495596130751,8.291746935557994,0.3547978578098664,7.33158883206035
80.37607521504302,0.944176271888902,0.31198403245121076,0.7478593977330495,10.219663998995717,1-2,0-2,0-2,0-1,0.9742082880905368,1.32154317441425,8.33496996706374,0.34733488632371323,7.360761678973203
80.39607921584317,0.9402828020959786,0.3065101511766118,0.7501574788975944,10.269313144841064,1-2,0-2,0-2,0-1,0.9877011773891068,1.3280989764601883,8.378399993499627,0.3403977990710815,7.390698816110521
80.41608321664333,0.9364346780345081,0.3031977268161481,0.7525128393582833,10.318960431830199,1-2,0-2,0-2,0-1,1.0004756647235868,1.3346224060536915,8.422035333860274,0.3341467413301047,7.421559669136687
80.43608721744349,0.9326298837624151,0.30216453009495337,0.7549225351578579,10.36860586840995,1-2,0-2,0-2,0-1,1.01238871759974,1.341112545866042,8.46587426699212,0.3287238282663021,7.45348554939238
80.45609121824366,0.9288664119424305,0.30344822481900463,0.7573836130439402,10.418249463039912,1-2,0-2,0-2,0-1,1.023329152239835,1.3475685222600295,8.509915033751009,0.32423937002019465,7.486585881511173
80.47609521904381,0.9251422655941594,0.3070010912870922,0.7598931162801936,10.46789122418962,1-2,0-2,0-2,0-1,1.033227695783775,1.3539895047446104,8.554155839060266,0.3207618089608355,7.520928143276492
80.49609921984397,0.9214554597762097,0.31269666635049864,0.7624480901681834,10.517531160335933,1-2,0-2,0-2,0-1,1.0420609502766807,1.360374705271852,8.598594853873092,0.31831375499517134,7.556533903596411
80.51610322064413,0.9178040232003621,0.32034631016309356,0.7650455872713239,10.56716927996046,1-2,0-2,0-2,0-1,1.0498487414307252,1.3667233773922078,8.643230217043023,0.3168746359614827,7.593381475612297
80.5361072214443,0.9141859997797929,0.32972112493665867,0.7676826723350599,10.61680559154715,1-2,0-2,0-2,0-1,1.056646280423092,1.373034815283994,8.688060037106128,0.3163885348609019,7.6314137566830365
80.55611122224445,0.910599450113532,0.34057413763825967,0.7703564268999961,10.666440103579973,1-2,0-2,0-2,0-1,1.0625336657623574,1.3793083526724756,8.733082393978556,0.31677468691011823,7.670548728216199
80.57611522304461,0.9070424529093818,0.3526589531603123,0.7730639536070656,10.71607282454072,1-2,0-2,0-2,0-1,1.0676052272707137,1.3855433616535227,8.778295340572901,0.31793813438280893,7.710690113302188
80.59611922384477,0.9035131063476789,0.36574310041714486,0.7758023801959811,10.765703762906895,1-2,0-2,0-2,0-1,1.0719604345002458,1.3917392514360885,8.82369690433678,0.31977881693584265,7.751736469836533
80.61612322464494,0.9000095293882914,0.3796160263029636,0.7785688632001738,10.815332927149699,1-2,0-2,0-2,0-1,1.075697132502341,1.3978954670171633,8.869285088716937,0.32219833451482227,7.793587956214596
80.6361272254451,0.896529863023372,0.39409269750933296,0.7813605913431527,10.864960325732135,1-2,0-2,0-2,0-1,1.0789071247526083,1.4040114878020187,8.915057874552046,0.32510436304941037,7.836150749799438
80.65613122624525,0.8930722714783879,0.4090140959077263,0.7841747886427561,10.914585967107174,1-2,0-2,0-2,0-1,1.0816737158998326,1.41008682618182,8.961013221397247,0.3284131102819874,7.8793395054974145
80.6761352270454,0.8896349433640934,0.42424579566279497,0.7870087172310806,10.964209859716014,1-2,0-2,0-2,0-1,1.0840706965496876,1.4161210260797716,9.00714906878347,0.33205032953008407,7.923078372233782
80.69613922784558,0.8862160927820724,0.4396755365551124,0.7898596798990122,11.01383201198645,1-2,0-2,0-2,0-1,1.086162285035188,1.4221136614761771,9.053463337414298,0.33595137644098916,7.96730105237911
80.71614322864573,0.8828139603865938,0.4552104147418937,0.7927250223752161,11.063452432331268,1-2,0-2,0-2,0-1,1.0880036415345096,1.4280643349218813,9.099953930303194,0.34006069338737177,8.011950288768684
80.73614722944589,0.87942681440549,0.47077407018283396,0.795602135350213,11.113071129146766,1-2,0-2,0-2,0-1,1.0896416802406834,1.4339726760487672,9.14661873385368,0.3443309958080838,8.056977053612997
80.75615123024605,0.8760529516228974,0.4863040763672358,0.7984884562567641,11.162688110811326,1-2,0-2,0-2,0-1,1.0911159993054917,1.439838340085061,9.193455618885048,0.3487223407795692,8.102339619579556
80.77615523104622,0.872690698326635,0.501749625016215,0.801381470818246,11.212303385684056,1-2,0-2,0-2,0-1,1.092459818709642,1.4456610063824622,9.240462441605967,0.35320118767282027,8.148002622896325
80.79615923184637,0.8693384112230953,0.5170695307960055,0.8042787143769954,11.261916962103495,1-2,0-2,0-2,0-1,1.0937008647703284,1.4514403769612663,9.287637044538371,0.3577395121909379,8.193936179768043
80.81616323264653,0.865994478322477,0.5322305440634179,0.8071777730147968,11.311528848386406,1-2,0-2,0-2,0-1,1.094862171431529,1.4571761750789585,9.33497725739383,0.3623140036474295,8.2401150859623
80.83616723344669,0.8626573197972969,0.5472059418706765,0.8100762844777541,11.361139052826594,1-2,0-2,0-2,0-1,1.0959627877081997,1.4628681438269484,9.382480897904513,0.36690535611874875,8.286518110196313
80.85617123424686,0.8593253888170516,0.5619743609722383,0.8129719389177621,11.410747583693817,1-2,0-2,0-2,0-1,1.097018391706454,1.4685160447595431,9.43014577261083,0.3714976530530891,8.333127380904376
80.87617523504701,0.8559971723619764,0.5765188362930179,0.8158624794626718,11.46035444923273,1-2,0-2,0-2,0-1,1.0980418174747721,1.4741196565585324,9.477969677607662,0.37607783908376025,8.37992786013289
80.89617923584717,0.8526711920188111,0.590826011116194,0.8187457026270625,11.509959657661895,1-2,0-2,0-2,0-1,1.099043503584984,1.4796787737362633,9.525950399251032,0.3806352701512794,8.426906895666049
80.91618323664733,0.849346004761567,0.6048854893184115,0.821619458575264,11.559563217172846,1-2,0-2,0-2,0-1,1.1000318731228627,1.4851932053794294,9.574085714827053,0.3851613322565668,8.47405384170419
80.9361872374475,0.8460202037202266,0.6186893043271372,0.8244816512479702,11.609165135929187,1-2,0-2,0-2,0-1,1.101013654525006,1.490662773935401,9.62237339318478,0.38964911941039504,8.521359738659774
80.95619123824765,0.8426924189403859,0.6322314835951046,0.8273302383634255,11.658765422065764,1-2,0-2,0-2,0-1,1.1019941519418552,1.4960873140423903,9.670811195334638,0.394093162100535,8.568817043392782
80.97619523904781,0.839361318136794,0.6455076910576981,0.8301632313037688,11.708364083687858,1-2,0-2,0-2,0-1,1.1029774728383575,1.5014666714043998,9.719396875013963,0.39848919856604237,8.616419402175605
80.99619923984797,0.8360256074438439,0.6401049481590821,0.832978694896706,11.757961128870427,1-2,1-2,0-2,0-1,1.1039667195333582,1.5068007017114495,9.76812817922113,0.4028339821780913,8.66416145968777
81.01620324064814,0.8326840321659996,0.6258575620760134,0.8357747471022314,11.807556565657425,1-2,1-2,0-2,0-1,1.1049641504172103,1.5120892696053156,9.817002848719708,0.40712511918810534,8.712038698302498
81.0362072414483,0.8293353775312254,0.6123215424665415,0.8385495586136663,11.857150402061087,1-2,1-2,0-2,0-1,1.105971315715905,1.5173322476906634,9.866018618513943,0.4113609319747584,8.760047302798037
81.05621124224845,0.8259784694504321,0.5994808928681219,0.8413013523818142,11.906742646061343,1-2,1-2,0-2,0-1,1.106989171905253,1.5225295155912575,9.915173218296948,0.41554034368600457,8.808184046391695
81.07621524304861,0.8226121752860588,0.5873203241780023,0.8440284030705653,11.956333305605199,1-2,1-2,0-2,0-1,1.1080181782196288,1.5276809590506093,9.964464372872758,0.4196627808309805,8.85644619465313
81.09621924384878,0.8192354046328465,0.5758251557769095,0.846729036451807,12.00592238860618,1-2,1-2,0-2,0-1,1.1090583781400545,1.5327864690763269,10.013889802553484,0.4237280909362724,8.90483142441343
81.11622324464894,0.8158471101139426,0.5649812114310153,0.8494016287470386,12.055509902943822,1-2,1-2,0-2,0-1,1.110109468274299,1.5378459411271743,10.06344722353268,0.4277364728528754,8.953337755258381
81.13622724544909,0.812446288195437,0.5547747127349193,0.8520446059226287,12.105095856463167,1-2,1-2,0-2,0-1,1.1111708566463245,1.5428592743417886,10.113134348236052,0.43168841769546407,9.001963491589727
81.15623124624925,0.8090319800225357,0.5451921725286126,0.8546564429451992,12.154680256974311,1-2,1-2,0-2,0-1,1.1122417120818382,1.5478263708077897,10.162948885650485,0.43558465872595153,9.050707173568647
81.17623524704942,0.8056032722805291,0.5362202904868988,0.8572356630031983,12.204263112251969,1-2,1-2,0-2,0-1,1.1133210061014225,1.5527471348700024,10.212888541632468,0.4394261287685799,9.099567535531046
81.19623924784958,0.8021592980837978,0.5278458529016025,0.8597808367002913,12.25384443003509,1-2,1-2,0-2,0-1,1.1144075485029012,1.557621472476379,10.262951019196851,0.4432139239734778,9.14854347069395
81.21624324864973,0.7986992378960698,0.5200556385237342,0.8622905812257938,12.303424218026468,1-2,1-2,0-2,0-1,1.1155000176232372,1.5624492905601994,10.313134018786847,0.4469492729369622,9.19763400116361
81.23624724944989,0.7952223204852606,0.5128363321799473,0.8647635595069969,12.353002483892405,1-2,1-2,0-2,0-1,1.1165969861100367,1.5672304964570203,10.363435238526217,0.4506335103469836,9.246838252416179
81.25625125025006,0.791727823916178,0.506174447706632,0.8671984793478396,12.402579235262394,1-2,1-2,0-2,0-1,1.1176969428991252,1.5719649973548753,10.413852374454475,0.45426805445575,9.29615543155535
81.27625525105022,0.7882150765844705,0.5000562615433559,0.8695940925580516,12.452154479728822,1-2,1-2,0-2,0-1,1.1187983119822629,1.5766526997761694,10.464383120745962,0.4578543877939065,9.3455848087637
81.29625925185037,0.7846834582951766,0.49446775808851057,0.8719491940765419,12.501728224846694,1-2,1-2,0-2,0-1,1.1198994684549894,1.5812935090897606,10.515025169913594,0.4613940406347712,9.395125701458605
81.31626325265053,0.7811324013893487,0.4893945876430582,0.8742626210924971,12.551300478133388,1-2,1-2,0-2,0-1,1.1209987522550926,1.5858873290516418,10.565776212998086,0.46488857679654916,9.444777460742994
81.3362672534507,0.77756139192218,0.4848220374576651,0.8765332521673513,12.600871247068428,1-2,1-2,0-2,0-1,1.12209447993569,1.5904340613727455,10.616633939743393,0.46833958143705545,9.494539459807703
81.35627125425086,0.7739699708961653,0.48073501606335733,0.878760006360514,12.650440539093275,1-2,1-2,0-2,0-1,1.1231849547606134,1.5949336053123293,10.667596038759124,0.4717486505517159,9.54441108399851
81.37627525505101,0.7703577355527915,0.4771180507189127,0.8809418423614731,12.700008361611138,1-2,1-2,0-2,0-1,1.124268475362815,1.5993858572955313,10.71866019767065,0.47511738193271635,9.594391722307835
81.39627925585117,0.766724340726376,0.4739552974646636,0.8830777576306512,12.74957472198681,1-2,1-2,0-2,0-1,1.125343343166819,1.6037907105535878,10.769824103257621,0.47844736738676885,9.644480760090802
81.41628325665134,0.7630695002636081,0.4712305629483169,0.8851667875511589,12.799139627546529,1-2,1-2,0-2,0-1,1.126407868743597,1.6081480547853666,10.821085441581575,0.4817401860417696,9.694677572837978
81.4362872574515,0.7593929885124424,0.46892733689930693,0.8872080045933802,12.848703085577814,1-2,1-2,0-2,0-1,1.1274603772388345,1.6124577758388325,10.872441898103283,0.484997398599998,9.744981520864448
81.45629125825165,0.7556946418839349,0.46702883388760097,0.8892005174941242,12.898265103329372,1-2,1-2,0-2,0-1,1.1284992129933564,1.6167197554111674,10.923891157790575,0.488220542417811,9.795391944797219
81.47629525905181,0.7519743604907151,0.4655180428211439,0.8911434704518998,12.947825688011003,1-2,1-2,0-2,0-1,1.1295227434559887,1.6209338707662475,10.975430905217216,0.4914111273102588,9.845908161761228
81.49629925985198,0.7482321098656878,0.46437778251968476,0.8930360423396971,12.9973848467935,1-2,1-2,0-2,0-1,1.1305293624746007,1.6250999944682998,11.027058824653526,0.4945706319936991,9.896529462178925
81.51630326065214,0.7444679227646135,0.4635907616537008,0.8948774459365083,13.046942586808576,1-2,1-2,0-2,0-1,1.1315174930390277,1.6292179941305587,11.07877260014933,0.49770050109153097,9.947255107110303
81.5363072614523,0.7406819010561131,0.4631396413533985,0.8966669271786761,13.096498915148835,1-2,1-2,0-2,0-1,1.1324855895402737,1.633287732177862,11.130569915609948,0.5008021426375884,9.998084326069675
81.55631126225245,0.7368742177026809,0.46300709886847013,0.8984037644320313,13.146053838867692,1-2,1-2,0-2,0-1,1.1334321396025724,1.6373090656220872,11.182448454865732,0.5038769260195148,10.04901631526316
81.57631526305262,0.7330451188361246,0.46317589078555166,0.9000872677856612,13.195607364979377,1-2,1-2,0-2,0-1,1.1343556655390603,1.6412818458494849,11.234405901735874,0.5069261803104246,10.100050236196815
81.59631926385278,0.7291949259308176,0.46362891447628723,0.9017167783680405,13.24515950045889,1-2,1-2,0-2,0-1,1.1352547254766654,1.6452059184189427,11.286439940086984,0.5099511929422773,10.151185214610319
81.61632326465293,0.7253240380779518,0.4643492666426351,0.903291667686168,13.29471025224201,1-2,1-2,0-2,0-1,1.1361279141919294,1.6490811228703484,11.338548253887168,0.512953208678419,10.202420339695239
81.63632726545309,0.7214329343638983,0.46532029803564895,0.9048113369882507,13.344259627225297,1-2,1-2,0-2,0-1,1.1369738636957218,1.6529072925421824,11.390728527256089,0.5159334288464605,10.253754663560366
81.65633126625326,0.7175221763554864,0.46652566363822634,0.9062752166504129,13.393807632266105,1-2,1-2,0-2,0-1,1.1377912436019864,1.65668425439762,11.442978444511699,0.5188930107956335,10.305187200909712
81.67633526705342,0.7135924106948225,0.46794936781151986,0.9076827655878246,13.443354274182614,1-2,1-2,0-2,0-1,1.138578761312662,1.6604118288584109,11.495295690214162,0.521833067545749,10.3567169289015
81.69633926785357,0.7096443718058911,0.46957580410088623,0.9090334706905919,13.492899559753853,1-2,1-2,0-2,0-1,1.1393351620485004,1.6640898296459339,11.54767794920767,0.5247546675974335,10.408342787159171
81.71634326865373,0.7056788847149041,0.4713897895744806,0.9103268462846854,13.542443495719763,1-2,1-2,0-2,0-1,1.1400592287527769,1.667718063628787,11.600122906660628,0.5276588348760101,10.46006367790785
81.7363472694539,0.7016968679858206,0.4733765937219291,0.9115624336181426,13.59198608878123,1-2,1-2,0-2,0-1,1.140749781892737,1.671296330676423,11.652628248104874,0.530546548783686,10.511878466212137
81.75635127025406,0.6976993367720198,0.47552196206986175,0.9127398003727336,13.641527345600164,1-2,1-2,0-2,0-1,1.1414056791811273,1.6748244235183356,11.705191659474517,0.5334187443372083,10.563785980293389
81.77635527105421,0.6936874059844206,0.4778121347749533,0.9138585402012405,13.691067272799565,1-2,1-2,0-2,0-1,1.1420258152381284,1.678302127608417,11.757810827144988,0.5362763123702885,10.61578501190686
81.79635927185437,0.6896622935757296,0.4802338605343248,0.9149182722904762,13.740605876963595,1-2,1-2,0-2,0-1,1.1426091212116354,1.68172922099409,11.810483437972863,0.5391200997824546,10.667874316761228
81.81636327265454,0.6856253239395794,0.4827744062094622,0.9159186409501296,13.790143164637671,1-2,1-2,0-2,0-1,1.1431545643720638,1.6851054741899532,11.863207179337078,0.5419509098178894,10.720052614965013
81.8363672734547,0.6815779314224487,0.48542156259565733,0.916859315227518,13.839679142328551,1-2,1-2,0-2,0-1,1.1436611476957785,1.688430650055683,11.915979739182118,0.5447695023599044,10.77231859148634
81.85637127425485,0.6775216639450946,0.48816364678715785,0.9177399885482909,13.889213816504439,1-2,1-2,0-2,0-1,1.1441279094496908,1.6917045036780518,11.968798806063766,0.547576594228361,10.824670896614077
81.87637527505501,0.6734581867290939,0.49098950159169696,0.9185603783831336,13.938747193595079,1-2,1-2,0-2,0-1,1.144553922787719,1.6949267822569072,12.021662069197976,0.5503728594691881,10.877108146410258
81.89637927585518,0.6693892861225786,0.4938884924397536,0.9193202259404913,13.98827927999189,1-2,1-2,0-2,0-1,1.1449382953686191,1.6980972249950945,12.074567218513453,0.5531589296264754,10.929628923144833
81.91638327665534,0.6653168735177544,0.4968505022165003,0.9200192958853401,14.037810082048049,1-2,1-2,0-2,0-1,1.1452801690032126,1.7012155629923147,12.127511944708516,0.5559353939891021,10.982231775705303
81.9363872774555,0.6612429893509081,0.49986592442041267,0.9206573760840171,14.087339606078649,1-2,1-2,0-2,0-1,1.1455787193381164,1.704281519143033,12.18049393931283,0.5587027998049166,11.034915219974714
81.95639127825565,0.6571698071737314,0.5029256550241004,0.9212342773751269,14.136867858360798,1-2,1-2,0-2,0-1,1.145833155581854,1.7072948080385335,12.23351089475448,0.5614616524566796,11.087677739172625
81.97639527905581,0.6530996377824297,0.5060210833818574,0.921749833366534,14.186394845133766,1-2,1-2,0-2,0-1,1.1460427202786598,1.7102551358733689,12.286560504433028,0.564212415594709,11.140517784154369
81.99639927985598,0.6490349333886806,0.5091440824962855,0.9222039002584627,14.235920572599124,1-2,1-2,0-2,0-1,1.1462066891344624,1.7131622003564826,12.339640462799007,0.5669555112220201,11.193433773664545
82.01640328065614,0.6449782918137411,0.5122869989242328,0.9225963566927201,14.285445046920879,1-2,1-2,0-2,0-1,1.1463243708989943,1.7160156906273307,12.392748465440382,0.5696913197283364,11.246424094541387
82.03640728145629,0.6409324606839323,0.5154426425711619,0.9229271036280723,14.33496827422562,1-2,1-2,0-2,0-1,1.1463951073076784,1.7188152871774802,12.44588220917655,0.5724201798698019,11.299487101868873
82.05641128225645,0.6369003416025109,0.518604276593551,0.923196064241806,14.384490260602675,1-2,1-2,0-2,0-1,1.1464182730863943,1.72156066177812,12.499039392160192,0.5751423886917257,11.352621119073797
82.07641528305662,0.6328849942692215,0.5217656076015059,0.9234031838575179,14.434011012104257,1-2,1-2,0-2,0-1,1.1463932760222564,1.7242514774141042,12.552217713987618,0.5778582013918478,11.40582443796536
82.09641928385678,0.6288896405149973,0.5249207763286932,0.9235484298991851,14.483530534745622,1-2,1-2,0-2,0-1,1.1463195571032176,1.726887388225139,12.605414875817864,0.5805678311219213,11.459095318714647
82.11642328465693,0.6249176682149732,0.5280643489141263,0.92363179187158,14.533048834505234,1-2,1-2,0-2,0-1,1.1461965907294793,1.7294680394548863,12.658628580501105,0.5832714487254069,11.512431989771626
82.13642728545709,0.6209726350385776,0.5311913089203073,0.9236532813671016,14.582565917324928,1-2,1-2,0-2,0-1,1.1460238849994548,1.73199306740872,12.711856532716606,0.5859691824092652,11.565832647717151
82.15643128625726,0.6170582719905788,0.5342970501946628,0.9236129320991117,14.632081789110067,1-2,1-2,0-2,0-1,1.1458009820734116,1.7344620994210547,12.765096439120647,0.588661117347643,11.619295457047235
82.17643528705742,0.6131784866920031,0.5373773706660372,0.9235107999618748,14.681596455729732,1-2,1-2,0-2,0-1,1.1455274586178632,1.73687475383316,12.818346008504687,0.5913472952152967,11.672818549886824
82.19643928785757,0.6093373663445131,0.5404284671550449,0.9233469631172103,14.731109923016865,1-2,1-2,0-2,0-1,1.1452029263342192,1.7392306399825213,12.871602951964077,0.5940277136483021,11.726400025629857
82.21644328865773,0.6055391803165141,0.543446931266167,0.9231215221079832,14.780622196768467,1-2,1-2,0-2,0-1,1.1448270325752212,1.7415293582047715,12.92486498307752,0.5967023256295503,11.780037950502297
82.2364472894579,0.6017883822836502,0.5464297464204086,0.9228345999985649,14.830133282745772,1-2,1-2,0-2,0-1,1.1443994610532624,1.7437704998493817,12.978129818097493,0.5993710387961193,11.83373035704423
82.25645129025806,0.5980896118508918,0.5493742860799061,0.9224863425424162,14.87964318667441,1-2,1-2,0-2,0-1,1.1439199326448855,1.745953647310278,13.031395176151804,0.6020337146653925,11.887475243506918
82.27645529105821,0.594447695577919,0.5522783132098797,0.9220769183769472,14.929151914244605,1-2,1-2,0-2,0-1,1.1433882062963503,1.7480783740726729,13.08465877945648,0.6046901677763226,11.94127057316013
82.29645929185837,0.5908676473243795,0.5551399810185585,0.9216065192458204,14.978659471111351,1-2,1-2,0-2,0-1,1.1428040800354098,1.750144244777333,13.137918353540002,0.6073401647419232,11.995114273504592
82.31646329265854,0.5873546678266571,0.5579578350119639,0.9210753602488817,15.028165862894594,1-2,1-2,0-2,0-1,1.1421673920951738,1.752150815303632,13.19117162747905,0.6099834232084582,12.049004235383876
82.3364672934587,0.5839141434135694,0.5607308163975181,0.9204836801198958,15.077671095179424,1-2,1-2,0-2,0-1,1.1414780221563503,1.7540976328726674,13.244416334145884,0.6126196107163171,12.102938311989533
82.35647129425885,0.5805516437647732,0.5634582668681598,0.9198317415322822,15.127175173516257,1-2,1-2,0-2,0-1,1.1407358927149476,1.7559842361717797,13.297650210467353,0.6152483434568321,12.156914317752406
82.37647529505901,0.577272918613166,0.5661399347968015,0.9191198314330447,15.176678103421024,1-2,1-2,0-2,0-1,1.1399409705829824,1.7578101555016978,13.350870997695745,0.6178691849187155,12.210930027112763
82.39647929585918,0.5740838932911109,0.5687759828693624,0.9183482614050914,15.226179890375368,1-2,1-2,0-2,0-1,1.1390932685307322,1.759574912947561,13.40407644169157,0.6204816444168288,12.264983173160838
82.41648329665934,0.5709906630204857,0.5713669971830936,0.9175173680581411,15.275680539826824,1-2,1-2,0-2,0-1,1.1381928470797118,1.7612780225749318,13.457264293218424,0.62308517549522,12.319071446138713
82.4364872974595,0.5679994858483737,0.5739139978352422,0.9166275134484048,15.325180057189028,1-2,1-2,0-2,0-1,1.1372398164566668,1.7629189906518725,13.51043230825033,0.6256791741952057,12.373192491793663
82.45649129825965,0.5651167741342198,0.576418451025146,0.91567908552723,15.374678447841887,1-2,1-2,0-2,0-1,1.1362343387196312,1.7644973158979211,13.563578248291776,0.6282629771782899,12.427343909572144
82.47649529905982,0.5623490845004704,0.5788822826903653,0.9146724986188748,15.424175717131796,1-2,1-2,0-2,0-1,1.1351766300684831,1.7660124897607472,13.616699880711064,0.6308358596922641,12.481523250642582
82.49649929985998,0.559703106167662,0.5813078936942683,0.9136081939275702,15.473671870371811,1-2,1-2,0-2,0-1,1.1340669633534763,1.7674639967209753,13.669794979087554,0.633397033367499,12.535728015734078
82.51650330066013,0.5571856476066247,0.5836981765783719,0.9124866400740028,15.523166912841866,1-2,1-2,0-2,0-1,1.1329056707968248,1.7688513146255198,13.722861323573698,0.635945643828695,12.589955652776872
82.53650730146029,0.5548036214553635,0.5860565338874897,0.9113083336613225,15.572660849788955,1-2,1-2,0-2,0-1,1.1316931469437268,1.7701739150494065,13.775896701272943,0.6384807681056797,12.644203554329216
82.55651130226046,0.5525640276661583,0.5883868980691088,0.9100737998707468,15.622153686427337,1-2,1-2,0-2,0-1,1.1304298518612326,1.7714312636858558,13.828898906634818,0.6410014118246232,12.698469054773586
82.57651530306062,0.5504739348698006,0.5906937529402019,0.9087835930867911,15.671645427938715,1-2,1-2,0-2,0-1,1.1291163146051355,1.772622820764024,13.881865741868864,0.6435065061588885,12.75274942726373
82.59651930386077,0.5485404599684243,0.5929821567046074,0.9074382975521031,15.721136079472462,1-2,1-2,0-2,0-1,1.1277531369775082,1.7737480414935156,13.934795017379432,0.6459949045160074,12.807041880401924
82.61652330466093,0.5467707459961159,0.5952577664919628,0.9060385280518163,15.770625646145794,1-2,1-2,0-2,0-1,1.1263409975997798,1.7748063765343414,13.987684552223591,0.6484653789345616,12.861343554623812
82.6365273054611,0.5451719383169198,0.5975268643746936,0.904584930627271,15.820114133043974,1-2,1-2,0-2,0-1,1.1248806563293607,1.775797272490723,14.040532174594944,0.6509166161613622,12.915651518265584
82.65653130626126,0.5437511592627532,0.5997963848025293,0.9030781833188662,15.869601545220519,1-2,1-2,0-2,0-1,1.1233729590508712,1.7767201724267296,14.093335722336418,0.6533472133758584,12.969962763285547
82.67653530706141,0.5425154813483428,0.6020739433742124,0.9015189969377043,15.919087887697392,1-2,1-2,0-2,0-1,1.1218188428768867,1.7775745164014645,14.1460930434856,0.6557556735245778,13.024274200608712
82.69653930786157,0.5414718992359848,0.6043678668433198,0.8999081158655802,15.968573165465187,1-2,1-2,0-2,0-1,1.1202193417970174,1.7783597420210986,14.198801996856481,0.6581404002240812,13.078582655059463
82.71654330866174,0.540627300658655,0.6066872242292747,0.8982463188827402,16.018057383483356,1-2,1-2,0-2,0-1,1.1185755928190697,1.7790752850049136,14.251460452661975,0.6604996921858439,13.132884859842905
82.7365473094619,0.5399884365448661,0.6090418588756543,0.8965344200226769,16.06754054668037,1-2,1-2,0-2,0-1,1.1168888426511423,1.7797205797622049,14.304066293181819,0.6628317371110626,13.187177450530676
82.75655131026205,0.5395618906214042,0.6114424212657664,0.894773269453061,16.117022659953953,1-2,1-2,0-2,0-1,1.1151604549796623,1.7802950599768588,14.356617413480873,0.6651346049971965,13.24145695850121
82.77655531106221,0.5393540487995712,0.6139004023703467,0.8929637543817127,16.16650372817125,1-2,1-2,0-2,0-1,1.1133919184048178,1.7807981591962674,14.409111722182981,0.6674062407914496,13.295719803778164
82.79655931186238,0.539371068675483,0.6164281672643439,0.8911067999862899,16.21598375616904,1-2,1-2,0-2,0-1,1.1115848551026282,1.7812293114213946,14.46154714230581,0.6696444563187665,13.349962287203182
82.81656331266254,0.5396188494941999,0.6190389887095633,0.8892033703661175,16.26546274875394,1-2,1-2,0-2,0-1,1.1097410302911133,1.781587951694895,14.513921612162054,0.6718469214037817,13.404180581870941
82.8365673134627,0.5401030029398727,0.6217470803580286,0.8872544695142891,16.31494071070257,1-2,1-2,0-2,0-1,1.1078623625876367,1.7818735166845363,14.566233086332577,0.6740111540968996,13.45837072374494
82.85657131426285,0.5408288251187297,0.6245676291881501,0.8852611423078497,16.364417646761776,1-2,1-2,0-2,0-1,1.105950935354745,1.7820854452594754,14.618479536716594,0.6761345099047305,13.512528601361849
82.87657531506302,0.5418012700979404,0.627516826743215,0.8832244755134941,16.41389356164883,1-2,1-2,0-2,0-1,1.1040090091437427,1.782223179057535,14.670658953664088,0.6782141699137922,13.566649944520345
82.89657931586318,0.5430249253507183,0.6306118987006626,0.8811455988057968,16.46336846005161,1-2,1-2,0-2,0-1,1.1020390353580047,1.782286163042175,14.72276934719504,0.6802471276841702,13.620730311837036
82.91658331666333,0.5445039894364154,0.633871132262671,0.8790256857945254,16.512842346628787,1-2,1-2,0-2,0-1,1.1000436712725574,1.78227384604864,14.774808748309749,0.6822301747760826,13.674765077037192
82.93658731746349,0.5462422522140196,0.6373139008255174,0.8768659550570521,16.562315226010046,1-2,1-2,0-2,0-1,1.0980257965620568,1.7821856813194543,14.826775210393667,0.6841598847573975,13.72874941383161
82.95659131826366,0.5482430778491013,0.6409606853590146,0.8723988860382261,16.611787102796256,1-2,1-2,1-2,0-1,1.0959885315069877,1.7820211270303896,14.878666810719851,0.6860325955234019,13.782678279212863
82.97659531906382,0.550509390828749,0.6448330919101327,0.8644796076911713,16.661257981559668,1-2,1-2,1-2,0-1,1.0939352570669023,1.7817796468088318,14.930481652050936,0.6878443897419295,13.836546394984033
82.99659931986398,0.5530436651477841,0.6489538646387902,0.8565256212180655,16.710727866844117,1-2,1-2,1-2,0-1,1.0918696370307246,1.7814607102474604,14.982217864342124,0.6895910732167359,13.8903482273114
83.01660332066413,0.5558479167739444,0.6533468938006927,0.8485436624430313,16.76019676316521,1-2,1-2,1-2,0-1,1.0897956424768391,1.7810637934168987,15.03387360654545,0.6912681509400596,13.944077964068612
83.0366073214643,0.5589236994417068,0.6580372181136007,0.840540919925213,16.809664675010506,1-2,1-2,1-2,0-1,1.0877175788008895,1.7805883793819415,15.085447068514943,0.692870800581052,13.997729489714054
83.05661132226446,0.5622721037656148,0.663051020980529,0.8325250571871098,16.859131606839707,1-2,1-2,1-2,0-1,1.0856401155959823,1.7800339587265965,15.136936473011337,0.6943938431306143,14.051296357415355
83.07661532306462,0.5658937596064197,0.6684156200962804,0.8245042353223319,16.90859756308488,1-2,1-2,1-2,0-1,1.0835683196991748,1.7794000300939257,15.18834007780413,0.6958317103947509,14.104771758104954
83.09661932386477,0.5697888415685922,0.6741594500313589,0.81648713582525,16.958062548150597,1-2,1-2,1-2,0-1,1.0815076917486923,1.7786861007470358,15.239656177868047,0.6971784089983435,14.158148486119355
83.11662332466494,0.573957077457674,0.6803120374671948,0.8084829834481236,17.007526566414153,1-2,1-2,1-2,0-1,1.079464206629034,1.777891687158052,15.290883107670219,0.6984274805290178,14.211418901041185
83.1366273254651,0.5783977594816282,0.6869039688443673,0.8005015688491646,17.056989622225753,1-2,1-2,1-2,0-1,1.0774443582144695,1.7770163156320071,15.342019243543778,0.6995719574175376,14.264574885329308
83.15663132626526,0.5831097579431417,0.6939668502746739,0.7925532707473236,17.106451719908687,1-2,1-2,1-2,0-1,1.0754552088556104,1.7760595229726805,15.393063006143011,0.7006043141170701,14.317607797287401
83.17663532706541,0.5880915371401936,0.7015332596495609,0.7846490772461497,17.155912863759507,1-2,1-2,1-2,0-1,1.073504444086677,1.775020857197148,15.444012862974862,0.701516413110471,14.370508418888186
83.19663932786558,0.5933411731709329,0.7096366909401529,0.7768006059298068,17.205373058048245,1-2,1-2,1-2,0-1,1.0716004330621667,1.7738998783055817,15.49486733100108,0.702299445243415,14.423266897938912
83.21664332866574,0.5988563733256722,0.710236030819978,0.7690201222694181,17.254832307018575,1-2,0-2,1-2,0-1,1.0697522952574885,1.7726961591122257,15.545624979305275,0.7029438638547372,14.475872684047786
83.2366473294659,0.604634496743781,0.6995404136233081,0.7613205558077711,17.304290614887975,1-2,0-2,1-2,0-1,1.0679699739862696,1.7714092861428938,15.596284431818887,0.7034393121566243,14.528314457832618
83.25665133026605,0.6106725760155107,0.6886676148086807,0.7537155135159106,17.353747985847964,1-2,0-2,1-2,0-1,1.0662643172920259,1.7700388606033735,15.646844370099966,0.7037745433113476,14.58058005280794
83.27665533106622,0.6169673394180836,0.677622261414762,0.7462192896375511,17.40320442406421,1-2,0-2,1-2,0-1,1.0646471667582802,1.7685844994222708,15.697303536158794,0.7039373326639906,14.632656369400513
83.29665933186638,0.6235152334903513,0.666409780057348,0.7388468712584724,17.452659933676788,1-2,0-2,1-2,0-1,1.0631314547394777,1.7670458363706447,15.747660735324313,0.703914381631167,14.684529280584835
83.31666333266654,0.6303124456704005,0.6550365179788187,0.7316139387606562,17.5021145188003,1-2,0-2,1-2,0-1,1.0617313104343629,1.7654225232596543,15.797914839145408,0.7036912128252915,14.736183528711045
83.33666733346669,0.6373549267441357,0.6435098818905898,0.7245368602482964,17.551568183524086,1-2,0-2,1-2,0-1,1.0604621750875505,1.7637142312160652,15.848064788321276,0.7032520561285147,14.787602613233725
83.35667133426686,0.6446384128796142,0.6318384970536938,0.7176326789691606,17.60102093191237,1-2,0-2,1-2,0-1,1.0593409263942213,1.7619206520342143,15.898109595655091,0.702579725639993,14.83876866926087
83.37667533506702,0.6521584470501176,0.620032389286328,0.7109190927053199,17.65047276800448,1-2,0-2,1-2,0-1,1.0583860118693724,1.7600414996015747,15.948048349025317,0.7016554877322023,14.889662337155945
83.39667933586718,0.6599103996782608,0.6081031928071794,0.7044144240781035,17.699923695814984,1-2,0-2,1-2,0-1,1.057617590492746,1.7580765113937566,15.997880214369122,0.7004589209010106,14.940262623876375
83.41668333666733,0.667889488362381,0.5960643869888218,0.698137580710202,17.74937371933388,1-2,0-2,1-2,0-1,1.0570576813078856,1.7560254500333,16.047604438672185,0.6989677687254143,14.9905467573643
83.4366873374675,0.6760907965750594,0.5839315651602248,0.6921080042208406,17.79882284252678,1-2,0-2,1-2,0-1,1.0567303167832973,1.7538881049054036,16.097220352959464,0.6971577881221063,15.040490036176166
83.45669133826766,0.6845092912505311,0.5717227384936155,0.6863456071058291,17.848271069335045,1-2,0-2,1-2,0-1,1.0566616975647727,1.7516642938224283,16.146727375281056,0.6950025962576556,15.090065677716284
83.47669533906782,0.6931398392031984,0.559458677641652,0.6808706966810157,17.897718403676013,1-2,0-2,1-2,0-1,1.0568803436777117,1.749353864727958,16.19612501368746,0.6924735210502464,15.139244670009749
83.49669933986797,0.7019772223423887,0.5471632940206353,0.6757038854523646,17.94716484944312,1-2,0-2,1-2,0-1,1.0574172351791646,1.7469566974301654,16.245412869188208,0.6895394622510007,15.187995634009043
83.51670334066814,0.7110161516695171,0.5348640612796883,0.6708659875242353,17.996610410506076,1-2,0-2,1-2,0-1,1.0583059326070352,1.744472705353557,16.29459063868759,0.6861667727465217,15.236284706080555
83.5367073414683,0.7202512800619851,0.522592475309905,0.6663779009726166,18.04605509071107,1-2,0-2,1-2,0-1,1.0595826642241803,1.7419018372975568,16.343658117891007,0.6823191730733764,15.284075453666826
83.55671134226846,0.7296772138641523,0.5103845478189106,0.6622604764917717,18.095498893880894,1-2,0-2,1-2,0-1,1.061286362927948,1.739244079190217,16.392615204174987,0.677957716262269,15.33132884124704
83.57671534306861,0.7392885233188873,0.4982813236443492,0.6585343730661408,18.144941823815138,1-2,0-2,1-2,0-1,1.0634586307667246,1.736499455825224,16.44146189941372,0.6730408250584994,15.378003268646996
83.59671934386878,0.7490797518844546,0.48632940517247375,0.6552199019142316,18.19438388429034,1-2,0-2,1-2,0-1,1.0661436033663199,1.7336680325707956,16.490198312754266,0.6675244292044757,15.424054709387946
83.61672334466894,0.7590454244901668,0.4745814580301468,0.6523368604813247,18.243825079060134,1-2,0-2,1-2,0-1,1.0693876805099267,1.7307499170395917,16.538824663332434,0.661362236529665,15.469436982822508
83.6367273454691,0.7691800547912042,0.4630966602925313,0.6499043588007758,18.293265411855458,1-2,0-2,1-2,0-1,1.0732390832442706,1.7277452607096828,16.5873412829206,0.6545061774654122,15.51410219967633
83.65673134626925,0.7794781514877431,0.45194104273320257,0.6479406410714175,18.34270488638468,1-2,0-2,1-2,0-1,1.077747193271485,1.7246542604876502,16.635748618498393,0.6469070672161652,15.558001425226909
83.67673534706942,0.7899342237771193,0.44118765063559173,0.6464629057784647,18.39214350633376,1-2,0-2,1-2,0-1,1.0829616287198105,1.721477160206244,16.684047234736457,0.6385155314864335,15.601085606016646
83.69673934786958,0.8005427860094733,0.4309164398355425,0.6454871280824843,18.44158127536643,1-2,0-2,1-2,0-1,1.088931014075284,1.7182142520503305,16.732237816383346,0.6292832379750466,15.643306802308063
83.71674334866974,0.8112983616182293,0.42121380385010654,0.6450278884805628,18.49101819712434,1-2,0-2,1-2,0-1,1.0957014141881407,1.7148658779062942,16.78032117054465,0.6191644637181535,15.684619756356508
83.7367473494699,0.8221954863961464,0.41217161988766926,0.6450982118746774,18.54045427522721,1-2,0-2,1-2,0-1,1.103314426246358,1.7114324306312398,16.828298228843316,0.608118004384882,15.724983802596958
83.75675135027006,0.8332287111867556,0.4038857058937869,0.6457094211402032,18.589889513272997,1-2,0-2,1-2,0-1,1.1118049622999888,1.7079143552395095,16.876170049449478,0.5961093929395207,15.76436508714949
83.77675535107022,0.8443926040588884,0.3964536065333414,0.646871009058519,18.639323914838048,1-2,0-2,1-2,0-1,1.1211988091463263,1.7043121500047473,16.923937818967733,0.583113340858421,15.802739009821407
83.79675935187038,0.8556817520297757,0.3899716805462053,0.6485905320606081,18.688757483477257,1-2,0-2,1-2,0-1,1.1315101188875076,1.700626367476256,16.971602854169387,0.5691162485887484,15.840092735281878
83.81676335267053,0.8670907623990403,0.3845315487296534,0.650873528636392,18.738190222724203,1-2,0-2,1-2,0-1,1.1427390528856314,1.6968576154083488,17.019166603556826,0.5541185625227174,15.876427550671195
83.83676735347069,0.8733564087420358,0.3802160760986374,0.6537234645242119,18.787622136091322,0-1,0-2,1-2,0-1,1.1548698579017334,1.693006557601138,17.06663064874698,0.5381366996994046,15.911760790845246
83.85677135427086,0.8712671430596455,0.3770951867365928,0.6571417059458741,18.83705322707005,0-1,0-2,1-2,0-1,1.1678696747515378,1.6890739146504479,17.11399670566044,0.5212042398989101,15.946127030908903
83.87677535507102,0.8692127950183309,0.37522191633714974,0.6611275212434431,18.886483499130975,0-1,0-2,1-2,0-1,1.1816883467032082,1.685060464603535,17.16126662550284,0.5033721179003268,15.979578278799632
83.89677935587117,0.8671947145314182,0.37462915984435313,0.6656781103579847,18.93591295572398,0-1,0-2,1-2,0-1,1.1962593970355837,1.6809670435161466,17.208442395524933,0.48470764648056286,16.01218299848935
83.91678335667133,0.8652142494641857,0.37532754014802777,0.6707886607210402,18.985341600278396,0-1,0-2,1-2,0-1,1.2115021913712438,1.676794545905075,17.255526139547758,0.4652923545338312,16.044023948176513
83.9367873574715,0.8632727437989185,0.37730469916317355,0.6764524273552538,19.034769436203156,0-1,0-2,1-2,0-1,1.2273251208060785,1.6725439250892247,17.30252011823958,0.4452188042831462,16.075194997433503
83.95679135827166,0.8613715357397741,0.380526115116618,0.6826608343406849,19.084196466886926,0-1,0-2,1-2,0-1,1.2436294810256714,1.6682161934110529,17.349426729131363,0.4245867123853815,16.10579724810569
83.97679535907182,0.8595119557615315,0.38493732608720077,0.6894035943253375,19.13362269569825,0-1,0-2,1-2,0-1,1.2603136236071593,1.6638124223295159,17.396248506357814,0.4034987987223566,16.135934882750654
83.99679935987197,0.8576953246066483,0.3904672464136927,0.6966688424562217,19.183048125985728,0-1,0-2,1-2,0-1,1.2772769430439832,1.6593337423751007,17.442988120111707,0.38205679933111747,16.165711177067724
84.01680336067214,0.8559229512353093,0.39703214456774605,0.704443280981284,19.23247276107811,0-1,0-2,1-2,0-1,1.2944233334417754,1.654781342957574,17.489648375799394,0.36035800951579855,16.19522504235762
84.0368073614723,0.8541961307335117,0.4045398265091387,0.7127123308112058,19.281896604284476,0-1,0-2,1-2,0-1,1.311663874833064,1.650156472017371,17.53623221288644,0.3384925971843069,16.224568338053373
84.05681136227246,0.8525161421845198,0.412893626119287,0.7214602865121968,19.331319658894348,0-1,0-2,1-2,0-1,1.328918652206239,1.6454604355124212,17.582742703422756,0.3165417833061821,16.25382405121652
84.07681536307261,0.8508842465093894,0.42199591332427977,0.7306704714987676,19.380741928177848,0-1,0-2,1-2,0-1,1.3461177362866454,1.6406945967332829,17.62918305023788,0.29457686044663745,16.283065313951234
84.09681936387278,0.849301684282548,0.43175095549973186,0.7403253905779678,19.430163415385845,0-1,0-2,1-2,0-1,1.3632014432254747,1.6358603754410548,17.675556584797718,0.27265893221558013,16.312355141572244
84.11682336467294,0.8477696735287568,0.4420670803721833,0.7479234450159304,19.47958412375006,0-1,0-2,0-2,0-1,1.3801200355290357,1.6309592468242147,17.721866764715518,0.25083921129517894,16.341746729186482
84.1368273654731,0.8462894075080603,0.4528581730504204,0.7470470335016264,19.529004056483235,0-1,0-2,0-2,0-1,1.3968330351293776,1.6259927402725456,17.768117170910898,0.22915970514316797,16.371284135781522
84.15683136627325,0.8448620524956556,0.46404459200672316,0.7462483094141558,19.578423216779264,0-1,0-2,0-2,0-1,1.4133083031621674,1.6209624379682686,17.8143115044123,0.20765413480610118,16.40100320125013
84.17683536707342,0.8434887455638383,0.4755536127048931,0.7455277479871943,19.627841607813302,0-1,0-2,0-2,0-1,1.4295210117707764,1.6158699732966637,17.860453582799618,0.1863489615258873,16.43093257102884
84.19683936787358,0.8421705923734598,0.4873195106769811,0.7448857347725037,19.677259232741932,0-1,0-2,0-2,0-1,1.4454526004945247,1.6107170290804484,17.906547336285403,0.16526442858592372,16.46109473579088
84.21684336867374,0.840908664982511,0.49928338609617895,0.7443225662196591,19.726676094703272,0-1,0-2,0-2,0-1,1.4610897794821947,1.605505335644198,17.95259680343476,0.1444155561620033,16.491507023952565
84.23684736947389,0.839703999679669,0.5113928158053669,0.7438384502138499,19.776092196817135,0-1,0-2,0-2,0-1,1.476423616820142,1.6002366687168512,17.9986061265257,0.12381305189670933,16.52218250970556
84.25685137027406,0.8385575948507433,0.5236014009100751,0.7434335065892538,19.82550754218512,0-1,0-2,0-2,0-1,1.4914487284593734,1.5949128471820933,18.04457954655376,0.10346411872271988,16.553130818094385
84.27685537107422,0.8374704088860896,0.5358682611833339,0.7431077676383898,19.874922133890802,0-1,0-2,0-2,0-1,1.506162576106951,1.5895357306878128,18.09052139788639,0.08337315458086181,16.58435882177944
84.29685937187438,0.836443358137089,0.5481575130219598,0.7428611786394977,19.924335974999785,0-1,0-2,0-2,0-1,1.5205648699968328,1.584107217127173,18.136436102574724,0.06354234713034024,16.61587123257789
84.31686337267453,0.83547731492983,0.5604377559829885,0.7426935984245249,19.973749068559886,0-1,0-2,0-2,0-1,1.5346570685320535,1.5786292400048159,18.182328164332215,0.043972171472762334,16.647671095800163
84.3368673734747,0.8345731056440496,0.5726815839255799,0.7426048000098944,20.023161417601244,0-1,0-2,0-2,0-1,1.5484419643582579,1.5731037657026303,18.22820216219169,0.024661801344372458,16.67976019783343
84.35687137427486,0.8337315088653285,0.5848651301386234,0.7425944713110532,20.07257302513645,0-1,0-2,0-2,0-1,1.561923345647986,1.5675327906601015,18.274062743854262,0.005609445012115577,16.712139398206276
84.37687537507502,0.8329532536183499,0.5969676511105665,0.7426622159600239,20.12198389416066,0-1,0-2,0-2,0-1,1.5751057216160906,1.561918338484714,18.31991461874564,-0.013187383131376684,16.74480889712955
84.39687937587517,0.8322390176888602,0.608971150366914,0.7428075542429586,20.171394027651736,0-1,0-2,0-2,0-1,1.5879941021031179,1.5562624570080419,18.36576255079715,-0.03173164509507598,16.777768448694033
84.41688337667534,0.8315894260416753,0.6208600416869142,0.7430299241721504,20.220803428570353,0-1,0-2,0-2,0-1,1.6005938221568345,1.5505672153032661,18.41161135097072,-0.05002660685356841,16.811017528813885
84.4368873774755,0.8310050493417779,0.6326208497072049,0.7433286827042381,20.27021209986014,0-1,0-2,0-2,0-1,1.6129104037216697,1.5448347006796372,18.457465869548876,-0.06807570304203248,16.844555465827206
84.45689137827566,0.8304864025851639,0.6442419451870655,0.7437031071135176,20.31962004444778,0-1,0-2,0-2,0-1,1.6249494476984943,1.5390670156691642,18.50333098821242,-0.0858824320293301,16.878381540513924
84.47689537907581,0.8300339438456847,0.6557133118669762,0.7441523965264453,20.36902726524315,0-1,0-2,0-2,0-1,1.6367165507006556,1.5332662750202715,18.549211611930055,-0.10345027568038412,16.9124950612294
84.49689937987598,0.8296480731436353,0.6670263417671073,0.744675673620674,20.41843376513944,0-1,0-2,0-2,0-1,1.6482172417784537,1.5274346027126446,18.59511266068569,-0.1207826390658091,16.946895418907236
84.51690338067614,0.8293291314413305,0.6781736558506333,0.745271986489315,20.46783954701322,0-1,0-2,0-2,0-1,1.6594569352048287,1.5215741290067148,18.641039061070323,-0.13788280619811388,16.981582125865494
84.5369073814763,0.8290773997703281,0.6891489471522475,0.7459403106686461,20.517244613724657,0-1,0-2,0-2,0-1,1.6704408961142547,1.5156869875404722,18.68699573776671,-0.15475390857378257,17.016554841652457
84.55691138227645,0.8288930984943578,0.6999468436998205,0.7466795513252082,20.566648968117537,0-1,0-2,0-2,0-1,1.6811742163743664,1.5097753124853335,18.73298760495575,-0.1713989038890329,17.051813388581383
84.57691538307662,0.8287763867113609,0.7105627888067758,0.7474885455961666,20.61605261301943,0-1,0-2,0-2,0-1,1.6916617985590348,1.503841235771877,18.77901955767443,-0.18782056278715786,17.087357759115395
84.59691938387678,0.828727361797382,0.7209929365651367,0.7483660650749715,20.665455551241802,0-1,0-2,0-2,0-1,1.701908346295415,1.4978868843951925,18.825096463155685,-0.20402146190022252,17.12318811686027
84.61692338467694,0.8287460590943401,0.7312340606124409,0.7493108184327628,20.714857785580104,0-1,0-2,0-2,0-1,1.7119183595891956,1.4919143778085688,18.871223152180736,-0.22000398178062675,17.15930479259154
84.6369273854771,0.8288324517430044,0.7412834744730178,0.7503214541646015,20.764259318813927,0-1,0-2,0-2,0-1,1.7216961340032175,1.4859258254131127,18.917404410474916,-0.23577030859010484,17.1957082764717
84.65693138627726,0.8289864506617591,0.7511389619820675,0.751396563448488,20.813660153707062,0-1,0-2,0-2,0-1,1.7312457627854765,1.4799233241498526,18.963644970177498,-0.25132243863562387,17.23239920739202
84.67693538707742,0.8292079046710157,0.7607987164883352,0.7525346831042407,20.863060293007656,0-1,0-2,0-2,0-1,1.7405711412217377,1.473908956199751,19.009949501416123,-0.2666621850219868,17.269378360194384
84.69693938787758,0.8294966007623896,0.7702612876981377,0.7537342986386407,20.912459739448295,0-1,0-2,0-2,0-1,1.7496759726333517,1.4678847867960363,19.056322604015712,-0.28179118583731544,17.30664663138236
84.71694338867773,0.8298522645110417,0.7795255351710392,0.7549938473627906,20.96185849574613,0-1,0-2,0-2,0-1,1.7585637755583148,1.4618528621521802,19.10276879937101,-0.29671091340613454,17.344205023812695
84.7369473894779,0.8302745606288682,0.7885905876070647,0.7563117215673775,21.01125656460298,0-1,0-2,0-2,0-1,1.7672378917486689,1.4558152075079054,19.14929252251117,-0.31142268424076347,17.382054630762504
84.75695139027806,0.8307630936555308,0.7974558071786253,0.7576862717414564,21.060653948705443,0-1,0-2,0-2,0-1,1.775701494693886,1.4497738252946402,19.19589811438346,-0.3259276693992459,17.420196619689573
84.77695539107822,0.8313174087836651,0.8061207582590132,0.7591158098204627,21.11005065072498,0-1,0-2,0-2,0-1,1.7839575984417104,1.44373069342099,19.242589814382086,-0.3402269050207205,17.458632215940376
84.79695939187837,0.8319369928139574,0.8145851799850808,0.7605986124494021,21.159446673318072,0-1,0-2,0-2,0-1,1.7920090665375774,1.437687763677943,19.289371753146526,-0.35432130285963437,17.497362686608948
84.81696339267855,0.8326212752352028,0.8228489621660856,0.7621329242475519,21.208842019126273,0-1,0-2,0-2,0-1,1.7998586209438403,1.4316469602628412,19.33624794565224,-0.3682116606809991,17.5363893247084
84.8369673934787,0.8333696294238893,0.8309121241150963,0.7637169610614977,21.258236690776343,0-1,0-2,0-2,0-1,1.8075088508321029,1.4256101784204296,19.383222284614867,-0.3818986724116733,17.575713433782763
84.85697139427886,0.8341813739573665,0.8387747960351142,0.7653489131939323,21.30763069088034,0-1,0-2,0-2,0-1,1.814962221167862,1.4195792831987435,19.430298534227152,-0.3953829379691185,17.61533631305929
84.87697539507901,0.8350557740341756,0.8464372026402788,0.7670269485963261,21.35702402203573,0-1,0-2,0-2,0-1,1.8222210810272594,1.4135561083170636,19.47748032424591,-0.40866497271019586,17.65525924321865
84.89697939587919,0.8359920429947394,0.8538996487342443,0.7687492160143303,21.40641668682549,0-1,0-2,0-2,0-1,1.829287671602389,1.407542455142724,19.524771144444284,-0.4217452164596649,17.695483472841893
84.91698339667934,0.8369893439352404,0.8611625065038895,0.7705138480755832,21.455808687818205,0-1,0-2,0-2,0-1,1.8361641338647807,1.4015400917732155,19.57217433944247,-0.43462404209156524,17.73601020557769
84.9369873974795,0.8380467914072479,0.8682262043177363,0.7723189643104427,21.50520002756818,0-1,0-2,0-2,0-1,1.8428525158672704,1.3955507522197035,19.619693103927965,-0.4473017636475669,17.776840588060693
84.95699139827965,0.8391634531953882,0.8750912168454793,0.7741626740970384,21.554590708615496,0-1,0-2,0-2,0-1,1.8493547796727583,1.3895761356878784,19.667330478274156,-0.4597786439848799,17.817975698601398
84.97699539907983,0.8403383521652046,0.8817580563384195,0.7760430795229335,21.60398073348619,0-1,0-2,0-2,0-1,1.8556728079050533,1.3836179059518747,19.715089344564163,-0.47205490195317856,17.85941653665911
84.99699939987998,0.8415704681732136,0.8882272649308937,0.7779582781565813,21.653370104692264,0-1,0-2,0-2,0-1,1.8618084099221346,1.377677690816901,19.76297242302428,-0.48413071910523353,17.901164013102147
85.01700340068014,0.8428587400311168,0.894499407840367,0.7799063657226507,21.70275882473185,0-1,0-2,0-2,0-1,1.867763327616279,1.371757081666156,19.810982268869797,-0.4960062459501231,17.94321894125352
85.0370074014803,0.8442020675160969,0.9005750673591439,0.7818854386761739,21.75214689608928,0-1,0-2,0-2,0-1,1.8735392408485763,1.3658576330876193,19.859121269563477,-0.5076816077609569,17.9855820287149
85.05701140228047,0.8455993134191901,0.9064548375439176,0.7838935966713165,21.80153432123518,0-1,0-2,0-2,0-1,1.8791377725277953,1.3599808625763186,19.907391642485273,-0.5191569099514768,18.028253869957478
85.07701540308062,0.8470493056238059,0.9121393195209171,0.7859289449214022,21.85092110262655,0-1,0-2,0-2,0-1,1.8845604933453313,1.3541282503077674,19.955795433009857,-0.5304322430375639,18.071234939664528
85.09701940388078,0.8485508392066224,0.9176291173344705,0.7879895964476058,21.90030724270691,0-1,0-2,0-2,0-1,1.8898089261792934,1.3483012389783477,20.0043345129868,-0.5415076872009457,18.11452558680751
85.11702340468094,0.8501026785532432,0.9229248342755552,0.7900736742144812,21.949692743906333,0-1,0-2,0-2,0-1,1.8948845501816671,1.3425012337085651,20.05301057961645,-0.552383316473102,18.158126029434783
85.1370274054811,0.8517035594812503,0.9280270696345474,0.7921793131511993,21.999077608641578,0-1,0-2,0-2,0-1,1.899788804563127,1.3367296020052224,20.10182515471312,-0.5630592025579046,18.202036350149992
85.15703140628126,0.8533521913635318,0.9329364158290648,0.7943046620580212,22.04846183931617,0-1,0-2,0-2,0-1,1.9045230920903955,1.330987673778751,20.150779584345592,-0.5735354183116446,18.246256492255196
85.17703540708142,0.8550472592450755,0.9376534558636226,0.7964478853981602,22.09784543832049,0-1,0-2,0-2,0-1,1.909088782311201,1.3252767414120723,20.19987503884381,-0.5838120408991287,18.29078625653261
85.19703940788158,0.8567874259467068,0.9421787610829437,0.7986071649757301,22.147228408031857,0-1,0-2,0-2,0-1,1.9134872145218424,1.3195980598775896,20.249112513159144,-0.5938891546442528,18.3356252986373
85.21704340868175,0.8585713341496313,0.9465128891852314,0.8007807015010069,22.19661075081465,0-1,0-2,0-2,0-1,1.9177197004922333,1.3139528468990544,20.298492827564925,-0.6037668535931788,18.38077312707269
85.2370474094819,0.8603976084549776,0.9506563824656467,0.802966716044684,22.245992469020354,0-1,0-2,0-2,0-1,1.9217875269630251,1.30834228315526,20.348016628682682,-0.6134452438077651,18.426229101719656
85.25705141028206,0.8622648574129477,0.9546097662636863,0.8051634513832199,22.295373564987678,0-1,0-2,0-2,0-1,1.92569195792908,1.3027675125226688,20.397684390818966,-0.6229244454064113,18.471992432889888
85.27705541108222,0.8641716755165364,0.9583735475911846,0.8073691732377445,22.34475404104264,0-1,0-2,0-2,0-1,1.929434236723132,1.2972296423543046,20.447496417596877,-0.6322045943688275,18.518062180873745
85.29705941188239,0.8661166451552192,0.9619482139203432,0.8095821714093087,22.39413389949865,0-1,0-2,0-2,0-1,1.93301558791304,1.2917297437923507,20.49745284386586,-0.6412858441206892,18.56443725595282
85.31706341268254,0.8680983385243866,0.9653342321135486,0.8118007608135395,22.443513142656577,0-1,0-2,0-2,0-1,1.9364372190255186,1.2862688521121146,20.547553637873108,-0.650168366913404,18.61111641884759
85.3370674134827,0.8701153194867421,0.9685320474788118,0.8140232824179952,22.492891772804875,0-1,0-2,0-2,0-1,1.9397003221087283,1.2808479670951172,20.597798603679436,-0.6588523550136112,18.65809828157071
85.35707141428286,0.8721661453822401,0.9715420829365159,0.8162481040857111,22.54226979221964,0-1,0-2,0-2,0-1,1.9428060751455338,1.2754680534292686,20.648187383802455,-0.6673380217162652,18.70538130865692
85.37707541508303,0.8742493687835866,0.97436473828478,0.8184736213285799,22.591647203164698,0-1,0-2,0-2,0-1,1.9457556433286929,1.2701300411341725,20.69871946206982,-0.6756256021945204,18.75296381874113
85.39707941588318,0.8763635391946847,0.9770003895521918,0.820698257974331,22.6410240078917,0-1,0-2,0-2,0-1,1.9485501802086724,1.264834826009762,20.749394166665326,-0.6837153541989105,18.800843986456652
85.41708341668334,0.8785072046898248,0.9794493884279548,0.8229204667509639,22.69040020864019,0-1,0-2,0-2,0-1,1.9511908287242026,1.259583270106544,20.80021067335082,-0.6916075586176587,18.849019844626618
85.4370874174835,0.8806789134917414,0.9817120617606305,0.8251387297925477,22.739775807637702,0-1,0-2,0-2,0-1,1.9536787221251195,1.2543762022158798,20.85116800884724,-0.6993025199092398,18.89748928672212
85.45709141828367,0.8828772154870687,0.9837887111176855,0.8273515590703301,22.789150807099823,0-1,0-2,0-2,0-1,1.9560149847964663,1.2492144183787803,20.90226505435811,-0.706800566417686,18.946250069561643
85.47709541908382,0.8851006636780229,0.9856796123989605,0.8295574967531016,22.838525209230298,0-1,0-2,0-2,0-1,1.9582007329922713,1.244098682411801,20.95350054921962,-0.7141020505804703,18.995299816227348
85.49709941988398,0.8873478155695176,0.9873850154980025,0.8317551155007554,22.887899016221102,0-1,0-2,0-2,0-1,1.960237075486858,1.2390297264486638,21.004873094661523,-0.7212073490381943,19.044636019174664
85.51710342068414,0.8896172344911564,0.9889051440059399,0.8339430186949308,22.937272230252507,0-1,0-2,0-2,0-1,1.9621251141510003,1.2340082514963595,21.056381157663818,-0.7281168626546408,19.094256043512818
85.53710742148431,0.8919074908539061,0.9902401949532423,0.8361198406105953,22.986644853493175,0-1,0-2,0-2,0-1,1.963865944459695,1.229034928004467,21.108023074894625,-0.7348310164552281,19.14415713043493
85.55711142228446,0.8942171633414715,0.9913903385853224,0.8382842465323304,23.03601688810023,0-1,0-2,0-2,0-1,1.9654606559378198,1.2241103964465474,21.159797056715366,-0.7413502594912724,19.194336400777544
85.57711542308462,0.8965448400366902,0.9923557181684798,0.8404349328190236,23.085388336219346,0-1,0-2,0-2,0-1,1.9669103325494028,1.2192352679124372,21.211701191239865,-0.7476750646369656,19.24479085869046
85.59711942388478,0.8988891194834451,0.9931364498232048,0.842570626920562,23.134759199984806,0-1,0-2,0-2,0-1,1.9682160530357757,1.2144101247103998,21.263733448434753,-0.753805928325376,19.295517395398978
85.61712342468495,0.9012486116848523,0.9937326223823217,0.8446900873500263,23.184129481519612,0-1,0-2,0-2,0-1,1.9693788912073544,1.209635520978041,21.315891684249223,-0.7597433702293135,19.346512793041867
85.6371274254851,0.9036219390386393,0.9941442972718965,0.8467921036147755,23.233499182935518,0-1,0-2,0-2,0-1,1.9703999161933545,1.2049119833009876,21.3681736447628,-0.7654879328923669,19.397773728569444
85.65713142628526,0.9060077372108442,0.9943715084132383,0.8488754961096903,23.282868306333143,0-1,0-2,0-2,0-1,1.9712801926532715,1.2002400113382936,21.42057697034063,-0.7710401813149779,19.44929677768736
85.67713542708542,0.9084046559490598,0.9944142621447231,0.8509391159757271,23.332236853802016,0-1,0-2,0-2,0-1,1.9720207809535204,1.195620078453644,21.473099199786333,-0.7764007024998765,19.50107841883281
85.69713942788557,0.9108113598366522,0.9942725371625389,0.8529818449268061,23.381604827420677,0-1,0-2,0-2,0-1,1.9726227373121867,1.1910526323513722,21.525737774483314,-0.7815701049608146,19.55311503717113
85.71714342868574,0.9132265289894536,0.9939462844798185,0.8550025950479317,23.430972229256728,0-1,0-2,0-2,0-1,1.9730871139144253,1.1865380957163625,21.578490042516027,-0.7865490181980628,19.605402928601602
85.7371474294859,0.9156488596965543,0.9934354274039845,0.8570003085673132,23.480339061366944,0-1,0-2,0-2,0-1,1.9734149590006222,1.1820768668569448,21.631353262763383,-0.7913380921436775,19.657938303762762
85.75715143028606,0.9180770650069228,0.9927398615324947,0.858973957605126,23.52970532579728,0-1,0-2,0-2,0-1,1.9736073169290331,1.1776693203498372,21.684324608957283,-0.795937996579196,19.71071729202825
85.77715543108621,0.9205098752636046,0.9918594547675275,0.8609225439014253,23.57907102458301,0-1,0-2,0-2,0-1,1.973665228214209,1.173315807686318,21.737401173699677,-0.8003494205278912,19.763735945485468
85.79715943188639,0.9229460385873732,0.9907940473505283,0.8628450985255933,23.628436159748766,0-1,0-2,0-2,0-1,1.9735897295421332,1.1690166579187176,21.790579972432432,-0.8045730716234156,19.8169902428903
85.81716343268654,0.9253843213116995,0.9895434519179117,0.8647406815695813,23.67780073330861,0-1,0-2,0-2,0-1,1.973381853762595,1.164772178306423,21.84385794735473,-0.8086096754561718,19.870476093592135
85.8371674334867,0.9278235083709924,0.988107453579619,0.8666083818270774,23.727164747266112,0-1,0-2,0-2,0-1,1.9730426298589359,1.1605826549605165,21.897231971283475,-0.8124599748984194,19.92418934142454
85.85717143428685,0.93026240364402,0.9864858100226539,0.8684473164606171,23.77652820361442,0-1,0-2,0-2,0-1,1.9725730828949266,1.1564483534863013,21.9506988514525,-0.8161247294086253,19.978125768557575
85.87717543508703,0.9326998302545002,0.9846782516421709,0.8702566306585302,23.82589110433631,0-1,0-2,0-2,0-1,1.9719742339381268,1.152369519622876,22.0042553332472,-0.8196047143152507,20.032281099309074
85.89717943588718,0.9351346308307982,0.9826844817031807,0.8720354972835082,23.875253451404298,0-1,0-2,0-2,0-1,1.9712470999586904,1.1483463798790159,22.057898103871516,-0.8229007200796745,20.086651003912824
85.91718343668734,0.9375656677267163,0.980504176536464,0.8737831165144623,23.92461524678065,0-1,0-2,0-2,0-1,1.970392693702162,1.144379142164568,22.111623795944794,-0.8260135515375941,20.14123110224263
85.9371874374875,0.9399918232052804,0.9781369857728662,0.8754987154832399,23.97397649241751,0-1,0-2,0-2,0-1,1.969412023534408,1.1404679964166817,22.165428991026406,-0.8289440271177262,20.196016967492
85.95719143828767,0.9424119995874725,0.9755825326207828,0.8771815479076588,24.023337190256917,0-1,0-2,0-2,0-1,1.9683060932563794,1.1366131152201204,22.219310223066568,-0.831692978036259,20.251004129810187
85.97719543908782,0.9448251193677794,0.9728404141923448,0.8788308937222273,24.072697342230907,0-1,0-2,0-2,0-1,1.9670759018859625,1.132814654421001,22.273263981782026,-0.8342612474649616,20.306188079896064
85.99719943988798,0.9472301252984499,0.9699102018846008,0.8804460587078201,24.122056950261555,0-1,0-2,0-2,0-1,1.9657224434036777,1.1290727537332415,22.327286715955896,-0.8366496896704363,20.36156427255222
86.01720344068814,0.9496259804442436,0.9667914418228538,0.8820263741214883,24.171416016261066,0-1,0-2,0-2,0-1,1.96424670645853,1.125387537337151,22.381374836661003,-0.8388591691213791,20.41712813020247
86.0372074414883,0.9520116682094825,0.9634836553742907,0.883571196327502,24.220774542131807,0-1,0-2,0-2,0-1,1.962649674029731,1.1217591144694805,22.43552472040659,-0.8408905595602505,20.47287504637686
86.05721144228846,0.9543861923391201,0.9599863397411242,0.8850799064306392,24.27013252976641,0-1,0-2,0-2,0-1,1.96093232303949,1.118187580004395,22.489732712208493,-0.842744743035095,20.528800389169003
86.07721544308862,0.9567485768955427,0.9562989686436959,0.8865519099126542,24.3194899810478,0-1,0-2,0-2,0-1,1.9590956239114148,1.1146730150247404,22.54399512858315,-0.8444226088866744,20.584899504671732
86.09721944388878,0.9590978662127024,0.9524209931053639,0.887986636272795,24.36884689784927,0-1,0-2,0-2,0-1,1.9571405400684565,1.1112154873831468,22.598308260465977,-0.8459250526853097,20.64116772039752
86.11722344468895,0.961433124829197,0.9483518423525515,0.8893835386731571,24.418203282034575,0-1,0-2,0-2,0-1,1.9550680273635683,1.1078150522523933,22.652668376055065,-0.847252975111175,20.697600348691495
86.1372274454891,0.963753437401801,0.9440909248450915,0.8907420935896113,24.46755913545795,0-1,0-2,0-2,0-1,1.9528790334355048,1.1044717526646117,22.70707172358103,-0.8484072807708931,20.754192690145526
86.15723144628926,0.9660579086009511,0.9396376294539867,0.8920618004689647,24.5169144599642,0-1,0-2,0-2,0-1,1.9505744969813001,1.1011856200388055,22.7615145340044,-0.8493888769424947,20.8109400370231
86.17723544708942,0.9683456629895684,0.9349913268059608,0.8933421813929696,24.566269257388736,0-1,0-2,0-2,0-1,1.9481553469360902,1.0979566746963496,22.8159930236417,-0.8501986722397405,20.86783767670561
86.19723944788959,0.9706158448866049,0.9301513708167359,0.8945827807497388,24.61562352955768,0-1,0-2,0-2,0-1,1.9456225015498525,1.0947849263640168,22.870503396721812,-0.8508375751858357,20.92488089517196
86.21724344868974,0.9728676182165998,0.9251171004378724,0.8957831649130623,24.66497727828787,0-1,0-2,0-2,0-1,1.9429768673495793,1.091670374664219,22.925041847874123,-0.8513064926853604,20.982064980524544
86.2372474494899,0.9751001663465168,0.9198878416453303,0.8969429219300934,24.714330505386982,0-1,0-2,0-2,0-1,1.9402193379740795,1.0886130095920743,22.979604564550193,-0.8516063283820052,21.039385226576115
86.25725145029006,0.9773126919110238,0.914462909701676,0.8980616612178084,24.76368321265353,0-1,0-2,0-2,0-1,1.9373507928673297,1.0856128119790855,23.034187729380584,-0.8517379808882442,21.096836936513252
86.27725545109023,0.9795044166273756,0.9088416117281695,0.8991390132686137,24.81303540187696,0-1,0-2,0-2,0-1,1.934372095814698,1.0826697539430976,23.08878752246879,-0.8517023418716003,21.154415426654094
86.29725945189038,0.9816745811009626,0.903023249627893,0.9001746293654316,24.862387074837702,0-1,0-2,0-2,0-1,1.9312840933047368,1.079783799324361,23.143400123623966,-0.8515002939803757,21.21211603031923
86.31726345269054,0.9838224446225782,0.8970071234067051,0.9011681813065598,24.911738233307233,0-1,0-2,0-2,0-1,1.9280876126973496,1.0769549041074329,23.198021714534487,-0.8511327085899167,21.269934101837137
86.3372674534907,0.9859472849583499,0.8907925349452631,0.9021193611405669,24.961088879048127,0-1,0-2,0-2,0-1,1.9247834601771254,1.0741830168288333,23.25264848088409,-0.8506004433482921,21.327865020706966
86.35727145429087,0.9880483981332833,0.8843787922827525,0.9030278809114509,25.010439013814118,0-1,0-2,0-2,0-1,1.921372418468315,1.0714680789702635,23.307276614412586,-0.8499043394980514,21.38590419594427
86.37727545509102,0.9901250982092766,0.8777652144814496,0.9038934724142655,25.059788639350153,0-1,0-2,0-2,0-1,1.91785524428543,1.0688100253373378,23.361902314922965,-0.8490452189480922,21.444047070637534
86.39727945589118,0.992176717058455,0.8709511371510148,0.9047158869613862,25.109137757392443,0-1,0-2,0-2,0-1,1.9142326654906117,1.0662087844236932,23.41652179223686,-0.8480238810669185,21.50228912674625
86.41728345669134,0.9942026041325759,0.8639359187226407,0.9054948951595623,25.15848636966854,0-1,0-2,0-2,0-1,1.9105053779258867,1.0636642787605377,23.47113126810009,-0.846841099165349,21.560625890174204
86.43728745749151,0.9962021262292645,0.8567189475761271,0.9062302866978836,25.20783447789738,0-1,0-2,0-2,0-1,1.9066740418849477,1.0611764252515716,23.525726978040197,-0.8454976166333761,21.61905293615525
86.45729145829166,0.9981746672557533,0.8492996501378729,0.9069218701467626,25.25718208378932,0-1,0-2,0-2,0-1,1.9027392781853614,1.058745135493366,23.58030517317761,-0.8439941426919955,21.67756589499225
86.47729545909182,1.000119627990797,0.8416775000850127,0.9075694727680146,25.306529189046238,0-1,0-2,0-2,0-1,1.8987016637979066,1.0563703160812075,23.634862121992274,-0.8423313477166992,21.736160458194366
86.49729945989198,1.0020364258453462,0.8338520288108303,0.9081729403361023,25.35587579536154,0-1,0-2,0-2,0-1,1.8945617269852348,1.0540518689005955,23.68939411204731,-0.8405098580846393,21.794832385062076
86.51730346069215,1.0039244946225725,0.8258228373296128,0.9087321369705876,25.40522190442024,0-1,0-2,0-2,0-1,1.8903199418969678,1.0517896914044649,23.743897451671216,-0.838530250492503,21.853577509774247
86.5373074614923,1.005783284277761,0.8175896098257721,0.9092469449798274,25.454567517899015,0-1,0-2,0-2,0-1,1.8859767225629285,1.0495836768763562,23.798368471600277,-0.8363930456865722,21.912391749037347
86.55731146229246,1.0076122606785956,0.8091521290829412,0.9097172647159184,25.503912637466247,0-1,0-2,0-2,0-1,1.8815324162202063,1.047433714679669,23.852803526582434,-0.8340987015405372,21.971271110362228
86.57731546309262,1.0094109053662694,0.8005102940645693,0.9101430144409031,25.55325726478208,0-1,0-2,0-2,0-1,1.876987295903426,1.0453396904933283,23.907198996944043,-0.8316476054100976,22.030211701040617
86.59731946389279,1.0111787153178808,0.7916641399590618,0.9105241302042143,25.602601401498468,0-1,0-2,0-2,0-1,1.8723415522206404,1.0433014865340577,23.96155129012072,-0.8290400656865826,22.08920973790008
86.61732346469294,1.012915202710499,0.7826138610507138,0.91086056573134,25.651945049259258,0-1,0-2,0-2,0-1,1.8675952842300858,1.041318981765627,24.015856842153525,-0.8262763024644588,22.14826155792344
86.6373274654931,1.0146198946872964,0.7733598368336079,0.911152292323666,25.70128820970018,0-1,0-2,0-2,0-1,1.8627484893253803,1.0393920520953264,24.070112119151393,-0.8233564372300539,22.207363629826013
86.65733146629326,1.0162923331260645,0.7639026618505427,0.9113992987694516,25.75063088444896,0-1,0-2,0-2,0-1,1.8578010520291048,1.0375205705581336,24.12431361872093,-0.8202804814709712,22.266512566691823
86.67733546709343,1.0179320744104634,0.7542431798143415,0.9116015912658754,25.799973075125347,0-1,0-2,0-2,0-1,1.8527527315869055,1.0357044074888966,24.178457871364373,-0.8170483240980089,22.32570513977747
86.69733946789358,1.0195386892042766,0.744382522656131,0.9117591933520813,25.84931478334114,0-1,0-2,0-2,0-1,1.8476031482470268,1.0339434306830142,24.23254144184643,-0.8136597175640126,22.3849382935994
86.71734346869374,1.0211117622289707,0.7343221552461748,0.9118721458531462,25.898656010700275,0-1,0-2,0-2,0-1,1.8423517681036161,1.0322375055460016,24.286560930530833,-0.8101142625576145,22.444209162427217
86.7373474694939,1.022650892044784,0.7240639266495391,0.9119405068348742,25.947996758798876,0-1,0-2,0-2,0-1,1.8369978863772838,1.0305864952325177,24.34051297468698,-0.8064113911447661,22.503515088309697
86.75735147029407,1.0241556908355978,0.7136101289133432,0.9119643515693187,25.997337029225257,0-1,0-2,0-2,0-1,1.8315406090037574,1.028990260775294,24.394394249767288,-0.8025503482284633,22.56285364076353
86.77735547109422,1.0256257841977827,0.7029635645367783,0.9119437725109237,26.046676823560034,0-1,0-2,0-2,0-1,1.8259788324027202,1.027448661204568,24.448201470655416,-0.7985301711981523,22.622222638252694
86.79735947189438,1.0270608109332384,0.6921276239515727,0.9118788792831563,26.096016143376104,0-1,0-2,0-2,0-1,1.8203112213054682,1.0259615536585,24.501931392885986,-0.7943496676469681,22.68162017158052
86.81736347269454,1.028460422846776,0.6811063745410152,0.9117697986755054,26.145354990238776,0-1,0-2,0-2,0-1,1.814536184534537,1.0245287934852767,24.555580813835544,-0.7900073910492602,22.74104462930101
86.83736747349471,1.0298242845480232,0.669904662951303,0.9116166746507017,26.19469336570574,0-1,0-2,0-2,0-1,1.8086518486537821,1.0231502343374184,24.609146573885077,-0.7855016143163638,22.800494725231296
86.85737147429487,1.0311520732579877,0.6585282327001236,0.9114196683620072,26.24403127132716,0-1,0-2,0-2,0-1,1.8026560294481266,1.021825728259002,24.662625557554055,-0.7808303011891247,22.85996952810593
86.87737547509502,1.0324434786204235,0.6469838593624223,0.9111789581804081,26.29336870864573,0-1,0-2,0-2,0-1,1.7965462012536413,1.020555125766358,24.71601469460577,-0.7759910754872832,22.91946849335213
86.89737947589518,1.0336982025181023,0.6352795059078129,0.9108947397315403,26.34270567919667,0-1,0-2,0-2,0-1,1.7903194642485663,1.0193382759230267,24.769310961123832,-0.7709811883255395,22.978991496875267
86.91738347669535,1.0349159588941101,0.6234245010690936,0.9105672259421554,26.392042184507822,0-1,0-2,0-2,0-1,1.7839725099436277,1.0181750264095666,24.822511380559508,-0.7657974835340611,23.03853887061588
86.9373874774955,1.0360964735782576,0.6114297439210697,0.9101966470959288,26.441378226099673,0-1,0-2,0-2,0-1,1.777501585288475,1.0170652235889883,24.87561302474951,-0.7604363616994867,23.098111439461032
86.95739147829566,1.0372394841187,0.5993079381175981,0.9097832508983974,26.49071380548541,0-1,0-2,0-2,0-1,1.7709024560559379,1.0160087125684343,24.928613014903764,-0.7548937434875036,23.157710558847825
86.97739547909582,1.038344739618829,0.5870738594320674,0.9093273025507965,26.540048924170957,0-1,0-2,0-2,0-1,1.7641703704975933,1.0150053372579273,24.981508522562667,-0.749165033239666,23.217338152065075
86.99739947989599,1.0394120005795129,0.5747446603114118,0.9088290848325562,26.589383583655028,0-1,0-2,0-2,0-1,1.7573000247071568,1.0140549404268313,25.034296770523138,-0.7432450842803255,23.276996745815982
87.01740348069615,1.040441038746738,0.5623402149963281,0.9082888981921948,26.638717785429165,0-1,0-2,0-2,0-1,1.7502855317125965,1.013157363758811,25.086975033732834,-0.7371281679537856,23.33668950202024
87.0374074814963,1.0414316369647132,0.549883508251495,0.9077070608463379,26.688051530977795,0-1,0-2,0-2,0-1,1.7431203970771871,1.0123124479059322,25.139540640151836,-0.7308079491712549,23.396420243074648
87.05741148229646,1.0423835890344681,0.537401069708121,0.9070839088865655,26.737384821778246,0-1,0-2,0-2,0-1,1.7357975047607994,1.011520032542725,25.191990971580893,-0.7242774722180745,23.456193466820093
87.07741548309663,1.043296699577993,0.5249234539995771,0.9064197963937786,26.786717659300834,0-1,0-2,0-2,0-1,1.7283091182099477,1.010779956420845,25.244323464455533,-0.7175291617891026,23.516014346245587
87.09741948389679,1.0441707839079422,0.512485763941421,0.9057150955597484,26.83605004500886,0-1,0-2,0-2,0-1,1.7206469031337146,1.0100920574250878,25.296535610604934,-0.7105548457086268,23.57588870747122
87.11742348469694,1.0450056679029467,0.5001282095525224,0.9049701968154984,26.885381980358684,0-1,0-2,0-2,0-1,1.7128019801833922,1.009456172631361,25.34862495797493,-0.7033458075520314,23.635822977791538
87.1374274854971,1.0458011878885325,0.4878966892316138,0.9041855089661373,26.934713466799774,0-1,0-2,0-2,0-1,1.7047650177411917,1.008872138367383,25.40058911131391,-0.6958928793738086,23.695824093572718
87.15743148629727,1.046557190523683,0.4758433703369703,0.9033614593317456,26.98404450577471,0-1,0-2,0-2,0-1,1.696526377110826,1.0083397902766602,25.45242573282077,-0.6881865868341659,23.755899355709946
87.17743548709743,1.0472735326930456,0.4640272342376535,0.9024984938938875,27.033375098719258,0-1,0-2,0-2,0-1,1.688076324335192,1.0078589633864155,25.50413254275395,-0.6802173609487765,23.81605621841876
87.19743948789758,1.0479500814048008,0.45251453527598184,0.9015970774472924,27.082705247062417,0-1,0-2,0-2,0-1,1.6794053241988083,1.0074294921799591,25.555707320000426,-0.6719758320188491,23.87630199580162
87.21744348869774,1.0485867136941929,0.44137910413984727,0.9006576937562252,27.132034952226427,0-1,0-2,0-2,0-1,1.6705044320071387,1.007051210674144,25.607147902603803,-0.6634532213329947,23.936643470596664
87.23744748949791,1.04918331653273,0.43070240493361533,0.8996808457150313,27.18136421562685,0-1,0-2,0-2,0-1,1.6613657964730308,1.006723952502302,25.65845218825038,-0.6546418439707289,23.997086391777348
87.25745149029807,1.0497397867430505,0.4205732342830337,0.8986670555123103,27.23069303867258,0-1,0-2,0-2,0-1,1.6519832812020407,1.0064475510031743,25.70961813471223,-0.6455357301988665,24.057634853510187
87.27745549109822,1.050256030919459,0.4110869347455318,0.8976168647981391,27.2800214227659,0-1,0-2,0-2,0-1,1.6423532014407616,1.0062218393161306,25.7606437602464,-0.636131362124631,24.118290558805636
87.29745949189838,1.0507319653541194,0.40234399078233213,0.8965308348537313,27.329349369302506,0-1,0-2,0-2,0-1,1.6324751557676918,1.006046650483099,25.811527143949178,-0.6264285052845928,24.179051988181484
87.31746349269855,1.0511675159689082,0.39444789301005406,0.8954095467628768,27.378676879671584,0-1,0-2,0-2,0-1,1.6223529090122488,1.0059218175573854,25.86226642606466,-0.6164310914548634,24.23991351705241
87.3374674934987,1.05156261825291,0.38750220548504255,0.8942536015844745,27.428003955255804,0-1,0-2,0-2,0-1,1.6119952544892766,1.0058471737196204,25.91285980824657,-0.6061480807696562,24.300864553757293
87.35747149429886,1.051917217205555,0.3816068586402499,0.8930636205254217,27.477330597431386,0-1,0-2,0-2,0-1,1.6014167550529361,1.0058225524008526,25.96330555377272,-0.5955942026520835,24.361888798719782
87.37747549509902,1.052231267285379,0.3768538162610707,0.8918402451130861,27.526656807568138,0-1,0-2,0-2,0-1,1.5906382411493238,1.005847787412912,26.013601987711297,-0.5847904537364119,24.422963746561972
87.39747949589919,1.0525047323644,0.3733224137661993,0.8905841373665386,27.575982587029483,0-1,0-2,0-2,0-1,1.5796869399055309,1.0059227130858825,26.063747497038197,-0.5737642268196483,24.484060557132665
87.41748349669935,1.0527375856880916,0.3710748057306569,0.8892959799656824,27.625307937172508,0-1,0-2,0-2,0-1,1.5685961316236794,1.0060471644125821,26.113740530704984,-0.5625489672110973,24.545144399081305
87.4374874974995,1.0529298098409445,0.370152049613414,0.8879764764173581,27.674632859347998,0-1,0-2,0-2,0-1,1.557404282924305,1.0062209771996842,26.16357959965679,-0.5511833057246209,24.606175316732482
87.45749149829966,1.0530813967175945,0.3705713480425039,0.886626351217462,27.723957354900485,0-1,0-2,0-2,0-1,1.546153683641556,1.0064439882252194,26.21326327679983,-0.5397096954163365,24.667109593158273
87.47749549909983,1.0531923474995017,0.3723248524959105,0.8852463500080574,27.773281425168257,0-1,0-2,0-2,0-1,1.534888700910791,1.0067160354018678,26.262790196918104,-0.5281726655089232,24.727901496007313
87.49749949989999,1.0532626726371679,0.37538021165772406,0.8838372397284077,27.822605071483444,0-1,0-2,0-2,0-1,1.5236538353521585,1.0070369579455112,26.31215905653916,-0.5166168774066473,24.788505221187002
87.51750350070014,1.053292391837864,0.37968277984091264,0.8823998087588029,27.871928295171987,0-1,0-2,0-2,0-1,1.5124917994147264,1.007406596548214,26.361368613748635,-0.5050852028665125,24.84887681433391
87.5375075015003,1.053281534058857,0.385159155492204,0.8809348670559962,27.921251097553746,0-1,0-2,0-2,0-1,1.5014418265573524,1.0078247935548996,26.410417687953732,-0.49361703300245274,24.908975861396378
87.55751150230046,1.0532301375061097,0.3917215587686872,0.8794432462790072,27.97057347994249,0-1,0-2,0-2,0-1,1.49053836732233,1.0082913931426487,26.459305159595576,-0.4822469741796813,24.968766792273247
87.57751550310063,1.0531382496384367,0.3992725101586125,0.8779257999039901,28.019895443645954,0-1,0-2,0-2,0-1,1.4798102523637402,1.0088062415015357,26.508029969810757,-0.47100401086220445,25.028219717447016
87.59751950390078,1.0530059271770875,0.4077093302018164,0.8763834033268075,28.06921698996587,0-1,0-2,0-2,0-1,1.4692803252153048,1.0093691870157822,26.55659112004238,-0.4599111381995227,25.087310794827076
87.61752350470094,1.0528332361207413,0.4169281070357794,0.8748169539518826,28.118538120197993,0-1,0-2,0-2,0-1,1.4589654867488449,1.0099800804437642,26.604987671601137,-0.44898540630508066,25.146022184852292
87.6375275055011,1.0526202517658836,0.4268269288120876,0.87322737126585,28.167858835632156,0-1,0-2,0-2,0-1,1.4488770575063747,1.0106387750954666,26.653218745176932,-0.4382382824109081,25.204341687670556
87.65753150630127,1.0523670587325402,0.43730831510868584,0.8716155968944567,28.217179137552293,0-1,0-2,0-2,0-1,1.4390213530203064,1.0113451270056475,26.70128352030189,-0.42767622601465893,25.262262167281584
87.67753550710142,1.0520737509953433,0.44828088432068824,0.8699825946411064,28.266499027236467,0-1,0-2,0-2,0-1,1.4294003747657396,1.0120989951009973,26.749181234765576,-0.41730137966474223,25.319780859999838
87.69753950790158,1.0517404319198982,0.45966035710124203,0.868329350505381,28.31581850595693,0-1,0-2,0-2,0-1,1.4200125375582713,1.012900241359294,26.79691118398351,-0.40711229619897726,25.37689864642524
87.71754350870174,1.0513672143044255,0.4713700241205588,0.8666568726798076,28.36513757498013,0-1,0-2,0-2,0-1,1.4108533760166482,1.0137487309586297,26.844472720320052,-0.39710464505801846,25.433619344303406
87.73754750950191,1.0509542204266422,0.483340809270641,0.8649661915230876,28.414456235566764,0-1,0-2,0-2,0-1,1.401916193365052,1.0146443324144672,26.89186525236703,-0.38727186095058475,25.48994905900198
87.75755151030206,1.0505015820958545,0.49551104692673353,0.8632583595079419,28.463774488971794,0-1,0-2,0-2,0-1,1.3931926328499116,1.0155869177023242,26.939088244179576,-0.37760571514758734,25.545895611329666
87.77755551110222,1.0500094407102198,0.5078260720835944,0.8615344511416758,28.513092336444508,0-1,0-2,0-2,0-1,1.3846731646199861,1.0165763623636261,26.98614121447065,-0.36809680225636,25.601468049850663
87.79755951190238,1.0494779473191471,0.5202377006726298,0.8597955628575128,28.56240977922853,0-1,0-2,0-2,0-1,1.3763474893483494,1.017612545592374,27.033023735766044,-0.3587349437559755,25.656676246417696
87.81756351270255,1.0489072626907936,0.5327036573822819,0.8580428128747015,28.61172681856186,0-1,0-2,0-2,0-1,1.3682048649293164,1.0186953502999907,27.07973543352179,-0.34950951462932567,25.711530568592472
87.8375675135027,1.0482975573846145,0.5451869913755959,0.8562773410253526,28.66104345567691,0-1,0-2,0-2,0-1,1.3602343651465305,1.01982466315579,27.126275985205744,-0.3404097019907406,25.766041620059212
87.85757151430286,1.0476490118289183,0.5576555068441559,0.8545003085459285,28.71035969180053,0-1,0-2,0-2,0-1,1.3524250800794269,1.0210003746003058,27.172645119345724,-0.33142470547912106,25.820220039266296
87.87757551510302,1.0469618164033871,0.5700812251570906,0.8527128978312735,28.759675528154066,0-1,0-2,0-2,0-1,1.344766267830748,1.0222223788288836,27.218842614546226,-0.32254388900186437,25.874076346715476
87.89757951590319,1.0462361715264994,0.5824398879763167,0.8509163121490438,28.808990965953353,0-1,0-2,0-2,0-1,1.3372474663811447,1.0234905737426985,27.264868298476234,-0.3137568926384462,25.92762083209509
87.91758351670335,1.0454722877478098,0.5947105055554246,0.8491117753123825,28.858306006408764,0-1,0-2,0-2,0-1,1.3298585733234745,1.0248048608645384,27.3107220468305,-0.3050537124589361,25.980863473507025
87.9375875175035,1.0446703858450146,0.6068749509908615,0.8473005313086729,28.907620650725253,0-1,0-2,0-2,0-1,1.3225899000983694,1.0261651452165284,27.356403782266923,-0.29642475488184106,26.033813882168555
87.95759151830366,1.043830696925751,0.6189175989993914,0.845483843882198,28.95693490010239,0-1,0-2,0-2,0-1,1.3154322062613963,1.0275713351572413,27.401913473322754,-0.28786087110415504,26.08648126706136
87.97759551910383,1.0429534625340497,0.6308250064943405,0.8436629960685517,29.00624875573436,0-1,0-2,0-2,0-1,1.3083767183213446,1.0290233421754733,27.44725113331228,-0.2793533761458713,26.138874414990937
87.99759951990399,1.0420389347613772,0.6425856315487354,0.8418392896786588,29.055562218810028,0-1,0-2,0-2,0-1,1.301415136825014,1.0305210806382317,27.492416819209122,-0.2708940561867823,26.19100168238411
88.01760352070414,1.041087376362172,0.6541895870616797,0.840014044730302,29.10487529051295,0-1,0-2,0-2,0-1,1.294539634630276,1.0320644674904227,27.537410630515833,-0.2624751671398533,26.242870995885557
88.0376075215043,1.0400990608738074,0.6656284254381709,0.8381885988250903,29.154187972021422,0-1,0-2,0-2,0-1,1.2877428486991478,1.0336534219040845,27.58223270812399,-0.2540894267950633,26.294489859424843
88.05761152230447,1.0390742727408724,0.6768949507486872,0.8363643064688766,29.20350026450849,0-1,0-2,0-2,0-1,1.2810178672425325,1.0352878648749642,27.62688323316796,-0.24573000236756837,26.345865365925427
88.07761552310463,1.0380133074436795,0.6879830550825249,0.8345425383336935,29.25281216914199,0-1,0-2,0-2,0-1,1.2743582136435652,1.0369677187646,27.6713624258753,-0.23739049487896513,26.397004212231735
88.09761952390478,1.036916471630884,0.6988875761007055,0.8327246804593814,29.302123687084592,0-1,0-2,0-2,0-1,1.267757828261642,1.0386929067861377,27.715670544417268,-0.22906492147550428,26.447912716155628
88.11762352470494,1.0357840832561078,0.7096041730996617,0.8309121333931828,29.351434819493804,0-1,0-2,0-2,0-1,1.2612110489608592,1.0404633524325624,27.759807883762527,-0.22074769652829684,26.498596834801667
88.13762752550511,1.0346164717184334,0.7201292191967656,0.8291063112657086,29.400745567522023,0-1,0-2,0-2,0-1,1.2547125910020829,1.0422789788461102,27.803774774537455,-0.21243361215597267,26.549062183535373
88.15763152630527,1.0334139780066443,0.7304597075318839,0.827308640801831,29.450055932316538,0-1,0-2,0-2,0-1,1.2482575267772869,1.044139708128094,27.847571581896418,-0.20411781864919276,26.59931405511913
88.17763552710542,1.0321769548470519,0.7405931696396133,0.8255205602652184,29.499365915019606,0-1,0-2,0-2,0-1,1.2418412657391142,1.0460454605885476,27.891198704405266,-0.1957958051505666,26.64935743866615
88.19763952790558,1.030905766854772,0.750527604382153,0.823743518335418,29.54867551676842,0-1,0-2,0-2,0-1,1.2354595347811066,1.0479961539356755,27.934656572941552,-0.18746338084543113,26.699197038160445
88.21764352870575,1.029600790688271,0.7602614160426084,0.8219789729166014,29.5979847386952,0-1,0-2,0-2,0-1,1.2291083592483936,1.0499917024052625,27.977945649614803,-0.17911665684313105,26.74883729036641
88.2376475295059,1.0282624152070086,0.7697933603638197,0.820228389877313,29.647293581927183,0-1,0-2,0-2,0-1,1.2227840447007248,1.0520320158307777,28.02106642671018,-0.17075202886994711,26.798282382009457
88.25765153030606,1.0268910416319812,0.7791224974803165,0.8184932417208182,29.696602047586648,0-1,0-2,0-2,0-1,1.2164831595053325,1.054116998655172,28.06401942565892,-0.16236616085016053,26.847536266153586
88.27765553110622,1.0254870837089682,0.7882481508327291,0.8167750061859146,29.74591013679098,0-1,0-2,0-2,0-1,1.210202518303757,1.0562465488860302,28.106805196038966,-0.15395596941772682,26.89660267773521
88.29765953190639,1.0240509678742518,0.7971698712771202,0.8150751647783718,29.795217850652655,0-1,0-2,0-2,0-1,1.2039391663714947,1.0584205569959853,28.149424314609004,-0.14551860937550942,26.94548514823751
88.31766353270655,1.0225831334225848,0.8058874057083696,0.8133952012334718,29.8445251902793,0-1,0-2,0-2,0-1,1.1976903648708876,1.060638904770952,28.191877384379218,-0.13705146009993574,26.99418701950833
88.3376675335067,1.0210840326771415,0.8144006696089404,0.8117365999104652,29.893832156773698,0-1,0-2,0-2,0-1,1.1914535769840324,1.0629014641090389,28.234165033722,-0.12855211287499357,27.04271145673797
88.35767153430686,1.019554131161201,0.8227097230139453,0.8101008441201137,29.94313875123385,0-1,0-2,0-2,0-1,1.1852264549030749,1.0652080957737216,28.27628791552583,-0.12001835912935332,27.091061460622758
88.37767553510703,1.017993907771257,0.8308147494520539,0.8084894143868606,29.992444974752956,0-1,0-2,0-2,0-1,1.1790068276484906,1.0675586481051118,28.318246706395364,-0.11144817954337882,27.139239878746874
88.39767953590719,1.016403854951267,0.8387160374809358,0.8069037866475638,30.041750828419477,0-1,0-2,0-2,0-1,1.172792689681793,1.0699529556938208,28.36004210590087,-0.1028397339879723,27.18724941621908
88.41768353670734,1.0147844788676965,0.8464139644869003,0.8053454303891395,30.091056313317143,0-1,0-2,0-2,0-1,1.1665821902764295,1.0723908380222182,28.40167483587992,-0.09419135225421127,27.23509264560349
88.4376875375075,1.0131362995850264,0.8539089824623157,0.8038158067278728,30.140361430524983,0-1,0-2,0-2,0-1,1.1603736236095499,1.074872098078566,28.44314563979432,-0.08550152553098389,27.28277201618477
88.45769153830767,1.011459851241348,0.8612016055122532,0.8023163664335955,30.18966618111738,0-1,0-2,0-2,0-1,1.1541654195368996,1.0773965209497334,28.48445528214498,-0.07676889858716618,27.330289862608083
88.47769553910783,1.00975568222366,0.868292398874451,0.8008485479023649,30.238970566164053,0-1,0-2,0-2,0-1,1.1479561350136602,1.0799638723987857,28.525604547947577,-0.06799226261487457,27.377648412933915
88.49769953990798,1.0080243553424353,0.8751819692648695,0.7994137750817223,30.288274586730108,0-1,0-2,0-2,0-1,1.141744446124883,1.0825738974339623,28.56659424227147,-0.059170548690920644,27.42484979614659
88.51770354070814,1.0062664480050427,0.8818709563854444,0.7980134553530599,30.33757824387606,0-1,0-2,0-2,0-1,1.1355291406906693,1.0852263188761389,28.607425189844548,-0.050302821814530496,27.47189604915388
88.53770754150831,1.0044825523875347,0.8883600254516651,0.7966489773760703,30.386881538657857,0-1,0-2,0-2,0-1,1.1293091114126175,1.0879208359319577,28.64809823472625,-0.04138827548065982,27.51878912331363
88.55771154230847,1.002673275604323,0.8946498606158092,0.7953217089006897,30.436184472126914,0-1,0-2,0-2,0-1,1.123083349529915,1.0906571227802795,28.688614240051184,-0.03242622674963558,27.56553089052127
88.57771554310862,1.0008392398752015,0.9007411591774036,0.7940329945523783,30.485487045330128,0-1,0-2,0-2,0-1,1.1168509389551062,1.0934348271796408,28.728974087845344,-0.02341611177546543,27.612123148890237
88.59771954390878,0.9989810826891904,0.9066346264861475,0.7927841535970024,30.534789259309893,0-1,0-2,0-2,0-1,1.1106110508615892,1.096253569104828,28.769178678917125,-0.014357481756761103,27.658567628055536
88.61772354470895,0.9970994569645967,0.9123309714543716,0.7915764776919737,30.584091115104172,0-1,0-2,0-2,0-1,1.1043629386965292,1.0991129394205585,28.80922893282483,-0.005249999275970696,27.7048659941283
88.63772754550911,0.9951950312046995,0.9178309026064059,0.7904112286306794,30.633392613746455,0-1,0-2,0-2,0-1,1.0981059335948309,1.1020124986005186,28.84912578792261,0.0039065650056877566,27.75101985432778
88.65773154630926,0.9932684896483909,0.9231351246011702,0.7892896360875886,30.68269375626585,0-1,0-2,0-2,0-1,1.0918394401714073,1.1049517754998226,28.888870201486256,0.01311233532841527,27.797030761314847
88.67773554710942,0.9913205324151232,0.9282443351721035,0.7882128953717339,30.731994543687048,0-1,0-2,0-2,0-1,1.0855629326708867,1.1079302661891335,28.92846314992043,0.022367333518246824,27.842900217249543
88.69773954790959,0.98935187564343,0.9331592224353291,0.7871821651965389,30.7812949770304,0-1,0-2,0-2,0-1,1.0792759514553212,1.1109474328583422,28.96790562904852,0.03167148140302101,27.888629677593197
88.71774354870975,0.9873632516222922,0.9378804625228883,0.7861985654742158,30.83059505731189,0-1,0-2,0-2,0-1,1.0729780998121752,1.1140027027976773,29.007198654486285,0.041024602985502145,27.93422055467411
88.7377475495099,0.9853554089145453,0.9424087175030478,0.7852631751431327,30.879894785543208,0-1,0-2,0-2,0-1,1.066669041066195,1.117095467463707,29.046343262100205,0.05042642639751205,27.97967422103401
88.75775155031006,0.983329112471541,0.9467446335542176,0.7843770300367054,30.929194162731747,0-1,0-2,0-2,0-1,1.060348495980399,1.1202250816375925,29.085340508551337,0.05987658565719345,28.024992012570937
88.77775555111023,0.9812851437381863,0.9508888393629831,0.7835411208024533,30.978493189880634,0-1,0-2,0-2,0-1,1.0540162404325417,1.12339086268235,29.124191471925208,0.0693746222498084,28.070175231492666
88.79775955191039,0.97922430074749,0.954841944720237,0.782756390879889,31.027791867988743,0-1,0-2,0-2,0-1,1.0476721033548624,1.126592089905617,29.162897252448197,0.0789199865507546,28.115225149093334
88.81776355271055,0.9771473982036644,0.9586045392924443,0.7820237345458965,31.07709019805074,0-1,0-2,0-2,0-1,1.0413159649259802,1.1298280040337367,29.201458973290475,0.08851203910775651,28.160143008364493
88.8377675535107,0.9750552675528521,0.9621771915477664,0.7813439950361519,31.126388181057084,0-1,0-2,0-2,0-1,1.0349477550051593,1.1330978068026627,29.239877781455654,0.09815005179750336,28.204930026450494
88.85777155431087,0.972948757040451,0.9655604478191322,0.7807179627510057,31.17568581799406,0-1,0-2,0-2,0-1,1.0285674518000778,1.1364006606703343,29.278154848756717,0.10783320887025649,28.24958739695664
88.87777555511103,0.9708287317540211,0.968754831488427,0.7801463735540173,31.2249831098438,0-1,0-2,0-2,0-1,1.0221750807604415,1.139735688654724,29.316291372877973,0.11756060789428258,28.294116292117533
88.89777955591119,0.9686960736506746,0.9717608422778147,0.7796299071710705,31.27428005758433,0-1,0-2,0-2,0-1,1.0157707136906393,1.1431019743008821,29.35428857852212,0.1273312606102428,28.33851786483148
88.91778355671134,0.9665516815678747,0.9745789556358322,0.7791691856976454,31.323576662189538,0-1,0-2,0-2,0-1,1.0093544680758346,1.1464985617798136,29.392147718641713,0.13714409370397895,28.38279325056588
88.93778755751151,0.9643964712164712,0.9772096222073421,0.7787647722214265,31.37287292462925,0-1,0-2,0-2,0-1,1.0029265066166064,1.1499244561210475,29.429870075753676,0.14699794950444112,28.42694356913707
88.95779155831167,0.9622313751548205,0.9796532673777074,0.7784171695669622,31.42216884586922,0-1,0-2,0-2,0-1,0.9964870369683437,1.1533786235801746,29.46745696333559,0.1568915866118309,28.470969926367246
88.97779555911183,0.960057342742754,0.9819102908826904,0.7781268191685694,31.47146442687118,0-1,0-2,0-2,0-1,0.9900363116823189,1.1568599921416647,29.50490972730186,0.1668236804593458,28.514873415619544
88.99779955991198,0.9578753400741905,0.9839810664765968,0.7778941000771059,31.520759668592834,0-1,0-2,0-2,0-1,0.9835746283464623,1.1603674521567293,29.542229747558,0.17679282381026706,28.558655119211537
89.01780356071215,0.9556863498870999,0.9858659416520921,0.7777193281056057,31.570054571987892,0-1,0-2,0-2,0-1,0.9771023299244991,1.1638998571149812,29.57941843963057,0.18679752719048215,28.60231610970607
89.03780756151231,0.9534913714495495,0.987565237405932,0.7776027551181093,31.619349138006093,0-1,0-2,0-2,0-1,0.9706198052931371,1.1674560245480499,29.61647725637044,0.1968362192549128,28.645857451077305
89.05781156231247,0.9512914204204892,0.9890792480455836,0.7775445684653094,31.66864336759324,0-1,0-2,0-2,0-1,0.9641274899776578,1.1710347370623804,29.653407689726265,0.20690724708472252,28.68928019974861
89.07781556311262,0.9490875286839804,0.9904082410323731,0.777544890569898,31.717937261691187,0-1,0-2,0-2,0-1,0.9576258670873544,1.1746347434979552,29.690211272585152,0.21700887641060074,28.732585405497797
89.0978195639128,0.9468807441554876,0.9915524568574059,0.7776037786637278,31.767230821237884,0-1,0-2,0-2,0-1,0.9511154684528587,1.178254760208729,29.72688958067706,0.22713929175587033,28.7757741122242
89.11782356471295,0.9446721305589005,0.9925121089470432,0.7777212246781233,31.816524047167405,0-1,0-2,0-2,0-1,0.944596875968462,1.1818934724601133,29.763444234538994,0.23729659649165136,28.818847358570533
89.1378275655131,0.9424627671728865,0.9932873835952365,0.777897155287872,31.865816940409953,0-1,0-2,0-2,0-1,0.9380707231431954,1.185549535938025,29.799876901534827,0.24747881279482964,28.86180617839163
89.15783156631326,0.9402537485452408,0.9938784399204799,0.7781314321086297,31.91510950189189,0-1,0-2,0-2,0-1,0.9315376968655735,1.1892215783637017,29.83618929792633,0.25768388149812815,28.90465160106076
89.17783556711343,0.9380461841738436,0.9942854098455833,0.7784238520466689,31.964401732535748,0-1,0-2,0-2,0-1,0.9249985393875608,1.192908201207715,29.87238319099043,0.2679096618201542,28.947384651602867
89.19783956791359,0.935841198152887,0.9945083980988777,0.7787741477991124,32.01369363326027,0-1,0-2,0-2,0-1,0.9184540505344294,1.1966079814963495,29.90846040117754,0.2781539309619201,28.99000635064311
89.21784356871375,0.9336399287830075,0.9945474822358555,0.7791819885020234,32.062985204980386,0-1,0-2,0-2,0-1,0.9119050901479303,1.2003194737029292,29.94442280430522,0.28841438355499893,29.03251771415729
89.2378475695139,0.9314435281440417,0.9944027126806313,0.7796469805229697,32.112276448607325,0-1,0-2,0-2,0-1,0.905352580771423,1.2040412117165562,29.98027233378134,0.2986886309451332,29.074919753009915
89.25785157031407,0.9292531616290931,0.994074112786966,0.7801686683939683,32.161567365048505,0-1,0-2,0-2,0-1,0.8987975105863505,1.2077717108802322,30.016010982850243,0.3089742002938817,29.11721347226389
89.27785557111423,0.9270700074386853,0.9935616789189705,0.7807465358800341,32.21085795520767,0-1,0-2,0-2,0-1,0.892240936610681,1.2115094700902787,30.051640806855257,0.3192685334795976,29.159399870244577
89.29785957191439,0.9248952560337779,0.9928653805519584,0.7813800071779193,32.26014821998485,0-1,0-2,0-2,0-1,0.8856839881707845,1.2152529739486528,30.087163925510247,0.3295689857778683,29.201479937339464
89.31786357271454,0.9227301095465379,0.991985160394289,0.782068448239042,32.30943816027639,0-1,0-2,0-2,0-1,0.8791278706595627,1.2190006949598804,30.12258252517297,0.33987282430031773,29.243454654513407
89.33786757351471,0.9205757811477642,0.990920934531414,0.782811168210066,32.35872777697498,0-1,0-2,0-2,0-1,0.8725738695945074,1.222751095764071,30.157898861112045,0.3501772261695636,29.285324991517538
89.35787157431487,0.9184334943699898,0.9896725925937302,0.7836074209841142,32.40801707096966,0-1,0-2,0-2,0-1,0.8660233549907049,1.226502631397676,30.19311525975945,0.36047927640697097,29.327091904768743
89.37787557511503,0.9163044823853264,0.9882399979502476,0.7844564068551758,32.45730604314587,0-1,0-2,0-2,0-1,0.8594777860647652,1.23025375157354,30.22823412093975,0.3707759655087749,29.368756334874984
89.39787957591518,0.9141899872372687,0.9866229879305162,0.7853572742679089,32.506594694385406,0-1,0-2,0-2,0-1,0.8529387162870958,1.234002902972167,30.26325792006724,0.38106418668507125,29.410319203780144
89.41788357671534,0.9120912590257373,0.984821374077707,0.7863091216547438,32.55588302556652,0-1,0-2,0-2,0-1,0.8464077988008818,1.2377485315360401,30.29818921030152,0.39134073273515835,29.451781411500637
89.43788757751551,0.910009555044782,0.9828349424362511,0.7873109993519608,32.60517103756388,0-1,0-2,0-2,0-1,0.8398867922274736,1.2414890847592053,30.333030624651812,0.40160229253173163,29.493143832424337
89.45789157831567,0.9079461388725095,0.9806634538779667,0.7883619115862442,32.65445873124863,0-1,0-2,0-2,0-1,0.8333775668790555,1.2452230139645446,30.36778487802015,0.4118454470854891,29.534407311141095
89.47789557911582,0.9059022794129075,0.9783066444711978,0.7894608185231103,32.70374610748835,0-1,0-2,0-2,0-1,0.8268821114004984,1.2489487765613383,30.402454769173012,0.4220666651608399,29.575572657772515
89.49789957991598,0.903879249889449,0.9757642258981336,0.7906066383685648,32.75303316714714,0-1,0-2,0-2,0-1,0.8204025398636481,1.2526648382762309,30.437043182631022,0.4322622984125828,29.616640642767376
89.51790358071615,0.9018783267904761,0.9730358859261837,0.7917982495153555,32.802319911085625,0-1,0-2,0-2,0-1,0.8139410993380977,1.2563696753508236,30.47155309046585,0.4424285760127259,29.65761199112775
89.53790758151631,0.8999007887665855,0.9701212889400787,0.7930344927252607,32.85160634016092,0-1,0-2,0-2,0-1,0.8075001779636368,1.2600617766996285,30.505987553993336,0.45256159873599167,29.6984873760297
89.55791158231646,0.8979479154803864,0.9670200765422344,0.7943141733389829,32.9008924552267,0-1,0-2,0-2,0-1,0.8010823135501955,1.2637396460223127,30.540349725351767,0.46265733247211716,29.73926741180157
89.57791558311662,0.8960209864092598,0.9637318682299006,0.7956360635053857,32.950178257133246,0-1,0-2,0-2,0-1,0.7946902027320061,1.2674018038647468,30.57464284895407,0.4727116011327407,29.779952646222064
89.59791958391679,0.894121279601912,0.9602562621586983,0.7969989044220434,32.999463746727365,0-1,0-2,0-2,0-1,0.7883267107028878,1.2710467896235211,30.608870262802498,0.4827200789206333,29.82054355209961
89.61792358471695,0.8922500703897758,0.9565928360033803,0.7984014085793323,33.04874892485251,0-1,0-2,0-2,0-1,0.7819948815599264,1.2746731634891433,30.643035399654664,0.4926782819292169,29.86104051809474
89.6379275855171,0.8904086300545104,0.9527411479280137,0.7998422620005978,33.09803379234873,0-1,0-2,0-2,0-1,0.7756979492824365,1.2782795083233156,30.677141788029346,0.5025815590408791,29.90144383874691
89.65793158631726,0.8885982244531444,0.9487007376793322,0.8013201264712675,33.14731835005272,0-1,0-2,0-2,0-1,0.7694393493727886,1.2818644314663028,30.71119305304111,0.5124250820935142,29.941753703668322
89.67793558711743,0.8868201126026036,0.9444711278187422,0.8028336417501457,33.19660259879783,0-1,0-2,0-2,0-1,0.7632227311843186,1.2854265664705107,30.74519291705251,0.5222038352861921,29.981970185868192
89.69793958791759,0.8850755452256612,0.9400518251104306,0.8043814277565153,33.24588653941409,0-1,0-2,0-2,0-1,0.7570519709600756,1.2889645747569365,30.779145200133122,0.5319126037968609,30.022093229173045
89.71794358871774,0.8833657632605751,0.9354423220852365,0.80596208672708,33.29517017272821,0-1,0-2,0-2,0-1,0.7509311856035553,1.2924771471913064,30.813053820314604,0.541545961587751,30.06212263471105
89.7379475895179,0.8816919963369798,0.9306420988024666,0.8075742053372039,33.34445349956361,0-1,0-2,0-2,0-1,0.7448647471996004,1.295963005577265,30.84692279363194,0.5510982583776647,30.10205804643234
89.75795159031807,0.8800554612208321,0.9256506248346665,0.8092163567813451,33.393736520740454,0-1,0-2,0-2,0-1,0.7388572982991652,1.2994209040640787,30.880756233940716,0.5605636057649135,30.14189893564155
89.77795559111823,0.8784573602315006,0.9204673615035985,0.810887102808014,33.44301923707562,0-1,0-2,0-2,0-1,0.7329137679764958,1.3028496304667714,30.914558352501317,0.5699358624902756,30.181644584524822
89.79795959191839,0.8768988796343243,0.9150917643993343,0.8125849957050373,33.49230164938276,0-1,0-2,0-2,0-1,0.7270393886603849,1.3062480074967375,30.948333457321265,0.5792086188363527,30.22129406866088
89.81796359271854,0.8753811880122674,0.9095232862185403,0.8143085802313494,33.54158375847232,0-1,0-2,0-2,0-1,0.7212397137332558,1.3096148939013623,30.98208595224765,0.5883751801681065,30.260846238514397
89.83796759351871,0.8739054346205105,0.9037613799627846,0.8160563954919718,33.590865565151496,0-1,0-2,0-2,0-1,0.7155206358816714,1.3129491855112185,31.015820335802264,0.5974285496295472,30.300299699920593
89.85797159431887,0.8724727477280891,0.8978055025430947,0.8178269767532742,33.64014707022434,0-1,0-2,0-2,0-1,0.7098884061702603,1.316249816193833,31.049541199753087,0.6063614100235727,30.339652793582825
89.87797559511903,0.871084232950905,0.8916551188431764,0.8196188571960311,33.6894282744917,0-1,0-2,0-2,0-1,0.704349653796898,1.319515758713064,31.083253227416083,0.615166104916166,30.378903573619187
89.89797959591918,0.8697409715806832,0.8853097063007522,0.8214305696041985,33.738709178751286,0-1,0-2,0-2,0-1,0.6989114064709272,1.322746025493602,31.116961191683124,0.6238346190226749,30.418049785212197
89.91798359671935,0.8684440189146261,0.8787687600745352,0.8232606479877262,33.787989783797656,0-1,0-2,0-2,0-1,0.6935811113370478,1.3259396692900813,31.150669952771977,0.6323585579530335,30.45708884143493
89.93798759751951,0.8671944025907224,0.8720317988735932,0.8251076291381043,33.83727009042224,0-1,0-2,0-2,0-1,0.6883666563460313,1.329095783760685,31.184384455695987,0.6407291274146536,30.496017799349957
89.95799159831967,0.8659931209338185,0.8650983715364222,0.8269700541156942,33.88655009941336,0-1,0-2,0-2,0-1,0.6832763919485829,1.3322135039451473,31.218109727451846,0.6489371119965643,30.534833335503265
89.97799559911982,0.864841141317728,0.8579680644591815,0.8288464696682472,33.935829811556275,0-1,0-2,0-2,0-1,0.6783191529612242,1.3352920066474963,31.251850873925548,0.656972853686272,30.573531720964326
89.99799959991999,0.8637393985487504,0.8506405099864617,0.8307354295803163,33.98510922763312,0-1,0-2,0-2,0-1,0.6735042804219222,1.3383305107238301,31.285613076517183,0.6648262303019079,30.61210879609526
90.01800360072015,0.8626887932760802,0.8431153958939526,0.8326354959535875,34.03438834842302,0-1,0-2,0-2,0-1,0.6688416432193659,1.3413282772758157,31.31940158848728,0.6724866340564498,30.650559945267915
90.0380076015203,0.8616901904346349,0.835392476110767,0.8345452404184148,34.083667174702015,0-1,0-2,0-2,0-1,0.6643416592424846,1.3442846097505872,31.353221731028103,0.6799429505081026,30.68888007178562
90.05801160232046,0.860744417725885,0.8274715828503365,0.8364632452771137,34.13294570724313,0-1,0-2,0-2,0-1,0.6600153157571562,1.347198853948169,31.387078889065155,0.6871835381910127,30.727063573307998
90.07801560312063,0.8598522641422462,0.8193526403431679,0.8383881045797967,34.18222394681639,0-1,0-2,0-2,0-1,0.6558741886743807,1.3500703979374922,31.420978506795173,0.6941962092631114,30.76510431812079
90.09801960392079,0.8590144785405839,0.8110356803928026,0.8403184251337488,34.23150189418881,0-1,0-2,0-2,0-1,0.6519304603300723,1.352898671882464,31.454926082968566,0.7009682115523918,30.802995622638495
90.11802360472095,0.8582317682702868,0.8025208600086827,0.8422528274475348,34.28077955012442,0-1,0-2,0-2,0-1,0.6481969353508227,1.3556831477795452,31.48892716592525,0.7074862124287226,30.84073023057443
90.1380276055211,0.8575047978612954,0.7938084814068993,0.844189946611203,34.33005691538429,0-1,0-2,0-2,0-1,0.6446870541343164,1.3584233391087392,31.52298734839476,0.7137362849744229,30.878300294260445
90.15803160632127,0.8568341877773066,0.7848990147127777,0.8461284331140989,34.379333990726536,0-1,0-2,0-2,0-1,0.6414149034274927,1.3611188003998482,31.55711226207225,0.7197038969723555,30.915697358644756
90.17803560712143,0.8562205132392174,0.7757931237487833,0.8480669536019413,34.42861077690633,0-1,0-2,0-2,0-1,0.6383952234423124,1.3637691267162366,31.591307571983766,0.7253739032739243,30.952912348541453
90.19803960792159,0.8556643031236534,0.7664916953482716,0.8500041915749218,34.477887274675936,0-1,0-2,0-2,0-1,0.6356434109083486,1.3663739530583574,31.62557897065507,0.7307305421500088,30.989935559746723
90.21804360872174,0.8551660389411956,0.7569958727012503,0.8519388480286947,34.527163484784694,0-1,0-2,0-2,0-1,0.6331755174255533,1.368932953689727,31.659932172099857,0.7357574362641737,31.026756654674305
90.23804760952191,0.854726153898631,0.7473070933137619,0.8538696420401931,34.576439407979066,0-1,0-2,0-2,0-1,0.6310082424494018,1.3714458413879997,31.694372905643903,0.740437598938598,31.063364663194502
90.25805161032207,0.8543450320492528,0.7374271322490255,0.8557953113002879,34.62571504500263,0-1,0-2,0-2,0-1,0.6291589202159399,1.3739123666241593,31.728906909603232,0.7447534464082194,31.099747989387293
90.27805561112223,0.8540230075348892,0.7273581514174737,0.8577146125953432,34.6749903965961,0-1,0-2,0-2,0-1,0.6276454998951717,1.3763323166728616,31.763539924834586,0.7486868167776899,31.135894424939416
90.29805961192238,0.8537603639229847,0.7171027557956733,0.8596263222397684,34.72426546349735,0-1,0-2,0-2,0-1,0.626486518247871,1.3787055146573688,31.798277688178302,0.7522189964094977,31.171791169930433
90.31806361272255,0.8535573336416536,0.7066640575821875,0.8615292364616889,34.773540246441414,0-1,0-2,0-2,0-1,0.6257010640501697,1.3810318185324626,31.83312592581359,0.7553307544822929,31.20742486176342
90.33806761352271,0.8534140975152193,0.6960457494428759,0.86342217174387,34.8228147461605,0-1,0-2,0-2,0-1,0.6253087335395757,1.383311120009069,31.86809034654717,0.7580023864694934,31.242781613007594
90.35807161432287,0.8533307844023126,0.6852521881596916,0.865303965122035,34.87208896338403,0-1,0-2,0-2,0-1,0.6253295761188763,1.385543343424303,31.903176635056894,0.7602137673054267,31.27784705893802
90.37807561512302,0.8533074709381545,0.6742884901758378,0.8671734744427074,34.92136289883861,0-1,0-2,0-2,0-1,0.6257840295236031,1.3877284445610134,31.93839044511186,0.7619444150374103,31.312606415588256
90.3980796159232,0.853344181382186,0.6631606407250787,0.8690295785826965,34.970636553248085,0-1,0-2,0-2,0-1,0.6266928436027651,1.3898664094208133,31.973737392791325,0.7631735658180482,31.34704454918856
90.41808361672335,0.853440887571727,0.651875618441233,0.8708711776323194,35.01990992733353,0-1,0-2,0-2,0-1,0.6280769917689941,1.3919572529548656,32.00922304972437,0.7638802611858715,31.381146057955377
90.43808761752351,0.8535975089818786,0.640441537559771,0.8726971930444247,35.069183021813295,0-1,0-2,0-2,0-1,0.6299575690260514,1.3940010177566224,32.044852936372365,0.7640434487305711,31.414895367346315
90.45809161832366,0.8538139128913925,0.6288678100373325,0.8745065677512469,35.11845583740294,0-1,0-2,0-2,0-1,0.6323556752611521,1.3959977727210207,32.0806325153763,0.7636420974598686,31.44827684011515
90.47809561912383,0.8540899146537588,0.6171653301112857,0.8762982662510782,35.167728374815354,0-1,0-2,0-2,0-1,0.6352922821755872,1.3979476116744658,32.11656718499042,0.7626553294988786,31.481274902814835
90.49809961992399,0.8544252780722877,0.6053466839760676,0.8780712746667034,35.2170006347607,0-1,0-2,0-2,0-1,0.6387880818003188,1.3998506519801674,32.15266227262337,0.7610625701798487,31.51387419082305
90.51810362072415,0.8548197158775039,0.5934263873301117,0.8798246007774863,35.26627261794644,0-1,0-2,0-2,0-1,0.6428633139842269,1.4017070331232164,32.18892302850732,0.7588437191389895,31.546059714523093
90.5381076215243,0.8552728903047138,0.5814211534942871,0.8815572740269513,35.31554432507737,0-1,0-2,0-2,0-1,0.6475375695393082,1.4035169152800364,32.225354619515116,0.7559793457407282,31.577817049975806
90.55811162232447,0.8557844137691827,0.5693501945455154,0.8832683455076459,35.36481575685561,0-1,0-2,0-2,0-1,0.65282956487525,1.4052804778765844,32.261962123144286,0.7524509130013344,31.609132558269035
90.57811562312463,0.8563538496359419,0.5572355573438194,0.884956887925009,35.41408691398062,0-1,0-2,0-2,0-1,0.6587568829703969,1.4069979181398136,32.29875052168616,0.7482410351694166,31.63999363871576
90.59811962392479,0.8569807130808599,0.5451024953163003,0.8866219955419197,35.46335779714923,0-1,0-2,0-2,0-1,0.665335674446806,1.4086694496466674,32.33572469659712,0.7433337751998614,31.670389022150314
90.61812362472494,0.857664472039244,0.5329798752101149,0.8882627841055278,35.51262840705564,0-1,0-2,0-2,0-1,0.6725803114250121,1.4102953008750192,32.37288942308803,0.7377149894500071,31.70030911166302
90.63812762552512,0.8584045482379102,0.5209006154978688,0.8898783907579244,35.56189874439142,0-1,0-2,0-2,0-1,0.6805029858659188,1.4118757137606366,32.41024936494654,0.7313727278947177,31.72974637908062
90.65813162632527,0.8592003183063484,0.5089021494165444,0.8914679739321324,35.611168809845566,0-1,0-2,0-2,0-1,0.6891132434809949,1.4134109422643042,32.44780906960583,0.7242976987833093,31.758695826124836
90.67813562712543,0.8600511149623479,0.4970269004011298,0.893030713234849,35.660438604104456,0-1,0-2,0-2,0-1,0.6984174443297871,1.4149012509529153,32.485572963472,0.7164838066231282,31.787155519142214
90.69813962792558,0.8609562282671961,0.48532275057327007,0.8945658093173031,35.709708127851925,0-1,0-2,0-2,0-1,0.7084181423824535,1.4163469135984126,32.52354534752079,0.7079287712159591,31.815127205138335
90.71814362872576,0.8619149069453714,0.47384347364393803,0.8960724837355374,35.7589773817692,0-1,0-2,0-2,0-1,0.7191133792133465,1.4177482117980504,32.56173039317327,0.6986348325847039,31.842617013959924
90.73814762952591,0.8629263597634734,0.4626490919271641,0.897549978801358,35.808246366534995,0-1,0-2,0-2,0-1,0.7304958923736425,1.4191054336194409,32.60013213845823,0.6886095412457983,31.869636246084585
90.75815163032607,0.8639897569630149,0.45180610332779575,0.898997557425146,35.85751508282546,0-1,0-2,0-2,0-1,0.742552247736215,1.4204188722734632,32.63875448446802,0.6778666245372482,31.89620223673181
90.77815563112622,0.8651042317415801,0.4413875089736045,0.9004145029516576,35.906783531314254,0-1,0-2,0-2,0-1,0.7552619180643544,1.4216888248181256,32.677601192112796,0.6664269067537713,31.92233927404844
90.7981596319264,0.8662688817768133,0.43147255740318846,0.9018001189898937,35.95605171267248,0-1,0-2,0-2,0-1,0.7685963477985229,1.4229155908960216,32.71667587917692,0.6543192430974987,31.948079531378397
90.81816363272655,0.8674827707876569,0.42214611003649805,0.903153729238059,36.005319627568774,0-1,0-2,0-2,0-1,0.7825180664536121,1.424099471507961,32.755982017679806,0.6415814050543488,31.973463951226194
90.83816763352671,0.8687449301272825,0.41349752976679305,0.9044746773045818,36.054587276669274,0-1,0-2,0-2,0-1,0.7969799386486031,1.4252407678249512,32.795522931541974,0.6282608291763482,31.99854299289337
90.85817163432687,0.8700543604021684,0.40561900605636836,0.9057623265261118,36.10385466063761,0-1,0-2,0-2,0-1,0.8119246642625475,1.4263397800406745,32.8353017945561,0.614415115778127,32.023377130293554
90.87817563512704,0.8714100331118724,0.3986032625063664,0.9070160597833689,36.15312178013501,0-1,0-2,0-2,0-1,0.827284661673093,1.4273968062661513,32.87532162866106,0.6001121445930583,32.04803696698797
90.89817963592719,0.8728108923041207,0.3925406515694673,0.9082352793156615,36.20238863582019,0-1,0-2,0-2,0-1,0.8429824722984516,1.428412141468199,32.9155853025163,0.5854296691697474,32.072602830217846
90.91818363672735,0.8742558562399875,0.38751572628979003,0.9094194065348572,36.25165522834948,0-1,0-2,0-2,0-1,0.8589318065103405,1.4293860764528918,32.95609553037215,0.5704542699425513,32.09716372386181
90.9381876375275,0.8757438190640443,0.3836034829559062,0.9105678818395317,36.30092155837672,0-1,0-2,0-2,0-1,0.8750393020314204,1.4303188968951885,32.99685487123115,0.5552795948637681,32.12181556919973
90.95819163832768,0.8772736524745712,0.3808655733110874,0.9116801644299967,36.35018762655338,0-1,0-2,0-2,0-1,0.8912069847586633,1.431210882415465,33.037865728293895,0.5400038976568017,32.146658743535234
90.97819563912783,0.8788442073890803,0.3793468635947185,0.9127557321248492,36.399453433528514,0-1,0-2,0-2,0-1,0.9073353170762711,1.432062305703608,33.07913034868237,0.5247269886273368,32.171795031606095
90.99819963992799,0.8804543156006367,0.3790727411043428,0.9137940811796643,36.448718979948794,0-1,0-2,0-2,0-1,0.9233266099265581,1.4328734316909442,33.120650823432804,0.509546821764386,32.19732421350625
91.01820364072815,0.8821027914206533,0.38004751686297,0.914794726108401,36.49798426645849,0-1,0-2,0-2,0-1,0.9390884896935027,1.4336445167702876,33.16242908774903,0.4945560270767849,32.22334059805553
91.03820764152832,0.8837884333041036,0.38225414479156045,0.9157571995080711,36.5472492936995,0-1,0-2,0-2,0-1,0.9545370757985331,1.4343758080639513,33.204466921507056,0.4798387322654182,32.24992984570852
91.05821164232847,0.885510025453317,0.3856552973836402,0.9166810518871753,36.596514062311385,0-1,0-2,0-2,0-1,0.9695995544917215,1.4350675427395636,33.24676595000056,0.4654679882478421,32.277166395508836
91.07821564312863,0.8872663393968039,0.39019564766807796,0.9175658514983869,36.64577857293135,0-1,0-2,0-2,0-1,0.9842159241935303,1.4357199473731646,33.28932764491683,0.45150402317963423,32.3051117207233
91.09821964392879,0.8890561355397808,0.395805053259757,0.9184111841759367,36.695042826194246,0-1,0-2,0-2,0-1,0.9983398149620804,1.4363332373591091,33.33215332553191,0.43799342239702876,32.33381351056983
91.11822364472896,0.8908781646833696,0.4024022534181151,0.9192166531781125,36.74430682273263,0-1,0-2,0-2,0-1,1.0119384165690044,1.436907616365931,33.375244160113645,0.4249691997969265,32.36330574354464
91.13822764552911,0.8927311695096771,0.4098986838011531,0.9199818790352782,36.79357056317675,0-1,0-2,0-2,0-1,1.0249916561877563,1.4374432758373366,33.41860116752079,0.4124516196495802,32.39360951133303
91.15823164632927,0.894613886030266,0.4182020727661608,0.9207064994037731,36.84283404815451,0-1,0-2,0-2,0-1,1.0374908299133594,1.437940394537214,33.46222521898631,0.4004495646238546,32.42473438907295
91.17823564712943,0.8965250449957413,0.4272195806984912,0.9213901689260503,36.89209727829157,0-1,0-2,0-2,0-1,1.0494369094808198,1.4383991381376129,33.506117040072745,0.3889622286567931,32.45668013059193
91.1982396479296,0.8984633732644868,0.43686035102266746,0.9220325590973677,36.941360254211276,0-1,0-2,0-2,0-1,1.0608387257711949,1.4388196588483602,33.5502772127877,0.3779809330771653,32.4894384870165
91.21824364872975,0.9004275951288061,0.44703743610391855,0.9226333581393452,36.990622976534716,0-1,0-2,0-2,0-1,1.0717111887306756,1.4392020950870161,33.594706177847,0.3674909063563405,32.52299498911633
91.23824764952991,0.9024164335970034,0.45766913129292214,0.923192270880672,37.039885445880735,0-1,0-2,0-2,0-1,1.0820736536416384,1.4395465711876667,33.639404237073755,0.3574729175460283,32.55733058343212
91.25825165033007,0.9044286116301408,0.4686797933371795,0.9237090186452271,37.08914766286591,0-1,0-2,0-2,0-1,1.0919484969544277,1.4398531971471566,33.68437155592124,0.3479047001927289,32.59242305896681
91.27825565113022,0.9064628533324799,0.48000023884783677,0.9241833391478723,37.138409628104604,0-1,0-2,0-2,0-1,1.1013599270458858,1.4401220684071303,33.72960816610775,0.3387621413612445,32.62824823906187
91.2982596519304,0.9085178850948218,0.4915678207651729,0.9246149863981414,37.187671342208915,0-1,0-2,0-2,0-1,1.1103330282301838,1.4403532656703073,33.77511396835211,0.33002023744012354,32.66478094012192
91.31826365273055,0.9105924366901602,0.5033262723194593,0.925003730612057,37.23693280578878,0-1,0-2,0-2,0-1,1.1188930194020377,1.440546854749395,33.820888735198174,0.32165383534735725,32.70199571579614
91.3382676535307,0.9126852423213075,0.5152253942042647,0.9253493581322734,37.2861940194519,0-1,0-2,0-2,0-1,1.1270646998540457,1.4407028864468963,33.866932113917684,0.3136381865928506,32.73986741406364
91.35827165433086,0.9147950416202794,0.5272206453521882,0.9256516713567401,37.33545498380378,0-1,0-2,0-2,0-1,1.134872051773063,1.4408213964642613,33.913243629480554,0.3059493446911983,32.77837157770749
91.37827565513103,0.9169205805994703,0.5392726831385308,0.9259104886760702,37.384715699447746,0-1,0-2,0-2,0-1,1.1423379696068567,1.4409024053386246,33.95982268758233,0.29856443573176783,32.817484717975475
91.39827965593119,0.9190606125547625,0.5513468862094106,0.9261256444197778,37.43397616698497,0-1,0-2,0-2,0-1,1.1494840892761171,1.44094591840553,34.00666857771895,0.2914618291294129,32.85718448844283
91.41828365673135,0.9212138989209222,0.5634128828453829,0.9262969888115484,37.48323638701443,0-1,0-2,0-2,0-1,1.1563306939408922,1.4409519257859131,34.05378047629921,0.28462123184502097,32.897449782358315
91.4382876575315,0.9233792100797179,0.5754440997852809,0.9264243879336874,37.53249636013297,0-1,0-2,0-2,0-1,1.162896676977548,1.440920402395818,34.10115744978587,0.27802372541827003,32.93826077280833
91.45829165833167,0.9255553261213842,0.5874173404754327,0.9265077237008866,37.58175608693529,0-1,0-2,0-2,0-1,1.1691995465546423,1.440851307977165,34.14879845785672,0.2716517614225227,32.97959891130208
91.47829565913183,0.9277410375601302,0.5993123974204301,0.9265468938434396,37.631015568013964,0-1,0-2,0-2,0-1,1.1752554595004412,1.440744587148076,34.196702356577305,0.26548912764763477,33.02144689707686
91.49829965993199,0.9299351460045439,0.6111117003355113,0.9265418119000259,37.68027480395944,0-1,0-2,0-2,0-1,1.1810792749540997,1.4406001694711452,34.244867901577614,0.2595208945170455,33.06378862662351
91.51830366073214,0.932136464783787,0.6227999998188202,0.9264924072201793,37.72953379536003,0-1,0-2,0-2,0-1,1.1866846205902006,1.440417969538293,34.293293751225406,0.2537333489480924,33.106609130635206
91.53830766153231,0.9343438195306102,0.6343640850100893,0.926398624976542,37.77879254280199,0-1,0-2,0-2,0-1,1.1920839660471025,1.440197887070684,34.3419784697892,0.24811392102358143,33.1498945037421
91.55831166233247,0.9365560487222577,0.6457925329717163,0.9262604261870057,37.828051046869454,0-1,0-2,0-2,0-1,1.1972886996363696,1.43993980703241,34.39092053058456,0.24265110739604046,33.19363183094819
91.57831566313263,0.9387720041804362,0.657075487159271,0.9260777877468263,37.877309308144476,0-1,0-2,0-2,0-1,1.2023092055293716,1.4396435997565442,34.4401183190977,0.23733439422717262,33.237809113568325
91.59831966393278,0.9409905515315209,0.6682044622228767,0.925850702470797,37.92656732720704,0-1,0-2,0-2,0-1,1.207154939470336,1.4393091210824085,34.48957013608084,0.23215418161207246,33.28241519661051
91.61832366473296,0.9432105706282765,0.6791721724128489,0.9255791791455541,37.97582510463508,0-1,0-2,0-2,0-1,1.211834501707063,1.4389362125027967,34.539274200614145,0.2271017107957336,33.327439698907085
91.63832766553311,0.9454309559343691,0.6899723809917441,0.9252632425920814,38.02508264100445,0-1,0-2,0-2,0-1,1.2163557063073414,1.438524701320084,34.58922865312962,0.22216899501274257,33.37287294682228
91.65833166633327,0.9476506168730061,0.7005997682383894,0.9249029337384753,38.07433993688899,0-1,0-2,0-2,0-1,1.2207256463783482,1.4380744008100945,34.639431558392616,0.21734875443174628,33.41870591201427
91.67833566713342,0.9498684781410264,0.7110498158390717,0.9244983097030234,38.1235969928605,0-1,0-2,0-2,0-1,1.2249507549581624,1.4375851103928357,34.68988090843714,0.21263435543467324,33.464930153478974
91.6983396679336,0.952083479989815,0.7213187056780841,0.9240494438876374,38.17285380948875,0-1,0-2,0-2,0-1,1.2290368615266702,1.4370566158091105,34.74057462545122,0.20801975428244024,33.511537763924544
91.71834366873375,0.9542945784743971,0.7314032312524399,0.9235564260816798,38.22211038734148,0-1,0-2,0-2,0-1,1.2329892442061476,1.4364886893022113,34.791510564609425,0.20349944509606366,33.55852132040328
91.73834766953391,0.9565007456721053,0.7413007201366564,0.9230193625762108,38.27136672698444,0-1,0-2,0-2,0-1,1.2368126778038564,1.4358810898038608,34.842686516849696,0.19906841200000436,33.60587383904584
91.75835167033406,0.9587009698721539,0.751008966109262,0.922438376288672,38.3206228289814,0-1,0-2,0-2,0-1,1.240511477900985,1.4352335631237696,34.894100211591784,0.19472208522278467,33.653588733690796
91.77835567113424,0.9608942557375105,0.7605261697213754,0.9218136068980187,38.36987869389414,0-1,0-2,0-2,0-1,1.2440895412224662,1.4345458421421255,34.94574931939544,0.19045630091965937,33.701659778172974
91.79835967193439,0.9630796244403906,0.7603608486761998,0.921145210990295,38.41913432228242,0-1,1-2,0-2,0-1,1.247550382536767,1.4338176470044912,34.99763145455639,0.18626726446772413,33.750081072019626
91.81836367273455,0.9652561137727333,0.7549424609860277,0.9204333622146419,38.468389714704074,0-1,1-2,0-2,0-1,1.2508971683383807,1.4330486853185564,35.049744177638544,0.18215151698017573,33.79884700930016
91.8383676735347,0.9674227782329413,0.7499453583705968,0.9196782514497124,38.51764487171497,0-1,1-2,0-2,0-1,1.2541327475618365,1.432238652352417,35.10208499794108,0.17810590479058064,33.847952250379244
91.85837167433488,0.9695786890901957,0.7453551681726724,0.9188800869804563,38.56689979386901,0-1,1-2,0-2,0-1,1.2572596795671396,1.4313872312339475,35.15465137589947,0.17412755166680793,33.89739169633233
91.87837567513503,0.9717229344275957,0.741157473363349,0.918039094685223,38.61615448171818,0-1,1-2,0-2,0-1,1.2602802596245364,1.4304940931510504,35.20744072541977,0.17021383352651398,33.947160465795235
91.89837967593519,0.9738546191653772,0.7373378366546995,0.9171555182331177,38.665408935812536,0-1,1-2,0-2,0-1,1.263196542112626,1.4295588975524958,35.260450416145225,0.16636235543986966,33.9972538740326
91.91838367673535,0.9759728650653919,0.733881824627977,0.9162296192915272,38.71466315670017,0-1,1-2,0-2,0-1,1.2660103616291805,1.428581292349291,35.3136777756552,0.16257093072011064,34.04766741402602
91.93838767753552,0.9780768107180371,0.7307750318156766,0.9152616777437179,38.763917144927284,0-1,1-2,0-2,0-1,1.2687233521991168,1.4275609141164343,35.36712009159619,0.15883756191731746,34.098396739397074
91.95839167833567,0.9801656115127635,0.7280031046267652,0.9142519919163858,38.81317090103819,0-1,1-2,0-2,0-1,1.271336964749452,1.4264973882950953,35.42077461374475,0.1551604235456434,34.149437648995296
91.97839567913583,0.9822384395932866,0.7255517649708362,0.9132008788170234,38.862424425575284,0-1,1-2,0-2,0-1,1.273852483006997,1.4253903293952066,35.47463855600269,0.15153784638820955,34.20078607299569
91.99839967993599,0.9842944837985412,0.7234068334168329,0.9121086743809403,38.9116777190791,0-1,1-2,0-2,0-1,1.2762710379612157,1.4242393411986711,35.52870909832489,0.14796830323745547,34.25243806036367
92.01840368073616,0.9863329495904375,0.7215542517133944,0.9109757337277589,38.960930782088255,0-1,1-2,0-2,0-1,1.2785936210222002,1.423044016963299,35.58298338857998,0.14445039594109876,34.30438976755778
92.03840768153631,0.988353058969395,0.7199801044988671,0.9098024314271705,39.010183615139525,0-1,1-2,0-2,0-1,1.2808210959921096,1.421803939627776,35.63745854434477,0.14098284363566638,34.35663744835266
92.05841168233647,0.990354050378639,0.7186706400378351,0.9085891617737223,39.05943621876781,0-1,1-2,0-2,0-1,1.2829542099577371,1.4205186820179083,35.69213165463295,0.1375644720601712,34.409177444675215
92.07841568313663,0.9923351785981499,0.7176122898358732,0.9073363390703681,39.108688593506166,0-1,1-2,0-2,0-1,1.2849936032020428,1.4191878070545922,35.74699978155891,0.13419420385254943,34.46200617835687
92.0984196839368,0.9942957146291765,0.7167916870035692,0.9060443979204834,39.15794073988579,0-1,1-2,0-2,0-1,1.286939818223513,1.417810867963894,35.802059961937665,0.1308710497403811,34.51512014371415
92.11842368473695,0.9962349455701436,0.7161956832632138,0.9047137935280204,39.207192658436064,0-1,1-2,0-2,0-1,1.2887933079440164,1.4163874084897665,35.857309208821725,0.12759410054575016,34.568515900877706
92.13842768553711,0.9981521744847864,0.7158113645156483,0.9033450020054313,39.25644434968452,0-1,1-2,0-2,0-1,1.2905544431783693,1.4149169631099183,35.912744512976175,0.12436251993154901,34.6221900697978
92.15843168633727,1.0000467202632641,0.7156260649094636,0.9019385206889601,39.30569581415688,0-1,1-2,0-2,0-1,1.2922235194320382,1.4133990572555226,35.9683628442929,0.12117553782348445,34.67613932486086
92.17843568713744,1.0019179174770123,0.7156273793791327,0.900494868460851,39.35494705237706,0-1,1-2,0-2,0-1,1.2938007630872757,1.4118332075353865,36.02416115314531,0.1180324444481109,34.73036039005803
92.1984396879376,1.0037651162280252,0.7158031746419802,0.8990145860779882,39.40419806486715,0-1,1-2,0-2,0-1,1.2952863370323637,1.410218921965372,36.080136371684624,0.11493258493300829,34.78485003465226
92.21844368873775,1.0055876819932639,0.7161415986655476,0.8974982365064257,39.45344885214749,0-1,1-2,0-2,0-1,1.296680345783614,1.4085557002038134,36.13628541507922,0.11187535442019936,34.83960506929561
92.2384476895379,1.0073849954648009,0.7166310886364934,0.8959464052612202,39.5026994147366,0-1,1-2,0-2,0-1,1.2979828401451396,1.4068430337938562,36.19260518269812,0.10886019364871657,34.89462234255298
92.25845169033808,1.0091564523863301,0.7172603774794005,0.8943597007509289,39.55194975315122,0-1,1-2,0-2,0-1,1.29919382144727,1.4050804064136009,36.24909255924009,0.10588658496633085,34.94989873779282
92.27845569113823,1.0109014633866058,0.7180184989885762,0.8927387546260706,39.60119986790635,0-1,1-2,0-2,0-1,1.3003132454006838,1.4032672941350555,36.30574441580974,0.10295404873437164,35.005431170409054
92.29845969193839,1.0126194538103732,0.7188947916480988,0.8910842221307947,39.650449759515176,0-1,1-2,0-2,0-1,1.3013410255999058,1.4014031656928996,36.36255761094194,0.10006214009299375,35.06121658534204
92.31846369273855,1.0143098635472865,0.7198789012250588,0.8893967824569392,39.69969942848917,0-1,1-2,0-2,0-1,1.3022770367066914,1.3994874827642234,36.419528991575945,0.09721044605753204,35.11725195486925
92.33846769353872,1.0159721468593184,0.7209607822282239,0.8876771390995859,39.748948875338044,0-1,1-2,0-2,0-1,1.303121117341005,1.397519700260341,36.47665539398066,0.0943985829193359,35.17353427663965
92.35847169433887,1.0176057722071143,0.7221306983294603,0.885926020213161,39.798198100569785,0-1,1-2,0-2,0-1,1.3038730727047079,1.3954992666319432,36.533933644632455,0.09162619392723537,35.230060571927744
92.37847569513903,1.01921022207574,0.7233792218483432,0.8841441789670442,39.84744710469062,0-1,1-2,0-2,0-1,1.3045326769607613,1.3934256241888068,36.591360561046955,0.08889294722804553,35.28682788408619
92.39847969593919,1.0207849928002126,0.7246972324017155,0.8823323938995804,39.89669588820508,0-1,1-2,0-2,0-1,1.3050996753886004,1.391298209435459,36.64893295256614,0.08619853404685851,35.34383327717754
92.41848369673936,1.0223295943912198,0.7260759148197643,0.880491469269303,39.94594445161597,0-1,1-2,0-2,0-1,1.3055737863344317,1.389116453424126,36.706647621102206,0.08354266708969438,35.40107383476777
92.43848769753951,1.0238435503613765,0.7275067564287158,0.8786222354020923,39.995192795424394,0-1,1-2,0-2,0-1,1.3059547029734309,1.3868797821264451,36.764501361839535,0.08092507915301428,35.458546658866105
92.45849169833967,1.0253263975523776,0.7289815437977243,0.8767255490329068,40.044440920129745,0-1,1-2,0-2,0-1,1.3062420948992441,1.384587616825384,36.82249096389626,0.07834552192613975,35.51624886899701
92.47849569913983,1.0267776859633453,0.7304923590441921,0.8748022936406334,40.093688826229744,0-1,1-2,0-2,0-1,1.306435609554722,1.382239374528969,36.88061321094664,0.0758037649742469,35.574177601391916
92.49849969994,1.0281969785806913,0.732031575787791,0.8728533797745031,40.14293651422039,0-1,1-2,0-2,0-1,1.3065348735165196,1.3798344684073613,36.93886488180568,0.0732995948908417,35.63233000828916
92.51850370074015,1.0295838512097562,0.7335918548390662,0.8708797453704239,40.19218398459604,0-1,1-2,0-2,0-1,1.3065394936449715,1.3773723082549516,36.99724275097729,0.07083281460998014,35.69070325733232
92.53850770154031,1.0309378923085128,0.7351661397038378,0.8688823560554843,40.24143123784937,0-1,1-2,0-2,0-1,1.3064490581095818,1.3748523009791094,37.0557435891674,0.06840324286952759,35.749294531057814
92.55851170234047,1.0322587028235544,0.7367476519798315,0.8668622054387676,40.290678274471375,0-1,1-2,0-2,0-1,1.3062631372994478,1.3722738511173462,37.114364163763106,0.06601071381789847,35.80810102646366
92.57851570314064,1.0335458960286132,0.7383298867171846,0.864820315386522,40.33992509495144,0-1,1-2,0-2,0-1,1.305981284627053,1.3696363613846168,37.17310123927934,0.06365507675756366,35.86711995465229
92.5985197039408,1.034799097365817,0.7399066078097934,0.8627577362796127,40.38917169977727,0-1,1-2,0-2,0-1,1.3056030372330139,1.3669392332525425,37.23195157777423,0.061336196019528666,35.92634854054122
92.61852370474095,1.03601794428989,0.7414718434799686,0.8606755472510796,40.438418089434904,0-1,1-2,0-2,0-1,1.305127916598642,1.3641818675623474,37.290911939234334,0.05905395096370536,35.98578402263569
92.63852770554111,1.0372020861154734,0.743019881914641,0.8585748564015103,40.48766426440883,0-1,1-2,0-2,0-1,1.304555429072459,1.3613636651733527,37.34997908193103,0.056808236100893694,36.045423652858574
92.65853170634128,1.038351183867748,0.7445452671074213,0.8564568009898261,40.53691022518183,0-1,1-2,0-2,0-1,1.303885066316204,1.3584840276488337,37.40914976274915,0.05459896133262965,36.10526469643295
92.67853570714144,1.039464910136511,0.7460427949572587,0.8543225475969678,40.5861559722351,0-1,1-2,0-2,0-1,1.3031163056752808,1.355542357981099,37.468420737489154,0.052426052305818205,36.16530443181387
92.69853970794159,1.0405429489338691,0.7475075096712405,0.8521732922598607,40.63540150604823,0-1,1-2,0-2,0-1,1.3022486104780833,1.352538061357579,37.52778876114385,0.05028945087949577,36.22554015066577
92.71854370874175,1.0415849955556702,0.7489347005162909,0.8500102605729238,40.6846468270992,0-1,1-2,0-2,0-1,1.3012814302681297,1.3494705459697864,37.58725058815082,0.04818911570165674,36.2859691578827
92.73854770954192,1.042590756446814,0.7503198989621529,0.8478347077542889,40.73389193586439,0-1,1-2,0-2,0-1,1.300214200972537,1.346339223866892,37.64680297262168,0.04612502289435505,36.34658877164914
92.75855171034208,1.0435599490705534,0.7516588762560739,0.8456479186737912,40.78313683281859,0-1,1-2,0-2,0-1,1.2990463450099141,1.3431435118556967,37.70644266854911,0.044097166845782576,36.407396323539196
92.77855571114223,1.0444923017819043,0.7529476414680801,0.8434512078396943,40.832381518435014,0-1,1-2,0-2,0-1,1.297777271340436,1.3398828324486598,37.76616642999294,0.04210556110822372,36.468389158652506
92.79855971194239,1.0453875537052584,0.7541824400446099,0.841245919341029,40.88162599318529,0-1,1-2,0-2,0-1,1.2964063754604636,1.336556614861659,37.825971011246004,0.04015023940119544,36.52956463578554
92.81856371274256,1.046245454616295,0.7553597529075521,0.8390334267423324,40.93087025753948,0-1,1-2,0-2,0-1,1.294933039343811,1.3331642960630061,37.88585316698098,0.03823125671919514,36.59092012763717
92.83856771354272,1.047065764828279,0.7564762961354317,0.8368151329275163,40.980114311966105,0-1,1-2,0-2,0-1,1.2933566313314397,1.3297053218752,37.94580965237913,0.03634869054376022,36.65245302104769
92.85857171434287,1.0478482550828345,0.7575290212635534,0.8345924698895134,41.029358156932076,0-1,1-2,0-2,0-1,1.291676505971112,1.326179148130731,38.00583722324187,0.03450264215961907,36.71416071727076
92.87857571514303,1.048592706445248,0.7585151162403623,0.8323668984623194,41.078601792902845,0-1,1-2,0-2,0-1,1.2898920038082797,1.3225852418831974,38.06593263608613,0.03269323807491764,36.776040632277855
92.8985797159432,1.049298910204394,0.7594320070780927,0.830139907991999,41.12784522034222,0-1,1-2,0-2,0-1,1.288002451129274,1.3189230826747655,38.1260926482244,0.030920631545491517,36.83809019709513
92.91858371674336,1.0499666677773238,0.7602773602369217,0.8279130159432184,41.177088439712556,0-1,1-2,0-2,0-1,1.2860071596576372,1.3151921638608912,38.18631401783035,0.029185004203253984,36.90030685817271
92.93858771754351,1.0505957906186,0.7610490857833314,0.8256877674378587,41.226331451474636,0-1,1-2,0-2,0-1,1.2839054262042704,1.311391993992982,38.24659350399095,0.027486567788711502,36.96268807778668
92.95859171834367,1.0511861001344078,0.761745341365156,0.8234657347222896,41.27557425608773,0-1,1-2,0-2,0-1,1.2816965322718765,1.3075220982595228,38.30692786674592,0.025825565987646293,37.02523133447404
92.97859571914384,1.0517374276015081,0.7623645370478758,0.8212485165599317,41.32481685400961,0-1,1-2,0-2,0-1,1.2793797436140388,1.303582019985891,38.36731386711528,0.024202276371852127,37.08793412350124
92.998599719944,1.0522496140910758,0.7629053410590421,0.8190377375457976,41.37405924569653,0-1,1-2,0-2,0-1,1.2769543097491232,1.2995713221928646,38.4277482671159,0.02261701244374148,37.15079395736678
93.01860372074415,1.0527225103974664,0.7633666864902922,0.8168350473398054,41.423301431603214,0-1,1-2,0-2,0-1,1.2744194634290902,1.2954895892135159,38.488227829767965,0.021070125784425686,37.213808366338874
93.03860772154431,1.0531559769719472,0.7637477790091804,0.814642119815787,41.47254341218294,0-1,1-2,0-2,0-1,1.2717744200631604,1.2913364283679019,38.54874931909187,0.01956200830474142,37.27697489902871
93.05861172234448,1.0535498838614368,0.764048105635987,0.8124606521232682,41.52178518788745,0-1,1-2,0-2,0-1,1.2690183770962244,1.2871114716945966,38.609309500096614,0.01809309459837216,37.34029112300039
93.07861572314464,1.0539041106522844,0.7642674446437249,0.810292363659296,41.571026759167054,0-1,1-2,0-2,0-1,1.2661505133417923,1.282814377737769,38.66990513876023,0.01666386439597667,37.403754625418436
93.0986197239448,1.0542185464191216,0.7644058766426807,0.8081389949478225,41.62026812647056,0-1,1-2,0-2,0-1,1.2631699882692595,1.2784448333881135,38.730533002003256,0.015274845118854019,37.467363013733994
93.11862372474495,1.0544930896788187,0.7644637969139604,0.8060023064244164,41.669509290245294,0-1,1-2,0-2,0-1,1.2600759412451954,1.2740025557755466,38.79118985765574,0.013926614530351156,37.53111391641054
93.1386277255451,1.0547276483495733,0.7644419290595503,0.8038840771243935,41.71875025093712,0-1,1-2,0-2,0-1,1.256867490728409,1.2694872942111408,38.851872474418656,0.01261980348273184,37.595004983690245
93.15863172634528,1.0549221397151576,0.7643413400392924,0.8017861032728045,41.767991008990485,0-1,1-2,0-2,0-1,1.2535437334185497,1.2648988321753136,38.91257762182052,0.011355098756763882,37.659033888401964
93.17863572714543,1.0550764903943526,0.7641634566677787,0.7997101967751175,41.817231564848356,0-1,1-2,0-2,0-1,1.2501037433580648,1.260236989348836,38.97330207016965,0.010133245990771256,37.723198326811584
93.19863972794559,1.0551906363155914,0.7639100836463577,0.7976581836078714,41.86647191895225,0-1,1-2,0-2,0-1,1.2465465709874695,1.2555016236827057,39.03404259050322,0.00895505269523622,37.78749601951575
93.21864372874575,1.0552645226968351,0.7635834232070761,0.7956319021090682,41.915712071742256,0-1,1-2,0-2,0-1,1.2428712421539945,1.2506926335024697,39.0947959545334,0.00782139134847526,37.85192471237941
93.23864772954592,1.055298104030704,0.7631860964462416,0.7936332011685978,41.964952023657034,0-1,1-2,0-2,0-1,1.2390767570739187,1.2458099596420362,39.15555893459149,0.006733202568117491,37.91648217751757
93.25865173034607,1.0552913440748843,0.7627211664251806,0.7916639383195716,42.01419177513382,0-1,1-2,0-2,0-1,1.2351620892491402,1.2408535876015139,39.21632830357071,0.005691498352373703,37.981166214321576
93.27865573114623,1.0552442158478337,0.762192163114424,0.7897259777320581,42.063431326608416,0-1,1-2,0-2,0-1,1.231126184338905,1.2358235497230825,39.27710083486841,0.004697365384177532,38.04597465052951
93.29865973194639,1.0551567016297976,0.761603110254646,0.7878211881113852,42.11267067851522,0-1,1-2,0-2,0-1,1.2269679589880274,1.2307199273784093,39.33787330232822,0.0037519683903819434,38.11090534334019
93.31866373274656,1.055028792969166,0.7609585542029194,0.7859514405038659,42.16190983128724,0-1,1-2,0-2,0-1,1.222686299613479,1.225542853160577,39.39864248018297,0.0028565535470979064,38.17595618056949
93.33866773354671,1.0548604906941774,0.7602635948257531,0.7841186060135594,42.21114878535606,0-1,1-2,0-2,0-1,1.2182800611518947,1.2202925130730269,39.4594051429991,0.0020124519211321967,38.24112508184721
93.35867173434687,1.0546518049299962,0.7595239184905559,0.7823245534344474,42.260387541151864,0-1,1-2,0-2,0-1,1.2137480657713526,1.2149691487075223,39.52015806562311,0.0012210829361696263,38.30640999985175
93.37867573514703,1.0544027551211712,0.7587458331940569,0.7805711468032099,42.30962609910349,0-1,1-2,0-2,0-1,1.2090891015517429,1.2095730594027037,39.58089802313087,0.00048395785096078114,38.37180892157913
93.3986797359472,1.0541133700595027,0.7579363058492508,0.7788602428786129,42.358864459638326,0-1,1-2,0-2,0-1,1.2043019211392756,1.204104604374393,39.64162179078042,-0.00019731676488254912,38.437319869641144
93.41868373674735,1.05378368791732,0.757103001730975,0.7771936885543639,42.408102623182444,0-1,1-2,0-2,0-1,1.1993852403820564,1.1985642048084126,39.70232614396898,-0.0008210355736437691,38.502940903586925
93.43868773754751,1.0534137562861918,0.7562543260535807,0.7755733182131436,42.4573405901605,0-1,1-2,0-2,0-1,1.1943377369554549,1.1929523459063933,39.76300785819492,-0.0013853910490615462,38.568670121239464
93.45869173834767,1.0530036322210825,0.7553994676215678,0.7740009510303683,42.50657836099583,0-1,1-2,0-2,0-1,1.1891580489879807,1.1872695788747538,39.823663709025276,-0.0018884701132269033,38.63450566003729
93.47869573914784,1.0525533822899626,0.7545484444547693,0.7724783882370891,42.55581593611037,0-1,1-2,0-2,0-1,1.1838447737009457,1.181516522846853,39.88429047206975,-0.002328250854092717,38.7004456983688
93.498699739948,1.0520630826288881,0.7537121512428591,0.771007410352248,42.60505331592472,0-1,1-2,0-2,0-1,1.1783964660780988,1.1756938667281729,39.94488492296156,-0.002702599349925894,38.766488456883465
93.51870374074815,1.0515328190025564,0.7529024084289103,0.7695897743952991,42.65429050085812,0-1,1-2,0-2,0-1,1.1728116375850433,1.1698023709543592,40.00544383734639,-0.0030092666306840155,38.83263219976135
93.53870774154831,1.0509626868703494,0.752132012657678,0.7682272110909549,42.70352749132849,0-1,1-2,0-2,0-1,1.1670887549624203,1.163842869151977,40.0659639908796,-0.003245885810443161,38.89887523591718
93.55871174234848,1.0503527914578705,0.7514147882506627,0.7669214220784941,42.7527642877524,0-1,1-2,0-2,0-1,1.1612262391219919,1.1578162696919754,40.126442159232965,-0.0034099694300164796,38.96521592011097
93.57871574314863,1.0497032478339807,0.7507656392864088,0.7656740771386809,42.80200089054508,0-1,1-2,0-2,0-1,1.1552224641807594,1.15172355712609,40.18687511811127,-0.0034989070546693757,39.03165265393051
93.59871974394879,1.0490141809933362,0.7502006017707444,0.7644868114518675,42.85123730012044,0-1,1-2,0-2,0-1,1.1490757566755305,1.1455657934967522,40.24725964327998,-0.003509963178778275,39.09818388660445
93.61872374474895,1.0482857259444314,0.7497368952779904,0.7633612229012693,42.90047351689107,0-1,1-2,0-2,0-1,1.1427843950089127,1.139344119511508,40.30759251060441,-0.0034402754974047767,39.1648081155955
93.63872774554912,1.047518027803146,0.7493929733312681,0.7622988694356845,42.94970954126826,0-1,1-2,0-2,0-1,1.136346609188035,1.1330597555735196,40.36787049610127,-0.003286853614515417,39.23152388691323
93.65873174634928,1.0467112418917928,0.7491885716691544,0.7613012665060918,42.99894537366199,0-1,1-2,0-2,0-1,1.1297605809294955,1.1267140026603721,40.42809037600362,-0.0030465782691233567,39.298329795074125
93.67873574714943,1.0458655338436553,0.7491447534191356,0.7603698845905371,43.04818101448091,0-1,1-2,0-2,0-1,1.123024444218659,1.1203082430441966,40.4882489268398,-0.0027162011744623626,39.365224482621144
93.69873974794959,1.044981079713015,0.7492839500684121,0.7595061468215364,43.0974164641324,0-1,1-2,0-2,0-1,1.1161362864286934,1.1138439408469791,40.54834292552743,-0.002292345581714317,39.43220663909874
93.71874374874976,1.0440580660906464,0.7496299969934307,0.7587114267298233,43.14665172302253,0-1,1-2,0-2,0-1,1.1090941501254326,1.1073226424259281,40.608369149483,-0.0017715076995044043,39.499274999357574
93.73874774954992,1.043096690224769,0.7502081621858913,0.7579870461176573,43.195886791556106,0-1,1-2,0-2,0-1,1.1018960357085932,1.100745976584824,40.668324376748416,-0.0011500591237691982,39.566428341039824
93.75875175035007,1.042097160147428,0.7510451667007251,0.7573342730740489,43.24512167013661,0-1,1-2,0-2,0-1,1.09453990506902,1.0941156546084445,40.72820538613492,-0.00042425046057559257,39.6336654810659
93.77875575115023,1.0410596948062851,0.752169195257466,0.7567543201431326,43.29435635916631,0-1,1-2,0-2,0-1,1.0870236864760408,1.0874334701183686,40.7880089573857,0.00040978364232779896,39.700985270909655
93.7987597519504,1.0399845242017838,0.7536098953580376,0.7562483426555076,43.34359085904614,0-1,1-2,0-2,0-1,1.0793452809499167,1.0807012987497449,40.847731871357894,0.0013560177998281908,39.76838659040798
93.81876375275056,1.0388718895296536,0.755398363249186,0.755817437230638,43.39282517017582,0-1,1-2,0-2,0-1,1.0715025704226195,1.0739210976499114,40.90737091022496,0.0024185272272918557,39.835868339802346
93.83876775355071,1.0377220433287062,0.7564355854877981,0.7554626404563537,43.44205929295376,0-1,0-2,0-2,0-1,1.0634934280471904,1.0670949048010911,40.966922857700624,0.0036014767539007675,39.903429429653436
93.85877175435087,1.0365352496338798,0.7474098198309601,0.7531386735799854,43.49129322777717,0-1,0-2,1-2,0-1,1.0553157310830263,1.0602248381706494,41.02638449928508,0.004909107087623044,39.97106876820205
93.87877575515104,1.0353117841344686,0.7382370569019363,0.7385199210172915,43.540526975041956,0-1,0-2,1-2,0-1,1.046967376863406,1.0533130946936984,41.08575262253478,0.006345717830292363,40.03878524567137
93.8987797559512,1.0340519343374797,0.7289210774469109,0.7240479928431076,43.589760535142844,0-1,0-2,1-2,0-1,1.0384463024440345,1.0463619490939682,41.1450240173566,0.007915646649933716,40.10657771491256
93.91878375675135,1.0327559997360278,0.7194661244598753,0.709733814700517,43.638993908473246,0-1,0-2,1-2,0-1,1.0297505086395355,1.0393737525499487,41.204195476327705,0.009623243910413137,40.17444496768817
93.93878775755151,1.031424291982705,0.7098769566492661,0.6955885164113854,43.6882270954254,0-1,0-2,1-2,0-1,1.0208780892806562,1.0323509312141546,41.263263795042,0.011472841933498401,40.24238570576134
93.95879175835168,1.0300571350678147,0.7001589082137061,0.6816234217209817,43.73746009639027,0-1,0-2,1-2,0-1,1.0118272666709713,1.0252959845940812,41.32222577248441,0.013468717923109885,40.31039850581344
93.97879575915184,1.0286548655023808,0.6903179556291449,0.6678500358501697,43.78669291175764,0-1,0-2,1-2,0-1,1.002596434390213,1.018211483803799,41.381078211434016,0.015615049413586046,40.3784817770438
93.99879975995199,1.0272178325057957,0.6803607921940851,0.6542800305070091,43.83592554191605,0-1,0-2,1-2,0-1,0.9931842087843878,1.0111000696952737,41.43981791889747,0.017915860910885817,40.44663371011308
94.01880376075215,1.025746398198002,0.670294911113457,0.6409252259695762,43.885157987252825,0-1,0-2,1-2,0-1,0.9835894907022378,1.0039644508781684,41.49844170657348,0.020374960175930656,40.514852215871244
94.03880776155232,1.0242409377960495,0.6601286979190407,0.6277975698125873,43.93439024815408,0-1,0-2,1-2,0-1,0.9738115392847629,0.9968074016362364,41.55694639134993,0.02299586235147344,40.58313485206517
94.05881176235248,1.0227018398148824,0.6498715330171304,0.6149091118139691,43.98362232500476,0-1,0-2,1-2,0-1,0.9638500598889997,0.9896317597471693,41.615328795834685,0.025781699858169582,40.65147873594569
94.07881576315263,1.0211295062721693,0.639533905111909,0.6022719745462942,44.03285421818856,0-1,0-2,1-2,0-1,0.9537053085271792,0.9824404242110882,41.673585748921326,0.028735115683909074,40.71988044039415
94.09881976395279,1.0195243528970093,0.6291275361620761,0.5898983191350898,44.082085928088,0-1,0-2,1-2,0-1,0.9433782155220204,0.9752363528904765,41.73171408639124,0.03185813736845611,40.788335870869226
94.11882376475296,1.0178868093422926,0.618665518371042,0.5778003056551582,44.131317455084435,0-1,0-2,1-2,0-1,0.9328705314084795,0.9680225600614859,41.78971065155316,0.03515202865300637,40.856840120144675
94.13882776555312,1.0162173194005015,0.608162463465084,0.5659900476415545,44.18054879955801,0-1,0-2,1-2,0-1,0.9221849984342559,0.9608021138729367,41.84757229592154,0.03861711543868074,40.92538729748728
94.15883176635327,1.0145163412226967,0.5976346641512281,0.5544795602187044,44.229779961887694,0-1,0-2,1-2,0-1,0.9113255512991352,0.9535781337051988,41.90529587993522,0.042252582406063666,40.99397032863608
94.17883576715343,1.0127843475404388,0.5871002671328166,0.5432807014046538,44.27901094245131,0-1,0-2,1-2,0-1,0.9002975509859669,0.9463537874163492,41.96287827371753,0.04605623643038237,41.06258072273156
94.1988397679536,1.0110218258903485,0.576579456354546,0.5324051062332004,44.328241741625455,0-1,0-2,1-2,0-1,0.8891080556153287,0.939132288457851,42.02031635787917,0.05002423284252233,41.131208302263836
94.21884376875376,1.0092292788410038,0.566094644202513,0.5218641134600358,44.377472359785614,0-1,0-2,1-2,0-1,0.8777661321187725,0.9319168928364334,42.07760702436553,0.054150760717660895,41.199840892246755
94.23884776955391,1.0074072242218202,0.5556706671459303,0.5116686847847486,44.426702797306085,0-1,0-2,1-2,0-1,0.8662832120597234,0.9247108958932978,42.13474717734944,0.05842768383357444,41.26846396528972
94.25885177035407,1.0055561953535825,0.5453349807219501,0.5018293167320321,44.47593305456002,0-1,0-2,1-2,0-1,0.8546734939875231,0.9175176288662538,42.191733734171,0.06284413487873064,41.337060240183476
94.27885577115424,1.003676741280214,0.5351178467853129,0.4923559455940243,44.52516313191943,0-1,0-2,1-2,0-1,0.8429543930996029,0.9103404551955936,42.24856362632577,0.06738606209599074,41.405609233226166
94.2988597719544,1.0017694270013826,0.5250525035390767,0.48325784613982203,44.57439302975515,0-1,0-2,1-2,0-1,0.8311470364775827,0.9031827665305152,42.30523380050254,0.07203573005293251,41.47408676402496
94.31886377275455,0.9998348337054772,0.5151753060340961,0.47454352514250936,44.6236227484369,0-1,0-2,1-2,0-1,0.8192767984893047,0.896047978390511,42.36174121967257,0.0767711799012063,41.54246442118326
94.33886777355471,0.9978735590024973,0.5055258216338983,0.4662206111486387,44.67285228833328,0-1,0-2,1-2,0-1,0.807373865828639,0.8889395254355013,42.418082864230925,0.08156565960686224,41.61070899840229
94.35887177435488,0.9958862171563239,0.4961468615382362,0.4582957423050722,44.7220816498117,0-1,0-2,1-2,0-1,0.7954738148430226,0.8818608563005208,42.47425573319192,0.0863870414574982,41.678781918348896
94.37887577515504,0.9938734393158383,0.48708442611966646,0.4507744544433171,44.7713108332385,0-1,0-2,1-2,0-1,0.7836181751141528,0.874815427955516,42.530256845439624,0.09119725284136326,41.746638670325474
94.3988797759552,0.9918358737442807,0.4783875389941865,0.44366107197715227,44.820539838978874,0-1,0-2,1-2,0-1,0.7718549427521436,0.8678066995589432,42.58608324103489,0.09595175680679957,41.81422829828275
94.41888377675535,0.9897741860462563,0.4701079430532293,0.4369586044670188,44.86976866739688,0-1,0-2,1-2,0-1,0.7602389949278957,0.8608381257852353,42.641731982580126,0.10059913085733962,41.88149298765223
94.43888777755552,0.9876890593916995,0.4622996319584227,0.43066865191422543,44.91899731885551,0-1,0-2,1-2,0-1,0.7488323447201749,0.8539131496211266,42.69720015664311,0.10508080490095173,41.948367811922935
94.45889177835568,0.9855811947361147,0.4550181938167386,0.4247913219403778,44.96822579371661,0-1,0-2,1-2,0-1,0.7377041640147404,0.8470351946435701,42.752484875240974,0.10933103062882976,42.01478071122624
94.47889577915583,0.9834513110363207,0.4483199509073616,0.41932516195747116,45.01745409234093,0-1,0-2,1-2,0-1,0.7269304944086609,0.8402076568122816,42.80758327738564,0.11327716240362073,42.080652782976976
94.49889977995599,0.9813001454609358,0.44226089121804874,0.4142671092242821,45.066682215088115,0-1,0-2,1-2,0-1,0.7165935650716233,0.8334338958314641,42.86249253069163,0.1168403307598408,42.145898965620006
94.51890378075616,0.9791284535947509,0.4368954044474617,0.4096124613080286,45.11591016231672,0-1,0-2,1-2,0-1,0.7067806459908947,0.8267172261572633,42.917209833047465,0.11993658016636854,42.21042918705657
94.53890778155632,0.9769370096361177,0.4322748564389918,0.40535486893281836,45.165137934384234,0-1,0-2,1-2,0-1,0.6975823884274218,0.8200609077481413,42.971732414351365,0.12247851932071951,42.274150025923944
94.55891178235647,0.9747266065864032,0.4284460599320128,0.4014863525182785,45.214365531647005,0-1,0-2,1-2,0-1,0.6890906438281911,0.8134681366736248,43.02605753831241,0.12437749284543376,42.33696689448421
94.57891578315663,0.9724980564305583,0.42544972293955724,0.39799734292674543,45.26359295446034,0-1,0-2,1-2,0-1,0.681395807225716,0.80694203571096,43.08018250431767,0.125546228485244,42.39878669709195
94.5989197839568,0.9702521903077461,0.42331897482173664,0.39487674609062473,45.312820203178454,0-1,0-2,1-2,0-1,0.6745837966785285,0.8004856450684628,43.13410464936612,0.12590184838993423,42.4595208526876
94.61892378475696,0.9679898586709684,0.4220780797148567,0.39211203033567604,45.36204727815451,0-1,0-2,1-2,0-1,0.6687328474468259,0.794101913377466,43.18782135006981,0.12536906593064012,42.519088502622985
94.63892778555712,0.9657119314345302,0.4217414436605427,0.38968933440617576,45.41127417974056,0-1,0-2,1-2,0-1,0.6639103556126361,0.7877936890918324,43.24133002472269,0.12388333347919633,42.57741966911006
94.65893178635727,0.963419298108192,0.42231300382274417,0.3875935934863087,45.460500908287614,0-1,0-2,1-2,0-1,0.6601700369156331,0.7815637124246879,43.29462813543747,0.12139367550905478,42.63445809852184
94.67893578715744,0.961112867916742,0.42378605676076087,0.38580867994258766,45.509727464145634,0-1,0-2,1-2,0-1,0.6575496616097244,0.7754146079374495,43.3477131903504,0.11786494632772515,42.690163528740676
94.6989397879576,0.9587935699037197,0.42614354208761734,0.3843175551160549,45.5589538476635,0-1,0-2,1-2,0-1,0.6560695807966388,0.7693488778768758,43.40058274589416,0.11327929708023698,42.74451316509752
94.71894378875776,0.9564623530179206,0.42935875449325506,0.38310242828686925,45.60818005918907,0-1,0-2,1-2,0-1,0.6557321788031406,0.7633688963335324,43.4532344091384,0.10763671753039183,42.79750223033526
94.73894778955791,0.9541201861813169,0.4333964182464711,0.3821449189183798,45.657406099069114,0-1,0-2,1-2,0-1,0.6565222834358381,0.7574769042707128,43.50566584019755,0.10095462083487472,42.84914355676171
94.75895179035808,0.9517680583369238,0.43821402997054665,0.38142621844904834,45.7066319676494,0-1,0-2,1-2,0-1,0.6584084605337559,0.7516750054485415,43.55787475470523,0.09326654491478559,42.899466294171475
94.77895579115824,0.9494069784751311,0.4437633612239032,0.38092724821294904,45.755857665274625,0-1,0-2,1-2,0-1,0.6613450304515949,0.745965163244513,43.60985892635432,0.08462013279291813,42.94851389590273
94.7989597919584,0.9470379756369276,0.4499920126022572,0.38062881049914427,45.80508319228847,0-1,0-2,1-2,0-1,0.6652745861889275,0.7403491983506936,43.661616189501494,0.07507461216176603,42.996341603312565
94.81896379275855,0.9446620988924594,0.4568449233674664,0.38051173026901913,45.85430854903356,0-1,0-2,1-2,0-1,0.6701307718159581,0.7348287873095929,43.713144441834885,0.06469801549363474,43.04301367001893
94.83896779355872,0.9422804172932564,0.46426576095314803,0.3805569856004478,45.90353373585154,0-1,0-2,1-2,0-1,0.6758410930888717,0.729405461836396,43.76444164710293,0.05356436874752424,43.08860055401406
94.85897179435888,0.939894019796468,0.4721981385867007,0.38074582548326746,45.952758753082975,0-1,0-2,1-2,0-1,0.6823295708683015,0.7240806088644269,43.81550583790263,0.04175103799612545,43.13317626703432
94.87897579515904,0.9375040151593657,0.4805866327552441,0.38105987412221765,46.00198360106744,0-1,0-2,1-2,0-1,0.689519100530747,0.7188554712438884,43.86633511852459,0.029336370713141324,43.17681601799384
94.89897979595919,0.9351115318023902,0.489377592544671,0.381481221388251,46.051208280143506,0-1,0-2,1-2,0-1,0.6973334358878552,0.7137311490202327,43.916927667852356,0.01639771313237748,43.2195942319645
94.91898379675936,0.9327177176389426,0.49851974852122466,0.38199249948122166,46.10043279064869,0-1,0-2,1-2,0-1,0.7056987658073126,0.7087086012181628,43.9672817423128,0.0030098354108502035,43.26158297650549
94.93898779755952,0.9303237398701276,0.5079646394578633,0.3825769462175352,46.14965713291956,0-1,0-2,1-2,0-1,0.7145448908972355,0.7037886480590976,44.01739567887415,-0.01075624283813792,43.302850787976915
94.95899179835968,0.9279307847426042,0.517666881275981,0.3832184556326561,46.198881307291636,0-1,0-2,1-2,0-1,0.7238060346598352,0.6989719735439407,44.067267898087906,-0.02483406111589448,43.34346186342807
94.97899579915983,0.92554005726774,0.5275843049482924,0.38390161679244267,46.24810531409946,0-1,0-2,1-2,0-1,0.7334213391888279,0.694259128338057,44.1168969071702,-0.03916221085077087,43.38347556798137
94.99899979995999,0.9231527809002078,0.5376779897972158,0.38461174184481106,46.29732915367658,0-1,0-2,1-2,0-1,0.7433351018650367,0.6896505329016686,44.16628130311803,-0.05368456896336815,43.422946201253
95.01900380076016,0.9207701971741973,0.5479122165703139,0.3853348844221714,46.34655282635553,0-1,0-2,1-2,0-1,0.7534968091496524,0.6851464808153415,44.215419775855125,-0.06835032833431098,43.46192296670547
95.03900780156032,0.9183935652954289,0.5582543616615416,0.3860578495346278,46.39577633246789,0-1,0-2,1-2,0-1,0.763861018920122,0.6807471422568897,44.26431111140188,-0.08311387666323233,43.500450092481756
95.05901180236047,0.9160241616871492,0.5686747504580183,0.3867681960836412,46.44499967234423,0-1,0-2,1-2,0-1,0.7743871358452125,0.6764525675926112,44.31295419506327,-0.09793456825260127,43.53856705921806
95.07901580316063,0.9136632794883734,0.5791464844234425,0.38745423308488225,46.49422284631412,0-1,0-2,1-2,0-1,0.7850391165288592,0.6722626910516658,44.36134801462808,-0.11277642547719335,43.57630889809922
95.0990198039608,0.9113122280026346,0.5896452534224913,0.38810501062576874,46.54344585470623,0-1,0-2,1-2,0-1,0.7957851335428106,0.6681773344581848,44.4094916635725,-0.12760779908462572,43.613706530029695
95.11902380476096,0.9089723320955909,0.6001491420700242,0.38871030650502036,46.59266869784818,0-1,0-2,1-2,0-1,0.8065972205823843,0.6641962110005145,44.457384344260454,-0.14240100958186974,43.65078712367807
95.13902780556111,0.9066449315398809,0.6106384365981574,0.3892606094146378,46.641891376066674,0-1,0-2,1-2,0-1,0.8174509150856996,0.6603189290215266,44.50502537113241,-0.157131986064173,43.68757445604671
95.15903180636127,0.9043313803057481,0.6210954368653991,0.38974709943399977,46.691113889687415,0-1,0-2,1-2,0-1,0.8283249098213139,0.6565449958174217,44.552414173874446,-0.17177991400389225,43.724089264053134
95.17903580716144,0.9020330457960051,0.6315042766480329,0.3901616265151441,46.74033623903517,0-1,0-2,1-2,0-1,0.8392007211194298,0.6528738214358014,44.599550300558064,-0.18632689968362837,43.76034957943863
95.1990398079616,0.8997513080240617,0.641850754204109,0.39049668755062084,46.78955842443375,0-1,0-2,1-2,0-1,0.8500623784810594,0.6493047224661692,44.64643342074139,-0.20075765601489015,43.796371042260326
95.21904380876175,0.8974875587338321,0.652122174230414,0.39074540253261375,46.83878044620599,0-1,0-2,1-2,0-1,0.8608961381076687,0.6458369258182499,44.693063328521596,-0.21505921228941882,43.83216719041393
95.23904780956191,0.8952432004605383,0.662307201690538,0.3909014902356192,46.88800230467379,0-1,0-2,1-2,0-1,0.8716902213090951,0.6424695724848943,44.739439945527856,-0.2292206488242008,43.86774972421876
95.25905181036208,0.8930196455315343,0.6723957275309647,0.3909592437856016,46.9372240001581,0-1,0-2,1-2,0-1,0.8824345776412003,0.6392017212877752,44.785563323843974,-0.24323285635342506,43.903128746202775
95.27905581116224,0.8908183150065054,0.6823787459819095,0.39091350641652806,46.98644553297895,0-1,0-2,1-2,0-1,0.8931206718849075,0.6360323526047793,44.83143364884898,-0.2570883192801282,43.93831297696407
95.2990598119624,0.8886406375565494,0.692248242927207,0.390759647660504,47.035666903455386,0-1,0-2,1-2,0-1,0.9037412935133016,0.6329603720787902,44.87705124196393,-0.2707809214345114,43.973309948450634
95.31906381276255,0.8864880482819237,0.7019970946959642,0.39049354017013865,47.08488811190557,0-1,0-2,1-2,0-1,0.9142903870292146,0.6299846143076868,44.92241656329255,-0.2843057727215278,44.00812617626334
95.33906781356272,0.8843619874684236,0.7116189765566379,0.3901115373308711,47.134109158646694,0-1,0-2,1-2,0-1,0.9247629014350013,0.6271038465158161,44.96753021414299,-0.2976590549191852,44.04276731270799
95.35907181436288,0.8822638992826524,0.7211082801650007,0.38961045178628195,47.18333004399505,0-1,0-2,1-2,0-1,0.9351546570745763,0.624316772207063,45.01239293941798,-0.3108378848675133,44.0772382823434
95.37907581516303,0.8801952304066761,0.7304600392183799,0.38898753497036986,47.23255076826599,0-1,0-2,1-2,0-1,0.9454622281326508,0.6216220347997762,45.05700562985991,-0.3238401933328746,44.11154340172726
95.39907981596319,0.878157428612901,0.7396698625899192,0.3882404577168223,47.281771331773946,0-1,0-2,1-2,0-1,0.9556828391628026,0.6190182212434326,45.10136932413754,-0.33666461791936997,44.14568648497474
95.41908381676336,0.8761519412802595,0.7487338742512413,0.3873672919959119,47.33099173483242,0-1,0-2,1-2,0-1,0.9658142741274807,0.6165038656169946,45.145485210760896,-0.3493104085104861,44.179670936633414
95.43908781756352,0.8741802138531581,0.7576486593344697,0.3863664938142989,47.38021197775405,0-1,0-2,1-2,0-1,0.9758547965564878,0.6140774527085124,45.18935462981052,-0.36177734384797533,44.21349983325403
95.45909181836367,0.8722436882449376,0.7664112157313138,0.38523688730122085,47.42943206085053,0-1,0-2,1-2,0-1,0.9858030795577534,0.6117374215755206,45.23297907446765,-0.3740656579822328,44.247175994909895
95.47909581916383,0.8703438011879907,0.775018910675113,0.3839776499958837,47.47865198443264,0-1,0-2,1-2,0-1,0.9956581445392555,0.6094821690852982,45.27636019233164,-0.3861759754539573,44.28070204779238
95.499099819964,0.8684819825329994,0.7834694417995296,0.38258829934494365,47.52787174881027,0-1,0-2,1-2,0-1,1.0054193076205902,0.6073100534341503,45.31949978651138,-0.39810925418643983,44.31408047889079
95.51910382076416,0.8666596535001586,0.7917608022137168,0.38106868041544484,47.5770913542924,0-1,0-2,1-2,0-1,1.0150861328243215,0.6052193976444914,45.36239981647747,-0.4098667351798301,44.34731368365315
95.53910782156431,0.8648782248855955,0.7998912491775232,0.3794189548271687,47.626310801187124,0-1,0-2,1-2,0-1,1.0246583912401697,0.6032084930385989,45.405062398662416,-0.42144989820157075,44.38040400742224
95.55911182236447,0.8631390952266226,0.807859276001131,0.3776395909087959,47.67553008980167,0-1,0-2,1-2,0-1,1.0341360254484995,0.6012756026875383,45.44748980679647,-0.43286042276096115,44.41335378134797
95.57911582316464,0.8614436489298022,0.8156635868312829,0.3757313550843837,47.72474922044231,0-1,0-2,1-2,0-1,1.0435191185739554,0.5994189648339818,45.48968447196739,-0.4441001537399736,44.44616535339343
95.5991198239648,0.8597932543662183,0.8233030740208586,0.37369530450022626,47.773968193414504,0-1,0-2,1-2,0-1,1.0528078674154169,0.5976367962874091,45.53164898239284,-0.4551710711280078,44.47884111497742
95.61912382476496,0.8581892619386996,0.8307767978100792,0.3715327809070629,47.82318700902278,0-1,0-2,1-2,0-1,1.0620025591655904,0.5959272957904215,45.57338608289505,-0.4660752633751689,44.51138352372946
95.63912782556511,0.8566330021261526,0.8380839680761649,0.36924540581869414,47.87240566757082,0-1,0-2,1-2,0-1,1.0711035512928435,0.5942886473546592,45.6148986740683,-0.47681490393818426,44.54379512277546
95.65913182636528,0.8551257835104881,0.8452239279340445,0.36683507697526213,47.92162416936137,0-1,0-2,1-2,0-1,1.0801112542103768,0.5927190235651774,45.65618981113041,-0.48739223064519943,44.57607855692003
95.67913582716544,0.8536688907920001,0.8521961389938792,0.36430396614765703,47.9708425146964,0-1,0-2,1-2,0-1,1.089026116403814,0.5912165888519938,45.69726270245087,-0.4978095275518202,44.608236586047056
95.6991398279656,0.852263582799363,0.8590001681019562,0.36165451832864437,48.02006070387693,0-1,0-2,1-2,0-1,1.0978486117287884,0.5897795027278553,45.73812070774913,-0.5080691090009332,44.64027209602035
95.71914382876575,0.8509110905007546,0.8656356754101087,0.35888945236628705,48.06927873720317,0-1,0-2,1-2,0-1,1.1065792286253626,0.5884059229910559,45.77876733595802,-0.5181733056343067,44.67218810733266
95.73914782956592,0.8496126150228683,0.8721024036354547,0.3560117631059669,48.11849661497442,0-1,0-2,1-2,0-1,1.1152184610271403,0.5870940088925011,45.81920624274847,-0.5281244521346392,44.70398778172133
95.75915183036608,0.8483693256848498,0.8784001683870922,0.3530247251186826,48.167714337489166,0-1,0-2,1-2,0-1,1.1237668007698136,0.5858419242660207,45.859441227713205,-0.537924876503793,44.73567442694339
95.77915583116624,0.8471823580544027,0.8845288494496261,0.34993189810518494,48.21693190504499,0-1,0-2,1-2,0-1,1.1322247313274865,0.5846478406211182,45.89947623120878,-0.5475768907063683,44.7672514998813
95.79915983196639,0.8460528120335159,0.8904883829252046,0.34673713407769446,48.26614931793867,0-1,0-2,1-2,0-1,1.1405927227254593,0.5835099401969388,45.939315330856445,-0.5570827825285205,44.79872260813099
95.81916383276656,0.8449817499813872,0.8962787541462555,0.3434445864332179,48.3153665764661,0-1,0-2,1-2,0-1,1.148871227496085,0.5824264189763,45.97896273770461,-0.5664448085197851,44.830091510208526
95.83916783356672,0.8439701948822429,0.9018999912804692,0.3400587210444646,48.36458368092236,0-1,0-2,1-2,0-1,1.1570606775596957,0.5813954896580203,46.01842279205685,-0.5756651879016753,44.861362114497155
95.85917183436688,0.84301912856579,0.9073521595579204,0.33658432950565165,48.41380063160165,0-1,0-2,1-2,0-1,1.165161481926143,0.5804153845854592,46.05769995897131,-0.584746097340684,44.89253847704517
95.87917583516703,0.8421294899880765,0.912635356057635,0.33302654468045945,48.46301742879738,0-1,0-2,1-2,0-1,1.173174025124062,0.5794843586280765,46.09679882343941,-0.5936896664959856,44.923624798315345
95.8991798359672,0.841302173580468,0.9177497049975296,0.3293908587072931,48.512234072802066,0-1,0-2,1-2,0-1,1.1810986662752498,0.5786006920120693,46.135724085252825,-0.6024979742631805,44.95462541897758
95.91918383676736,0.8405380276743789,0.9226953534775324,0.32568314362181766,48.56145056390743,0-1,0-2,1-2,0-1,1.188935738740269,0.5777626930944876,46.174480553570405,-0.6111730456457815,44.985544814830135
95.93918783756752,0.8398378530092351,0.9274724676309516,0.3219096747571563,48.61066690240435,0-1,0-2,1-2,0-1,1.196685550269168,0.5769687010736829,46.21307314119742,-0.6197168491954851,45.016387590928254
95.95919183836767,0.8384056036708811,0.9320812291438334,0.31807715707653633,48.65988308858289,1-2,0-2,1-2,0-1,1.2043483835977495,0.5762170886263499,46.251506858592194,-0.6281312949713996,45.04715847499445
95.97919583916784,0.8283376261077271,0.9365218321062262,0.3141927545794569,48.709099122732255,1-2,0-2,1-2,0-1,1.2119244974357672,0.5755062644589327,46.28978680761609,-0.6364182329768345,45.07786231018032
95.999199839968,0.8182873625144812,0.9407944801629938,0.31026412289806465,48.758315005140894,1-2,0-2,1-2,0-1,1.2194141277984099,0.5748346757574886,46.32791817504477,-0.6445794520409213,45.10850404724636
96.01920384076816,0.8082568034873997,0.9448993839351489,0.3062994451621919,48.80753073609636,1-2,0-2,1-2,0-1,1.2268174896369721,0.5742008105162387,46.365906225860016,-0.6526166791207334,45.139088736223044
96.03920784156831,0.7982479472183435,0.9488367586856482,0.3023074711556297,48.85674631588547,1-2,0-2,1-2,0-1,1.234134778728391,0.5736031997198328,46.40375629634286,-0.6605315790085582,45.16962151761447
96.05921184236848,0.7882627968753502,0.9526068222062546,0.29829755970814203,48.90596174479417,1-2,0-2,1-2,0-1,1.2413661737868789,0.5730404193490038,46.44147378698994,-0.668325754437875,45.20010761320306
96.07921584316864,0.7783033579140801,0.9562097929044465,0.2942797241622218,48.95517702310762,1-2,0-2,1-2,0-1,1.2485118387638432,0.57251109217254,46.47906415527628,-0.6760007465913032,45.23055231651244
96.0992198439688,0.7683716353270802,0.95964588807149,0.29026468061473376,49.00439215111018,1-2,0-2,1-2,0-1,1.2555719253050799,0.572013889281476,46.5165329082885,-0.6835580360236039,45.26096098298342
96.11922384476895,0.7584696308383664,0.9629153223147013,0.2862638984549135,49.05360712908541,1-2,0-2,1-2,0-1,1.262546575336535,0.571547531313127,46.55388559525346,-0.6909990440234081,45.291339019916926
96.13922784556912,0.7485993400508024,0.9660183061386417,0.2822896524950951,49.10282195731606,1-2,0-2,1-2,0-1,1.2694359237522452,0.5711107893045215,46.59112779998813,-0.6983251344477237,45.32169187623588
96.15923184636928,0.7387627495541329,0.9689550446615302,0.27835507571270984,49.15203663608408,1-2,0-2,1-2,0-1,1.2762401011799651,0.5707024851060547,46.628265133296594,-0.7055376160739104,45.35202503211663
96.17923584716944,0.7289618340014364,0.9717257364545469,0.2744742112865113,49.20125116567062,1-2,0-2,1-2,0-1,1.2829592368019134,0.5703214912784613,46.66530322534085,-0.712637745523452,45.382343988538935
96.1992398479696,0.7191985531620602,0.974330572492951,0.270662062214034,49.25046554635609,1-2,0-2,1-2,0-1,1.289593461209641,0.5699667303892023,46.70224771801206,-0.7196267308204386,45.41265425680242
96.21924384876976,0.7094748489588134,0.9767697352090627,0.26693463634267334,49.29967977842006,1-2,0-2,1-2,0-1,1.2961429092737273,0.5696371736204641,46.73910425732884,-0.7265057356532633,45.442961348055114
96.23924784956992,0.699792642497288,0.9790433976381843,0.26330898414164855,49.34889386214132,1-2,0-2,1-2,0-1,1.3026077230103974,0.5693318386003949,46.775878485888974,-0.7332758844100025,45.47327076287858
96.25925185037008,0.6901538310948006,0.98115172264945,0.2598032260039869,49.398107797797906,1-2,0-2,1-2,0-1,1.3089880544286612,0.569049786374906,46.81257603540062,-0.7399382680537552,45.50358798097196
96.27925585117023,0.6805602853164487,0.9830948622544406,0.25643656532654857,49.447321585667055,1-2,0-2,1-2,0-1,1.315284068342791,0.5687901174504125,46.84920251931855,-0.7464939508923786,45.53391845097576
96.2992598519704,0.6710138460252005,0.984872956987157,0.25322928311764076,49.49653522602522,1-2,0-2,1-2,0-1,1.3214959451363746,0.5685519668620101,46.885763525609946,-0.7529439782743644,45.56426758047357
96.31926385277056,0.661516321452727,0.9864861353496431,0.25020270948982626,49.54574871914813,1-2,0-2,1-2,0-1,1.3276238834653153,0.5683344982579448,46.92226460967379,-0.7592893852073705,45.594640726208475
96.33926785357072,0.6520694842970314,0.9879345133181856,0.2473791671930789,49.594962065310675,1-2,0-2,1-2,0-1,1.3336681028884574,0.5681368970432064,46.95871128743645,-0.765531205845251,45.62504318454799
96.35927185437087,0.6426750688526369,0.9892181939056001,0.2447818824304987,49.644175264787016,1-2,0-2,1-2,0-1,1.3396288464155528,0.5679583626928723,46.99510902864525,-0.7716704837226805,45.6554801822297
96.37927585517104,0.6333347681782482,0.9903372667756543,0.24243485868580666,49.69338831785056,1-2,0-2,1-2,0-1,1.3455063829635365,0.567798100430743,47.03146325037996,-0.7777082825327936,45.68595686741642
96.3992798559712,0.6240502313063305,0.9912918079061791,0.2403627102869593,49.74260122477393,1-2,0-2,1-2,0-1,1.3513010097130786,0.5676553125673047,47.0677793108014,-0.7836456971457739,45.71647830108832
96.41928385677136,0.6148230604981447,0.9920818792978753,0.23859045401984733,49.79181398582901,1-2,0-2,1-2,0-1,1.357013054358534,0.5675291898991365,47.10406250315414,-0.7894838644593974,45.74704944879561
96.43928785757151,0.6056548085472454,0.9927075287262707,0.23714325932898278,49.8410266012869,1-2,0-2,1-2,0-1,1.3626428772453207,0.5674189036798252,47.140318050039156,-0.7952239735654956,45.777675172793835
96.45929185837169,0.5965469761333837,0.99316878953468,0.23604616046056784,49.890239071417966,1-2,0-2,1-2,0-1,1.3681908733898662,0.5673235987695421,47.17655109797025,-0.8008672746203241,45.80836022458038
96.47929585917184,0.5875010092280948,0.9934656804664164,0.23532373717657687,49.93945139649184,1-2,0-2,1-2,0-1,1.3736574743781111,0.5672423886405471,47.21276671222674,-0.806415085737564,45.839109237848625
96.499299859972,0.5785182965521449,0.9935982055348742,0.23499977413738599,49.98866357677736,1-2,0-2,1-2,0-1,1.3790431501395723,0.5671743529443223,47.24896987201248,-0.8118687971952501,45.86992672187291
96.51930386077215,0.5696001670843321,0.9935663539304604,0.2350969123432625,50.03787561254268,1-2,0-2,1-2,0-1,1.384348410594709,0.567118538317316,47.28516546593037,-0.8172298722773931,45.90081705533566
96.53930786157233,0.5607478876199203,0.9933700999637003,0.23563630869147018,50.087087504055155,1-2,0-2,1-2,0-1,1.3895738071742652,0.567073963008279,47.32135828777874,-0.8224998441659862,45.93178448060448
96.55931186237248,0.5519626603761905,0.9930094030441896,0.23663732128208656,50.13629925158144,1-2,0-2,1-2,0-1,1.3947199342099539,0.5670396257482732,47.35755303267525,-0.8276803084616807,45.962833098465296
96.57931586317264,0.5432456206413967,0.9924842076954045,0.23811723820253147,50.18551085538743,1-2,0-2,1-2,0-1,1.3997874301966355,0.5670145190649786,47.393754293511115,-0.832772911131657,45.99396686331448
96.5993198639728,0.5345978344626215,0.9917944436057181,0.24009106591650034,50.234722315738296,1-2,0-2,1-2,0-1,1.404776978926707,0.5669976469848566,47.42996655773776,-0.8377793319418505,46.02518957881105
96.61932386477297,0.5260202963667491,0.990940025716327,0.24257139009643078,50.28393363289848,1-2,0-2,1-2,0-1,1.4096893104981225,0.5669880468003063,47.466194204485646,-0.8427012636978162,46.05650489398752
96.63932786557312,0.5175139271079043,0.9899208543471318,0.2455683170577976,50.3331448071317,1-2,0-2,1-2,0-1,1.4145252021979307,0.5669848143360539,47.50244150201388,-0.8475403878618768,46.08791629981595
96.65933186637328,0.5090795714334654,0.9887368153619916,0.2490894984039196,50.38235583870094,1-2,0-2,1-2,0-1,1.4192854792637795,0.5669871319622721,47.53871260548726,-0.8522983473015073,46.119427126223485
96.67933586717344,0.5007179958599033,0.9873877803751399,0.2531402357454875,50.43156672786845,1-2,0-2,1-2,0-1,1.4239710155261496,0.566994298493642,47.575011555076586,-0.8569767170325076,46.151040539550436
96.6993398679736,0.4924298864484017,0.9858736070009554,0.25772365711628864,50.480777474895774,1-2,0-2,1-2,0-1,1.4285827339345587,0.5670057600962252,47.61134227437617,-0.8615769738383335,46.18275954044161
96.71934386877376,0.48421584656928096,0.984194139149698,0.2628409525554428,50.52998808004375,1-2,0-2,1-2,0-1,1.4331216069711603,0.5670211413933128,47.647708569131716,-0.8661004655778475,46.21458696216055
96.73934786957392,0.4760763946429794,0.9823492073722607,0.2684916536507929,50.57919854357247,1-2,0-2,1-2,0-1,1.4375886569555034,0.567040276103105,47.684114126270174,-0.8705483808523984,46.24652546931467
96.75935187037408,0.4680119618444241,0.9803386292574818,0.2746739407695518,50.62840886574135,1-2,0-2,1-2,0-1,1.4419849562442646,0.5670632367300138,47.72056251322279,-0.8749217195142508,46.278577556978526
96.77935587117425,0.460022889756266,0.9781622098860585,0.2813849621321156,50.677619046809056,1-2,0-2,1-2,0-1,1.4463116273299699,0.5670903630417802,47.757057177530854,-0.8792212642881897,46.310745550200885
96.7993598719744,0.45210942795543374,0.9758197423456793,0.28862115052183573,50.72682908703357,1-2,0-2,1-2,0-1,1.4505698428426832,0.5671222892697831,47.793601446723876,-0.8834475535729001,46.343031603881194
96.81936387277456,0.4442717315160773,0.9733110083125862,0.296378525875852,50.77603898667216,1-2,0-2,1-2,0-1,1.4547608254586908,0.5671599701512491,47.830198528458276,-0.8876008553074417,46.375437702999584
96.83936787357472,0.43650985841090467,0.9706357787054496,0.30465297486016474,50.825248745981405,1-2,0-2,1-2,0-1,1.4588858477200302,0.5672047060758856,47.86685151090488,-0.8916811416441446,46.40796566318485
96.85937187437487,0.4288237667913749,0.9677938144181574,0.3134405014335704,50.87445836521719,1-2,0-2,1-2,0-1,1.462946231768633,0.5672581677019238,47.90356336337271,-0.8956880640667092,46.44061713160408
96.87937587517504,0.42121331212590324,0.9647848671389242,0.32273744507390784,50.92366784463466,1-2,0-2,1-2,0-1,1.46694334899862,0.5673224204673598,47.9403369371563,-0.8996209285312601,46.473393588157684
96.8993798759752,0.41367824417369914,0.9616086802640026,0.3325406656000632,50.97287718448831,1-2,0-2,1-2,0-1,1.470878619629982,0.5673999494471608,47.97717496659368,-0.9034786701828211,46.506296346963694
96.91938387677536,0.4062182037700998,0.9582649899152469,0.34284769529123793,51.02208638503194,1-2,0-2,1-2,0-1,1.474753512206606,0.5674936850035919,48.01408007032181,-0.9072598272030141,46.53932655811521
96.93938787757551,0.398832719397627,0.9547535260718564,0.3536568602722587,51.071295446518626,1-2,0-2,1-2,0-1,1.4785695430211354,0.5676070296516259,48.05105475271656,-0.9109625133695095,46.57248520969542
96.95939187837568,0.39152120351479097,0.951074013827819,0.3649673739424461,51.12050436920079,1-2,0-2,1-2,0-1,1.4823282754687548,0.567743886522847,48.088101405504304,-0.9145843889459078,46.60577313003555
96.97939587917584,0.38428294861256246,0.9472261747878878,0.37677940564687645,51.16971315333015,1-2,0-2,1-2,0-1,1.4860313193314343,0.5679086897636332,48.12522230953205,-0.9181226295678011,46.63919099020062
96.999399879976,0.377117122965743,0.9432097286164096,0.38909412790475617,51.218921799157755,1-2,0-2,1-2,0-1,1.4896803299936126,0.5681064371517889,48.16241963668388,-0.9215738928418237,46.67273930669027
97.01940388077615,0.37002276604375717,0.9390243947549437,0.40191374540026586,51.26813030693396,1-2,0-2,1-2,0-1,1.4932770075895991,0.568342725161248,48.19969545193141,-0.9249342824283512,46.706418444341814
97.03940788157632,0.36299878354187565,0.9346698943264533,0.415241508677211,51.31733867690847,1-2,0-2,1-2,0-1,1.496823096082298,0.5686237866490697,48.23705171550643,-0.9281993094332283,46.74022861942414
97.05941188237648,0.35604394199018546,0.930145952245879,0.4290817151176244,51.36654690933027,1-2,0-2,1-2,0-1,1.500320382272028,0.568956531280877,48.27449028518462,-0.9313638509911509,46.77416990291259
97.07941588317664,0.3491568628930123,0.9254522995591852,0.44343969936954236,51.41575500444772,1-2,0-2,1-2,0-1,1.5037706947333722,0.5693485887497829,48.31201291866955,-0.9344221059835893,46.80824222393618
97.0994198839768,0.34233601634645083,0.9205886760355221,0.4583218149509666,51.464962962508466,1-2,0-2,1-2,0-1,1.5071759026769695,0.5698083547762544,48.34962127606699,-0.9373675479007152,46.84244537339002
97.11942388477696,0.3355797140753422,0.9155548330399956,0.4737354083147856,51.51417078375953,1-2,0-2,1-2,0-1,1.5105379147321656,0.5703450398005768,48.38731692244022,-0.9401928749315888,46.87677900770805
97.13942788557712,0.32888610182390693,0.9103505367177381,0.48968878622335377,51.56337846844725,1-2,0-2,1-2,0-1,1.5138586776452359,0.5709687201907282,48.42510133043784,-0.9428899574545077,46.9112426527926
97.15943188637728,0.3222531510255014,0.9049755715235593,0.5061911768547067,51.61258601681728,1-2,0-2,1-2,0-1,1.5171401748866615,0.5716903916835309,48.46297588298627,-0.9454497832031307,46.94583570809961
97.17943588717743,0.31567864966687814,0.8994297441354812,0.5232526846429604,51.66179342911463,1-2,0-2,1-2,0-1,1.5203844251594782,0.5725220246500429,48.50094187604056,-0.9478624005094354,46.98055745088108
97.1994398879776,0.30916019224988045,0.8937128877949814,0.5408842384374495,51.71100070558368,1-2,0-2,1-2,0-1,1.523593480799246,0.5734766206231396,48.53900052138751,-0.9501168601761063,47.01540704058826
97.21944388877776,0.3026951687389143,0.8878248671218534,0.5590975321400042,51.76020784646809,1-2,0-2,1-2,0-1,1.5267694260544178,0.5745682693386951,48.57715294949693,-0.9522011567157227,47.05038352344251
97.23944788957792,0.2962807523646411,0.8817655834572992,0.5779049565369931,51.80941485201093,1-2,0-2,1-2,0-1,1.5299143752340774,0.5758122053157851,48.61540021241756,-0.9541021699182922,47.085485837183484
97.25945189037807,0.28991388613303454,0.875534980795302,0.5973195205706564,51.85862172245459,1-2,0-2,1-2,0-1,1.5330304707078595,0.5772248627268447,48.65374328671604,-0.9558056079810148,47.12071281600819
97.27945589117824,0.2835912678626686,0.869133052369557,0.6173547597804233,51.90782845804081,1-2,0-2,1-2,0-1,1.5361198807406307,0.5788239269778614,48.69218307645879,-0.9572959537627692,47.15606319571816
97.2994598919784,0.27730933354141307,0.8625598479713766,0.6205536808665741,51.95703505901069,1-2,0-2,0-2,0-1,1.5391847971419257,0.580628381020084,48.730720416238384,-0.9585564161218417,47.191535619096456
97.31946389277856,0.2710642387545694,0.8558154820831646,0.6102314868202228,52.00624152560467,1-2,0-2,0-2,0-1,1.5422274327073398,0.5826585439380554,48.76935607424842,-0.9595688887692844,47.22712864154108
97.33946789357871,0.26485183788862604,0.8489001429223675,0.599779433167185,52.05544785806259,1-2,0-2,0-2,0-1,1.5452500184259252,0.5849360987906761,48.80809075541346,-0.9603139196352491,47.262840736987535
97.35947189437888,0.2586676607552294,0.8418141025024473,0.5892089838201747,52.104654056623595,1-2,0-2,0-2,0-1,1.5482548004242467,0.5874841060105713,48.8469251045831,-0.9607706944136754,47.298670304158854
97.37947589517904,0.2525068862061575,0.834557727830509,0.5785333929873173,52.15386012152622,1-2,0-2,0-2,0-1,1.551244036613934,0.5903269978781646,48.88585970980399,-0.9609170387357694,47.33461567319005
97.3994798959792,0.24636431221742872,0.8271314933759482,0.5677679306105748,52.20306605300838,1-2,0-2,0-2,0-1,1.5542199930054952,0.5934905486699318,48.92489510568699,-0.9607294443355634,47.370675112681496
97.41948389677935,0.24023432180428905,0.8195359949610664,0.5569301332255958,52.25227185130732,1-2,0-2,0-2,0-1,1.5571849396466275,0.5970018140263239,48.96403177689361,-0.9601831256203036,47.40684683724699
97.43948789757953,0.23411084398083154,0.8117719652432291,0.5460400810203363,52.30147751665969,1-2,0-2,0-2,0-1,1.5601411461385606,0.6008890318940452,49.00327016177195,-0.9592521142445154,47.44312901563339
97.45949189837968,0.2279873087892156,0.8038402909790582,0.535120700903862,52.350683049301495,1-2,0-2,0-2,0-1,1.563090876678923,0.6051814760806401,49.042610656182866,-0.957909400598283,47.479519779503946
97.47949589917984,0.22185659517993356,0.7957420322846105,0.5241980939330918,52.39988844946811,1-2,0-2,0-2,0-1,1.5660363845745973,0.6099092520507806,49.082053617568405,-0.9561271325238166,47.51601723299381
97.49949989998,0.21571097020835647,0.7874784441317273,0.5133018833204616,52.44909371739429,1-2,0-2,0-2,0-1,1.5689799061630652,0.6151030231588637,49.12159936933143,-0.9538768830042015,47.55261946316836
97.51950390078017,0.20954201759739993,0.7790510003500383,0.5024655762675214,52.498298853314175,1-2,0-2,0-2,0-1,1.571923654076491,0.6207936541692441,49.16124820561659,-0.9511299999072468,47.589324551540095
97.53950790158032,0.2033405531655736,0.7704614204367067,0.4917269288280498,52.54750385746128,1-2,0-2,0-2,0-1,1.5748698097796767,0.6270117578512395,49.20100039661283,-0.9478580519284372,47.62613058683315
97.55951190238048,0.19709652388077967,0.7617116995121325,0.48112829769524307,52.596708730068485,1-2,0-2,0-2,0-1,1.5778205153123597,0.6337871299386888,49.24085619453774,-0.9440333853736709,47.66303567922538
97.57951590318063,0.1907988862968983,0.7528041417997078,0.47071695607927605,52.64591347136809,1-2,0-2,0-2,0-1,1.5807778641695922,0.6411480582249678,49.28081584052203,-0.9396298059446244,47.70003797635244
97.5995199039808,0.18443545874825787,0.7437413980514187,0.46054534267262737,52.695118081591765,1-2,0-2,0-2,0-1,1.5837438912641475,0.6491204935843428,49.32087957269258,-0.9346233976798047,47.737135681428434
97.61952390478096,0.17799273974588656,0.7345265073886256,0.4506712033177216,52.74432256097055,1-2,0-2,0-2,0-1,1.5867205619362301,0.6577270749755191,49.361047635870726,-0.928993486960711,47.774327073934494
97.63952790558112,0.1714556822750349,0.725162944078538,0.4411575750308775,52.79352690973492,1-2,0-2,0-2,0-1,1.5897097600156733,0.6669860078052449,49.40132029347478,-0.9227237522104285,47.81161053345911
97.65953190638128,0.16480740972256464,0.7156546698212615,0.43207255273708145,52.842731128114686,1-2,0-2,0-2,0-1,1.59271327501209,0.6769098062013268,49.44169784247568,-0.9158034688107632,47.848984567463596
97.67953590718145,0.15802885329903327,0.7060061921789983,0.42348877245815564,52.89193521633909,1-2,0-2,0-2,0-1,1.5957327886296055,0.6875039252998837,49.48218063265341,-0.9082288633297219,47.886447844023806
97.6995399079816,0.15109828196439828,0.6962226298366808,0.4154825436789104,52.94113917463679,1-2,0-2,0-2,0-1,1.5987698610097945,0.6987653294668253,49.52276909202909,-0.9000045315429691,47.923999231019295
97.71954390878176,0.1439906821463039,0.686309785439858,0.40813257184120966,52.9903430032358,1-2,0-2,0-2,0-1,1.6018259174620757,0.7106810651105848,49.56346376136223,-0.8911448523514909,47.96163784390016
97.73954790958192,0.13667692266410428,0.6762742268079824,0.40151823323552266,53.039546702363566,1-2,0-2,0-2,0-1,1.6049022370603219,0.7232269291904522,49.604265342294816,-0.8816753078698697,47.999363105234494
97.75955191038209,0.12912260422293734,0.6661233773648688,0.3957174019337858,53.08875027224694,1-2,0-2,0-2,0-1,1.6079999455887168,0.7363663410004824,49.64517476664759,-0.8716336045882345,48.037174821058876
97.77955591118224,0.12128643113498669,0.6558656166567848,0.39080388227178897,53.137953713112125,1-2,0-2,0-2,0-1,1.6111200173506153,0.7500495268421675,49.6861932996376,-0.8610704905084478,48.075073282286986
97.7995599119824,0.11311783248778515,0.6455103918338039,0.38684456681374296,53.18715702518482,1-2,0-2,0-2,0-1,1.6142632942431814,0.7642131036183327,49.727322699726386,-0.8500501906248487,48.113059405483206
97.81956391278256,0.10455335160567944,0.6350683409400586,0.3838965091422785,53.23636020869006,1-2,0-2,0-2,0-1,1.6174305383388599,0.7787800843292484,49.76856547768054,-0.8386504540096115,48.15113493934168
97.83956791358273,0.09551090354939731,0.6245514287778708,0.3820041583589683,53.285563263852325,1-2,0-2,0-2,0-1,1.6206225510605528,0.7936602071795316,49.809925339995104,-0.8269623438810212,48.189302788934555
97.85957191438288,0.08588008812948651,0.6139730959590295,0.3811970306084491,53.33476619089551,1-2,0-2,0-2,0-1,1.6238404313091985,0.8087502757110319,49.851408001163584,-0.8150901555981667,48.227567569854386
97.87957591518304,0.07550454953937606,0.6033484215074221,0.38148807795275935,53.38396899004291,1-2,0-2,0-2,0-1,1.6270861466226598,0.8239337980739995,49.89302280793204,-0.8031523485486604,48.26593666130938
97.8995799159832,0.06414632712845067,0.5926942989973782,0.38287295131375376,53.43317166151726,1-2,0-2,0-2,0-1,1.630363895018403,0.8390783305895132,49.934786398556035,-0.7912855644288898,48.30442250353763
97.91958391678337,0.051402013661361774,0.5820296256599721,0.38533024994700416,53.482374205540694,1-2,0-2,0-2,0-1,1.63368384521753,0.8540264304832054,49.97673252052734,-0.7796574147343246,48.34304867530981
97.93958791758352,0.036450059893885646,0.5713755031149143,0.38882272554325026,53.53157662233478,1-2,0-2,0-2,0-1,1.6370754728020083,0.8685665701338543,50.01894725819856,-0.768508902668154,48.38187178539655
97.95959191838368,0.01675333263758306,0.5607554473298357,0.3932992917176958,53.58077891212051,1-2,0-2,0-2,0-1,1.64067572637372,0.882316253845461,50.06181413268073,-0.758359472528259,48.42113840630701
97.97959591918384,0.017838009643618032,0.5501956040062111,0.3986976041452218,53.62998107511831,1-2,0-2,0-2,0-1,1.6454779745837038,0.9039589233115155,50.111529936548756,-0.7415190512721883,48.46605196196505
97.999599919984,0.03718404682643325,0.5397249637738937,0.40494693751765115,53.679183111548,1-2,0-2,0-2,0-1,1.6488320990408192,0.9264664041506395,50.15665246074302,-0.7223656948901797,48.5078203617022
98.01960392078416,0.052007490051828954,0.5293755692819154,0.4119710938581273,53.72838502162887,1-2,0-2,0-2,0-1,1.6521888149298305,0.9474826301299012,50.20088208343453,-0.7047061847999293,48.5486932685047
98.03960792158432,0.06467676906663829,0.5191827034589709,0.4196911219943686,53.7775868055796,1-2,0-2,0-2,0-1,1.6556155063549798,0.9677494113701613,50.244824366248636,-0.6878660949848184,48.58920885989366
98.05961192238448,0.07598258603380968,0.5091850448808307,0.4280276936056359,53.82678846361838,1-2,0-2,0-2,0-1,1.659113444468587,0.9874611292301106,50.28864671207317,-0.6716523152384765,48.62953326760458
98.07961592318465,0.08631707902857068,0.4994247723932358,0.43690305066265744,53.87598999596275,1-2,0-2,0-2,0-1,1.66267223394409,1.0066937443030728,50.33242400054109,-0.6559784896410172,48.669751766596995
98.0996199239848,0.09591257164334654,0.4899475970788391,0.4462424999185294,53.925191402829725,1-2,0-2,0-2,0-1,1.666277207318609,1.0254829948409445,50.376197384753766,-0.6407942124776644,48.70992017743516
98.11962392478496,0.10492195594306279,0.4808026956669197,0.45597547575932457,53.97439268443577,1-2,0-2,0-2,0-1,1.669911214776221,1.043848645674529,50.41999233189684,-0.6260625691016919,48.75008111712062
98.13962792558512,0.11345316024186322,0.472042516115836,0.46603622168867986,54.02359384099678,1-2,0-2,0-2,0-1,1.6735551737776837,1.0618038809586305,50.46382586686717,-0.6117512928190532,48.79027069308948
98.15963192638529,0.12158630254594582,0.46372242414778053,0.4763641549443338,54.07279487272808,1-2,0-2,0-2,0-1,1.6771882876900788,1.0793593480305483,50.50770999704853,-0.5978289396595304,48.83052170935845
98.17963592718544,0.12938315061277975,0.4559001600275624,0.48690398180771466,54.12199577984446,1-2,0-2,0-2,0-1,1.680788198164942,1.09652495551659,50.551653523361026,-0.584263242648352,48.870865325196085
98.1996399279856,0.13689274946839095,0.44863507907561967,0.4976056269141453,54.17119656256016,1-2,0-2,0-2,0-1,1.6843311697660244,1.113310640682343,50.595663080074814,-0.5710205290836814,48.91133191030879
98.21964392878576,0.14415497033889807,0.44198715852197723,0.5084240316080482,54.22039722108885,1-2,0-2,0-2,0-1,1.6877923513809114,1.1297266429991744,50.63974377086984,-0.5580657083817371,48.95195141948893
98.23964792958593,0.15120285537199749,0.436015768280891,0.5193188665712392,54.269597755643666,1-2,0-2,0-2,0-1,1.6911461359822528,1.1457835410362254,50.68389957807186,-0.5453625949460275,48.99275344208961
98.25965193038608,0.15806422684273588,0.4307782242774888,0.530254194188591,54.31879816643718,1-2,0-2,0-2,0-1,1.694366625831302,1.1614921818851809,50.7281336370625,-0.532874443946121,49.0337670112312
98.27965593118624,0.1647628271985033,0.4263281691170101,0.5411981073116422,54.367998453681466,1-2,0-2,0-2,0-1,1.6974281972244338,1.1768635694047613,50.77244842675,-0.5205646278196725,49.07502022952557
98.2996599319864,0.17131914878069307,0.4227138536097657,0.5521223636429693,54.41719861758799,1-2,0-2,0-2,0-1,1.7003061455269046,1.1919087450185049,50.816845905717436,-0.5083974005083998,49.116539760190534
98.31966393278657,0.17775105185435888,0.4199764197617909,0.5630020289760688,54.46639865836772,1-2,0-2,0-2,0-1,1.7029773779626716,1.2066386774432547,50.861327612037975,-0.49633870051941686,49.1583502340753
98.33966793358672,0.18407423434042994,0.41814830593164526,0.5738151378880944,54.51559857623107,1-2,0-2,0-2,0-1,1.70542111013036,1.2210641683695012,50.90589473808931,-0.48435694176085886,49.20047362795895
98.35967193438688,0.19030259522820395,0.4172519024332135,0.5845423770108285,54.564798371387916,1-2,0-2,0-2,0-1,1.707619514755866,1.235195776119073,50.950548187733425,-0.4724237386367929,49.242928672977555
98.37967593518704,0.19644852019540604,0.4172985768319842,0.5951667934877596,54.613998044047605,1-2,0-2,0-2,0-1,1.709558269877379,1.249043756734563,50.995288620783214,-0.4605145131428161,49.28573035090584
98.39967993598721,0.20252310927101222,0.41828816138242925,0.6056735294595029,54.66319759441893,1-2,0-2,0-2,0-1,1.711226959689786,1.2626180207409354,51.04011648812436,-0.44860893894885057,49.32888952843457
98.41968393678737,0.20853636061487021,0.42020895320808893,0.6160495822282062,54.71239702271019,1-2,0-2,0-2,0-1,1.7126192943779672,1.2759281033580367,51.085032059847975,-0.4366911910199305,49.37241276547001
98.43968793758752,0.21449732058325297,0.4230382273345014,0.6262835889866089,54.76159632912911,1-2,0-2,0-2,0-1,1.7137331335404407,1.2889831458870484,51.1300354480732,-0.4247499876533922,49.41630231453276
98.45969193838768,0.22041420754863825,0.4267432121892554,0.6363656345416894,54.81079551388292,1-2,0-2,0-2,0-1,1.7145703180974634,1.301791886144024,51.175126625677834,-0.41277843195343933,49.46055630758037
98.47969593918785,0.2262945150402592,0.43128243531632376,0.6462870802256375,54.85999457717831,1-2,0-2,0-2,0-1,1.715136334311742,1.3143626560560848,51.220305441834185,-0.40077367825565724,49.50516910752244
98.499699939988,0.2321450984103462,0.43660732019765036,0.6560404120999183,54.90919351922143,1-2,0-2,0-2,0-1,1.715439847666088,1.326703384806185,51.265571635020834,-0.3887364628599028,49.55013178735474
98.51970394078816,0.2379722482418219,0.44266390594583666,0.6656191065710324,54.958392340217934,1-2,0-2,0-2,0-1,1.7154921520381057,1.3388216061769678,51.31092484401838,-0.3766705458611379,49.59543269198028
98.53970794158832,0.2437817529843874,0.44939456908249037,0.6750175116127792,55.00759104037295,1-2,0-2,0-2,0-1,1.7153065806198586,1.350724468985693,51.35636461727822,-0.36458211163416565,49.64105803665836
98.55971194238849,0.24957895276262504,0.4567396465762842,0.6842307419035419,55.05678961989106,1-2,0-2,0-2,0-1,1.714897920414973,1.3624187497142781,51.401890420965955,-0.3524791707006949,49.686992500550986
98.57971594318865,0.2553687858896219,0.46463888631445543,0.6932545863203844,55.10598807897636,1-2,0-2,0-2,0-1,1.7142818637764619,1.373910866619175,51.44750164591599,-0.3403709971572868,49.73321978213953
98.5997199439888,0.26115582930711373,0.47303267986708597,0.702085426372425,55.15518641783241,1-2,0-2,0-2,0-1,1.71347452039495,1.3852068947572296,51.49319761368365,-0.3282676256377204,49.779723093288695
98.61972394478896,0.26694433393226985,0.4818630585926937,0.7107201642960388,55.204384636662255,1-2,0-2,0-2,0-1,1.7124920031929278,1.3963125814883093,51.53897758184412,-0.31617942170461855,49.826485578651194
98.63972794558913,0.2727382557043281,0.491074455268611,0.7191561596689378,55.253582735668445,1-2,0-2,0-2,0-1,1.7113500929619228,1.4072333621173367,51.58484074865782,-0.304116730844586,49.873490655695896
98.65973194638929,0.2785412829775625,0.5006142485142056,0.7273911735261244,55.302780715053004,1-2,0-2,0-2,0-1,1.7100639799334092,1.4179743754203589,51.630786257199624,-0.2920896045130503,49.920722277266215
98.67973594718944,0.2843568607913564,0.510433116504368,0.735423319076609,55.351978575017434,1-2,0-2,0-2,0-1,1.708648075938404,1.4285404788651246,51.676813199030974,-0.28010759707327937,49.96816512309257
98.6997399479896,0.2901882124558213,0.5204852307627875,0.7432510182250395,55.40117631576277,1-2,0-2,0-2,0-1,1.707115888183775,1.4389362633886584,51.7229206174806,-0.2681796247951165,50.015804729296825
98.71974394878976,0.2960383588176466,0.5307283214003001,0.7508729631970791,55.450373937489495,1-2,0-2,0-2,0-1,1.7054799445788111,1.449166067635617,51.7691075105875,-0.2563138769431941,50.06362756600869
98.73974794958993,0.30191013551115525,0.5411236432450731,0.7582880826519107,55.49957144039762,1-2,0-2,0-2,0-1,1.703751760557938,1.4592339915932577,51.81537283375175,-0.24451776896468025,50.11162107319382
98.75975195039008,0.30780620845112194,0.5516358689474798,0.7654955117403078,55.54876882468664,1-2,0-2,0-2,0-1,1.7019418380717712,1.4691439095837693,51.861715502130366,-0.23279792848800196,50.1597736640586
98.77975595119024,0.3137290877844393,0.5622329311380558,0.7724945656330813,55.597966090555545,1-2,0-2,0-2,0-1,1.700059688539085,1.4788994825939374,51.908134392810624,-0.22116020594514763,50.20807470427154
98.7997599519904,0.31968114048507035,0.5728858316309161,0.7792847161031691,55.64716323820285,1-2,0-2,0-2,0-1,1.698113872830367,1.4885041699364252,51.95462834678747,-0.20960970289394187,50.256514473957104
98.81976395279057,0.32566460175003376,0.5835684318455684,0.7858655707960364,55.696360267826535,1-2,0-2,0-2,0-1,1.69611205263105,1.49796124024799,52.00119617076839,-0.19815081238305998,50.30508411813734
98.83976795359072,0.33168158533175474,0.5942572352533562,0.7922368548681207,55.74555717962413,1-2,0-2,0-2,0-1,1.694061048713335,1.5072737818377284,52.04783663882518,-0.18678726687560654,50.353775590111844
98.85977195439088,0.3377340929236234,0.6049311698131961,0.798398394712559,55.794753973792595,1-2,0-2,0-2,0-1,1.6919669026809891,1.5164447124042741,52.094548493909855,-0.175522190276715,50.402581591228866
98.87977595519104,0.3438240226998403,0.6155713760442645,0.804350103525987,55.84395065052849,1-2,0-2,0-2,0-1,1.6898349396243169,1.525476788144593,52.14133044924931,-0.16435815147972388,50.45149550962499
98.8997799559912,0.34995317709763624,0.6261610045483826,0.8100919685004351,55.893147210027834,1-2,0-2,0-2,0-1,1.68766982983576,1.53437261227972,52.18818118963149,-0.15329721755603987,50.50051135979573
98.91978395679136,0.3561232699186879,0.6366850253793735,0.8156240394507802,55.94234365248615,1-2,0-2,0-2,0-1,1.6854756483041566,1.5431346430241168,52.235099372594334,-0.1423410052800398,50.54962372429018
98.93978795759152,0.36233593281721355,0.6471300505919888,0.8209464187113216,55.99153997809849,1-2,0-2,0-2,0-1,1.6832559311469548,1.551765201026137,52.28208362952717,-0.1314907301208179,50.59882769838022
98.95979195839168,0.3685927212339827,0.6574841705228333,0.8260592521552597,56.04073618705942,1-2,0-2,0-2,0-1,1.6810137284750704,1.5602664763069647,52.32913256669329,-0.12074725216810567,50.64811883821822
98.97979595919185,0.37489511982870144,0.6677368038005618,0.8309627212085392,56.08993227956303,1-2,0-2,0-2,0-1,1.6787516534344447,1.5686405347251833,52.37624476618122,-0.11011111870926138,50.69749311274678
98.999799959992,0.38124454745713576,0.6778785607015695,0.8356570357449814,56.139128255802895,1-2,0-2,0-2,0-1,1.6764719273490756,1.5768893239932644,52.42341878679162,-0.09958260335581115,50.746946859442545
99.01980396079216,0.38764236173429667,0.687901119218405,0.8401424277631837,56.18832411597212,1-2,0-2,0-2,0-1,1.6741764210176278,1.5850146792714674,52.470653164865645,-0.08916174174616032,50.79647674384802
99.03980796159232,0.3940898632203744,0.6977971130573253,0.844419145757535,56.237519860263376,1-2,0-2,0-2,0-1,1.671866692301952,1.5930183283633448,52.51794641506032,-0.07884836393860728,50.84607972275837
99.05981196239249,0.4005882992623571,0.7075600307021515,0.8484874497061002,56.286715488868786,1-2,0-2,0-2,0-1,1.669544020201299,1.600901896536017,52.56529703107586,-0.06864212366528188,50.89575301087456
99.07981596319264,0.407138867520735,0.7171841246532334,0.8523476066072796,56.335911001980044,1-2,0-2,0-2,0-1,1.667209435638506,1.6086669109869838,52.61270348633906,-0.05854252465152232,50.94549405070055
99.0998199639928,0.41374271920782413,0.7266643299572465,0.8559998865051658,56.38510639978834,1-2,0-2,0-2,0-1,1.6648637492004,1.6163148049780685,52.66016423464696,-0.04854894422233147,50.99530048544656
99.11982396479296,0.4204009620614355,0.7359961911739402,0.859444558950601,56.4343016824844,1-2,0-2,0-2,0-1,1.662507576078741,1.6238469216556504,52.70767771077439,-0.038660654423090524,51.04517013469565
99.13982796559313,0.4271146630754565,0.7451757969712125,0.8626818898511559,56.483496850258526,1-2,0-2,0-2,0-1,1.6601413584540603,1.631264517575219,52.755242331048564,-0.028876840878841348,51.0951009725945
99.15983196639328,0.4338848510067073,0.7541997215936798,0.8657121386687501,56.53269190330045,1-2,0-2,0-2,0-1,1.657765385555294,1.638568765946921,52.80285649389389,-0.019196619608373044,51.1450911083386
99.17983596719344,0.44071251867574773,0.7630649725078196,0.8685355559284834,56.58188684179952,1-2,0-2,0-2,0-1,1.6553798116153353,1.6457607596177088,52.85051858034972,-0.009619051997626471,51.19513876873439
99.1998399679936,0.4475986250774745,0.7717689435856214,0.8711523810065593,56.63108166594459,1-2,0-2,0-2,0-1,1.6529846719278332,1.6528415138043646,52.89822695456362,-0.00014315812346854528,51.245242282635786
99.21984396879377,0.454544097316087,0.7803093732464245,0.8735628401689799,56.68027637592405,1-2,0-2,0-2,0-1,1.6505798971949937,1.6598119685907458,52.94597996426261,0.009232071395752106,51.29540006706762
99.23984796959392,0.46154983237752684,0.7886843070318922,0.8757671448361026,56.72947097192579,1-2,0-2,0-2,0-1,1.648165326340345,1.6666729912014138,52.99377594120461,0.018507664861068696,51.34561061486426
99.25985197039408,0.46861669875146483,0.7968920641409991,0.8777654900511674,56.77866545413731,1-2,0-2,0-2,0-1,1.6457407179450456,1.673425378062941,53.04161320161206,0.027684660117895277,51.39587248366701
99.27985597119424,0.47574553791367014,0.8049312075001139,0.8795580531336142,56.82785982274558,1-2,0-2,0-2,0-1,1.6433057604515167,1.6800698566630639,53.089490046589944,0.03676409621154719,51.446184286138426
99.29985997199441,0.48293716567880207,0.8128005169875137,0.881144992500446,56.87705407793717,1-2,0-2,0-2,0-1,1.640860081264381,1.6866070872171277,53.137404762529776,0.04574700595274672,51.4965446812654
99.31986397279456,0.4901923734326679,0.820498965472,0.8825264466410913,56.92624821989811,1-2,0-2,0-2,0-1,1.638403254865739,1.693037664150279,53.18535562150154,0.05463440928453989,51.54695236663581
99.33986797359472,0.49751192925233356,0.8280256973618123,0.8837025332332058,56.97544224881406,1-2,0-2,0-2,0-1,1.6359348100500026,1.6993621174031845,53.23334088163522,0.06342730735318192,51.59740607158522
99.35987197439488,0.5048965789215758,0.8353800093929706,0.8846733483886777,57.024636164870195,1-2,0-2,0-2,0-1,1.6334542363725866,1.705580913568125,53.28135878749345,0.07212667719553845,51.64790455112087
99.37987597519505,0.5123470468486967,0.8425613334157364,0.8854389660207634,57.07382996825122,1-2,0-2,0-2,0-1,1.6309609898969755,1.7116944568617483,53.32940757043701,0.0807334669647728,51.698446580540036
99.3998799759952,0.5198640368929759,0.8495692209643523,0.8859994373248331,57.12302365914139,1-2,0-2,0-2,0-1,1.628454498315706,1.7177030899399524,53.3774854489844,0.08924859162424625,51.7490309506687
99.41988397679536,0.5274482331056436,0.8564033294188681,0.8863547903666412,57.172217237724524,1-2,0-2,0-2,0-1,1.625934165512822,1.7236070945598443,53.42559062916723,0.09767292904702218,51.79965646365441
99.43988797759552,0.5351003003905601,0.8630634095889179,0.8865050297734066,57.221410704183974,1-2,0-2,0-2,0-1,1.623399375628076,1.729406692092918,53.47372130488275,0.10600731646484207,51.850321929254676
99.45989197839569,0.5428208850895322,0.8695492945680907,0.886450136524284,57.27060405870268,1-2,0-2,0-2,0-1,1.620849496676747,1.7351020438931943,53.52187565824467,0.11425254721644729,51.90102616156792
99.47989597919585,0.5506106154966117,0.8758608897242026,0.8861900678380589,57.31979730146307,1-2,0-2,0-2,0-1,1.6182838837731037,1.7406932515233355,53.570051859934104,0.12240936775023181,51.951767976161
99.499899979996,0.5584701023055055,0.8819981637056105,0.8857247571571347,57.368990432647195,1-2,0-2,0-2,0-1,1.6157018820004148,1.746180356841365,53.618248069551555,0.1304784748409502,52.00254618755114
99.51990398079616,0.5663999389936573,0.8879611403568639,0.8850541142280866,57.41818345243663,1-2,0-2,0-2,0-1,1.6131028289657454,1.751563341949916,53.666462435971404,0.1384605129841705,52.05335960700566
99.53990798159633,0.5744007021464439,0.8937498914486763,0.884178025280289,57.46737636101252,1-2,0-2,0-2,0-1,1.6104860570737183,1.756842129009612,53.71469309770035,0.14635607193589362,52.104207040626626
99.55991198239649,0.5824729517244644,0.8993645301375749,0.8830963533053575,57.51656915855556,1-2,0-2,0-2,0-1,1.607850895549721,1.7620165799175735,53.7629381832409,0.1541656843678525,52.155087287691174
99.57991598319664,0.5906172312767831,0.9048052050797862,0.8818089384414368,57.565761845246,1-2,0-2,0-2,0-1,1.6051966722398219,1.7670864958517134,53.811195811461374,0.16188982361189153,52.205999139221554
99.5999199839968,0.5988340681025276,0.9100720951320942,0.8803155984677042,57.614954421263675,1-2,0-2,0-2,0-1,1.6025227152117039,1.772051616680875,53.8594640919737,0.1695289014691712,52.25694137676199
99.61992398479697,0.607123973363201,0.9151654045796641,0.8786161294158695,57.66414688678795,1-2,0-2,0-2,0-1,1.59982835417841,1.7769116202406223,53.90774112552025,0.17708326606221236,52.30791277134184
99.63992798559713,0.6154874421476996,0.9200853588372674,0.8767103063069703,57.71333924199778,1-2,0-2,0-2,0-1,1.597112921764361,1.7816661214739398,53.95602500437116,0.18455319970957884,52.3589120826068
99.65993198639728,0.6239249534919789,0.9248322005760786,0.874597884023384,57.76253148707168,1-2,0-2,0-2,0-1,1.59437575463111,1.7863146714358717,54.00431381273341,0.19193891680476183,52.4099380581023
99.67993598719744,0.6324369703549079,0.929406186233306,0.8722785983277509,57.81172362218775,1-2,0-2,0-2,0-1,1.5916161944784442,1.790856756160571,54.052605627172895,0.1992405616821269,52.46098943269445
99.69993998799761,0.6410239395519022,0.933807582866447,0.8697521670424349,57.860915647523626,1-2,0-2,0-2,0-1,1.5888335889348932,1.7952917953890875,54.10089851705132,0.20645820645419422,52.51206492811642
99.71994398879777,0.6496862916475811,0.9380366653179997,0.8670182914052861,57.91010756325653,1-2,0-2,0-2,0-1,1.5860272923502337,1.7996191411557636,54.14919054497859,0.21359184880552995,52.56316325262836
99.73994798959792,0.6584244408087305,0.9420937136600483,0.8640766576198272,57.959299369563276,1-2,0-2,0-2,0-1,1.5831966665013708,1.8038380762309703,54.1974797672828,0.22064140972959945,52.61428310078143
99.75995199039808,0.667238784618485,0.9459790108913535,0.8609269386206139,58.0084910666202,1-2,0-2,0-2,0-1,1.5803410812217902,1.8079478124175035,54.24576423449893,0.22760673119571329,52.66542315327714
99.77995599119825,0.6761297038527353,0.9496928408624291,0.8575687960774586,58.057682654603276,1-2,0-2,0-2,0-1,1.5774599149638575,1.811947488697945,54.294041991877705,0.23448757373408746,52.716582076913845
99.7999599919984,0.6850975622194869,0.9532354864066463,0.8540018826654937,58.10687413368802,1-2,0-2,0-2,0-1,1.574552555302302,1.8158361692300236,54.342311079916264,0.24128361392772146,52.76775852461396
99.81996399279856,0.6941427060619475,0.956607227657688,0.8502258446317511,58.15606550404951,1-2,0-2,0-2,0-1,1.571618399386515,1.819612841187076,54.390569534912096,0.24799444180056107,52.81895113552558
99.83996799359872,0.7032654640258066,0.9598083405357176,0.8462403246931096,58.20525676586244,1-2,0-2,0-2,0-1,1.5686568543485349,1.8232764124405723,54.43881538954185,0.2546195580920374,52.87015853519332
99.85997199439889,0.7124661466913007,0.9628390953864593,0.8420449653051728,58.25444791930104,1-2,0-2,0-2,0-1,1.5656673376730714,1.8268257090819595,54.48704667346655,0.2611583714088881,52.92137933579348
99.87997599519905,0.7217450461703949,0.9656997557590303,0.837639412346976,58.30363896453919,1-2,0-2,0-2,0-1,1.5626492775353364,1.8302594727812116,54.53526141396491,0.26761019524587515,52.972612136429575
99.8999799959992,0.7311024356695197,0.9683905773098375,0.8330233192724756,58.352829901750276,1-2,0-2,0-2,0-1,1.5596021131120408,1.8335763579800157,54.58345763659648,0.27397424486797495,53.023855523484436
99.91998399679936,0.7405385690180004,0.9709118068211818,0.828196351786651,58.402020731107314,1-2,0-2,0-2,0-1,1.5565252948704797,1.8367749289179927,54.63163336589621,0.2802496340475129,53.075108071025724
99.93998799759953,0.7500536801624793,0.9732636813244111,0.8231581931118697,58.45121145278289,1-2,0-2,0-2,0-1,1.553418284840323,1.8398536564913588,54.67978662610227,0.2864353716510357,53.126368341261944
99.95999199839969,0.7596479826274082,0.9754464273185391,0.8179085499190831,58.50040206694919,1-2,0-2,0-2,0-1,1.5502805568724172,1.8428109149444747,54.72791544191894,0.2925303580720575,53.17763488504652
99.97999599919984,0.7693216689418152,0.9774602600762315,0.8124471590085841,58.54959257377797,1-2,0-2,0-2,0-1,1.5471115968886904,1.8456449783963818,54.776017839316296,0.2985333815076914,53.228906242427605
100.0,0.7790749100322695,0.9793053830299414,0.8067737948366552,58.598782973440585,1-2,0-2,0-2,0-1,1.543910903127009,1.8483540172062254,54.824091846368695,0.3044431140792163,53.28018094324169
