local_t_yr,phase,pos_noNN_err,pos_encounterNN_err,pos_gain_instant_pct,vel_noNN_err,vel_encounterNN_err,vel_gain_instant_pct
0.0,pre_correction_window,9.872395482201765e-16,9.872395482201765e-16,0.0,3.967172641099634e-17,3.967172641099634e-17,0.0
0.004,pre_correction_window,0.07839672603378224,0.07839672603378224,0.0,0.07195393778629472,0.07195393778629472,0.0
0.008,pre_correction_window,0.07512417451571912,0.07512417451571912,0.0,0.06906823433540517,0.06906823433540517,0.0
0.012,pre_correction_window,0.07185250365115269,0.07185250365115269,0.0,0.06617562927343036,0.06617562927343036,0.0
0.016,pre_correction_window,0.06858174539586669,0.06858174539586669,0.0,0.06327587297781137,0.06327587297781137,0.0
0.02,pre_correction_window,0.06531193192046467,0.06531193192046467,0.0,0.06036870774387793,0.06036870774387793,0.0
0.024,pre_correction_window,0.062043095630593605,0.062043095630593605,0.0,0.057453867453352465,0.057453867453352465,0.0
0.028,pre_correction_window,0.05877526919159842,0.05877526919159842,0.0,0.05453107723458158,0.05453107723458158,0.0
0.032,pre_correction_window,0.05550848555922772,0.05550848555922772,0.0,0.05160005311860935,0.05160005311860935,0.0
0.036000000000000004,pre_correction_window,0.052242778018805995,0.052242778018805995,0.0,0.04866050169780998,0.04866050169780998,0.0
0.04,pre_correction_window,0.04897818023655728,0.04897818023655728,0.0,0.04571211979800478,0.04571211979800478,0.0
0.044,pre_correction_window,0.04571472632884601,0.04571472632884601,0.0,0.042754594181939276,0.042754594181939276,0.0
0.048,pre_correction_window,0.04245245095861641,0.04245245095861641,0.0,0.039787601313795946,0.039787601313795946,0.0
0.052000000000000005,pre_correction_window,0.039191389474452144,0.039191389474452144,0.0,0.03681080723509757,0.03681080723509757,0.0
0.056,pre_correction_window,0.0359315781188134,0.0359315781188134,0.0,0.0338238676399413,0.0338238676399413,0.0
0.06,pre_correction_window,0.03267305435312005,0.03267305435312005,0.0,0.030826428308821457,0.030826428308821457,0.0
0.064,pre_correction_window,0.029415857389440088,0.029415857389440088,0.0,0.027818126202573967,0.027818126202573967,0.0
0.068,pre_correction_window,0.026160029107687673,0.026160029107687673,0.0,0.024798591819268963,0.024798591819268963,0.0
0.07200000000000001,pre_correction_window,0.022905615740140287,0.022905615740140287,0.0,0.021767454102399147,0.021767454102399147,0.0
0.076,pre_correction_window,0.01965267120973477,0.01965267120973477,0.0,0.01872435089239143,0.01872435089239143,0.0
0.08,pre_correction_window,0.016401264412221034,0.016401264412221034,0.0,0.015668952646667733,0.015668952646667733,0.0
0.084,pre_correction_window,0.013151497253120484,0.013151497253120484,0.0,0.012601022372621881,0.012601022372621881,0.0
0.088,pre_correction_window,0.009903558099116862,0.009903558099116862,0.0,0.00952059464243177,0.00952059464243177,0.0
0.092,pre_correction_window,0.006657931380885161,0.006657931380885161,0.0,0.006428677527447824,0.006428677527447824,0.0
0.096,pre_correction_window,0.0034168000027256446,0.0034168000027256446,0.0,0.0033319008088512837,0.0033319008088512837,0.0
0.1,pre_correction_window,0.0002979920448448743,0.0002979920448448743,0.0,0.00048386939451379555,0.00048386939451379555,0.0
0.10400000000000001,pre_correction_window,0.07754567823535627,0.07754567823535627,0.0,0.08286100753691396,0.08286100753691396,0.0
0.108,pre_correction_window,0.07430848301161448,0.07430848301161448,0.0,0.07973501333907078,0.07973501333907078,0.0
0.112,pre_correction_window,0.07107274127835782,0.07107274127835782,0.0,0.07659001312077217,0.07659001312077217,0.0
0.116,pre_correction_window,0.06783849097851252,0.06783849097851252,0.0,0.07342533414413871,0.07342533414413871,0.0
0.12,pre_correction_window,0.06460577082882997,0.06460577082882997,0.0,0.07024027511794256,0.07024027511794256,0.0
0.124,pre_correction_window,0.061374620423444666,0.061374620423444666,0.0,0.06703410493788303,0.06703410493788303,0.0
0.128,pre_correction_window,0.05814508036379765,0.05814508036379765,0.0,0.06380606146359777,0.06380606146359777,0.0
0.132,pre_correction_window,0.054917192425116945,0.054917192425116945,0.0,0.06055535038327267,0.06055535038327267,0.0
0.136,pre_correction_window,0.051690999774662585,0.051690999774662585,0.0,0.057281144244797536,0.057281144244797536,0.0
0.14,pre_correction_window,0.04846654726494861,0.04846654726494861,0.0,0.05398258177736068,0.05398258177736068,0.0
0.14400000000000002,pre_correction_window,0.04524388183825499,0.04524388183825499,0.0,0.05065876770105145,0.05065876770105145,0.0
0.148,pre_correction_window,0.04202305310084283,0.04202305310084283,0.0,0.04730877334618564,0.04730877334618564,0.0
0.152,pre_correction_window,0.03880411416379627,0.03880411416379627,0.0,0.04393163861997746,0.04393163861997746,0.0
0.156,pre_correction_window,0.03558712291712798,0.03558712291712798,0.0,0.04052637624758701,0.04052637624758701,0.0
0.16,pre_correction_window,0.03237214403554643,0.03237214403554643,0.0,0.03709197994701794,0.03709197994701794,0.0
0.164,pre_correction_window,0.029159252276214725,0.029159252276214725,0.0,0.033627439644265344,0.033627439644265344,0.0
0.168,pre_correction_window,0.02594853818140315,0.02594853818140315,0.0,0.030131769863615265,0.030131769863615265,0.0
0.17200000000000001,pre_correction_window,0.02274011855083369,0.02274011855083369,0.0,0.02660406422137924,0.02660406422137924,0.0
0.176,pre_correction_window,0.01953415714374,0.01953415714374,0.0,0.023043605534291526,0.023043605534291526,0.0
0.18,pre_correction_window,0.016330909613567552,0.016330909613567552,0.0,0.019450106053537582,0.019450106053537582,0.0
0.184,pre_correction_window,0.013130833904462437,0.013130833904462437,0.0,0.015824292395314646,0.015824292395314646,0.0
0.188,pre_correction_window,0.00993491316204591,0.00993491316204591,0.0,0.012169575028520294,0.012169575028520294,0.0
0.192,pre_correction_window,0.006745892976936781,0.006745892976936781,0.0,0.008498131266618657,0.008498131266618657,0.0
0.196,pre_correction_window,0.0035761103278178093,0.0035761103278178093,0.0,0.004864868315487908,0.004864868315487908,0.0
0.2,pre_correction_window,0.0007082862852733608,0.0007082862852733608,0.0,0.00184613406648896,0.00184613406648896,0.0
0.20400000000000001,pre_correction_window,0.07621940862645823,0.07621940862645823,0.0,0.1151359956557341,0.1151359956557341,0.0
0.20800000000000002,pre_correction_window,0.07303592259429012,0.07303592259429012,0.0,0.11131888155142042,0.11131888155142042,0.0
0.212,pre_correction_window,0.06985459489489544,0.06985459489489544,0.0,0.10744841356087143,0.10744841356087143,0.0
0.216,pre_correction_window,0.06667548150610014,0.06667548150610014,0.0,0.1035222425960512,0.1035222425960512,0.0
0.22,pre_correction_window,0.06349864120720766,0.06349864120720766,0.0,0.09953789962351135,0.09953789962351135,0.0
0.224,pre_correction_window,0.06032413605636698,0.06032413605636698,0.0,0.09549279179373066,0.09549279179373066,0.0
0.228,pre_correction_window,0.05715203200616215,0.05715203200616215,0.0,0.09138419963619726,0.09138419963619726,0.0
0.232,pre_correction_window,0.05398239971247175,0.05398239971247175,0.0,0.08720927594471468,0.08720927594471468,0.0
0.23600000000000002,pre_correction_window,0.050815315618814784,0.050815315618814784,0.0,0.08296504729399268,0.08296504729399268,0.0
0.24,pre_correction_window,0.04765086344168049,0.04765086344168049,0.0,0.07864841962906104,0.07864841962906104,0.0
0.244,pre_correction_window,0.04448913625309238,0.04448913625309238,0.0,0.0742561901800782,0.0742561901800782,0.0
0.248,pre_correction_window,0.04133023947572626,0.04133023947572626,0.0,0.06978506930661751,0.06978506930661751,0.0
0.252,pre_correction_window,0.03817429531291686,0.03817429531291686,0.0,0.06523171819969674,0.06523171819969674,0.0
0.256,pre_correction_window,0.035021449509439244,0.035021449509439244,0.0,0.06059281251197106,0.06059281251197106,0.0
0.26,pre_correction_window,0.03187188204237446,0.03187188204237446,0.0,0.05586514967540966,0.05586514967540966,0.0
0.264,pre_correction_window,0.028725824733260116,0.028725824733260116,0.0,0.051045832622734426,0.051045832622734426,0.0
0.268,pre_correction_window,0.025583591692331598,0.025583591692331598,0.0,0.04613259335202006,0.04613259335202006,0.0
0.272,pre_correction_window,0.022445635072361383,0.022445635072361383,0.0,0.04112438705840742,0.04112438705840742,0.0
0.276,pre_correction_window,0.019312654692334622,0.019312654692334622,0.0,0.03602254663337743,0.03602254663337743,0.0
0.28,pre_correction_window,0.01618583391366727,0.01618583391366727,0.0,0.030833200076772153,0.030833200076772153,0.0
0.28400000000000003,pre_correction_window,0.013067411265245864,0.013067411265245864,0.0,0.025572854891256012,0.025572854891256012,0.0
0.28800000000000003,pre_correction_window,0.009962315129073935,0.009962315129073935,0.0,0.020283095656252675,0.020283095656252675,0.0
0.292,pre_correction_window,0.006884165570154565,0.006884165570154565,0.0,0.015076629633987893,0.015076629633987893,0.0
0.296,pre_correction_window,0.0038892512727970513,0.0038892512727970513,0.0,0.010316236363246946,0.010316236363246946,0.0
0.3,pre_correction_window,0.0015447329499393087,0.0015447329499393087,0.0,0.007347736935762123,0.007347736935762123,0.0
0.304,pre_correction_window,0.07424527539948113,0.07424527539948113,0.0,0.18515631066792965,0.18515631066792965,0.0
0.308,pre_correction_window,0.07114532264767141,0.07114532264767141,0.0,0.17963383685978188,0.17963383685978188,0.0
0.312,pre_correction_window,0.0680481400333915,0.0680481400333915,0.0,0.1739505072910724,0.1739505072910724,0.0
0.316,pre_correction_window,0.06495379259497866,0.06495379259497866,0.0,0.16809817193769874,0.16809817193769874,0.0
0.32,pre_correction_window,0.06186235349631292,0.06186235349631292,0.0,0.16206862385529333,0.16206862385529333,0.0
0.324,pre_correction_window,0.05877390676106589,0.05877390676106589,0.0,0.15585374680313127,0.15585374680313127,0.0
0.328,pre_correction_window,0.05568855104630767,0.05568855104630767,0.0,0.14944572382437052,0.14944572382437052,0.0
0.332,pre_correction_window,0.05260640490029605,0.05260640490029605,0.0,0.14283733075784696,0.14283733075784696,0.0
0.336,pre_correction_window,0.049527614170676595,0.049527614170676595,0.0,0.13602234977380845,0.13602234977380845,0.0
0.34,pre_correction_window,0.04645236258093047,0.04645236258093047,0.0,0.12899615550658972,0.12899615550658972,0.0
0.34400000000000003,pre_correction_window,0.04338088706538766,0.04338088706538766,0.0,0.12175655459393427,0.12175655459393427,0.0
0.34800000000000003,pre_correction_window,0.04031350041167957,0.04031350041167957,0.0,0.11430500632715335,0.11430500632715335,0.0
0.352,pre_correction_window,0.03725062541594087,0.03725062541594087,0.0,0.10664843220191803,0.10664843220191803,0.0
0.356,pre_correction_window,0.03419284772261158,0.03419284772261158,0.0,0.09880196267577311,0.09880196267577311,0.0
0.36,pre_correction_window,0.031141000054549256,0.031141000054549256,0.0,0.09079322201538938,0.09079322201538938,0.0
0.364,pre_correction_window,0.02809630135753651,0.02809630135753651,0.0,0.08266921399777157,0.08266921399777157,0.0
0.368,pre_correction_window,0.025060596715402873,0.025060596715402873,0.0,0.07450771665468768,0.07450771665468768,0.0
0.372,pre_correction_window,0.022036793033116505,0.022036793033116505,0.0,0.06643658204776305,0.06643658204776305,0.0
0.376,pre_correction_window,0.019029702149765376,0.019029702149765376,0.0,0.05866656743315542,0.05866656743315542,0.0
0.38,pre_correction_window,0.016047806520569235,0.016047806520569235,0.0,0.051544669602514435,0.051544669602514435,0.0
0.384,pre_correction_window,0.013107344759840222,0.013107344759840222,0.0,0.045625545415246646,0.045625545415246646,0.0
0.388,pre_correction_window,0.0102430466318825,0.0102430466318825,0.0,0.04170673823295732,0.04170673823295732,0.0
0.392,pre_correction_window,0.007541163244097521,0.007541163244097521,0.0,0.04066082210884675,0.04066082210884675,0.0
0.396,pre_correction_window,0.005257399932885388,0.005257399932885388,0.0,0.04296145178332248,0.04296145178332248,0.0
0.4,pre_correction_window,0.0041509214597460434,0.0041509214597460434,0.0,0.04834759914522845,0.04834759914522845,0.0
0.404,pre_correction_window,0.0735565801840431,0.0735565801840431,0.0,0.1773971983275255,0.1773971983275255,0.0
0.40800000000000003,pre_correction_window,0.07053334824503567,0.07053334824503567,0.0,0.16646359842808697,0.16646359842808697,0.0
0.41200000000000003,pre_correction_window,0.06750534305600375,0.06750534305600375,0.0,0.15531793321579923,0.15531793321579923,0.0
0.41600000000000004,pre_correction_window,0.0644722679601153,0.0644722679601153,0.0,0.14402643688133332,0.14402643688133332,0.0
0.42,pre_correction_window,0.06143391256546512,0.06143391256546512,0.0,0.13267204037326685,0.13267204037326685,0.0
0.424,pre_correction_window,0.058390175692811,0.058390175692811,0.0,0.12135766684922542,0.12135766684922542,0.0
0.428,pre_correction_window,0.05534109147616236,0.05534109147616236,0.0,0.11021110666168128,0.11021110666168128,0.0
0.432,pre_correction_window,0.05228685987022382,0.05228685987022382,0.0,0.0993923893709339,0.0993923893709339,0.0
0.436,pre_correction_window,0.049227883814365464,0.049227883814365464,0.0,0.08910466061758786,0.08910466061758786,0.0
0.44,pre_correction_window,0.04616481687464441,0.04616481687464441,0.0,0.07960883130983672,0.07960883130983672,0.0
0.444,pre_correction_window,0.0430986276816486,0.0430986276816486,0.0,0.07123893447754763,0.07123893447754763,0.0
0.448,pre_correction_window,0.04003069154638743,0.04003069154638743,0.0,0.06440590713888031,0.06440590713888031,0.0
0.452,pre_correction_window,0.03696292649978007,0.03696292649978007,0.0,0.059561355954517406,0.059561355954517406,0.0
0.456,pre_correction_window,0.033898003085669766,0.033898003085669766,0.0,0.05708751458726432,0.05708751458726432,0.0
0.46,pre_correction_window,0.030839679467419775,0.030839679467419775,0.0,0.05713255624864145,0.05713255624864145,0.0
0.464,pre_correction_window,0.027793356185125045,0.027793356185125045,0.0,0.059512394315067135,0.059512394315067135,0.0
0.468,pre_correction_window,0.024767031152084253,0.024767031152084253,0.0,0.06378490396327116,0.06378490396327116,0.0
0.47200000000000003,pre_correction_window,0.02177301804932085,0.02177301804932085,0.0,0.06942742637199366,0.06942742637199366,0.0
0.47600000000000003,pre_correction_window,0.018831196901490023,0.018831196901490023,0.0,0.07597435674463829,0.07597435674463829,0.0
0.48,pre_correction_window,0.01597550372793856,0.01597550372793856,0.0,0.08306720488726417,0.08306720488726417,0.0
0.484,pre_correction_window,0.013267547428485802,0.013267547428485802,0.0,0.09044963427442684,0.09044963427442684,0.0
0.488,pre_correction_window,0.010825686717474291,0.010825686717474291,0.0,0.0979447359350322,0.0979447359350322,0.0
0.492,pre_correction_window,0.00888035657045591,0.00888035657045591,0.0,0.10543249967780453,0.10543249967780453,0.0
0.496,pre_correction_window,0.007820308133780238,0.007820308133780238,0.0,0.11283244322965727,0.11283244322965727,0.0
0.5,post_correction,0.008013203457979953,0.0020930338564080046,73.8801857785895,0.12009135015113279,0.02706281286153892,77.46481088980943
0.504,post_correction,0.07468309998632879,0.08170678802370127,-9.404655187931688,0.08778347381870798,0.14429658389122174,-64.37784655141999
0.508,post_correction,0.07151233605035388,0.0785111038604847,-9.786797910227376,0.08371071289418228,0.135543362226835,-61.91877663038631
0.512,post_correction,0.0683411568931835,0.07530619447286248,-10.191571077096716,0.08029489094914022,0.1270795130943468,-58.26600122645481
0.516,post_correction,0.06517090499323092,0.0720925908419327,-10.620822051528544,0.07753854258735277,0.11889912581560931,-53.34196626363058
0.52,post_correction,0.06200310764479391,0.06887080636401192,-11.076378233429827,0.07543372295284106,0.11099529318486798,-47.142801442080426
0.524,post_correction,0.05883953075849281,0.06564133789147521,-11.559927561116101,0.07396076409967288,0.10336045541682826,-39.75038883797228
0.528,post_correction,0.05568225072207799,0.062404667740306285,-12.07281841350364,0.07308815170406947,0.09598671052586608,-31.330055950124176
0.532,post_correction,0.0525337513040779,0.05916126673865034,-12.615728498448167,0.07277371055255086,0.08886610155042575,-22.112918079468223
0.536,post_correction,0.049397055883229735,0.05591159849752175,-13.188119206318328,0.07296695357034795,0.08199089445287545,-12.367161353156206
0.54,post_correction,0.04627591033792522,0.05265612523958909,-13.7873352573142,0.07361215897123526,0.07535386536276002,-2.366058020666609
0.544,post_correction,0.043175039768041296,0.049395315757209624,-14.40711119801366,0.0746516115787197,0.0689486234634638,7.6394708629192
0.548,post_correction,0.040100514529515685,0.046129656445165305,-15.035073705131428,0.07602850488841863,0.06277000858086339,17.438849188227163
0.552,post_correction,0.03706028054827686,0.04285966697489273,-15.648522733283816,0.0776891858603059,0.05681462459996257,26.869326829963438
0.556,post_correction,0.03406493976680347,0.039585923251758526,-16.207231020368024,0.0795846360580536,0.051081609004253674,35.81473568969793
0.56,post_correction,0.031128914910961807,0.03630909223581111,-16.64104688411462,0.08167124639920696,0.04557381000679282,44.198463944055405
0.5640000000000001,post_correction,0.02827220525088742,0.033029986866539705,-16.828477203782843,0.08391103156553303,0.04029967479239815,51.97332932211087
0.5680000000000001,post_correction,0.02552303666618849,0.02974965660266633,-16.560019843081736,0.08627145378009456,0.03527640054450697,59.10999641384703
0.5720000000000001,post_correction,0.022921794860312775,0.02646954440688414,-15.47762541367999,0.08872500874189156,0.030535361953196095,65.58426717992667
0.5760000000000001,post_correction,0.020526544163407736,0.02319177561309622,-12.984316446407673,0.09124869223378351,0.026131629520811477,71.36218735731468
0.58,post_correction,0.018419662810156626,0.01991972917198553,-8.14383182411877,0.09382342965474205,0.022160413222973963,76.38072568384956
0.584,post_correction,0.016712492081049333,0.016659273784924475,0.3184342339058063,0.09643352003570234,0.018782592993138007,80.52275496509495
0.588,post_correction,0.015539291542324989,0.013421773781998847,13.626861652981887,0.09906612324051836,0.016249857035299405,83.59695877485072
0.592,post_correction,0.015027561468346391,0.010232642634644325,31.907497725442283,0.10171080352552513,0.014877354530284107,85.37288664074852
0.596,post_correction,0.015245833880759476,0.007161669722004537,53.02539842676171,0.10435913289016267,0.014878513024818601,85.7429698649584
0.6,post_correction,0.016166144976082028,0.004467304839849906,72.36629483120849,0.10700435203891777,0.016161673742810124,84.8962463349789
0.604,post_correction,0.07431080872692318,0.0849409845504198,-14.30501969445699,0.08521966280517561,0.0805106150418163,5.525776104189562
0.608,post_correction,0.07111793405834031,0.0816134136175135,-14.757852148184458,0.08434219797400956,0.07649457188763953,9.304507440970786
0.612,post_correction,0.06793741164173796,0.07828291288061652,-15.22798851012262,0.08359966566167379,0.07256308531010111,13.201703935321348
0.616,post_correction,0.0647715543042311,0.07494964489863937,-15.713827935333963,0.08298666833621926,0.06871290143156751,17.200072241509677
0.62,post_correction,0.06162311437600403,0.07161377120924177,-16.21251527840353,0.08249787083320709,0.06494117602220201,21.281391427059898
0.624,post_correction,0.05849539662821274,0.0682754541852146,-16.719362754581066,0.08212800733936726,0.0612455118136114,25.426765122238677
0.628,post_correction,0.055392405335838,0.06493485928653413,-17.22700773299388,0.08187189102042622,0.05762401156946207,29.616855246344002
0.632,post_correction,0.0523190372637924,0.061592157874752605,-17.724180519999173,0.08172442559110948,0.05407535285542156,33.83207962087625
0.636,post_correction,0.049281336717922807,0.058247530831848915,-18.193893897900807,0.08168061810375224,0.05059889304883833,38.05275446793672
0.64,post_correction,0.04628683462540595,0.05490117334262599,-18.610775152232588,0.08173559225239176,0.04719481704764251,42.25916060911458
0.644,post_correction,0.04334500111505686,0.05155330138516238,-18.937132446523755,0.08188460154526984,0.04386434610292667,46.43150815275531
0.648,post_correction,0.040467849989277334,0.04820416077520905,-19.11717768050833,0.08212304178202569,0.04061003534506837,50.549767198276484
0.652,post_correction,0.03767074218535021,0.04485404011417956,-19.06863924656857,0.08244646237324792,0.0374362016405737,54.59331963681569
0.656,post_correction,0.034973438801690356,0.04150328985932909,-18.67088648235281,0.08285057615031113,0.034349544950048584,58.540366831330005
0.66,post_correction,0.03240143992504828,0.03815235128806749,-17.748937628458314,0.08333126742426719,0.03136005863352731,62.36699668341437
0.664,post_correction,0.029987585578921727,0.03480180202085288,-16.05403152334834,0.08388459815719232,0.02848236989671675,66.04576939935588
0.668,post_correction,0.027773736579551234,0.03145243041326654,-13.245224758212021,0.08450681220276701,0.025737707506903826,69.54362987311798
0.672,post_correction,0.025812016598577642,0.028105362773135058,-8.884800479648648,0.08519433765178083,0.02315673266441845,72.81892986941439
0.676,post_correction,0.02416452767398679,0.024762292995810113,-2.473730626511762,0.0859437873811765,0.020783388070492466,75.81746313050608
0.68,post_correction,0.022899810930528494,0.02142592526179332,6.436235099086722,0.08675195795206508,0.018679426546651397,78.46800580919138
0.684,post_correction,0.02208433520608556,0.018100900540997344,18.037376393338477,0.08761582703381286,0.01692774560739252,80.67958018491369
0.6880000000000001,post_correction,0.02176922985575525,0.014795951641697998,32.03272812250493,0.08853254954951695,0.015629447926222485,82.34609981780677
0.6920000000000001,post_correction,0.021976576030153752,0.011529673432129602,47.53653427945328,0.08949945274505156,0.014886465191064123,83.3669762948498
0.6960000000000001,post_correction,0.022692556891698704,0.008349302647841879,63.20686695779008,0.09051403038164095,0.014767009246268342,83.6853919950254
0.7000000000000001,post_correction,0.02387189792161181,0.005411077619525671,77.33285540473558,0.09157393624280444,0.01527173413697988,83.32305592227955
0.704,post_correction,0.07397801254682813,0.0866356564743769,-17.110008084546028,0.09245314836339179,0.06982778233362216,24.472250464461716
0.708,post_correction,0.07084770260617822,0.08326030957851334,-17.520126293061608,0.09112619464947101,0.06699839389014041,26.477349188278286
0.712,post_correction,0.06774099138717063,0.07988384422541533,-17.92541353409307,0.08984769892026502,0.06419024595126066,28.55660554175568
0.716,post_correction,0.0646614960548708,0.07650634397694407,-18.318239825478067,0.08861897277211535,0.06140359064594094,30.710559234487018
0.72,post_correction,0.06161351303370502,0.07312789668339442,-18.688081693037986,0.08744142992757699,0.05863894529929402,32.93917385859142
0.724,post_correction,0.0586021750466295,0.0697485959453438,-19.02049009246695,0.0863165767923849,0.05589713917454864,35.241709933658946
0.728,post_correction,0.055633648716508305,0.06636854299307261,-19.295686197513266,0.08524600180005514,0.053179374163008684,37.61657668386473
0.732,post_correction,0.052715383124996795,0.06298784914283317,-19.486657231492906,0.08423136344927448,0.050487303872656174,40.0611579758406
0.736,post_correction,0.04985642145088919,0.059606639061266495,-19.556593366777644,0.08327437696665493,0.047823137183207604,42.57160614680175
0.74,post_correction,0.04706778869168854,0.056225055180216234,-19.455484829574605,0.08237679956275357,0.045189774571282516,45.14259498894766
0.744,post_correction,0.04436296703424435,0.05284326377890725,-19.115711395310544,0.08154041429265153,0.042590988585421055,47.76701963696133
0.748,post_correction,0.04175846383898115,0.04946146353236487,-18.44655905707202,0.08076701258351018,0.04003166402908201,50.43562619368804
0.752,post_correction,0.03927446036532378,0.04607989779234927,-17.327895440758617,0.08005837554937184,0.037518118936180594,53.13654732721469
0.756,post_correction,0.036935494115362545,0.04269887266600782,-15.603902665128054,0.07941625427634262,0.03505853435046257,55.85471177163515
0.76,post_correction,0.03477106287826915,0.03931878437098863,-13.079040777789015,0.07884234932664753,0.032663528643223576,58.57108657696506
0.764,post_correction,0.032815934187702636,0.035940161947003293,-9.520459607916397,0.07833828977462728,0.030346918265294134,61.26170439436489
0.768,post_correction,0.031109804537043508,0.03256373641228441,-4.673548731267842,0.07790561214761813,0.02812670491133171,63.89643295782556
0.772,post_correction,0.029695826136090696,0.02919055761801403,1.7014799176190913,0.07754573969548496,0.026026303653221703,66.43748095585313
0.776,post_correction,0.028617531455707355,0.025822202003765362,9.767891602629847,0.0772599624499302,0.024075945574819697,68.83774621244144
0.78,post_correction,0.02791403167215875,0.022461165512985635,19.534498718118762,0.07704941855444995,0.022313995678805952,71.03937174680053
0.784,post_correction,0.027614154234010892,0.019111665949467692,30.79032662920067,0.07691507734460518,0.02078755443753975,72.97336860963607
0.788,post_correction,0.0277311467085966,0.015781449794804978,43.091246962705796,0.07685772463397754,0.019551166639269826,74.56187165001424
0.792,post_correction,0.028259963918281346,0.012486420163810706,55.81586657393695,0.07687795061323749,0.0186620616017471,75.72507922898023
0.796,post_correction,0.029178335537228654,0.009264770570763333,68.24777561782986,0.07697614069942814,0.018170975030253236,76.39401655480991
0.8,post_correction,0.030451129713779054,0.006232147038950269,79.53393815753823,0.07715246958298648,0.018110195926753545,76.52674499644641
0.804,post_correction,0.0742427854446397,0.08774559404467319,-18.18736799699153,0.09676838586904127,0.07361706210918358,23.92447032359192
0.808,post_correction,0.07120478719980636,0.08435401996656332,-18.466781917147166,0.09485827880142521,0.07094605928134562,25.208363278588518
0.812,post_correction,0.0682003769302271,0.08096225521287959,-18.712328079518716,0.09297490911885624,0.06828172347429526,26.558977985118524
0.8160000000000001,post_correction,0.06523428242132914,0.07757037958797904,-18.9104512363218,0.09112043057963293,0.06562514994264951,27.979763127548345
0.8200000000000001,post_correction,0.06231205958739558,0.0741784811278363,-19.04353927476512,0.08929716652502916,0.06297765424762683,29.474073256316835
0.8240000000000001,post_correction,0.05944026039450258,0.07078665818919166,-19.088741737306513,0.08750761827216735,0.06034081595950255,31.045071102461332
0.8280000000000001,post_correction,0.05662663483942631,0.06739502216212026,-19.01647052350789,0.08575447302371154,0.05771653357738211,32.695599958473075
0.8320000000000001,post_correction,0.05388037135950507,0.06400370103702967,-18.788529889630645,0.08404061096058837,0.05510709391502233,34.42801844828887
0.836,post_correction,0.05121237816833201,0.06061284416002447,-18.35584741015872,0.08236911110767034,0.05251526023554784,36.24398815363987
0.84,post_correction,0.04863560365882511,0.057222628668086424,-17.655841324595475,0.08074325547815975,0.049944384785618766,38.144202274420024
0.844,post_correction,0.0461653854855568,0.053833268341720794,-16.60959347683331,0.07916653091279278,0.04739855316934406,40.12804069745493
0.848,post_correction,0.043819802853270876,0.050445026006685025,-15.11924454703387,0.0776426279391703,0.044882770297314814,42.19313347755494
0.852,post_correction,0.04161998211039645,0.04705823126350461,-13.066437988087744,0.07617543589100965,0.04240320048138811,44.33481084104619
0.856,post_correction,0.039590269930707835,0.04367330641776836,-10.313232251780004,0.07476903345601406,0.039967477505274886,46.54541371223237
0.86,post_correction,0.03775814275311736,0.04029080539652211,-6.707593273230186,0.07342767377647591,0.03758510369455236,48.81343536911347
0.864,post_correction,0.0361536763234332,0.036911473904784185,-2.0960457093538096,0.07215576322365438,0.035267958815307074,51.12246445791125
0.868,post_correction,0.03480838151474544,0.03353634564177224,3.6543953427835816,0.07095783302277672,0.03303093701403265,53.449907350707754
0.872,post_correction,0.03375326643312266,0.030166902450406555,10.62523530817967,0.0698385030386596,0.030892716689134788,55.76549418300976
0.876,post_correction,0.033016156859936335,0.02680535376270553,18.81140534792934,0.06880243725972446,0.02887663237424924,58.02963743095039
0.88,post_correction,0.03261860126994197,0.023455152657716846,28.092708624723397,0.06785429085347283,0.02701154015754581,60.19184664994058
0.884,post_correction,0.032573006533310016,0.020122017322072028,38.22486941297629,0.06699864911354235,0.025332424712419286,62.189648526362795
0.888,post_correction,0.03288079801596268,0.016816135604978046,48.85727652712596,0.06623995916832116,0.023880276247151187,63.9488360998692
0.892,post_correction,0.0335321974290858,0.01355747740756263,59.56877733338501,0.06558245594737225,0.02270052605535647,65.38628246314397
0.896,post_correction,0.03450769424376306,0.01039055721510338,69.88915822162943,0.06503008455837335,0.021839280019560738,66.41665135779269
0.9,post_correction,0.03578072565917268,0.007433499460118103,79.22484990683115,0.06458642184852213,0.021337111518065548,66.9634717214888
0.904,post_correction,0.07523655228134397,0.08862424159040808,-17.794129187368117,0.09983709098190584,0.07960696987680332,20.26313157378449
0.908,post_correction,0.0722948706030946,0.08523489331248357,-17.89894995515086,0.09749416285414038,0.07684855034088287,21.176254976562152
0.912,post_correction,0.069394356196162,0.08184613331440886,-17.94350117327775,0.09516945862764092,0.07409514812727125,22.14398485003977
0.916,post_correction,0.06654040250668246,0.07845807308429406,-17.91042754274705,0.09286504896905863,0.0713481028179262,23.170123087213994
0.92,post_correction,0.06373926918503435,0.07507083958007996,-17.778004893890753,0.09058319806529395,0.06860896425267198,24.258620011166492
0.924,post_correction,0.06099823332751642,0.07168457891612594,-17.51910671122484,0.08832638293212348,0.06587953398581907,25.41352674155607
0.928,post_correction,0.05832576275916323,0.06829946113899246,-17.09998790930912,0.08609731433285525,0.06316191664707084,26.63892348269466
0.932,post_correction,0.05573171024337771,0.06491568648718397,-16.478906180521427,0.08389895925499799,0.06045858388892034,27.938815420623072
0.936,post_correction,0.053227523883441444,0.061533493701588664,-15.604651902154563,0.08173456480573917,0.05777245438718928,29.31698538494859
0.9400000000000001,post_correction,0.050826462959439406,0.05815317121421046,-14.415144844168914,0.07960768326635038,0.05510699437122311,30.7767892367288
0.9440000000000001,post_correction,0.048543799088484094,0.054775072446523125,-12.83639409161377,0.07752219788286611,0.05246634444202631,32.320875987931224
0.9480000000000001,post_correction,0.04639696908271534,0.05139963708763499,-10.782316396575434,0.0754823487561144,0.04985548002339392,33.950809897982396
0.9520000000000001,post_correction,0.04440562810625141,0.04802742125841603,-8.156157916511363,0.07349275791904579,0.04728041466978171,35.666566327715806
0.9560000000000001,post_correction,0.042591531485842396,0.044659141193977445,-4.85450895049954,0.07155845234548684,0.0447484574964575,37.46586737173926
0.96,post_correction,0.04097815623296128,0.04129573804210432,-0.7750026803001712,0.06968488321814965,0.0422685378183426,39.3433182832204
0.964,post_correction,0.039589969774721616,0.037938476645636855,4.171493786133797,0.0678779392990236,0.03985161077860657,41.28930372643204
0.968,post_correction,0.03845127957131696,0.03458910091332595,10.044343650066807,0.0661439517093367,0.03751115541280573,43.288608491907276
0.972,post_correction,0.037584669187425396,0.03125008717933555,16.854164597008587,0.0644896868761937,0.035263767545606846,45.3187490066347
0.976,post_correction,0.03700914707542236,0.027925075109578392,24.54547776345991,0.0629223239033793,0.033129827613435,47.348054619998344
0.98,post_correction,0.036738277337243976,0.024619637809184313,32.98641201059858,0.06144941227364229,0.03113417763350763,49.33364456788772
0.984,post_correction,0.0367786653137209,0.021342741671391545,41.969776528488445,0.06007880572558065,0.029306659026277583,51.21963782013189
0.988,post_correction,0.03712916214009832,0.01810971598138149,51.22508848153196,0.058818568538863344,0.027682235465913006,52.93623059251697
0.992,post_correction,0.03778099953331683,0.014948824568510297,60.432956371819095,0.057676851488891734,0.026300270282215255,54.4006484347008
0.996,post_correction,0.03871881843644084,0.011917292714900206,69.2209287469267,0.05666173655253092,0.025202429931563946,55.5212539096841
1.0,post_correction,0.03992232425888157,0.009144252684134255,77.09488900286179,0.05578105213198969,0.024428824725279297,56.20587315657731
1.004,post_correction,0.07700193533158821,0.08945067462871564,-16.166787553481964,0.10327454414800046,0.0846747364964099,18.01006027674698
1.008,post_correction,0.07414723225909664,0.08607677436649717,-16.088991785579395,0.1006713615538199,0.08180651891593091,18.73903595493109
1.012,post_correction,0.07133832226254028,0.0827042994771765,-15.932498626484373,0.09808471893269832,0.07894550926607206,19.51293725963449
1.016,post_correction,0.06858079454143028,0.07933342385271601,-15.67877622763611,0.09551657051208799,0.07609320001645163,20.335079443810493
1.02,post_correction,0.06588105793049115,0.07596434838852825,-15.305295292427816,0.09296906560550362,0.0732513010431175,21.20895206805097
1.024,post_correction,0.06324646387263025,0.072597307227184,-14.784768636844374,0.09044457156411288,0.07042178119322903,22.138189196562692
1.028,post_correction,0.060685441080813134,0.0692325758051632,-14.084324958548272,0.08794569938503083,0.0676069192483187,23.126520431281005
1.032,post_correction,0.05820763814703914,0.06587048133844631,-13.16466950960964,0.08547533216623131,0.0648093666696942,24.17769545059645
1.036,post_correction,0.05582406683428661,0.06251141665131765,-11.979331131288586,0.08303665655108099,0.06203222514575972,25.295372282240365
1.04,post_correction,0.053547233630971705,0.05915585865537016,-10.474163918627587,0.08063319722429366,0.059279142753203846,26.482956407756248
1.044,post_correction,0.05139124005340792,0.055804393400588105,-8.587364972306272,0.07826885439179403,0.056554433508766606,27.743373851277465
1.048,post_correction,0.04937182317445892,0.052457750578714206,-6.2503817072967625,0.07594794398179919,0.05386322621962456,29.078756585520203
1.052,post_correction,0.047506297714944974,0.04911685188630435,-3.3901908774775245,0.0736752400212832,0.051211649778932694,30.49001297567711
1.056,post_correction,0.04581335190063138,0.04578288014888191,0.06651281882966847,0.07145601824464205,0.04860706322724456,31.976249976832094
1.06,post_correction,0.04431264529179927,0.04245738029182017,4.186762012879531,0.06929609945082198,0.046058339619086626,33.53400843033988
1.064,post_correction,0.043024164197191024,0.03914241047601627,9.02226410113084,0.06720189041292292,0.043576212197469856,35.156270263060705
1.068,post_correction,0.04196731625612498,0.03584077463777644,14.598364072075709,0.06518041923894587,0.04117368807254843,36.83120091386771
1.072,post_correction,0.041159794835825554,0.03255639161871017,20.902444366965035,0.06323936098077274,0.03886652584406914,38.540609453839835
1.076,post_correction,0.04061631220415659,0.029294902282895278,27.874046920741126,0.0613870480230904,0.036673755038628825,40.25815506744323
1.08,post_correction,0.04034737072574851,0.026064709234329398,35.39923726009818,0.05963245844679658,0.0346181805975416,41.947420080915236
1.084,post_correction,0.04035828415291001,0.022878840866901964,43.31067004677824,0.0579851743330903,0.032726757988576355,43.56012831731674
1.088,post_correction,0.04064864704232804,0.01975846839159942,51.39206387109358,0.05645530115199699,0.031030641076514893,45.03502692693147
1.092,post_correction,0.041212369589544544,0.016739909963066794,59.381345625625805,0.05505333938903828,0.029564609142140392,46.29824553744141
1.096,post_correction,0.04203827026803931,0.013889267628548023,66.96042073094596,0.05379000093825395,0.028365520797122762,47.266182743361895
1.1,post_correction,0.043111096666028,0.01133339867214032,73.71117983859789,0.052675966077585956,0.027469520560700855,47.8518903284256
1.104,post_correction,0.07960139797250645,0.09032222200282042,-13.468135363673927,0.10803372034374102,0.08828991521251613,18.275594942397777
1.108,post_correction,0.07682087285309155,0.08697410312061403,-13.216759834191173,0.10532196980203323,0.0853487996935447,18.963916214281586
1.112,post_correction,0.07408809206192815,0.08362840463872687,-12.876985101498141,0.10262978668102656,0.08241837267601342,19.693516530274223
1.116,post_correction,0.0714084727018491,0.08028539383750229,-12.431187504481283,0.09995918648209846,0.07950029948160639,20.467240401317213
1.12,post_correction,0.06878815722196609,0.07694538095786228,-11.858471087653086,0.09731238154169818,0.07659648062586642,21.288042269271795
1.124,post_correction,0.06623410767344405,0.07360872885039978,-11.13417457560542,0.09469180352212965,0.07370909497979275,22.158949097883852
1.1280000000000001,post_correction,0.06375420514550639,0.07027586532683171,-10.229380425088687,0.0921001283567884,0.0708406521310824,23.083003905649857
1.1320000000000001,post_correction,0.0613573502934079,0.06694729913358931,-9.110479532526325,0.08954030378820681,0.06799405609462524,24.063183596680393
1.1360000000000001,post_correction,0.0590535582033336,0.06362364084038372,-7.738877683397804,0.08701557958104147,0.0651726830238832,25.102282444507562
1.1400000000000001,post_correction,0.056854037227245205,0.06030563048731288,-6.070973018629589,0.08452954040159523,0.062380476165712774,26.202750104464616
1.1440000000000001,post_correction,0.05477123682586941,0.056994174660641946,-4.058586155064888,0.08208614121792342,0.05962206196736377,27.36647004872808
1.1480000000000001,post_correction,0.052818844101848145,0.053690396930317325,-1.6500793292420497,0.07968974487411931,0.05690289193882316,28.59446089492576
1.1520000000000001,post_correction,0.05101170328529294,0.05039570754949269,1.2075576703549211,0.07734516120979722,0.054229415485504445,29.886479467786963
1.156,post_correction,0.04936562838207548,0.04711190144508688,4.565376783103844,0.07505768670909828,0.0516092892282242,31.240501151805056
1.16,post_correction,0.04789707886371243,0.04384129861739942,8.467698537218594,0.07283314314961963,0.049051627889321645,32.652051294071036
1.164,post_correction,0.046622674824565453,0.040586949546184095,12.945900897134155,0.07067791305974283,0.04656729987895861,34.11336319509595
1.168,post_correction,0.04555854466381544,0.03735294269640326,18.011115210028695,0.06859896897075198,0.04416926597389453,35.61234718742399
1.172,post_correction,0.044719526659916825,0.034144876674294375,23.646605354391554,0.06660389247446488,0.04187294991644968,37.131377220177846
1.176,post_correction,0.04411828342005721,0.03097060553203789,29.800973358002583,0.064700878007991,0.039696612498383056,38.64594466016326
1.18,post_correction,0.04376442686185617,0.027841450828446804,36.3833761234227,0.06289871517795836,0.03766167233264526,40.123304226342825
1.184,post_correction,0.04366377756082202,0.024774234948077883,43.261356822440995,0.061206742475681836,0.03579287461830365,41.52135341539442
1.188,post_correction,0.043817881726019255,0.021794795915434175,50.26049855236994,0.05963476468505767,0.03411815610342657,42.78814331940283
1.192,post_correction,0.04422387453307952,0.01894420452069527,57.1629471168905,0.05819292650781032,0.03266800431134348,43.86258558940326
1.196,post_correction,0.04487471620315843,0.016289775793274387,63.69943439970354,0.056891536358531045,0.031474096487464555,44.67701436446632
1.2,post_correction,0.04575975612235049,0.013943429201606988,69.52905700737207,0.05574083733894633,0.030567084633028978,45.16213589121733
1.204,post_correction,0.08314977032835252,0.09128749292194625,-9.786825100608748,0.11444736983855137,0.09060010444632235,20.83688373605255
1.208,post_correction,0.08043446187302757,0.08797379012627253,-9.373256285528976,0.11174019185737659,0.0876328784557718,21.57443351482247
1.212,post_correction,0.07776694619037818,0.0846637314809904,-8.868530434162201,0.10905790264362453,0.08468028723845375,22.352910531235015
1.216,post_correction,0.07515223619960108,0.08135770952881634,-8.257203834538984,0.1064026491641208,0.08174421063900336,23.174647171691205
1.22,post_correction,0.07259595588594088,0.07805617989996307,-7.521388688098571,0.1037767689790402,0.07882678771603044,24.04197153993965
1.224,post_correction,0.07010440940607653,0.07475967501174807,-6.640474750605397,0.10118280880560819,0.07593046198723778,24.957151433584993
1.228,post_correction,0.0676846518694108,0.07146882146013267,-5.590882845970683,0.09862354451834986,0.07305803564499701,25.922318040998963
1.232,post_correction,0.06534455841319924,0.06818436230467896,-4.345891931080983,0.0961020025215771,0.07021273461369819,26.939363622590676
1.236,post_correction,0.06309288643487689,0.06490718591085293,-2.875600687327441,0.09362148234952306,0.06739828666786099,28.009806108133745
1.24,post_correction,0.06093932359395247,0.06163836368308577,-1.1471083824151187,0.0911855802402611,0.06461901519373653,29.134612047788075
1.244,post_correction,0.058894511479504794,0.05837920000483319,0.8749736804437757,0.08879821328425215,0.06187995151339712,30.31396778749019
1.248,post_correction,0.05697003183708249,0.05513129916610113,3.2275436956742403,0.08646364355947112,0.059186968914043445,31.546987291446175
1.252,post_correction,0.05517833938332105,0.05189665627432639,5.947411875150825,0.08418650142510535,0.05654694148183308,32.83134406988179
1.256,post_correction,0.05353262327406412,0.04867778255097158,9.068938576459884,0.08197180684865189,0.053967930262215365,34.16281482991012
1.26,post_correction,0.05204657939948205,0.04547788074155289,12.620807618328381,0.07982498728396155,0.05145939771827716,35.53472481590187
1.264,post_correction,0.050734079352122395,0.0423010948316432,16.62193268936575,0.07775189020360992,0.04903244824697248,36.93729101817261
1.268,post_correction,0.04960873064999917,0.0391528719331634,21.076650379555605,0.07575878793126022,0.04670008662990558,38.35687198126911
1.272,post_correction,0.04868333744110732,0.036040496597899464,25.96954421726328,0.07385237194696195,0.04447747639294761,39.77515519083166
1.276,post_correction,0.04796929072591345,0.03297389484010769,31.2604077710599,0.07203973340011369,0.04238216461908585,41.16834888367457
1.28,post_correction,0.04747593893136805,0.02996686636207586,36.87988687196597,0.07032832623699026,0.04043421775333442,42.506497855387
1.284,post_correction,0.04721000773020456,0.027039002602303984,42.726121213903845,0.06872590923760637,0.03865618521091193,43.75311197809586
1.288,post_correction,0.04717514535743807,0.024218697938889238,48.662165732848784,0.06724046349256202,0.0370727794822708,44.86537189564182
1.292,post_correction,0.047371660890366554,0.021547842586012108,54.513221236044835,0.0658800825817844,0.035710146055121204,45.795231797425025
1.296,post_correction,0.047796497248500665,0.01908882564490593,60.0622917079876,0.06465283408075606,0.03459461650859004,46.49172460811406
1.3,post_correction,0.04844344347846223,0.0169336703933423,65.04445353710055,0.06356659310153691,0.033750920552051464,46.90462567635163
1.304,post_correction,0.08780134117828191,0.09236526620393636,-5.198012882727305,0.1223923074098524,0.09188344110766555,24.927110982573833
1.308,post_correction,0.08514976360774033,0.08909369909345621,-4.631763282261615,0.11976094902953348,0.08893162188102394,25.742387145668758
1.312,post_correction,0.08254499811334341,0.08582728811139737,-3.976364495819608,0.11715981528586801,0.08599857271055443,26.59721039955608
1.316,post_correction,0.07999154018418811,0.08256658349952464,-3.2191445612964222,0.11459109927501698,0.08308642637129443,27.49312390145747
1.32,post_correction,0.07749437922455706,0.07931222232656729,-2.345774132524672,0.11205716146245766,0.08019760134784656,28.43152521339295
1.324,post_correction,0.07505904665036602,0.07606494660180677,-1.3401448543922387,0.10956054213599026,0.07733484878798834,29.41359427375076
1.328,post_correction,0.07269166384949008,0.07282562604525475,-0.18428825077115008,0.10710397419724657,0.07450130794078129,30.440202150130325
1.332,post_correction,0.07039898756004163,0.06959528694734177,1.1416366066549042,0.10469039609763388,0.07170057157465738,31.511796451902146
1.336,post_correction,0.06818844918109708,0.06637514906681535,2.6592482100097423,0.10232296465380042,0.06893676303737375,32.62825869968248
1.34,post_correction,0.06606818325597386,0.06316667324423027,4.391690324678687,0.10000506739146096,0.06621462672792425,33.78872845639615
1.344,post_correction,0.06404703889390684,0.05997162344882961,6.36315982043777,0.09774033396343297,0.06353963373297866,34.991388757940626
1.348,post_correction,0.062134566327962354,0.056792148478056866,8.598141365800837,0.09553264606744798,0.060918104126401786,36.23320756404845
1.352,post_correction,0.06034096935872775,0.053630890718538195,11.120269878824885,0.09338614515250486,0.0583573467648371,37.50963093129474
1.356,post_correction,0.05867701346094297,0.050491132602406244,13.95074557430479,0.0913052370520486,0.05586581606944716,38.814225916087565
1.36,post_correction,0.05715387935025069,0.04737699618450428,17.106245939722946,0.08929459252388852,0.05345328287941063,40.13827560150347
1.364,post_correction,0.05578295346746594,0.044293718431189,20.596318986548035,0.08735914252026501,0.05113101247722272,41.47033612954514
1.368,post_correction,0.05457555080566565,0.041248035550006903,24.42030370543723,0.08550406687163846,0.04891193668850097,42.79577746643421
1.372,post_correction,0.05354257224419646,0.03824872569838346,28.563899537849935,0.08373477496530728,0.04681079792956855,44.09634712822355
1.3760000000000001,post_correction,0.05269410799491392,0.03530738281297479,32.99557738716691,0.08205687696187304,0.04484423091917279,45.349820052243466
1.3800000000000001,post_correction,0.0520390099631781,0.03243952688411636,37.66305910302673,0.0804761441515763,0.043030733143399204,46.52982744507354
1.3840000000000001,post_correction,0.05158446676966554,0.029666196209799663,42.49005937724456,0.07899845724500255,0.041390460687241004,47.60598860953153
1.3880000000000001,post_correction,0.051335623000709735,0.027016200789746876,47.373384775376415,0.07762974175445825,0.03994477752835948,48.544492580299654
1.3920000000000001,post_correction,0.05129528596509224,0.024529190949730814,52.18041874954443,0.07637589018219518,0.03871549346805531,49.309273678252055
1.3960000000000001,post_correction,0.0514637568696285,0.02225946379560201,56.747301111360365,0.07524267150233609,0.037723760451873777,49.863874183809976
1.4000000000000001,post_correction,0.051838809036093024,0.02027965792713702,60.87939074175642,0.07423562939113469,0.03698866742967714,50.17396938228914
1.4040000000000001,post_correction,0.09371215132669702,0.09355692482678674,0.16564180601205206,0.13148546965459382,0.09239155894672058,29.732495013001145
1.408,post_correction,0.09113022129380402,0.09033483989764142,0.8727965156567428,0.12896639398549317,0.08948774100088028,30.61158164122482
1.412,post_correction,0.0885937779532887,0.08711976297646856,1.6637906305308627,0.12648158281161576,0.08660693227509483,31.52605276604661
1.416,post_correction,0.08610676925316386,0.08391243397376053,2.5483888182492827,0.12403314386150484,0.08375154641062514,32.476478622406
1.42,post_correction,0.08367352740214466,0.08071370608854725,3.5373449709753113,0.12162331835278163,0.08092430864137204,33.46316336589148
1.424,post_correction,0.08129880005475061,0.07752456834833203,4.642419942086262,0.11925448770895897,0.07812830343818716,34.486068458187006
1.428,post_correction,0.07898778044211613,0.07434617362163536,5.876360614895665,0.11692917995921147,0.07536702976969031,35.544720491514035
1.432,post_correction,0.07674613481571592,0.0711798736738974,7.252822771054615,0.11465007562340536,0.0726444649925404,36.63810111110793
1.436,post_correction,0.07458002501135395,0.06802726335618405,8.786215416490307,0.11242001284224079,0.06996513835372146,37.76451666848351
1.44,post_correction,0.07249612328588928,0.06489023672669413,10.491439010057482,0.11024199146530164,0.06733421493352076,38.921445414278445
1.444,post_correction,0.07050161585445418,0.061771058884391446,12.383484923361724,0.10811917575894653,0.06475759050087143,40.105360546542144
1.448,post_correction,0.06860419081652189,0.05867245865081847,14.47685928147638,0.10605489534278703,0.06224199707639873,41.31152845399332
1.452,post_correction,0.06681200550195524,0.055597749122437146,16.78479233674539,0.10405264391027427,0.05979511783990117,42.533783291981365
1.456,post_correction,0.06513362784207018,0.05255098574104328,19.31819632638319,0.10211607523899734,0.05742570816160457,43.76428194365804
1.46,post_correction,0.06357794638067092,0.04953717517196585,22.084342146939452,0.10024899595421198,0.05514371671492476,44.99324787241633
1.464,post_correction,0.06215404423636691,0.046562553282433784,25.08523965816274,0.09845535448073539,0.05296039655994419,46.20871882564104
1.468,post_correction,0.06087103397187497,0.0436349572337211,28.315728538663684,0.09673922561084305,0.05088839055557062,47.396322190668045
1.472,post_correction,0.05973785312504961,0.040764325332708747,31.7613151457309,0.09510479013753881,0.04894176848807044,48.5391131011469
1.476,post_correction,0.0587630241636766,0.03796336835857228,35.39582263017921,0.09355630906259423,0.04713598545307183,49.617523472911586
1.48,post_correction,0.057954387628617404,0.0352484652168709,39.178953209289894,0.0920980919960973,0.045487723810242346,50.60948297151486
1.484,post_correction,0.05731882265795346,0.03264083690394032,43.053895055168006,0.09073445952672839,0.04401457735041335,51.490781363559435
1.488,post_correction,0.056861974002892626,0.030168028345038688,46.94516172881369,0.08946969956468545,0.042734540621103656,52.235739217826335
1.492,post_correction,0.05658800788160743,0.027865639606612962,50.75698783227529,0.08830801794262483,0.04166528392757201,52.81823225310908
1.496,post_correction,0.056499419443050515,0.025779026111709496,54.372936278232245,0.08725348389819094,0.04082322925993944,53.21306676123927
1.5,post_correction,0.05659691152853427,0.023964238038438557,57.65804636467382,0.08630997144051686,0.04022249300491171,53.39762911098602
1.504,post_correction,0.10099795688032692,0.09485462225413611,6.082632575894661,0.1412462201152452,0.09231571945494557,34.64198944253262
1.508,post_correction,0.09849626895498216,0.09168936454906543,6.910824621212645,0.13885217757326687,0.08948390535307671,35.55455383055873
1.512,post_correction,0.0960387617292535,0.08853334881583112,7.814983011319091,0.13649483187841585,0.08667942972472914,36.49618191995744
1.516,post_correction,0.09362885217927115,0.08538753442076369,8.802113415561063,0.1341761141075475,0.0839050043557387,37.46651189459438
1.52,post_correction,0.09127024549506244,0.08225302194624035,9.879696827713591,0.1318980549770829,0.0811636756178905,38.464842690824696
1.524,post_correction,0.0889669534691781,0.07913107976542738,11.055648552873377,0.129662787589639,0.07845887138350141,39.4900627681933
1.528,post_correction,0.08672331146660017,0.07602317663829597,12.338245216137944,0.12747254964638918,0.07579445426957648,40.54056776942843
1.532,post_correction,0.0845439929500372,0.07293102191256098,13.736009658710007,0.12532968498013436,0.0731747816578454,41.61416613355079
1.536,post_correction,0.08243402026096217,0.06985661537976076,15.25754153610972,0.12323664424454002,0.07060477271502717,42.707972009587316
1.54,post_correction,0.08039877005335043,0.06680230945056326,16.911279356344547,0.12119598457541549,0.06808998224684668,43.8182853290185
1.544,post_correction,0.0784439714592257,0.06377088712059358,18.70517780484767,0.11921036802115607,0.06563668058307985,44.94045973297271
1.548,post_correction,0.07657569475929182,0.0607656602559002,20.646282809563676,0.11728255852270766,0.0632519377102105,46.068760345159106
1.552,post_correction,0.07480032807892043,0.05779059410253742,22.740186324365258,0.11541541721011558,0.060943708423351395,47.19621529210225
1.556,post_correction,0.07312453948693581,0.054850465686394644,24.990343773455088,0.11361189577469753,0.05872091323030485,48.314467574105414
1.56,post_correction,0.0715552219159255,0.051951065965733206,27.39724009692317,0.11187502767523025,0.05659350699663277,49.41363754481297
1.564,post_correction,0.07009941863466947,0.04909945820523225,29.95739599336869,0.11020791694564319,0.05457252383479326,50.482210945235856
1.568,post_correction,0.06876422767456974,0.04630430784421363,32.662214918851184,0.1086137243930849,0.05267008264819689,51.506973043684496
1.572,post_correction,0.06755668471598886,0.04357630149739143,35.49668447972538,0.10709565101138667,0.05089933349444081,52.473015464438355
1.576,post_correction,0.06648362550919412,0.040928673138039495,38.43796449942489,0.1056569184881596,0.04927432147627166,53.36384764827912
1.58,post_correction,0.06555153089832538,0.03837785074664424,41.45392148633303,0.10430074675573903,0.04780974378945179,54.161647661625096
1.584,post_correction,0.06476635979552951,0.03594422048317938,44.50171262263775,0.10303032862773226,0.04652057905922924,54.84768448393798
1.588,post_correction,0.06413337776176209,0.03365296666506805,47.5265956050536,0.10184880167348716,0.04542157860843192,55.40293271780745
1.592,post_correction,0.06365699083468702,0.03153486759525652,50.46126563357279,0.10075921761013971,0.044526628487103544,55.80887829102924
1.596,post_correction,0.06334059549451901,0.02962679067734154,53.22622017359276,0.09976450963170155,0.04384801832054783,56.04848008332764
1.6,post_correction,0.06318645580123552,0.027971432553162298,55.73191723056675,0.09886745824040116,0.04339568380791527,56.10721203897394
1.604,post_correction,0.10970450903026649,0.09624657764955283,12.267436862600368,0.1512008733365116,0.09179098392809995,39.29202794760942
1.608,post_correction,0.10729469727812009,0.09314573685557585,13.187008101498733,0.14893088647348157,0.0890481444477513,40.20841038664797
1.612,post_correction,0.10492786099235911,0.09005678332226777,14.172668278422503,0.146698673321265,0.08633708151941985,41.146651455841976
1.616,post_correction,0.10260692375755823,0.08698092126893014,15.228994220262882,0.14450595413644643,0.08366081434171857,42.105628213268105
1.62,post_correction,0.10033501789084297,0.08391952391951361,16.360682757029245,0.1423545209879409,0.08102271530211479,43.08384817017624
1.624,post_correction,0.09811549394937866,0.0808741632959535,17.572485200268765,0.14024623824411933,0.07842655453745254,44.07938813949539
1.6280000000000001,post_correction,0.0959519288289853,0.07784664621702461,18.86911793532536,0.13818304253917335,0.0758765491421712,45.089825967132654
1.6320000000000001,post_correction,0.09384813184564435,0.07483905796142612,20.255143613815548,0.13616694212680477,0.07337741685901412,46.11216517539053
1.6360000000000001,post_correction,0.09180814807107458,0.0718538154197817,21.734816648131225,0.1342000155221248,0.07093443370082839,47.142752983412414
1.6400000000000001,post_correction,0.08983625806831678,0.06889373201467072,23.31188598452101,0.1322844093264681,0.06855349437915415,48.17719281644958
1.6440000000000001,post_correction,0.087936973051333,0.06596209722477524,24.989347556607363,0.13042233512519855,0.06624117359703996,49.210253340846926
1.6480000000000001,post_correction,0.08611502438572304,0.06306277421749669,26.769138524506026,0.12861606534611625,0.06400478513690214,50.23577733881061
1.6520000000000001,post_correction,0.0843753462718577,0.060200319868288076,28.65176555919261,0.12686792796647595,0.06185243418323276,51.246595436179206
1.6560000000000001,post_correction,0.08272305042761297,0.05738013228685412,30.63586027081441,0.12518029996065877,0.059793056437424816,52.23445186166165
1.6600000000000001,post_correction,0.08116339164011548,0.05460863177856576,32.71765672299095,0.12355559938900411,0.0578364353466891,53.18995202751104
1.6640000000000001,post_correction,0.07970172321157959,0.051893481720897625,34.890389279113855,0.1219962760420276,0.055993186340950206,54.102544636968595
1.668,post_correction,0.0783434416100383,0.04924385568796961,37.143614480092104,0.12050480057394507,0.0542746947030515,54.96055389947137
1.672,post_correction,0.07709392007295209,0.04667075549513357,39.46246934781605,0.11908365208573071,0.05269299220561312,55.75127964023275
1.676,post_correction,0.07595843151029688,0.04418738023897943,41.82689220881369,0.11773530415123355,0.05126055785087997,56.46118365224192
1.68,post_correction,0.07494206180504982,0.04180953656403264,44.21085361543204,0.11646220932024015,0.049990031104404226,57.07617827604067
1.684,post_correction,0.0740496154786469,0.039556061872597297,46.581678220862926,0.1152667821794677,0.048893833068072996,57.582026544346114
1.688,post_correction,0.07328551661231429,0.037449200700289974,48.89958830692432,0.11415138110542501,0.04798370274510021,57.964851340007314
1.692,post_correction,0.07265370879740671,0.03551482636347615,51.11766907521752,0.11311828890045354,0.04727017138059245,58.211734070525765
1.696,post_correction,0.07215755861127233,0.033782336673266536,53.18253926070454,0.11216969256297324,0.04676201547241616,58.31136343164758
1.7,post_correction,0.07179976755424562,0.03228398929502726,55.03608104213387,0.11130766250231308,0.04646574415515436,58.25467617362932
1.704,post_correction,0.11979804581784609,0.09772050304989675,18.42896736522599,0.16093593289441865,0.09090921345212942,43.51217169644145
1.708,post_correction,0.11748981878403973,0.09469206377255056,19.404026023220073,0.15878228427145016,0.08826705536563526,44.410010366939844
1.712,post_correction,0.11522339718953091,0.09167858132134381,20.434058049389265,0.15666655018947562,0.08566126030107622,45.32255915670844
1.716,post_correction,0.11300125762833443,0.08868152337827459,21.52164919265625,0.1545902456645089,0.08309515935866224,46.24812257624908
1.72,post_correction,0.11082602299682649,0.08570255240937708,22.66928823040851,0.1525549368801588,0.08057245010266136,47.18463279496755
1.724,post_correction,0.10870046643297082,0.0827435574615703,23.87929861129585,0.15056224055736667,0.07809723705740865,48.12959958067818
1.728,post_correction,0.10662751406645922,0.07980669192654939,25.15375358295687,0.14861382289185615,0.07567407482785293,49.080056380139204
1.732,post_correction,0.10461024623968293,0.07689441847712056,26.49437197486362,0.14671139800446578,0.07330801306664401,50.032503224860164
1.736,post_correction,0.10265189681242645,0.07400956261497835,27.90239156494654,0.14485672584770756,0.07100464200541434,50.98284764487652
1.74,post_correction,0.10075585011835989,0.07115537653036588,29.378416789915168,0.14305160951103033,0.06877013658966585,51.92634544642214
1.744,post_correction,0.0989256351024629,0.06833561525188547,30.922237515982186,0.14129789186762862,0.06661129637521553,52.8575440901704
1.748,post_correction,0.09716491614020738,0.06555462733317277,32.53261574519498,0.13959745150750796,0.06453557724359008,53.77023251737575
1.752,post_correction,0.09547748002755532,0.0628174625318329,34.20703760331396,0.13795219790519872,0.06255110968780137,54.65740260928157
1.756,post_correction,0.0938672186425214,0.06012999899371442,35.94142889999745,0.13636406577629392,0.06066669697572618,55.51122898077103
1.76,post_correction,0.09233810682185795,0.05749909220543183,37.729834209876984,0.13483500858515393,0.05889178506767886,56.32307537512689
1.764,post_correction,0.09089417507816824,0.05493274716199968,39.564062147263044,0.13336699117692163,0.05723639501836575,57.083537303141796
1.768,post_correction,0.0895394769105503,0.052440313408169535,41.43330381463221,0.13196198152059985,0.05571100814637703,57.782531374250176
1.772,post_correction,0.08827805064094611,0.050032699244221705,43.323738028924055,0.1306219415664583,0.054326395061870064,58.409441468736944
1.776,post_correction,0.08711387594056158,0.04772259559454858,45.21814684596281,0.12934881724042996,0.05309338233459236,58.95332986624542
1.78,post_correction,0.0860508254929112,0.04552469077238787,47.095579256077954,0.1281445276202525,0.052022555704568284,59.403217077881344
1.784,post_correction,0.08509261256261752,0.043455843605818466,48.931120696475965,0.1270109533625571,0.05112390648244023,59.74842710100342
1.788,post_correction,0.08424273558491413,0.04153516370644959,50.69585119943855,0.12594992447635717,0.05040643767637166,59.97898538967862
1.792,post_correction,0.08350442123497614,0.03978392549972386,52.35710287988894,0.12496320756568581,0.049877757001267314,60.08604614678323
1.796,post_correction,0.08288056774720348,0.03822522225231662,53.87915009353154,0.12405249269151046,0.0495436929222486,60.062315679982206
1.8,post_correction,0.08237369049678564,0.036883258996330014,55.22446697010709,0.12321938002937477,0.04940797442251744,59.902432222318545
1.804,post_correction,0.1311738608434919,0.0992658177080515,24.325001132284267,0.17011683960441648,0.08973142110442107,47.25306365138263
1.808,post_correction,0.1289734590263632,0.09631823460437632,25.31933676006309,0.16806922350341602,0.08719800224074538,48.11780501920801
1.812,post_correction,0.12681364337209997,0.09338909650180419,26.35721676430397,0.16605911038352045,0.08470573758262,48.99061100171586
1.816,post_correction,0.12469649448184258,0.09048014408501007,27.439705132861498,0.16408783485308576,0.08225827250720065,49.869365647459674
1.82,post_correction,0.1226241925099387,0.08759333459852932,28.56765634446084,0.1621567681239778,0.07985962612574815,50.75159239440992
1.824,post_correction,0.1205990179859566,0.08473087411249046,29.741655008868214,0.1602673168984994,0.07751422595090791,51.63441464487781
1.828,post_correction,0.11862335173443887,0.08189525508813884,30.961944768280464,0.15842092191691423,0.0752269428845239,52.51451514467414
1.832,post_correction,0.1166996737125292,0.07908930009849983,32.228345133746004,0.15661905613336796,0.07300312517606437,53.38809530693442
1.836,post_correction,0.1148305605701344,0.07631621265217606,33.54015492629696,0.15486322248821707,0.0708486294396998,54.25083612405754
1.84,post_correction,0.1130186817245628,0.07357963613858857,34.89604106522044,0.15315495124568354,0.06876984612490071,55.09786293844098
1.844,post_correction,0.11126679373312423,0.07088372193517506,36.29391163621451,0.15149579686748418,0.06677371601728119,55.923717094482015
1.848,post_correction,0.10957773274476026,0.06823320765001503,37.73077253847655,0.14988733439576074,0.06486773343628358,56.72233834981174
1.852,post_correction,0.10795440481742713,0.06563350625355065,39.20256763533617,0.14833115532238536,0.06305993086908834,57.4870628277432
1.856,post_correction,0.10639977390384779,0.06309080638547582,40.70400333511025,0.1468288629266391,0.06135883896980612,58.210642140256056
1.86,post_correction,0.10491684733660979,0.06061218327027239,42.228360068991215,0.14538206706945378,0.059773415367424795,58.8852899313441
1.864,post_correction,0.10350865868646744,0.058205718247781674,43.767295425893295,0.14399237843992532,0.05831293585112157,59.50276224137089
1.868,post_correction,0.10217824792678692,0.05588062267764675,45.31064701981727,0.14266140225867438,0.05698684258261645,60.054477468763686
1.872,post_correction,0.10092863891331591,0.05364735861880646,46.84624780793656,0.14139073145281303,0.055804546369516664,60.53167997922087
1.8760000000000001,post_correction,0.09976281428180325,0.05151774393416475,48.359772822124974,0.14018193932869483,0.05477518396406205,60.925648320767856
1.8800000000000001,post_correction,0.09868368797498359,0.04950502316794437,49.834644221551656,0.13903657178111117,0.053907336815669935,61.227944471662006
1.8840000000000001,post_correction,0.09769407573195091,0.047623877883640114,51.25203086591596,0.13795613909092452,0.053208724272565434,61.43069484026625
1.8880000000000001,post_correction,0.09679666400194044,0.045890342046832296,52.590988005627594,0.136942107376978,0.05268589094630141,61.52688756186129
1.8920000000000001,post_correction,0.09599397787409143,0.04432158159286946,53.8287894986465,0.13599588978210678,0.05234391340237635,61.51066514859971
1.8960000000000001,post_correction,0.09528834873622818,0.042935496223763844,54.941504608695176,0.13511883748672177,0.05218615390774042,61.37758814505135
1.9000000000000001,post_correction,0.09468188247921591,0.041750110885221646,55.904857622168194,0.13431223065622763,0.05221408733618197,61.12484538372087
1.9040000000000001,post_correction,0.14367490604734826,0.10087506137948321,29.78936673448062,0.1784872143689343,0.08829712773579387,50.5302785703837
1.9080000000000001,post_correction,0.1415848674880606,0.09801727498933253,30.771362273162406,0.17653489250194948,0.08587822025903843,51.35340156162608
1.9120000000000001,post_correction,0.1395341056621456,0.09518181503200379,31.78598552638605,0.17461939588758751,0.08350553422280402,52.17854591791091
1.9160000000000001,post_correction,0.13752435832130397,0.09237069375510062,32.83321232498241,0.1727419093972837,0.08118303122722902,53.00328014754155
1.92,post_correction,0.1355574291831133,0.08958615579998652,33.91276572605106,0.17090364443290318,0.07891504714194522,53.82483070867029
1.924,post_correction,0.1336351872310382,0.08683070921201644,35.024067379875625,0.1691058376453398,0.07670631909170358,54.64005254947067
1.928,post_correction,0.13175956537679598,0.08410716070665773,36.16618234423097,0.16734974938932354,0.07456201023545969,55.44540072062005
1.932,post_correction,0.12993255839458964,0.08141865564889653,37.337756867960834,0.16563666189538598,0.07248773049922921,56.23690451754483
1.936,post_correction,0.12815622003319577,0.07876872317073653,38.53694877210532,0.16396787714080527,0.07048955087506088,57.01014606993485
1.94,post_correction,0.1264326592102267,0.07616132676548555,39.76135023874818,0.16234471440269377,0.06857400828848371,57.76024581965333
1.944,post_correction,0.12476403519366462,0.07360092052979843,41.00790310641075,0.1607685074782678,0.06674809740644311,58.481857887829236
1.948,post_correction,0.12315255167958965,0.07109251093622854,42.27280720809387,0.15924060155980252,0.06501924518117204,59.16917887505331
1.952,post_correction,0.12160044968255594,0.06864172355832869,43.55142292851602,0.15776234975487477,0.06339526351790513,59.81597407974316
1.956,post_correction,0.12010999916693108,0.06625487347038045,44.83817006917283,0.1563351092462642,0.06188427537650611,60.415625335302025
1.96,post_correction,0.11868348936430428,0.06393903702398199,46.12642637450753,0.1549602370903514,0.06049461006933966,60.96120449656542
1.964,post_correction,0.11732321774425301,0.06170212127545771,47.40843077628584,0.15363908565800682,0.059234664717124096,61.4455758679939
1.968,post_correction,0.1160314776336432,0.059552925420605834,48.67519863132509,0.15237299772780585,0.058112730957665504,61.861529388903804
1.972,post_correction,0.11481054451326872,0.05750118614521627,49.91645898990503,0.15116330124786698,0.05713678915238161,62.20194406928656
1.976,post_correction,0.1136626610597296,0.05555759587366193,51.120627164917,0.15001130378962726,0.056314276392123525,62.45997803532359
1.98,post_correction,0.11259002104432676,0.05373377972356237,52.2748293097775,0.14891828672432397,0.055651839182432446,62.629277836472454
1.984,post_correction,0.1115947522482661,0.05204221406706818,53.36499878480909,0.14788549916069663,0.05515508610011241,62.704195872389555
1.988,post_correction,0.11067889860298909,0.050496067866168726,54.37606580518955,0.14691415169027838,0.05482835903178719,62.68000161932984
1.992,post_correction,0.10984440181387198,0.049108948734417054,55.292260758422,0.14600540999439646,0.05467454285794393,62.55307056084956
1.996,post_correction,0.1090930827723085,0.04789454063277511,56.0975458611457,0.1451603883744012,0.05469493190140493,62.32103501932329
2.0,post_correction,0.10842662310248051,0.04686613076008895,56.776177825078115,0.14438014327342943,0.05488916692515275,61.98288373962701
2.004,post_correction,0.15711228194672167,0.10254478495875537,34.731528504226475,0.18585852441973605,0.08663083414980295,53.38882926125085
2.008,post_correction,0.15513199162107966,0.09978619234086059,35.67658656468804,0.18399128093390554,0.084331051503393,54.165734878661496
2.012,post_correction,0.15318958593356796,0.09705415598318752,36.64441653019682,0.1821601116223393,0.08208292060730078,54.93913575466074
2.016,post_correction,0.15128651216280092,0.0943509459419542,37.63426455332502,0.18036608151188677,0.07989072149472293,55.70634965008217
2.02,post_correction,0.14942426021071475,0.09167907287261705,38.645121787229684,0.17861027520976558,0.07775910119567218,56.46437412161791
2.024,post_correction,0.14760436130376725,0.08904131603812124,39.675687593759015,0.17689379559471474,0.07569309101961244,57.20986665183298
2.028,post_correction,0.14582838626354194,0.08644075425885882,40.72432914217225,0.17521776230046357,0.07369811894000593,57.939127875843816
2.032,post_correction,0.14409794330331363,0.0838807998729221,41.78903740745257,0.1735833099800548,0.07178001487897097,58.648089561595135
2.036,post_correction,0.14241467530741894,0.08136523565274213,42.86737972957798,0.17199158634057424,0.06994500623796014,59.33230937270591
2.04,post_correction,0.14078025655160667,0.07889825443877477,43.9564493122993,0.17044374993917,0.06819970059547491,59.98697481144669
2.044,post_correction,0.13919638882512667,0.07648450098125234,45.052812341748094,0.1689409677329339,0.06655105216561814,60.60691905658804
2.048,post_correction,0.13766479691934008,0.07412911510171964,46.15245381493351,0.1674844123772735,0.06500630848030314,61.1866516067951
2.052,post_correction,0.13618722345329592,0.07183777476867237,47.25072371175228,0.1660752592698565,0.0635729339483419,61.72040662297451
2.056,post_correction,0.13476542301417677,0.06961673699761509,48.342285847096186,0.1647146833400572,0.062258507597724506,62.20221152403857
2.06,post_correction,0.13340115559990742,0.06747287361262637,49.42107262174782,0.16340385558708412,0.06107059355735806,62.62597761971949
2.064,post_correction,0.13209617936261508,0.06541369783761118,50.48024995632531,0.16214393937360125,0.06001658477011328,62.98561327548168
2.068,post_correction,0.13085224266503573,0.06344737644670738,51.5121979153814,0.16093608648564772,0.059103523042523136,63.27515827359578
2.072,post_correction,0.129671075477293,0.061582720875784876,52.50851383077427,0.1597814329739643,0.058337901670015166,63.488935739159956
2.076,post_correction,0.12855438015853876,0.05982914944497519,53.46004595783408,0.15868109479640113,0.057725460185078195,63.62171545441883
2.08,post_correction,0.12750382168642777,0.05819661194178341,54.356966581827415,0.15763616328581567,0.0572709837323338,63.668879945717926
2.084,post_correction,0.12652101741685365,0.056695467669915074,55.18889364988401,0.15664770047269772,0.056978121540621186,63.62658285523192
2.088,post_correction,0.12560752647622567,0.055336309197120404,55.9450689385288,0.15571673429654836,0.05684923932785252,63.49188827734576
2.092,post_correction,0.12476483890810852,0.05412972698919458,56.6145979404806,0.1548442537446824,0.056885318841167695,63.26288030360879
2.096,post_correction,0.12399436471447571,0.05308601532618425,57.18675163308714,0.1540312039614667,0.05708591408342876,62.93873409071731
2.1,post_correction,0.12329742294824288,0.05221482742123769,57.65132297764557,0.15327848137491384,0.057449168545563735,62.51974313012336
2.104,post_correction,0.17128265237727178,0.10427615292608303,39.120423768075725,0.1920958789823251,0.08474653887174093,55.88320826000723
2.108,post_correction,0.1694091736035226,0.10162654868479824,40.01118916816139,0.1903043317783054,0.08257030902821277,56.61144007777875
2.112,post_correction,0.16757214102289042,0.09900801597921338,40.91618369566046,0.18854815803135047,0.08045163202147175,57.330990203524124
2.116,post_correction,0.1657727602142872,0.09642305600109856,41.83419768334876,0.1868283296580243,0.07839510858426822,58.03896083224381
2.12,post_correction,0.16401226355427215,0.09387440987217582,42.76378617193311,0.18514583333215504,0.07640568963979513,58.732158177860846
2.124,post_correction,0.1622919087961322,0.09136508206697078,43.703242666434015,0.1835016692023565,0.07448868158221539,59.407082286497904
2.128,post_correction,0.16061297736585753,0.08889836533950503,44.65057133147779,0.1818968494418402,0.07264974387763454,60.05992181801719
2.132,post_correction,0.15897677235520744,0.0864778668968175,45.60345790415412,0.18033239662349868,0.07089487660689117,60.68655553061449
2.136,post_correction,0.15738461619319458,0.08410753539575047,46.55923975917327,0.17880934191422265,0.06923039530574782,61.28256244074842
2.14,post_correction,0.15583784797898328,0.0817916881191813,47.514875763548815,0.17732872308362746,0.06766289031996982,61.843242796001924
2.144,post_correction,0.1543378204614704,0.07953503740367475,48.466916815421634,0.17589158232381408,0.06619916796674939,62.363652033741104
2.148,post_correction,0.15288589665375066,0.07734271503342702,49.411478281355514,0.17449896387849106,0.06484617117767906,62.83864973385548
2.152,post_correction,0.15148344607430506,0.07522029288024365,50.34421593277797,0.17315191148173797,0.06361087809023573,63.262965135129534
2.156,post_correction,0.15013184061112694,0.0731737975587021,51.26030743322622,0.17185146560889156,0.06250017833115178,63.63128000700738
2.16,post_correction,0.14883245001013296,0.07120971629535688,52.15444193083651,0.17059866054448664,0.06152072852015447,63.938328516880794
2.164,post_correction,0.14758663699507665,0.06933499061699949,53.02082083534945,0.1693945212748509,0.06067879075208145,64.17901222813038
2.168,post_correction,0.14639575203276964,0.06755699391043034,53.853173352114624,0.16824006021582483,0.05998006030616729,64.34852660583778
2.172,post_correction,0.14526112776463054,0.0658834884964232,54.6447907225562,0.1671362737891136,0.05942949127023728,64.44249358746431
2.176,post_correction,0.14418407313334197,0.0643225577362062,55.38858326139777,0.16608413886392925,0.059031130735711805,64.45709317006164
2.18,post_correction,0.14316586724153674,0.0628825090299509,56.077164032498665,0.16508460908380101,0.058787973260750644,64.3891858926059
2.184,post_correction,0.14220775298778945,0.06157174457282407,56.702962194957905,0.16413861110164676,0.058701847028462845,64.23641784557911
2.188,post_correction,0.14131093053353222,0.06039859858485392,57.258367518483155,0.16324704074934313,0.0587733413522679,63.99730060497014
2.192,post_correction,0.14047655066258932,0.059371142524157476,57.73590521398759,0.16241075917101783,0.05900178199467875,63.67126026881621
2.196,post_correction,0.1397057081025556,0.0584969634658432,58.12843708368624,0.16163058895203541,0.0593852565715497,63.258652364885876
2.2,post_correction,0.13899943488393038,0.05778292508030725,58.42938129312676,0.16090731027806435,0.05992068775312116,62.760742411533656
2.204,post_correction,0.1859809714589013,0.10607552540683093,42.96431265266734,0.1971030216258886,0.08265164021898798,58.06678175849331
2.208,post_correction,0.18420985846970497,0.10354503433240979,43.78963471738472,0.19537863777703646,0.08060417576912138,58.744632122419745
2.212,post_correction,0.18247375225684032,0.1010503372692808,44.62198753547429,0.1936890576907114,0.07862077653465797,59.40876708677987
2.216,post_correction,0.18077365997285721,0.09859412718309367,45.45990428146591,0.19203518358837432,0.07670636499700619,60.056087866989216
2.22,post_correction,0.1791106050240818,0.09617932677494988,46.30171297672834,0.19041792908252164,0.07486618467513625,60.683227133149096
2.224,post_correction,0.17748562574268759,0.0938091060756745,47.14551914661775,0.18883821793238387,0.07310579069397152,61.28654914539171
2.228,post_correction,0.17589977387509162,0.09148690014703739,47.989188313565855,0.1872969826596767,0.07143102992250222,61.86215660916749
2.232,post_correction,0.17435411287831665,0.08921642641098185,48.83032872688996,0.18579516302005097,0.06984800839220431,62.405905914425595
2.236,post_correction,0.172849716017016,0.08700170096272801,49.66627486147375,0.18433370432680243,0.06836304372510306,62.91343247575427
2.24,post_correction,0.17138766425518062,0.08484705302527355,50.49407237445979,0.18291355562448944,0.06698260054333692,63.38018780803311
2.244,post_correction,0.1699690439381559,0.08275713647143422,51.310465391835805,0.18153566771136392,0.06571320737364526,63.801489700565504
2.248,post_correction,0.16859494426249325,0.08073693707923064,52.11188720254412,0.1802009910109542,0.06456135446508038,64.1725863421274
2.2520000000000002,post_correction,0.1672664545333644,0.0787917739072516,52.89445565934733,0.1789104732947446,0.06353337323913164,64.48873446639197
2.2560000000000002,post_correction,0.16598466121176908,0.07692729289725382,53.65397480969204,0.17766505725967072,0.06263529976456077,64.7452905311512
2.2600000000000002,post_correction,0.16475064475656126,0.07514945056150835,54.38594448443548,0.17646567796607618,0.06187272659028655,64.93781266508891
2.2640000000000002,post_correction,0.16356547626938397,0.07346448543553473,55.08557972555133,0.17531326014384926,0.06125064927963963,65.06216972442255
2.2680000000000002,post_correction,0.1624302139539212,0.07187887493056176,55.74784199265253,0.1742087153766357,0.0607733157807103,65.11465247343129
2.2720000000000002,post_correction,0.16134589940438274,0.07039927537471274,56.36748399891442,0.1731529391763006,0.06044408799972453,65.09208085796242
2.2760000000000002,post_correction,0.16031355374180845,0.0690324434647315,56.93910972997886,0.1721468079621322,0.060265325289401914,64.99190080674705
2.2800000000000002,post_correction,0.15933417362052463,0.06778513813309907,57.4572506369297,0.17119117596161337,0.060238298791927394,64.81226415230958
2.2840000000000003,post_correction,0.15840872713083848,0.06666400301706914,57.916458124174135,0.17028687205188234,0.060363143635165685,64.55208618972432
2.2880000000000003,post_correction,0.15753814962772938,0.06567543129706488,58.31141126624932,0.16943469656321267,0.0606388530452434,64.21107702540709
2.2920000000000003,post_correction,0.1567233395187849,0.06482541657909724,58.63703722869735,0.16863541806790044,0.061063314896602675,63.78974500361736
2.2960000000000003,post_correction,0.15596515404783126,0.06411939556339637,58.88864025118568,0.16788977017980886,0.0616333875985341,63.28937282329641
2.3000000000000003,post_correction,0.15526440511351844,0.06356209020735352,59.06203346421777,0.16719844839141165,0.06234500906024024,62.71196912408509
2.3040000000000003,post_correction,0.20100902045714747,0.10795540751285451,46.29325227925818,0.20080819680995457,0.0803522434001529,59.98557594927338
2.308,post_correction,0.19933500137014712,0.10555444142910915,47.04670995882751,0.19914323461568997,0.07844077041006474,60.61087861636822
2.312,post_correction,0.19769459176162368,0.10319410982835751,47.80124792043529,0.19751269874198799,0.0766006827521632,61.21733780154201
2.316,post_correction,0.19608863740281046,0.10087724648935945,48.55528202680365,0.19591744278208018,0.0748372211076437,61.801654796563746
2.32,post_correction,0.19451799337780842,0.09860689524910543,49.307057132970094,0.19435832938455885,0.07315590101678925,62.360295414948524
2.324,post_correction,0.19298352292550344,0.0963863210080064,50.05463702452257,0.19283622903856343,0.0715624854691122,62.889501715571754
2.328,post_correction,0.1914860961627915,0.09421901964264952,50.79589509070705,0.19135201873760763,0.07006294457126089,63.385312037217105
2.332,post_correction,0.19002658868610067,0.09210872624828143,51.52850615003508,0.18990658051934411,0.06866340047775008,63.84359073288883
2.336,post_correction,0.18860588004899176,0.09005942100460611,52.249939937602946,0.18850079987942134,0.06737005617011792,64.26006880967473
2.34,post_correction,0.18722485211453713,0.08807533181993088,52.95745686259124,0.18713556405858003,0.06618910736083951,64.63039631519749
2.344,post_correction,0.18588438728222564,0.08616093276677426,53.64810674714852,0.18581176020326137,0.06512663781330648,64.95020673499687
2.348,post_correction,0.18458536659032093,0.08432093718725311,54.318731357291334,0.184530273401252,0.06418849970284536,65.2151928679634
2.352,post_correction,0.18332866769590478,0.08256028423411624,54.96597162258193,0.18329198459527407,0.06338018223159056,65.42119265523806
2.356,post_correction,0.18211516273626296,0.08088411754376197,55.58628050048891,0.18209776837892677,0.06270667341468361,65.5642823232202
2.36,post_correction,0.18094571607681012,0.07929775473689053,56.175942456007505,0.18094849068099295,0.06217232156566528,65.64087308400195
2.364,post_correction,0.17982118195238123,0.07780664654088341,56.73110047653478,0.17984500634581985,0.06178070425975852,65.64780667806711
2.368,post_correction,0.17874240201043148,0.07641632455775857,57.247791403575924,0.17878815661924943,0.06153451316860645,65.5824444235132
2.372,post_correction,0.17771020276645536,0.07513233709226493,57.72199011499472,0.17777876655138372,0.06143546291332362,65.44274431358099
2.376,post_correction,0.17672539298373185,0.07396017302698792,58.149662717798456,0.17681764232929714,0.06148423086627867,65.22732117885997
2.38,post_correction,0.17578876099130264,0.07290517448857028,58.52682840618157,0.17590556855461495,0.06168043270500927,64.93548600432237
2.384,post_correction,0.1749010719558471,0.07197243996838192,58.849629013965675,0.1750433054826294,0.062022635722874704,64.56726205445796
2.388,post_correction,0.17406306512480482,0.071166720585511,59.11440457831545,0.1742315862412826,0.0625084088125647,64.12337730427326
2.392,post_correction,0.17327545105966743,0.0704923132160293,59.317772491756344,0.17347111404986454,0.06313440510673109,63.60523453571469
2.396,post_correction,0.1725389088797746,0.06995295513341049,59.456707134879466,0.17276255945861432,0.06389647089629107,63.01486207629517
2.4,post_correction,0.17185408353816145,0.06955172546486126,59.52861635119844,0.17210655763152746,0.06478977293987105,62.354849326204594
2.404,post_correction,0.21618121012020647,0.10993640323653994,49.14618010723024,0.20315212260991033,0.0778636383513151,61.67224966640999
2.408,post_correction,0.2145987509642587,0.10767569458472273,49.82464059044963,0.20153968943139955,0.07609937194776127,62.240999694671
2.412,post_correction,0.21304858381008313,0.10546048479315843,50.499326065847704,0.19996156323673078,0.07441490982947732,62.785393040071966
2.416,post_correction,0.21153142406525016,0.10329368774616163,51.168632177175205,0.19841856947556333,0.07281579383903289,63.30192580689849
2.42,post_correction,0.21004799192150503,0.10117839897702777,51.83081825660197,0.19691154110101042,0.07130776941372038,63.78690196876709
2.424,post_correction,0.2085990113772614,0.09911789989142074,52.48400304632258,0.19544131736399994,0.06989673630068136,64.23645867546928
2.428,post_correction,0.20718520918321073,0.0971156600200746,53.12616165848176,0.1940087424976133,0.06858868458865156,64.6466011244337
2.432,post_correction,0.20580731371044036,0.09517533674297422,53.755124136705504,0.19261466428975343,0.0673896152772214,65.0132478097067
2.436,post_correction,0.20446605374099405,0.09330077185429848,54.36857603145871,0.19125993254333176,0.06630544545666604,65.33228649882332
2.44,post_correction,0.20316215718141847,0.09149598427311025,54.96406144604641,0.189945397424102,0.06534189930700744,65.59964063719067
2.444,post_correction,0.20189634970050344,0.08976515815740914,55.53898904533523,0.18867190769732256,0.06450438749933753,65.81134505576799
2.448,post_correction,0.2006693532931466,0.08811262565928124,56.09064153878921,0.18744030885558471,0.06379787909074004,65.9636289119147
2.452,post_correction,0.19948188477304513,0.0865428435790655,56.61618914543184,0.18625144114139877,0.06322677147787145,66.05300281683682
2.456,post_correction,0.19833465419773955,0.08506036325069063,57.11270751207931,0.1851061374694759,0.06279476519327204,66.07634622399978
2.46,post_correction,0.19722836323039442,0.08366979313279907,57.57720047848325,0.1840052212550673,0.06250475105229449,66.03099051974691
2.464,post_correction,0.19616370344359133,0.08237575380345781,58.0066279554384,0.182949504156202,0.06235871717494021,65.91479301212075
2.468,post_correction,0.19514135457132234,0.08118282536835905,58.397938998272416,0.18193978373919656,0.06235768258807394,65.72619725795585
2.472,post_correction,0.1941619827162894,0.08009548769417343,58.748109916445685,0.18097684107834994,0.06250166246376405,65.46427593091575
2.476,post_correction,0.19322623852053264,0.07911805436010141,59.054186964523375,0.18006143830227697,0.06278966772666099,65.12875365282085
2.48,post_correction,0.1923347553083017,0.07825460175799047,59.31333282299771,0.17919431610083492,0.06321973906144925,64.72000873851674
2.484,post_correction,0.19148814721094273,0.07750889532590699,59.52287572111529,0.17837619120803247,0.06378901264522162,64.23905443141386
2.488,post_correction,0.19068700728437765,0.07688431541886462,59.68035970893152,0.17760775387764102,0.06449381259477854,63.687501707155114
2.492,post_correction,0.18993190563048132,0.07638378574056562,59.7835942902754,0.176889665369426,0.06532976345192638,63.06750690296793
2.496,post_correction,0.18922338753430865,0.07600970751606377,59.83070142305626,0.1762225554649398,0.06629191519195317,62.38170816610238
2.5,post_correction,0.18856197162965393,0.07576390261960925,59.820157816119085,0.17560702003263964,0.06737487323921001,61.63315496915373
2.504,post_correction,0.23132953482131655,0.11205130142465079,51.562042645699606,0.20407999200487803,0.07523424363615426,63.134924253448624
2.508,post_correction,0.2298333658706192,0.10994210096688252,52.164429846633944,0.20251449721261644,0.07363609032991997,63.639101721882795
2.512,post_correction,0.22836828649423385,0.10788319658807866,52.75911631854249,0.20098355235591248,0.07212770027159626,64.11263537432723
2.516,post_correction,0.22693490751724685,0.10587751418065634,53.34454476880788,0.19948797757648967,0.07071486182457838,64.5518177668305
2.52,post_correction,0.2255338416199581,0.10392812552537703,53.91905499463627,0.19802859965736286,0.06940345634052873,64.95281163396932
2.524,post_correction,0.22416570252393164,0.10203824612338523,54.48088401815538,0.19660625079607036,0.06819938286392194,65.31169147075508
2.528,post_correction,0.22283110412791632,0.10021123057339222,55.02816764940235,0.19522176727275584,0.0671084681502064,65.62449511255309
2.532,post_correction,0.2215306595940346,0.09845056505050377,55.55894374579162,0.19387598801216815,0.06613636304390086,65.88728510322281
2.536,post_correction,0.22026498038500147,0.09675985642777903,56.07115744924484,0.19256975303949572,0.0652884275292989,66.09621890312735
2.54,post_correction,0.219034675253535,0.09514281758472501,56.562668684948555,0.19130390183090157,0.06456960816724894,66.2476261334577
2.544,post_correction,0.2178403491855343,0.0936032484749752,57.03126219502455,0.19007927156067098,0.06398431301777951,66.33809015973817
2.548,post_correction,0.2166826022990505,0.09214501258511772,57.474660352313165,0.18889669524802186,0.06353629032268009,66.3645304968111
2.552,post_correction,0.21556202870153696,0.09077200851442314,57.89053895011151,0.18775699980784907,0.06322851796480308,66.32428190186715
2.556,post_correction,0.21447921530834754,0.08948813654628922,58.27654608972903,0.18666100401097097,0.0630631108319753,66.21516574063388
2.56,post_correction,0.21343474062594409,0.08829726026939419,58.63032418694204,0.1856095163608016,0.06304125256324294,66.03554936229742
2.564,post_correction,0.21242917350377297,0.08720316353899824,58.94953499056503,0.18460333289477246,0.06316315672876377,65.78438983830914
2.568,post_correction,0.21146307185927002,0.08620950334072942,59.23188735378705,0.1836432349202486,0.06342806041518503,65.46125946717821
2.572,post_correction,0.21053698138094876,0.0853197594186504,59.475167327362996,0.182729986696112,0.0638342507071711,65.06635180063235
2.576,post_correction,0.20965143421500546,0.08453718183797569,59.67726996263732,0.18186433307258001,0.06437912200755735,64.60046842617328
2.58,post_correction,0.20880694764133562,0.08386473794586571,59.836232034808134,0.1810469971031776,0.06505925987224143,64.0649881449486
2.584,post_correction,0.208004022745288,0.08330506044202388,59.95026473885298,0.18027867764404512,0.06587054534093648,63.46182133030956
2.588,post_correction,0.20724314309187714,0.08286039844333483,60.01778528971629,0.17956004695691505,0.06680827279578762,62.793353015875475
2.592,post_correction,0.20652477340952463,0.08253257349466103,60.037446291731534,0.17889174833309884,0.06786727421245141,62.062378592174284
2.596,post_correction,0.20584935829069614,0.08232294241907462,60.00816174378358,0.17827439375665624,0.06904204319167728,61.272035912280614
2.6,post_correction,0.20521732091703884,0.08223236870436403,59.92912862476785,0.17770856162554488,0.07032685319447504,60.425737200741686
2.604,post_correction,0.24631014767259196,0.1143534262717902,53.573400303508976,0.20354267630338285,0.07260321942568242,64.33022266177416
2.608,post_correction,0.2448958971323331,0.11240801835945398,54.09967268716116,0.20202131639238333,0.0712052753606656,64.75358312072152
2.612,post_correction,0.24351168978742455,0.11051755869400197,54.6150910494362,0.20053532134808957,0.06990923027087392,65.13869486885787
2.616,post_correction,0.24215805360678086,0.10868491212227469,55.11819222880006,0.19908553692720615,0.06872096134324822,65.4816907325742
2.62,post_correction,0.24083551654980098,0.10691304811554202,55.60744127478637,0.19767281545651427,0.0676462643932169,65.77867106461166
2.624,post_correction,0.2395446058902061,0.10520503313223833,56.08123474904776,0.1962980145409689,0.06669075058424208,66.0257640709233
2.628,post_correction,0.2382858475068911,0.10356402045113235,56.53790540450064,0.19496199566454214,0.06585973241011915,66.21919457398276
2.632,post_correction,0.237059765142557,0.10199323720237691,56.97572840290178,0.19366562268341947,0.06515810270643914,66.35535940575706
2.636,post_correction,0.2358668796311374,0.10049596835367025,57.392929218874734,0.19240976021209164,0.0645902117853359,66.43090677201684
2.64,post_correction,0.23470770809529246,0.09907553745801909,57.787693356115106,0.19119527190392144,0.06415974888879089,66.44281615863798
2.644,post_correction,0.2335827631155081,0.0977352840411548,58.15817796759938,0.19002301862889942,0.06386963482014188,66.38847478532354
2.648,post_correction,0.23249255187261914,0.09647853760247588,58.50252542484211,0.1888938565525242,0.06372193265456219,66.26574637336417
2.652,post_correction,0.23143757526585956,0.09530858832399304,58.81887882099133,0.18780863512104576,0.0637177827320924,66.07302816985745
2.656,post_correction,0.2304183270088284,0.09422865472568925,59.10539931917876,0.18676819495967922,0.06385736669862063,65.80929279077382
2.66,post_correction,0.22943529270605428,0.09324184866899528,59.36028517266785,0.1857733656918146,0.0641399033101927,65.47411246421812
2.664,post_correction,0.228488948913124,0.09235113828584755,59.58179215006093,0.18482496368869936,0.06456367630288844,65.06766455443052
2.668,post_correction,0.22757976218362908,0.09155930958914096,59.76825500183809,0.18392378976052895,0.0651260921775403,64.59071865453878
2.672,post_correction,0.2267081881064521,0.09086892768865872,59.91810951001438,0.18307062680132186,0.0658237635873287,64.04460686161073
2.676,post_correction,0.22587467033718053,0.0902822986801037,60.029914578145316,0.18226623740135534,0.06665261241761956,63.43117992234149
2.68,post_correction,0.22507963962767555,0.08980143337824478,60.10237375233344,0.18151136144225857,0.06760798577041296,62.752752646880424
2.684,post_correction,0.22432351285805077,0.08942801411395006,60.13435552315953,0.18080671369107904,0.06868477793764766,62.01204228787631
2.688,post_correction,0.22360669207550937,0.08916336579739619,60.12491175027679,0.18015298141071512,0.06987755197650276,61.212103497085614
2.692,post_correction,0.22292956354466298,0.08900843235922999,60.07329358028481,0.17955082200501843,0.07118065551207568,60.35626308071918
2.696,post_correction,0.2222924968140875,0.08896375951749676,59.97896429590204,0.17900086071757657,0.07258832668022283,59.448057182947835
2.7,post_correction,0.22169584380397492,0.08902948458755716,59.841608638239656,0.17850368840366418,0.07409478748667472,58.491172843936724
2.704,post_correction,0.2610156527946662,0.11693362378306109,55.2005320251619,0.20152363239513832,0.07034407099821972,65.0938849393642
2.708,post_correction,0.25968085732506546,0.11516645535181212,55.650772052231744,0.2000507111528692,0.0692112859680813,65.40312925196585
2.712,post_correction,0.2583752786616532,0.11345869202722371,56.08763631918525,0.19861503030163488,0.06819541977443494,65.66452213064281
2.716,post_correction,0.25709938129168414,0.11181306158921743,56.5097897056534,0.19721751421222508,0.06730200927513287,65.87422291373704
2.72,post_correction,0.2558536285676615,0.11023235178204052,56.915853646809175,0.1958590950866949,0.06653623947812054,66.02851685357324
2.724,post_correction,0.254638482143807,0.10871939856187318,57.30441147521688,0.19454071153559355,0.06590282175063218,66.1238918936644
2.728,post_correction,0.25345440139064734,0.10727707211194544,57.674014922076616,0.19326330703645647,0.06540587294257001,66.15711800366114
2.732,post_correction,0.25230184278858003,0.1059082605382408,58.02319183733106,0.1920278282737643,0.06504880189816982,66.12532543698144
2.736,post_correction,0.25118125930145596,0.10461585121340736,58.3504551635947,0.1908352233617407,0.06483421021181034,66.02607785413238
2.74,post_correction,0.2500930997313778,0.10340270980487833,58.65431316739966,0.18968643995264775,0.06476381379322305,65.85743619344096
2.744,post_correction,0.2490378080560986,0.10227165710497543,58.93328089286042,0.18858242323463298,0.06483839078016357,65.61800953236661
2.748,post_correction,0.24801582275057726,0.10122544387433388,59.18589275808683,0.18752411382467823,0.06505775962940084,65.30698996384793
2.7520000000000002,post_correction,0.24702757609442874,0.10026672401242671,59.41071616470107,0.18651244556378285,0.06542078901224253,64.9241696367816
2.7560000000000002,post_correction,0.24607349346718652,0.09939802647588854,59.60636593752301,0.18554834322316074,0.06592543872026603,64.46993943730509
2.7600000000000002,post_correction,0.24515399263346876,0.09862172647093795,59.771519357472634,0.18463272013192475,0.0665688284763204,63.94527014022472
2.7640000000000002,post_correction,0.24426948302031434,0.09794001654346121,59.90493149923433,0.18376647573844487,0.06734732964789988,63.35167805919321
2.7680000000000002,post_correction,0.24342036498911807,0.09735487827143374,60.00545053993904,0.1829504931192648,0.06825667359357093,62.69117812703864
2.7720000000000002,post_correction,0.2426070291047526,0.09686805532135112,60.07203266994975,0.18218563645112104,0.06929206983659257,61.96622786166621
2.7760000000000002,post_correction,0.2418298554046105,0.09648102865587559,60.10375621552136,0.18147274846318273,0.07044832742606938,61.179665805104634
2.7800000000000002,post_correction,0.24108921267043362,0.09619499466816223,60.09983457880392,0.18081264788809173,0.07171997358640199,60.33464781136837
2.7840000000000003,post_correction,0.2403854577059151,0.09601084696585471,60.059627615530175,0.1802061269316837,0.07310136488229908,59.43458409157648
2.7880000000000003,post_correction,0.23971893462316146,0.09592916243418047,59.98265110556191,0.1796539487823784,0.07458678743669572,58.4830793076274
2.7920000000000003,post_correction,0.2390899741411827,0.09595019207602912,59.868584025455405,0.17915684518210442,0.07617054405284653,57.483877339198074
2.7960000000000003,post_correction,0.23849889289964196,0.09607385696396842,59.717273402860044,0.17871551408123057,0.07784702727527405,56.44081171381089
2.8000000000000003,post_correction,0.23794599279113174,0.09629974945446879,59.52873661587551,0.1783306174002865,0.07961077839571185,55.357762140746146
2.8040000000000003,post_correction,0.275401991480855,0.11995582591443286,56.443370191543515,0.19814980037187518,0.06943362528385048,64.95902334822351
2.8080000000000003,post_correction,0.2741480988551096,0.11838590573136262,56.81680587034422,0.19674984229407433,0.06869388215813399,65.08567358572013
2.8120000000000003,post_correction,0.27292294496634656,0.11687965773455565,57.17485103754549,0.1953913761496812,0.06808881208951535,65.15260118882864
2.816,post_correction,0.27172695107831435,0.11543959492064373,57.51632494953623,0.19407552285577448,0.06762256812724941,65.15657042567778
2.82,post_correction,0.2705605368324218,0.11406824438440759,57.84002880839252,0.19280341584270114,0.0672985957566471,65.09470775582487
2.824,post_correction,0.2694241197803373,0.11276813312229855,58.14475214236984,0.19157619941730056,0.06711953732007003,64.96457413592019
2.828,post_correction,0.26831811490233337,0.11154177219426306,58.42928002275814,0.19039502698223865,0.06708715724420027,64.76422819044606
2.832,post_correction,0.2672429341122603,0.1103916393188988,58.6924010973002,0.18926105911327934,0.06720229325365842,64.49227666350767
2.836,post_correction,0.26619898575014933,0.10932016003414022,58.93291639482556,0.18817546149813616,0.06746483706992121,64.14790933270041
2.84,post_correction,0.2651866740635662,0.10832968761818654,59.149648827293824,0.1871394027425308,0.06787374596851498,63.73091664618771
2.844,post_correction,0.264206398678958,0.10742248203101547,59.341453284957545,0.18615405205123267,0.06842708426540024,63.241689605248034
2.848,post_correction,0.2632585540643561,0.10660068820260167,59.5072271890766,0.1852205767941296,0.06912209162924143,62.68120269052515
2.852,post_correction,0.2623435289849198,0.10586631405628874,59.64592133607602,0.18434013996977114,0.06995527334725204,62.05098175648364
2.856,post_correction,0.2614617059529222,0.1052212087105531,59.75655083903612,0.1835138975812871,0.07092250650528022,61.35305966466913
2.86,post_correction,0.2606134606738944,0.10466704134536489,59.83820594887278,0.18274299594208665,0.0720191555623217,60.58992291822478
2.864,post_correction,0.25979916149075577,0.10420528124631503,59.890062520458564,0.18202856893123293,0.07324019097544678,59.76445268703091
2.868,post_correction,0.2590191688278607,0.10383717954700923,59.911391880028205,0.1813717352208205,0.07458030524110587,58.879863419565254
2.872,post_correction,0.25827383463699066,0.10356375317522169,59.90156985093641,0.1807735955000007,0.07603402178743557,57.93964180602068
2.876,post_correction,0.25756350184741056,0.10338577146960197,59.86008470608105,0.18023522972244643,0.07759579339171754,56.94748828449836
2.88,post_correction,0.2568885038221857,0.10330374587157887,59.78654383728898,0.17975769440596504,0.07926008804098887,55.90726266104205
2.884,post_correction,0.2562491638230275,0.10331792301353006,59.680678964133456,0.17934202001459695,0.0810214612770774,54.82293482002549
2.888,post_correction,0.25564579448599195,0.10342828142303315,59.542349745674976,0.1789892084548248,0.08287461499370738,53.69854098515433
2.892,post_correction,0.2550786973104003,0.10363453194933221,59.37154570645256,0.1787002307184141,0.08481444335126628,52.53814558028625
2.896,post_correction,0.25454816216338044,0.10393612189838486,59.168386440097734,0.17847602470486218,0.08683606694768463,51.34580844049975
2.9,post_correction,0.25405446680244653,0.10433224274388095,58.93312010726818,0.17831749325642973,0.08893485665784132,50.12555693010533
2.904,post_correction,0.28955397625550333,0.12373711800951157,57.2663032952704,0.1941231882681576,0.07240996290276591,62.6989626799554
2.908,post_correction,0.28839109744151076,0.12239343333453498,57.559912764173355,0.19288638984827672,0.07231343029766951,62.50983267686703
2.912,post_correction,0.28725714708607836,0.12111764311965346,57.83650838690541,0.1917019941707293,0.07236828021801864,62.24959446505933
2.916,post_correction,0.28615253381589356,0.11991196841007261,58.09508767543457,0.19057167012192747,0.07257551431115215,61.916944808890825
2.92,post_correction,0.2850776652284541,0.11877859959860428,58.334652592507354,0.18949711685082343,0.07293523695564362,61.511162719662934
2.924,post_correction,0.2840329475426809,0.1177196816832246,58.554216085957705,0.18848006205114243,0.07344666979958389,61.03212774852824
2.928,post_correction,0.28301878524329066,0.11673729866365515,58.752809088872105,0.18752226007864095,0.0741081934146451,60.480321971606756
2.932,post_correction,0.28203558072002405,0.11583345726031956,58.92948791616929,0.1866254899159804,0.07491741310819346,59.856816374911276
2.936,post_correction,0.281083733902932,0.11501007018043717,59.08334196949506,0.185791553002248,0.07587124445566856,59.16324330700301
2.94,post_correction,0.28016364189503185,0.1142689391951431,59.21350164417269,0.1850222709489642,0.07696601315587609,58.401757387841116
2.944,post_correction,0.27927569860376406,0.11361173832609188,59.31914631523881,0.18431948316954563,0.07819756343266603,57.57498768551979
2.948,post_correction,0.2784202943727877,0.11303999746762922,59.39951226533954,0.1836850444545765,0.07956136937639495,56.68598409160649
2.952,post_correction,0.27759781561577385,0.11255508678899542,59.453900406484415,0.18312082253080886,0.08105264423451058,55.73816067756357
2.956,post_correction,0.27680864445396813,0.11215820226808375,59.481683641301494,0.18262869564747664,0.08266644357798857,54.73523846572424
2.96,post_correction,0.2760531583594107,0.11185035270241879,59.48231370829169,0.18221055023915553,0.08439775933524522,53.68118957740305
2.964,post_correction,0.27533172980581877,0.11163234852329484,59.4553273601902,0.18186827871994388,0.08624160276027552,52.580184204042745
2.968,post_correction,0.27464472592924666,0.11150479270525925,59.40035173514133,0.18160377746904208,0.08819307538269584,51.43654134742319
2.972,post_correction,0.2739925082007579,0.11146807401610619,59.31710879684635,0.1814189450727732,0.09024742780834524,50.254683835724
2.976,post_correction,0.2733754321134493,0.1115223627939088,59.205418741641836,0.18131568089259772,0.09240010687060105,49.039097768198985
2.98,post_correction,0.27279384688628316,0.11166760936988963,59.06520229672212,0.18129588403263427,0.09464679207392995,47.79429628038715
2.984,post_correction,0.27224809518728693,0.11190354518229655,58.89648186323763,0.1813614527835302,0.09698342254133457,46.52478734988286
2.988,post_correction,0.2717385128787901,0.1122296865505764,58.69938148935228,0.18151428462216312,0.09940621580589673,45.23504526774908
2.992,post_correction,0.27126542878747345,0.1126453410048541,58.474125689968545,0.18175627684858808,0.10191167980681053,43.92948536698517
2.996,post_correction,0.27082916450210825,0.11314961599673105,58.2210371601799,0.1820893279428563,0.10449661939404321,42.612441610616195
3.0,post_correction,0.27043003420196926,0.11374142975700799,57.94053345714523,0.18251533972489467,0.10715813854079433,41.288146682731565
3.004,post_correction,0.30387121842192916,0.12895402964271135,57.56293395853733,0.19265388350368984,0.08587934203673657,55.42298941765596
3.008,post_correction,0.3028321125237346,0.12788989578275478,57.7687139197527,0.19193191918297653,0.0869115934740837,54.71748844900189
3.012,post_correction,0.30182382441691374,0.12689847662753004,57.95611003449374,0.1912981044997738,0.08810633739352566,53.94291144498516
3.016,post_correction,0.30084683411895125,0.1259816429374298,58.12432485574432,0.1907561431609747,0.08946135405086461,53.10171794815004
3.02,post_correction,0.2999016257879143,0.1251411949076429,58.272585358993425,0.19030986329893956,0.09097400067334441,52.19690714062358
3.024,post_correction,0.29898868779801013,0.12437884903466286,58.40014886493287,0.18996321990996715,0.09264131384812656,51.231973277756715
3.028,post_correction,0.2981085128438216,0.12369622497662065,58.5063090628932,0.18972029771272134,0.0944601125099157,50.21085585004231
3.032,post_correction,0.29726159807736413,0.12309483262620459,58.59040204911756,0.18958531457826508,0.09642709800263667,49.13788643538137
3.036,post_correction,0.29644844528252884,0.12257605962990606,58.65181228625251,0.18956262570863483,0.09853894847199969,48.017733926381716
3.04,post_correction,0.2956695610919267,0.12214115959598446,58.68997838502236,0.1896567287675453,0.10079240567800704,46.85534948694371
3.044,post_correction,0.2949254572516451,0.12179124123481157,58.70439860642712,0.18987227019457695,0.10318435311541488,45.65591225634274
3.048,post_correction,0.29421665093996263,0.12152725866835248,58.69463598334849,0.19021405296273866,0.10571188503687419,44.424776513446005
3.052,post_correction,0.2935436651466543,0.12135000313007392,58.660322964405474,0.19068704606831038,0.10837236655427089,43.16742076152969
3.056,post_correction,0.2929070291201481,0.12126009625259715,58.60116549034498,0.1912963960710339,0.11116348543701482,41.889399005856546
3.06,post_correction,0.29230727889047725,0.12125798510847777,58.516946424070696,0.19204744103174576,0.11408329653671156,40.59629437194459
3.064,post_correction,0.2917449578767119,0.12134393913062994,58.407528269294545,0.19294572722319653,0.1171302599615832,39.293675145193134
3.068,post_correction,0.29122061758833845,0.12151804899458662,58.27285512924733,0.1939970290178783,0.12030327422248645,37.98705329069777
3.072,post_correction,0.29073481843089694,0.12178022749683769,58.11295387525696,0.19520737238404212,0.1236017055981001,36.681845522242
3.076,post_correction,0.29028813062707104,0.12213021241396993,57.92793451452934,0.19658306244760548,0.12702541494108818,35.38333701819109
3.08,post_correction,0.28988113526534515,0.12256757127841507,57.71798976631515,0.19813071560317752,0.13057478308798318,34.09664791727574
3.084,post_correction,0.2895144254892779,0.1230917079603823,57.483393874982944,0.19985729668169244,0.1342507359575394,32.82670275914065
3.088,post_correction,0.2891886078413714,0.12370187090390426,57.224500706556725,0.2017701617046046,0.138054770335766,31.578203055672407
3.092,post_correction,0.2889043037763847,0.12439716282939647,56.94174119133881,0.20387710677426613,0.1419889812573537,30.355603184733877
3.096,post_correction,0.2886621513597015,0.12517655168682765,56.63562018879111,0.20618642366518602,0.14605609180585977,29.163089785663267
3.1,post_correction,0.28846280716691,0.12603888262311405,56.306712861535175,0.20870696268836975,0.15025948606867576,28.00456480551858
3.104,post_correction,0.3197545501321449,0.13731616952153247,57.05575746622406,0.21081468473462261,0.1291664684962744,38.72985240147217
3.108,post_correction,0.318952456344528,0.13666050748503666,57.153329668225574,0.21238636817512477,0.13266879389223285,37.53422357934018
3.112,post_correction,0.31818981356576514,0.1360862853001747,57.231099331830855,0.21421924520806782,0.13640301934177695,36.325506511195655
3.116,post_correction,0.31746764209143574,0.13559514545221305,57.28851464705827,0.21632929950792026,0.14037368625388458,35.11110766170386
3.12,post_correction,0.31678701076720583,0.1351886394457154,57.32506862629536,0.21873358117698588,0.1445862489833717,33.89846762195087
3.124,post_correction,0.31614904112735426,0.13486821877532837,57.34030434050899,0.2214503077572404,0.14904719271713776,32.694971514545294
3.128,post_correction,0.31555491188056073,0.13463522646246567,57.333820075846,0.22449897683544848,0.15376414905862573,31.5078619840078
3.132,post_correction,0.31500586373519673,0.13449088924118185,57.305274369673675,0.2279004899360739,0.15874600884210152,30.344156396228115
3.136,post_correction,0.3145032045362772,0.13443631043414064,57.254390894883954,0.23167728639064172,0.16400303094315938,29.21056979809996
3.14,post_correction,0.314048314656248,0.1344724635015923,57.1809631747957,0.23585348436067213,0.1695469446294606,28.11344505295252
3.144,post_correction,0.31364265253781737,0.13460018616983957,57.08485912845983,0.2404550239653971,0.17539104116616527,27.05869136200495
3.148,post_correction,0.3132877602234305,0.13482017494727966,56.96602546772698,0.24550980423339766,0.1815502477396166,26.051732106379323
3.152,post_correction,0.31298526861493603,0.13513297971136456,56.824491993066324,0.25104780095448687,0.18804117299084938,25.09746260436678
3.156,post_correction,0.31273690207790217,0.13553899789319165,56.66037586462082,0.2571011459011681,0.1948821081478325,24.20021798629134
3.16,post_correction,0.31254448182365896,0.13603846759118382,56.47388595779521,0.2637041385759077,0.202092960368294,23.36375095982
3.164,post_correction,0.31240992724974037,0.1366314587036277,56.26532744767596,0.27089314865679914,0.20969508475953047,22.59121878892623
3.168,post_correction,0.3123352540720755,0.1373178608736507,56.035106801628366,0.27870634946548506,0.21771096779373353,21.88517835662197
3.172,post_correction,0.312322567611032,0.13809736668324568,55.78373739062213,0.28718319870722087,0.22616369658676816,21.247587740208022
3.176,post_correction,0.3123740489658978,0.13896944811497178,55.51184595038393,0.29636355113049945,0.2350761249955948,20.679812311979486
3.18,post_correction,0.3124919309984776,0.13993332383497048,55.22018012181819,0.30628624791641545,0.24446961856086158,20.182633002975514
3.184,post_correction,0.31267846003086514,0.14098791438167277,54.90961725737181,0.316986980549481,0.25436222735313785,19.75625405427891
3.188,post_correction,0.3129358379700952,0.14213178196646498,54.58117456651054,0.32849517748318496,0.2647661033599598,19.40030736873978
3.192,post_correction,0.31326613831440836,0.14336305149023335,54.23602044522681,0.340829622357981,0.27568395774803306,19.113850538942877
3.196,post_correction,0.31367118844513997,0.14467930987593022,53.87548643115683,0.35399250797926224,0.2871043637565444,18.895355894548
3.2,post_correction,0.314152410308207,0.14607748242486887,53.501078574709666,0.3679617054730743,0.29899578849782416,18.74268869544
3.204,post_correction,0.343572785298368,0.1546092180720349,54.999573689235014,0.3735824593789063,0.29524807811608966,20.968431278344873
3.208,post_correction,0.34356667821012604,0.15477227142446537,54.951314769296005,0.38892766904704956,0.308399447984786,20.70519211440363
3.212,post_correction,0.34363795983394424,0.15502533695566173,54.88701625670969,0.40494690543234035,0.3218629917974921,20.517236338957556
3.216,post_correction,0.3437849122683184,0.15536326319258448,54.808004176947115,0.42142447812472145,0.33545012511313027,20.400892087276166
3.22,post_correction,0.34400402746568354,0.15577910400362657,54.71590691793093,0.43807256564732794,0.3489194460716954,20.351221821867206
3.224,post_correction,0.34428975280851143,0.15626411089947653,54.61261637188831,0.45453659378065525,0.3619833971335692,20.362100194676348
3.228,post_correction,0.34463440049733507,0.15680793086319023,54.50020931256317,0.470414230802899,0.3743256877364354,20.42636824622855
3.232,post_correction,0.3450283024081695,0.15739905143537405,54.380828953222945,0.4852889100676809,0.38562958311711704,20.53608167898682
3.236,post_correction,0.34546025393646046,0.1580254804029291,54.25653787888598,0.4987738283671104,0.39561317488146847,20.682852150316318
3.24,post_correction,0.34591821887714286,0.15867557514136213,54.12916507941499,0.5105571491628592,0.4040638478018771,20.858252897955705
3.244,post_correction,0.3463901861353636,0.1593388763779536,54.0001758838264,0.5204367388438388,0.4108627687691906,21.05423424143136
3.248,post_correction,0.3468650161548763,0.16000678601581886,53.8705898364869,0.5283353446324779,0.4159928428996477,21.263484049316855
3.2520000000000002,post_correction,0.3473331190336559,0.16067297129616995,53.74095860965073,0.5342938167947561,0.4195292135490539,21.479680213066718
3.2560000000000002,post_correction,0.3477868650018417,0.16133345832724408,53.611399807640886,0.5384471672031861,0.42161699338048464,21.697611379319397
3.2600000000000002,post_correction,0.3482207097663059,0.1619864582079537,53.48167019800049,0.5409923201708049,0.42244372792919876,21.91317470166256
3.2640000000000002,post_correction,0.3486310849087328,0.16263201724520707,53.35125745090055,0.5421562288595033,0.42221347725233416,22.12328203984384
3.2680000000000002,post_correction,0.34901613659260994,0.16327159101247363,53.21947214060969,0.5421700379022362,0.42112670746485725,22.325713701502146
3.2720000000000002,post_correction,0.34937539569373405,0.163907621866871,53.08552809180814,0.5412514179885244,0.4193672583665982,22.518954329004703
3.2760000000000002,post_correction,0.3497094428344731,0.16454316884652032,52.94860570167587,0.5395945896239314,0.41709563616029216,22.70203516106684
3.2800000000000002,post_correction,0.3500196069838294,0.16518161095096398,52.80789771340003,0.5373662820745722,0.41444699031688914,22.874396079176602
3.2840000000000003,post_correction,0.3503077151494096,0.1658264254694889,52.66263964561491,0.5347056327788298,0.41153205986139774,23.035772463683827
3.2880000000000003,post_correction,0.3505758963507855,0.16648103248468193,52.512128124718146,0.5317263381666606,0.4084397025524692,23.186106605001253
3.2920000000000003,post_correction,0.35082643509908173,0.16714869265777843,52.35573037403192,0.5285198436107519,0.40524004933952246,23.325480729163203
3.2960000000000003,post_correction,0.35106166623865315,0.16783244526817956,52.19288762958062,0.5251588043168567,0.40198770255810007,23.454067749845976
3.3000000000000003,post_correction,0.3512839024094292,0.1685350752000856,52.023114624918335,0.5217003859457859,0.3987246706969155,23.572095892919247
3.3040000000000003,post_correction,0.37914387003972383,0.17592922619044,53.598293394007015,0.5331371473957349,0.4051218670813595,24.01169772913099
3.3080000000000003,post_correction,0.378845545873468,0.1755149788363277,53.67109875037344,0.5298237059373854,0.40186102650360517,24.151935445656115
3.3120000000000003,post_correction,0.37853897053649543,0.17512479079303206,53.73665476375357,0.526477560989319,0.39862345481335426,24.28481584964617
3.3160000000000003,post_correction,0.3782259268580212,0.17476101432100055,53.79454397196771,0.5231222942564211,0.39542556442777244,24.410492772088777
3.3200000000000003,post_correction,0.3779080955534899,0.17442582808993556,53.844379058757966,0.5197762300448105,0.39227968646283556,24.529121612772354
3.3240000000000003,post_correction,0.37758705444601204,0.1741212439482454,53.88580146008646,0.5164535266968022,0.3891949656935768,24.64085429276891
3.3280000000000003,post_correction,0.37726428055193906,0.17384911474320602,53.918480040340924,0.5131650476982992,0.38617806645945896,24.74583602457247
3.332,post_correction,0.37694115396529526,0.173611142491469,53.942109885021125,0.5099190541758158,0.383233727343474,24.844203368141212
3.336,post_correction,0.3766189627961171,0.17340888646338876,53.95641122901616,0.5067217540858608,0.38036519595279333,24.936083188498195
3.34,post_correction,0.3762989086497078,0.17324377092489052,53.96112852238933,0.5035777371972163,0.37757456919232074,25.021592238409244
3.344,post_correction,0.37598211229994505,0.1731170924015758,53.95602962529526,0.5004903194468563,0.3748630593204822,25.10083716808305
3.348,post_correction,0.37566961932761744,0.17303002640925277,53.94090511792088,0.4974618155624297,0.3722312018476876,25.173914820609202
3.352,post_correction,0.3753624055775889,0.17298363364586186,53.915567708576646,0.49449375497623493,0.3696790179123763,25.24091271281215
3.356,post_correction,0.375061382346226,0.17297886567087908,53.87985172219113,0.4915870529230739,0.3672061410363284,25.301909630685344
3.36,post_correction,0.37476740125018293,0.17301657011606889,53.833612651766245,0.48874214610843597,0.3648119160017186,25.35697628974713
3.364,post_correction,0.37448125875453614,0.1730974954803119,53.776726756365306,0.48595910034497625,0.3624954758977396,25.406176025840725
3.368,post_correction,0.3742037003561545,0.17322229556420643,53.70909069062138,0.4832376959855668,0.360255802060054,25.449565492752043
3.372,post_correction,0.3739354244297817,0.17339153359932355,53.63062115237404,0.48057749574604575,0.3580917705934871,25.487195350754508
3.376,post_correction,0.3736770857514935,0.17360568612379973,53.54125453674386,0.47797789854051725,0.3560021883639398,25.519110935678086
3.38,post_correction,0.3734292987183653,0.17386514665136932,53.4409465866534,0.4754381821903255,0.3539858207190879,25.545352901971658
3.384,post_correction,0.3731926402852799,0.17417022917561145,53.32967203145528,0.4729575372697128,0.35204141270944733,25.565957835937986
3.388,post_correction,0.372967652640531,0.17452117154556324,53.20742420690085,0.4705350938811523,0.35016770520085816,25.580958837194938
3.392,post_correction,0.3727548456416817,0.17491813874322748,53.074214651156765,0.4681699427835616,0.3483634469723432,25.59038606769461
3.396,post_correction,0.37255469903238103,0.17536122608807017,52.93007267294501,0.4658611520051974,0.34662740366096195,25.594267268481147
3.4,post_correction,0.3723676644597335,0.17585046238848728,52.775044889134534,0.4636077798430208,0.3449583642332884,25.592628244915886
3.404,post_correction,0.39945259778438363,0.18229052051155112,54.36491800963382,0.48192045954431717,0.35661624163048916,26.001016439997212
3.408,post_correction,0.39881791172994957,0.18172217715491157,54.434800491618695,0.479575180816842,0.35464823849158905,26.049501167360173
3.412,post_correction,0.3981946978907312,0.1811977613975367,54.49518480347539,0.47727355611408295,0.3527343289492208,26.093887995565684
3.416,post_correction,0.39758335507733744,0.18071798162404812,54.545888474406816,0.4750150022587629,0.35087381163685405,26.134162085744684
3.42,post_correction,0.396984264760813,0.18028350029684695,54.58673899695507,0.472798938137129,0.3490660056161045,26.170306771107295
3.424,post_correction,0.3963977921016746,0.1798949331877558,54.61757437296386,0.47062478890367987,0.3473102517177059,26.202303850852203
3.428,post_correction,0.3958242868879998,0.17955284861875642,54.638243643305884,0.468491989238368,0.3456059132893572,26.230133870333173
3.432,post_correction,0.39526408439090704,0.1792577667349945,54.64860739593211,0.46639998583273,0.34395237647635674,26.253776388468406
3.436,post_correction,0.3947175061450058,0.17901015883167762,54.64853824701776,0.4643482392489123,0.34234905013643796,26.27321023329585
3.44,post_correction,0.39418486066069386,0.1788104467548347,54.63792129024686,0.46233622526919727,0.3407953654705299,26.288413746489294
3.444,post_correction,0.3936664440745377,0.17865900239413984,54.616654509594895,0.4603634358322315,0.33929077543532377,26.299365017561858
3.448,post_correction,0.393162540743393,0.17855614728412836,54.5846491513373,0.4584293796347187,0.3378347539907485,26.306042108396547
3.452,post_correction,0.39267342378738973,0.17850215232815098,54.54183005142723,0.4565335824631302,0.3364267952251532,26.30842326865995
3.456,post_correction,0.39219935558643215,0.17849723765734204,54.48813591484722,0.4546755873083655,0.3350664123926644,26.306487142574685
3.46,post_correction,0.39174058823443086,0.17854157263472883,54.42351954403981,0.4528549543067966,0.3337531368904453,26.300212967453408
3.464,post_correction,0.39129736395509246,0.17863527601240967,54.3479480140554,0.4510712605433347,0.3324865171981303,26.289580764326228
3.468,post_correction,0.3908699154827433,0.17877841624749582,54.26140279261559,0.4493240997457704,0.3312661177972911,26.27457152093045
3.472,post_correction,0.39045846641134524,0.17897101198028162,54.16387980386704,0.4476130818943828,0.33009151808520093,26.255167367273653
3.476,post_correction,0.3900632315145736,0.17921303267589989,54.05538943518595,0.4459378327664921,0.328962311294264,26.231351743928034
3.48,post_correction,0.38968441703957485,0.17950439942857419,53.935956486978434,0.44429799343207255,0.32787810342611506,26.203109563166773
3.484,post_correction,0.38932222097678143,0.17984498592551768,53.80562006599584,0.4426932197136079,0.3268385122074818,26.17042736301138
3.488,post_correction,0.3889768333079597,0.18023461956558337,53.66443342323976,0.4411231816209545,0.32584316607334934,26.133293454222095
3.492,post_correction,0.38864843623446854,0.1806730827259694,53.51246373805792,0.43958756276998007,0.3248917031817082,26.09169806023106
3.496,post_correction,0.38833720438754304,0.18116011416864558,53.349791850523815,0.4380860597920992,0.323983770463138,26.045633449991605
3.5,post_correction,0.3880433050222567,0.18169541057671698,53.17651194464092,0.4366183817404654,0.3231190227076586,25.995094063692697
3.504,post_correction,0.41457579689402735,0.1870837046719437,54.87346196435932,0.45694056980003056,0.33618486824287996,26.427003758934454
3.508,post_correction,0.413857654703713,0.18658854779529352,54.914800856136125,0.4552489147874508,0.33489892263314985,26.436085456785904
3.512,post_correction,0.4131545274056217,0.1861401562122107,54.946601364611375,0.4535854062699146,0.33364990086505253,26.441658780682236
3.516,post_correction,0.4124666061314139,0.18573896257589081,54.968727209709314,0.4519498857170274,0.3324376754425919,26.44368635801888
3.52,post_correction,0.4117940772292632,0.1853853626160693,54.98105172774075,0.45034220278194687,0.3312621244956653,26.442131683567638
3.524,post_correction,0.41113712235522815,0.18507971394284747,54.98345834533131,0.44876221495282853,0.3301231311289463,26.436959233823398
3.528,post_correction,0.41049591855515316,0.1848223349615631,54.97584102368344,0.4472097872037538,0.32902058278783125,26.428134579727843
3.532,post_correction,0.4098706383378683,0.18461350390973502,54.958104669709776,0.44568479164691394,0.3279543706422681,26.41562449766419
3.536,post_correction,0.4092614497404009,0.18445345802610785,54.93016551079786,0.4441871071874857,0.3269243889891271,26.399397078597218
3.54,post_correction,0.4086685163858643,0.18434239286067422,54.89195143023487,0.44271661918236177,0.32593053467363575,26.379421835216906
3.544,post_correction,0.4080919975346419,0.18428046173327017,54.84340226063192,0.44127321910366407,0.3249727065302993,26.35566980692826
3.548,post_correction,0.40753204812944416,0.18426777534694797,54.78447003303673,0.43985680420777507,0.3240508048436375,26.328113662516927
3.552,post_correction,0.4069888188347751,0.18430440156083946,54.71511917980691,0.43846727721046297,0.3231647308290022,26.296727800308776
3.556,post_correction,0.40646245607131676,0.18439036532567246,54.6353266897251,0.43710454596854154,0.32231438613368446,26.26148844563116
3.56,post_correction,0.4059531020456993,0.18452564878349542,54.545082214269456,0.43576852316839637,0.3214996723584735,26.222373745376135
3.564,post_correction,0.40546089477610275,0.18471019153154908,54.444388124396845,0.4344591260216165,0.32072049059979235,26.17936385945892
3.568,post_correction,0.40498596811410537,0.18494389104861123,54.333259517647534,0.43317627596789876,0.3199767410125054,26.132441048960448
3.572,post_correction,0.4045284517631689,0.1852266032805646,54.211724175829914,0.4319198983853289,0.31926832239346203,26.081589760740073
3.576,post_correction,0.40408847129413056,0.18555814338042245,54.07982247398561,0.43068992230809433,0.3185951317858196,26.02679670830274
3.58,post_correction,0.4036661481580464,0.18593828659661746,53.93760724176021,0.4294862801516463,0.3179570641041647,25.968050948705983
3.584,post_correction,0.40326159969671427,0.1863667693020367,53.78514357870926,0.42830890744529454,0.3173540117804302,25.905343955293755
3.588,post_correction,0.40287493915118394,0.18684329015509107,53.62250862544325,0.42715774257219585,0.3167858644305851,25.83866968604843
3.592,post_correction,0.4025062756685464,0.18736751138305693,53.44979129285694,0.42603272651667606,0.3162525085420527,25.768024647356814
3.596,post_correction,0.4021557143072763,0.18793906017703083,53.267091951991596,0.4249338026188146,0.31575382718178946,25.693407952994658
3.6,post_correction,0.4018233560413874,0.18855753018710894,53.07452208734036,0.42386091633620554,0.31528969972493587,25.614821378140753
3.604,post_correction,0.42784223790162973,0.19296347068194855,54.898452376196886,0.4448504971728808,0.3289136099995553,26.06198889517466
3.608,post_correction,0.42710109572737637,0.19258535330270593,54.90871945090129,0.44350245310223463,0.3279859504151391,26.046417980120406
3.612,post_correction,0.42637583907332316,0.19225398487605552,54.9097375465982,0.4421766961045309,0.3270888751695382,26.027563629853947
3.616,post_correction,0.4256666032723952,0.19196964437888528,54.90140807310672,0.44087323070168144,0.32622240926961077,26.005394169565623
3.62,post_correction,0.4249735210613767,0.19173257592130694,54.883641822565224,0.43959206323924577,0.3253865754764462,25.979879372991267
3.624,post_correction,0.42429672256050616,0.19154298794130747,54.856359298416976,0.43833320172472234,0.32458139401484604,25.950990539227643
3.628,post_correction,0.42363633525157024,0.191401052519658,54.81949101320658,0.43709665566873523,0.3238068822921214,25.91870056824991
3.632,post_correction,0.4229924839546614,0.19130690482120338,54.77297775302583,0.43588243592909975,0.32306305462646456,25.88298403493971
3.636,post_correction,0.42236529080375146,0.19126064266761644,54.71677080669867,0.4346905545577464,0.3223499219851506,25.84381726142888
3.64,post_correction,0.4217548752212356,0.1912623262455838,54.650832158073975,0.4335210246504864,0.3216674917328282,25.801178387561905
3.644,post_correction,0.42116135389159254,0.19131197795321217,54.575134640094234,0.4323738601995977,0.3210157673901531,25.755047439278165
3.648,post_correction,0.4205848407343018,0.19140958238622482,54.489662049625565,0.4312490759492123,0.32039474840301224,25.70540639471544
3.652,post_correction,0.42002544687616045,0.19155508646427336,54.394409222365255,0.43014668725348987,0.31980442992258445,25.652239247835837
3.656,post_correction,0.4194832806231308,0.19174839969644183,54.289382067479565,0.4290667099375609,0.31924480259646737,25.595532069378013
3.66,post_correction,0.4189584474318504,0.19198939458378908,54.17459756196492,0.4280091601612275,0.31871585237109706,25.53527306494107
3.664,post_correction,0.41845104988093407,0.19227790715557647,54.05008370506248,0.426974054285412,0.31821756030566806,25.471452630010482
3.668,post_correction,0.4179611876421892,0.19261373763468706,53.915879433383886,0.4259614087413466,0.3177499023977511,25.40406340173975
3.672,post_correction,0.417488957451866,0.19299665122666643,53.772034497722544,0.42497123990249897,0.31731284942078397,25.33310030730904
3.676,post_correction,0.41703445308206,0.19342637902583157,53.61860930282156,0.4240035639592344,0.3169063667735984,25.258560608686956
3.68,post_correction,0.4165977653123811,0.1939026190310053,53.45567471164671,0.42305839679621593,0.3165304143421201,25.180443943631158
3.684,post_correction,0.4161789819019976,0.1944250372626583,53.28331181596244,0.4221357538725487,0.31618494637336,25.098752362771293
3.688,post_correction,0.4157781875621655,0.19499326897258368,53.101611675232704,0.4212356501046749,0.31586991136179,25.01349036262768
3.692,post_correction,0.4153954639293446,0.19560691993669657,52.91067502605957,0.42035809975203325,0.3155852519481731,24.924664914430107
3.696,post_correction,0.4150308895390035,0.19626556782114915,52.71061196453316,0.41950311630549525,0.31533090483088866,24.83228548861247
3.7,post_correction,0.4146845398002097,0.19696876361167587,52.501541603992955,0.41867071237859566,0.3151068006897704,24.736364074870952
3.704,post_correction,0.4402250606353357,0.20059610648331686,54.43328324066439,0.439855985385065,0.3290567348866388,25.189892642117567
3.708,post_correction,0.4394829930814848,0.20034511388846699,54.41345466323406,0.4387242273161521,0.3283555250795631,25.156737504960137
3.712,post_correction,0.43875695359881073,0.2001396652465717,54.384844820129096,0.437612138616702,0.3276817475476938,25.12050772094661
3.716,post_correction,0.4380470529884891,0.19997991648579364,54.3473891397122,0.43651977241630574,0.3270354566095987,25.081181363370785
3.72,post_correction,0.43735340008047374,0.1998659915062922,54.30103173554464,0.43544718158572493,0.3264167022649777,25.03873809073737
3.724,post_correction,0.4366761016953392,0.1997979817872719,54.245725604954856,0.434394418648411,0.3258255300334706,24.993159201433848
3.728,post_correction,0.43601526260594925,0.19977594610264543,54.18143279924725,0.4333615356929439,0.3252619807999888,24.94442768671294
3.732,post_correction,0.4353709854990233,0.19979991034766822,54.10812456446608,0.4323485842864192,0.32472609066684016,24.892528281827808
3.736,post_correction,0.43474337093667825,0.19986986747801383,54.02578145185208,0.4313556153888126,0.32421789081291086,24.837447515162317
3.74,post_correction,0.43413251731802055,0.19998577756184824,53.934393397362086,0.43038267926835216,0.32373740736015405,24.77917375520186
3.744,post_correction,0.4335385208408621,0.20014756794454486,53.83395976986033,0.42942982541793334,0.3232846612476294,24.717697255191915
3.748,post_correction,0.4329614754636341,0.20035513352476997,53.72448938783273,0.42849710247261213,0.3228596681133199,24.65301019533596
3.7520000000000002,post_correction,0.43240147286757347,0.2006083371397748,53.606000504717805,0.4275845581282154,0.3224624381839408,24.58510672238839
3.7560000000000002,post_correction,0.431858602419253,0.20090701005686812,53.47852076318595,0.4266922390611069,0.32209297617294,24.513982986502633
3.7600000000000002,post_correction,0.43133295113352904,0.20125095256722628,53.34208711893091,0.42582019084915357,0.32175128118687224,24.43963717520094
3.7640000000000002,post_correction,0.4308246036369775,0.20163993467743183,53.19674573475888,0.42496845789393384,0.32143734664031026,24.362069544338624
3.7680000000000002,post_correction,0.4303336421318889,0.20207369689343496,53.04255184596902,0.42413708334423444,0.3211511601794408,24.281282445941923
3.7720000000000002,post_correction,0.4298601463608931,0.20255195109100432,52.87956959821301,0.4233261090208827,0.32089270361446864,24.197280352807393
3.7760000000000002,post_correction,0.4294041935722804,0.20307438146618814,52.707871859196175,0.4225355753429621,0.3206619528609345,24.110069879758452
3.7800000000000002,post_correction,0.4289658584860898,0.20364064555884637,52.5275400057392,0.42176552125546063,0.3204588778900299,24.019659801463465
3.7840000000000003,post_correction,0.42854521326102885,0.20425037534194093,52.33866368785431,0.42101598415840263,0.3202834426879699,23.926061066729773
3.7880000000000003,post_correction,0.42814232746228925,0.2049031783689929,52.14134057160214,0.4202869998375143,0.3201356052244605,23.829286809197754
3.7920000000000003,post_correction,0.4277572680303258,0.20559863897192193,51.93567606258743,0.4195786023964751,0.32001531743027767,23.729352354369222
3.7960000000000003,post_correction,0.427390099250657,0.2063363195013844,51.721783012017866,0.41889082419080753,0.31992252518394615,23.626275222916
3.8000000000000003,post_correction,0.42704088272474955,0.2071157616017134,51.49978140729667,0.41822369576345597,0.31985716830748884,23.52007513022468
3.8040000000000003,post_correction,0.45215045812776206,0.21025550258641793,53.498774842110855,0.4394232297847593,0.3340781096125335,23.97349822034364
3.8080000000000003,post_correction,0.45141753218119335,0.21012972205524705,53.45113845270333,0.43844473042173254,0.3335357803698488,23.927519883971144
3.8120000000000003,post_correction,0.45070050665572964,0.21004754075991258,53.39531736529449,0.4374844595817119,0.333018808035774,23.87871140515933
3.8160000000000003,post_correction,0.44999947750233343,0.2100090151387115,53.33127578184299,0.4365424829587729,0.33252724337883016,23.827060054946806
3.8200000000000003,post_correction,0.4493145389618771,0.21001417354330298,53.25898555863957,0.4356188652311567,0.3320611324569542,23.772554643438294
3.8240000000000003,post_correction,0.4486457835260537,0.21006301616216314,53.17842630522251,0.43471366999989636,0.3316205165187465,23.715185556776813
3.8280000000000003,post_correction,0.44799330189844105,0.21015551503154226,53.08958546010047,0.43382695972792207,0.3312054319102425,23.654944792282954
3.8320000000000003,post_correction,0.4473571829557711,0.21029161413387037,52.99245834292074,0.43295879567969,0.33081590998740107,23.59182599164838
3.8360000000000003,post_correction,0.44673751370945686,0.2104712295829199,52.88704818288367,0.4321092378613801,0.3304519770344955,23.5258244720739
3.84,post_correction,0.4461343792674308,0.2106942498944029,52.77336612337057,0.4312783449617134,0.33011365418857797,23.45693725524668
3.844,post_correction,0.4455478627963486,0.21096053634006756,52.651431202915774,0.4304661742934342,0.329800957370177,23.385163094054665
3.848,post_correction,0.444978045484209,0.2112699233827701,52.52127031281424,0.4296727817355092,0.32951389722037466,23.310502496941655
3.852,post_correction,0.44442500650344674,0.21162221918944418,52.382918131812424,0.42889822167609293,0.32925247904439436,23.232957749811273
3.856,post_correction,0.44388882297454807,0.2120172062183727,52.236417038477796,0.4281425469563112,0.32901670276181577,23.15253293539418
3.86,post_correction,0.4433695699302437,0.2124546418766957,52.08181700198288,0.42740580881491336,0.32880656286351856,23.069233949998296
3.864,post_correction,0.4428673202803315,0.21293425924366904,51.91917545216853,0.42668805683384814,0.3286220483754393,22.983068517569414
3.868,post_correction,0.4423821447771804,0.21345576785481943,51.74855712986945,0.4259893388848126,0.3284631428292099,22.894046200995128
3.872,post_correction,0.441914111981967,0.21401885454183345,51.57003391858941,0.42530970107682964,0.3283298242397288,22.80217841059356
3.876,post_correction,0.4414632882316971,0.21462318432276903,51.383684658705654,0.4246491877049057,0.32822206508969853,22.70747840973515
3.88,post_correction,0.4410297376070606,0.21526840133698613,51.189594945458886,0.42400784119982204,0.32813983232114635,22.609961317554035
3.884,post_correction,0.44061352190117137,0.2159541298190663,50.98785691204812,0.4233857020791126,0.3280830873339253,22.509644108713736
3.888,post_correction,0.44021470058923745,0.21667997510591946,50.77856899919781,0.4227828088992795,0.32805178599117785,22.40654561019997
3.892,post_correction,0.439833330799213,0.21744552467126493,50.561835712598516,0.4221991982093001,0.3280458786317236,22.300686495122413
3.896,post_correction,0.43946946728347575,0.21825034918171618,50.337767369641675,0.42163490450547514,0.328065310089317,22.1920892735158
3.9,post_correction,0.4391231623915752,0.21909400356879302,50.10647983687493,0.42108996018767,0.32811001971870263,22.08077828013956
3.904,post_correction,0.46386096299629936,0.22209832514627054,52.11963435947887,0.4422488118524893,0.34266375820157885,22.517879298255018
3.908,post_correction,0.463142376843283,0.2220896944828719,52.04720932759257,0.44138722345073467,0.3422387267802301,22.462928558594992
3.912,post_correction,0.46243944148513527,0.22212222558913805,51.96728356997681,0.4405429048684213,0.34183740003212065,22.405423795392053
3.916,post_correction,0.4617522420066469,0.22219589975690704,51.8798438765981,0.4397159217167594,0.34145981721634455,22.345359730618522
3.92,post_correction,0.4610808619319287,0.22231067469194454,51.78488351035373,0.43890633828934444,0.341106013071438,22.282732484358107
3.924,post_correction,0.46042538318822485,0.22246648463531593,51.682402239676215,0.43811421751454727,0.34077601775410565,22.217539597926784
3.928,post_correction,0.459785886069985,0.22266324054917905,51.57240635366371,0.43733962090834455,0.34046985678265296,22.14978005525666
3.932,post_correction,0.45916244920323723,0.22290083036580824,51.45490865975703,0.43658260852763636,0.34018755098524645,22.07945430246976
3.936,post_correction,0.45855514951030685,0.2231791192982622,51.3299284640907,0.43584323892409593,0.3399291164531131,22.006564265572266
3.94,post_correction,0.45796406217491736,0.22349795021072416,51.197491534748394,0.43512156909859895,0.3396945644987805,21.93111336620378
3.944,post_correction,0.4573892606077225,0.22385714404618456,51.057630048254566,0.4344176544562763,0.3394839016194471,21.85310653538004
3.948,post_correction,0.4568308164123075,0.2242565003088033,50.91038251972846,0.43373154876224074,0.3392971294655599,21.772550225173287
3.952,post_correction,0.45628879935170374,0.22469579759798441,50.75579371721752,0.4330633040980315,0.3391342448146684,21.689452418277536
3.956,post_correction,0.4557632773154581,0.2251747941909246,50.59391456081068,0.432412970818825,0.33899523955060606,21.60382263541296
3.96,post_correction,0.45525431628730106,0.2256932286701624,50.4248020072077,0.431780597511459,0.3388801006480432,21.515671940527692
3.964,post_correction,0.45476198031345183,0.22625082059245208,50.24851892048998,0.43116623095331624,0.33878881016244056,21.42501294376129
3.968,post_correction,0.45428633147160574,0.22684727119512568,50.06513392989806,0.4305699160721161,0.33872134522541814,21.33185980214053
3.972,post_correction,0.4538274298406426,0.227482264135981,49.87472127547263,0.4299916959066568,0.3386776780455443,21.23622821798287
3.976,post_correction,0.45338533347109633,0.2281554662626477,49.677360642458275,0.429431611568559,0.33865777591453544,21.138135434990325
3.98,post_correction,0.4529600983564276,0.22886652840733362,49.47313698540352,0.4288897022050514,0.3386616012188431,21.03760023202199
3.984,post_correction,0.45255177840513666,0.2296150862028413,49.26214034291483,0.42836600496284655,0.3386891114565939,20.934642914540003
3.988,post_correction,0.4521604254137565,0.230400760915767,49.0444656440388,0.4278605549531479,0.3387402592598341,20.829285303730035
3.992,post_correction,0.4517860890407618,0.23122316029284884,48.82021250725428,0.427373385217833,0.33881499242201774,20.721550723304144
3.996,post_correction,0.4514288167814329,0.23208187941651873,48.58948503305556,0.42690452669685347,0.33891325393066696,20.61146398399974
4.0,post_correction,0.4510886539437086,0.23297650156582306,48.35239159110036,0.42645400819689294,0.3390349820051171,20.499051365795733
