local_t_yr,phase,pos_noNN_err,pos_encounterNN_err,pos_gain_instant_pct,vel_noNN_err,vel_encounterNN_err,vel_gain_instant_pct
0.0,pre_correction_window,1.621964594718028e-15,1.621964594718028e-15,0.0,3.9519726900328197e-17,3.9519726900328197e-17,0.0
0.004,pre_correction_window,0.05287098206969862,0.05287098206969862,0.0,0.04956927860421797,0.04956927860421797,0.0
0.008,pre_correction_window,0.05009371010104385,0.05009371010104385,0.0,0.046983539532666735,0.046983539532666735,0.0
0.012,pre_correction_window,0.04731606572395676,0.04731606572395676,0.0,0.04439531029300618,0.04439531029300618,0.0
0.016,pre_correction_window,0.04453804947287765,0.04453804947287765,0.0,0.041804472751938514,0.041804472751938514,0.0
0.02,pre_correction_window,0.04175966185303243,0.04175966185303243,0.0,0.03921090694039631,0.03921090694039631,0.0
0.024,pre_correction_window,0.03898090336479622,0.03898090336479622,0.0,0.03661449179557459,0.03661449179557459,0.0
0.028,pre_correction_window,0.03620177454188896,0.03620177454188896,0.0,0.03401510622695937,0.03401510622695937,0.0
0.032,pre_correction_window,0.0334222760115043,0.0334222760115043,0.0,0.031412630680899,0.031412630680899,0.0
0.036000000000000004,pre_correction_window,0.030642408590341702,0.030642408590341702,0.0,0.028806949503631343,0.028806949503631343,0.0
0.04,pre_correction_window,0.027862173441656323,0.027862173441656323,0.0,0.02619795464119579,0.02619795464119579,0.0
0.044,pre_correction_window,0.02508157234069993,0.02508157234069993,0.0,0.023585551692544914,0.023585551692544914,0.0
0.048,pre_correction_window,0.022300608143190615,0.022300608143190615,0.0,0.020969670349945416,0.020969670349945416,0.0
0.052000000000000005,pre_correction_window,0.019519285659337617,0.019519285659337617,0.0,0.018350283593246464,0.018350283593246464,0.0
0.056,pre_correction_window,0.016737613405283056,0.016737613405283056,0.0,0.015727445854002396,0.015727445854002396,0.0
0.06,pre_correction_window,0.013955607456529497,0.013955607456529497,0.0,0.013101376804011283,0.013101376804011283,0.0
0.064,pre_correction_window,0.011173301067949505,0.011173301067949505,0.0,0.010472671080163615,0.010472671080163615,0.0
0.068,pre_correction_window,0.008390773448492686,0.008390773448492686,0.0,0.007842929959500112,0.007842929959500112,0.0
0.07200000000000001,pre_correction_window,0.005608264222988511,0.005608264222988511,0.0,0.005217302995053736,0.005217302995053736,0.0
0.076,pre_correction_window,0.002826963919918082,0.002826963919918082,0.0,0.002622273177204578,0.002622273177204578,0.0
0.08,pre_correction_window,0.00016982504104890052,0.00016982504104890052,0.0,0.0007459383356201706,0.0007459383356201706,0.0
0.084,pre_correction_window,0.05305598614798543,0.05305598614798543,0.0,0.05118219419904281,0.05118219419904281,0.0
0.088,pre_correction_window,0.05027280940673136,0.05027280940673136,0.0,0.048558505067601176,0.048558505067601176,0.0
0.092,pre_correction_window,0.04748903642000667,0.04748903642000667,0.0,0.04592655425729973,0.04592655425729973,0.0
0.096,pre_correction_window,0.04470466457848725,0.04470466457848725,0.0,0.043286143508308984,0.043286143508308984,0.0
0.1,pre_correction_window,0.04191969147526276,0.04191969147526276,0.0,0.04063709642994772,0.04063709642994772,0.0
0.10400000000000001,pre_correction_window,0.03913411505598908,0.03913411505598908,0.0,0.0379792650311598,0.0379792650311598,0.0
0.108,pre_correction_window,0.036347933837348606,0.036347933837348606,0.0,0.03531253858537865,0.03531253858537865,0.0
0.112,pre_correction_window,0.03356114723286164,0.03356114723286164,0.0,0.03263685614447015,0.03263685614447015,0.0
0.116,pre_correction_window,0.030773756053355868,0.030773756053355868,0.0,0.029952224982145104,0.029952224982145104,0.0
0.12,pre_correction_window,0.027985763303038685,0.027985763303038685,0.0,0.027258749087470748,0.027258749087470748,0.0
0.124,pre_correction_window,0.025197175499238805,0.025197175499238805,0.0,0.02455667551858012,0.02455667551858012,0.0
0.128,pre_correction_window,0.02240800497112425,0.02240800497112425,0.0,0.02184647428163245,0.02184647428163245,0.0
0.132,pre_correction_window,0.01961827411098936,0.01961827411098936,0.0,0.019128985374126082,0.019128985374126082,0.0
0.136,pre_correction_window,0.01682802384387069,0.01682802384387069,0.0,0.016405711555080058,0.016405711555080058,0.0
0.14,pre_correction_window,0.014037332186285036,0.014037332186285036,0.0,0.01367946082366683,0.01367946082366683,0.0
0.14400000000000002,pre_correction_window,0.01124636042293435,0.01124636042293435,0.0,0.010955946727002836,0.010955946727002836,0.0
0.148,pre_correction_window,0.008455490715417074,0.008455490715417074,0.0,0.008248535955279683,0.008248535955279683,0.0
0.152,pre_correction_window,0.005665870262878697,0.005665870262878697,0.0,0.005596509568321115,0.005596509568321115,0.0
0.156,pre_correction_window,0.0028831123975002365,0.0028831123975002365,0.0,0.0031712880404600433,0.0031712880404600433,0.0
0.16,pre_correction_window,0.0003709992668377903,0.0003709992668377903,0.0,0.0021029637095765314,0.0021029637095765314,0.0
0.164,pre_correction_window,0.05334004202884183,0.05334004202884183,0.0,0.054100462166412906,0.054100462166412906,0.0
0.168,pre_correction_window,0.05054567589421382,0.05054567589421382,0.0,0.05133106642431638,0.05133106642431638,0.0
0.17200000000000001,pre_correction_window,0.04775038526884702,0.04775038526884702,0.0,0.04854820701236109,0.04854820701236109,0.0
0.176,pre_correction_window,0.04495416623007965,0.04495416623007965,0.0,0.04575220815432953,0.04575220815432953,0.0
0.18,pre_correction_window,0.04215701603714932,0.04215701603714932,0.0,0.04294348633805917,0.04294348633805917,0.0
0.184,pre_correction_window,0.03935893350556581,0.03935893350556581,0.0,0.04012256753199685,0.04012256753199685,0.0
0.188,pre_correction_window,0.03655991953509388,0.03655991953509388,0.0,0.037290111950102296,0.037290111950102296,0.0
0.192,pre_correction_window,0.033759977880380695,0.033759977880380695,0.0,0.03444695099869477,0.03444695099869477,0.0
0.196,pre_correction_window,0.030959116318058862,0.030959116318058862,0.0,0.03159414443666454,0.03159414443666454,0.0
0.2,pre_correction_window,0.028157348487093975,0.028157348487093975,0.0,0.02873307223023918,0.02873307223023918,0.0
0.20400000000000001,pre_correction_window,0.025354696924572394,0.025354696924572394,0.0,0.025865588453133415,0.025865588453133415,0.0
0.20800000000000002,pre_correction_window,0.022551198339470405,0.022551198339470405,0.0,0.022994291800833372,0.022994291800833372,0.0
0.212,pre_correction_window,0.019746913352946305,0.019746913352946305,0.0,0.020123028942704964,0.020123028942704964,0.0
0.216,pre_correction_window,0.016941945887947826,0.016941945887947826,0.0,0.017257898564023634,0.017257898564023634,0.0
0.22,pre_correction_window,0.014136485623015036,0.014136485623015036,0.0,0.014409435975784039,0.014409435975784039,0.0
0.224,pre_correction_window,0.011330913498547599,0.011330913498547599,0.0,0.011597923392376934,0.011597923392376934,0.0
0.228,pre_correction_window,0.008526115458522169,0.008526115458522169,0.0,0.008868275625401146,0.008868275625401146,0.0
0.232,pre_correction_window,0.005724717548310196,0.005724717548310196,0.0,0.006339705195046863,0.006339705195046863,0.0
0.23600000000000002,pre_correction_window,0.0029393701261461024,0.0029393701261461024,0.0,0.0043919886442412796,0.0043919886442412796,0.0
0.24,pre_correction_window,0.0005605573134981665,0.0005605573134981665,0.0,0.00400804851620304,0.00400804851620304,0.0
0.244,pre_correction_window,0.053717960311968134,0.053717960311968134,0.0,0.05600363219603912,0.05600363219603912,0.0
0.248,pre_correction_window,0.05090593755718343,0.05090593755718343,0.0,0.053072914398971355,0.053072914398971355,0.0
0.252,pre_correction_window,0.04809269065547408,0.04809269065547408,0.0,0.05013461263416763,0.05013461263416763,0.0
0.256,pre_correction_window,0.04527822804492649,0.04527822804492649,0.0,0.04718973402395169,0.04718973402395169,0.0
0.26,pre_correction_window,0.04246256058620741,0.04246256058620741,0.0,0.04423937417830883,0.04423937417830883,0.0
0.264,pre_correction_window,0.03964570211621151,0.03964570211621151,0.0,0.04128474325791958,0.04128474325791958,0.0
0.268,pre_correction_window,0.03682767025762018,0.03682767025762018,0.0,0.03832720595794485,0.03832720595794485,0.0
0.272,pre_correction_window,0.03400848763580749,0.03400848763580749,0.0,0.035368343464934136,0.035368343464934136,0.0
0.276,pre_correction_window,0.03118818376416724,0.03118818376416724,0.0,0.03241005119867625,0.03241005119867625,0.0
0.28,pre_correction_window,0.028366798066857834,0.028366798066857834,0.0,0.029454696987879937,0.029454696987879937,0.0
0.28400000000000003,pre_correction_window,0.02554438492289896,0.02554438492289896,0.0,0.026505385692314046,0.026505385692314046,0.0
0.28800000000000003,pre_correction_window,0.022721022495040346,0.022721022495040346,0.0,0.02356642072040127,0.02356642072040127,0.0
0.292,pre_correction_window,0.01989682911061341,0.01989682911061341,0.0,0.02064415124024988,0.02064415124024988,0.0
0.296,pre_correction_window,0.017071995950301275,0.017071995950301275,0.0,0.017748627812860213,0.017748627812860213,0.0
0.3,pre_correction_window,0.01424685869106288,0.01424685869106288,0.0,0.014897093676732294,0.014897093676732294,0.0
0.304,pre_correction_window,0.01142207553147971,0.01142207553147971,0.0,0.012122050744917436,0.012122050744917436,0.0
0.308,pre_correction_window,0.00859915591039648,0.00859915591039648,0.0,0.00949191612899878,0.00949191612899878,0.0
0.312,pre_correction_window,0.005782534725770741,0.005782534725770741,0.0,0.007168544358965858,0.007168544358965858,0.0
0.316,pre_correction_window,0.002993314054055191,0.002993314054055191,0.0,0.0055510515003745165,0.0055510515003745165,0.0
0.32,pre_correction_window,0.0007289121959678968,0.0007289121959678968,0.0,0.005325314510309429,0.005325314510309429,0.0
0.324,pre_correction_window,0.05412585018605273,0.05412585018605273,0.0,0.056167155533468203,0.056167155533468203,0.0
0.328,pre_correction_window,0.05129240439606432,0.05129240439606432,0.0,0.05320312013647627,0.05320312013647627,0.0
0.332,pre_correction_window,0.04845768647951348,0.04845768647951348,0.0,0.050239665073446606,0.050239665073446606,0.0
0.336,pre_correction_window,0.04562172097056139,0.04562172097056139,0.0,0.047277559802298676,0.047277559802298676,0.0
0.34,pre_correction_window,0.042784535444967416,0.042784535444967416,0.0,0.044317644251799924,0.044317644251799924,0.0
0.34400000000000003,pre_correction_window,0.03994616146119283,0.03994616146119283,0.0,0.04136086215687826,0.04136086215687826,0.0
0.34800000000000003,pre_correction_window,0.03710663595330586,0.03710663595330586,0.0,0.03840830966309566,0.03840830966309566,0.0
0.352,pre_correction_window,0.034266003337719474,0.034266003337719474,0.0,0.03546130780841096,0.03546130780841096,0.0
0.356,pre_correction_window,0.03142431878558864,0.03142431878558864,0.0,0.03252151355600676,0.03252151355600676,0.0
0.36,pre_correction_window,0.028581653472629063,0.028581653472629063,0.0,0.029591095325329796,0.029591095325329796,0.0
0.364,pre_correction_window,0.0257381033362901,0.0257381033362901,0.0,0.026673020867645506,0.026673020867645506,0.0
0.368,pre_correction_window,0.022893804391833823,0.022893804391833823,0.0,0.023771550071613114,0.023771550071613114,0.0
0.372,pre_correction_window,0.02004896112371174,0.02004896112371174,0.0,0.020893122102479657,0.020893122102479657,0.0
0.376,pre_correction_window,0.017203903087477768,0.017203903087477768,0.0,0.018048049991026004,0.018048049991026004,0.0
0.38,pre_correction_window,0.014359208824040733,0.014359208824040733,0.0,0.015253991947833176,0.015253991947833176,0.0
0.384,pre_correction_window,0.011516013292805114,0.011516013292805114,0.0,0.012543660884292969,0.012543660884292969,0.0
0.388,pre_correction_window,0.008676918433981287,0.008676918433981287,0.0,0.009983481425280702,0.009983481425280702,0.0
0.392,pre_correction_window,0.005849543745557896,0.005849543745557896,0.0,0.007721427695387285,0.007721427695387285,0.0
0.396,pre_correction_window,0.003069558449331843,0.003069558449331843,0.0,0.006094976148425958,0.006094976148425958,0.0
0.4,pre_correction_window,0.0009604838283955743,0.0009604838283955743,0.0,0.005675015829701689,0.005675015829701689,0.0
0.404,pre_correction_window,0.05452092732468442,0.05452092732468442,0.0,0.05577603873032034,0.05577603873032034,0.0
0.40800000000000003,pre_correction_window,0.051666316999922274,0.051666316999922274,0.0,0.052849968706614736,0.052849968706614736,0.0
0.41200000000000003,pre_correction_window,0.048810537420418874,0.048810537420418874,0.0,0.04992689718806948,0.04992689718806948,0.0
0.41600000000000004,pre_correction_window,0.04595362183765099,0.04595362183765099,0.0,0.04700728690535749,0.04700728690535749,0.0
0.42,pre_correction_window,0.043095608150561494,0.043095608150561494,0.0,0.044091679845112655,0.044091679845112655,0.0
0.424,pre_correction_window,0.04023654059444787,0.04023654059444787,0.0,0.04118072952836546,0.04118072952836546,0.0
0.428,pre_correction_window,0.03737647221219058,0.03737647221219058,0.0,0.0382752474733127,0.0382752474733127,0.0
0.432,pre_correction_window,0.034515468561817156,0.034515468561817156,0.0,0.03537627181602269,0.03537627181602269,0.0
0.436,pre_correction_window,0.03165361344320192,0.03165361344320192,0.0,0.032485171584049746,0.032485171584049746,0.0
0.44,pre_correction_window,0.02879101804987224,0.02879101804987224,0.0,0.029603810297359933,0.029603810297359933,0.0
0.444,pre_correction_window,0.025927836194409044,0.025927836194409044,0.0,0.026734812162876424,0.026734812162876424,0.0
0.448,pre_correction_window,0.023064290886040124,0.023064290886040124,0.0,0.023882013726542545,0.023882013726542545,0.0
0.452,pre_correction_window,0.020200723520494922,0.020200723520494922,0.0,0.021051268466209725,0.021051268466209725,0.0
0.456,pre_correction_window,0.01733769179500041,0.01733769179500041,0.0,0.018251964460908116,0.018251964460908116,0.0
0.46,pre_correction_window,0.014476183655282842,0.014476183655282842,0.0,0.015500085997907477,0.015500085997907477,0.0
0.464,pre_correction_window,0.011618146564986838,0.011618146564986838,0.0,0.012824888666742782,0.012824888666742782,0.0
0.468,pre_correction_window,0.00876804701062026,0.00876804701062026,0.0,0.010284720739834644,0.010284720739834644,0.0
0.47200000000000003,pre_correction_window,0.005938882841704375,0.005938882841704375,0.0,0.008006959035891235,0.008006959035891235,0.0
0.47600000000000003,pre_correction_window,0.0031897577413129373,0.0031897577413129373,0.0,0.006280992517921715,0.006280992517921715,0.0
0.48,pre_correction_window,0.0012685470587076237,0.0012685470587076237,0.0,0.005635526356884543,0.005635526356884543,0.0
0.484,pre_correction_window,0.05490892267585485,0.011633810525352567,78.81253181011996,0.05547618165417501,0.012929991624706969,76.69271525335074
0.488,pre_correction_window,0.05203436916096194,0.008782695246645806,83.12135731005479,0.05258883724043357,0.01039864047936196,80.22652519997753
0.492,pre_correction_window,0.04915874963671973,0.005956364146352601,87.88340999238227,0.0497043196055249,0.008124124765937072,83.65509309771534
0.496,pre_correction_window,0.04628210567533933,0.0032235510048339547,93.03499493422665,0.046822974775108786,0.0063846264526847855,86.36432972627176
0.5,post_correction,0.043404486408708746,0.0016477006571727008,96.20384712848,0.04394523045229121,0.005430737478606419,87.64203208695821
0.504,post_correction,0.040525951275766504,0.05551866003351174,-36.99532839025668,0.041071625816317334,0.0515688765961515,-25.558400894039405
0.508,post_correction,0.03764657403233462,0.05263617738199168,-39.81664662708084,0.038202854443999394,0.048670115059981096,-27.39915843546559
0.512,post_correction,0.0347664487562038,0.049752649126470365,-43.10535273635733,0.035339827665438334,0.045773732609856364,-29.524492997520156
0.516,post_correction,0.03188569911012449,0.04686812039444631,-46.98790273525643,0.03248377067734381,0.04288000373751164,-32.004391249501126
0.52,post_correction,0.029004493128657625,0.043982644841033765,-51.64079801683248,0.029636372934418086,0.03998927701929208,-34.933100982983945
0.524,post_correction,0.02612306779294149,0.041096287706641414,-57.31799967898763,0.026800031948475633,0.03710200498198507,-38.44015206144337
0.528,post_correction,0.023241771880460345,0.03820913026214559,-64.39852545953475,0.02397826500706199,0.034218788811907666,-42.70752617768499
0.532,post_correction,0.02036114516129516,0.03532127643635315,-73.47391886138091,0.02117643844058101,0.03134044733023841,-47.99678150873483
0.536,post_correction,0.017482075743673036,0.03243286298689511,-85.52066392134773,0.018403133864032556,0.028468127124439097,-54.691735303179854
0.54,post_correction,0.01460614291572668,0.029544075639972783,-102.27157717430096,0.01567288263755795,0.025603485525865662,-63.361687303842636
0.544,post_correction,0.011736461469160506,0.02665517572510457,-127.11424388982533,0.013012076647647483,0.022749009152067515,-74.8299657932035
0.548,post_correction,0.008880149525515772,0.02376654622399395,-167.63677971530052,0.010472872747919807,0.01990860020791258,-90.09684054326891
0.552,post_correction,0.006057679641114424,0.020878775994716867,-244.66622917807223,0.008168313001657542,0.01708873092404109,-109.2075918316718
0.556,post_correction,0.0033582817877250595,0.017992824912983315,-435.77472202449906,0.006357401813203257,0.01430091340303138,-124.94902513996806
0.56,post_correction,0.0016195022003756964,0.015110377550778863,-833.0260587033174,0.005545145643071978,0.011567558942750515,-108.60694537758175
0.5640000000000001,post_correction,0.05530845131719996,0.012234693895222852,77.87916022986151,0.05538317407928266,0.008937770669022174,83.86193854431765
0.5680000000000001,post_correction,0.05241442792613598,0.009373011641882848,82.11749700847335,0.052519383070957736,0.006536400795934509,87.5543077360537
0.5720000000000001,post_correction,0.04951941305746916,0.006545153534816309,86.78265122565081,0.049657784525168454,0.004723723270286638,90.48744659985289
0.5760000000000001,post_correction,0.046623460422041685,0.0038292625176271594,91.78683331746684,0.0467986874262449,0.004316705703410427,90.77601116438663
0.58,post_correction,0.043726635188985,0.0018287210561907274,95.8178326590028,0.0439424811348875,0.005627539190229061,87.19339681126664
0.584,post_correction,0.04082901809897406,0.05595543503891623,-37.0482016081652,0.0410896635268466,0.05091617221841246,-23.91479473942528
0.588,post_correction,0.037930711464721927,0.05305252823640249,-39.86694735674772,0.038240881526087685,0.048042513062172644,-25.63129076770458
0.592,post_correction,0.03503184815246904,0.05014863110873245,-43.15154282032357,0.035396990890905214,0.045170648696675954,-27.61154990799501
0.596,post_correction,0.03213260542729534,0.047243798606370346,-47.02760009071242,0.03255914678241448,0.04230085012329332,-29.920020343224827
0.6,post_correction,0.029233227037222607,0.0443380974337172,-51.67021204077673,0.029728945190564574,0.039433468670085,-32.643349494285
0.604,post_correction,0.026334059877684873,0.04143161021610192,-57.330887863631354,0.026908651599354582,0.03656896763434434,-35.90040920230082
0.608,post_correction,0.023435617834240963,0.038524441554931885,-64.38415162516077,0.02410158591440011,0.033707969870058356,-39.85789146729414
0.612,post_correction,0.020538699559112607,0.03561672705056822,-73.41276621754659,0.021312801688252083,0.030851331530247383,-44.754931714365235
0.616,post_correction,0.017644621851718584,0.03270864713987173,-85.37459977747223,0.018550352984950384,0.028000260344554592,-50.94192745157341
0.62,post_correction,0.014755726187193391,0.02980044903542476,-101.95853906050927,0.01582781723378022,0.025156513091795958,-58.938612445600825
0.624,post_correction,0.011876618406721622,0.026892482890959277,-126.43215408638004,0.013169719667367904,0.022322741261609894,-69.50050437991828
0.628,post_correction,0.009017752548749166,0.023985264238226982,-165.97829235793267,0.010624237869666322,0.019503131312360287,-83.57205054721565
0.632,post_correction,0.006208702803802811,0.021079587967413042,-239.51678206439294,0.008295331196277443,0.016704674841447813,-101.37441708106952
0.636,post_correction,0.003571749651569541,0.018176751226767717,-408.9032827029261,0.00642262157647417,0.013939910569304855,-117.04393452614802
0.64,post_correction,0.0019916867939863653,0.015279029002022562,-667.1401471433946,0.00549378470365963,0.011233499004657962,-104.47650591722093
0.644,post_correction,0.055733784420122244,0.012390811449679661,77.76786274501384,0.0554888032154526,0.008640149183637839,84.42902228384749
0.648,post_correction,0.052819979013057045,0.009521784445648019,81.97313852908907,0.05263447438794352,0.006300657645238997,88.02940901660789
0.652,post_correction,0.04990524134760422,0.006698110819991466,86.57834199550862,0.04978175502105666,0.004617930999068577,90.72364765542058
0.656,post_correction,0.046989641553870504,0.004019003219126579,91.44704431397064,0.04693094374311641,0.004419157882795754,90.58370122070275
0.66,post_correction,0.044073265989004996,0.002132258428298582,95.16201402267188,0.044082418290377914,0.00585708083911406,86.71334045121452
0.664,post_correction,0.04115622302135523,0.0563538992245311,-36.926800098468874,0.041236662769914556,0.05052411685184578,-22.522322268782542
0.668,post_correction,0.03823865146433968,0.05343024523241143,-39.72837217400047,0.03839430690154109,0.047660412187527874,-24.134060577650015
0.672,post_correction,0.0353207331920454,0.050505662510181334,-42.991546170835825,0.035556183832709615,0.04479801323895863,-25.992185915483624
0.676,post_correction,0.03240271257049812,0.04758022379819586,-46.84024892877794,0.0327234175878469,0.04193720705884617,-28.156562334189577
0.68,post_correction,0.029484927418636345,0.044654018651451785,-51.44693428421876,0.02989755936676506,0.039078367293953066,-30.7075497854639
0.684,post_correction,0.026567860339350408,0.04172715936801081,-57.05878770450904,0.027080807420635178,0.03622198827339904,-33.755200540285294
0.6880000000000001,post_correction,0.023652227938080226,0.03879978960288101,-64.04285340246159,0.02427637619052968,0.033368736444106144,-37.45353170595301
0.6920000000000001,post_correction,0.02073914500815662,0.035872097201122895,-72.96806202480644,0.021489145610447596,0.030519530356599163,-42.0230050549854
0.6960000000000001,post_correction,0.017830448753925036,0.03294433387244847,-84.76446850613559,0.018726867660554557,0.0276756694530152,-47.78589753859373
0.7000000000000001,post_correction,0.014929398929793163,0.030016846370095454,-101.05863947538923,0.016002558737941402,0.024839050026467437,-55.219239830534605
0.704,post_correction,0.012042377794040077,0.0270901278518275,-124.95663493662143,0.013339618630544283,0.02201254514470863,-65.01630034838914
0.708,post_correction,0.009183737113538468,0.02416490646288526,-163.12715797648298,0.010783762560717051,0.019200712515678005,-78.05207048625225
0.712,post_correction,0.006393250686949399,0.021242306812748416,-232.2614402734204,0.008433137154312804,0.01641120856159452,-94.60383794661325
0.716,post_correction,0.0038258030551564333,0.01832416507190123,-378.96258139069243,0.006514142738194521,0.013657866164035854,-109.66482794359689
0.72,post_correction,0.00237701786368824,0.015413698973783899,-548.4469136410956,0.005499305877360019,0.01096814365940493,-99.44596470910007
0.724,post_correction,0.0561941244816983,0.0125171010162451,77.72524951372495,0.055770574533266164,0.008403618146899917,84.93180639211937
0.728,post_correction,0.05325973845024797,0.009647947767217552,81.88510111398674,0.05291466900295007,0.006124038424073862,88.42657709201121
0.732,post_correction,0.05032447839828911,0.006842363207583647,86.40350893767778,0.0500599151780332,0.004577579268123437,90.85579899237999
0.736,post_correction,0.04738843491040337,0.004231233239850454,91.07116905664772,0.047206612468050954,0.004580076833084799,90.29780661303636
0.74,post_correction,0.04445172043271192,0.00252176916735879,94.32694810727051,0.044355139256522055,0.006130077488937429,86.17955530815733
0.744,post_correction,0.041514477032189634,0.05671794646998761,-36.622090713101024,0.041505979912156536,0.05032381888560379,-21.24474350951206
0.748,post_correction,0.038576887702369105,0.053772789888249864,-39.391208288032885,0.03865976362506664,0.047458782612960146,-22.760146888710683
0.752,post_correction,0.03563919325959461,0.050826788429336175,-42.614868016556,0.03581732154553277,0.044594708033635806,-24.505982327418824
0.756,post_correction,0.032701718338718024,0.047880040693644675,-46.414448921957394,0.03297977306901262,0.041731909546972444,-26.537891754577362
0.76,post_correction,0.029764912755878163,0.044932669130404945,-50.958511113160775,0.030148660059022565,0.03887079646967033,-28.93042806404093
0.764,post_correction,0.02682941996335669,0.04198482843438823,-56.4880213278208,0.027326162878930225,0.036011910595147016,-31.78546418939015
0.768,post_correction,0.02389619575664635,0.039036717747985145,-63.35954955142891,0.02451546209215558,0.03315598302366797,-35.245188930284
0.772,post_correction,0.020966726052275893,0.03608859884169345,-72.12319535112212,0.02172137262022219,0.030304022808299406,-39.51246699799686
0.776,post_correction,0.01804345510258995,0.03314082398709174,-83.67227229298629,0.018951517558173647,0.027457460178588473,-44.88264643876119
0.78,post_correction,0.015130704447245147,0.030193880123137635,-99.55369710915903,0.01621864463364458,0.024618387647474455,-51.7906594759782
0.784,post_correction,0.01223688262111862,0.02724846159078253,-122.6748628262289,0.01354555443625574,0.021789986083483495,-60.864482779389874
0.788,post_correction,0.00938068208647168,0.024305595509436045,-159.10264611235766,0.010976511417061498,0.01897732267953543,-72.8902923568025
0.792,post_correction,0.006612672035508988,0.02136687009548479,-223.1200637313952,0.008605860824596821,0.01618895453192016,-88.1154583124298
0.796,post_correction,0.004117443752312552,0.0184348794095838,-347.7263204683706,0.00665014820818002,0.013440442141474225,-102.10740754532054
0.8,post_correction,0.002774184716409537,0.015514166109998007,-459.23334946769785,0.005566523761531763,0.010762910324954538,-93.35065807736467
0.804,post_correction,0.056695880946280384,0.012613450472978897,77.75243939691103,0.056210683456022814,0.008226690933297608,85.36454206301572
0.808,post_correction,0.053739852004139055,0.009751729936514839,81.8538206324726,0.05334459171376623,0.006014333862724939,88.72550399298893
0.812,post_correction,0.0507830157089438,0.006978724816793705,86.2577581906688,0.050479306930364405,0.004618856017765843,90.85000112196964
0.8160000000000001,post_correction,0.04782548702810072,0.004465421572600856,90.66309231733047,0.04761513622730898,0.004814121249728462,89.88951490814513
0.8200000000000001,post_correction,0.04486740932741341,0.002971531951824916,93.3770815022089,0.0447524669735,0.006458377834360886,85.56866633031606
0.8240000000000001,post_correction,0.04190896441564776,0.057048838967972144,-36.125623153483446,0.041891794086556515,0.05027202372838978,-20.004465849607907
0.8280000000000001,post_correction,0.03895038716609285,0.05408120247130238,-38.84637973093431,0.03903375923246046,0.047397160365987984,-21.426071426327084
0.8320000000000001,post_correction,0.03599198734327908,0.051112837709361245,-42.0117128344838,0.03617920840693499,0.044523052916934404,-23.06254027492771
0.836,post_correction,0.03303418313738357,0.04814387759452984,-45.739573442175356,0.033329278726681726,0.0416500553413274,-24.965366586179634
0.84,post_correction,0.030077554429507474,0.04517448810056683,-50.19335500312009,0.0304855331444027,0.03877862834456168,-27.203379258209345
0.844,post_correction,0.027122930751902825,0.042204879913319976,-55.60589782635886,0.027650176711927963,0.03590938188661316,-29.870352224990572
0.848,post_correction,0.024171543387983673,0.03923532536871826,-62.32031500406051,0.024826417548488,0.03304313965645869,-33.096688605686936
0.852,post_correction,0.021225303365250255,0.03626618369964695,-70.86296989762417,0.022019097345654177,0.030181039910192487,-37.06756201860927
0.856,post_correction,0.018287345249160567,0.03329793975626739,-82.08186755699734,0.01923585304294945,0.02732469887854266,-42.05088184824758
0.86,post_correction,0.015363185448066736,0.030331265377075704,-97.4282317922063,0.016489396104496044,0.02447648676922207,-48.43773910281799
0.864,post_correction,0.0124634756901101,0.02736712046927714,-119.57856018440539,0.013802326072658756,0.021640017322792277,-56.785292630198946
0.868,post_correction,0.009611577288979788,0.02440692722306549,-153.93259076269825,0.011218171698993648,0.01882106845210809,-67.77304677727902
0.872,post_correction,0.006868989731681191,0.021452887182313952,-212.31502768695128,0.0088287657690373,0.01602944045501401,-81.55924479534453
0.876,post_correction,0.004445541965355883,0.01850859801714405,-316.3406433092206,0.006842582388325468,0.01328304451125807,-94.12326746581894
0.88,post_correction,0.003185048358908888,0.015580357135350359,-389.1717606663834,0.005699696353162506,0.010617889412276179,-86.28868547330224
0.884,post_correction,0.057244368502998466,0.012680225618538274,77.84895536427469,0.056798554861657,0.008115542848273705,85.71170891928402
0.888,post_correction,0.054265496671867565,0.00983430647430667,81.87742289769736,0.05391532611176633,0.0059853944999821,88.8985286158255
0.892,post_correction,0.05128589867975914,0.007109666101913764,86.13719114817867,0.051032650277802884,0.004758858822355441,90.6748742296354
0.896,post_correction,0.04830571791806827,0.004723631831449699,90.22138157751533,0.0481508482145254,0.005132831812384081,89.34010094792953
0.9,post_correction,0.045325133676057665,0.003468821937700988,92.34680263164157,0.045270323796443454,0.006851372680740117,84.86564242052455
0.904,post_correction,0.042344373793182115,0.05734707495962094,-35.430211436624006,0.042391592017876845,0.05034308024628096,-18.75722955875522
0.908,post_correction,0.0393637330549307,0.05435587325003905,-38.08617484065181,0.039515319273268186,0.04745173238059332,-20.08439575659472
0.912,post_correction,0.03638360061487332,0.051364100388626356,-41.17376928227694,0.03664238241384349,0.04456106358018195,-21.610715910619348
0.916,post_correction,0.03340450205347255,0.04837193279333572,-44.806627310007286,0.03377395756623646,0.04167148285849419,-23.383476090325928
0.92,post_correction,0.030427166042383137,0.04537959161600272,-49.14169644583984,0.03091165763741371,0.03878352259892612,-25.465683703693553
0.924,post_correction,0.02745263414003599,0.0423873585442321,-54.40179010878891,0.028057752377635397,0.03589788798173198,-27.94284979985028
0.928,post_correction,0.024482450004804274,0.03939559879085617,-60.913629081752184,0.02521553433052728,0.033015532101362606,-30.93330352865943
0.932,post_correction,0.021519003671581955,0.036404795385356986,-69.17509723479085,0.022389955141058522,0.030137773707738427,-34.60399325442156
0.936,post_correction,0.01856620088867742,0.033415601802098245,-79.98082646233088,0.019588791288292665,0.0272664884593271,-39.19433852778373
0.9400000000000001,post_correction,0.01563087638283188,0.03042892542812981,-94.67190887358893,0.016824914811007244,0.02440443278301103,-45.04936908830643
0.9440000000000001,post_correction,0.012726108916452568,0.02744606510698012,-115.667375528252,0.014121043591071135,0.021555819851055064,-52.65033148601713
0.9480000000000001,post_correction,0.009880141354698375,0.024468948257583268,-147.6578763313682,0.011520500511271566,0.018727405586949204,-62.557221959466595
0.9520000000000001,post_correction,0.007165116259633184,0.021500562332379226,-200.07276299910225,0.009113445687488847,0.01593068543448831,-74.8041956990903
0.9560000000000001,post_correction,0.00481075227931495,0.018545793144401912,-285.50713209957314,0.007101113502791551,0.013186731234897955,-85.69948543582723
0.96,post_correction,0.0036131377975387583,0.015613191610125686,-332.1227831598693,0.00590405443090861,0.01053796518409485,-78.48692466192425
0.964,post_correction,0.05784474239883455,0.012719098997418684,78.01165936616748,0.05753024635319071,0.008080030731438455,85.95516055705136
0.968,post_correction,0.05484175654455128,0.009898627840060742,81.9505638335645,0.054623998204582434,0.0060521247586499865,88.92039221299206
0.972,post_correction,0.05183814479858436,0.0072400869247113645,86.03328311064658,0.0517181214544952,0.005009644718076866,90.31356016578317
0.976,post_correction,0.048834083307060495,0.005010831980729473,89.73906820524877,0.048812956791997174,0.00554218859691344,88.64607071329455
0.98,post_correction,0.045829792654558124,0.004009524356259851,91.25127100949022,0.04590893225111566,0.007315069163795949,84.06613091373264
0.984,post_correction,0.042825553463861604,0.05761333798421428,-34.53028232975755,0.04300659260437842,0.05052300824212519,-17.477356801760525
0.988,post_correction,0.03982172904465067,0.05459743840081206,-37.10464038262607,0.040106641414352794,0.04760969297284782,-18.707753364284297
0.992,post_correction,0.036818799097413056,0.05158117230340383,-40.094662422132075,0.03721000254721341,0.04469710532785629,-20.121210072864063
0.996,post_correction,0.03381741130055318,0.04856476991789565,-43.608774445432594,0.03431791244195985,0.04178572871255499,-21.7606950400176
1.0,post_correction,0.030818462870775522,0.04554852071054597,-47.79621197051539,0.03143206251312351,0.038876192554140716,-23.683237579172957
1.004,post_correction,0.027823234469025092,0.04253279438869473,-52.86790051690583,0.028554826207267226,0.035969331103063454,-25.965855445862353
1.008,post_correction,0.024833620035491805,0.039518071484201556,-59.13133658211317,0.025689634889231542,0.033066272935130654,-28.714452648726493
1.012,post_correction,0.021852542773135072,0.036504989018573165,-67.05144750226238,0.022841627817271164,0.03016858146476724,-32.07719566271879
1.016,post_correction,0.018884758111972252,0.033494410657884055,-77.36213754652124,0.020018834649085614,0.02727848355831077,-36.26409347237776
1.02,post_correction,0.01593853194941284,0.030487538085122452,-91.28197114945449,0.017234458263179018,0.02439925726073986,-41.572522258319275
1.024,post_correction,0.013029517497134933,0.027486094680195045,-110.95251367703352,0.014511593964477954,0.021535922263768846,-48.40493963988599
1.028,post_correction,0.0101909307212524,0.02449264235201702,-140.3376396322615,0.011893747125452553,0.01869654270602959,-57.19640336071289
1.032,post_correction,0.007504883099467216,0.021511158045549993,-186.6288223340495,0.009469914596082022,0.015894860720752323,-67.84587188704413
1.036,post_correction,0.0052152669337504586,0.01854815270209215,-255.6510709367201,0.007434297599095202,0.01315607321139622,-76.96457581947477
1.04,post_correction,0.004063028615938565,0.015615021832186273,-284.31976016440586,0.006185308380981706,0.010530738102654907,-70.25405127793341
1.044,post_correction,0.058502441383509345,0.012733491492178157,78.23425622752306,0.05840721653524133,0.008131296062457738,86.0782681579227
1.048,post_correction,0.05547403506296048,0.009949852914028692,82.06394594743998,0.05547271616125096,0.0062270196092165065,88.77462644678245
1.052,post_correction,0.05244512629652093,0.007377598132547247,85.9327288281568,0.05253846540156982,0.005375764490556141,89.76794535305267
1.056,post_correction,0.04941592873629514,0.005334466317539957,89.20496598170402,0.04960483121628835,0.006042870176693841,87.8179805705909
1.06,post_correction,0.04638671014607872,0.004594422816928226,90.09538981648042,0.04667227381803427,0.007852213635391837,83.17584940042555
1.064,post_correction,0.04335781130735034,0.05784894016697716,-33.422187196912716,0.04374137783934683,0.05080566814443326,-16.15013210382199
1.068,post_correction,0.04032967342092024,0.05480719816739529,-35.89794689228778,0.04081289681714338,0.04786563037334672,-17.28064927074927
1.072,post_correction,0.03730287880057817,0.05176534942417814,-38.7703874033867,0.037887818088807486,0.044926496079173386,-18.577681021027733
1.076,post_correction,0.03427821300592161,0.048723689774396305,-42.14186067978285,0.03496745982771428,0.0419888462539623,-20.07977262529964
1.08,post_correction,0.03125676278181534,0.04568259212042102,-46.152666030400255,0.03205362024470333,0.039053437746724484,-21.837837500361072
1.084,post_correction,0.028240076257685133,0.04264253387364748,-51.00006630485965,0.02914881442815038,0.03612127435231675,-23.920217892061974
1.088,post_correction,0.025230436614159964,0.03960413697091826,-56.96968537076925,0.026256664315324838,0.03319371512143824,-26.420152700297717
1.092,post_correction,0.022231354350285944,0.03656822770116237,-64.48942842158434,0.023382568542831828,0.03027264455202584,-29.46672003365617
1.096,post_correction,0.019248509621355936,0.033535928735014264,-74.22610578538844,0.020534910912415622,0.027360749682860227,-33.240167437578855
1.1,post_correction,0.01629169886992682,0.030508805404489425,-87.26595457031345,0.01772736813428127,0.024461990202261266,-37.98997130858106
1.104,post_correction,0.01337925424796577,0.027489107215533982,-105.46068342870102,0.014983612260846425,0.02158243533503816,-44.040268523465976
1.108,post_correction,0.010549325898391346,0.024480184748852704,-132.05449319359505,0.012347586635262134,0.018731840331581463,-51.70446569767109
1.112,post_correction,0.007892969367721677,0.0214872483069485,-172.23275938230125,0.009907351017080516,0.015926820110508128,-60.75760395538524
1.116,post_correction,0.005662540259695387,0.018518838523785174,-227.0411807152676,0.007849846360193103,0.013197746812550426,-68.12745379930934
1.12,post_correction,0.004540061238517606,0.01558990332969767,-243.38530937498973,0.006549026859608194,0.010605018957253102,-61.93274488856753
1.124,post_correction,0.059223332023760324,0.012728857480877705,78.5070224083797,0.059434988168425004,0.008279807811060674,86.06913525817886
1.1280000000000001,post_correction,0.05616818561696462,0.009995611737907865,82.20413989144619,0.056467362056491846,0.0065177352194632976,88.45751779064383
1.1320000000000001,post_correction,0.05311268762049149,0.00753252537842894,85.8178418078719,0.05349991506061491,0.005854694872312549,89.05662772421371
1.1360000000000001,post_correction,0.05005709445489272,0.005703703268073066,88.60560459973806,0.050533047164788854,0.006631673593408297,86.87656105165728
1.1400000000000001,post_correction,0.04700172755528009,0.005226885366920774,88.87937605958572,0.04756725908532994,0.008462860966360626,82.20864281631349
1.1440000000000001,post_correction,0.043946995959823015,0.05805598540802788,-32.10455945863401,0.044603185664827745,0.05119014625737822,-14.767915103751626
1.1480000000000001,post_correction,0.040893428981810157,0.054987271204268544,-34.46480907416075,0.04164164340222188,0.0482190601677327,-15.79528622820843
1.1520000000000001,post_correction,0.037841724613118743,0.051918774258642934,-37.199809970193705,0.038683699569937294,0.04524918644838315,-16.972231072614793
1.156,post_correction,0.03479282321501504,0.04885086976497328,-40.40501819321005,0.03573077517539459,0.04228123047714761,-18.332810496269015
1.16,post_correction,0.03174802326799147,0.04578403174171408,-44.21065322789338,0.03278480257842962,0.03931611153426975,-19.921757772417788
1.164,post_correction,0.028709169879878375,0.04271886841330638,-48.798689032270126,0.02984847437797091,0.036355049474789805,-21.798685636077085
1.168,post_correction,0.025678975042112067,0.0396561738764187,-54.43051683871656,0.02692565061320411,0.03339969682150584,-24.044158862875953
1.172,post_correction,0.022661589597885497,0.03659700545981901,-61.49354969888695,0.02402205272530183,0.030452346337102316,-26.768293639733862
1.176,post_correction,0.01966368772123522,0.0335428029033507,-70.58246336533885,0.021146503168961703,0.027516268850444957,-30.122075648103532
1.18,post_correction,0.016696677510926544,0.030495578060986468,-82.64458926651561,0.018313262545895825,0.0245962857805326,-34.30859585445554
1.184,post_correction,0.013781622583051841,0.027458228489072912,-99.23799482682165,0.015546711900869214,0.021699786019524152,-39.577977374823035
1.188,post_correction,0.010961427693009673,0.024435079187277116,-122.91876452243412,0.012891351396883865,0.018838633138943947,-46.13388898465429
1.192,post_correction,0.008334761099486141,0.021432868320995828,-157.15036178202178,0.010434274307616509,0.016032973550901067,-53.656814822261104
1.196,post_correction,0.00615701770557574,0.018462654483041675,-199.86359250391726,0.008354649742857309,0.013319385544579404,-59.42482275772992
1.2,post_correction,0.005050179605430835,0.015543785857982282,-207.78679319180827,0.007000271139998888,0.010769514364126022,-53.84424615483869
1.204,post_correction,0.060013650003056536,0.012712889900731805,78.81666937424347,0.06062176256421234,0.00853372800207603,85.92299589930785
1.208,post_correction,0.056930448963159866,0.010046145408723471,82.35365153149519,0.05761630440233957,0.006926137269744305,87.97885886366731
1.212,post_correction,0.053847079262295656,0.007717646693160006,85.66747389293594,0.054611001045723216,0.006439117246210599,88.20912064801846
1.216,post_correction,0.05076384591319901,0.006128530716884741,87.92737113069822,0.05160629243079658,0.007303173813567542,85.84828812617955
1.22,post_correction,0.047681131167619906,0.005911475665355147,87.60206496659289,0.04860272821215155,0.009145112069000068,81.18395323595513
1.224,post_correction,0.044599421174849906,0.05823735763899479,-30.57872973435688,0.045601003787512945,0.0516787531326337,-13.32810429665375
1.228,post_correction,0.04151934444802094,0.05514058373153623,-32.806970978474965,0.04260201140675604,0.04867253144896248,-14.249374247253847
1.232,post_correction,0.03844172869025824,0.05204442663914728,-35.38523997838886,0.03960691421644419,0.045667972466361374,-15.303030720329952
1.236,post_correction,0.03536768701581089,0.04894935711110253,-38.40135231127793,0.036617256083040416,0.0426659359166592,-16.518659453623787
1.24,post_correction,0.032298752827038646,0.04585597118588368,-41.97443298025958,0.0336351288561251,0.039667542518054,-17.93486116177127
1.244,post_correction,0.029237098363672342,0.04276503531806839,-46.26976585065217,0.03066343487888795,0.036674279795200174,-19.60264706173132
1.248,post_correction,0.0261859036388047,0.03967755238301581,-51.522563171041135,0.027706313317348765,0.03368816328090478,-21.590205434551194
1.252,post_correction,0.023150009958120287,0.03659486066898003,-58.07708391997351,0.024769860141092757,0.030711989600211303,-23.989354099180638
1.256,post_correction,0.020137145573397207,0.033518786629605946,-66.45252182060483,0.021863399605306987,0.02774974770795949,-26.92329742362523
1.26,post_correction,0.017160386711506385,0.03045188839134013,-77.45455800784214,0.019001846562670666,0.02480731394758539,-30.552122214898983
1.264,post_correction,0.014243518720563338,0.027397858765442103,-92.35316288725673,0.016210348671405573,0.02189368107255508,-35.05990226585741
1.268,post_correction,0.011433873728611767,0.024362221884882018,-113.07058712672992,0.013533944529579452,0.019023246252727038,-40.5595110217151
1.272,post_correction,0.008836153494698414,0.021353600009591075,-141.66171425612941,0.01105851339597166,0.016220322078704788,-46.67723859351154
1.276,post_correction,0.00670387085096151,0.018386157501384122,-174.26180948499427,0.008954801208447702,0.013528574971208431,-51.07621773273942
1.28,post_correction,0.005599800349311133,0.015484648439756065,-176.52143779841953,0.007543529308646687,0.01103171199567434,-46.24072558489779
1.284,post_correction,0.060879772081121594,0.012695650108297285,79.14635736253993,0.0619769150051749,0.008897876320686919,85.64324100361566
1.288,post_correction,0.05776722755433315,0.010114289363233457,82.4913020904103,0.058928977583794444,0.007448985283337906,87.3593848243069
1.292,post_correction,0.05465473458746665,0.007947615803425862,85.45850443989092,0.05588121466558283,0.007119600905284627,87.25940202285979
1.296,post_correction,0.05154265317548137,0.0066188298373985556,87.15853874486403,0.05283411305865091,0.008051135894159497,84.76148187588203
1.3,post_correction,0.04843143417245501,0.006653100302098466,86.26284681471944,0.04978827965147533,0.009895870130633368,80.12409707685063
1.304,post_correction,0.04532165040762861,0.05839657491833237,-28.849180012436104,0.04674448040226644,0.05227529041027101,-11.832006603578378
1.308,post_correction,0.042214041457746244,0.05527073113329507,-30.92973149376802,0.043703695448475265,0.04922998451760045,-12.64490110599558
1.312,post_correction,0.03910957957116081,0.05214599350993462,-33.33304546282258,0.040667198606325464,0.04618694366377671,-13.572966042939312
1.316,post_correction,0.036009569300815114,0.04902294759898173,-36.13866689005926,0.03763667470016152,0.04314721451662455,-14.64140990234555
1.32,post_correction,0.0329158026237092,0.04590233636132576,-39.453796360603945,0.034614397216810804,0.040112161421529485,-15.882882981560751
1.324,post_correction,0.02983080882993466,0.042785117233196605,-43.42593751686189,0.031603505193216384,0.037083595050422635,-17.34013307606948
1.328,post_correction,0.026758273297094487,0.03967254573564874,-48.262727176631884,0.02860844913901966,0.034063968126454555,-19.06960758664124
1.332,post_correction,0.023703772385841156,0.03656630108428328,-54.26363571616653,0.025635736399686047,0.031056682106885298,-21.146050274044942
1.336,post_correction,0.020676134816146514,0.03346868033031451,-61.8710683980353,0.02269523065531314,0.028066584045749104,-23.667322319892286
1.34,post_correction,0.017690129560387593,0.030382908284840273,-71.75062613941975,0.01980252702448381,0.025100802635372177,-26.755552987442393
1.344,post_correction,0.01477218224296463,0.027313650951543936,-84.89922817295516,0.016983520632851124,0.02217021643677365,-30.53957960806979
1.348,post_correction,0.011973578156248695,0.02426790313572572,-102.67878840429117,0.014283644531619427,0.01929215798792212,-35.06467446186751
1.352,post_correction,0.009403302355182587,0.021256600079696715,-126.0546271595876,0.011787155988297387,0.0164956528020493,-39.94599561104171
1.356,post_correction,0.007308731069857697,0.018297712269699604,-150.35415990556984,0.009655726835910055,0.013832058781065353,-43.252382923917686
1.36,post_correction,0.006195674101629842,0.015422567917183404,-148.92477661351367,0.008182912719122536,0.011397150592945224,-39.27987483370536
1.364,post_correction,0.06182781620450463,0.012689588103226871,79.47592381193897,0.06350929629186639,0.00937358074289814,85.24061627163925
1.368,post_correction,0.05868469283181199,0.010215226338800799,82.5930309151021,0.06041426770746449,0.008079771971665284,86.62605328464987
1.372,post_correction,0.05554188436044767,0.008238050082918554,85.16785993529413,0.057319478376321155,0.007886769981317054,86.24068082138183
1.3760000000000001,post_correction,0.05239981268046051,0.007183563444800526,86.29086044905038,0.05422546872819461,0.008869574471602018,83.64315757958535
1.3800000000000001,post_correction,0.04925900559902315,0.007456479552168194,84.86270792215086,0.05113291082630834,0.010711557287487235,79.051540163882
1.3840000000000001,post_correction,0.046120132785178715,0.05853751619710681,-26.923997530030043,0.04804265056477778,0.05298342426150609,-10.284140526481718
1.3880000000000001,post_correction,0.04298405732265732,0.05538171759863069,-28.842461712981308,0.04495576706294949,0.049895216513215046,-10.987354399601449
1.3920000000000001,post_correction,0.039851911329545846,0.0522276221446052,-31.054246589884663,0.04187365793425591,0.04681004144544561,-11.788756355941263
1.3960000000000001,post_correction,0.03672520972954052,0.04907595316749124,-33.63015086613978,0.03879816442889767,0.043729167305751035,-12.70937156289964
1.4000000000000001,post_correction,0.03360602642341942,0.04592763034406015,-36.664864109176655,0.035731759681758415,0.04065424660304314,-13.776223071929275
1.4040000000000001,post_correction,0.030497276212023475,0.04278384135556309,-40.28741799143251,0.032677839840736585,0.03758747121401283,-15.02434492978891
1.408,post_correction,0.02740318335895771,0.03964614706091418,-44.677158640966525,0.02964118856682814,0.034531807840447286,-16.499403398055048
1.412,post_correction,0.024330095231160715,0.03651663976338077,-50.088355250710926,0.02662874465410304,0.031491365809871684,-18.26079756643503
1.416,post_correction,0.021287968892773318,0.03339818818962008,-56.88762210169261,0.023650921536777513,0.028471990344177436,-20.38427466728133
1.42,post_correction,0.018293252008586783,0.030294829017692995,-65.6065799753522,0.02072397619289864,0.02548225450834829,-22.960257583581573
1.424,post_correction,0.015374851309774696,0.02721241581238377,-76.9930340404869,0.017874461796683283,0.022535185015649002,-26.074761142349722
1.428,post_correction,0.012587396717520617,0.02415974007010739,-91.93595476719207,0.01514796265542275,0.019651395836839777,-29.72962954727686
1.432,post_correction,0.01004232929113779,0.02115056065864261,-110.61409206435478,0.012626618747713165,0.0168650244425515,-33.56722634558016
1.436,post_correction,0.007977413577660429,0.01820747287339235,-128.23779532227957,0.010462493196465993,0.01423534535189547,-36.06073700199744
1.44,post_correction,0.006844722468502914,0.015369690133221934,-124.54803980655205,0.008922600434583108,0.011869323826173015,-33.02538775768442
1.444,post_correction,0.0628630459230495,0.012709395057461347,79.78240654609883,0.06522534813234135,0.009959514563470885,84.73060727362748
1.448,post_correction,0.05968820153461961,0.010365930143044,82.63320073895729,0.0620787252741119,0.008811007373303184,85.80671987964038
1.452,post_correction,0.056513984994654085,0.008604355382307994,84.77482098789899,0.058932456907653516,0.008732822637901578,85.18164166889255
1.456,post_correction,0.0533408874347509,0.007830197978677306,85.32045799152557,0.055787143618658115,0.009753592310840234,82.51641565032892
1.46,post_correction,0.05016952239762384,0.008325834680633078,83.40459649058288,0.05264353015788584,0.011588813748791215,77.9862526049552
1.464,post_correction,0.047000666945417165,0.05866400970411743,-24.8152707540196,0.04950255099310405,0.053805181024945914,-8.691733952137621
1.468,post_correction,0.04383532039994654,0.05547756266175576,-26.559044522971988,0.04636539412666951,0.05067048588173716,-9.28513999752963
1.472,post_correction,0.040674790132049506,0.0522935455976422,-28.565004091902505,0.04323359222596994,0.047539774368009574,-9.960269134085415
1.476,post_correction,0.037520819972089704,0.04911284712568676,-30.894919573239395,0.040109155544045455,0.044414572684370254,-10.734250277587744
1.48,post_correction,0.03437578782892733,0.04593659933726254,-33.630680890480576,0.03699477042800462,0.04129686781182036,-11.628933857524634
1.484,post_correction,0.031243019571906214,0.042766267260470996,-36.882631213170285,0.03389410370581621,0.03818929249095273,-12.672377539222152
1.488,post_correction,0.028127305883203613,0.03960378036564705,-40.80189738078215,0.03081228340597087,0.035095405136949816,-13.900695623710096
1.492,post_correction,0.025035789253887292,0.0364517307447071,-45.59848852796707,0.027756683398965826,0.03202012520930164,-15.360054906612746
1.496,post_correction,0.021979560053581832,0.03331368022735799,-51.56663803163398,0.02473825172591348,0.028970431324290707,-17.10783625806503
1.5,post_correction,0.018976687133228372,0.030194651526080658,-59.1144508738278,0.02177385014385358,0.025956518835712445,-19.20959620932988
1.504,post_correction,0.016058321693182553,0.027101942013880193,-68.77194598353407,0.018890545691488545,0.02299378982933528,-21.721151971250478
1.508,post_correction,0.01328172241495928,0.02404652668139831,-81.04976094301271,0.016133769033856958,0.020106402675194226,-24.62309726264604
1.512,post_correction,0.010758986092787531,0.021045584963867794,-95.60937045895115,0.013583034548206826,0.017333813595730184,-27.61370468588346
1.516,post_correction,0.008715626592001357,0.01812726596643234,-107.98580314430156,0.011380448719832004,0.014743012784991981,-29.546849583358203
1.52,post_correction,0.007553846334196508,0.015340062605055362,-103.0761803508022,0.00976763964110605,0.012450481454456586,-27.466633822772167
1.524,post_correction,0.06398904524662687,0.012771624237361928,80.04092077302063,0.06712725155151333,0.01065346621780137,84.12944672756949
1.528,post_correction,0.06078148806139622,0.010584264075375788,82.58636895384252,0.0639248351505598,0.009636547169523795,84.92519042586939
1.532,post_correction,0.05757492855614595,0.009060483862604931,84.26314354212472,0.060722950988948275,0.009652752172552365,84.10361812898522
1.536,post_correction,0.05436993476461529,0.008564426483327474,84.24786323469837,0.05752226631344206,0.010700238832224202,81.398092394486
1.54,post_correction,0.051167215008797846,0.009264738361621557,81.89321353521285,0.05432360586193906,0.012525274191493473,76.94322018437825
1.544,post_correction,0.04796766444838774,0.05877926548261308,-22.539352621302655,0.05112800082972194,0.05473983294325715,-7.0642936452065745
1.548,post_correction,0.04477243131743354,0.05556175791726282,-24.09814763762476,0.047936757119592735,0.05155553675220435,-7.549070588115668
1.552,post_correction,0.04158301318961713,0.052347564453335375,-25.886895725021795,0.04475155223212887,0.04837638501077424,-8.099904020855297
1.556,post_correction,0.03840140023923302,0.04913777189364513,-27.9582816968305,0.04157457563496148,0.04520420017442444,-8.730394679989669
1.56,post_correction,0.0352302941978218,0.045933767484544336,-30.38144736067603,0.03840873675134169,0.04204135185474055,-9.457783334339846
1.564,post_correction,0.032073453228941264,0.04273735000842076,-33.248358707621165,0.03525798094326351,0.03889097474828573,-10.304032471026526
1.568,post_correction,0.028936253985751833,0.039550893308624255,-36.682838518417256,0.03212778307423712,0.03575729701976248,-11.29711918540628
1.572,post_correction,0.02582664375559544,0.036377592988143366,-40.85296305781901,0.029025942477576897,0.032646148203018,-12.47231068633785
1.576,post_correction,0.02275682541108013,0.033221848951998575,-45.98630675359096,0.025963907076648262,0.02956576748458319,-13.872567011204614
1.58,post_correction,0.019746387034167444,0.0300898770664119,-52.381683871317705,0.02295905898318027,0.02652813007871399,-15.545371864536824
1.584,post_correction,0.01682841879321391,0.02699072105453646,-60.387742818835235,0.02003880219691392,0.023551194052391422,-17.527953122958756
1.588,post_correction,0.01406202573808363,0.023937990205622716,-70.23144923417685,0.017248087843244823,0.020662822682331602,-19.7977588595373
1.592,post_correction,0.011558290031859913,0.020952963837047794,-81.2808276941648,0.014663342237749679,0.017907780364661115,-22.12618429213821
1.596,post_correction,0.009528669894300932,0.018070353703036026,-89.64193222648892,0.012416566989485327,0.015360148446664753,-23.706886611026434
1.6,post_correction,0.008329714663551837,0.015349293592761949,-84.27154125609538,0.010725454733333433,0.01314363755968453,-22.546203275052505
1.604,post_correction,0.06520663637043739,0.012894042023331604,80.22587463324922,0.06921176387632867,0.01145503998629257,83.44928759977702
1.608,post_correction,0.061965607151198504,0.010887800253910607,82.42928496231151,0.06595000779342824,0.010554073619490638,83.99685766141437
1.612,post_correction,0.0587260107512102,0.009617909782035187,83.62240230690796,0.06268904611930955,0.010645788324777495,83.01810446355098
1.616,post_correction,0.05548849996729113,0.009390197392321466,83.07721888705458,0.05942961981070639,0.01170969111964376,80.29654041715031
1.62,post_correction,0.05225388704535696,0.010276103611790743,80.33427905014804,0.056172641365253836,0.013520592928864627,75.93028812558576
1.624,post_correction,0.04902319587383614,0.058885143387479744,-20.116900454682433,0.052919247209238,0.05578385713107862,-5.413172093159619
1.6280000000000001,post_correction,0.04579773590376284,0.05563656676920046,-21.483225472351872,0.04967087030858133,0.05254773502521164,-5.791854861325618
1.6320000000000001,post_correction,0.042579208995903325,0.05239237936063678,-23.046859244561375,0.04642934259299942,0.04931816918567753,-6.221984700497756
1.6360000000000001,post_correction,0.03936986741169793,0.04915390547341739,-24.85159007371293,0.043197042255666215,0.04609731963364639,-6.7140647288177275
1.6400000000000001,post_correction,0.03617275344382883,0.04592283855842184,-26.954224343837996,0.03997711015736769,0.04288798976122733,-7.281365742548982
1.6440000000000001,post_correction,0.032992073387555575,0.04270137847009816,-29.429205520029186,0.03677377532700906,0.039693879859282855,-7.940725439003481
1.6480000000000001,post_correction,0.029833800162053087,0.03949243370144108,-32.374801355923914,0.03359285741238047,0.036519967073748834,-8.713488184216196
1.6520000000000001,post_correction,0.026706679853309906,0.0362999266347482,-35.92077650284692,0.030442564578828532,0.03337308892949802,-9.626404316499475
1.6560000000000001,post_correction,0.023623981141611298,0.033129266786218005,-40.235748528702004,0.027334799868979135,0.03026286327859188,-10.71185237736331
1.6600000000000001,post_correction,0.020606669170123746,0.029988106479457786,-45.526218875467606,0.024287369065098176,0.027203178793857908,-12.005457326169822
1.6640000000000001,post_correction,0.01768941637916845,0.02688758693966147,-51.998157335055126,0.021327827322551986,0.024214675370009233,-13.535593681428121
1.668,post_correction,0.014932375922082715,0.023844464357158642,-59.68299004511601,0.01850033341513414,0.021328965050098604,-15.289625173190185
1.672,post_correction,0.01244416321601237,0.020884862252410184,-67.82857866679898,0.015877838886146658,0.018595877686384866,-17.11844300555087
1.676,post_correction,0.010421152150605496,0.018051081104315612,-73.21579076327752,0.01358224754714915,0.016095560445420702,-18.50439619471584
1.68,post_correction,0.009178569463506451,0.015414039256316663,-67.93509399914811,0.011808815461105108,0.013956237685471308,-18.184907973532155
1.684,post_correction,0.06651255239286302,0.01309474623070046,80.3123684784264,0.07147117487834952,0.01236954328370662,82.69296215605702
1.688,post_correction,0.06323764182889767,0.011292574670699568,82.14263792243561,0.06814772216456988,0.011568248162686473,83.02474712984491
1.692,post_correction,0.0599646748406361,0.010285101318214208,82.84806622307516,0.06482544649125652,0.01171762965367257,81.92433637113011
1.696,post_correction,0.0566943970058294,0.010310014607325507,81.81475568694131,0.061505171249230224,0.012787133376550498,79.20966137183052
1.7,post_correction,0.053427733671770235,0.011362308285704503,78.73331413324006,0.05818790629776346,0.01457798547421708,74.94670902984973
1.704,post_correction,0.05016584791308246,0.05898128588849217,-17.572588408519213,0.05487490378692015,0.05693328925502863,-3.75105070999525
1.708,post_correction,0.046910222191513085,0.05570219902833292,-18.742134285627973,0.05156773505436612,0.05364463336622749,-4.027515091891795
1.712,post_correction,0.04366277568246563,0.05242880879741024,-20.076673958373505,0.04826839833813985,0.05036425986399475,-4.3420987602955865
1.716,post_correction,0.04042603654201925,0.049162723909718396,-21.611535819540816,0.04497947244322359,0.04709471282027775,-4.702679382743263
1.72,post_correction,0.03720340101360209,0.045906004817168694,-23.391957634155034,0.04170434041352197,0.04383928591238284,-5.119240533938876
1.724,post_correction,0.03399953374945334,0.04266133244616699,-25.476227881662993,0.038447522340190166,0.04060231364970028,-5.604499791804939
1.728,post_correction,0.030821005034128397,0.03943225687869664,-27.939555621346294,0.03521518257957273,0.037389604821904406,-6.174672635640387
1.732,post_correction,0.027677339069552876,0.03622357258770374,-30.878089460385866,0.03201592307816632,0.034209102286151837,-6.850276353522293
1.736,post_correction,0.024582801298061993,0.03304189941249999,-34.41063535385155,0.02886205870894315,0.031071911120464403,-7.656600084582711
1.74,post_correction,0.021559561643969934,0.029896607542253543,-38.669830286718394,0.025771725291568074,0.02799393871547744,-8.622680083573702
1.744,post_correction,0.01864349239098355,0.02680133436421155,-43.757048315547,0.02277245348037445,0.024998566454365104,-9.775463921395835
1.748,post_correction,0.01589503423295307,0.023776546927251684,-49.584748159641705,0.019907327495742297,0.022121060558128833,-11.12019211448649
1.752,post_correction,0.013419163862206072,0.020853985939852805,-55.40451069821328,0.017245505519479128,0.01941581216446381,-12.584766752898496
1.756,post_correction,0.011396814025771146,0.01808448081545864,-58.680143192342626,0.014898862133192444,0.01696760079570579,-13.885212468034748
1.76,post_correction,0.010106139001482427,0.015551408071215462,-53.88080521091478,0.013041524428673998,0.014906103821211538,-14.297250315599205
1.764,post_correction,0.06789798607694686,0.013391224625112138,80.27743472400456,0.07389888560795542,0.013413583257095876,81.84873405499383
1.768,post_correction,0.0645893013878986,0.011812135680426447,81.71193150164717,0.070513300762649,0.012695236480098699,81.9959690685429
1.772,post_correction,0.06128316019720705,0.011067664600030657,81.94012096566937,0.06712945032651964,0.012884046782969612,80.80716180409459
1.776,post_correction,0.05798040916593793,0.011325477958282818,80.46671604908877,0.06374825232359092,0.013945787071835703,78.12365584385617
1.78,post_correction,0.05468209610205959,0.012525476207500285,77.09400864201965,0.06037082754362967,0.015706667319837643,73.9830180255745
1.784,post_correction,0.05138953372953998,0.05906424149371978,-14.934379059695937,0.056998558890097514,0.0581905158384471,-2.0912054121366017
1.788,post_correction,0.04810438902888451,0.05575598959905825,-15.906242080279418,0.05363317257263581,0.05485097098051533,-2.2706066963132705
1.792,post_correction,0.044828810760558314,0.052455025025135944,-17.011859416282785,0.050276850951020025,0.05152184081689588,-2.4762685854942026
1.796,post_correction,0.041565615274391204,0.0491632967695207,-18.278765862057302,0.046932392088318,0.04820610793713636,-2.713937628453845
1.8,post_correction,0.03831856346554981,0.04588330454112415,-19.74171365368486,0.04360343960860536,0.04490762097843327,-2.9910057131605714
1.804,post_correction,0.035092784062184544,0.042618305061415986,-21.4446394047739,0.04029482063395461,0.04163142473764391,-3.317061802635257
1.808,post_correction,0.03189543861098085,0.039372615946991485,-23.44277947454349,0.03701305362774101,0.03838424713029225,-3.704621392068943
1.812,post_correction,0.028736797874891418,0.03615207357913001,-25.804112679922618,0.033767129581855224,0.03517523209112365,-4.170039108165923
1.816,post_correction,0.025632040264421344,0.032964740007582476,-28.60755393451576,0.03056974308685929,0.03201706509801051,-4.7344919027905155
1.82,post_correction,0.022604353464435865,0.02982202275952162,-31.930439003449216,0.027439278898068468,0.028927734337082157,-5.4245428407321095
1.824,post_correction,0.01969043128111354,0.02674049547486868,-35.804518921418165,0.0244030831570215,0.025933325852711697,-6.270694099773622
1.828,post_correction,0.016950326948357162,0.023744929445446834,-40.08537721892267,0.02150290484263875,0.023072473449204642,-7.299332895030755
1.832,post_correction,0.014484513761155915,0.020873423373063058,-44.108554261867646,0.018803808965869185,0.020403285099917155,-8.50612839638597
1.836,post_correction,0.012458659743874214,0.01818604205363476,-45.97109502550333,0.016407641767186676,0.01801324986934065,-9.785733531585256
1.84,post_correction,0.011117860850288305,0.01577852599359258,-41.92052055754428,0.014468312334278985,0.016030052471799047,-10.794210834251318
1.844,post_correction,0.06934737176871211,0.013799706885434188,80.1006057858125,0.07650276324031341,0.014622716804001628,80.88602792285006
1.848,post_correction,0.06600577029879073,0.012457312412836144,81.12693427188991,0.07305739302738169,0.01396903422507841,80.87936942967173
1.852,post_correction,0.0626674203876919,0.01196921283261564,80.90042200785014,0.06961456254291423,0.01417621636003805,79.63613381711758
1.856,post_correction,0.05933327880204312,0.01243807707507311,79.03692948341696,0.06617530235986306,0.015211478790746375,77.0133595944512
1.86,post_correction,0.05600452588237175,0.013767966413404473,75.41633252583583,0.06274086433699304,0.01692562651429951,73.02296247723211
1.864,post_correction,0.05268263512845203,0.05912690527264051,-12.232247169253977,0.059312784705599496,0.05957755323584105,-0.4463936932918305
1.868,post_correction,0.04936947009282518,0.05579191150132482,-13.008933246445789,0.05589296969092806,0.05619204266365983,-0.5350815574580515
1.872,post_correction,0.046067421709458295,0.052466142690513314,-13.889904717070959,0.052483813439636096,0.052819602653391355,-0.6397957612997487
1.8760000000000001,post_correction,0.04277960674482731,0.04915195484131384,-14.895761278256831,0.04908836304718991,0.04946371803613406,-0.7646516722982017
1.8800000000000001,post_correction,0.03951016073414289,0.04585237282411824,-16.052103995858214,0.04571055349521006,0.046128865436442915,-0.9151320849280187
1.8840000000000001,post_correction,0.0362646805352291,0.04257134111498069,-17.390641491037062,0.04235554833612954,0.0428208815158661,-1.0986357112974152
1.8880000000000001,post_correction,0.03305090992963442,0.039314092520426135,-18.95010637869295,0.039030243500582935,0.03954749980520029,-1.3252705036534742
1.8920000000000001,post_correction,0.02987983056801891,0.03608770212119068,-20.77612702334465,0.035744027732074524,0.03631914682097259,-1.60899351692812
1.8960000000000001,post_correction,0.026767446372175412,0.03290193835821696,-22.91773335695673,0.03250995426857227,0.033150141908176986,-1.969204983544358
1.9000000000000001,post_correction,0.02373777944405517,0.029770600708362866,-25.414429679598946,0.029346581255984487,0.03006052944930654,-2.432815553861015
1.9040000000000001,post_correction,0.020827999681650812,0.026713667340533338,-28.25843935492144,0.02628090548429195,0.027078893928252894,-3.036381088307251
1.9080000000000001,post_correction,0.018097216449580712,0.023760798959631926,-31.295323929125196,0.023353055728851553,0.02424664619106946,-3.8264391289655464
1.9120000000000001,post_correction,0.01564083050961606,0.020957069734496268,-33.98949449398968,0.020623634708676376,0.021624279522620284,-4.851932397362213
1.9160000000000001,post_correction,0.013609793660288385,0.01837206092435783,-34.99147292706665,0.018184259800760157,0.01929944320125327,-6.132685150299574
1.92,post_correction,0.012219794229970864,0.016112715832984004,-31.85750536997726,0.01616902598813584,0.01739394535326879,-7.575715234991548
1.924,post_correction,0.07083817440894591,0.014335331498423295,79.76326801469219,0.07932727796645515,0.01605999575973076,79.75476258428785
1.928,post_correction,0.06746558266251759,0.013237086422993946,80.37949736651696,0.07582799234573641,0.015448674887625642,79.62668612247087
1.932,post_correction,0.06409708611163899,0.012992950369725788,79.72926515396387,0.0723323815543233,0.01564715297856718,78.36770663106702
1.936,post_correction,0.06073376226282108,0.01365031412521523,77.52433964794663,0.06884161383500165,0.01662852595727178,75.84524093649702
1.94,post_correction,0.05737693585785676,0.015093154505084484,73.69473590838723,0.0653571003795421,0.01826890715480399,72.0475555850662
1.944,post_correction,0.05402825429310618,0.059158946129926296,-9.496312446050604,0.06188056240496157,0.06115497607419388,1.1725593668966299
1.948,post_correction,0.05068979194476821,0.05580109424097763,-10.08349432915154,0.05841412131474213,0.05773235446251572,1.1671267783914239
1.952,post_correction,0.04736419690810214,0.05245483292137216,-10.747856705238918,0.054960421529289094,0.05432609595640587,1.1541497594686114
1.956,post_correction,0.04405490117581667,0.049123005285707316,-11.504064189508874,0.05152280024866598,0.050940254935888205,1.1306553796886378
1.96,post_correction,0.04076642767094031,0.04580926384998103,-12.370071323751102,0.04810552570788228,0.047580007853986375,1.0924272132209407
1.964,post_correction,0.03750484839762377,0.04251837325088275,-13.367671294404245,0.044714137028741385,0.04425205472548703,1.0334143381931695
1.968,post_correction,0.034278483741257006,0.039256654006460764,-14.52272598397378,0.04135593725750534,0.04096519518723322,0.9448270216659361
1.972,post_correction,0.031098995281746804,0.03603264591351322,-15.864340912203566,0.0380407210138169,0.037731166192608405,0.8137459358250838
1.976,post_correction,0.02798313382900963,0.03285811963923208,-17.421157472965522,0.03478186629749061,0.03456587386877398,0.6209914869697861
1.98,post_correction,0.02495559346189031,0.029749648402488525,-19.21034235438728,0.031597996173088734,0.03149121653428123,0.3379316783968818
1.984,post_correction,0.022053727992839823,0.026731086579900795,-21.208924806633913,0.028515529666344547,0.0285377732094792,-0.07800501479341773
1.988,post_correction,0.019335274288605354,0.023837500450197387,-23.28503901413636,0.025572583429639917,0.025748676898492816,-0.6886025783722672
1.992,post_correction,0.01689023475368173,0.021121303783782075,-25.050386165758052,0.0228247615252285,0.02318483781210394,-1.577568670224414
1.996,post_correction,0.014855590222550676,0.01866121927984492,-25.61748809897387,0.020352989404306573,0.020930860583922187,-2.839244732733662
2.0,post_correction,0.013420799771153541,0.016572920365751264,-23.4868312496014,0.018271560388371598,0.01909857073375073,-4.526216304467667
2.004,post_correction,0.07234298836494113,0.015013692907372832,79.24651269362164,0.08247632035467094,0.01782042339156174,78.39328510907252
2.008,post_correction,0.0689428143291924,0.01416079377582927,79.46008744549732,0.07893258185888154,0.01722217990955435,78.18115218840202
2.012,post_correction,0.06554775393476901,0.014143955905603273,78.42190608136036,0.07539404097972777,0.017376093101369023,76.9529622294139
2.016,post_correction,0.06215901910598434,0.014967265469368222,75.92100762747197,0.07186203389849304,0.01826491272791693,74.58336240007263
2.02,post_correction,0.058778094366819814,0.016506601770849512,71.9170858656359,0.06833816462154542,0.01979145822567914,71.03893800004198
2.024,post_correction,0.055406818190848105,0.05914930678527944,-6.754563276924469,0.06482437597616472,0.06303679901179268,2.7575691049140434
2.028,post_correction,0.052047494727567936,0.05577442492096754,-7.160633211852878,0.06132304389775639,0.05958951389216944,2.8268818626767085
2.032,post_correction,0.04870304966127735,0.052414031723473,-7.61960921955604,0.05783710414770376,0.05616255435462496,2.8952863698057127
2.036,post_correction,0.04537725132427149,0.04907155434987153,-8.14131071800733,0.0543702247696323,0.05276059482641947,2.9604989680157883
2.04,post_correction,0.04207503009844073,0.04575139576926115,-8.737642402676888,0.05092704390347477,0.04938955389195707,3.0190050190853417
2.044,post_correction,0.03880294873115959,0.04245929737575296,-9.422862860051776,0.047513502220592495,0.0460570169145782,3.065413488679966
2.048,post_correction,0.035569908874766534,0.03920286776906885,-10.213573802207733,0.04413731406118717,0.042772829671518575,3.0914531586063947
2.052,post_correction,0.03238823413806436,0.03599236723354181,-11.127908610620054,0.040808644100470505,0.03954993961180282,3.084406542811771
2.056,post_correction,0.02927536201566746,0.032841890647904874,-12.182696939251153,0.03754109081030896,0.03640559424401444,3.0246765391875754
2.06,post_correction,0.026256526251595146,0.029771175090949047,-13.38581046737048,0.034353128106613194,0.03336304536609029,2.8820744866383974
2.064,post_correction,0.023369028273339046,0.02680837978231386,-14.717563215491749,0.03127022247217082,0.030453937286070678,2.610423340692885
2.068,post_correction,0.020668908311468906,0.023994324737642972,-16.088979524520102,0.02832790615759946,0.027721521848730477,2.140589938047047
2.072,post_correction,0.018240595742756348,0.02138869043478886,-17.258727381657334,0.025576067628660906,0.025224593525375833,1.3742304266165042
2.076,post_correction,0.016207860426143618,0.01907804765649267,-17.708612703249717,0.02308436860743075,0.023041248244683985,0.1867946378783936
2.08,post_correction,0.014736547242315564,0.017182888204526126,-16.600502967112707,0.02094741088779602,0.021269778086766316,-1.5389357696616672
2.084,post_correction,0.0738354425029991,0.01585405675703394,78.5278502849225,0.08611197740269567,0.020021380997045094,76.74959790620447
2.088,post_correction,0.0704130523926246,0.015241566497412914,78.35406081755178,0.08253547753983609,0.019398898572248913,76.49629086729891
2.092,post_correction,0.06699702199759823,0.015432064595467416,76.96604395935593,0.07896606680261768,0.019464030018049472,75.35139990357953
2.096,post_correction,0.06358871619769796,0.016398609996898406,74.21144665680156,0.07540527632166943,0.02021159193780803,73.19605082860791
2.1,post_correction,0.060189800310351295,0.018017642043958337,70.06529021353191,0.07185493103083476,0.021572093631465034,69.97826965805882
2.104,post_correction,0.0568023275894303,0.0590919641692852,-4.030885136264997,0.06831722358318534,0.06537847309759058,4.301624585221092
2.108,post_correction,0.05342885845294578,0.055708387195318745,-4.266474726164177,0.06479481106044174,0.06192043250604722,4.436124602189594
2.112,post_correction,0.050072625304176575,0.05234286346582283,-4.5338908192954115,0.06129094278463204,0.058487203437848814,4.574475802461029
2.116,post_correction,0.04673776391102498,0.04899952180069251,-4.839251389889459,0.057809631003639624,0.05508407928916101,4.71470180168944
2.12,post_correction,0.04342964354502165,0.04568366242799383,-5.190046933347572,0.05435588126918919,0.05171768982674712,4.853552883039146
2.124,post_correction,0.04015534608285704,0.04240218692071295,-5.595371618064878,0.05093600669897544,0.04839642427700462,4.985829448663671
2.128,post_correction,0.03692437334263652,0.039164220053902785,-6.066038522798482,0.047558061050104086,0.04513100974639751,5.103343681630733
2.132,post_correction,0.033749708835380636,0.03598202185699683,-6.614317867169292,0.044232440949883475,0.041935304817542374,5.1933288848874914
2.136,post_correction,0.030649434403262496,0.03287234065520208,-7.252682782632248,0.04097272904840154,0.03882738662074139,5.236025223328022
2.14,post_correction,0.027649213065115228,0.029858432330939377,-7.99017050004762,0.03779687742947975,0.0358310240785531,5.201099891371928
2.144,post_correction,0.024786088118589986,0.026973058009500315,-8.823376566914018,0.03472885979666783,0.03297762104942647,5.042603637132335
2.148,post_correction,0.022114121908110487,0.024262809393536595,-9.71635905035897,0.031800933004596736,0.030308632241830117,4.692632013503853
2.152,post_correction,0.019712022200955494,0.021793871027480045,-10.561315350099587,0.02905658798111446,0.02787819816249344,4.055499631914536
2.156,post_correction,0.01769095152095211,0.019658187200704797,-11.120010573895977,0.02655400077768817,0.025755139212305652,3.0084414475642967
2.16,post_correction,0.016195143318860804,0.017975799113699554,-10.994998684358688,0.02436904922003645,0.024022351404155005,1.4226973434662673
2.164,post_correction,0.07530029817231432,0.016883658483355938,77.57823156992019,0.09039735258328255,0.022770413886205744,74.81075138209663
2.168,post_correction,0.07186345387733918,0.01650027759501968,77.03940361232382,0.0867990405802832,0.022082584810489924,74.5589528837418
2.172,post_correction,0.06843450645941411,0.01687487153789034,75.34157487071498,0.0832099600991189,0.022013107316578958,73.54510530907939
2.176,post_correction,0.06501499872730047,0.017960835857952488,72.37431945005861,0.07963184945287974,0.022568934230380845,71.65840755245114
2.18,post_correction,0.061606805136565905,0.019641195566518978,68.11846431091554,0.07606676340476216,0.023707280821565445,68.83358807391922
2.184,post_correction,0.058212225728865585,0.058995111415975646,-1.344881899476749,0.07251714775217878,0.06831545907705319,5.794062239574707
2.188,post_correction,0.05483411299786351,0.05561422952675822,-1.4226846870398098,0.06898593520173132,0.06485839589809884,5.983160613192487
2.192,post_correction,0.05147604547744197,0.05225579616688204,-1.5147835895470554,0.06547666960823234,0.061430826613019664,6.1790604491954735
2.196,post_correction,0.04814256854431078,0.04892478233071623,-1.6247861509206682,0.06199366827416441,0.058038587511478376,6.379814056485337
2.2,post_correction,0.04483953325351295,0.04562755664613752,-1.7574299629062997,0.05854223565163747,0.05468889241376373,6.582159350393655
2.204,post_correction,0.04157458005254098,0.04237238759463884,-1.9189791961569156,0.05512894682254136,0.05139073163643822,6.780857247529797
2.208,post_correction,0.038357839091094525,0.03917016098150619,-2.1177467491912525,0.051762025973095024,0.04815540032082268,6.967705734986112
2.212,post_correction,0.035202956940137885,0.036035414548403685,-2.364737739734144,0.048451854073979055,0.0449971966226174,7.130083084306512
2.216,post_correction,0.03212861561511733,0.032987837016636434,-2.674318158653613,0.04521165102994982,0.04193433636996132,7.248827648027025
2.22,post_correction,0.0291607841664329,0.030054430911607123,-3.0645497736748206,0.04205838917045716,0.038990127617988965,7.29524266855045
2.224,post_correction,0.026336013871011376,0.02727256607353961,-3.556165360161499,0.03901400194331673,0.036194419738970064,7.227103254988361
2.228,post_correction,0.02370605704613709,0.024694048540413203,-4.167675342859716,0.0361069403241812,0.03358525429022645,6.983937191338118
2.232,post_correction,0.021343646200413048,0.022389816394013922,-4.9015532949596405,0.03337406820426265,0.031210442248163245,6.4829553977571654
2.236,post_correction,0.01934766895108398,0.020453384984929157,-5.714983219119154,0.030862713838128154,0.029128404902800095,5.619431085757187
2.24,post_correction,0.017842189844939182,0.018998180127699972,-6.478970870768301,0.028632306764272634,0.02740703937362404,4.279317767639605
2.244,post_correction,0.07674504427492643,0.018141007041166824,76.361982441264,0.09538738157447797,0.02611887919630355,72.61809815388415
2.248,post_correction,0.07330410828036582,0.01796826120354171,75.48805704747325,0.0917746020236495,0.02533123905281172,72.39842124699807
2.2520000000000002,post_correction,0.06987296105370962,0.01849968259362632,73.52383194494067,0.08817331997085706,0.025092424399824294,71.5419308152196
2.2560000000000002,post_correction,0.06645335488123155,0.01967880202665374,70.38704507571576,0.08458547486452243,0.025418999245506214,69.9487420432185
2.2600000000000002,post_correction,0.063047408810909,0.021399251217677714,66.05847627797348,0.08101333766928971,0.02629093483737664,67.54739948537767
2.2640000000000002,post_correction,0.059657709175366364,0.05889123171664352,1.2847919729363946,0.07745958323446359,0.07186948725910862,7.2167906693148876
2.2680000000000002,post_correction,0.05628744393839583,0.05552784207688518,1.3495049843478493,0.07392738153541464,0.06842047744180917,7.449072291255732
2.2720000000000002,post_correction,0.052940584324986134,0.05219230797473373,1.4134266929487627,0.07042051340140836,0.06500555488060819,7.689461861679454
2.2760000000000002,post_correction,0.04962213330150044,0.0488906014238829,1.4742048133497359,0.0669435181442755,0.061630971136467955,7.935864673795659
2.2800000000000002,post_correction,0.04633846958771736,0.04563034476559187,1.5281575512221668,0.06350188286600143,0.0583043405931494,8.184863248574269
2.2840000000000003,post_correction,0.043097829468945935,0.04242138373596289,1.5695587024178532,0.060102286267219696,0.05503499611407129,8.431110474930717
2.2880000000000003,post_correction,0.039910988690937295,0.03927659117465328,1.5895309464685645,0.05675291356340003,0.051834444038716086,8.666461712471209
2.2920000000000003,post_correction,0.036792235276104486,0.03621299758781104,1.5743476414156463,0.05346386351563534,0.04871694185222007,8.878747907971608
2.2960000000000003,post_correction,0.033760761839403755,0.03325337419529598,1.5028915713494841,0.050247673001161994,0.045700220212586504,9.050076385567802
2.3000000000000003,post_correction,0.030842646638412415,0.030428408534344687,1.343069253829281,0.04711998732467651,0.04280635955700294,9.154560543386532
2.3040000000000003,post_correction,0.028073607433923828,0.027779559781483238,1.0474166995911824,0.044100401732182826,0.04006279928636762,9.155477699126523
2.308,post_correction,0.025502611367968792,0.025362429732243043,0.5496756144032262,0.04121348321058965,0.0375033861829334,9.002143809827167
2.312,post_correction,0.023195979811507852,0.023249773472637257,-0.23190941519407943,0.03848993620052758,0.035169233155678686,8.627457908863407
2.316,post_correction,0.0212404014405429,0.02153177866734738,-1.3718065904738985,0.03596777562441101,0.033108940378948064,7.948323730986243
2.32,post_correction,0.019740871701513646,0.020309223315519993,-2.879060370787824,0.03369318228695956,0.031377456456871226,6.872980445615559
2.324,post_correction,0.07820691884514287,0.019675040720417473,74.84232723785485,0.1009428828670856,0.030032684450218426,70.24784353567222
2.328,post_correction,0.07477461837279993,0.019686506868827076,73.67220683002742,0.09731970716502641,0.02912921933592193,70.06852960775242
2.332,post_correction,0.0713544004271876,0.020342824492289587,71.49044155581116,0.09371042929059842,0.028709732725138513,69.3633537457086
2.336,post_correction,0.06794826215772753,0.02158550487021912,68.23244011728669,0.09011717340123677,0.02879633603767149,68.04567325979147
2.34,post_correction,0.06455860588309904,0.023321212652304132,63.87590417529531,0.0865424013788687,0.02938546545229869,66.04500801444848
2.344,post_correction,0.061188345763644375,0.05884265505234057,3.8335579791037904,0.08298898060936029,0.07589625067760103,8.54659242670499
2.348,post_correction,0.057841048592152895,0.05551489176336704,4.0216366843346565,0.07946026775998624,0.07245965490187935,8.81020547181215
2.352,post_correction,0.05452112142106063,0.052221562384473424,4.217739798174662,0.07596021275053728,0.06906166842537516,9.08178647131729
2.356,post_correction,0.05123406402187883,0.048969797800910625,4.419454642523142,0.07249348824132335,0.06570883448772234,9.358983707633973
2.36,post_correction,0.04798681171805006,0.04576864266557747,4.622455572805292,0.0690656513413768,0.06240900266826661,9.638146522658262
2.364,post_correction,0.04478820477795802,0.04262968548124695,4.819392309676497,0.06568334586422807,0.05917163277575557,9.913796264174252
2.368,post_correction,0.041649635120050765,0.039567918701522715,4.998162438945065,0.062354555236944,0.05600817006889701,10.177901428261436
2.372,post_correction,0.038585939714790095,0.03660290586576559,5.139265399993365,0.059088917837368526,0.05293250255728335,10.418900033047798
2.376,post_correction,0.035616630324101325,0.03376033718059307,5.211871888543385,0.05589811748679922,0.04996150591888162,10.62041412990264
2.38,post_correction,0.03276756109567651,0.031074021114680165,5.168343094109,0.05279636080671364,0.04711566831723276,10.759628888585286
2.384,post_correction,0.030073109916095627,0.02858822460687367,4.937584817016947,0.049800947764006,0.04441975980528245,10.805392668877774
2.388,post_correction,0.027578815100323457,0.02635991872902373,4.419683611735124,0.04693292772677867,0.04190346027106857,10.716287475158778
2.392,post_correction,0.02534402057286534,0.02445975231017609,3.489060704267239,0.0442178038312491,0.03960177698695434,10.439294682999542
2.396,post_correction,0.023443227726967466,0.022969469934180833,2.0208727155845314,0.041686193715878186,0.037554966735328994,9.910300299198619
2.4,post_correction,0.021963483956001627,0.02197277694608028,-0.042311092799613315,0.03937426468672631,0.03580755394879524,9.05848214895924
2.404,post_correction,0.07974979577493056,0.021538430397499777,72.99249460364085,0.1067553385401765,0.034405985782989854,67.77118010820466
2.408,post_correction,0.07634048687976679,0.02170032360492697,71.57429236847268,0.10312678498646562,0.03339463439562673,67.61788472314981
2.412,post_correction,0.07294596988303517,0.02244563185521486,69.22978487885597,0.0995148041087068,0.03281039061459961,67.02963854628243
2.416,post_correction,0.06956851957922323,0.02371947002577342,65.90488029752859,0.0959216845102111,0.03267693488102885,65.93373537184878
2.42,post_correction,0.06621085512197945,0.025442599158831618,61.57337175005666,0.09235005122302975,0.03300046530855698,64.26589387713571
2.424,post_correction,0.06287625131248675,0.058937711260930094,6.263954942196904,0.08880292756619722,0.0801345735052029,9.761338165943448
2.428,post_correction,0.059568683277804714,0.05566641073466182,6.550879301703289,0.08528381012579793,0.07671764153475301,10.044308032684503
2.432,post_correction,0.056293015972361256,0.052437363849622255,6.849254842966752,0.08179675984337788,0.07334402093564645,10.333830978044238
2.436,post_correction,0.053055254131566816,0.04925897626915886,7.155328769124204,0.07834651283954486,0.07002045615826609,10.627220509904111
2.44,post_correction,0.04986287395281453,0.046141808699871084,7.462596833998593,0.074938615311282,0.06675491801610203,10.920534441671107
2.444,post_correction,0.046725265124089956,0.04309923183592006,7.760326835043338,0.07157958756828131,0.06355685554979737,11.208128310086845
2.448,post_correction,0.0436543207380459,0.04014828642520254,8.031356927718173,0.06827712288933938,0.06043749586991331,11.482069963803538
2.452,post_correction,0.0406652218655787,0.037310791753836746,8.248891701194259,0.06504032713361543,0.05741019447028512,11.731387278626949
2.456,post_correction,0.03777746900303337,0.03461472116420042,8.372048001889697,0.06188000446887118,0.05449083229496566,11.941130640387485
2.46,post_correction,0.035016203613011346,0.03209578493737509,8.340192180488364,0.05880899236690892,0.05169824382379734,12.091260633658989
2.464,post_correction,0.032413815519686556,0.029798975271996965,8.06705475972573,0.05584254381940622,0.04905463939811493,12.155435546137102
2.468,post_correction,0.030011698484884893,0.027779466175698205,7.4378739687489865,0.05299874446129196,0.046585951366667176,12.099896251897853
2.472,post_correction,0.027861720515285033,0.02610170718533472,6.31695852732699,0.050298934028797704,0.044321985358337264,11.882853555183598
2.476,post_correction,0.02602644513785429,0.02483504224622252,4.57766277845962,0.04776807188329521,0.04229619906271451,11.45508412805385
2.48,post_correction,0.02457645880669462,0.024044492612027988,2.164535577931693,0.04543494267037474,0.040544879090174166,10.76278144704049
2.484,post_correction,0.08145128659860375,0.023777537654088243,70.80765860548624,0.11247124364257759,0.039105481862981364,65.23068422071094
2.488,post_correction,0.07807990294362487,0.024051540976100017,69.19624632030387,0.10884777325806569,0.03801400818497689,65.07598911109555
2.492,post_correction,0.07472640495791746,0.024848519120203715,66.74733765902792,0.10524390494345769,0.03730154511598276,64.55704951652733
2.496,post_correction,0.07139336594672237,0.02612053695063312,63.41321549382376,0.10166206642293506,0.036990506997688966,63.61424836300212
2.5,post_correction,0.06808383900880681,0.02780234893380248,59.16453986943041,0.0981050149175941,0.03709147051981684,62.19207494033532
2.504,post_correction,0.06480146998044269,0.0592777667943021,8.524039945093314,0.0945758925378308,0.08432024656966287,10.843826786055041
2.508,post_correction,0.0615506416360633,0.05608529245397783,8.879434944644435,0.09107829215420644,0.08093739448482021,11.134264191314088
2.512,post_correction,0.05833665871496245,0.05294402548072722,9.243987148088243,0.08761633577005086,0.07760289072704428,11.428742089017367
2.516,post_correction,0.05516598628015114,0.04986366097421629,9.611584353822458,0.08419476773092403,0.07432361013245765,11.724193633995602
2.52,post_correction,0.05204655751334154,0.04685621898162321,9.972491514713239,0.08081906539526826,0.07110756099169575,12.016353265254521
2.524,post_correction,0.04898817111365127,0.04393667331152508,10.31166848504479,0.077495570092216,0.06796408790904443,12.299389722315178
2.528,post_correction,0.04600300226852966,0.041123733496021574,10.606413781489124,0.07423164119175593,0.06490410402393029,12.565446510512478
2.532,post_correction,0.043106252803075486,0.03844078106053747,10.823190231476461,0.07103583571564104,0.061940350036043736,12.804080627708602
2.536,post_correction,0.04031696130136285,0.035916913799307656,10.913638726801706,0.06791811481133943,0.059087671577047286,13.00160238372493
2.54,post_correction,0.03765897397504274,0.03358795198720297,10.810230758112812,0.06489007611104591,0.056363296728967095,13.140344245377372
2.544,post_correction,0.0351620256901317,0.03149708070947767,10.423020030050795,0.06196520679171983,0.05378708051564538,13.197932677870543
2.548,post_correction,0.032862772235830194,0.029694535968686587,9.640806455425228,0.05915914507218689,0.051381662000723756,13.146713093931517
2.552,post_correction,0.030805419811733816,0.02823546981510659,8.342525478741667,0.056489926766758215,0.049172452842955086,12.953590741967707
2.556,post_correction,0.02904131081748334,0.027175120144336113,6.425986364306079,0.05397817728981724,0.04718734820681592,12.580693576480547
2.56,post_correction,0.02762654221822742,0.026561117050452828,3.8565273907917645,0.051647187916710406,0.045456032897842905,11.98740002815208
2.564,post_correction,0.0833865558655403,0.026424410481362078,68.31094628255053,0.11781445377372916,0.04400876715980448,62.64569774747131
2.568,post_correction,0.08006755098759955,0.026772116061816995,66.56308862754734,0.11421290014249089,0.0428746028190459,62.46080542079225
2.572,post_correction,0.07676982940470373,0.02758571506202237,64.06698402754016,0.1106342298388084,0.04207911827231445,61.96555231267684
2.576,post_correction,0.07349626258394569,0.028825571135182106,60.77954154164204,0.10708097790006382,0.04164195441853769,61.11171635227206
2.58,post_correction,0.0702502277990267,0.030439424824154484,56.66999840735575,0.10355599753268513,0.041574614289343725,59.853011626659644
2.584,post_correction,0.06703571851673194,0.05996077308161064,10.553993589783659,0.10006250887486941,0.08827277847014256,11.782365380694374
2.588,post_correction,0.06385748238635235,0.056869453180182224,10.943164285574163,0.09660415589634377,0.08494515637147153,12.068838464239933
2.592,post_correction,0.06072119410537505,0.05383907339726427,11.333967998336137,0.09318507271762137,0.08167113360123152,12.355990912064355
2.596,post_correction,0.05763367210754166,0.05088047522285769,11.717450298989846,0.08980996073307766,0.07845764086387848,12.640379504161213
2.6,post_correction,0.0546031497228334,0.04800687158690635,12.080398602296537,0.08648417796016092,0.075312639648955,12.917435968868324
2.604,post_correction,0.05163961276295837,0.04523439001383267,12.403700195289291,0.08321384195433543,0.07224527982659422,13.181174994612478
2.608,post_correction,0.04875521546087036,0.042582698148967764,12.660219534577783,0.08000594733737196,0.06926607214891535,13.423846033805855
2.612,post_correction,0.0459647834990018,0.0400756751584054,12.812218164204547,0.07686849835176937,0.06638707034270323,13.635531113279352
2.616,post_correction,0.043286403113984406,0.03774203817984016,12.808560044927924,0.07381065568213514,0.06362205251359095,13.803702289844592
2.62,post_correction,0.04074207323024423,0.03561574339207228,12.582398075821283,0.0708428948053506,0.06098668430807189,13.912772091484737
2.624,post_correction,0.03835835462199219,0.03373585567422296,12.050826979734403,0.06797716999341256,0.05849863630787915,13.943701519866075
2.628,post_correction,0.03616687586994229,0.03214545016366984,11.119085100780282,0.06522707338136231,0.05617761561227677,13.873775565824012
2.632,post_correction,0.034204444497769396,0.030889068275915744,9.692822878821671,0.06260797182577695,0.05404525785365565,13.676715156896128
2.636,post_correction,0.03251237844872134,0.030008468433015432,7.701405234486565,0.060137095407924536,0.05212481446862825,13.323358710538036
2.64,post_correction,0.031134583980982917,0.029537036980248454,5.131101162971209,0.05783354070922279,0.05044056735377945,12.783193393975223
2.644,post_correction,0.08561585667536424,0.02949414370375901,65.55060610373373,0.1226334242034984,0.04901691837999323,60.02972378993972
2.648,post_correction,0.08236236317177402,0.029881366806575018,63.71963399804984,0.11907431165597432,0.047877144310412734,59.7922140849843
2.652,post_correction,0.0791337290054876,0.030682152379906135,61.22746549985221,0.11554138968457263,0.04704188244798637,59.285687513011176
2.656,post_correction,0.0759330967593237,0.03186506071813092,58.035346801237544,0.11203726479112372,0.04652750847901606,58.47139916726863
2.66,post_correction,0.07276412632085821,0.03338922795677389,54.11306416359363,0.10856484660841746,0.0463446552412951,57.311545413539214
2.664,post_correction,0.06963109799173901,0.06106754917100713,12.29845437989195,0.10512739006112196,0.09191189516925802,12.570934067877397
2.668,post_correction,0.06653903831862333,0.05809794610374672,12.685924576270997,0.10172854363802851,0.08866345757577268,12.8430876871138
2.672,post_correction,0.06349387350524736,0.055199193159743504,13.063749126627716,0.09837240450627784,0.08547377342397072,13.11204208847407
2.676,post_correction,0.06050261587167321,0.05238295735318428,13.420342908331142,0.09506358117514373,0.08234974176457581,13.374037936929946
2.68,post_correction,0.05757358908129728,0.04966316883843503,13.739668429724393,0.09180726431921485,0.07929918115213844,13.624284809953242
2.684,post_correction,0.0547166972960445,0.04705642994383665,13.99987157624299,0.08860930615511008,0.07633094619320537,13.856738636923208
2.688,post_correction,0.051943741229221234,0.04458243526728201,14.171689962520603,0.08547630837080046,0.07345504826923518,14.063850358881265
2.692,post_correction,0.049268778883805334,0.04226434546127188,14.216779025623095,0.08241571794781494,0.07068277403423943,14.236294005234196
2.696,post_correction,0.04670851847692896,0.040129012748773216,14.086307899929649,0.0794359291829112,0.06802679149435355,14.362691801951083
2.7,post_correction,0.04428271269041969,0.03820689781767101,13.720511919007041,0.07654638866890974,0.06550122847917453,14.429368101883219
2.704,post_correction,0.04201449349492113,0.036531458600903385,13.050341531977663,0.07375769777721923,0.06312170219609334,14.420183793224252
2.708,post_correction,0.03993054299046041,0.03513776635213582,12.00278353206868,0.07108170414642768,0.06090527184511678,14.316528315567036
2.712,post_correction,0.03806094060448858,0.034060173752785756,10.511476564063177,0.06853156973235934,0.05887028023491929,14.09757508133973
2.716,post_correction,0.03643847536647551,0.033329087573746176,8.533254373178472,0.0661217981851325,0.057036047299964414,13.740931333611282
2.72,post_correction,0.035097199368393596,0.03296728655153678,6.068611898346755,0.06386819907319101,0.055422381826314246,13.223822449100396
2.724,post_correction,0.08817861654627993,0.032986631236214786,62.59112182951749,0.12688167022356137,0.054048891640780757,57.4021278679983
2.728,post_correction,0.08500188662450793,0.03338615895916197,60.72303770545253,0.12338541554087562,0.052934100233727244,57.09857603373632
2.732,post_correction,0.08185361525436836,0.03415222572148465,58.276460220659565,0.11991845735784273,0.05209441903780295,56.55846465540281
2.736,post_correction,0.07873716321904539,0.03526064495068361,55.21727795477071,0.11648343750555012,0.051543072798471964,55.75072825609557
2.74,post_correction,0.0756564027458357,0.03668009107430173,51.51753223381918,0.1130832827970031,0.051289116657278824,54.64482867078734
2.744,post_correction,0.07261580915007429,0.06265378596451208,13.718807656572142,0.10972124079004414,0.09522724278895218,13.209837855212358
2.748,post_correction,0.06962056972889039,0.05982307356261965,14.072703231851143,0.10640091995672199,0.09208037839153176,13.459039236704944
2.7520000000000002,post_correction,0.06667671259193397,0.0570725521728686,14.404070095422204,0.103126334596177,0.08899699113746275,13.701004223646711
2.7560000000000002,post_correction,0.06379125799101144,0.05441425491207268,14.699511146590076,0.09990195473961863,0.08598385314924631,13.9317610217418
2.7600000000000002,post_correction,0.0609723940978472,0.0518622231645881,14.941468295700009,0.09673276113815335,0.08304853887238141,14.146419583979608
2.7640000000000002,post_correction,0.05822967771175612,0.04943276185846584,15.107272097290437,0.0936243051672584,0.08019950564270471,14.339011115297989
2.7680000000000002,post_correction,0.055574257497445344,0.047144652540636586,15.168182781742521,0.09058277308669455,0.07744617107336949,14.502318228602189
2.7720000000000002,post_correction,0.05301911225678701,0.045019265990675704,15.088608476440944,0.08761505351285236,0.07479898093627933,14.627706156331936
2.7760000000000002,post_correction,0.05057928838419952,0.04308048925197656,14.825829646439855,0.08472880613411915,0.07226945857663278,14.704972400725424
2.7800000000000002,post_correction,0.04827210789826338,0.04135435613178576,14.33074308886042,0.08193252856611141,0.06987022377624179,14.722241582153226
2.7840000000000003,post_correction,0.04611730048924938,0.03986825868903726,13.550320018555423,0.07923561674476623,0.06761496561767293,14.665943933428002
2.7880000000000003,post_correction,0.04413699044896435,0.038649641681113046,12.432539491328331,0.07664841235779352,0.0655183508321693,14.52092898372021
2.7920000000000003,post_correction,0.04235544589269838,0.037724166744162325,10.934318010176908,0.07418222854218649,0.06359584726815903,14.270778166238452
2.7960000000000003,post_correction,0.04079848260227292,0.03711348777301102,9.032185988840212,0.071849342556982,0.061863442858335047,13.898387018263072
2.8000000000000003,post_correction,0.03949242444007627,0.03683297232555648,6.73408166813132,0.06966294167751269,0.06033724547067783,13.386882583864834
2.8040000000000003,post_correction,0.09109298733174825,0.036889851122029915,59.503083384803155,0.13057502551817457,0.0590329598841758,54.790007009449845
2.8080000000000003,post_correction,0.08800208674775738,0.037282272554267706,57.63478579646545,0.1271590537378642,0.0579652555409351,54.41515657986156
2.8120000000000003,post_correction,0.08494310535431664,0.03799953246416946,55.2647241872487,0.12377512553565864,0.05714706149566899,53.82993049018934
2.816,post_correction,0.08191955023232818,0.03902341291351857,52.36373636958931,0.12042588465144556,0.0565888491629948,53.00939716840559
2.82,post_correction,0.07893541691455025,0.04033025968856155,48.907269683239704,0.11711423935539257,0.05629798242949203,51.929003049192616
2.824,post_correction,0.075995266777932,0.0647476325080013,14.80044053637939,0.1138433922078686,0.09824012199150282,13.705907662937078
2.828,post_correction,0.07310431636607558,0.06206838978374386,15.096135400635507,0.11061687283913722,0.09521274139606141,13.925661653332961
2.832,post_correction,0.07026853965537974,0.05947739249573282,15.35701070859063,0.10743857382112673,0.09225288418216385,14.134299347872364
2.836,post_correction,0.06749478377456643,0.056986531113135515,15.568984851523684,0.10431278958913623,0.08936710438367601,14.327759102529797
2.84,post_correction,0.0647908977328513,0.054609349807466366,15.714472683132033,0.10124425819986221,0.08656264000910939,14.501185994933591
2.844,post_correction,0.06216587207375361,0.052361161160063466,15.771854534683971,0.09823820546483929,0.083847463534818,14.648824112704208
2.848,post_correction,0.0596299847407872,0.05025909205063818,15.715068066652185,0.09530039065281437,0.08123032477286639,14.763912071678869
2.852,post_correction,0.05719494444580105,0.04832201499873236,15.51348555898475,0.09243715248534717,0.07872078055633144,14.838592016548763
2.856,post_correction,0.054874017092621574,0.04657030825920453,15.132314478455726,0.08965545353089577,0.07632920402872793,14.863847069353715
2.86,post_correction,0.052682113090579186,0.04502538350501468,14.533831572776668,0.08696292031122459,0.07406676459037004,14.829487872189132
2.864,post_correction,0.05063580388808841,0.04370892991717124,13.67979460981096,0.08436787545877099,0.07194536799377639,14.724215108468918
2.868,post_correction,0.04875322586978607,0.042641856889643906,12.535312014972884,0.08187935711656465,0.06997754510166455,14.535790746325109
2.872,post_correction,0.04705382154174135,0.041842979446986076,11.074216554616603,0.07950711950617474,0.06817627800620135,14.251354558371851
2.876,post_correction,0.04555786642387008,0.04132757453728288,9.28553555873007,0.0772616073201913,0.06655475427231897,13.857921701655098
2.88,post_correction,0.04428574198206263,0.04110601874969215,7.180015711734908,0.07515389552868425,0.06512604472940255,13.343088510234757
2.884,post_correction,0.0943584791868621,0.04118276059217256,56.35499750836744,0.13375575715746812,0.06390270796434887,52.22433088310552
2.888,post_correction,0.09136018723678598,0.041555848750259874,54.514269281699214,0.13043310726187726,0.06289633532876121,51.778856879886334
2.892,post_correction,0.08839699255451289,0.04221712625496217,52.24144505942597,0.12714481249542686,0.06211706275556172,51.144634581300004
2.896,post_correction,0.08547246797107874,0.04315304539590932,49.51234424339896,0.12389348980372485,0.06157308772625742,50.30159548834807
2.9,post_correction,0.08259063762286979,0.04434592121043742,46.30635809723087,0.12068199891692792,0.061270238178978864,49.23001049961515
2.904,post_correction,0.07975603907984187,0.06735139972656902,15.553228942143004,0.11751346666935136,0.10097740222978986,14.07163358229331
2.908,post_correction,0.07697379282741544,0.06483105269553795,15.7751615008799,0.11439131325251863,0.09808178509705363,14.25766318414558
2.912,post_correction,0.07424967902315119,0.06240519733467475,15.952232850438733,0.11131928030893996,0.09525693312178099,14.429079259748878
2.916,post_correction,0.07159022084209016,0.06008512385303277,16.070766165723544,0.10830146065739836,0.0925091064764307,14.581847820986752
2.92,post_correction,0.06900277278141789,0.0578833866920993,16.11440474217144,0.10534232928071441,0.08984513522006128,14.711269597387082
2.924,post_correction,0.06649561089563842,0.05581381384061063,16.06391295779258,0.10244677499307037,0.08727244597889447,14.811914787168567
2.928,post_correction,0.0640780199439295,0.053891444014121596,15.897145290571583,0.0996201319244157,0.0847990788437051,14.877568212774198
2.932,post_correction,0.06176036972882661,0.05213236232070634,15.589296907376525,0.09686820960296406,0.08243368999507171,14.901193763212355
2.936,post_correction,0.059554169428534275,0.05055340363039073,15.113577914883983,0.09419731997442019,0.08018553464752853,14.874929913819873
2.94,post_correction,0.05747208456429542,0.04917169758014593,14.442467237922518,0.09161429916510627,0.07806442409946676,14.790131223096601
2.944,post_correction,0.055527896779352263,0.04800404326423137,13.549682144486692,0.0891265211829804,0.0760806501822762,14.637473590964573
2.948,post_correction,0.0537363826843267,0.04706612733155192,12.412922157338096,0.08674190008048331,0.07424487048619317,14.407143010119436
2.952,post_correction,0.05211308612701667,0.04637163523237171,11.017292049546185,0.08446887642707218,0.07256794872385527,14.08912750661695
2.956,post_correction,0.05067396052527866,0.04593134502753405,9.359078012816383,0.08231638334347025,0.07106074680560634,13.673628603068066
2.96,post_correction,0.04943486688757885,0.04575232406453616,7.4492823686918435,0.08029378696390045,0.06973386889067947,13.151600481826389
2.964,post_correction,0.09795975622129265,0.04583735628567132,53.20797227983703,0.13647161245318623,0.068597362879964,49.735068233699586
2.968,post_correction,0.09505862799034026,0.046184702219273614,51.41450787195578,0.133250726673016,0.06766039120405815,49.22324786258764
2.972,post_correction,0.09219538413172339,0.04678823713178134,49.25099822249991,0.13006605849266892,0.0669308895425034,48.5408489207998
2.976,post_correction,0.08937358451785886,0.04763794144215057,46.69796260366906,0.12692017520546728,0.06641523803632611,47.6716464275215
2.98,post_correction,0.08659719363360896,0.04872065456386849,43.73876043835251,0.12381586488435474,0.0661179731140873,46.599756682358795
2.984,post_correction,0.08387062804048123,0.07044575865300644,16.00663987039075,0.12075615593098697,0.10345967786392905,14.323475216404688
2.988,post_correction,0.08119880766458061,0.0680867156245458,16.148133719153595,0.11774433773853465,0.10070259330052342,14.473515045669934
2.992,post_correction,0.07858721024991137,0.06582636449445775,16.237814925448397,0.11478398228299973,0.09801869204786269,14.605949281148167
2.996,post_correction,0.07604192777018819,0.06367505989690671,16.2632224562432,0.11187896635182727,0.09541388674357988,14.716867830606725
3.0,post_correction,0.07356972282961262,0.06164405384010143,16.21002299700248,0.1090334939816184,0.09289455470125262,14.801817946957291
3.004,post_correction,0.0711780820582842,0.059745440489650324,16.06202532862891,0.10625211850334115,0.09046754675594158,14.855771319894403
3.008,post_correction,0.06887526218276076,0.05799203930152466,15.801352381581394,0.10353976337858985,0.08814018577582323,14.873104882863743
3.012,post_correction,0.06667032281664023,0.056397200808775035,15.408837956460486,0.10090174075069276,0.08592025144355908,14.847602425561544
3.016,post_correction,0.06457313811782348,0.05497452184654623,14.864720146886958,0.09834376632938541,0.08381594748931034,14.772485722599487
3.02,post_correction,0.06259437744686179,0.053737463423375646,14.149695842897454,0.09587196888216505,0.08183584731532668,14.640485358228092
3.024,post_correction,0.060745443336012686,0.052698875654520014,13.246372467780308,0.0934928922322774,0.07998881402022481,14.443962412139872
3.028,post_correction,0.05903835394583306,0.0518704499475043,12.141097302450568,0.09121348728715405,0.07828389136338844,14.175092202166613
3.032,post_correction,0.05748555747331501,0.05126213699738594,10.826059186810543,0.08904109128208142,0.0767301633639899,13.826119762044026
3.036,post_correction,0.056099668580059256,0.05088158608649634,9.301449769023586,0.08698339118080936,0.0753365821304351,13.389693011812376
3.04,post_correction,0.054893122713083116,0.05073367124661672,7.577363540068818,0.08504836810694653,0.07411176620640304,12.859273074811904
3.044,post_correction,0.10187049567386501,0.05082016794083967,50.11296685593959,0.1387666801700614,0.0730637750973095,47.34775307172561
3.048,post_correction,0.09906904349404617,0.05113962775147566,48.37981073820599,0.13565186917801814,0.07219986940897571,46.775617729065964
3.052,post_correction,0.09630780676784602,0.0516874704239372,46.330965101788685,0.132574715720227,0.07152626967889107,46.04833260224878
3.056,post_correction,0.09359026363765707,0.05245627931314993,43.951136288878274,0.12953772073640754,0.07104792983175932,45.15270962939618
3.06,post_correction,0.09092024555906017,0.05343625668331107,41.22732912264317,0.12654358457173723,0.07076834252052772,44.07591442898527
3.064,post_correction,0.08830197181982324,0.07399501799810894,16.20230389747931,0.12359522246126385,0.1056986997232344,14.479947025167926
3.068,post_correction,0.08574008542538478,0.07179534982407912,16.263962803537268,0.12069578053120211,0.10308220053347279,14.593368484141731
3.072,post_correction,0.08323968948252913,0.06969656463959778,16.27003287388989,0.11784865208866857,0.10054053723130359,14.686731286788474
3.076,post_correction,0.08080638278835899,0.06770789268774327,16.20972211430641,0.11505749388099731,0.09807924477543718,14.756317500814458
3.08,post_correction,0.0784462927879409,0.06583915284715444,16.071046180431455,0.11232624189430299,0.09570422943199057,14.797977909697574
3.084,post_correction,0.07616610339057342,0.06410066732653998,15.840952243759792,0.10965912612618073,0.09342176498465318,14.807122503277848
3.088,post_correction,0.0739730743341396,0.0625031299318413,15.505566728899305,0.10706068360804653,0.09123847905399872,14.778725504848765
3.092,post_correction,0.07187504788577362,0.061057421174129586,15.05060104980492,0.10453576876906813,0.08916132709281685,14.707350275689118
3.096,post_correction,0.06988043772906886,0.05977436661201644,14.461945925745827,0.10208956002908666,0.08719755150894447,14.587200215084932
3.1,post_correction,0.06799819403126024,0.05866443999695365,13.726473426655511,0.09972756128964716,0.08535462342937428,14.412202278293307
3.104,post_correction,0.06623773809547923,0.05773741997245461,12.833044073412843,0.0974555967731342,0.08364016493735693,14.17612973828282
3.108,post_correction,0.0646088599472251,0.057002017638674886,11.773682920212119,0.0952797974602321,0.08206185026686387,13.872770036990413
3.112,post_correction,0.06312157300957996,0.05646550087950214,10.544845149957892,0.09320657722444259,0.08062728549074402,13.496141697605177
3.116,post_correction,0.06178592203792344,0.056133347986461364,9.148644003390606,0.0912425966976763,0.07934386771832419,13.040761015140134
3.12,post_correction,0.06061174399227429,0.05600896563888026,7.593872161112394,0.08939471297038588,0.07821862669077867,12.501954431365037
3.124,post_correction,0.10605680561949707,0.056093503078647716,47.10994475932461,0.1406788913743199,0.07725805380749601,45.08198561081424
3.128,post_correction,0.10335575556252512,0.05638578500582858,45.44494914778309,0.1376710747432457,0.0764679258134198,44.45606968927116
3.132,post_correction,0.10069677281642768,0.0568823716856096,43.511226730863214,0.13470198055351892,0.07585313231441167,43.688183349112535
3.136,post_correction,0.09808319959775338,0.05757773885522279,41.29704262161772,0.1317740324762096,0.0754175176011807,42.76754214469643
3.14,post_correction,0.0955186798157355,0.0584645557306353,38.79254210441464,0.1288898334981307,0.07516374760535358,41.683726663791774
3.144,post_correction,0.09300718291321575,0.0779523868949631,16.186702517697107,0.12605217802392282,0.10769902621840673,14.55996405078613
3.148,post_correction,0.09055302753517853,0.07590680123313054,16.174198368307618,0.12326406407501946,0.105221471486606,14.637350085611807
3.152,post_correction,0.08816090416796706,0.07396251610839767,16.105084440284493,0.12052870534489744,0.10281974221110562,14.692734882629788
3.156,post_correction,0.08583589559592604,0.07212757996506709,15.97037642082874,0.11784954279597709,0.10049898654079983,14.722633489732583
3.16,post_correction,0.08358349366878465,0.07041039169599567,15.76041081148137,0.11523025539581441,0.09826464362411977,14.723226737125584
3.164,post_correction,0.08140961046699745,0.0688196085934926,15.46500689695437,0.11267476948841083,0.09612243137033205,14.690367855406416
3.168,post_correction,0.07932058150810105,0.06736402225317574,15.073716086794171,0.11018726618113672,0.09407832528314247,14.619603023377294
3.172,post_correction,0.07732315818455507,0.06605240058317857,14.5761733819452,0.10777218600105522,0.09213852670879058,14.506209693205596
3.176,post_correction,0.07542448621253958,0.06489329659519438,13.96256063007076,0.10543422994061893,0.09030941889563401,14.345256804648061
3.18,post_correction,0.07363206657701851,0.06389482807799772,13.224182006131425,0.10317835587901787,0.08859750946611164,14.131690981782121
3.184,post_correction,0.0719536953838706,0.06306443635611748,12.35413828341854,0.10100976924276903,0.08700935829671651,13.860452361200464
3.188,post_correction,0.07039737930233994,0.062408636632652205,11.348068278760767,0.09893390667273758,0.08555149042170818,13.526622672747528
3.192,post_correction,0.06897122404000144,0.06193277617288968,10.204904965916885,0.09695641141470521,0.08423029443878564,13.125606435129896
3.196,post_correction,0.0676832946646454,0.06164081893008364,8.927573287471873,0.09508309917145875,0.08305190798742444,12.653343537255813
3.2,post_correction,0.06654144864767686,0.061535175338274614,7.52354120799116,0.0933199132742045,0.0820220931395926,12.106548043411905
3.204,post_correction,0.11048002087343042,0.061616593420037905,44.22829310411887,0.14224038583117604,0.08114610588590232,42.95143013587297
3.208,post_correction,0.10787860293010625,0.061884122154372355,42.63540639799848,0.13933786683422134,0.0804285651675625,42.27802750615293
3.212,post_correction,0.10532063599479184,0.06233515093228787,40.813924694330204,0.13647481522830163,0.07987332791006897,41.47394317665642
3.216,post_correction,0.10280928811222294,0.06296552111356626,38.75502664230555,0.13365357147425413,0.07948337706399802,40.53030069659679
3.22,post_correction,0.10034798021450303,0.06376969859918617,36.4514378237882,0.13087663694962942,0.07926072958652292,39.43859543317265
3.224,post_correction,0.09794040163151772,0.08226452107229323,16.005530198050476,0.12814668328849046,0.10946075278867252,14.581673142293667
3.228,post_correction,0.09559052458188014,0.08036538907146823,15.927452618350776,0.12546656153236427,0.10711779929897257,14.624424236459697
3.232,post_correction,0.09330261690481874,0.07856654047482393,15.793851146777149,0.12283931085766678,0.10485111814272983,14.643677654443831
3.236,post_correction,0.0910812521023912,0.07687488082216164,15.597470338087932,0.12026816658583818,0.10266547802856009,14.636199301096557
3.24,post_correction,0.08893131554852098,0.07529749475138242,15.330731040068708,0.11775656711489138,0.10056587125354038,14.598502896724712
3.244,post_correction,0.08685800549479063,0.07384156020573773,14.985890148989853,0.11530815933563168,0.09855749617944023,14.526867181562302
3.248,post_correction,0.08486682727718947,0.07251424188580345,14.555257675699808,0.11292680201387013,0.09664573194332601,14.417365745064146
3.2520000000000002,post_correction,0.08296357892580666,0.07132256432021988,14.031475927523811,0.11061656653417758,0.09483610433171734,14.265912147602677
3.2560000000000002,post_correction,0.08115432623321599,0.07027326664066218,13.4078614136781,0.10838173431535957,0.0931342418849975,14.068322975895795
3.2600000000000002,post_correction,0.07944536528991988,0.06937264318652488,12.678803938576698,0.1062267901291144,0.09154582155100276,13.820401200363406
3.2640000000000002,post_correction,0.07784317059901742,0.06862637624755158,11.84020933441036,0.10415641048984572,0.09007650359291941,13.518041597928312
3.2680000000000002,post_correction,0.07635432719509,0.06803936929286235,10.889962897561029,0.10217544624644284,0.08873185598704426,13.15735898718094
3.2720000000000002,post_correction,0.0749854457698607,0.0676155905764778,9.828380851401308,0.10028889850961348,0.08751726921588063,12.734838535003544
3.2760000000000002,post_correction,0.07374306069076579,0.06735793768731518,8.658608611630575,0.09850188710662801,0.0864378631458733,12.24750541854638
3.2800000000000002,post_correction,0.07263351199877863,0.06726813313851782,7.386919223114301,0.09681961088561207,0.08549838852607465,11.693108716283652
3.2840000000000003,post_correction,0.11509885754164995,0.0673466593485573,41.487986252003346,0.14347870017257622,0.08470312647733828,40.96466836160535
3.2880000000000003,post_correction,0.11259509611772905,0.0675927384691605,39.96831052172489,0.14067785655039852,0.08405579006270988,40.249452100091894
3.2920000000000003,post_correction,0.11013573652460051,0.06800435881734947,38.254048174309304,0.137916959587898,0.08355943252907895,39.41322896128349
3.2960000000000003,post_correction,0.10772374934103333,0.068578345704394,36.33869399839795,0.13519826457027367,0.08321636698440048,38.44864262947245
3.3000000000000003,post_correction,0.10536231396334103,0.06931047081877927,34.217019148901166,0.13252417118786544,0.08302810204699505,37.34871057650689
3.3040000000000003,post_correction,0.10305482791557602,0.08687503974304758,15.700174848463332,0.12989723065268644,0.11098187766928079,14.561783102197685
3.3080000000000003,post_correction,0.10080491476273909,0.08511331024731865,15.566308996295675,0.1273201524387636,0.1087673206612899,14.57179513384336
3.3120000000000003,post_correction,0.09861643003717784,0.08344977412856062,15.37944123803657,0.12479581042687563,0.10662905991776916,14.557179801922363
3.3160000000000003,post_correction,0.09649346447333748,0.08189029133966659,15.133846850017449,0.12232724818787934,0.104571503683284,14.514954572774123
3.3200000000000003,post_correction,0.09444034372674412,0.08044078480636599,14.823706022168638,0.11991768308754681,0.10259922823401654,14.441952519118304
3.3240000000000003,post_correction,0.09246162363697157,0.07910716650116636,14.443243164578506,0.11757050884066715,0.10071695733616678,14.334846102725033
3.3280000000000003,post_correction,0.09056207999227663,0.0778952507317513,13.986901870634584,0.1152892960847878,0.09892953510674098,14.190182032176935
3.332,post_correction,0.08874669168045762,0.07681065579042505,13.449555880921853,0.11307779048700316,0.09724189163152915,14.004428975196632
3.336,post_correction,0.0870206160853666,0.0758586961676339,12.82675349802504,0.11093990784439828,0.09565900086360768,13.774039728087066
3.34,post_correction,0.08538915563419029,0.07504426867303671,12.114989174352996,0.10887972559521245,0.09418583057790175,13.495529068413447
3.344,post_correction,0.08385771454227857,0.07437173691447946,11.311991603368302,0.10690147012999496,0.09282728449952499,13.165567894768328
3.348,post_correction,0.08243174506486527,0.07384481950859408,10.417012947516964,0.10500949928795818,0.0915881371539943,12.781093353430503
3.352,post_correction,0.08111668296896467,0.07346648797355372,9.431099393373765,0.10320827945249463,0.09047296249288489,12.33943345162694
3.356,post_correction,0.07991787249452852,0.07323888033810462,8.35731976834239,0.10150235673127513,0.08948605790218667,11.838443181079333
3.36,post_correction,0.07884048177551703,0.07316323599527792,7.2009273058528,0.09989632183012259,0.08863136576095958,11.27664749090511
3.364,post_correction,0.11987098377938224,0.07323985621919159,38.901096904329556,0.14441790132707477,0.08791239523003318,39.12638639518037
3.368,post_correction,0.11746196582631074,0.07346809313198241,37.45371736701684,0.14171374889897423,0.08733214735104028,38.37425935764485
3.372,post_correction,0.11509791739415166,0.07384636793132786,35.84039607038092,0.1390498056558458,0.08689304676082767,37.50940797724546
3.376,post_correction,0.11278160092073107,0.07437221710889334,34.056427199356655,0.13642824273544982,0.08659688332062802,36.52569175977043
3.38,post_correction,0.11051594921962933,0.075042363468298,32.09815958856252,0.13385136110001253,0.08644476668934711,35.41734205843722
3.384,post_correction,0.10830407036320848,0.09172699841307125,15.306047034561463,0.13132159688372683,0.11225987817760016,14.515296157268068
3.388,post_correction,0.10614925108043577,0.0900929229413972,15.126181273640553,0.12884152624669576,0.11016630783380649,14.494719953201589
3.392,post_correction,0.1040549582227906,0.0885542108670246,14.896692690585263,0.12641386953506253,0.10814874348161158,14.448672539356838
3.396,post_correction,0.10202483778688134,0.0871158012705185,14.61314405371188,0.12404149451096175,0.10621125917353196,14.37441189154175
3.4,post_correction,0.10006271092092714,0.08578262182860644,14.271139529295084,0.12172741837732988,0.10435805181675982,14.269066732959544
3.404,post_correction,0.0981725662894707,0.08455952797311012,13.866438284012366,0.11947480828264093,0.10259341916306676,14.1296641210237
3.408,post_correction,0.09635854813379964,0.08345123451513474,13.395089349771357,0.11728697995096253,0.10092173227402516,13.953166569537085
3.412,post_correction,0.09462493935352599,0.08246224097946048,12.853586440488744,0.11516739404572521,0.09934740211535048,13.736519838326528
3.416,post_correction,0.09297613895812715,0.08159675251027033,12.239039580877462,0.11311964984441567,0.09787484010566895,13.476712277411012
3.42,post_correction,0.09141663330750756,0.08085859882048466,11.549358256836864,0.11114747578006016,0.09650841267530927,13.170846213114936
3.424,post_correction,0.0899509606893333,0.08025115419694942,10.783438462524519,0.109254716398738,0.0952523901792153,12.816221286429005
3.428,post_correction,0.08858366897803942,0.07977726196829045,9.94134371644975,0.10744531529609332,0.09411089084771014,12.41042888806899
3.432,post_correction,0.08731926639245138,0.07943916701936829,9.02446813703913,0.10572329363604796,0.09308782083457602,11.951455887261236
3.436,post_correction,0.08616216571629308,0.07923845983907275,8.035668346612914,0.10409272392786217,0.09218681180998886,11.437794755111115
3.44,post_correction,0.08511662276023182,0.07917603518800172,6.979350659816906,0.10255769884894576,0.09141115791426555,10.868556002897094
3.444,post_correction,0.12475409808803908,0.0792520677788459,36.47337522899036,0.14507940390387689,0.09076375419895777,37.438566911197285
3.448,post_correction,0.12243620657990746,0.07946600642635952,35.09599109108597,0.14246603005216457,0.09024703889403807,36.653643776699816
3.452,post_correction,0.12016352535778003,0.07981658703435507,33.57669326302991,0.13989295283616057,0.08986294191626495,35.76306733512847
3.456,post_correction,0.11793860785070624,0.08030186365779006,31.91214893816538,0.13736226241607608,0.08961284194604595,34.76167298802572
3.46,post_correction,0.11576414519818093,0.08091925582894303,30.09989777887241,0.13487616607132308,0.08949753413522961,33.64466329217652
3.464,post_correction,0.11364296809309044,0.09676447274668275,14.85221270583297,0.1324369921538027,0.11329254567532032,14.455512894954156
3.468,post_correction,0.11157804721120486,0.09524813080660048,14.63542050856443,0.13004719347877375,0.11131183042085703,14.406587759984761
3.472,post_correction,0.10957249190071709,0.09382386149299002,14.372795703137612,0.12770934997286687,0.10940660996358738,14.33155834961817
3.476,post_correction,0.10762954677191862,0.09249581378354915,14.060946498678348,0.1254261703708096,0.1075806543924709,14.227904691325799
3.48,post_correction,0.10575258579918782,0.0912680805041917,13.69659681182695,0.12320049272348854,0.10583782026511146,14.093021930801772
3.484,post_correction,0.10394510352871592,0.09014464959933902,13.276675341964886,0.12103528345120183,0.10418202813824291,13.92424988185672
3.488,post_correction,0.10221070298025238,0.08912935116599865,12.798416831925232,0.11893363464889203,0.10261723550891254,13.71891070860458
3.492,post_correction,0.10055307984471863,0.08822580133708512,12.259473828817768,0.11689875932683641,0.10114740502520246,13.474355410047465
3.496,post_correction,0.09897600261736601,0.08743734444576569,11.658036156711574,0.11493398425329747,0.0997764679861791,13.188019510150667
3.5,post_correction,0.09748328837380009,0.0867669952197045,10.992954108199463,0.11304274005813571,0.09850828335170476,12.857487972209583
3.504,post_correction,0.09607877399864423,0.08621738300692024,10.263860144450998,0.11122854826200503,0.09734659271982615,12.480568845939763
3.508,post_correction,0.09476628281745138,0.08579070018803094,9.471282783888588,0.10949500491850404,0.09629497199386097,12.055374520936104
3.512,post_correction,0.09354958676289211,0.08548865695192821,8.616745503531602,0.10784576060069885,0.09535678073880008,11.58040871735281
3.516,post_correction,0.09243236442399912,0.08531244448239,7.702843031201848,0.1062844965326844,0.09453511049767382,11.054656528760457
3.52,post_correction,0.09141815557563299,0.08526270831567526,6.733287519529033,0.10481489676452166,0.09383273357916251,10.477673998984898
3.524,post_correction,0.12970661566405076,0.08533953319557849,34.205720534244854,0.14548247612319196,0.09325205401160984,35.90152127143776
3.528,post_correction,0.12747572433854432,0.08554244020294377,32.895113444686935,0.1429533585521721,0.09279506245988153,35.08717570562349
3.532,post_correction,0.12529001407377333,0.08587039631694497,31.462697205554846,0.14046448409862705,0.09246329689844641,34.17318442324298
3.536,post_correction,0.12315183550075696,0.08632183593102179,29.906171856861036,0.1380178665804538,0.0922578107127384,33.15516824123695
3.54,post_correction,0.12106364975162995,0.0868946932548073,28.22396034393686,0.13561562599418922,0.0921791496584391,32.02910875300702
3.544,post_correction,0.11902802829768383,0.10193346850041762,14.361793639489237,0.13325999137931951,0.1140782857022873,14.394196996780689
3.548,post_correction,0.11704765152122092,0.1005251194155206,14.116073147101766,0.13095330308409972,0.11220191183118185,14.319143397914532
3.552,post_correction,0.11512530578854445,0.09920531067071235,13.828406368859536,0.12869801427117128,0.11040037787356796,14.21749706180357
3.556,post_correction,0.11326387877635065,0.09797752531602047,13.496229888537025,0.12649669147953863,0.1086771817952006,14.086937354579277
3.56,post_correction,0.11146635279422507,0.09684516553241064,13.117130771118163,0.12435201403777536,0.10703587892090927,13.925094218100755
3.564,post_correction,0.10973579584418547,0.09581151419268635,12.688914810687926,0.12226677210271535,0.10548005962563343,13.72957851784909
3.568,post_correction,0.10807535016686179,0.09487969418589515,12.209681449649109,0.12024386307971463,0.10401332322513726,13.498019307494697
3.572,post_correction,0.10648821804575193,0.09405262636831531,11.677903814761697,0.11828628616657036,0.10263924806315328,13.228108355167203
3.576,post_correction,0.10497764467884788,0.09333298719354197,11.092511668488797,0.11639713475546085,0.10136135793651953,12.91765201139189
3.58,post_correction,0.10354689798333971,0.09272316723367073,10.452974411083254,0.1145795864282735,0.10018308517123294,12.564630145573734
3.584,post_correction,0.10219924527603291,0.09222523191514302,9.759380643125874,0.11283689029315054,0.09910773085489279,12.16726143603334
3.588,post_correction,0.10093792687049627,0.09184088583982743,9.012510275092513,0.11117235143689351,0.09813842293587716,11.724073776036846
3.592,post_correction,0.09976612675127111,0.0915714420313845,8.2138948225553,0.10958931231185406,0.09727807310431742,11.233977974515456
3.596,post_correction,0.09868694062325489,0.09141779733183986,7.365861425541156,0.10809113093958829,0.09652933355891241,10.69634231798141
3.6,post_correction,0.09770334178587946,0.09138041497423803,6.471556341950267,0.10668115589863342,0.09589455491914356,10.111064966093073
3.604,post_correction,0.13468805806975662,0.09145931508352566,32.09545345426412,0.14564452384832005,0.09537574664635015,34.51470462035482
3.608,post_correction,0.13253968879576092,0.09165407352694951,30.84782802818763,0.14319275619382207,0.09497454137292312,33.673641113264146
3.612,post_correction,0.13043625538647607,0.0919638291714691,29.495193725866407,0.14078106432391294,0.09469216449417527,32.737996442259494
3.616,post_correction,0.12837991661419773,0.09238729923715694,28.03601865952631,0.13841139131259936,0.09452941024618901,31.704024249928803
3.62,post_correction,0.12637291942854847,0.09292280209107398,26.4693713564062,0.13608577710190428,0.09448662527709832,30.568331761559122
3.624,post_correction,0.12441759753340187,0.10718236372577085,13.852729958882183,0.1338063605240633,0.11461609806178275,14.34181632855147
3.628,post_correction,0.12251636886971283,0.10587266435161774,13.58488230727312,0.13157538071072106,0.11283539899064468,14.242772180365352
3.632,post_correction,0.12067173184147782,0.10464789539736097,13.278865066067668,0.12939517774417938,0.1111288039794704,14.116734551593952
3.636,post_correction,0.11888626011718856,0.10351098528946644,12.932760112536474,0.12726819238879952,0.10949957082131156,13.961557270496534
3.64,post_correction,0.1171625958389437,0.10246476986110606,12.544810801257638,0.1251969647243492,0.10795099148807494,13.775072961429515
3.644,post_correction,0.11550344107723168,0.10151196224727203,12.113473589591331,0.12318413148836009,0.10648637033047342,13.555123501816038
3.648,post_correction,0.11391154738277277,0.10065512172010983,11.63747308086147,0.1212324219226155,0.10510899912856807,13.29959637722924
3.652,post_correction,0.1123897033091787,0.09989662212047634,11.115859212061885,0.11934465191117699,0.10382212908093595,13.006467052913083
3.656,post_correction,0.1109407198129138,0.09923862064288064,10.548064939336193,0.11752371619559675,0.1026289399482931,12.673847228004613
3.66,post_correction,0.10956741348119797,0.09868302780800818,9.933962413977746,0.11577257845907885,0.10153250671213306,12.300038520761726
3.664,post_correction,0.10827258759470075,0.0982314795009323,9.273915325045666,0.1140942590874231,0.10053576426489495,11.883590752922233
3.668,post_correction,0.10705901110008259,0.09788531195623258,8.568824846769887,0.11249182044271612,0.09964147080712549,11.423363569917848
3.672,post_correction,0.10592939564671346,0.09764554052835525,7.820166505986498,0.11096834952787117,0.09885217077849845,10.918589670768766
3.676,post_correction,0.10488637093023806,0.0975128429948475,7.030015310849906,0.10952693797784738,0.09817015828110387,10.36893745631828
3.68,post_correction,0.10393245867986346,0.09748754800376347,6.2010566842759305,0.10817065938760492,0.0975974420520182,9.77457047543734
3.684,post_correction,0.13965922848566015,0.0975696291009721,30.137356364538203,0.1455812476977969,0.09713571309524364,33.27731790231551
3.688,post_correction,0.13758867559293766,0.09775870456854352,28.94858232536006,0.14319969352022963,0.09678631608018541,32.411645792724734
3.692,post_correction,0.13556264652367164,0.09805404308507704,27.668833856858157,0.14085795519951785,0.09655022554811651,31.455610432965454
3.696,post_correction,0.13358312199148994,0.09845457499764272,26.297144781572875,0.138557911274438,0.09642802783781476,30.40597469254404
3.7,post_correction,0.13165215278160192,0.09895890878793183,24.8330492915714,0.13630152933250597,0.09641990945090523,29.259847689830394
3.704,post_correction,0.12977185758384258,0.11246204991002624,13.338645216381272,0.13409086738941842,0.11490540442595042,14.307807337654669
3.708,post_correction,0.12794441990078684,0.11124217701509037,13.05429568452305,0.13192807465466,0.11321170962879036,14.186794641597185
3.712,post_correction,0.12617208391864126,0.11010366451630735,12.735320606018693,0.12981539155279143,0.11159135272940562,14.03842688097175
3.716,post_correction,0.12445714922906917,0.10904898245939887,12.380298653081674,0.12775514885657335,0.11004738254880765,13.860706567408606
3.72,post_correction,0.12280196429421278,0.10808050466444781,11.987967549521306,0.12574976577571903,0.10858286368724283,13.651637426581154
3.724,post_correction,0.12120891855575164,0.10720048518368877,11.557262896970329,0.12380174683455675,0.10720085539595621,13.409254605094745
3.728,post_correction,0.11968043310269248,0.10641103437176201,11.087358548865366,0.12191367736425417,0.10590438782801137,13.131659943625667
3.732,post_correction,0.11821894983246371,0.10571409505630593,10.577707545092633,0.12008821743174927,0.10469643581586832,12.81706227726187
3.736,post_correction,0.1168269190664055,0.10511141934926209,10.02808240666195,0.11832809402955358,0.10357989043536782,12.463822488767759
3.74,post_correction,0.1155067856142836,0.10460454667404613,9.438613395964238,0.11663609135968166,0.10255752873793143,12.070502755733505
3.744,post_correction,0.1142609733230801,0.10419478359631953,8.809823191596474,0.1150150390627261,0.10163198215956881,11.635919104334286
3.748,post_correction,0.11309186819266229,0.10388318603303856,8.142656326037429,0.11346779827109935,0.10080570423933631,11.159196022743412
3.7520000000000002,post_correction,0.11200180019411295,0.10367054437384818,7.438501707852619,0.11199724540507215,0.10008093839239755,10.639821514873553
3.7560000000000002,post_correction,0.11099302398404984,0.10355737198073156,6.6992066135497055,0.11060625368245615,0.09945968657409471,10.077700615701675
3.7600000000000002,post_correction,0.11006769876804155,0.10354389743823791,5.927080699263098,0.10929767237800782,0.09894367973169407,9.47320507476526
3.7640000000000002,post_correction,0.14458223861098116,0.10363006081182638,28.324487290131376,0.14530674600062451,0.09853435096097611,32.18872924141277
3.7680000000000002,post_correction,0.1425846656640257,0.10381551404196036,27.190267229308965,0.14298813988298475,0.09823281225897766,31.30002786289331
3.7720000000000002,post_correction,0.14063108108459393,0.10409962546403129,25.976800675085368,0.1407090134896758,0.09803983568856574,30.32440974667256
3.7760000000000002,post_correction,0.13872330279303446,0.10448148830714066,24.68353463078962,0.13847118740653908,0.09795583964575143,29.25904552391697
3.7800000000000002,post_correction,0.13686320422443574,0.10495993289635701,23.31033495004399,0.13627656480986333,0.0979808807517918,28.101445110171863
3.7840000000000003,post_correction,0.1350527117665787,0.11772589283269087,12.829671250019045,0.13412713236463242,0.1149458340086056,14.30083385655435
3.7880000000000003,post_correction,0.13329380142582417,0.11658760225728873,12.53336538521048,0.1320249605163267,0.11333056184535092,14.15974570101383
3.7920000000000003,post_correction,0.13158849464433708,0.11552722309850506,12.205680739218957,0.1299722030578987,0.11178787235003051,13.990938277600486
3.7960000000000003,post_correction,0.12993885319500434,0.11454684834790588,11.845575413844138,0.12797109584284003,0.11032063541830149,13.79253675081042
3.8000000000000003,post_correction,0.12834697308610873,0.11364847594251831,11.452157218954524,0.12602395450575868,0.10893172215225642,13.562685301008566
3.8040000000000003,post_correction,0.12681497741675446,0.11283399030658858,11.02471284935051,0.124133171044345,0.10762398444190797,13.299576949129358
3.8080000000000003,post_correction,0.12534500813661378,0.11210514387635981,10.56273756496455,0.12230120911193586,0.10640023234920121,13.001487784296003
3.8120000000000003,post_correction,0.1239392166801463,0.1114635389676914,10.065964628977174,0.12053059786914332,0.1052632094809994,12.666815446082236
3.8160000000000003,post_correction,0.12259975346626928,0.11091061037243755,9.534393637298589,0.11882392424737477,0.10421556663569614,12.294121494646205
3.8200000000000003,post_correction,0.12132875627960601,0.11044760908307913,8.968316770222991,0.11718382348779055,0.10325983411183604,11.882177045883184
3.8240000000000003,post_correction,0.1201283375787674,0.11007558754396142,8.368341922832697,0.11561296783759596,0.10239839317111536,11.430010762325034
3.8280000000000003,post_correction,0.11900057081022271,0.1097953868101428,7.735411634923977,0.11411405331273564,0.10163344724590107,10.936957985911521
3.8320000000000003,post_correction,0.117947475842466,0.10960762596075642,7.070816753084667,0.11268978447303682,0.10096699356556282,10.402709493404787
3.8360000000000003,post_correction,0.11697100367333829,0.10951269406346369,6.376203824584785,0.11134285720326789,0.10040079593874868,9.827358071603419
3.84,post_correction,0.11607302060211361,0.10951074492170458,5.653575349696321,0.11007593955154486,0.09993635946289815,9.211440874323571
3.844,post_correction,0.14942043685387144,0.10960169475980258,26.648792449328973,0.14483360963126118,0.09957490793164574,31.248756289953512
3.848,post_correction,0.147490951340377,0.10978522291624067,25.56477402950621,0.14257062038624524,0.09931736467122863,30.338126886056212
3.852,post_correction,0.14560483301546986,0.11006077552694045,24.411317091894208,0.1403467111006359,0.09916433745725776,29.343312230415027
3.856,post_correction,0.14376375274963726,0.11042757209280035,23.188168101657336,0.1381636512112715,0.09911610804518656,28.261806071103173
3.86,post_correction,0.1419694253020284,0.1108846147436573,21.895426069550332,0.13602328753253154,0.09917262669684775,27.091435227126482
3.864,post_correction,0.1402236065909933,0.12292959341877584,12.333168139556527,0.13392754480549046,0.11473702916594902,14.329028182673524
3.868,post_correction,0.1385280903241594,0.12186524005720635,12.02849922204336,0.13187842565251906,0.11319174169539283,14.16962923591687
3.872,post_correction,0.13688470393632188,0.12087552403681479,11.695375333502923,0.12987800982878514,0.11171832685897566,13.982107512849115
3.876,post_correction,0.13529530378734186,0.1199622290158558,11.333042864212564,0.1279284526533325,0.11031950442572176,13.764684761198842
3.88,post_correction,0.13376176957819894,0.11912704743028414,10.940885571463031,0.12603198249494713,0.10899798384675721,13.515615886525342
3.884,post_correction,0.13228599795158957,0.1183715659391668,10.518446568710015,0.12419089718253506,0.10775644450038188,13.233218420185755
3.888,post_correction,0.1308698952542153,0.11769725104698063,10.065450256261578,0.1224075592070481,0.10659751407464306,12.915905876092914
3.892,post_correction,0.1295153694513145,0.11710543516821731,9.581823636585582,0.12068438958301708,0.10552374529921155,12.562224771727202
3.896,post_correction,0.12822432120013214,0.11659730341169287,9.067716389226852,0.11902386024349547,0.10453759132521588,12.170894884978534
3.9,post_correction,0.1269986341078266,0.11617388136521006,8.523519027319555,0.11742848485372603,0.10364138014078716,11.740852085516286
3.904,post_correction,0.12584016422060243,0.11583602415469826,7.949878425433823,0.11590080794716233,0.10283728849652941,11.271292825316975
3.908,post_correction,0.12475072881425298,0.11558440703506084,7.3477100024323585,0.11444339231353683,0.10212731589321421,10.7617191096369
3.912,post_correction,0.12373209458126125,0.11541951774267979,6.718205867857638,0.11305880460320632,0.1015132592474671,10.211982513223735
3.916,post_correction,0.12278596533539012,0.11534165080246077,6.062838299633991,0.1117495991554261,0.10099668889383429,9.622325576878538
3.92,post_correction,0.12191396938037151,0.11535090393669194,5.383358016342501,0.11051830011044411,0.10057892659776768,8.99341873947005
3.924,post_correction,0.15413827245879658,0.11544717667064633,25.10155016723244,0.14417303201526638,0.10026102623941395,30.45784996129
3.928,post_correction,0.1522719832305465,0.11563017117308358,24.063397139830773,0.1419582993169892,0.10004375778021563,29.525953564137517
3.932,post_correction,0.15044838663644494,0.11589939531120798,22.96401583137199,0.1397821927679479,0.09992759504322073,28.511927689451618
3.936,post_correction,0.1486690220579346,0.11625416784196999,21.8033681578486,0.13764643758767206,0.099912707726342,27.413517213110627
3.94,post_correction,0.14693546352664774,0.11669362560754162,20.581714715604754,0.13555283230803494,0.09999895793094876,26.228794907281856
3.944,post_correction,0.14524931697043642,0.12242770606984575,15.712026312134535,0.13350324908298755,0.10766589026230422,19.35335581579925
3.948,post_correction,0.14361221692886061,0.12179115204373281,15.194434952520114,0.1314996334176583,0.10655034756920802,18.972893840097953
3.952,post_correction,0.1420258227035709,0.12123387648278679,14.639553445277343,0.12954400321597515,0.10551893932398658,18.545871129159174
3.956,post_correction,0.14049181391310683,0.12075691156457585,14.047012276983535,0.12763844703854485,0.10457399598611182,18.070143900660213
3.96,post_correction,0.13901188542720813,0.12036114540653763,13.416651362833818,0.12578512145643736,0.10371772016547015,17.543729365964573
3.964,post_correction,0.1375877416629396,0.12004731324031581,12.748540102935968,0.12398624738240716,0.10295216204372448,16.964853588808005
3.968,post_correction,0.13622109023385695,0.11981598989141592,12.042995922494558,0.12224410525965915,0.1022791950395152,16.332002412497854
3.972,post_correction,0.13491363495414327,0.11966758373533933,11.300600731709608,0.12056102899035627,0.10170049229752652,15.643974550298845
3.976,post_correction,0.1336670682121107,0.11960233227173041,10.52221472985518,0.11893939849254652,0.10121750461280607,14.899935685189305
3.98,post_correction,0.13248306274158864,0.11962029942260698,9.70898698505392,0.11738163078596847,0.10083144040803926,14.099472180708176
3.984,post_correction,0.13136326283531805,0.11972137462078664,8.862362248969196,0.11589016952515371,0.1005432483593884,13.242642778630417
3.988,post_correction,0.13030927506124967,0.11990527371180701,7.98408351558432,0.11446747292314807,0.10035360321446786,12.33002646800465
3.992,post_correction,0.12932265856018393,0.12017154164878963,7.076189906145162,0.11311600004159962,0.10026289526469927,11.36276457103636
3.996,post_correction,0.1284049150209767,0.12051955691671641,6.141009557906805,0.11183819546317272,0.10027122382669808,10.342595021826458
4.0,post_correction,0.1275574784469386,0.12094853758231523,5.181147311070872,0.11063647241008931,0.10037839495878667,9.271876830345478
