local_t_yr,phase,pos_noNN_err,pos_encounterNN_err,pos_gain_instant_pct,vel_noNN_err,vel_encounterNN_err,vel_gain_instant_pct
0.0,pre_correction_window,1.2621656163383514e-15,1.2621656163383514e-15,0.0,1.1722761033141078e-17,1.1722761033141078e-17,0.0
0.004,pre_correction_window,0.053061693827401245,0.053061693827401245,0.0,0.05025531646520492,0.05025531646520492,0.0
0.008,pre_correction_window,0.05027155004915993,0.05027155004915993,0.0,0.04770187354441322,0.04770187354441322,0.0
0.012,pre_correction_window,0.04748132413456871,0.04748132413456871,0.0,0.04514298040732898,0.04514298040732898,0.0
0.016,pre_correction_window,0.04469100596368226,0.04469100596368226,0.0,0.04257818545991284,0.04257818545991284,0.0
0.02,pre_correction_window,0.041900584876190916,0.041900584876190916,0.0,0.04000700885391933,0.04000700885391933,0.0
0.024,pre_correction_window,0.03911004967591638,0.03911004967591638,0.0,0.03742894150215686,0.03742894150215686,0.0
0.028,pre_correction_window,0.03631938865485336,0.03631938865485336,0.0,0.03484344451768369,0.03484344451768369,0.0
0.032,pre_correction_window,0.03352858964967438,0.03352858964967438,0.0,0.032249949403369414,0.032249949403369414,0.0
0.036000000000000004,pre_correction_window,0.030737640153140088,0.030737640153140088,0.0,0.029647859560390854,0.029647859560390854,0.0
0.04,pre_correction_window,0.027946527520954643,0.027946527520954643,0.0,0.027036554142645355,0.027036554142645355,0.0
0.044,pre_correction_window,0.025155239350801613,0.025155239350801613,0.0,0.02441539619657489,0.02441539619657489,0.0
0.048,pre_correction_window,0.022363764187179554,0.022363764187179554,0.0,0.021783748953314343,0.021783748953314343,0.0
0.052000000000000005,pre_correction_window,0.019572092881292188,0.019572092881292188,0.0,0.01914100851202104,0.01914100851202104,0.0
0.056,pre_correction_window,0.016780221373977562,0.016780221373977562,0.0,0.01648667197516713,0.01648667197516713,0.0
0.06,pre_correction_window,0.01398815689673355,0.01398815689673355,0.0,0.01382048999579579,0.01382048999579579,0.0
0.064,pre_correction_window,0.011195933567653716,0.011195933567653716,0.0,0.011142848035379207,0.011142848035379207,0.0
0.068,pre_correction_window,0.008403659248599139,0.008403659248599139,0.0,0.00845589083015128,0.00845589083015128,0.0
0.07200000000000001,pre_correction_window,0.0056117025647518465,0.0056117025647518465,0.0,0.005767833528247112,0.005767833528247112,0.0
0.076,pre_correction_window,0.0028219905540944603,0.0028219905540944603,0.0,0.003119661836965011,0.003119661836965011,0.0
0.08,pre_correction_window,0.00021194780363985582,0.00021194780363985582,0.0,0.0010938863087256445,0.0010938863087256445,0.0
0.084,pre_correction_window,0.05324265492786875,0.05324265492786875,0.0,0.0604699271387606,0.0604699271387606,0.0
0.088,pre_correction_window,0.050449630941300415,0.050449630941300415,0.0,0.057800950911862076,0.057800950911862076,0.0
0.092,pre_correction_window,0.04765589475177528,0.04765589475177528,0.0,0.05510087209838406,0.05510087209838406,0.0
0.096,pre_correction_window,0.04486140773620558,0.04486140773620558,0.0,0.05236751298930652,0.05236751298930652,0.0
0.1,pre_correction_window,0.04206612952050586,0.04206612952050586,0.0,0.04959858323238409,0.04959858323238409,0.0
0.10400000000000001,pre_correction_window,0.0392700181733196,0.0392700181733196,0.0,0.04679168297747352,0.04679168297747352,0.0
0.108,pre_correction_window,0.03647303056244097,0.03647303056244097,0.0,0.04394431052079538,0.04394431052079538,0.0
0.112,pre_correction_window,0.033675122974494744,0.033675122974494744,0.0,0.04105387704104065,0.04105387704104065,0.0
0.116,pre_correction_window,0.030876252171729436,0.030876252171729436,0.0,0.038117732780906376,0.038117732780906376,0.0
0.12,pre_correction_window,0.02807637719891612,0.02807637719891612,0.0,0.035133212279669056,0.035133212279669056,0.0
0.124,pre_correction_window,0.025275462531428334,0.025275462531428334,0.0,0.03209771256414905,0.03209771256414905,0.0
0.128,pre_correction_window,0.02247348374611361,0.02247348374611361,0.0,0.029008831112441024,0.029008831112441024,0.0
0.132,pre_correction_window,0.019670438245419357,0.019670438245419357,0.0,0.02586461861618317,0.02586461861618317,0.0
0.136,pre_correction_window,0.016866366934519005,0.016866366934519005,0.0,0.02266406821250573,0.02266406821250573,0.0
0.14,pre_correction_window,0.014061402174044134,0.014061402174044134,0.0,0.019408135965892404,0.019408135965892404,0.0
0.14400000000000002,pre_correction_window,0.01125588789823852,0.01125588789823852,0.0,0.016102093720213845,0.016102093720213845,0.0
0.148,pre_correction_window,0.008450739647704212,0.008450739647704212,0.0,0.012761741137436432,0.012761741137436432,0.0
0.152,pre_correction_window,0.005648877612632712,0.005648877612632712,0.0,0.009433202217610574,0.009433202217610574,0.0
0.156,pre_correction_window,0.002865056957948863,0.002865056957948863,0.0,0.006274999963657852,0.006274999963657852,0.0
0.16,pre_correction_window,0.0005854244108013183,0.0005854244108013183,0.0,0.003993557267416283,0.003993557267416283,0.0
0.164,pre_correction_window,0.05397236072394156,0.05397236072394156,0.0,0.09373881956720127,0.09373881956720127,0.0
0.168,pre_correction_window,0.0511559358967072,0.0511559358967072,0.0,0.09021030902722742,0.09021030902722742,0.0
0.17200000000000001,pre_correction_window,0.048336768363568164,0.048336768363568164,0.0,0.08656236045321188,0.08656236045321188,0.0
0.176,pre_correction_window,0.04551470864147825,0.04551470864147825,0.0,0.08278923040686478,0.08278923040686478,0.0
0.18,pre_correction_window,0.04268960427174868,0.04268960427174868,0.0,0.07888534115559696,0.07888534115559696,0.0
0.184,pre_correction_window,0.0398613019027517,0.0398613019027517,0.0,0.0748454246103195,0.0748454246103195,0.0
0.188,pre_correction_window,0.037029650427001945,0.037029650427001945,0.0,0.07066471935948289,0.07066471935948289,0.0
0.192,pre_correction_window,0.03419450574244407,0.03419450574244407,0.0,0.06633924564269933,0.06633924564269933,0.0
0.196,pre_correction_window,0.031355738108805396,0.031355738108805396,0.0,0.061866199478628384,0.061866199478628384,0.0
0.2,pre_correction_window,0.028513243831299766,0.028513243831299766,0.0,0.057244537472970564,0.057244537472970564,0.0
0.20400000000000001,pre_correction_window,0.025666964528435164,0.025666964528435164,0.0,0.052475882510111156,0.052475882510111156,0.0
0.20800000000000002,pre_correction_window,0.02281692048713008,0.02281692048713008,0.0,0.047565999839091745,0.047565999839091745,0.0
0.212,pre_correction_window,0.019963272049625728,0.019963272049625728,0.0,0.04252734926983235,0.04252734926983235,0.0
0.216,pre_correction_window,0.017106441637485353,0.017106441637485353,0.0,0.03738380369566615,0.03738380369566615,0.0
0.22,pre_correction_window,0.014247381425525864,0.014247381425525864,0.0,0.032180046611950924,0.032180046611950924,0.0
0.224,pre_correction_window,0.011388242377828543,0.011388242377828543,0.0,0.027001838668325503,0.027001838668325503,0.0
0.228,pre_correction_window,0.008534382710699156,0.008534382710699156,0.0,0.022023091481047544,0.022023091481047544,0.0
0.232,pre_correction_window,0.00570236477906426,0.00570236477906426,0.0,0.01761795701077782,0.01761795701077782,0.0
0.23600000000000002,pre_correction_window,0.0029731003528133985,0.0029731003528133985,0.0,0.014575823280946221,0.014575823280946221,0.0
0.24,pre_correction_window,0.001382423798931579,0.001382423798931579,0.0,0.01408698926669822,0.01408698926669822,0.0
0.244,pre_correction_window,0.05591052906692287,0.05591052906692287,0.0,0.1175495446573557,0.1175495446573557,0.0
0.248,pre_correction_window,0.05300800004583468,0.05300800004583468,0.0,0.1114300832132073,0.1114300832132073,0.0
0.252,pre_correction_window,0.05009758093123825,0.05009758093123825,0.0,0.1051338776118101,0.1051338776118101,0.0
0.256,pre_correction_window,0.04717917031699022,0.04717917031699022,0.0,0.09867607157093146,0.09867607157093146,0.0
0.26,pre_correction_window,0.044252718577875605,0.044252718577875605,0.0,0.0920759709285586,0.0920759709285586,0.0
0.264,pre_correction_window,0.04131823648989396,0.04131823648989396,0.0,0.08535771119821028,0.08535771119821028,0.0
0.268,pre_correction_window,0.03837580552570685,0.03837580552570685,0.0,0.07855122075160706,0.07855122075160706,0.0
0.272,pre_correction_window,0.03542559108230031,0.03542559108230031,0.0,0.07169371353719643,0.07169371353719643,0.0
0.276,pre_correction_window,0.032467860971478656,0.032467860971478656,0.0,0.06483212373004021,0.06483212373004021,0.0
0.28,pre_correction_window,0.029503013538719907,0.029503013538719907,0.0,0.05802721445968002,0.05802721445968002,0.0
0.28400000000000003,pre_correction_window,0.026531623839123372,0.026531623839123372,0.0,0.0513606611736272,0.0513606611736272,0.0
0.28800000000000003,pre_correction_window,0.02355452494755165,0.02355452494755165,0.0,0.04494735529611473,0.04494735529611473,0.0
0.292,pre_correction_window,0.020572961349282798,0.020572961349282798,0.0,0.03895636908882732,0.03895636908882732,0.0
0.296,pre_correction_window,0.017588901418562418,0.017588901418562418,0.0,0.033643654865123634,0.033643654865123634,0.0
0.3,pre_correction_window,0.014605737453108197,0.014605737453108197,0.0,0.02938908159203413,0.02938908159203413,0.0
0.304,pre_correction_window,0.011630065410461738,0.011630065410461738,0.0,0.02668847393807975,0.02668847393807975,0.0
0.308,pre_correction_window,0.00867709638568667,0.00867709638568667,0.0,0.02599075200380007,0.02599075200380007,0.0
0.312,pre_correction_window,0.005792253791651369,0.005792253791651369,0.0,0.027391355527275365,0.027391355527275365,0.0
0.316,pre_correction_window,0.0031853271730997346,0.0031853271730997346,0.0,0.03053604100213592,0.03053604100213592,0.0
0.32,pre_correction_window,0.002276982458181675,0.002276982458181675,0.0,0.03488688586626159,0.03488688586626159,0.0
0.324,pre_correction_window,0.057095541187890585,0.057095541187890585,0.0,0.09523263316991354,0.09523263316991354,0.0
0.328,pre_correction_window,0.054058677379324155,0.054058677379324155,0.0,0.08880032995831923,0.08880032995831923,0.0
0.332,pre_correction_window,0.051017090977648206,0.051017090977648206,0.0,0.08250003234896072,0.08250003234896072,0.0
0.336,pre_correction_window,0.047971322953617355,0.047971322953617355,0.0,0.07635108346473231,0.07635108346473231,0.0
0.34,pre_correction_window,0.04492194505819644,0.04492194505819644,0.0,0.07037402618679388,0.07037402618679388,0.0
0.34400000000000003,pre_correction_window,0.04186957223242293,0.04186957223242293,0.0,0.06459168550682677,0.06459168550682677,0.0
0.34800000000000003,pre_correction_window,0.03881488265229773,0.03881488265229773,0.0,0.059030663622339746,0.059030663622339746,0.0
0.352,pre_correction_window,0.035758649588716024,0.035758649588716024,0.0,0.05372338627888324,0.05372338627888324,0.0
0.356,pre_correction_window,0.032701792397576604,0.032701792397576604,0.0,0.04871085622983059,0.04871085622983059,0.0
0.36,pre_correction_window,0.029645459986409044,0.029645459986409044,0.0,0.04404621327361751,0.04404621327361751,0.0
0.364,pre_correction_window,0.02659117230471822,0.02659117230471822,0.0,0.0397989276727995,0.0397989276727995,0.0
0.368,pre_correction_window,0.023541071619907095,0.023541071619907095,0.0,0.03605867274192816,0.03605867274192816,0.0
0.372,pre_correction_window,0.020498395885407555,0.020498395885407555,0.0,0.03293622968944546,0.03293622968944546,0.0
0.376,pre_correction_window,0.01746843914529063,0.01746843914529063,0.0,0.030556253461801446,0.030556253461801446,0.0
0.38,pre_correction_window,0.01446069262463714,0.01446069262463714,0.0,0.0290357331188038,0.0290357331188038,0.0
0.384,pre_correction_window,0.01149423891878404,0.01149423891878404,0.0,0.028448384650519586,0.028448384650519586,0.0
0.388,pre_correction_window,0.008613731359138191,0.008613731359138191,0.0,0.028791083587785267,0.028791083587785267,0.0
0.392,pre_correction_window,0.005947750618102328,0.005947750618102328,0.0,0.029977400167136806,0.029977400167136806,0.0
0.396,pre_correction_window,0.00395966395123886,0.00395966395123886,0.0,0.03186506658297923,0.03186506658297923,0.0
0.4,pre_correction_window,0.0038891381025209586,0.0038891381025209586,0.0,0.034296538499429804,0.034296538499429804,0.0
0.404,pre_correction_window,0.05689185039175567,0.05689185039175567,0.0,0.07075292443972496,0.07075292443972496,0.0
0.40800000000000003,pre_correction_window,0.05381356224143089,0.05381356224143089,0.0,0.06652272988323465,0.06652272988323465,0.0
0.41200000000000003,pre_correction_window,0.05073589790562404,0.05073589790562404,0.0,0.06241495133704907,0.06241495133704907,0.0
0.41600000000000004,pre_correction_window,0.047659320035251154,0.047659320035251154,0.0,0.058435235628521966,0.058435235628521966,0.0
0.42,pre_correction_window,0.04458437538795765,0.04458437538795765,0.0,0.054591124140345025,0.054591124140345025,0.0
0.424,pre_correction_window,0.0415117299888962,0.0415117299888962,0.0,0.05089258444675441,0.05089258444675441,0.0
0.428,pre_correction_window,0.0384422206372119,0.0384422206372119,0.0,0.047352670563716164,0.047352670563716164,0.0
0.432,pre_correction_window,0.03537693255649638,0.03537693255649638,0.0,0.04398832611883538,0.04398832611883538,0.0
0.436,pre_correction_window,0.032317320260782906,0.032317320260782906,0.0,0.04082131963548883,0.04082131963548883,0.0
0.44,pre_correction_window,0.029265402611776046,0.029265402611776046,0.0,0.03787924229839135,0.03787924229839135,0.0
0.444,pre_correction_window,0.02622409096378928,0.02622409096378928,0.0,0.03519638130997098,0.03519638130997098,0.0
0.448,pre_correction_window,0.023197768634364832,0.023197768634364832,0.0,0.032814081398150785,0.032814081398150785,0.0
0.452,pre_correction_window,0.020193374639950114,0.020193374639950114,0.0,0.030779931644210716,0.030779931644210716,0.0
0.456,pre_correction_window,0.01722257466366885,0.01722257466366885,0.0,0.029144884177187736,0.029144884177187736,0.0
0.46,pre_correction_window,0.014306484648107421,0.014306484648107421,0.0,0.027957549719396364,0.027957549719396364,0.0
0.464,pre_correction_window,0.011487004267755238,0.011487004267755238,0.0,0.027255877435624916,0.027255877435624916,0.0
0.468,pre_correction_window,0.00885701902274805,0.00885701902274805,0.0,0.02705826044031336,0.02705826044031336,0.0
0.47200000000000003,pre_correction_window,0.006645554436449335,0.006645554436449335,0.0,0.027357685303808953,0.027357685303808953,0.0
0.47600000000000003,pre_correction_window,0.0053945757314511665,0.0053945757314511665,0.0,0.02812197985968011,0.02812197985968011,0.0
0.48,pre_correction_window,0.005767184851475261,0.005767184851475261,0.0,0.02930017273611336,0.02930017273611336,0.0
0.484,pre_correction_window,0.056411293099956794,0.011530559367375544,79.55983858241963,0.06101519329799078,0.027072351056303987,55.630147848445034
0.488,pre_correction_window,0.053338574517559134,0.008984271942214545,83.15614539106794,0.05781002496877449,0.026786724079952126,53.664223299642735
0.492,pre_correction_window,0.050268739173558785,0.006906584764389828,86.26067636082132,0.05467176378036018,0.0269548675231047,50.69691252070463
0.496,pre_correction_window,0.04720241724004056,0.005822720323209625,87.6643598703874,0.05160504202580011,0.027555890719368262,46.60232869185223
0.5,post_correction,0.04414040265176037,0.00039603683987502733,99.10277927684643,0.04861581682230283,0.001709270535507501,96.4841266747505
0.504,post_correction,0.04108371441615122,0.059113635365143614,-43.88581024189065,0.0457116883930218,0.06340610810967698,-38.70874242167863
0.508,post_correction,0.038033686848112015,0.05601750212012834,-47.283912663620825,0.042902298532364345,0.059913480970391696,-39.65098146243743
0.512,post_correction,0.034992105887757766,0.052921161893156196,-51.23743070196594,0.040199821131703124,0.056449357634293575,-40.42191244919605
0.516,post_correction,0.03196142118913999,0.049824642791195126,-55.88994774777032,0.03761954816978171,0.053012687813350674,-40.91792802533886
0.52,post_correction,0.028945087327794286,0.046727971900391574,-61.43662436119658,0.03518055320753143,0.04960246836972178,-40.993997670005115
0.524,post_correction,0.02594813416412921,0.04363117563425689,-68.14764159256111,0.03290636979927679,0.04621774327372894,-40.452269744882976
0.528,post_correction,0.022978163155413258,0.04053428017734206,-76.40348318178287,0.030825540686412294,0.04285760424635999,-39.03277377143089
0.532,post_correction,0.02004717791305941,0.037437312085545016,-86.74604599162602,0.028971764986915675,0.039521192481455844,-36.41278844870009
0.536,post_correction,0.017175145936369207,0.03434029914776717,-99.94181868958631,0.027383209057240246,0.03620770211222878,-32.225927343074865
0.54,post_correction,0.014397373686662851,0.03124327169611432,-117.0067428690611,0.026100431834679565,0.032916386592624886,-26.114337115637227
0.544,post_correction,0.011780690859323165,0.028146264716032345,-138.9186258440656,0.02516249067157918,0.02964657015859864,-17.820491403437224
0.548,post_correction,0.009459670911518005,0.02504932145465556,-164.80119328628805,0.024601370413119966,0.026397668601922945,-7.301618400270127
0.552,post_correction,0.00770616423533271,0.02195250001285152,-184.869350593379,0.02443592423857901,0.02316922818689429,5.183745207741653
0.556,post_correction,0.0069628791723463455,0.018855886356707,-170.80588202068364,0.02466745457582124,0.019961002642128207,19.079601096362186
0.56,post_correction,0.007534819340081512,0.015759622581084157,-109.15727198993025,0.02527891709976077,0.016773117872245717,33.64779904909593
0.5640000000000001,post_correction,0.05600755937339735,0.012663976519652153,77.38880847275888,0.05701281021868421,0.013606464849941116,76.13437261248698
0.5680000000000001,post_correction,0.05294931051445171,0.009569546248249898,81.92696721586576,0.05418347513777774,0.010463793292175142,80.68822041117183
0.5720000000000001,post_correction,0.0498955994577472,0.00647804986847802,87.01679118222883,0.05139485022039162,0.007353554865564716,85.69203950584316
0.5760000000000001,post_correction,0.04684734483384821,0.0033974196248750654,92.74789289142304,0.04865092583864082,0.004310013756071074,91.14094196199683
0.58,post_correction,0.04380571577430582,0.0005544088558465735,98.73439151479005,0.04595668158445755,0.0016432351571457591,96.42438248260835
0.584,post_correction,0.04077222402448744,0.05920105099116353,-45.19946460513877,0.04331833578258262,0.057864014853937676,-33.578573157474715
0.588,post_correction,0.03774885918823546,0.0561062830201271,-48.630406922635665,0.04074366455479405,0.05478530423749572,-34.46336954747355
0.592,post_correction,0.034738292241560983,0.05301137458171689,-52.60213200202727,0.03824240700576149,0.051719207228559584,-35.24046020630375
0.596,post_correction,0.03174419031605495,0.0499163401375107,-57.24559247071108,0.03582677249270958,0.04866532546609528,-35.83508108635303
0.6,post_correction,0.028771718831501848,0.04682119494001613,-62.73339529771889,0.03351205914389876,0.045623285298410025,-36.13990445202545
0.604,post_correction,0.025828370594388105,0.043725955501352255,-69.29428568309638,0.031317372720626034,0.042592739985618785,-36.003554211195514
0.608,post_correction,0.02292538818076193,0.04063064026049216,-77.22989002466605,0.02926638944319242,0.039573373233014755,-35.217818070208914
0.612,post_correction,0.020080307523577427,0.03753527056497661,-86.92577551864842,0.02738801815397835,0.03656490478706745,-33.50693935390164
0.616,post_correction,0.01732170316337143,0.034439872166229936,-98.82497605118118,0.025716670186304653,0.03356709933879004,-30.52661598726772
0.62,post_correction,0.014698364129381969,0.03134447758478507,-113.25147008793714,0.02429164947973121,0.030579780934669728,-25.885979707492858
0.624,post_correction,0.012297180880770446,0.028249130013857503,-129.72037483836402,0.023155019965774196,0.027602856961580016,-19.208953403539443
0.628,post_correction,0.010275110297821997,0.025153890087374647,-144.80408830946067,0.022347418437929166,0.02463635962653032,-10.242530675114796
0.632,post_correction,0.00889458922819587,0.022058848326249655,-148.0030022783183,0.02190196178223195,0.021680521359580113,1.0110529132211405
0.636,post_correction,0.008475146834849597,0.018964149747687904,-123.76190191428641,0.021837665360599216,0.018735920919895444,14.203644892828697
0.64,post_correction,0.009149914537153896,0.01587004722856716,-73.44475911906798,0.022154888754697427,0.015803790783568493,28.66680145158631
0.644,post_correction,0.05572249224465379,0.012777032310716656,77.07024256090676,0.05510590481554088,0.012886737984207532,76.61459687969186
0.648,post_correction,0.052679144655133646,0.009686216255538595,81.612806512046,0.05241788102067745,0.009990706076223831,80.94027098828593
0.652,post_correction,0.04964198500334701,0.0066007793342043744,86.70323248806562,0.04975752986353986,0.007131614338520774,85.66726612418414
0.656,post_correction,0.046612266665374075,0.0035349849275472718,92.4161917442791,0.04712822188847137,0.004367275833030544,90.73320473798975
0.66,post_correction,0.04359158640645169,0.0007753698423106313,98.22128555937145,0.044534127310473834,0.0020803283288528544,95.32868733600718
0.664,post_correction,0.040582009320756764,0.059329436815657076,-46.19640034755853,0.04198043007110734,0.055266742823824454,-31.648824774335267
0.668,post_correction,0.03758625142743149,0.056234913408139436,-49.61564740424644,0.03947360753379157,0.05237534547787078,-32.68446628050051
0.672,post_correction,0.034607952732564465,0.053140187633768377,-53.54906441422045,0.03702179597593654,0.04948990037402571,-33.6777405563825
0.676,post_correction,0.031652096043200184,0.05004527325499901,-58.11045558150399,0.03463526614948139,0.04661026893915104,-34.574594397476446
0.68,post_correction,0.02872566738471949,0.04695018603598205,-63.4433254663285,0.032327035020628385,0.043736332866661905,-35.29336308991242
0.684,post_correction,0.02583872906824457,0.04385494450655076,-69.72562540023635,0.030113634443592528,0.04086799869497958,-35.7126080929608
0.6880000000000001,post_correction,0.023006218932243683,0.04075957106975985,-77.16762232769369,0.028016034607738386,0.03800520455411828,-35.655188488454954
0.6920000000000001,post_correction,0.020251061498954583,0.03766409365097292,-85.98577488354002,0.0260606601425421,0.03514793029237192,-34.86968518880887
0.6960000000000001,post_correction,0.017609682432538975,0.03456854822829168,-96.30421139461495,0.024280308977779323,0.03229621304101639,-33.014011768025696
0.7000000000000001,post_correction,0.015141833573823793,0.031472982851395416,-107.85450254719376,0.022714555613371927,0.029450171847166383,-29.653304024267317
0.704,post_correction,0.01294722977322199,0.028377464285402946,-119.17788424589808,0.021408901531118858,0.026610048067888373,-24.2943176192828
0.708,post_correction,0.011187956041991742,0.02528208952901861,-125.97594622402316,0.020411688123778197,0.0237762745237147,-16.48362633964113
0.712,post_correction,0.010094373212317001,0.0221870069645288,-119.79578620549269,0.01976804564510957,0.020949600264873573,-5.977093745007147
0.716,post_correction,0.009889951158350401,0.019092458060067832,-93.04906317911853,0.0195114520097842,0.01813133074871638,7.073390849516189
0.72,post_correction,0.0106262363752223,0.015998867415352627,-50.56005579414689,0.01965561548469381,0.015323829570441773,22.038413997390617
0.724,post_correction,0.05554191473761463,0.0129070621072935,76.76158236843705,0.05411901983098547,0.01253168389326033,76.84421496842151
0.728,post_correction,0.052512023479974225,0.009818904518668042,81.3016070073694,0.051479459002850864,0.009764828302438687,81.03160271770159
0.732,post_correction,0.04949004660356213,0.0067396586737537975,86.38178959955009,0.04886007003709503,0.00704881049146566,85.57347444218944
0.736,post_correction,0.046477594337798696,0.003692129696137022,92.05610843516845,0.04626370882898097,0.004470706398703794,90.33647212498619
0.74,post_correction,0.04347671637199491,0.0010200374511123537,97.65383051842113,0.043693906656809105,0.0024903089231996622,94.3005578723834
0.744,post_correction,0.04049005990195093,0.05950467189756968,-46.96118514436321,0.04115506046144996,0.05404913729187663,-31.330477190051948
0.748,post_correction,0.037521099277036785,0.056408201884382975,-50.33728481112292,0.03865268619009625,0.05124433021131643,-32.57637505267735
0.752,post_correction,0.0345744768291656,0.05331144636216567,-54.193067405128,0.03619375779323668,0.04844232136613548,-33.84164651504526
0.756,post_correction,0.03165652039050391,0.05021442271647742,-58.62268530163656,0.033787161895208105,0.04564309030593583,-35.090039369093034
0.76,post_correction,0.028776048353366477,0.04711715166975798,-63.737393999220885,0.031444306303853725,0.04284663906558836,-36.261994942903854
0.764,post_correction,0.025945653565175506,0.044019658473864354,-69.6610122511924,0.02917992652646462,0.040052998931573006,-37.26216512316128
0.768,post_correction,0.023183800169916807,0.040921974642785734,-76.5110738656465,0.027013130500983557,0.037262240275515446,-37.94121445553567
0.772,post_correction,0.020518313362593864,0.0378241405353592,-84.34332231378683,0.024968689449328802,0.03447448717559615,-38.07087170337198
0.776,post_correction,0.017992217538381986,0.034726209318872464,-93.00683334220814,0.02307848427299907,0.03168993974556393,-37.31378270209854
0.78,post_correction,0.015673219044173535,0.031628253260274915,-101.79806822793438,0.02138278796913371,0.02890890931743556,-35.197100392922984
0.784,post_correction,0.013667328808931699,0.02853037411360438,-108.7487212201961,0.019930635307354807,0.02613187595548309,-31.1141142893719
0.788,post_correction,0.012131076857544235,0.025432721094090307,-109.64932786056723,0.018777943562932196,0.023359586678728773,-24.39906745081914
0.792,post_correction,0.011258598347807612,0.02233552379704057,-98.38636308923806,0.01798174107191446,0.020593232273259605,-14.5230163803438
0.796,post_correction,0.01120623087367208,0.019239156878806327,-71.68267453784844,0.01758988140495455,0.01783478676952785,-1.392308219339763
0.8,post_correction,0.011984921907652333,0.016144279055403814,-34.704916559328986,0.017628772336752065,0.015087713994119047,14.41426716558973
0.804,post_correction,0.05544438676102949,0.013052169406566257,76.45898860271946,0.05361209202420848,0.01235859891521744,76.94811291893453
0.808,post_correction,0.05242605056240243,0.00996568759348467,80.99096253374537,0.05097900748829016,0.009661472452382464,81.0481354416292
0.812,post_correction,0.049417424090587324,0.0068927993351081025,86.05188460962093,0.04836132598360667,0.007031698395981796,85.46007940649648
0.8160000000000001,post_correction,0.04642048596160708,0.003866757044654204,91.67014958039802,0.04576150787124653,0.004584439502462619,89.98188714549947
0.8200000000000001,post_correction,0.04343775126088913,0.001282041707044722,97.04855414971941,0.04318260203422961,0.0028359009883069963,93.43276955367568
0.8240000000000001,post_correction,0.040472461959790644,0.05972362739426145,-47.56608444921592,0.040628418878910735,0.05357326363083146,-31.861551862260853
0.8280000000000001,post_correction,0.03752886179384941,0.056622910222721395,-50.87830410034257,0.038103764301954356,0.05080371695633943,-33.32991605171589
0.8320000000000001,post_correction,0.034612600771945695,0.05352182887727501,-54.631052517312355,0.03561475883065844,0.04803527145559569,-34.87462229912739
0.836,post_correction,0.03173134255622347,0.05042040675651845,-58.89780480350174,0.033169276018646325,0.045267970930281745,-36.47560744115747
0.84,post_correction,0.028895695263182527,0.04731867226209269,-63.75682201488265,0.03077754719313801,0.042501886000934984,-38.0938049878483
0.844,post_correction,0.02612066578121904,0.044216660558797895,-69.27845916772159,0.02845299494895261,0.03973712294053387,-39.658840877124064
0.848,post_correction,0.023427967635709236,0.041114416131196624,-75.49288427618218,0.02621337061848156,0.03697383647438307,-41.04953160168923
0.852,post_correction,0.020849705191650122,0.03801199659182096,-82.31431208458517,0.024082266272961336,0.0342122487749016,-42.06407481389669
0.856,post_correction,0.018434159666238428,0.034909478519558154,-89.37385349598412,0.022091010672470667,0.031452678432966306,-42.377725036192864
0.86,post_correction,0.01625426476045112,0.03180696671395641,-95.68382318557508,0.02028075540190173,0.02869558607037511,-41.49170236373108
0.864,post_correction,0.014417562111305042,0.02870460944823667,-99.09475143324629,0.018704065292867823,0.02594164886410355,-38.69524329556067
0.868,post_correction,0.013069824694060123,0.025602624803975616,-95.89111103847712,0.017424421035431716,0.023191887761264903,-33.09990451966998
0.872,post_correction,0.012372179987805654,0.02250134876517392,-81.87052554482591,0.016511020977046393,0.02044789634716041,-23.84392446467762
0.876,post_correction,0.01243481455500489,0.019401329366756297,-56.024275882324716,0.016026624653798806,0.017712279825716767,-10.517842704442495
0.88,post_correction,0.01324720726414794,0.016303528008998206,-23.071434483567344,0.016010264171904057,0.014989566910340117,6.3752680818042435
0.884,post_correction,0.055409685131020854,0.013209803079462604,76.15975790472928,0.053391475909411984,0.012288307244073381,76.98451478486443
0.888,post_correction,0.052400923236784754,0.010124275725252735,80.67920353329647,0.05074352749585789,0.009626587507796176,81.02893515122302
0.892,post_correction,0.049403723225736426,0.0070582481014005724,85.71312516437295,0.04810784285630698,0.007049418796080499,85.3466329447854
0.896,post_correction,0.046420439332035233,0.004057113371787618,91.26007114502306,0.045486605998064276,0.004698282473979596,89.6710638859722
0.9,post_correction,0.04345405918293421,0.0015595864239452873,96.4109534223726,0.04288253170314071,0.003132527255726081,92.69509720785292
0.904,post_correction,0.040508425431477924,0.05998187024168588,-48.0725789827311,0.0402990270685075,0.053551874166805485,-32.88627061831648
0.908,post_correction,0.037588553452854986,0.056874686247919984,-51.3085261960251,0.037740412748019495,0.05078762683053077,-34.57093638488614
0.912,post_correction,0.03470109462382045,0.05376707029979028,-54.94344164832789,0.03521222936845214,0.0480234443531812,-36.382856792950086
0.916,post_correction,0.03185502367133449,0.05065905382597067,-59.03003039221546,0.032721666350399206,0.04525941193253391,-38.316341985382245
0.92,post_correction,0.029062675303114547,0.04755067535217506,-63.614240107755045,0.03027816723114413,0.0424956465388996,-40.35078878614742
0.924,post_correction,0.026341328856139504,0.044441982983432805,-68.7157972407094,0.02789428851014458,0.0397323077264527,-42.43886418541515
0.928,post_correction,0.02371564699922387,0.04133303800675339,-74.28593876484194,0.02558691635443332,0.036969613292484986,-44.486396017312344
0.932,post_correction,0.021221398722835797,0.03822392025208309,-80.11970252908598,0.023378966486230016,0.034207862513410174,-46.318968092786626
0.936,post_correction,0.018910917631609982,0.03511473630101928,-85.68499416614394,0.02130167078830993,0.031447471590120415,-47.629131548584276
0.9400000000000001,post_correction,0.01686020707055738,0.03200563247856525,-89.82941517044593,0.01939739096080768,0.028689029470279685,-47.90148596914764
0.9440000000000001,post_correction,0.01517526064262839,0.028896816226473918,-90.42055953425077,0.017722378813792412,0.025933389090229093,-46.331310049904104
0.9480000000000001,post_correction,0.013989210242490079,0.025788592919819393,-84.34631028341043,0.016347705704375024,0.023181823190790006,-41.804749914148594
0.9520000000000001,post_correction,0.013435185885706642,0.02268143290771144,-68.82113206815879,0.01535474618266496,0.02043630472479849,-33.09438320687095
0.9560000000000001,post_correction,0.013591038051552784,0.019576102253412116,-44.03684383162722,0.014820955666505958,0.017700044695335898,-19.425798805514443
0.96,post_correction,0.014434102495125691,0.0164739408551675,-14.132076176753271,0.014796667138789405,0.0149786086592225,-1.2296114978226187
0.964,post_correction,0.05541984518111128,0.013377525676238696,75.86148854706987,0.053359815251874394,0.012282479270749479,76.98178074123294
0.968,post_correction,0.05241875210830609,0.010292522430827717,80.36480836178318,0.05068509032747224,0.009633758010789042,80.99291537502228
0.972,post_correction,0.04943113153777532,0.007234219500737862,85.36505381186862,0.048020660657995345,0.007086980864819808,85.24180890535116
0.976,post_correction,0.04645972091177477,0.004261637431324228,90.82724272189041,0.04536855668250731,0.004808794926110713,89.40059971543059
0.98,post_correction,0.04350798808416814,0.0018515913830061514,95.74424958602046,0.042731310310279026,0.003394807829066838,92.05545581350869
0.984,post_correction,0.04058038308210912,0.06027531200303071,-48.53312715424954,0.04011211183056043,0.05384468704409144,-34.235482967188226
0.988,post_correction,0.0376826963290062,0.05715953685874469,-51.68643018452536,0.037515026920049904,0.05106584771971902,-36.121047783193454
0.992,post_correction,0.034822576039741926,0.05404327445514304,-55.19608426862253,0.03494530068723154,0.04828635660850402,-38.17696702820786
0.996,post_correction,0.032010286250033916,0.05092656632165608,-59.09437961243513,0.03240978909519346,0.04550632943801687,-40.409211872241706
1.0,post_correction,0.029259830927323618,0.0478094636765874,-63.3962403793032,0.02991757822465326,0.04272591877599317,-42.812090120266916
1.004,post_correction,0.02659063310907195,0.044692030804220274,-68.0743388880525,0.027480881095434746,0.03994532674575984,-45.35679044292269
1.008,post_correction,0.02403003613351496,0.041574349951790976,-73.00993523603888,0.025116341054916624,0.03716482345115655,-47.970691152409664
1.012,post_correction,0.021616942955547648,0.03845652860865401,-77.89994028172588,0.022846913052273835,0.03438477433225104,-50.50074490841948
1.016,post_correction,0.019406760032920488,0.03533871063795909,-82.09485034087389,0.020704505423006205,0.03160568192495392,-52.65122870230297
1.02,post_correction,0.01747697550177456,0.032221093867525294,-84.36310026442308,0.018733435179609823,0.02882825168196694,-53.88662786921587
1.024,post_correction,0.01593018602024959,0.02910395897541849,-82.69691853204424,0.01699419778203909,0.02605349965604232,-53.30820548397918
1.028,post_correction,0.014886647646808719,0.025987719131599855,-74.57066055547365,0.015565561455249866,0.02328293657085062,-49.57980563558716
1.032,post_correction,0.01445615434314379,0.022873010126955577,-58.22333923685383,0.014540308642408704,0.020518899392381922,-41.117357939266014
1.036,post_correction,0.014693074814210337,0.019760865464226143,-34.49101508089046,0.014008283084233642,0.01776518781694649,-26.81916627556774
1.04,post_correction,0.015567323913834034,0.01665308687653535,-6.974628193715701,0.014026726283604884,0.015028386065969181,-7.1410802642886475
1.044,post_correction,0.055458910384606756,0.013553121238564454,75.56186887810497,0.05346245888773396,0.012320894452400427,76.95411937884653
1.048,post_correction,0.052463776348722825,0.01046848001794588,80.04627050031118,0.050753867607110294,0.009668829907304078,80.94957022359114
1.052,post_correction,0.04948410462125174,0.007419097893569914,85.00710894871146,0.04805459385623127,0.007136285442077868,85.1496290585078
1.056,post_correction,0.046523028043764965,0.004478903046854188,90.37271812436454,0.045366647588310015,0.004914721322773464,89.16666409346968
1.06,post_correction,0.04358450826249813,0.002157148814760441,95.05065239747917,0.04269254237879093,0.003633129206306193,91.49001440562817
1.064,post_correction,0.04067361696367366,0.060600432191850115,-48.99199214560499,0.04003545635636287,0.054379069473858364,-35.82727517783335
1.068,post_correction,0.03779693295032003,0.057474015517991146,-52.059998078506815,0.03739945631344549,0.051570796056576086,-37.89183357201868
1.072,post_correction,0.034963109924151935,0.05434706935582717,-55.441176353380165,0.034789814195751945,0.048761314181863316,-40.15974304288575
1.076,post_correction,0.032183697387387446,0.051219647593985174,-59.14780386313779,0.03221346029484743,0.04595076435166364,-42.6446085924321
1.08,post_correction,0.02947433649027921,0.04809181696252024,-63.16505370148425,0.029679640658165925,0.043139328910848616,-45.34990301164395
1.084,post_correction,0.026856502973322247,0.04496366149658893,-67.42187745460876,0.027200880900971648,0.04032724660389909,-48.25713457852959
1.088,post_correction,0.02436001398435803,0.04183528900320071,-71.7375409967492,0.024794407095249348,0.037514833684651985,-51.303612708044525
1.092,post_correction,0.02202648790683192,0.03870684066367207,-75.72860833463346,0.022484230920029716,0.034702515287184627,-54.34157125770509
1.096,post_correction,0.0199136479035745,0.035578505699829316,-78.66392873925915,0.020304133999517988,0.03189087336510142,-57.06591261591604
1.1,post_correction,0.018099329629924426,0.03245054451548225,-79.29141674855363,0.01830165496990698,0.02908072234190324,-58.89668114561251
1.104,post_correction,0.016681635906125127,0.02932332662673758,-75.78208031725896,0.016542536088440578,0.026273233036884634,-58.82228031071712
1.108,post_correction,0.015768345286566024,0.026197395698482017,-66.13915551938801,0.015113230886519082,0.02347014480264513,-55.295350007392315
1.112,post_correction,0.015449609550218115,0.023073587279269486,-49.34738126727439,0.014115623662770848,0.020674148232711378,-46.46287494358655
1.116,post_correction,0.015761964253178315,0.01995325664082864,-26.591180644285327,0.013646122560090629,0.017889620932572514,-31.09673355046947
1.12,post_correction,0.016670369321906697,0.01683875837098277,-1.010109889136006,0.013760288448218999,0.015124157533415217,-9.911631506334771
1.124,post_correction,0.05551262641353386,0.013734572711074087,75.25865087203724,0.05366547987595308,0.012392080956617774,76.90865527474668
1.1280000000000001,post_correction,0.05252207347627652,0.010650375556504978,79.72209615578942,0.05091873348355826,0.00972357852826194,80.90373058591157
1.1320000000000001,post_correction,0.049549094322308807,0.007611414634584879,84.63864024421139,0.048181279659685564,0.007192518265235187,85.07196505356967
1.1360000000000001,post_correction,0.04659723815799864,0.004707608361507904,89.89723737371371,0.04545525816814556,0.005015608927394671,88.96583337214538
1.1400000000000001,post_correction,0.04367098502310325,0.0024754584704236955,94.33157170804803,0.04274335123475454,0.0038548739858655476,90.98134826936274
1.1440000000000001,post_correction,0.040776056523523126,0.06095415660360344,-49.48516801383149,0.04004895938458866,0.05511598117463162,-37.62150633017681
1.1480000000000001,post_correction,0.03791985099024328,0.05781510067355126,-52.46658191886617,0.03737644726579883,0.05226605580529922,-39.83687490042713
1.1520000000000001,post_correction,0.03511205912153771,0.054675486804482795,-55.71711876887588,0.03473149221340474,0.04941444483313685,-42.27561698044513
1.156,post_correction,0.03236554158517641,0.05153538373787413,-59.22917156275118,0.0321215854268482,0.04656131017403082,-44.95333762421783
1.16,post_correction,0.02969758320055644,0.048394876831026806,-62.95897381346519,0.029556761874011937,0.04370686046128177,-47.87431941153013
1.164,post_correction,0.02713167273135279,0.04525407381872809,-66.79426390999268,0.02705067404055981,0.04085136738916017,-51.01792778955373
1.168,post_correction,0.024699965318261012,0.042113113153315104,-70.49867321951388,0.0246221781897766,0.03799518943837836,-54.31286844538548
1.172,post_correction,0.02244648180136903,0.038972176376321534,-73.62264929172369,0.022297660296504877,0.03513880717524202,-57.58966056519381
1.176,post_correction,0.020430676744990085,0.035831506991486795,-75.38091096406401,0.020114341414611207,0.0322828772646205,-60.49681468153852
1.18,post_correction,0.018729877114181108,0.03269144020085791,-74.54166944910688,0.018124597452126825,0.02942831783036864,-62.366738947437334
1.184,post_correction,0.017436962005135843,0.02955245155722531,-69.48165367637436,0.016400459576868524,0.026576448518479148,-62.04697431749415
1.188,post_correction,0.01664771259132893,0.026415240198501132,-58.67188992834778,0.015035149856271041,0.023729230700587627,-57.82503618140097
1.192,post_correction,0.01643532727990542,0.02328087909218097,-41.651448101342226,0.014134717524640834,0.02088970169845509,-47.79001888108762
1.196,post_correction,0.016822130539573297,0.02015110467365658,-19.78925396073954,0.013792251165452516,0.018062811440369572,-30.96347524191089
1.2,post_correction,0.017769467417915494,0.017028923284678272,4.167508883752998,0.014050321564057191,0.015257166169445897,-8.589444731827307
1.204,post_correction,0.05556832042569685,0.01392002430445863,74.9497119980947,0.05394550271300655,0.012489037648628186,76.8487880906947
1.208,post_correction,0.052581471036035506,0.010836584032584954,79.39086940881066,0.05115821609716536,0.009792797576056084,80.85782045750675
1.212,post_correction,0.04961449531726942,0.007809834547786348,84.25896605851806,0.048381198440366605,0.007252506568350027,85.00965911935961
1.216,post_correction,0.046671392841364866,0.004946583350459733,89.40125192476455,0.045616893607479635,0.0051113192377217846,88.79511769980826
1.22,post_correction,0.043757202799777975,0.0028058254185935605,93.58774044256823,0.04286837020769154,0.004065594634457976,90.51609703200585
1.224,post_correction,0.04087834505883269,0.06133366136733211,-50.03949225209542,0.04013952555311249,0.05603394344099255,-39.59792167161672
1.228,post_correction,0.03804309358815568,0.05818000937421724,-52.93185670981021,0.03743537095263747,0.05313152319434588,-41.92866757368822
1.232,post_correction,0.035262238519706904,0.05502578589693337,-56.047341878710476,0.03476243613418371,0.050226977062232045,-44.48635552570279
1.236,post_correction,0.03255001537852952,0.051871077276530994,-59.35807302489305,0.03212934983704527,0.047320486251687444,-47.2811821331247
1.24,post_correction,0.029925405107435972,0.04871599092691456,-62.79141669767884,0.029547682344659945,0.04441228341339306,-50.30716418074511
1.244,post_correction,0.02741392422830681,0.04556066262607613,-66.19533287770429,0.027033176415722986,0.0415026707247374,-53.524950551496026
1.248,post_correction,0.02504999305831833,0.04240526706181519,-69.28255015118141,0.024607543384876168,0.03859204617240109,-56.83014581666782
1.252,post_correction,0.022879794839362477,0.039250033460468924,-71.5488872869744,0.022301039524114694,0.03568094270950926,-59.99676907852895
1.256,post_correction,0.020964019144189692,0.03609526940159477,-72.17723926568154,0.020155982601437094,0.03277008826430474,-62.58243972669573
1.26,post_correction,0.019378739848194024,0.03294139828833846,-69.98730849575026,0.018230985780607296,0.029860500741299565,-63.78983067971476
1.264,post_correction,0.0182109692674405,0.029789020549354884,-63.57734787139996,0.016604462414769736,0.026953644211472453,-62.32771370843707
1.268,post_correction,0.0175447857011843,0.026639018115984937,-51.83438868784111,0.015373293425507088,0.02405169737477249,-56.45116962944553
1.272,post_correction,0.01743827995880918,0.023492742480365283,-34.719379066383276,0.014639523425238622,0.02115804010725684,-44.526836650845176
1.276,post_correction,0.017901935923545106,0.02035237585740049,-13.688128168487632,0.014480948279881703,0.01827819362426399,-26.222352783745364
1.28,post_correction,0.01889428673104267,0.017221683361104738,8.852429275299937,0.014917853094863228,0.015421786067772824,-3.3780529256124536
1.284,post_correction,0.055614999098185305,0.0141077519070611,74.63318864367035,0.05428447736284208,0.0126070860331651,76.77589129412031
1.288,post_correction,0.052631685579255204,0.011025611559039335,79.05138047985095,0.051455820559273904,0.009872826122329119,80.81300421405923
1.292,post_correction,0.04967082801759975,0.008013153119213958,83.86748633146468,0.04863952315652103,0.007313890790365847,84.96307053251758
1.296,post_correction,0.046736927810507645,0.005194801560584042,88.88501704338358,0.04583853811576653,0.005201841046199673,88.65181731349662
1.3,post_correction,0.04383564534849065,0.0031476572984291754,92.8194115236459,0.043056576607934216,0.004269790891938226,90.08330148767236
1.304,post_correction,0.040974172987671476,0.061736168655923206,-50.6709328202883,0.04029835532432132,0.05712076129399831,-41.744646485669705
1.308,post_correction,0.03816174768154975,0.05856600501693559,-53.46782727472093,0.03756994125002894,0.054155711003659894,-44.14638192605154
1.312,post_correction,0.035410358512681095,0.055395272903532744,-56.438045900311025,0.034879237784696225,0.05118810849838269,-46.758105249771894
1.316,post_correction,0.03273572227746237,0.05222407926152216,-59.53238733784402,0.03223667683370567,0.048218152871072,-49.57544513600915
1.32,post_correction,0.030158615147032754,0.04905255730973389,-62.64857345268412,0.029656210387284415,0.0452460992337883,-52.568715432327465
1.324,post_correction,0.02770664229728462,0.045880875612936696,-65.5952212492859,0.027156730946466066,0.04227227849905976,-55.660409135366486
1.328,post_correction,0.025416453838839087,0.04270925119495703,-68.03780521770777,0.02476408097339168,0.03929712617045029,-58.68598641990374
1.332,post_correction,0.02333617264632054,0.039537968955388934,-69.42782158248629,0.022513793101440478,0.03632122530295781,-61.32876916521856
1.336,post_correction,0.021527214373372808,0.03636741122514775,-68.93691210754564,0.020454509262779752,0.033345372456130805,-63.022109343918785
1.34,post_correction,0.020063609890518707,0.03319810420935735,-65.46426286450826,0.0186513711399113,0.030370682315274133,-62.83351013419684
1.344,post_correction,0.01902576035408834,0.030030793721306813,-57.8428045050702,0.017187118249348723,0.02739876009252317,-59.41450855824188
1.348,post_correction,0.018486057140935257,0.026866574198208013,-45.3342591845346,0.016156222043300233,0.02443199863573404,-51.223464063900146
1.352,post_correction,0.018488714110651592,0.023707120292792556,-28.224819481277887,0.015646718542447115,0.021474118537819654,-37.24359187240256
1.356,post_correction,0.019034021624994818,0.020555129982990437,-7.991523746080821,0.015711554816937617,0.018531215486192475,-17.94641397435194
1.36,post_correction,0.020078300283221405,0.017415242529432846,13.263362516865858,0.01634595800298789,0.015613958781111978,4.478166539655295
1.364,post_correction,0.055643665145389834,0.01429614372054002,74.30768860536772,0.05466675968493345,0.01274268436166706,76.69025119632427
1.368,post_correction,0.05266468720511032,0.01121608814658294,78.70282965338758,0.051797419646510336,0.009960729330137792,80.76983487186342
1.372,post_correction,0.04971115467841641,0.008220300779018464,83.46387077066315,0.04894381267532779,0.007374666873690409,84.93238170346315
1.3760000000000001,post_correction,0.046788144245357766,0.005451389638402267,88.3487799605492,0.04610964315985023,0.005287222053194537,88.5333702651632
1.3800000000000001,post_correction,0.043902025826285385,0.0035004532630212187,92.02667030247748,0.043299566377697524,0.00447140244912505,89.67333203727382
1.3840000000000001,post_correction,0.041060869576768654,0.062158745746020955,-51.38195168956924,0.04051949546058882,0.05836877174376718,-44.051082276035274
1.3880000000000001,post_correction,0.03827499880891937,0.058970209214898574,-54.06978719789411,0.0377770258641773,0.05533131482036513,-46.46816035572028
1.3920000000000001,post_correction,0.03555774134317767,0.05578112597888682,-56.8747728955212,0.03508202689728801,0.05229088193458862,-49.05319492423891
1.3960000000000001,post_correction,0.0329264436967376,0.05259162685012786,-59.72458894896906,0.032447469778910505,0.049247689140206205,-51.77667003242003
1.4000000000000001,post_correction,0.030403814465754287,0.04940187491672022,-62.48577944838018,0.029890585101423384,0.04620201294021696,-54.570453483752075
1.4040000000000001,post_correction,0.028019631664907063,0.04621207667007288,-64.92749520312495,0.027434460873854535,0.043154211730726845,-57.29928839918803
1.408,post_correction,0.02581273100956252,0.04302249807688284,-66.6716244048134,0.02511017750197079,0.04010475705922322,-59.715147597326116
1.412,post_correction,0.023832890295486957,0.03983348835837229,-67.13662449038017,0.02295945439050774,0.037054280348193656,-61.39007364004791
1.416,post_correction,0.022141614344681888,0.036645516151494514,-65.50516859804428,0.02103739349256636,0.0340036447671973,-61.63430502553755
1.42,post_correction,0.020809920493081457,0.03345922626354567,-60.78497885020585,0.019413994030907666,0.030954059501046845,-59.441995561382406
1.424,post_correction,0.019910651436305323,0.0302755320801509,-52.05696396726693,0.018171587693483128,0.027907268538954637,-53.57639084538008
1.428,post_correction,0.01950427984746609,0.02709577267381698,-38.92218982561995,0.01739421985756694,0.024865877013224163,-42.954827619974324
1.432,post_correction,0.01962201298271251,0.023921994077363833,-21.914067116557895,0.017147506774999398,0.02183394655537423,-27.330152668069122
1.436,post_correction,0.020255250646116173,0.020757485483158998,-2.4795291147835057,0.01745617916686897,0.018818154618349264,-7.802254081266895
1.44,post_correction,0.021358695368872357,0.01760788418888955,17.56105003234021,0.018294263514107748,0.015830240044471016,13.468831187090874
1.444,post_correction,0.05564785593491937,0.014483689274986025,73.97260140278392,0.05507741044532079,0.012892700408948753,76.59167287512865
1.448,post_correction,0.052675293175408096,0.011406767554145316,78.34512754174729,0.052169765202108656,0.010053794184055545,80.72869573955994
1.452,post_correction,0.04973173180298421,0.00843035090760582,83.04834639380094,0.049282735458530964,0.007432909895396678,84.91782197915714
1.456,post_correction,0.04682292359824084,0.005715631637525229,87.79309107955837,0.046421062933106834,0.005367555357138493,88.43724159252193
1.46,post_correction,0.04395606695990444,0.0038637843140442414,91.20989528574364,0.043590699317928264,0.004674121158165935,89.27725126849815
1.464,post_correction,0.04114024991912664,0.06259810574185842,-52.15781592215303,0.040799188355814565,0.059771736239159795,-46.50226793210538
1.468,post_correction,0.038387043414065326,0.05938941587597258,-54.712138768707085,0.038056186700842175,0.05665230178270046,-48.86489344831483
1.472,post_correction,0.0357112919996283,0.05618022261412773,-57.317810329327976,0.03537417542617459,0.05352946659904794,-51.323574201081215
1.476,post_correction,0.03313215286647962,0.052970684144215886,-59.87697617382194,0.032769428168168115,0.050403463156035055,-53.81245866534974
1.48,post_correction,0.030674419777556725,0.04976099779343478,-62.223110181999125,0.030263309692952926,0.047274588664473885,-56.21090073793938
1.484,post_correction,0.02837010787795321,0.046551413503264256,-64.08613496827759,0.027883960420018235,0.044143228154202956,-58.310467699961286
1.488,post_correction,0.026260113705104778,0.043342253281308904,-65.04975480316934,0.025668331430844595,0.04100988816829358,-59.76842234089926
1.492,post_correction,0.024395420504589375,0.04013393996123416,-64.51423722613836,0.023664277099460212,0.037875247224160996,-60.05241598960544
1.496,post_correction,0.022836738107153396,0.0369270409002497,-61.70015493010646,0.021931849108441877,0.034740233604365414,-58.400841773954255
1.5,post_correction,0.021650825846769833,0.03372233648644297,-55.755428107487774,0.02054200499994367,0.03160614934587495,-53.861073181325864
1.504,post_correction,0.020901813333196427,0.030520931524085658,-46.020496105053574,0.01957010351134679,0.028474875688192618,-45.50191659273964
1.508,post_correction,0.02063791024625989,0.027324444251043446,-32.399278439518,0.019082408022369775,0.025349229424903766,-32.840831173862185
1.512,post_correction,0.020878093562738145,0.024135343875792057,-15.601282287896435,0.01911830635282193,0.02223361565219217,-16.294902079076735
1.516,post_correction,0.021606107287540095,0.02095759172758045,3.001538182371406,0.019677166883495446,0.01913530501999906,2.753759556467869
1.52,post_correction,0.02277573488595661,0.0177979555320667,21.855625642003673,0.020718838538355606,0.016067143784165922,22.451522779996893
1.524,post_correction,0.05562441595857081,0.01466897493024675,73.62853222374103,0.05550126405363655,0.013053910989870987,76.47997534388469
1.528,post_correction,0.052662001372993254,0.011596532119441989,77.97931750199479,0.05255973501433141,0.010149184731416658,80.69019044968684
1.532,post_correction,0.04973290772695265,0.008642529033823813,82.62211193989766,0.04964549826654548,0.00748659428760089,84.91989294295013
1.536,post_correction,0.04684369151612661,0.005986966342532032,87.21926870244431,0.04676466727438088,0.005442998210358767,88.36087472102979
1.54,post_correction,0.044002531666934096,0.00423726462063466,90.37040720132298,0.04392489539050152,0.004881583441798777,88.88652232771307
1.544,post_correction,0.04121970925838026,0.06305040687728476,-52.961794276766184,0.04113584429182817,0.06132248057673961,-49.07310554197525
1.548,post_correction,0.03850823814405596,0.05981990452584383,-55.34313541446061,0.03840980835972087,0.05811169148165881,-51.29388550295053
1.552,post_correction,0.03588468441984417,0.05658896699838696,-57.696710764699816,0.035762541175106584,0.05489707844565904,-53.504411716333884
1.556,post_correction,0.033370205417805075,0.053357783600082954,-59.89647930549827,0.03321433054854242,0.05167889014800898,-55.5921474090251
1.56,post_correction,0.0309918049133383,0.05012659055330872,-61.741436787810834,0.03079134681603835,0.04845744417945529,-57.37357793721179
1.564,post_correction,0.028783709370052243,0.04689568713313146,-62.92440467010714,0.028527214315399216,0.04523315172517002,-58.56140464704542
1.568,post_correction,0.026788570809665565,0.043665458948673706,-63.00033047272087,0.026464571567399613,0.0420065536713905,-58.72750316176016
1.572,post_correction,0.02505784550702349,0.040436412344437137,-61.372262962923806,0.024656016264223684,0.03877837479230153,-57.27753574112309
1.576,post_correction,0.023650218716931577,0.03720922662917463,-57.33142714040076,0.023163253796475602,0.035549607484289716,-53.474152624009825
1.58,post_correction,0.0226266571854987,0.033984835876987474,-50.198217961989386,0.022052731866830533,0.03232164559742099,-46.56526816088444
1.584,post_correction,0.02204132776037184,0.030764561752107043,-39.576717367357176,0.021386379720243043,0.029096506907973038,-36.051577165405234
1.588,post_correction,0.021929942137667562,0.027550338508886694,-25.62887004414554,0.021208429327604642,0.025877220470158262,-22.013846807961286
1.592,post_correction,0.022300180749148975,0.024345113797849482,-9.170029031170731,0.021533284075849618,0.022668539382577676,-5.272095527691891
1.596,post_correction,0.023129477833593145,0.02115360731842961,8.542650765309494,0.022341232054847344,0.019478343167591592,12.814373353391652
1.6,post_correction,0.02437153454388984,0.0179838577971707,26.20957960285922,0.023584773688018326,0.016320633353027983,30.80012736641486
1.604,post_correction,0.055574516681133904,0.014850684675709803,73.27788784755869,0.055922613117510095,0.013222618007483948,76.35550760172941
1.608,post_correction,0.0526280733047896,0.011784401090784774,77.60814646864091,0.0529541906108546,0.010243684507595177,80.6555734505072
1.612,post_correction,0.04972026938990945,0.008856221201963738,82.18790583672688,0.05002188161154185,0.007533473880333727,84.93964313690374
1.616,post_correction,0.046858626536488805,0.006264976071566537,86.63004758219279,0.04713355595704723,0.005513816194502623,88.30171820787858
1.62,post_correction,0.04405248770846825,0.004620512708572606,89.51134669362975,0.0442990225489581,0.005097470973202668,88.49303962052643
1.624,post_correction,0.04131353097319552,0.0635110500446044,-53.72941636436445,0.041530585779574074,0.06301083665969895,-51.721521565172516
1.6280000000000001,post_correction,0.03865642816107591,0.06025725260095523,-55.87899727794745,0.038843762104230226,0.05969961639967123,-53.69164356294347
1.6320000000000001,post_correction,0.03609967159339945,0.057003117087918234,-57.90480791614964,0.036258183260516885,0.05638415877862054,-55.507401938749936
1.6360000000000001,post_correction,0.03366657079775708,0.05374886787716427,-59.650557224988006,0.0337986888610384,0.05306472882832452,-57.00232942910142
1.6400000000000001,post_correction,0.03138636485260129,0.05049478499863323,-60.8812783378074,0.03149654691738625,0.049741664547029836,-57.92735844186205
1.6440000000000001,post_correction,0.029295275023222225,0.047241223267662225,-61.25884884239637,0.029390601533517163,0.046415403168934354,-57.92600609416598
1.6480000000000001,post_correction,0.027437102399167426,0.04398863987224127,-60.325384336416285,0.02752789277211789,0.043086519667732734,-56.51949832997633
1.6520000000000001,post_correction,0.02586265413249249,0.04073763511626157,-57.51529177000023,0.025962925380130477,0.039755784671125026,-53.125212544616694
1.6560000000000001,post_correction,0.02462698503727713,0.037489014235561724,-52.22738056979255,0.024754439433921895,0.036424254187630116,-47.14231071504958
1.6600000000000001,post_correction,0.02378355007343539,0.034243884128186894,-43.9813821841298,0.0239587225244441,0.033093413447874837,-38.126786242926705
1.6640000000000001,post_correction,0.023375442930412098,0.03100381023052086,-32.63410803730288,0.02361984751319478,0.029765416861599926,-26.018666483651256
1.668,post_correction,0.02342601609828666,0.02777108181501171,-18.548035220734096,0.023759676926854094,0.026443507564797224,-11.295737085169549
1.672,post_correction,0.023932933054684417,0.02454918346145627,-2.5749054884488354,0.024372222869744328,0.02313279332780084,5.085418546217688
1.676,post_correction,0.024868847174761836,0.02134368437619049,14.17501492449099,0.02542550023335427,0.01984178258224221,21.961092603350618
1.68,post_correction,0.02618831503095385,0.018164042259811716,30.64066077430973,0.026869773012912698,0.016585690515568064,38.27379744667903
1.684,post_correction,0.055504925703507284,0.015027605714642987,72.9256358347068,0.05632550751283503,0.013394331951633929,76.2197758296599
1.688,post_correction,0.0525828593543225,0.011969541373446631,77.23680012760147,0.05334045492640236,0.010333496446211708,80.62728100000352
1.692,post_correction,0.049706018380257476,0.009070979606064334,81.7507418585207,0.05040289705938107,0.007571010078287755,84.97901803269734
1.696,post_correction,0.046883076448801284,0.006549365282710355,86.03042765364897,0.047522889723569085,0.005580451491556739,88.25733972825078
1.7,post_correction,0.04412474597679828,0.005013101238357034,88.6387986437519,0.044712883485080915,0.005325525476058261,88.08950561679791
1.704,post_correction,0.04144431662130889,0.06397447915131839,-54.36249012349611,0.04198835215451765,0.06482167455300045,-54.38013455363977
1.708,post_correction,0.038858321839112336,0.06069615115315102,-56.198590882167494,0.039368560098538986,0.061401467141402453,-55.96574268328684
1.712,post_correction,0.03638733469169097,0.05741761565307517,-57.79560701429021,0.036877455596768756,0.05797663272419306,-57.214297423689494
1.716,post_correction,0.03405685665851368,0.05413913621096775,-58.966920387920815,0.034544621402800284,0.054547453181675754,-57.90433059212507
1.72,post_correction,0.031898185386532114,0.0508610417897164,-59.44807258907801,0.03240610470292482,0.05111428731309077,-57.730426972537174
1.724,post_correction,0.02994900757191818,0.047583749220997826,-58.882557649806536,0.03050476727640819,0.04767759867674975,-56.29556601673438
1.728,post_correction,0.028253253959546417,0.044307795598149284,-56.82369068564663,0.028889555995420178,0.04423799648230783,-53.12799023052074
1.732,post_correction,0.02685952818751841,0.04103388609688233,-52.77217756919023,0.027612905687107777,0.04079629724740347,-47.743586675309224
1.736,post_correction,0.025817369162767563,0.037762966487719825,-46.26961503955084,0.026725631064974626,0.037353620589161945,-39.767029254983136
1.74,post_correction,0.025171069786606062,0.03449633651382877,-37.0475581939105,0.02626950903670573,0.03391154328747464,-29.09089104060104
1.744,post_correction,0.024951995185763545,0.031235833561249062,-25.18371107682317,0.026269300630005207,0.030472357279089833,-15.999880271969744
1.748,post_correction,0.025171876441459594,0.027984142777101893,-11.172255442229677,0.026727269109088153,0.027039522803175623,-1.1682962924981117
1.752,post_correction,0.025820054596738373,0.024745346926161624,4.1622982110677125,0.027622813589595997,0.02361851108490497,14.496360016704555
1.756,post_correction,0.026866072896849575,0.021525960003784733,19.876790007858,0.028917388949835136,0.02021848391884452,30.081917306161937
1.76,post_correction,0.028266291529295936,0.018337012616831308,35.12763215568501,0.03056229807739616,0.0168559395330501,44.84727722253081
1.764,post_correction,0.05542949388004834,0.01519863878926871,72.58023170451605,0.05669474882489123,0.013563509944662135,76.07625004821043
1.768,post_correction,0.052543316773467574,0.012151279701435496,76.87378633932862,0.053707485031666696,0.010414096339978422,80.60959969762479
1.772,post_correction,0.04971050313837239,0.009286523433586758,81.3187901000778,0.050782129126071586,0.00759635161348791,85.04128963433332
1.776,post_correction,0.04694107863576415,0.0068399272222855355,85.42869609929622,0.04793137892692085,0.005643613315769665,88.22563956615089
1.78,post_correction,0.044247329530729185,0.005414494646353151,87.76311541560298,0.04517080758694433,0.005569468039396158,87.6702048581352
1.784,post_correction,0.04164434582829788,0.06443399582646257,-54.72447590395051,0.0425195202638009,0.06673296315359009,-56.946651184122985
1.788,post_correction,0.03915065959861093,0.06113023493511901,-56.1410090196486,0.04000088791402272,0.06319606830132678,-57.98666378896243
1.792,post_correction,0.03678895004930843,0.05782643569839269,-57.184251306132964,0.037643285029350854,0.05965420055554732,-58.47235571771787
1.796,post_correction,0.0345867338472972,0.05452290510990291,-57.64109253746039,0.03548067097281006,0.05610765950036192,-58.135846820255914
1.8,post_correction,0.03257686712336151,0.051220026344029786,-57.22821396566676,0.033552721908728635,0.0525568254971142,-56.63952879912764
1.804,post_correction,0.030797549119155155,0.04791828491959812,-55.59122816625164,0.031904060939731485,0.049002189082963,-53.59232536425633
1.808,post_correction,0.02929136285530409,0.044618306416239664,-52.32581234491849,0.03058203149998208,0.04544439424984338,-48.59835014514981
1.812,post_correction,0.02810281368043459,0.04132091213540398,-47.034786641922395,0.029632592011697188,0.04188430386856466,-41.34539378813445
1.816,post_correction,0.027274024576999838,0.038027203459988286,-39.426447140685625,0.029094489866520985,0.03832310163733224,-31.71944864182209
1.82,post_correction,0.026838912082785528,0.034738693662169716,-29.43406034870954,0.028992890888734416,0.034762456619446803,-19.89993254847943
1.824,post_correction,0.026817206165235863,0.03145752120922741,-17.30349916169477,0.029334555205527323,0.031204799913269892,-6.375568658324743
1.828,post_correction,0.027210441546360375,0.028186809374560192,-3.588210160192766,0.030106559325636453,0.027653812999171405,8.146883541011197
1.832,post_correction,0.028001665060795423,0.02493130240982993,10.964928850835545,0.03127913502273139,0.0241153413405356,22.90278703995385
1.836,post_correction,0.02915899185776262,0.02169855729713172,25.585365217778634,0.03281134399719268,0.020599228866450423,37.21918593699521
1.84,post_correction,0.03064143148888543,0.018501335111672255,39.619873443630574,0.0346573916559333,0.017123337440036246,50.592538497902936
1.844,post_correction,0.05537076355899486,0.015362813428689366,72.25464768546846,0.05701768959991278,0.013723361680299027,75.93139641996294
1.848,post_correction,0.052535592471205095,0.012329115068161145,76.53188155264687,0.05404782411151973,0.010480154541484784,80.60947926440012
1.852,post_correction,0.049763740660910244,0.009502732579834864,80.90430411052415,0.05115780957342196,0.00760637926528661,85.13153841278154
1.856,post_correction,0.04706677012738725,0.007136497136947396,84.8375040020118,0.04836342660110546,0.005704382162132349,88.20517369626998
1.86,post_correction,0.04445870184196424,0.005823975302740478,86.9002578540355,0.04568377604082514,0.0058328037494551795,87.23222059349314
1.864,post_correction,0.041956528217764015,0.06488160887518296,-54.64008017639714,0.04314188096945508,0.06871392367655074,-59.27428784387252
1.868,post_correction,0.03958076748971518,0.061551946155395595,-55.509733790254295,0.040765251470651506,0.06505394967357081,-59.58186771006598
1.872,post_correction,0.03735599679119818,0.05822245840450551,-55.85839866605805,0.03858626607404597,0.06138872675063649,-59.09475830813282
1.8760000000000001,post_correction,0.03531123798254715,0.05489350035423284,-55.4561762500776,0.03664212536866968,0.0577185733875241,-57.519720285864004
1.8800000000000001,post_correction,0.033479980435170434,0.051565514742287696,-54.01895124203406,0.03497402806101666,0.054043892608608625,-54.525788434555345
1.8840000000000001,post_correction,0.031899523693904024,0.048239062540338315,-51.22188971604227,0.0336251722135883,0.05036520292998052,-49.78422299240267
1.8880000000000001,post_correction,0.030609265032840442,0.044914866522376515,-46.736180937986276,0.032637313225778196,0.04668318402712544,-43.036234950410325
1.8920000000000001,post_correction,0.029647650159538616,0.04159387554479934,-40.294004148646614,0.03204603788776084,0.04299874595940848,-34.17804132295163
1.8960000000000001,post_correction,0.029047873103741722,0.0382773619278859,-31.77337215424323,0.03187561406164291,0.03931313738305796,-23.332956996630514
1.9000000000000001,post_correction,0.02883305640483242,0.03496707351120334,-21.274252095393035,0.032134905372238225,0.035628120847764726,-10.870470707980788
1.9040000000000001,post_correction,0.02901227439186764,0.03166547948590467,-9.1451123693382,0.03281584295520936,0.03194626885423926,2.64986062420212
1.9080000000000001,post_correction,0.029578869622025113,0.028376184230932255,4.066028913414969,0.033895065958074184,0.028271489184745573,16.591136834737483
1.9120000000000001,post_correction,0.030511750146180523,0.025104657766903668,17.721344575029953,0.035338054336394524,0.0246100140442874,30.358321909812553
1.9160000000000001,post_correction,0.03177912954036242,0.02185959934187707,31.21397704077021,0.03710424470705269,0.020972402213582625,43.47708091307343
1.92,post_correction,0.03334331253468643,0.018655658228003184,44.04977547267971,0.03915167133189945,0.01737797074289312,55.61371928269601
1.924,post_correction,0.055361493604777406,0.015519308245231683,71.96732379364047,0.05728690812816298,0.013865758715406228,75.7959380799788
1.928,post_correction,0.05259641950242408,0.012502729839539735,76.22893353232247,0.054360350129080935,0.010525555324401812,80.63744015737862
1.932,post_correction,0.04990662155756355,0.009719631684638326,80.52436454063022,0.05153557149693468,0.007597834436438353,85.25710646889736
1.936,post_correction,0.04730531825176555,0.007438891516936283,84.27472472049452,0.048831783421146455,0.0057643064951386986,88.19558473745506
1.94,post_correction,0.04480831666277168,0.00624056115052561,86.07276145298606,0.04627182694031316,0.0061184907139711225,86.77707123631951
1.944,post_correction,0.042434441897795654,0.0653079492152528,-53.90316519903462,0.043882592217433423,0.07072346803171202,-61.16520118338726
1.948,post_correction,0.04020593468776031,0.06195246081420203,-54.0878511974052,0.04169523384162576,0.06693589839253425,-60.53609063995675
1.952,post_correction,0.03814872139101491,0.058597410642920976,-53.60255470245538,0.0397449751777742,0.06314290551584227,-58.87015964511769
1.956,post_correction,0.0362924012187054,0.05524320545015085,-52.217002995321366,0.03807022728845689,0.059344828232648424,-55.88251623242112
1.96,post_correction,0.03466973137203943,0.051890352858820266,-49.67047855660337,0.036710736859035295,0.05554209359007242,-51.296591521295845
1.964,post_correction,0.03331535492342659,0.0485394960248883,-45.697070124132,0.035704603456950416,0.05173524933723839,-44.897980451222104
1.968,post_correction,0.0322635700788643,0.04519146358658715,-40.069631092040375,0.03508433874662029,0.0479250119845034,-36.599444927888406
1.972,post_correction,0.031545154519338967,0.041847343342566776,-32.65854607531557,0.0348726403498728,0.04411233986374883,-26.495554741984805
1.976,post_correction,0.031183650752167814,0.038508593828838866,-23.489690591028182,0.03507898548069016,0.04029854772012319,-14.879456084344929
1.98,post_correction,0.031191955283874723,0.0351772184335222,-12.776573681829223,0.035698158821324745,0.036485493070352606,-2.2055318117906335
1.984,post_correction,0.03157024645390181,0.03185604662532508,-0.9052833079418413,0.0367112447509867,0.03267589240916037,10.99214251436645
1.988,post_correction,0.03230598059361223,0.02854920667901112,11.628725844476996,0.038088709801402845,0.02887388544458045,24.193059845999308
1.992,post_correction,0.033375955986923514,0.025262958164232602,24.30791143741181,0.0397945284177096,0.02508610481559397,36.96091947045162
1.996,post_correction,0.034749714746666924,0.022007240388439233,36.66929196720933,0.04179021058220835,0.0213238600217192,48.97403070087051
2.0,post_correction,0.03639324905049391,0.01879874388553448,48.34551908390451,0.044037969742834526,0.01760802476473605,60.016265809799116
2.004,post_correction,0.055445746156520787,0.015667476002300493,71.74269066905164,0.057503689376090954,0.013981300836315462,75.68625424209972
2.008,post_correction,0.05277391305812784,0.01267199740133153,75.98814136186195,0.05465365987204524,0.010543553375919166,80.70842208810231
2.012,post_correction,0.0501913208154104,0.009937362052909307,80.20103497683168,0.051931608684963916,0.007567549627065258,85.4278544056419
2.016,post_correction,0.0477128311495118,0.007746834690842186,83.76362394726299,0.04936030613711564,0.005825450985121676,88.1981060471152
2.02,post_correction,0.04535589492766249,0.006662921044995165,85.30969115343933,0.04696618493313645,0.0064284628368576225,86.31257180882476
2.024,post_correction,0.043140834180404736,0.06570229123202721,-52.29722020968769,0.0447794125851212,0.07270924641496143,-62.37204156429788
2.028,post_correction,0.04109100692815049,0.06232171593263206,-51.667531636799346,0.04283356748229851,0.06879210200564052,-60.60325125631829
2.032,post_correction,0.039232740873260986,0.058941897711667836,-50.23650247143348,0.04116470220460005,0.06486949802841259,-57.5852479291435
2.036,post_correction,0.037594883174481786,0.05556329948274387,-47.794845444441954,0.039809591420984045,0.060941795237181635,-53.08319694298241
2.04,post_correction,0.036207795727776645,0.05218649891694452,-44.13056047184304,0.038803084086349894,0.057009446161232206,-46.91988408541713
2.044,post_correction,0.03510166415204346,0.04881222789044537,-39.0595832693697,0.038174746826844644,0.053073029117252646,-39.02653855959948
2.048,post_correction,0.034304123447961736,0.04544142933047802,-32.46637652587515,0.037945352133028395,0.04913329865903885,-29.484366060928558
2.052,post_correction,0.033837444103792455,0.04207534105004092,-24.345505886850273,0.038124060108732205,0.045191262504006624,-18.537381315416866
2.056,post_correction,0.033715803412160975,0.03871562265980879,-14.829304781876935,0.0387071326877824,0.0412483026125128,-6.565120556017056
2.06,post_correction,0.03394333441320484,0.0353645534933,-4.187034375568801,0.0396786002352965,0.037306372908006626,5.978606385362442
2.064,post_correction,0.03451353912790145,0.032025351985028094,7.209307436286224,0.04101265023056422,0.03336833640604284,18.63891697207254
2.068,post_correction,0.0354102550376151,0.02870271170790243,18.94237509045749,0.04267698853073272,0.029438570346857165,31.02003829146064
2.072,post_correction,0.03660986349487463,0.025403743103178066,30.60956617132816,0.04463629063334179,0.025524121813188513,42.81755618348165
2.076,post_correction,0.0380840960833435,0.022139718445015437,41.86623624579477,0.04685508503241873,0.02163708865001732,53.82125838626318
2.08,post_correction,0.039802769584228945,0.01892951156678643,52.44172261247149,0.049299776200263254,0.01780001035711467,63.89433841482708
2.084,post_correction,0.055679009510419764,0.015806872353782784,71.61071561299113,0.05768196001439955,0.014059603349469998,75.62564908342192
2.088,post_correction,0.05312718571247333,0.012836983584411458,75.83726031737163,0.05494960021199878,0.010527108189981487,80.84224789740547
2.092,post_correction,0.05068028835447198,0.010156139740845147,79.96037498877219,0.05237559782518263,0.007512787965055195,85.65593849614643
2.096,post_correction,0.048354597184345115,0.008059876954470198,83.33172557772936,0.04998601599080945,0.005890333469684853,88.21603731978188
2.1,post_correction,0.04616879045956571,0.007089297955453667,84.64482633205992,0.04781016864075347,0.006763022517912194,85.85442655781101
2.104,post_correction,0.044144019226160666,0.06605272834349764,-49.6300733403845,0.04588018425628296,0.0746077432852683,-62.61430614252887
2.108,post_correction,0.04230378759947579,0.062648582119657,-48.0921347109669,0.044230018214844784,0.07056229901725052,-59.53486312055804
2.112,post_correction,0.040673533058671114,0.05924557235680498,-45.661239389614636,0.04289377539908131,0.06651153487586016,-55.0610415078657
2.116,post_correction,0.0392797955276273,0.05584422202291739,-42.17034807026823,0.04190332235669012,0.062455834983420305,-49.04745368823684
2.12,post_correction,0.03814889589226812,0.05244518368628013,-37.474971318657545,0.041285387245711715,0.05839567865401914,-41.44394070103983
2.124,post_correction,0.037305134165707646,0.04904928409009507,-31.481323380906403,0.04105861835579238,0.05433167591209524,-32.32709255164295
2.128,post_correction,0.03676866796056691,0.045657588381322764,-24.17525821247837,0.04123126942147824,0.05026462032133912,-21.908980796878428
2.132,post_correction,0.03655340673499952,0.042271494813989834,-15.643105772451296,0.041800146869881,0.046195569792640036,-10.515328896909095
2.136,post_correction,0.03666537431713942,0.038892878059641,-6.075224333548728,0.042751133349879386,0.04212597423722944,1.4623217296570428
2.14,post_correction,0.03710196004334551,0.03552431256360938,4.252194433644473,0.044061121856690186,0.03805788491631925,13.6247936670714
2.144,post_correction,0.03785226815950297,0.03216943258898082,15.013196954474836,0.04570080150138133,0.03399431322467634,25.615498836166275
2.148,post_correction,0.038898465095756056,0.028833535526753377,25.87487589606921,0.04763760976503293,0.029939878680985445,37.15075372450365
2.152,post_correction,0.040217762773415155,0.025524639103243586,36.533916003612354,0.04983830407819789,0.02590205585149798,48.02781448811575
2.156,post_correction,0.0417845768483271,0.022255432313747894,46.73768650444304,0.05227086917631343,0.021893768158674956,58.11478074943486
2.16,post_correction,0.04357247022222006,0.019047095382615554,56.286399909219824,0.05490571967518362,0.017939333867511103,67.32702171351492
2.164,post_correction,0.056126710008676466,0.015937285870401913,71.6048101377433,0.057851882544058895,0.014089862853386016,75.64493628594464
2.168,post_correction,0.05372412294741233,0.012997938671174835,75.80614078353997,0.05528598742413946,0.010469423177075792,81.06315241010864
2.172,post_correction,0.051443182319617524,0.010376199681755745,79.82978654530311,0.052912265701205254,0.007431674059409667,85.95472342580034
2.176,post_correction,0.04930108974792501,0.008377312074954667,83.00785617967551,0.05075921721613396,0.005961675017611105,88.25499023709102
2.18,post_correction,0.0473170262332857,0.007517454088873395,84.11258126871643,0.048857597990599244,0.007120164486128581,85.42669967627434
2.184,post_correction,0.04551198810295191,0.06634654907104169,-45.77818248888683,0.04723938968204935,0.07634591030709913,-61.61493791718072
2.188,post_correction,0.04390838683704704,0.06292122408006713,-43.30115181316179,0.045936186673604905,0.07217739596746331,-57.125354092434264
2.192,post_correction,0.04252934309802629,0.05949747898445645,-39.89747936458868,0.04497702547059437,0.06800391294679359,-51.19699943530951
2.196,post_correction,0.041397632416848865,0.05607590029181697,-35.456781023530326,0.04438586139183138,0.06382586971448932,-43.79774935771691
2.2,post_correction,0.040534301628769885,0.052657219825501006,-29.907800824491524,0.04417909982609953,0.0596437731590919,-35.004500756840606
2.204,post_correction,0.039957070311428144,0.04924236473178295,-23.238176242613847,0.04436371548794017,0.05545826558209777,-25.00816257640445
2.208,post_correction,0.03967873807423115,0.045832529528271854,-15.509040238447524,0.04493644017858044,0.05127017987680171,-14.094885293651554
2.212,post_correction,0.039705891870527484,0.04242928231036282,-6.858907611786518,0.04588424226793515,0.04708062420484758,-2.6073917270471787
2.216,post_correction,0.04003819790444795,0.039034725397745176,2.5062878931204264,0.0471859591101363,0.04289111626487381,9.101950932560129
2.22,post_correction,0.04066844940251081,0.03565174552818734,12.335616302139485,0.04881464854436766,0.03870380446755174,20.71272533617888
2.224,post_correction,0.041583357792168714,0.03228441670032962,22.36216983321713,0.05074012218190596,0.034521848990470366,31.96340981066669
2.228,post_correction,0.04276489650314938,0.028938673991095062,32.33077510438053,0.05293121390585736,0.030350114409777598,42.661216000528825
2.232,post_correction,0.04419190608390988,0.025623491004475547,42.017683157131415,0.055357529893817724,0.026196513113201512,52.67759749495775
2.236,post_correction,0.04584167251419698,0.02235304300405848,51.23859628564854,0.05799061682646723,0.022074827904973327,61.933793580725876
2.24,post_correction,0.04769127102875969,0.019150911489002234,59.843990156073865,0.06080461301364304,0.01801126669255753,70.37845354181228
2.244,post_correction,0.05686051840482045,0.01605876529031628,71.75761716418879,0.05806177587321408,0.014061726183786063,75.78143972982882
2.248,post_correction,0.05463681142949022,0.013155276794165865,75.92231967792816,0.055717055531601806,0.010364680568831266,81.3976519937372
2.2520000000000002,post_correction,0.05255138678334985,0.01059772828244487,79.83358968977272,0.05360008024907452,0.007323658493697651,86.33647849095506
2.2560000000000002,post_correction,0.050621604579113195,0.008698105751804368,82.81740410221359,0.05174020969392269,0.006041903943061312,88.32261411617166
2.2600000000000002,post_correction,0.04886617552227406,0.00794465451406453,83.74201698996636,0.05016746390406609,0.007494949678892227,85.06013839323307
2.2640000000000002,post_correction,0.04730478100709731,0.06657084405779927,-40.72751768539293,0.04891097615925003,0.07784474086220615,-59.1559747422546
2.2680000000000002,post_correction,0.04595746751665498,0.0631276762626455,-37.3610855292843,0.047997018685049714,0.07356292424396456,-53.26561161366092
2.2720000000000002,post_correction,0.044843797077669736,0.059686597063524666,-33.09889204999101,0.04744680733373745,0.06927672863140413,-46.009252306728634
2.2760000000000002,post_correction,0.04398177836422042,0.056248259431931256,-27.88991606053323,0.047274438845855096,0.06498658693986448,-37.4666490526991
2.2800000000000002,post_correction,0.04338666331060167,0.05281347812216354,-21.727448234670767,0.047485387703664526,0.06069303348238371,-27.814126444838795
2.2840000000000003,post_correction,0.043069757876652924,0.04938328536949079,-14.658841386847634,0.04807592257651528,0.05639674239028971,-17.3076653922375
2.2880000000000003,post_correction,0.04303743831325083,0.04595901112307587,-6.788444954739586,0.049033590604961194,0.05209858508597382,-6.250805709305965
2.2920000000000003,post_correction,0.043290559791455976,0.042542401277564354,1.7282255473150119,0.05033864133063052,0.047799718772322405,5.043685111864963
2.2960000000000003,post_correction,0.043824380870947637,0.03913579641028936,10.698575467534939,0.0519660426264985,0.04350172728792741,16.288166099942686
2.3000000000000003,post_correction,0.04462901988481618,0.03574240990966689,19.912178215172307,0.05388766310768368,0.039206854183979296,27.243357898760113
2.3040000000000003,post_correction,0.045690345974679525,0.0323667752019604,29.160581931471306,0.05607426029705193,0.034918406459987,37.72827982926989
2.308,post_correction,0.046991129567669786,0.029015492287392353,38.25325640319315,0.058497057648105026,0.03064149325489237,47.6187444516964
2.312,post_correction,0.048512256818495816,0.02569852816609259,47.026731281042466,0.0611288415732574,0.026384470298098744,56.83793505807019
2.316,post_correction,0.050233844686296436,0.02243159410476652,55.34565541449437,0.06394461561619608,0.02216200624777193,65.34187275314754
2.32,post_correction,0.052136154017451766,0.019240729488275928,63.09522662175005,0.06692190219718645,0.018002299225398404,73.09954045783942
2.324,post_correction,0.057952228756554085,0.01617163813262275,72.09488145735234,0.05837662773286996,0.013966421121630813,76.07532044238523
2.328,post_correction,0.055934626416377024,0.013309540300424704,76.20518603029801,0.05630995032729267,0.010208904031052273,81.87015976445613
2.332,post_correction,0.05407041754891266,0.010820790179583184,79.98759641573956,0.05450558858575629,0.007189910150599413,86.80885696833238
2.336,post_correction,0.05237619070208466,0.00902084915374381,82.77681321832983,0.0529915294027825,0.0061324217153097636,88.42754345001457
2.34,post_correction,0.050869136144068294,0.008367705200713248,83.55052624244537,0.05179441935385348,0.007879101914679353,84.78773965810825
2.344,post_correction,0.0495665282494333,0.06671333960685687,-34.59352906690537,0.05093778022014298,0.07902491049887045,-55.14007512172785
2.348,post_correction,0.04848504070712089,0.06325662764933362,-30.466277282187093,0.050440112136954665,0.07464443731140727,-47.98626360848124
2.352,post_correction,0.04763992064348021,0.059802576261685315,-25.53038597445614,0.050313188951516236,0.07026042500544243,-39.646137463375915
2.356,post_correction,0.047044085518692276,0.0563519070879101,-19.78531725421573,0.05056088493271845,0.06587332974427443,-30.285159826479106
2.36,post_correction,0.0467072439435769,0.05290552061753563,-13.270482586055278,0.05117879721882144,0.06148371175083207,-20.135124489054835
2.364,post_correction,0.04663516488174863,0.049464557770610006,-6.067080273085297,0.05215475281688129,0.057092275084258175,-9.467061007292747
2.368,post_correction,0.04682921569827886,0.046030488584651245,1.7056171061540315,0.05347007728217815,0.05269992731498003,1.440338234661226
2.372,post_correction,0.047286252413243114,0.04260524284354619,9.899303350979755,0.05510134088382622,0.048307871712929884,12.329045104763336
2.376,post_correction,0.047998882631177194,0.039191407416943935,18.34933384160166,0.05702224320667695,0.04391775456177557,22.98136289974458
2.38,post_correction,0.048956052102836815,0.035792533010618986,26.888440809251964,0.05920534695850258,0.039531910041750634,33.22915568849075
2.384,post_correction,0.05014385210590014,0.032413626641770096,35.35872239469179,0.061623480799119716,0.035153786743003214,42.953909309995716
2.388,post_correction,0.05154642163397463,0.029061971775465954,43.61980743914338,0.06425074577664587,0.03078873324478344,52.080348838573855
2.392,post_correction,0.05314682721093519,0.025748551874459825,51.55204322495859,0.06706314572267762,0.0264455470035535,60.56619963383128
2.396,post_correction,0.05492783411321844,0.022490638399551354,59.05420491695856,0.07003890873547255,0.022139797098733597,68.38928889889961
2.4,post_correction,0.056872521658046744,0.019316737002701104,66.03502633689176,0.07315858124157229,0.017901751693916258,75.53020932048419
2.404,post_correction,0.05946573333155633,0.016276513447900025,72.62875182729367,0.05887163120400973,0.013798013485710086,76.56254259730737
2.408,post_correction,0.0576758391149871,0.013461348390673498,76.6603336904455,0.05713611510458078,0.010000808230039515,82.49652043767023
2.412,post_correction,0.05605143714994743,0.011045258053752104,80.29442487941192,0.05569288208238315,0.007033493707650319,87.37092884285268
2.416,post_correction,0.05460743543709943,0.009343751365048128,82.88923240899877,0.05456602959223415,0.006232758531974383,88.57758466476105
2.42,post_correction,0.053358612468184144,0.008783055849208446,83.53957225847005,0.05377632885832821,0.008261022806643566,84.63818006542074
2.424,post_correction,0.05231906902930544,0.06676340004414469,-27.608157566314016,0.05333960715060056,0.07981411989860318,-49.633872767854726
2.428,post_correction,0.05150159321364936,0.0632983595150505,-22.905633719841248,0.053265362938567526,0.07535448224628856,-41.46994986816677
2.432,post_correction,0.05091698633270452,0.05983660885530553,-17.51797025911535,0.05355587863462648,0.07089238560264806,-32.37087582167439
2.436,post_correction,0.05057341858802247,0.05637893973922083,-11.479392363191575,0.05420601922071989,0.06642830657071228,-22.547841597120083
2.44,post_correction,0.05047589523549202,0.052926340155189815,-4.854683425158486,0.05520376053161767,0.061962828092012236,-12.243853489878363
2.444,post_correction,0.05062590991670721,0.04948006199545618,2.2633626203188117,0.0565313298789367,0.05749668048173485,-1.7076382332866955
2.448,post_correction,0.05102133930883236,0.04604171834775908,9.759878961490243,0.05816672492855888,0.053030803171146335,8.82965606834586
2.452,post_correction,0.05165659616106428,0.042613426707192585,17.506320830112895,0.06008534043803888,0.048566440408101895,19.17089916768548
2.456,post_correction,0.052523015890750695,0.039198025127191914,25.36981271462995,0.062261472581394854,0.044105294777646756,29.16117632780433
2.46,post_correction,0.05360941699670815,0.0357994077723451,33.221792405346726,0.06466955409672724,0.039649783570264316,38.6886393078271
2.464,post_correction,0.05490275645297407,0.032423062621908576,40.94456323029984,0.06728506217044375,0.035203487748182334,47.68008438632886
2.468,post_correction,0.05638880058482803,0.029076964474108687,48.43485909871944,0.07008510929651081,0.03077198440967576,56.093405976599165
2.472,post_correction,0.05805274613663264,0.025773118679673003,55.60396295635434,0.0730487669183729,0.02636450177974586,63.908354799189944
2.476,post_correction,0.05987974831019335,0.022530350286528538,62.37400636720247,0.07615718617698669,0.021997507218375872,71.1156512961831
2.48,post_correction,0.061855335406747244,0.019379582768313117,68.66950499762521,0.07939357809301487,0.017703385943159358,77.70174065915172
2.484,post_correction,0.06144854029182244,0.016374261365815962,73.35288798065226,0.05962039363244921,0.013554558709059044,77.26523110092016
2.488,post_correction,0.05989948674136665,0.01361133203053125,77.27637953009163,0.058258070316163625,0.009742434326358199,83.2771077492157
2.492,post_correction,0.05852384368567862,0.011270756395273722,80.74159917484744,0.057209683990395534,0.006859194821688947,88.01043050187015
2.496,post_correction,0.05733415741575346,0.009664680179739187,83.14324197762839,0.05649327870082824,0.006339877030190242,88.77764368436755
2.5,post_correction,0.05634226236261329,0.00918696694256899,83.69435915895147,0.05612209850530436,0.008626381984316584,84.62925974961314
2.504,post_correction,0.05555879689539639,0.06671307947122579,-20.076537288649686,0.05610348709774801,0.08015517320864464,-42.870216015257384
2.508,post_correction,0.05499270365699397,0.0632457224441641,-15.007479607925243,0.0564382433891901,0.0756402093653597,-34.02296886484501
2.512,post_correction,0.05465076099209114,0.05978233164943711,-9.389751513411852,0.0571205616957195,0.0711240714663134,-24.515707400060972
2.516,post_correction,0.05453719755014568,0.05632376920118675,-3.2758772567995598,0.0581385683337022,0.0666072520483395,-14.566378150265038
2.52,post_correction,0.05465343841099644,0.05287111118161191,3.2611438204149947,0.05947534545353471,0.06209035182840287,-4.396790560739395
2.524,post_correction,0.05499801711040929,0.04942572126167111,10.13181227525298,0.06111024992714517,0.057574121870693384,5.786472908665097
2.528,post_correction,0.05556666592780466,0.04598935660813777,17.23570986265447,0.06302031255039002,0.05305952721302678,15.80567428858554
2.532,post_correction,0.0563525717530031,0.042564323644903514,24.4678240569647,0.06518153560903722,0.048547845810543534,25.519021058760508
2.536,post_correction,0.05734676291121925,0.03915371287133873,31.724632945796586,0.06756997090457433,0.04404082786419281,34.82189310634829
2.54,post_correction,0.0585385784818007,0.0357617628082286,38.90906862498084,0.07016252848891869,0.03954096308552196,43.64375980012326
2.544,post_correction,0.05991616804493311,0.0323944418888734,45.93372215562961,0.07293752012775448,0.035051951272666616,51.94249652130892
2.548,post_correction,0.061466975421563784,0.029060411762816204,52.7219103209343,0.07587497419755691,0.030579580595050646,59.69740890398185
2.552,post_correction,0.06317817163738897,0.02577268483315658,59.206345854579546,0.07895677230694965,0.02613348802638946,66.901524387555
2.556,post_correction,0.06503701619601572,0.022551598275264487,65.32498015084826,0.08216665826399436,0.021731015963633974,73.5525133639802
2.56,post_correction,0.06703113859960146,0.019430382307126813,71.01290129772264,0.08549016315098773,0.017406668330844605,79.6389810367984
2.564,post_correction,0.0639249071032209,0.016465964098727564,74.24170820907158,0.06067978095310933,0.013238861276425741,78.18241748984534
2.568,post_correction,0.06261962314270916,0.01376006038487911,78.02596104176459,0.059714570287576214,0.009439359679694406,84.19253519830102
2.572,post_correction,0.061490939317088406,0.011496629732174742,81.30353860283311,0.05907390233681266,0.006672930734621385,88.7040969520257
2.576,post_correction,0.06054872076015726,0.00998125215468126,83.51533768282482,0.05876859407350777,0.006447938913514081,89.02825732831214
2.58,post_correction,0.059801759899520454,0.009575725817299676,83.98755181555039,0.05880403236954819,0.008959324433769844,84.76409852734955
2.584,post_correction,0.05925740876109209,0.06655805336952171,-12.320222502242052,0.0591797285780811,0.08001331457462488,-35.20392285857846
2.588,post_correction,0.05892124032913161,0.06309499302381671,-7.083613093293172,0.05988936336625927,0.07547021201862764,-26.016053229823406
2.592,post_correction,0.05879677234220976,0.05963660799058176,-1.4283703253028524,0.060921313070261406,0.07092736469711375,-16.42455016573957
2.596,post_correction,0.05888528381513295,0.056183830239147935,4.587654845081631,0.062259559580290065,0.0663852751044372,-6.626637823909766
2.6,post_correction,0.05918574584566336,0.05273782330078971,10.89438420137118,0.06388482778409302,0.061844555286297676,3.1936730027522424
2.604,post_correction,0.05969487514038309,0.049300061843570886,17.41324238029974,0.06577578143134075,0.05730596998266264,12.876793349113184
2.608,post_correction,0.06040730377271594,0.04587244604906853,24.061424390559118,0.06791013477623913,0.052770501904910665,22.293628073648915
2.612,post_correction,0.06131584514581525,0.042457469645675094,30.756120959097995,0.07026558614135263,0.04823945356679816,31.346970521593178
2.616,post_correction,0.062411826704148785,0.039058472858979947,37.41815466461333,0.07282053149977431,0.04371461186561374,39.96938642812677
2.62,post_correction,0.0636854560758938,0.035680033694776195,43.97459656682621,0.07555455804910831,0.03919852535903896,48.1189138402993
2.624,post_correction,0.0651261889334479,0.032328591871930296,50.360074186182295,0.07844874433083941,0.03469499501994518,55.77367704749094
2.628,post_correction,0.06672307258053095,0.029013477903023888,56.51657398120227,0.08148580566262859,0.030209996032581617,62.92606327332826
2.632,post_correction,0.06846504716331774,0.025748674488209517,62.39150405200457,0.08465012541517389,0.025753540165357115,69.57648906124281
2.636,post_correction,0.07034119458195147,0.022555952483901187,67.9335094919063,0.08792770834288145,0.02134379723202295,75.72574375668813
2.64,post_correction,0.0723409322806174,0.019470673470839778,73.08484580304942,0.09130608524919001,0.017017334783837986,81.3623213202113
2.644,post_correction,0.06689249766456612,0.016552837625627564,75.25456784611015,0.06207582832709338,0.012858588535219151,79.28567546861564
2.648,post_correction,0.06582355249455867,0.013907967078032091,78.8708349049046,0.06150907367783239,0.00910033907500608,85.20488355478876
2.652,post_correction,0.06492983368005124,0.011721942521245726,81.94675412383333,0.061265579309893285,0.006480827658548466,89.42174752683367
2.656,post_correction,0.06421857637462411,0.010290962069800317,83.97510089640234,0.061349042900948586,0.0065487541570508345,89.32541756580595
2.66,post_correction,0.06369580195225315,0.009945882466895253,84.3853406942725,0.06175795109848009,0.009244162370132158,85.03162393552971
2.664,post_correction,0.06336607422659003,0.06629824664180269,-4.627353755145901,0.062485692748016346,0.07938119247874688,-27.03898922728498
2.668,post_correction,0.06323230205017681,0.06284643940273563,0.6102302698626891,0.063521055664757,0.0748390632704677,-17.817725929246787
2.672,post_correction,0.06329560721447919,0.05940003175238389,6.154574754129486,0.06484902246085336,0.07029868330087906,-8.403612935438508
2.676,post_correction,0.06355527112777944,0.055960023946796826,11.950617228447,0.06645174099679452,0.06576055812093305,1.0401275654987072
2.68,post_correction,0.06400876591258685,0.052527665074532964,17.936763307908443,0.06830953768911048,0.06122530372452275,10.370783062285401
2.684,post_correction,0.06465186668442767,0.04910453839889144,24.04776394380741,0.07040186269602983,0.05669369048386412,19.471320341839125
2.688,post_correction,0.06547883349142443,0.045692683892393685,30.21762689407422,0.07270809263711565,0.05216670979704283,28.251852159833668
2.692,post_correction,0.06648264518201266,0.04229477800746602,36.38222743443252,0.07520815567715128,0.047645678366435185,36.648255847456916
2.696,post_correction,0.06765526423410433,0.03891440381500107,42.48133644065392,0.07788297610177719,0.0431324073221763,44.61895335662184
2.7,post_correction,0.0689879114831917,0.03555646790137036,48.45985747802587,0.08071475690124509,0.038629488326269,52.140736329625106
2.704,post_correction,0.07047133221616525,0.0322278630766165,54.26812284779849,0.0836871296227107,0.03414080246071272,59.204237718953
2.708,post_correction,0.07209603932488189,0.02893855677490631,59.8611004905522,0.0867852033840786,0.029672481881405702,65.80928461953764
2.712,post_correction,0.07385252411298353,0.025703442948643324,65.19625665153865,0.08999554252988895,0.025234867434210235,71.95986965040038
2.716,post_correction,0.07573143005188963,0.02254561105477999,70.22951892056945,0.09330609755223525,0.020846882798410973,77.65753434630537
2.72,post_correction,0.07772368871028845,0.019502317720441947,74.90814184960269,0.09670610838745027,0.016547038962385085,82.88935493496456
2.724,post_correction,0.07032343746925891,0.016636129895086137,76.34340627566957,0.06379597967972053,0.012425623399505134,80.52287391480408
2.728,post_correction,0.0694744014859043,0.014055286434459153,79.76911476191582,0.06360616489286464,0.008736380917870183,86.2648833920653
2.732,post_correction,0.0687953940106242,0.011945512236847861,82.63617439998514,0.0637277094778108,0.006288204474968997,90.13269968982884
2.736,post_correction,0.06829134539265203,0.010591332436044773,84.49095946909786,0.06415837659634223,0.0066328939711893554,89.6616867148607
2.74,post_correction,0.06796599738982945,0.010294467718556988,84.85350305460614,0.06489151603563997,0.009467244012559833,85.41065983516212
2.744,post_correction,0.06782176179953767,0.06593801384568328,2.7774978176211733,0.06591651486157589,0.07828019904610357,-18.756580517782705
2.748,post_correction,0.06785962490266839,0.06250446356617263,7.891528053944758,0.0672194797691375,0.07376839495911007,-9.742585352437336
2.7520000000000002,post_correction,0.06807910618792988,0.05907703314644289,13.222960090922903,0.06878405386927439,0.06925981043746084,-0.6916669510212875
2.7560000000000002,post_correction,0.06847827514941114,0.055656788636577297,18.72343671749755,0.0705922665265796,0.06475494702176551,8.26906372614655
2.7600000000000002,post_correction,0.06905382466580266,0.05224506159455299,24.341538144481415,0.07262533049977671,0.06025441711811959,17.033882388590516
2.7640000000000002,post_correction,0.06980119442269482,0.048843539897366,30.024779230016655,0.07486432758622259,0.05575898851971091,25.519950131800385
2.7680000000000002,post_correction,0.07071473381928972,0.045454397954038765,35.72146072104762,0.07729075310623602,0.05126965210392585,33.66651243072273
2.7720000000000002,post_correction,0.07178789135058936,0.0420804874229423,41.382193248392674,0.07988691422789015,0.04678772804434274,41.43255062916401
2.7760000000000002,post_correction,0.07301341676663899,0.038725623193496,46.96094922215671,0.08263619421013083,0.04231503862531155,48.79357764503158
2.7800000000000002,post_correction,0.074383563224161,0.03539502353071433,52.41553107095917,0.08552320397358157,0.03785420170770901,55.73809217975239
2.7840000000000003,post_correction,0.0758902787514164,0.0320960072372339,57.70735360932527,0.08853384554005679,0.03340915511222521,62.26397384138321
2.7880000000000003,post_correction,0.07752537911831633,0.028839133156600055,62.80039712854955,0.09165531090158979,0.02898615313569115,68.3748242730707
2.7920000000000003,post_correction,0.0792806971332213,0.025640126267848104,67.65905548892555,0.09487603668328672,0.02459580940506834,74.07584647831193
2.7960000000000003,post_correction,0.08114820607854645,0.0225232460131943,72.2443081595751,0.09818563094654903,0.02025770245736597,79.36795612344336
2.8000000000000003,post_correction,0.08312011720212083,0.019527355406165483,76.5070646391398,0.10157478450833456,0.016012097617083068,84.23614906535272
2.8040000000000003,post_correction,0.07416924230465755,0.016717008271162417,77.4609962948042,0.06579089383913722,0.011954746994147978,81.82917681073302
2.8080000000000003,post_correction,0.07351705972367098,0.014202009602819289,80.68202175631008,0.06593757417844087,0.008359436155711865,87.32219639580693
2.8120000000000003,post_correction,0.07302692428354184,0.01216597078904557,83.34043106921946,0.06637587769691485,0.0060987818567633705,90.81174958678272
2.816,post_correction,0.07270192292735533,0.01088005902651313,85.03470253821949,0.06709936561476011,0.006691182596238724,90.0279495417959
2.82,post_correction,0.0725440764047871,0.010619158355817334,85.36178433568618,0.06809820639000459,0.00961859550208177,85.875405518032
2.824,post_correction,0.07255426931049674,0.06548581602515882,9.742298216922844,0.06935974782251503,0.07675778491825579,-10.666182228158657
2.828,post_correction,0.07273221748532276,0.06207727261782348,14.649553163492403,0.07086919388955136,0.07230418514575007,-2.024844897255534
2.832,post_correction,0.0730764753828852,0.058675546256747924,19.706655323321776,0.07261030932364036,0.06785516706322457,6.54885277959781
2.836,post_correction,0.07358448285777679,0.05528176546221807,24.87306655526001,0.07456608609450818,0.06341122175311821,14.959702091982981
2.84,post_correction,0.07425264775897628,0.051897340072675165,30.107084879809708,0.07671932526332531,0.058972951137787666,23.131556572775377
2.844,post_correction,0.07507645813544706,0.04852405711870903,35.36714660784112,0.07905310898299965,0.05454111286409556,31.006998249968117
2.848,post_correction,0.07605061609761903,0.0451642180764227,40.612949120031274,0.08155115604630375,0.05011668869808704,38.54570415944638
2.852,post_correction,0.0771691845837961,0.04182083950124443,45.806295962824095,0.08419806791645572,0.04570099209771182,45.72204181328965
2.856,post_correction,0.07842573843451504,0.03849795314022774,50.91158348177586,0.08697948020051643,0.04129584375121051,52.5223148540208
2.86,post_correction,0.0798135121153602,0.03520106638371903,55.895855913669855,0.08988213789635112,0.03690387069921519,58.94193044031571
2.864,post_correction,0.08132553789683587,0.031937888652221136,60.728340103037006,0.09289391281846988,0.032529043050880016,64.98258920964265
2.868,post_correction,0.08295477002219191,0.028719512350455792,65.37931171073973,0.09600377972720943,0.028177699137257803,70.64938566239421
2.872,post_correction,0.08469419212400485,0.02556239466314745,69.81800756099035,0.09920176490893294,0.023860660445189776,75.94734280474361
2.876,post_correction,0.08653690670387107,0.022491788573343056,74.00902178037185,0.10247887799615857,0.01959803835834117,80.8760217309602
2.88,post_correction,0.08847620675638825,0.01954783560035337,77.90611022217907,0.10582703508702819,0.015431596265272577,85.41809637529558
2.884,post_correction,0.07836805534226395,0.016796453496868625,78.56721922789593,0.06798505317494978,0.011461935001408437,83.14050741136764
2.888,post_correction,0.07788575704626975,0.014347867711782189,81.57831642663687,0.0684154721131019,0.00798100257720687,88.33450631749939
2.892,post_correction,0.07755581142301593,0.012381844244528603,84.03492398913372,0.06911323986429986,0.005914366408637689,91.44249868729895
2.896,post_correction,0.07737994022227007,0.011155130363244918,85.58395065800988,0.07006945790191128,0.006716137801715039,90.41502816945321
2.9,post_correction,0.07735896041053253,0.01091836573669801,85.88610074546521,0.07127280452327665,0.009692971560523428,86.40018219381581
2.904,post_correction,0.07749275771759934,0.0649534495776938,16.181264558426903,0.07271008625606383,0.0748813761738248,-2.986229324655617
2.908,post_correction,0.07778028770150523,0.06157613551844883,20.833237651733207,0.07436681469825315,0.07051088750507217,5.1850105572311875
2.912,post_correction,0.07821960429254991,0.05820629538352607,25.58605235865406,0.07622775856144175,0.06614616529793044,13.225619451194094
2.916,post_correction,0.0788079139060004,0.054845116116549686,30.406588122650717,0.07827743406893992,0.06178768496436114,21.065776236426
2.92,post_correction,0.0795416515704609,0.0514940806680036,35.26148923072302,0.08050051211830281,0.05743603230363374,28.65134544830438
2.924,post_correction,0.08041657428804495,0.048155068428801136,40.11798083276465,0.08288213449349496,0.05309194851608235,35.94283153958916
2.928,post_correction,0.08142786613360967,0.04483049874478629,44.94452467755098,0.08540814203361724,0.048756398922866415,42.91364059450496
2.932,post_correction,0.08257024943796196,0.0415235402293918,49.71125736929019,0.08806522449081643,0.04443068128560088,49.547983846638374
2.936,post_correction,0.08383809672964282,0.03823842298509184,54.39015855953729,0.09084100521843579,0.04011660301638597,55.83866237507852
2.94,post_correction,0.08522553881967265,0.03498091595892653,58.95489023197368,0.09372407464907281,0.03581678406745768,61.784862425620105
2.944,post_correction,0.08672656536279591,0.0317590766359822,63.38022092408809,0.09670398566015513,0.031535202398869186,67.38996621122452
2.948,post_correction,0.08833511527581084,0.028584462802737458,67.64088356766445,0.09977122216122612,0.027278240518677496,72.65920981242768
2.952,post_correction,0.09004515541757037,0.025474150289711835,71.70958262931589,0.10291715014169193,0.023056856602242295,77.59668182562517
2.956,post_correction,0.09185074684787921,0.02245418911593958,75.55361291386382,0.10613395835253524,0.018891553945617992,82.20027384367623
2.96,post_correction,0.09374609873123632,0.01956564839019001,79.1291065388402,0.10941459395681315,0.014825277958502588,86.45036514566398
2.964,post_correction,0.08285234903104548,0.0168751774508602,79.63222811638457,0.07029198171128191,0.010962645857259853,84.40413032842359
2.968,post_correction,0.08251154454469885,0.01449234439504805,82.43597974681332,0.0709482453049658,0.0076109615507863534,89.27251615868553
2.972,post_correction,0.08231260299110978,0.012591638354427668,84.70266047134042,0.07184599254332642,0.005735062166310682,92.01756150441908
2.976,post_correction,0.0822563020821181,0.011414906657271556,86.1227573227449,0.0729752811935236,0.006702977313751978,90.81472903684151
2.98,post_correction,0.0823426774795428,0.011191242172714666,86.40894064260296,0.07432452805133064,0.009690118638484268,86.96242156856752
2.984,post_correction,0.08257101970662846,0.06435497674981469,22.061060916450643,0.07588097474697406,0.07273031356717646,4.15210952455936
2.988,post_correction,0.08293989022658034,0.06101436869048958,26.43543592376751,0.07763114024904892,0.0684637687547527,11.808884250426212
2.992,post_correction,0.08344715576030992,0.05768183707883953,30.8762095564738,0.07956123093206119,0.06420395161969207,19.302465701521115
2.996,post_correction,0.08409003887235002,0.05435862262090571,35.356644675330756,0.08165748971473137,0.05995131824719767,26.581972509029768
3.0,post_correction,0.08486518201207532,0.051046275365656764,39.85015508669566,0.08390647592379061,0.055706434244474114,33.608897726713764
3.004,post_correction,0.0857687216299075,0.04774675911334319,44.33080241143068,0.08629527575921633,0.051470019645488224,40.35592424653533
3.008,post_correction,0.08679636872745107,0.044462600297084175,48.77366305876112,0.08881164895156979,0.04724301757338111,46.80538180397554
3.012,post_correction,0.0879434922375209,0.041197104573998965,53.15502770491265,0.09144412048430064,0.04302670267066672,52.947546061144905
3.016,post_correction,0.08920520192137757,0.037954678904111395,57.45239281273825,0.09418202755326005,0.0388228588774285,58.778909431022676
3.02,post_correction,0.09057642795010343,0.03474132208622654,61.64419057752556,0.09701553183275066,0.034634084079951374,64.30047495935125
3.024,post_correction,0.09205199492959448,0.03156539141787636,65.70917181966671,0.09993560616110064,0.030464340457338524,69.51602974396468
3.028,post_correction,0.09362668876161542,0.028438834154796706,69.62529110988287,0.10293400338607528,0.026320014405729543,74.43020426689237
3.032,post_correction,0.09529531534588867,0.025379221223137547,73.36781862673958,0.1060032136268553,0.02221212583808576,79.04579957710033
3.036,post_correction,0.09705275067579545,0.02241319209663447,76.90617531129469,0.10913641480252537,0.018161415302069144,83.35897753748742
3.04,post_correction,0.09889398233596078,0.01958238682435387,80.19860626319107,0.11232742004462214,0.014211646766116467,87.34801639664572
3.044,post_correction,0.08755563126844909,0.016953576954920866,80.63679433371851,0.07262897370518394,0.01047043950381037,85.58366039108297
3.048,post_correction,0.08732846159569456,0.014634714460385456,83.24175853670715,0.07345409895417525,0.00725686403191708,90.12054584395037
3.052,post_correction,0.08723255784145549,0.012793917977631707,85.33355172172693,0.07449540475575761,0.005559850636013496,92.53665289256142
3.056,post_correction,0.08726808765303722,0.011658153731520633,86.64098865341082,0.07574288842046827,0.006650000924108091,91.2202966340652
3.06,post_correction,0.08743462161333947,0.011437616362514896,86.9186643100084,0.07718547398239366,0.00961427921739274,87.5439266984539
3.064,post_correction,0.08773114091296187,0.06370555314472542,27.38547284147627,0.07881137868363,0.07038751384996052,10.68864036433766
3.068,post_correction,0.08815605801920677,0.06040623466321754,31.478067394918348,0.08060845258950282,0.06624105977633263,17.823680211721587
3.072,post_correction,0.08870724930572452,0.057115530641564084,35.61345765021003,0.08256447560347205,0.06210205013856298,24.783571039902025
3.076,post_correction,0.08938209803981427,0.0538347303767861,39.77012001574855,0.08466740338948561,0.057970919599197104,31.53100570178086
3.08,post_correction,0.09017754569711348,0.05056544429748267,43.92679030396229,0.0869055599447338,0.053848211070812786,38.038243922417976
3.084,post_correction,0.09109014931327059,0.04730971170073667,48.06275754578844,0.08926777924599687,0.04973462027474711,44.28603389169961
3.088,post_correction,0.0921161424961102,0.04407015402430953,52.15805522232927,0.09174350141400178,0.045631063963305636,50.26234745784242
3.092,post_correction,0.09325149779734437,0.040850197206819046,56.1935216358719,0.09432283039583017,0.04153878781890524,55.9610460748625
3.096,post_correction,0.09449198835249466,0.037654401233489294,60.15069437101628,0.09699656059260106,0.0374595436781995,61.380544372563115
3.1,post_correction,0.09583324700454252,0.034488959968518515,64.01148761360061,0.09975617952175726,0.03339589387603122,66.52248107722748
3.104,post_correction,0.09727082149096627,0.03136247830724473,67.75756817253011,0.10259385281950374,0.02935176244337458,71.39033028127528
3.108,post_correction,0.09880022465749842,0.028287212278359508,71.36928344402034,0.10550239690422095,0.025333499968838897,75.98774936664464
3.112,post_correction,0.10041697903344786,0.025281099521850404,74.82387962156326,0.10847524360371572,0.02135211172612192,80.31614309701304
3.116,post_correction,0.102116655439188,0.022371159525001013,78.09254579599566,0.1115064000997249,0.017428412914997048,84.37003355914092
3.12,post_correction,0.10389490558146149,0.019599257320632512,81.13549724989623,0.11459040671423135,0.013606591134670628,88.12588983246816
3.124,post_correction,0.09241736590193239,0.017031727596872003,81.57085799767867,0.0749277206777468,0.00999612421184953,86.65897731649758
3.128,post_correction,0.09227782994498362,0.014774100869042062,83.98954453323141,0.07586977872597152,0.00692372251714376,90.87420230636094
3.132,post_correction,0.09225931396100376,0.012987371468949477,85.92296982130283,0.07700457934460193,0.005387275496339268,93.00395438532199
3.136,post_correction,0.09236162128889763,0.01188403645743015,87.13314438227744,0.07832265183041467,0.006558380655689371,91.62645734992519
3.14,post_correction,0.0925840789211683,0.011657880272434994,87.40833153142752,0.07981383526052516,0.00947315257502321,88.13093927374706
3.144,post_correction,0.09292554888613622,0.06302033633200661,32.18190574346043,0.08146755642380123,0.06793229637907715,16.614294866428168
3.148,post_correction,0.09338444838060078,0.05976592519202513,36.0001303981139,0.0832730798322796,0.06391726337677202,23.24378598040586
3.152,post_correction,0.09395877778119724,0.05652059583657736,39.84532667272721,0.08521972162114327,0.059910149117418175,29.69919640930359
3.156,post_correction,0.09464615535392978,0.05328568057065495,43.70011082711932,0.08729702374263125,0.05591136606623479,35.95272362197311
3.16,post_correction,0.09544385726035998,0.05006284292233637,47.547338970416256,0.08949488858091487,0.05192143326043621,41.98391206052783
3.164,post_correction,0.09634886133603528,0.04685418802324456,51.37027322011464,0.0918036767721561,0.0479410202905903,47.77875791448613
3.168,post_correction,0.0973578930920011,0.04366241924820393,55.152666248699646,0.0942142726385216,0.04397101470751521,53.32871180121314
3.172,post_correction,0.09846747245457863,0.04049106478369547,58.87874058880377,0.0967181224016661,0.04001262875868473,58.62964689025492
3.176,post_correction,0.09967395989602892,0.037344812206293765,62.53303044722155,0.09930725044915495,0.03606757494704323,63.68082412521357
3.18,post_correction,0.10097360079922532,0.03423001372862606,66.10003658610869,0.10197425860399917,0.03213836801280138,68.48384243948699
3.184,post_correction,0.10236256712171228,0.031155467514133034,69.56361256836377,0.10471231277762352,0.028228872934264234,73.0414960901364
3.188,post_correction,0.10383699565846048,0.028133655916751495,72.90594191564593,0.1075151207101106,0.024345366152427144,77.3563327728862
3.192,post_correction,0.10539302243110647,0.025182755146670233,76.10586112270218,0.1103769038142098,0.02049876264491378,81.428394948079
3.196,post_correction,0.10702681294136968,0.02232996192576497,79.13610495157177,0.1132923654999252,0.01670978764513288,85.25073814868496
3.2,post_correction,0.10873458820884034,0.01961704490753074,81.95878125748413,0.11625665779498379,0.013022643832370109,88.798367268277
3.204,post_correction,0.09738593893916972,0.017109413038452512,82.43133123238707,0.0771395968601116,0.009547459039392957,87.62314112594242
3.208,post_correction,0.09731065568739862,0.014909539880456107,84.67840980503551,0.07815394734172566,0.006614221291298052,91.5369325334553
3.212,post_correction,0.0973467660946389,0.013170855259871675,86.47016661337554,0.07934008252851137,0.005216003738917012,93.42576466687868
3.216,post_correction,0.09749387987521305,0.01209208194022528,87.59708613945563,0.08068936515810494,0.006431544574463723,92.029253716569
3.22,post_correction,0.09775122714603837,0.01185285310314221,87.87447129903107,0.08219271313041494,0.009276612182012516,88.71358320135589
3.224,post_correction,0.09811766998274184,0.06231360596349502,36.4909440119649,0.0838408071030792,0.06543523038818137,21.95300516640882
3.228,post_correction,0.09859171990420426,0.05910674853025133,40.04897309055785,0.08562427402551635,0.061558397255566145,28.10637175478824
3.232,post_correction,0.09917156063023576,0.05590936692630064,43.62358868712327,0.0875338423566773,0.05768973416472109,34.09436554875467
3.236,post_correction,0.09985507528463952,0.05272283056865683,47.20065012382294,0.08956046756175218,0.053829631564624794,39.89576759689299
3.24,post_correction,0.10063987709645296,0.04954884839262873,50.76618749728673,0.09169542870998475,0.04997858439231885,45.49500984352051
3.244,post_correction,0.10152334258965477,0.0463895811754819,54.306487560222436,0.09393039854156417,0.04613723525506377,50.88146545588428
3.248,post_correction,0.10250264624501117,0.04324780050983303,57.80811316182199,0.09625749028740471,0.04230644066147975,56.04867679890513
3.2520000000000002,post_correction,0.10357479566146112,0.040127118024984254,61.25783520139248,0.0986692849238745,0.03848737598667809,60.99355942796997
3.2560000000000002,post_correction,0.10473666632967389,0.03703232261120667,64.64244671045569,0.10115884255919948,0.034681708291926384,65.71559399601651
3.2600000000000002,post_correction,0.10598503524632515,0.03396988734541271,67.94841152200252,0.10371970140782587,0.030891893948620852,70.21598256713646
3.2640000000000002,post_correction,0.10731661273276465,0.03094874902743935,71.1612692207248,0.1063458674215727,0.027121719497465904,74.49668693758368
3.2680000000000002,post_correction,0.10872807196515948,0.0279815350007322,74.26466367425468,0.10903179719423536,0.023377350836302695,78.55914381136269
3.2720000000000002,post_correction,0.1102160758653324,0.025086536688243923,77.23876803698225,0.11177237629660354,0.019669539634220252,82.40214596312742
3.2760000000000002,post_correction,0.11177730113478412,0.02229093904127776,80.0577229768692,0.11456289476755313,0.016018760195909306,86.0174970016154
3.2800000000000002,post_correction,0.1134084593333325,0.01963612790087982,82.6854821798038,0.11739902110355468,0.01246882604283546,89.37910561295308
3.2840000000000003,post_correction,0.10241991229576403,0.017186179350191257,83.21988472264873,0.07923625183850565,0.009129308273707691,88.4783693550845
3.2880000000000003,post_correction,0.10238844629217984,0.015040044584968161,85.31079908952884,0.08028627732337625,0.006329180106766207,92.11673486706376
3.2920000000000003,post_correction,0.10245949700408168,0.013343417948740362,86.9768851703334,0.0814897583908049,0.005045153130909025,93.8088500560847
3.2960000000000003,post_correction,0.1026325933409611,0.01228212459693995,88.03291995542111,0.08283900228861442,0.006274387269284996,92.42580536228
3.3000000000000003,post_correction,0.10290696060924535,0.01202364471089717,88.31600443768528,0.08432602272328937,0.009035457582953233,89.28508983211205
3.3040000000000003,post_correction,0.10328153070952407,0.06159815611081944,40.35898220364081,0.08594269468796971,0.06295521873915338,26.747446111942917
3.3080000000000003,post_correction,0.10375495641002604,0.058440574767540096,43.67442598444109,0.08768089024330078,0.059219348917541284,32.460369924145574
3.3120000000000003,post_correction,0.10432562923096436,0.05529279033033858,46.99980173814527,0.08953259296116058,0.05549170774625459,38.020662743089545
3.3160000000000003,post_correction,0.10499170037412563,0.0521562032214113,50.32349887128337,0.09148999051205618,0.051772664414413694,43.41166271342951
3.3200000000000003,post_correction,0.10575110406327651,0.04903255983331517,53.63399723564457,0.0935455462393336,0.04806269011401839,48.62108133822708
3.3240000000000003,post_correction,0.10660158262534879,0.04592406610250968,56.919902152006706,0.0956920515015183,0.04436240021383175,53.64045443928237
3.3280000000000003,post_correction,0.1075407126391004,0.042833547805815275,60.16992378545801,0.09792266111759712,0.04067261897497636,58.464548950388654
3.332,post_correction,0.10856593150397985,0.03976468093592574,63.372781511603364,0.10023091448864571,0.036994482170898325,63.09074664275452
3.336,post_correction,0.10967456383247266,0.03672232931134709,66.51700446473599,0.10261074497267114,0.03332960615455097,67.51840544240487
3.34,post_correction,0.11086384713846319,0.03371304972043387,69.59058287204483,0.10505647993377953,0.029680379239699708,71.74816892931479
3.344,post_correction,0.112130956375881,0.0307458643179359,72.58039589453708,0.10756283363619727,0.02605049168850721,75.78114037362005
3.348,post_correction,0.11347302697002788,0.02783346770546796,75.47129176978797,0.1101248948581484,0.02244596490721742,79.617719557299
3.352,post_correction,0.11488717607306355,0.02499415166482547,78.24461134902452,0.11273811079581206,0.018877318595557652,83.25560144453041
3.356,post_correction,0.11637052186061575,0.022254919426514374,80.87581023897918,0.11539826853685517,0.015364623945618031,86.6855680415075
3.36,post_correction,0.11792020076491308,0.019656528925975414,83.33065174713968,0.11810147511995046,0.011950921794853102,89.88080226541194
3.364,post_correction,0.10748799443949053,0.017261401795991737,83.94108859691406,0.08120705710896829,0.008744082834082362,89.23236089894374
3.368,post_correction,0.10748288019991016,0.015164659469636167,85.89109312903503,0.08226390778082886,0.006068103242753515,92.6236141627013
3.372,post_correction,0.10757219246887223,0.01350430634273241,87.44628511068035,0.08345839054818774,0.004874391844670669,94.15949455452743
3.376,post_correction,0.10775545035175374,0.012454244213341011,88.4421213287256,0.08478375624153103,0.006092503001531362,92.81406808141986
3.38,post_correction,0.108031928547048,0.012171534066073807,88.73339185019447,0.08623305278462143,0.008760388709937407,89.84103145250157
3.384,post_correction,0.10840066569877395,0.06088495870625342,43.83340885060446,0.08779924144973097,0.06053855088547189,31.0488907582044
3.388,post_correction,0.10886047560627195,0.05777753556489582,46.92514868861459,0.08947529869828286,0.05694307203443443,36.35889137799856
3.392,post_correction,0.10940996097144151,0.05468015988639911,50.02268586799708,0.09125430227664653,0.053355722876706584,41.53073165257088
3.396,post_correction,0.11004752930234135,0.05159425688668527,53.11638778828307,0.09312950135512729,0.04977685235312574,46.55093001806859
3.4,post_correction,0.11077141054952214,0.048521602364538584,56.1966376307484,0.09509437135910925,0.04620690853350227,51.40941795702188
3.404,post_correction,0.11157967602841333,0.04546443685858882,59.25383683045335,0.09714265474014339,0.04264647958886505,56.099120717933445
3.408,post_correction,0.11247025817713083,0.04242562630820874,62.278359634071364,0.09926838929626475,0.03909635667770322,60.61550212019575
3.412,post_correction,0.11344097071262645,0.03940889218390241,65.26044167610773,0.10146592581606066,0.03555763369156962,64.95608411829882
3.416,post_correction,0.11448952877666374,0.03641914741241045,68.18997527411108,0.10372993683678859,0.03203187163692839,69.11993527256439
3.42,post_correction,0.11561356870356158,0.033462996642480355,71.05616839120242,0.1060554182182098,0.028521382041570103,73.107095779975
3.424,post_correction,0.11681066709059713,0.030549496850260205,73.84699735806976,0.10843768507976033,0.025029742648763252,76.91785597382234
3.428,post_correction,0.1180783589059833,0.0276913377585284,76.5483378875744,0.11087236346031219,0.021562799336365495,80.5516914554779
3.432,post_correction,0.11941415442526869,0.02490670788277583,79.1425832200128,0.11335537886010447,0.018130777003365756,84.00536685097094
3.436,post_correction,0.12081555484208814,0.022222281170718262,81.60644032983677,0.11588294262925955,0.014753204644726863,87.2688729592186
3.44,post_correction,0.12228006645119599,0.019677986603502937,83.90744528147869,0.11845153698652765,0.011472001195841132,90.31502546299089
3.444,post_correction,0.11256818174266414,0.017334352740695155,84.60101915804036,0.08305502321409325,0.008392305663251113,89.89548694530127
3.448,post_correction,0.11257476252436519,0.015282501976139755,86.4245754257469,0.08409681311725922,0.005829690643565272,93.0678816146853
3.452,post_correction,0.11266844750364818,0.013652957670864831,87.88218177016884,0.08526266213496234,0.004703880856692367,94.48307062094004
3.456,post_correction,0.11284878810716183,0.012608705383769837,88.82690226872747,0.08654670490491513,0.005891561733629652,93.19262155606913
3.46,post_correction,0.11311513744409488,0.01229787096827059,89.12800598916428,0.08794292630122248,0.008461284597604576,90.3786638067706
3.464,post_correction,0.11346665682581596,0.06018305603913007,46.959699243172544,0.08944524969715704,0.058219408611109046,34.91056393913839
3.468,post_correction,0.11390232433047405,0.0571259370558334,49.846557222055196,0.09104761459956269,0.054761128744313756,39.85440586756813
3.472,post_correction,0.11442094519719583,0.05407904943957534,52.736756940458584,0.09274404279521653,0.05131075729512103,44.67487533574772
3.476,post_correction,0.1150211637953933,0.051043836992034755,55.62222176534863,0.09452869287178838,0.04786862399630316,49.36074694143019
3.48,post_correction,0.11570147688655999,0.04802209691978103,58.4948280592265,0.09639590353938375,0.044435154468965364,53.903482578166994
3.484,post_correction,0.11646024787937799,0.04501609395148143,61.34638662446761,0.09834022658010304,0.04101090981818939,58.29691343574041
3.488,post_correction,0.11729572177386528,0.04202872047964835,64.16858190218086,0.10035645050618573,0.03759664740682778,62.53689003826375
3.492,post_correction,0.11820604049591046,0.03906372517825626,66.95285197408525,0.10243961613535289,0.03419341725094606,66.62090454754683
3.496,post_correction,0.11918925833859861,0.03612604540676271,69.69018356995386,0.10458502532201373,0.03080272088064232,70.54767564878262
3.5,post_correction,0.12024335724958468,0.03322229992454138,72.37078148476587,0.10678824404185634,0.0274267852259868,74.31666240786139
3.504,post_correction,0.12136626173255825,0.03036153383245437,74.98354699318432,0.10904510093891091,0.024069060978034504,77.92742565159489
3.508,post_correction,0.12255585316364022,0.027556366862347564,77.51525843033096,0.1113516823281774,0.02073519079281507,81.37864614231513
3.512,post_correction,0.12380998335850443,0.02482479357795856,79.94927961012979,0.11370432451857883,0.017435048980011737,84.66632728893006
3.516,post_correction,0.1251264872614304,0.022193034986878954,82.26351952124222,0.11609960419133686,0.014187499691023182,87.77988969915728
3.52,post_correction,0.12650319466193713,0.01970003372549487,84.42724408807179,0.11853432744525126,0.011033035063589283,90.69211822314912
3.524,post_correction,0.1176464580073634,0.0174042625639647,85.2063012701365,0.08479243360731602,0.008073177476904534,90.4788940080522
3.528,post_correction,0.11765262528358016,0.015392790115800236,86.91674743449309,0.08580320569855002,0.005612246338048231,93.45916473358164
3.532,post_correction,0.11773929280934994,0.013788982688150566,88.28854636448473,0.08692641499960096,0.004534141294955952,94.78393156444245
3.536,post_correction,0.11790606721391986,0.012745903642763639,89.18978137092944,0.08815699412896603,0.00567687341065902,93.56049571931382
3.54,post_correction,0.11815239286323269,0.01240400319253413,89.501691085603,0.08948975669742629,0.008146783423965851,90.8964067792575
3.544,post_correction,0.11847755676430544,0.05949962204604659,49.779837067021234,0.0909194651688714,0.05602126371093141,38.38364138319665
3.548,post_correction,0.1188806949625581,0.056492328472842336,52.47981306751714,0.09244089101410796,0.05269504842742724,42.99595357709703
3.552,post_correction,0.11936080028951336,0.05349538821580887,55.18177820016779,0.09404886653819759,0.0493764302794917,47.499175591406356
3.556,post_correction,0.11991673129216819,0.050510257563350695,57.87889061094719,0.09573832823924562,0.04606572072826695,51.88372141494798
3.56,post_correction,0.12054722215571687,0.04753874732791267,60.5642117024443,0.09750435193705337,0.042763323547290455,56.142138583827006
3.564,post_correction,0.1212508934186165,0.04458313635572142,63.230673936728074,0.09934218019039992,0.03946977288739702,60.2688678547733
3.568,post_correction,0.12202626327327339,0.041646330357237575,65.8710106823708,0.1012472427084097,0.03618579168976476,64.2599731886238
3.572,post_correction,0.12287175924657458,0.03873208789734667,68.47763217940053,0.10321517056701547,0.03291238431591913,68.11284219643875
3.576,post_correction,0.12378573006149302,0.0358453477024063,71.0424233192312,0.10524180508135288,0.02965098916212757,71.82584512000048
3.58,post_correction,0.12476645749319092,0.03299271160112556,73.5564251289846,0.10732320217490432,0.026403741691412654,75.39791847770014
3.584,post_correction,0.1258121680494543,0.030183170722992668,76.00933900834754,0.10945563304105611,0.02317395285693442,78.82799430866932
3.588,post_correction,0.12692104432480714,0.02742921760155727,78.3887551922734,0.11163558182508991,0.019967038117829725,82.11409141118287
3.592,post_correction,0.12809123589921084,0.02474857588559133,80.67894675864878,0.1138597409746838,0.01679247335506382,85.25161465210292
3.596,post_correction,0.1293208696748105,0.02216691388382098,82.85898174087309,0.11612500482250926,0.013668353929382841,88.22962035586205
3.6,post_correction,0.13060805956682336,0.019722071478795088,84.8998051542871,0.11842846188102457,0.010633490779540618,91.0211695646075
3.604,post_correction,0.12271533937155847,0.01747036913781715,85.76350012371296,0.08643695688276805,0.007785069044213408,90.99335593827989
3.608,post_correction,0.12271123188033875,0.01549485744673161,87.37291019795047,0.08740561619424843,0.005413967653396652,93.8059270226243
3.612,post_correction,0.12278167554695708,0.013912143968767783,88.66920172998684,0.08847674714273583,0.004365909651429455,95.06547223714485
3.616,post_correction,0.12292634265323439,0.012866320873776465,89.53330864965912,0.08964598718448873,0.0054531328164355635,93.91703634741266
3.62,post_correction,0.12314477164659654,0.01249122723650799,89.85646969052362,0.09090887258281057,0.007824110880716268,91.39345736183326
3.624,post_correction,0.12343637070661732,0.058840131439301974,52.331609312175274,0.09226089123304299,0.053958689841740896,41.51510014633834
3.628,post_correction,0.12380042242090165,0.05588166910210816,54.86148753829012,0.09369752996825932,0.05075805642259585,45.827754008253486
3.632,post_correction,0.12423608947746821,0.052933625163232675,57.39271464043235,0.0952143158603131,0.04756464662124534,50.044648022229744
3.636,post_correction,0.12474242126275617,0.04999746250545068,59.919438792889444,0.09680685135276147,0.04437875440389095,54.15742400072904
3.64,post_correction,0.1253183612401845,0.04707499806982764,62.43567374807595,0.09847084332576606,0.041200762177670436,58.15942995291707
3.644,post_correction,0.12596275497416515,0.04416851525404027,64.93525783625547,0.1002021263947997,0.038031177193519776,62.04553879058846
3.648,post_correction,0.12667435865872032,0.04128092074080057,67.41177837575042,0.1019966808872072,0.03487068738818275,65.81193908971957
3.652,post_correction,0.1274518480082931,0.038415966910009425,69.8584465346397,0.10385064602967821,0.03172024989935656,69.45589544980625
3.656,post_correction,0.12829382737069617,0.03557857274282157,72.26789981093967,0.10576032892401369,0.02858123682772035,72.97546526329802
3.66,post_correction,0.12919883892800976,0.032775295217941314,74.6318964706766,0.10772220989746943,0.02545568631028029,76.36913842139968
3.664,post_correction,0.13016537186007388,0.030015034451977722,76.94084530850225,0.10973294479646373,0.02234675886854004,79.6353238218572
3.668,post_correction,0.13119187135644414,0.02731010686349072,79.18308003299227,0.1117893647566307,0.019259622793496065,82.77150707902766
3.672,post_correction,0.1322767473756489,0.024677901953516816,81.34373391913337,0.11388847393492771,0.016203316216122962,85.77264611923677
3.676,post_correction,0.13341838306469064,0.0221434583134803,83.40299304725977,0.11602744563622282,0.013195081643187528,88.62762032652374
3.68,post_correction,0.13461514276638412,0.019743433489666715,85.33342305781291,0.11820361721165348,0.010271847438856929,91.31003967461983
3.684,post_correction,0.12777245272646298,0.017531954538153018,86.2787681037276,0.08800858310141742,0.007525909041734568,91.44866469096311
3.688,post_correction,0.12775015199796694,0.015588157926369852,87.79793394952834,0.088927907608499,0.005233127983154953,94.11531416415019
3.692,post_correction,0.12779704096525554,0.014022332770996453,89.02765458019584,0.08994112814799018,0.0042000164285230625,95.33026045480293
3.696,post_correction,0.12791286023886894,0.012970490574486763,89.8599010683795,0.09104449643221599,0.005224309761680718,94.26180607680081
3.7,post_correction,0.1280972392303416,0.012560758767843919,90.1943563785497,0.09223417357756104,0.007499085957048269,91.86951466449453
3.704,post_correction,0.12834969865170834,0.058208585188178154,54.648444211673734,0.09350627168680926,0.05203924480586225,44.34678672660273
3.708,post_correction,0.12866965385147522,0.055297545495168854,57.02363079409585,0.09485689152371334,0.048956854208183784,48.38872176625667
3.712,post_correction,0.12905641892781478,0.05239693759274362,59.39997558583208,0.09628215588004625,0.04588127418004982,52.34706393860633
3.716,post_correction,0.12950921154698702,0.0495082253580371,61.7724293379123,0.09777823845576761,0.0428127818065525,56.214406720039335
3.72,post_correction,0.13002715838448647,0.04663322481581807,64.13578102051189,0.09934138825886892,0.0397517384931183,59.98471614919336
3.724,post_correction,0.130609301098417,0.04377421498957284,66.48461126318408,0.10096794967942871,0.03669862459935063,63.653194190960534
3.728,post_correction,0.13125460273922443,0.040934092142747076,68.81321394566666,0.10265437850255439,0.033654092539925066,67.21611583368787
3.732,post_correction,0.13196195449719025,0.038116587828457164,71.11547189969154,0.10439725420001429,0.030619050904601975,70.67063579475084
3.736,post_correction,0.1327301826889082,0.03532658235024496,73.38466531531634,0.10619328888492517,0.02759480288641155,74.0145510359753
3.74,post_correction,0.13355805588615488,0.032570563273281394,75.61317955912402,0.10803933333313953,0.024583284527913123,77.2459864666968
3.744,post_correction,0.13444429209484365,0.029857307895888002,77.79205987054833,0.10993238047440536,0.021587497334739233,80.36293106582436
3.748,post_correction,0.13538756589781992,0.02719891587319838,79.91032951007774,0.11186956674107944,0.018612346631793404,83.3624575709036
3.7520000000000002,post_correction,0.13638651548274375,0.024612392473757315,81.95393995759692,0.11384817163671548,0.01566640222388302,86.23921491346051
3.7560000000000002,post_correction,0.13743974948486123,0.02212209035826285,83.90415404482417,0.11586561585503359,0.012765989782746052,88.98207230114035
3.7600000000000002,post_correction,0.13854585358370997,0.01976343706006963,85.73509307651095,0.11791945824467603,0.009946006181055837,91.56542412159115
3.7640000000000002,post_correction,0.13281925461160415,0.01758836978023426,86.75766564744929,0.08952744548327238,0.007293465645986022,91.85337456395004
3.7680000000000002,post_correction,0.1327724980123456,0.01567226349747848,88.1961522663969,0.09039322439497881,0.005068177882280282,94.39318829900948
3.7720000000000002,post_correction,0.13279009217191381,0.014119546811150525,89.36701783980166,0.09134548441115435,0.004037301321777468,95.58018510952854
3.7760000000000002,post_correction,0.1328718440386918,0.01305897230296568,90.17175354384112,0.09238100813752285,0.004993641593812715,94.59451493928391
3.7800000000000002,post_correction,0.13301746757326988,0.012613718241540438,90.51724674085196,0.09349649433267888,0.007176236561942322,92.32459290248055
3.7840000000000003,post_correction,0.133226585418755,0.05760775416237337,56.759565681803004,0.09468859095399404,0.05026521226492054,46.91523893375634
3.7880000000000003,post_correction,0.13349873120908265,0.05474240355393722,58.994064544178386,0.0959539254710825,0.0472932575244301,50.71253490438721
3.7920000000000003,post_correction,0.1338333524785791,0.051887451514398684,61.22980516183093,0.09728913210991348,0.04432767858899569,54.43717337418942
3.7960000000000003,post_correction,0.13422981412685572,0.049044357678210006,63.462396191758145,0.09869087584313889,0.041368736141330874,58.082511895949615
3.8000000000000003,post_correction,0.13468740238526256,0.04621493062596754,65.68726561837356,0.10015587307487034,0.03841677086572687,61.643017342568754
3.8040000000000003,post_correction,0.13520532922475878,0.0434014368216832,67.89961085813802,0.10168090907781284,0.035472236231059946,65.1141629704409
3.8080000000000003,post_correction,0.13578273714029768,0.0406067517866073,70.09431932083507,0.10326285232645457,0.032535748721751204,68.49230096909112
3.8120000000000003,post_correction,0.1364187042437288,0.03783457316334427,72.26584626126623,0.10489866593281517,0.029608167352697026,71.77450533864722
3.8160000000000003,post_correction,0.13711224959577487,0.035089725944085166,74.40802988242528,0.106585416433195,0.026690724407502253,74.95837113491852
3.8200000000000003,post_correction,0.13786233870778375,0.03237860715133484,76.5138126519344,0.10832028019830105,0.023785250224802344,78.04173864648533
3.8240000000000003,post_correction,0.13866788914556402,0.02970984465431297,78.57482014230013,0.11010054774823805,0.020894580888972038,81.02227344340673
3.8280000000000003,post_correction,0.13952777617052464,0.027095288630358514,80.58072064644401,0.11192362625132762,0.018023347175892546,83.8967447896831
3.8320000000000003,post_correction,0.14044083835736929,0.024551522188880105,82.51824577805091,0.11378704047453374,0.015179628642411043,86.65961555981558
3.8360000000000003,post_correction,0.14140588313252472,0.02210217427251079,84.36969255954028,0.11568843243604718,0.012378789598789831,89.29988993875179
3.84,post_correction,0.14242169218310416,0.019781421500134427,86.11066811739431,0.11762555998953507,0.009653596032151171,91.79294361445757
3.844,post_correction,0.13785993888869089,0.017639049503938308,87.20509406421526,0.09101242994645663,0.007085535760434941,92.21476037437587
3.848,post_correction,0.13778386058363135,0.015746857047265587,88.57133413117886,0.09182274306494287,0.0049177901020003995,94.64425703496765
3.852,post_correction,0.13776775663889473,0.014203870340574326,89.68998937987769,0.09271309138225887,0.003878564244769626,95.81659484443445
3.856,post_correction,0.13781149571518345,0.013132333991955184,90.4707993162661,0.09368071400366239,0.004763688908229422,94.91497373937267
3.86,post_correction,0.1379148682891072,0.012651127411296939,90.82685748952265,0.09472277100944779,0.006858971038225308,92.75889950734108
3.864,post_correction,0.13807758769217773,0.057039415739691894,58.69031557326138,0.09583636992421352,0.048635097755612304,49.25194078816584
3.868,post_correction,0.13829929164057908,0.054217772350644525,60.79678232080241,0.09701859030482606,0.0457655976565668,52.82801212347624
3.872,post_correction,0.13857954423386756,0.05140645256054078,62.90473255288892,0.09826650616125049,0.0429020303576825,56.34114609989045
3.876,post_correction,0.13891783839411906,0.04860690694127262,65.0103201265113,0.09957720603055296,0.04004464052458102,59.785334293980654
3.88,post_correction,0.13931359871113533,0.045820930679641506,67.1095061045329,0.10094781061960231,0.037193748361149706,63.15546802564599
3.884,post_correction,0.13976618465429502,0.04305077030193564,69.19800707988155,0.1023754880136149,0.0343497804852283,66.44726081241231
3.888,post_correction,0.1402748941075726,0.04029927140060539,71.27121595279831,0.10385746651443138,0.03151331720197514,69.65714814774898
3.892,post_correction,0.14083896718122976,0.03757008624070914,73.32408282122344,0.10539104522420947,0.02868516727323987,72.78215885209707
3.896,post_correction,0.14145759025172303,0.034867970195887554,75.35093724285831,0.10697360252787917,0.025866490732269466,75.8197441976134
3.9,post_correction,0.1421299001804661,0.032199212004033036,77.34522295227899,0.10860260265265347,0.023059009804795503,78.76753480895322
3.904,post_correction,0.1428549886621873,0.02957226847773792,79.2990999091616,0.11027560049689938,0.020265390937944678,81.62296024992902
3.908,post_correction,0.14363190665466344,0.026998714984558813,81.2028430079451,0.11199024492565418,0.017489982908549483,84.38258357220276
3.912,post_correction,0.1444596688434933,0.02449468547186394,83.04392799183186,0.11374428072792521,0.014740361397952512,87.04078894901866
3.916,post_correction,0.1453372580981804,0.02208306324846313,84.80564203740155,0.11553554942338731,0.012030903027282637,89.58683878050847
3.92,post_correction,0.1462636298790069,0.01979677494349384,86.46500503244023,0.11736198909476633,0.009392188496865569,91.99724836865056
3.924,post_correction,0.14290054338877958,0.017683518917437697,87.62529623884818,0.09248040912582578,0.006900061626492575,92.53889370547162
3.928,post_correction,0.1427914469468982,0.01581172288390631,88.92670168838164,0.09323504136596461,0.00478086969938919,94.87223941841415
3.932,post_correction,0.14273835738464644,0.014275457186212934,89.99886404202908,0.09406407456201611,0.0037245451822480475,96.04041691837146
3.936,post_correction,0.14274119912089847,0.01319114061517972,90.75870127446026,0.09496513911717266,0.004536424132668364,95.2230637738854
3.94,post_correction,0.14279983054122014,0.012673913143216751,91.12470015182662,0.09593579035574468,0.006549767704868329,93.1727589040745
3.944,post_correction,0.14291404456503345,0.04278928776819582,70.05942425153013,0.09697352986046283,0.03357980838148941,65.37219132911004
3.948,post_correction,0.14308356959249904,0.04006887385078788,71.99617400872529,0.09807582554096739,0.030813161320291885,68.58230746431916
3.952,post_correction,0.14330807081903807,0.037370630730981035,73.92287083525761,0.09924013019144654,0.028054380957860354,71.73081000222393
3.956,post_correction,0.1435871519005847,0.03469926594692964,75.83400360851621,0.10046389836941894,0.025304571494412856,74.81227395599898
3.96,post_correction,0.14392035694823194,0.03206099391406664,77.72310005762495,0.10174460149612094,0.022565371327407557,77.82155417035284
3.964,post_correction,0.14430717282700162,0.029464154240106046,79.58233560889708,0.10307974113966924,0.019839315014365814,80.75342953424352
3.968,post_correction,0.14474703173010872,0.026920134436397236,81.40194371198453,0.1044668604938309,0.017130531601550206,83.60194656891998
3.972,post_correction,0.14523931399737,0.02444476230573173,83.16932128571305,0.10590355410733127,0.014446203453021092,86.35909476807537
3.976,post_correction,0.1457833511443523,0.02206041469699042,84.86767211494092,0.10738747595127549,0.011799935113414714,89.01181445146484
3.98,post_correction,0.14637842906749704,0.019799172440598523,86.47398215247352,0.10891634593605286,0.009220597307818525,91.53423921030902
3.984,post_correction,0.1470237913897745,0.01770732671079439,87.95614876788851,0.11048795500492625,0.006779615485520238,93.86393251172225
3.988,post_correction,0.14771864291140235,0.015851037445852173,89.26944011030537,0.11210016894048638,0.004690161406607635,95.81609782488586
3.992,post_correction,0.14846215313075584,0.014321032247173194,90.35374878703252,0.11375093102342113,0.0036125902632488036,96.8241224658592
3.996,post_correction,0.14925345980175042,0.013229734932336716,91.13606146892042,0.11543826368176542,0.00436476344224649,96.21896301708153
4.0,post_correction,0.1500916724956233,0.01268951542941021,91.54549002058708,0.11716026926402341,0.006318808530645792,94.6066968176676
