local_t_yr,phase,pos_noNN_err,pos_encounterNN_err,pos_gain_instant_pct,vel_noNN_err,vel_encounterNN_err,vel_gain_instant_pct
0.0,pre_correction_window,3.7107576069615035e-16,3.7107576069615035e-16,0.0,2.02611444351785e-17,2.02611444351785e-17,0.0
0.003,pre_correction_window,0.045451019199323685,0.045451019199323685,0.0,0.042778007718463205,0.042778007718463205,0.0
0.006,pre_correction_window,0.04305995630387519,0.04305995630387519,0.0,0.040563276174914904,0.040563276174914904,0.0
0.009000000000000001,pre_correction_window,0.04066885044970755,0.04066885044970755,0.0,0.038346513196975705,0.038346513196975705,0.0
0.012,pre_correction_window,0.03827768732846339,0.03827768732846339,0.0,0.036127499429209495,0.036127499429209495,0.0
0.015,pre_correction_window,0.03588645234955585,0.03588645234955585,0.0,0.03390600908870303,0.03390600908870303,0.0
0.018000000000000002,pre_correction_window,0.033495130643752626,0.033495130643752626,0.0,0.03168180994901076,0.03168180994901076,0.0
0.021,pre_correction_window,0.031103707070022576,0.031103707070022576,0.0,0.029454663382283558,0.029454663382283558,0.0
0.024,pre_correction_window,0.02871216622744484,0.02871216622744484,0.0,0.02722432449142534,0.02722432449142534,0.0
0.027,pre_correction_window,0.026320492475273093,0.026320492475273093,0.0,0.02499054238662333,0.02499054238662333,0.0
0.03,pre_correction_window,0.023928669966699602,0.023928669966699602,0.0,0.02275306070319529,0.02275306070319529,0.0
0.033,pre_correction_window,0.021536682706774234,0.021536682706774234,0.0,0.020511618542585437,0.020511618542585437,0.0
0.036000000000000004,pre_correction_window,0.019144514655356683,0.019144514655356683,0.0,0.01826595219805567,0.01826595219805567,0.0
0.039,pre_correction_window,0.016752149919811842,0.016752149919811842,0.0,0.016015798435650416,0.016015798435650416,0.0
0.042,pre_correction_window,0.014359573141731665,0.014359573141731665,0.0,0.013760901118333892,0.013760901118333892,0.0
0.045,pre_correction_window,0.011966770348784593,0.011966770348784593,0.0,0.01150102579099125,0.01150102579099125,0.0
0.048,pre_correction_window,0.009573731084982749,0.009573731084982749,0.0,0.009235995959027845,0.009235995959027845,0.0
0.051000000000000004,pre_correction_window,0.007180454801635335,0.007180454801635335,0.0,0.006965800778740725,0.006965800778740725,0.0
0.054,pre_correction_window,0.00478697642213127,0.00478697642213127,0.0,0.004691017488083629,0.004691017488083629,0.0
0.057,pre_correction_window,0.0023935453138148864,0.0023935453138148864,0.0,0.002415632013445965,0.002415632013445965,0.0
0.06,pre_correction_window,7.169722347216678e-05,7.169722347216678e-05,0.0,0.00031535755494519575,0.00031535755494519575,0.0
0.063,pre_correction_window,0.04558434210357936,0.04558434210357936,0.0,0.045801522374353705,0.045801522374353705,0.0
0.066,pre_correction_window,0.04319017263666503,0.04319017263666503,0.0,0.04350692747130705,0.04350692747130705,0.0
0.069,pre_correction_window,0.04079551449289566,0.04079551449289566,0.0,0.04120352067414976,0.04120352067414976,0.0
0.07200000000000001,pre_correction_window,0.038400346739592396,0.038400346739592396,0.0,0.03889091545426163,0.03889091545426163,0.0
0.075,pre_correction_window,0.036004648220227774,0.036004648220227774,0.0,0.0365687201912417,0.0365687201912417,0.0
0.078,pre_correction_window,0.03360839759365827,0.03360839759365827,0.0,0.0342365391084048,0.0342365391084048,0.0
0.081,pre_correction_window,0.03121157338903074,0.03121157338903074,0.0,0.03189397355625911,0.03189397355625911,0.0
0.084,pre_correction_window,0.02881415408492738,0.02881415408492738,0.0,0.029540623824365328,0.029540623824365328,0.0
0.08700000000000001,pre_correction_window,0.026416118227494376,0.026416118227494376,0.0,0.027176091789910005,0.027176091789910005,0.0
0.09,pre_correction_window,0.02401744461404387,0.02401744461404387,0.0,0.02479998495291615,0.02479998495291615,0.0
0.093,pre_correction_window,0.02161811259211004,0.02161811259211004,0.0,0.0224119228878059,0.0224119228878059,0.0
0.096,pre_correction_window,0.019218102573868783,0.019218102573868783,0.0,0.020011548152066214,0.020011548152066214,0.0
0.099,pre_correction_window,0.016817396979984234,0.016817396979984234,0.0,0.01759854598009031,0.01759854598009031,0.0
0.10200000000000001,pre_correction_window,0.014415982112425755,0.014415982112425755,0.0,0.015172682734873714,0.015172682734873714,0.0
0.105,pre_correction_window,0.012013852255483603,0.012013852255483603,0.0,0.012733888628773827,0.012733888628773827,0.0
0.108,pre_correction_window,0.009611019904597413,0.009611019904597413,0.0,0.010282459554303775,0.010282459554303775,0.0
0.111,pre_correction_window,0.007207546431584094,0.007207546431584094,0.0,0.007819643399315505,0.007819643399315505,0.0
0.114,pre_correction_window,0.004803664800756664,0.004803664800756664,0.0,0.005349863167490825,0.005349863167490825,0.0
0.117,pre_correction_window,0.002400639752447403,0.002400639752447403,0.0,0.0028943967156608093,0.0028943967156608093,0.0
0.12,pre_correction_window,0.0001574381140337418,0.0001574381140337418,0.0,0.0008078899851086917,0.0008078899851086917,0.0
0.123,pre_correction_window,0.04591989788441695,0.04591989788441695,0.0,0.05210536777771831,0.05210536777771831,0.0
0.126,pre_correction_window,0.04351259874482698,0.04351259874482698,0.0,0.04956909346337985,0.04956909346337985,0.0
0.129,pre_correction_window,0.04110422313050209,0.04110422313050209,0.0,0.04701409177521657,0.04701409177521657,0.0
0.132,pre_correction_window,0.03869474588618325,0.03869474588618325,0.0,0.04443993421824772,0.04443993421824772,0.0
0.135,pre_correction_window,0.03628414218918109,0.03628414218918109,0.0,0.04184620805638595,0.04184620805638595,0.0
0.138,pre_correction_window,0.03387238767824058,0.03387238767824058,0.0,0.03923252034878288,0.03923252034878288,0.0
0.14100000000000001,pre_correction_window,0.031459458623854054,0.031459458623854054,0.0,0.03659850320649329,0.03659850320649329,0.0
0.14400000000000002,pre_correction_window,0.02904533216272153,0.02904533216272153,0.0,0.03394382092773604,0.03394382092773604,0.0
0.147,pre_correction_window,0.026629986635550395,0.026629986635550395,0.0,0.03126818014355476,0.03126818014355476,0.0
0.15,pre_correction_window,0.024213402098754343,0.024213402098754343,0.0,0.028571345000134415,0.028571345000134415,0.0
0.153,pre_correction_window,0.02179556114339222,0.02179556114339222,0.0,0.025853161179687428,0.025853161179687428,0.0
0.156,pre_correction_window,0.019376450288200262,0.019376450288200262,0.0,0.02311359629974415,0.02311359629974415,0.0
0.159,pre_correction_window,0.016956062519001492,0.016956062519001492,0.0,0.02035281267228706,0.02035281267228706,0.0
0.162,pre_correction_window,0.014534402311079792,0.014534402311079792,0.0,0.017571309178089016,0.017571309178089016,0.0
0.165,pre_correction_window,0.012111496613628276,0.012111496613628276,0.0,0.014770225944833067,0.014770225944833067,0.0
0.168,pre_correction_window,0.009687422248660456,0.009687422248660456,0.0,0.011952084928513504,0.011952084928513504,0.0
0.171,pre_correction_window,0.007262388122996102,0.007262388122996102,0.0,0.00912292316838051,0.00912292316838051,0.0
0.17400000000000002,pre_correction_window,0.004837064760398548,0.004837064760398548,0.0,0.006300215891174189,0.006300215891174189,0.0
0.177,pre_correction_window,0.0024149000650018873,0.0024149000650018873,0.0,0.0035583474791780825,0.0035583474791780825,0.0
0.18,pre_correction_window,0.00025912872313157157,0.00025912872313157157,0.0,0.0015988082846036997,0.0015988082846036997,0.0
0.183,pre_correction_window,0.04645756181440282,0.04645756181440282,0.0,0.060107535915593514,0.060107535915593514,0.0
0.186,pre_correction_window,0.04402541096941369,0.04402541096941369,0.0,0.05715279634526367,0.05715279634526367,0.0
0.189,pre_correction_window,0.04159158737192796,0.04159158737192796,0.0,0.05417231082597558,0.05417231082597558,0.0
0.192,pre_correction_window,0.03915607732129979,0.03915607732129979,0.0,0.0511661605048975,0.0511661605048975,0.0
0.195,pre_correction_window,0.036718868989229624,0.036718868989229624,0.0,0.048134494021014704,0.048134494021014704,0.0
0.198,pre_correction_window,0.034279952666944113,0.034279952666944113,0.0,0.04507753666099132,0.04507753666099132,0.0
0.201,pre_correction_window,0.03183932108748023,0.03183932108748023,0.0,0.04199560275463587,0.04199560275463587,0.0
0.20400000000000001,pre_correction_window,0.029396969867066424,0.029396969867066424,0.0,0.03888911325742949,0.03888911325742949,0.0
0.20700000000000002,pre_correction_window,0.026952898141976767,0.026952898141976767,0.0,0.03575862190099404,0.03575862190099404,0.0
0.21,pre_correction_window,0.02450710953884323,0.02450710953884323,0.0,0.03260485601637788,0.03260485601637788,0.0
0.213,pre_correction_window,0.02205961373976416,0.02205961373976416,0.0,0.029428783580287807,0.029428783580287807,0.0
0.216,pre_correction_window,0.019610429165992864,0.019610429165992864,0.0,0.026231729588472613,0.026231729588472613,0.0
0.219,pre_correction_window,0.017159587904656638,0.017159587904656638,0.0,0.023015591190203317,0.023015591190203317,0.0
0.222,pre_correction_window,0.014707145507006017,0.014707145507006017,0.0,0.019783266472617893,0.019783266472617893,0.0
0.225,pre_correction_window,0.012253202506126324,0.012253202506126324,0.0,0.016539593170919995,0.016539593170919995,0.0
0.228,pre_correction_window,0.009797958248411289,0.009797958248411289,0.0,0.013293671659587033,0.013293671659587033,0.0
0.231,pre_correction_window,0.0073418727916774625,0.0073418727916774625,0.0,0.01006566813473441,0.01006566813473441,0.0
0.234,pre_correction_window,0.004886317274253385,0.004886317274253385,0.0,0.006912293168773132,0.006912293168773132,0.0
0.23700000000000002,pre_correction_window,0.0024381540495852262,0.0024381540495852262,0.0,0.004064973566412075,0.004064973566412075,0.0
0.24,pre_correction_window,0.0003660023734783708,0.0003660023734783708,0.0,0.0028189116860914466,0.0028189116860914466,0.0
0.243,pre_correction_window,0.04705213022449801,0.04705213022449801,0.0,0.06494010275681919,0.06494010275681919,0.0
0.246,pre_correction_window,0.044587113674750725,0.044587113674750725,0.0,0.061561661057280614,0.061561661057280614,0.0
0.249,pre_correction_window,0.04212026064506436,0.04212026064506436,0.0,0.05816494192522336,0.05816494192522336,0.0
0.252,pre_correction_window,0.039651596367728095,0.039651596367728095,0.0,0.05475107893572895,0.05475107893572895,0.0
0.255,pre_correction_window,0.03718114916888861,0.03718114916888861,0.0,0.05132129254656641,0.05132129254656641,0.0
0.258,pre_correction_window,0.03470895069628264,0.03470895069628264,0.0,0.0478769017831647,0.0478769017831647,0.0
0.261,pre_correction_window,0.03223503625548759,0.03223503625548759,0.0,0.04441934257005523,0.04441934257005523,0.0
0.264,pre_correction_window,0.029759445323777566,0.029759445323777566,0.0,0.04095019687620176,0.04095019687620176,0.0
0.267,pre_correction_window,0.027282222361054934,0.027282222361054934,0.0,0.03747123993813315,0.03747123993813315,0.0
0.27,pre_correction_window,0.024803418133089273,0.024803418133089273,0.0,0.033984518774095133,0.033984518774095133,0.0
0.273,pre_correction_window,0.022323091953971533,0.022323091953971533,0.0,0.03049248724882763,0.03049248724882763,0.0
0.276,pre_correction_window,0.019841315662523697,0.019841315662523697,0.0,0.02699824889065922,0.02699824889065922,0.0
0.279,pre_correction_window,0.01735818108111986,0.01735818108111986,0.0,0.023506018789355067,0.023506018789355067,0.0
0.28200000000000003,pre_correction_window,0.014873815044449354,0.014873815044449354,0.0,0.02002206827321936,0.02002206827321936,0.0
0.28500000000000003,pre_correction_window,0.012388412651793619,0.012388412651793619,0.0,0.01655684740370763,0.01655684740370763,0.0
0.28800000000000003,pre_correction_window,0.00990232080389584,0.00990232080389584,0.0,0.013130385582571623,0.013130385582571623,0.0
0.291,pre_correction_window,0.007416290063668321,0.007416290063668321,0.0,0.009788559162083548,0.009788559162083548,0.0
0.294,pre_correction_window,0.004932488225541941,0.004932488225541941,0.0,0.006664676258838663,0.006664676258838663,0.0
0.297,pre_correction_window,0.002461643454466308,0.002461643454466308,0.0,0.004270630570975929,0.004270630570975929,0.0
0.3,pre_correction_window,0.00045888350011772766,0.00045888350011772766,0.0,0.004155198166509267,0.004155198166509267,0.0
0.303,pre_correction_window,0.04743738449505036,0.04743738449505036,0.0,0.06323903756244943,0.06323903756244943,0.0
0.306,pre_correction_window,0.04494391794024583,0.04494391794024583,0.0,0.05973519869055726,0.05973519869055726,0.0
0.309,pre_correction_window,0.042449226891352596,0.042449226891352596,0.0,0.05623387469238727,0.05623387469238727,0.0
0.312,pre_correction_window,0.03995337117624474,0.03995337117624474,0.0,0.052736451154042845,0.052736451154042845,0.0
0.315,pre_correction_window,0.037456412260679084,0.037456412260679084,0.0,0.04924434356891951,0.04924434356891951,0.0
0.318,pre_correction_window,0.03495841348238919,0.03495841348238919,0.0,0.0457590146890389,0.0457590146890389,0.0
0.321,pre_correction_window,0.03245944045595907,0.03245944045595907,0.0,0.042282002018841844,0.042282002018841844,0.0
0.324,pre_correction_window,0.029959561747903297,0.029959561747903297,0.0,0.038814961478895516,0.038814961478895516,0.0
0.327,pre_correction_window,0.02745884999337164,0.02745884999337164,0.0,0.03535973782312035,0.03535973782312035,0.0
0.33,pre_correction_window,0.024957383762929813,0.024957383762929813,0.0,0.031918481223988736,0.031918481223988736,0.0
0.333,pre_correction_window,0.022455250762472404,0.022455250762472404,0.0,0.028493847486065062,0.028493847486065062,0.0
0.336,pre_correction_window,0.01995255353412236,0.01995255353412236,0.0,0.025089358593285014,0.025089358593285014,0.0
0.339,pre_correction_window,0.0174494201659564,0.0174494201659564,0.0,0.02171009221267824,0.02171009221267824,0.0
0.342,pre_correction_window,0.014946025878114921,0.014946025878114921,0.0,0.01836410424839392,0.01836410424839392,0.0
0.34500000000000003,pre_correction_window,0.012442640793162601,0.012442640793162601,0.0,0.015065661842049171,0.015065661842049171,0.0
0.34800000000000003,pre_correction_window,0.009939750013287996,0.009939750013287996,0.0,0.011843569676231016,0.011843569676231016,0.0
0.35100000000000003,pre_correction_window,0.0074384160668528095,0.0074384160668528095,0.0,0.008766382064151635,0.008766382064151635,0.0
0.354,pre_correction_window,0.004941740212298122,0.004941740212298122,0.0,0.006034547287501107,0.006034547287501107,0.0
0.357,pre_correction_window,0.002465179028135963,0.002465179028135963,0.0,0.004319367554741741,0.004319367554741741,0.0
0.36,pre_correction_window,0.0005514433418654518,0.0005514433418654518,0.0,0.004821494084976688,0.004821494084976688,0.0
0.363,pre_correction_window,0.04749006114108146,0.04749006114108146,0.0,0.05732090968777808,0.05732090968777808,0.0
0.366,pre_correction_window,0.04498407140836924,0.04498407140836924,0.0,0.05405018215247972,0.05405018215247972,0.0
0.369,pre_correction_window,0.04247777868618188,0.04247777868618188,0.0,0.05079581889812437,0.05079581889812437,0.0
0.372,pre_correction_window,0.03997123873214439,0.03997123873214439,0.0,0.04755846690839403,0.04755846690839403,0.0
0.375,pre_correction_window,0.037464507725402364,0.037464507725402364,0.0,0.04433879441008706,0.04433879441008706,0.0
0.378,pre_correction_window,0.034957642772753345,0.034957642772753345,0.0,0.041137514629037863,0.041137514629037863,0.0
0.381,pre_correction_window,0.032450702669857966,0.032450702669857966,0.0,0.03795542060825188,0.03795542060825188,0.0
0.384,pre_correction_window,0.029943749063592612,0.029943749063592612,0.0,0.03479343774152711,0.03479343774152711,0.0
0.387,pre_correction_window,0.02743684826845446,0.02743684826845446,0.0,0.031652705729236195,0.031652705729236195,0.0
0.39,pre_correction_window,0.02493007419340071,0.02493007419340071,0.0,0.028534711446361476,0.028534711446361476,0.0
0.393,pre_correction_window,0.022423513243480582,0.022423513243480582,0.0,0.02544151417463151,0.02544151417463151,0.0
0.396,pre_correction_window,0.019917272930091934,0.019917272930091934,0.0,0.02237614796082349,0.02237614796082349,0.0
0.399,pre_correction_window,0.017411497917841235,0.017411497917841235,0.0,0.019343386920968618,0.019343386920968618,0.0
0.402,pre_correction_window,0.014906402241588458,0.014906402241588458,0.0,0.01635131656839685,0.01635131656839685,0.0
0.405,pre_correction_window,0.012402340511894237,0.012402340511894237,0.0,0.013414881726585589,0.013414881726585589,0.0
0.40800000000000003,pre_correction_window,0.00989998698045615,0.00989998698045615,0.0,0.01056491510822296,0.01056491510822296,0.0
0.41100000000000003,pre_correction_window,0.007400876958806217,0.007400876958806217,0.0,0.007874763043693226,0.007874763043693226,0.0
0.41400000000000003,pre_correction_window,0.004909595624286433,0.004909595624286433,0.0,0.005551149745718713,0.005551149745718713,0.0
0.417,pre_correction_window,0.0024492605109520797,0.0024492605109520797,0.0,0.004207454640120743,0.004207454640120743,0.0
0.42,pre_correction_window,0.000672502176226485,0.000672502176226485,0.0,0.004727809336739595,0.004727809336739595,0.0
0.423,pre_correction_window,0.047301730337666076,0.047301730337666076,0.0,0.05126287213986333,0.05126287213986333,0.0
0.426,pre_correction_window,0.044798606308706246,0.044798606308706246,0.0,0.048347395183894325,0.048347395183894325,0.0
0.429,pre_correction_window,0.04229582047791044,0.04229582047791044,0.0,0.04544905397331753,0.04544905397331753,0.0
0.432,pre_correction_window,0.039793409915863165,0.039793409915863165,0.0,0.04256798222920487,0.04256798222920487,0.0
0.435,pre_correction_window,0.03729141287381451,0.03729141287381451,0.0,0.0397043586611943,0.0397043586611943,0.0
0.438,pre_correction_window,0.0347898696062438,0.0347898696062438,0.0,0.036858429908356714,0.036858429908356714,0.0
0.441,pre_correction_window,0.03228882356500783,0.03228882356500783,0.0,0.034030543882771505,0.034030543882771505,0.0
0.444,pre_correction_window,0.029788323182436145,0.029788323182436145,0.0,0.031221199811429783,0.031221199811429783,0.0
0.447,pre_correction_window,0.0272884246198484,0.0272884246198484,0.0,0.02843112599512876,0.02843112599512876,0.0
0.45,pre_correction_window,0.02478919616114647,0.02478919616114647,0.0,0.025661405394227236,0.025661405394227236,0.0
0.453,pre_correction_window,0.022290725539482026,0.022290725539482026,0.0,0.02291368757157427,0.02291368757157427,0.0
0.456,pre_correction_window,0.019793132782666215,0.019793132782666215,0.0,0.020190565146510204,0.020190565146510204,0.0
0.459,pre_correction_window,0.017296594142308736,0.017296594142308736,0.0,0.017496284368698805,0.017496284368698805,0.0
0.462,pre_correction_window,0.014801390159346256,0.014801390159346256,0.0,0.014838188955288541,0.014838188955288541,0.0
0.465,pre_correction_window,0.012308012017256387,0.012308012017256387,0.0,0.012229933073950256,0.012229933073950256,0.0
0.468,pre_correction_window,0.009817429435441921,0.009817429435441921,0.0,0.009699486719822846,0.009699486719822846,0.0
0.47100000000000003,pre_correction_window,0.007331902376429353,0.007331902376429353,0.0,0.0073119945155245905,0.0073119945155245905,0.0
0.47400000000000003,pre_correction_window,0.004858270059747064,0.004858270059747064,0.0,0.005243976450681073,0.005243976450681073,0.0
0.47700000000000004,pre_correction_window,0.002431170981186711,0.002431170981186711,0.0,0.003994972759805812,0.003994972759805812,0.0
0.48,pre_correction_window,0.0008188896750912014,0.0008188896750912014,0.0,0.004316231456413656,0.004316231456413656,0.0
0.483,pre_correction_window,0.047003974280616805,0.013918666320036669,70.3883202791719,0.04679189855207491,0.013632316032623963,70.86607627717328
0.486,pre_correction_window,0.0445122482282814,0.011431318718723504,74.3187118743185,0.044174268508094715,0.011138434174397515,74.78524364844559
0.489,pre_correction_window,0.042021159444311014,0.008947876287771673,78.70626035526234,0.04156951545007559,0.008736239697849991,78.98402326016503
0.492,pre_correction_window,0.03953073343165575,0.006472088642461695,83.62770411621322,0.038977652506445505,0.006512575809629955,83.29151349339726
0.495,pre_correction_window,0.03704099828305891,0.004016894800118061,89.1555438937637,0.03639874512044503,0.004706069490277926,87.07079193333358
0.498,pre_correction_window,0.03455198584113302,0.0016723797519913287,95.15981582164109,0.03383293083530979,0.003915900758646514,88.42577139501117
0.501,post_correction,0.03206373338699673,0.04895827573717249,-52.69050283778635,0.03128044825892291,0.04938712999699968,-57.884981660746305
0.504,post_correction,0.029576286168199004,0.0464706274181137,-57.12123947488653,0.02874168069955396,0.04681910867294138,-62.89621042818128
0.507,post_correction,0.027089701304257877,0.04398358986535838,-62.362771635452376,0.02621722403454592,0.04426177724242986,-68.82709315107881
0.51,post_correction,0.02460405404211298,0.04149717574612095,-68.65991139140417,0.02370799616103907,0.041714963830578336,-75.95314065020526
0.513,post_correction,0.022119448205229143,0.039011397682352185,-76.36695689872457,0.021215421044343562,0.03917849806489753,-84.66990583410208
0.516,post_correction,0.019636034540468635,0.036526268412793515,-86.01652150038322,0.018741753797135,0.03665221156253483,-95.56447042932423
0.519,post_correction,0.017154044942009998,0.034041801017459836,-98.44766136814751,0.016290689581680628,0.0341359385220823,-109.54262464413533
0.522,post_correction,0.01467386128685532,0.03155800923917391,-115.06274744087445,0.013868588455804203,0.031629516487094084,-128.06586688969546
0.525,post_correction,0.01219616795589663,0.029074907960386455,-138.39379767092544,0.011487165747185545,0.029132787392685714,-153.6116221690585
0.528,post_correction,0.009722336592048412,0.02659251393692301,-173.5197828747482,0.009170083973569986,0.026645599087214915,-190.5709387614427
0.531,post_correction,0.00725559366404659,0.024110846973846276,-232.307018422517,0.006971392658420164,0.024167807674642956,-246.67115824343475
0.534,post_correction,0.004805754763499221,0.0216299318982711,-350.0839714617828,0.005034352831144568,0.02169928133128655,-331.02424599733877
0.537,post_correction,0.0024223827002510046,0.019149802051052597,-690.5357831802678,0.003766639102332415,0.019239906907621153,-410.79772669771387
0.54,post_correction,0.0009750243845202346,0.016670505876962977,-1609.7527140478421,0.003872546847173189,0.016789602133362617,-333.5545261542384
0.543,post_correction,0.04667730910996346,0.014192120396760571,69.59524731100832,0.04385543557892884,0.014348340030965911,67.28264161202439
0.546,post_correction,0.04420012933882776,0.011714781736753593,73.49604647771312,0.04144291725756881,0.011916202808528986,71.24670849190109
0.549,post_correction,0.041723688421561184,0.009238764679667473,77.85726758784529,0.03903913709323323,0.009493517427314238,75.6820510539415
0.552,post_correction,0.0392480085175562,0.006764736596417345,82.76412778143538,0.03664412105990045,0.007081266126991178,80.67557381055542
0.555,post_correction,0.03677311580591647,0.004294887178602013,88.32057854093777,0.034257943261074356,0.004682751956759618,86.33090165082851
0.558,post_correction,0.03429904204067643,0.001843129838280783,94.6262935387672,0.03188074273212019,0.0023155124627936034,92.73695571571267
0.561,post_correction,0.03182582682370595,0.048717594600685823,-53.0756604393944,0.02951274810220831,0.046409852983203735,-57.253580122317004
0.5640000000000001,post_correction,0.029353521017545965,0.04624462300219734,-57.543699696383186,0.02715431476847747,0.04402679459779992,-62.135538949077606
0.5670000000000001,post_correction,0.026882192030049018,0.043772311687329285,-62.83014286335142,0.024805982652843617,0.041650749158207524,-67.90606419872232
0.5700000000000001,post_correction,0.02441193229339359,0.04130066791395953,-69.18229748300755,0.022468569121475282,0.039281594019268486,-74.82908594176318
0.5730000000000001,post_correction,0.02194287344690173,0.03882969929239035,-76.95813352044371,0.020143324676508128,0.03691921014845266,-83.2826047405629
0.5760000000000001,post_correction,0.019475211268493914,0.03635941398731615,-86.69586422477846,0.017832206661946192,0.03456348264342788,-93.82616688256601
0.579,post_correction,0.017009252230031312,0.03388982100362756,-99.24345024287507,0.015538388952915991,0.032214301464804564,-107.32073036927753
0.582,post_correction,0.014545507230281786,0.03142093060226883,-116.01811545529804,0.013267279989125951,0.029871562502608646,-125.1521225683923
0.585,post_correction,0.012084899494028871,0.028952754923817593,-139.577953777134,0.011028740181919346,0.027535169173943955,-149.66740280168585
0.588,post_correction,0.0096292895480892,0.02648530895522261,-175.04946053344358,0.008842464051583012,0.025205034892875035,-185.04537587984575
0.591,post_correction,0.007183069345390523,0.024018612086208247,-234.37811792282545,0.006752911146049495,0.02288108702655338,-238.8329348882221
0.594,post_correction,0.004759619155717178,0.021552690727096684,-352.82385043786405,0.004877121647237708,0.02056327349798972,-321.6272421590365
0.597,post_correction,0.00242590146587705,0.019087582946419015,-686.8243296319611,0.003558131378786659,0.0182515743577764,-412.9539192001471
0.6,post_correction,0.0011308449129364799,0.016623347221494424,-1369.9935447671917,0.0034847703225518553,0.01594602330467706,-357.59180171736483
0.603,post_correction,0.046358114183239756,0.014160080303852745,69.45501223824121,0.041981609192682914,0.013646750782875928,67.49350240425167
0.606,post_correction,0.04389589613560891,0.011697957611135595,73.35068049414747,0.03970196419337655,0.011354078903081044,71.40171995577177
0.609,post_correction,0.04143442992430459,0.009237338094522431,77.70612963325944,0.037428136855717095,0.009068758921470597,75.77021010575535
0.612,post_correction,0.03897373907595333,0.006779097030950881,82.60598754012402,0.03516017911656877,0.006792683393816181,80.68074860683738
0.615,post_correction,0.03651385255225383,0.004326090576980548,88.1521935523248,0.032898184312001165,0.004531721671263853,86.22500978082644
0.618,post_correction,0.034054806756559676,0.0018959692478632125,94.43259431358244,0.030642301478653183,0.0023149789359421438,92.4451531894402
0.621,post_correction,0.03159664847203561,0.0484875610128077,-53.45792467742669,0.02839275633625826,0.044455899424936884,-56.57479287477839
0.624,post_correction,0.02913943927983697,0.046029220155552594,-57.96192820842131,0.026149882880170634,0.04219268258242053,-61.3494132106232
0.627,post_correction,0.02668326240833948,0.04357151857693391,-63.29157173568191,0.023914172382074574,0.03993400305890738,-66.98885673685636
0.63,post_correction,0.02422823373281173,0.041114461612316,-69.6964874357954,0.02168635204680889,0.03767978678825499,-73.74884769427834
0.633,post_correction,0.021774520189508408,0.03865805524486812,-77.53803486101471,0.019467516448316305,0.035429963622628055,-81.99529311656136
0.636,post_correction,0.01932237216938578,0.03620230636194216,-87.3595335219804,0.017259357855695153,0.03318446807657954,-92.26942481889328
0.639,post_correction,0.01687218405191768,0.03374722312115362,-100.01692144484363,0.01506459356596147,0.030943240401065563,-105.40375195373329
0.642,post_correction,0.014424616169801225,0.03129281548637575,-116.94036858941926,0.012887815934108694,0.028706228165409596,-122.73927802953904
0.645,post_correction,0.011980865513310072,0.02883909603475657,-140.70962154376866,0.010737335817458204,0.026473388643901623,-146.5545373076404
0.648,post_correction,0.009543349664915057,0.026386081210925408,-176.4865810998267,0.008629640067817888,0.024244692519496645,-180.9467408717455
0.651,post_correction,0.007117783423313753,0.023933793348698607,-236.25346439040703,0.00660175178883476,0.02202012982704446,-233.549799074332
0.654,post_correction,0.004721567406332313,0.021482264072529556,-354.98162418943116,0.004751368616969847,0.019799719878271976,-316.71613958883097
0.657,post_correction,0.0024406299665046273,0.019031540320639063,-679.7798347897563,0.0033759425868266,0.01758352865208483,-420.84797652360015
0.66,post_correction,0.0012819204286821657,0.016581695697348374,-1193.5042867204027,0.003161973497520256,0.01537170111089849,-386.1426296885025
0.663,post_correction,0.046060353974361666,0.014132853609337347,69.31666305212495,0.04078265145204388,0.013164525832727775,67.72027966791742
0.666,post_correction,0.04361234897681144,0.011685239439199928,73.20658090346627,0.038588279609624666,0.010962577080623735,71.59091519102226
0.669,post_correction,0.04116507352450248,0.00923931548661393,77.55545005618791,0.03639781158809677,0.00876706914210403,75.91319708635686
0.672,post_correction,0.038718554833079434,0.006796206637374715,82.44715830259157,0.034211313821402974,0.006580913273127918,80.76392708130717
0.675,post_correction,0.036272826998649324,0.00435955296545215,87.98121534443818,0.03202888794315957,0.004412879692446393,86.22218885564256
0.678,post_correction,0.03382793350032013,0.001951209630256974,94.23195735489278,0.029850683025571874,0.002304903863676754,92.27855569769632
0.681,post_correction,0.031383930867769395,0.04827996594894706,-53.83658010325762,0.027676913517654996,0.04316440719884644,-55.95816770288361
0.684,post_correction,0.02894089420026701,0.0458353243318156,-58.375632814388716,0.025507886221473656,0.04097859587397876,-60.65069256691752
0.687,post_correction,0.026498925727867453,0.04339127285186939,-63.74729035236772,0.023344042075186398,0.03879573203073407,-66.19115021203666
0.6900000000000001,post_correction,0.024058168568356835,0.04094781654412309,-70.2033819730602,0.021186023120275316,0.03661577500831435,-72.82986429516615
0.6930000000000001,post_correction,0.021618829769858565,0.03850496135054323,-78.1084441685538,0.019034784212998677,0.03443868822552386,-80.92502568012303
0.6960000000000001,post_correction,0.019181220869051427,0.03606271444337118,-88.01052701268749,0.01689178842217194,0.03226444018173683,-91.00665586946938
0.6990000000000001,post_correction,0.016745833723421564,0.03362108468816365,-100.77283247557577,0.014759368847962116,0.030093005897016495,-103.89087234696729
0.7020000000000001,post_correction,0.01431349338128728,0.031180083323019255,-117.83699123920707,0.012641446943980143,0.02792436902791175,-120.89535439777592
0.705,post_correction,0.011885697537068328,0.028739724982309436,-141.80091149617328,0.010545087900661092,0.02575852505323823,-144.27036830696667
0.708,post_correction,0.009465474327753758,0.026300029288282695,-177.85220663657884,0.008484260721168426,0.02359548621105359,-178.10892411854235
0.711,post_correction,0.0070599850560057985,0.02386102341626254,-237.97555132166192,0.00649030581239032,0.021435289413158674,-230.26624681132327
0.714,post_correction,0.004690996258757889,0.021422746407956522,-356.6779683092088,0.00464654482793686,0.01927800945348835,-314.8891308996171
0.717,post_correction,0.0024642333294360237,0.0189852568016113,-670.4325955998801,0.003217104913268179,0.01712378214197075,-432.2730406256822
0.72,post_correction,0.0014266905185222952,0.016548646992541483,-1059.9324995642264,0.002893300077067082,0.014972847282263939,-417.50066994232446
0.723,post_correction,0.04578849205035943,0.014113072442355108,69.17768677152948,0.04001313148135548,0.012825634605308313,67.94643625609622
0.726,post_correction,0.04335350007979296,0.01167881736801259,73.06141984726146,0.03787360324414167,0.010682952592323615,71.79314436110309
0.729,post_correction,0.04091920262696528,0.009246463973944064,77.40311789983231,0.0357367143389526,0.008546459059643399,76.08493333051645
0.732,post_correction,0.03848563173117495,0.006817423021044526,82.28579676523245,0.03360253536340402,0.006420062231042014,80.89411360895701
0.735,post_correction,0.03605282780795856,0.004396216927196686,87.80618000170784,0.03147116697073029,0.0043154088934501495,86.28773792384729
0.738,post_correction,0.033620842681780144,0.0020092159834904067,94.02389760867224,0.029342750407418336,0.0022871179522735404,92.20550929780829
0.741,post_correction,0.031189744032735455,0.0480989374860294,-54.213953905959464,0.02721748294529993,0.04230731191068316,-55.44167693871571
0.744,post_correction,0.02875962209105696,0.04566672849219563,-58.78765147750698,0.025095641069682043,0.0401715566875048,-60.073841413184375
0.747,post_correction,0.026330600026251243,0.04323505013064505,-64.20077813471893,0.02297761636446827,0.03803770946779466,-65.54245168186704
0.75,post_correction,0.02390285064858691,0.04080390789472333,-70.70728715420216,0.020863972976464647,0.035905750714191394,-72.09450354778758
0.753,post_correction,0.021476624396066527,0.038373308443894485,-78.67476627715578,0.018755543390327152,0.03377566524684475,-80.08364004139686
0.756,post_correction,0.019052298617645628,0.03594326000508396,-88.6557665634868,0.016653595808926447,0.031647443483754124,-90.03369510619964
0.759,post_correction,0.016630469760519528,0.033513772947869995,-101.52030237552978,0.014560143862755745,0.02952108322017671,-102.75268911106325
0.762,post_correction,0.014212139288939624,0.03108486062846733,-118.72048955120104,0.012478561202203397,0.027396592237804617,-119.54928772531143
0.765,post_correction,0.011799126652213504,0.028656540661698416,-142.87001492879543,0.010414912607866277,0.02527399222855515,-142.67118870940848
0.768,post_correction,0.009395112794729538,0.02622883689782385,-179.1753273312235,0.008381178164298677,0.023153324871012772,-176.253820371449
0.771,post_correction,0.007008802821105485,0.02380178260658581,-239.5984052356548,0.006404286204028428,0.021034661568996655,-228.44661994908066
0.774,post_correction,0.004666588389669348,0.02137542582624458,-358.0525223429688,0.004556567746819643,0.018918119705121424,-315.1835494671564
0.777,post_correction,0.0024942864987860308,0.018949838814520337,-659.7298395249793,0.0030767936475674692,0.01680389111736809,-446.14943483952334
0.78,post_correction,0.0015648295465092764,0.016525135808042997,-956.0342399532419,0.0026662095213253073,0.014692295030835733,-451.05553083212135
0.783,post_correction,0.0455433432874258,0.014101509070315295,69.03716755856037,0.039528777268846,0.012583883969390076,68.16525873339404
0.786,post_correction,0.04312000324711446,0.011679309733450053,72.91440432757477,0.037424123692299506,0.010479676671759522,71.99753624714572
0.789,post_correction,0.040697318646447024,0.009259255233987245,77.24848824949405,0.03532123631350477,0.008381739067964395,76.2699725639
0.792,post_correction,0.038275326925121235,0.006843075593493201,82.12144443108103,0.03322018382435421,0.006294915003314593,81.05093266010257
0.795,post_correction,0.035854075445671825,0.004436262500741575,87.62689472368724,0.031121060765294736,0.004233598016817444,86.39635695985457
0.798,post_correction,0.033433625082300016,0.0020699137820242557,93.80888618291026,0.029023996650116218,0.0022646677409750445,92.19725743399307
0.801,post_correction,0.031014055484892136,0.047945598239033306,-54.59312717870459,0.026929169322706996,0.041748415383724743,-55.03046114579548
0.804,post_correction,0.028595473006820166,0.045524439735460394,-59.20156216546089,0.02483682501824267,0.03964447293345304,-59.619729592386044
0.807,post_correction,0.026178023012531422,0.04310374892885147,-64.65624202491419,0.022747309397221263,0.037541724334469465,-65.03808726958907
0.81,post_correction,0.023761909670687854,0.04068353215640757,-71.213226210492,0.020661117224996473,0.03544016328353491,-71.53072071368085
0.8130000000000001,post_correction,0.021347429135139023,0.03826379719782873,-79.24311614106473,0.018578975150905504,0.03333978819612407,-79.44901656483002
0.8160000000000001,post_correction,0.01893502799862413,0.03584455376519019,-89.30288229726806,0.016501986359020147,0.03124060365894646,-89.31420120748093
0.8190000000000001,post_correction,0.016525412679113574,0.03342581420497444,-102.2691647950265,0.014431898251622817,0.02914262251113295,-101.93201201273688
0.8220000000000001,post_correction,0.014119770106442473,0.031007594527899893,-119.60410328318277,0.012371633945327512,0.027045868893735486,-118.6119393222922
0.8250000000000001,post_correction,0.011720258027713917,0.028589915960291926,-143.93589196319516,0.010326445080630693,0.024950382834395685,-141.6163804637387
0.8280000000000001,post_correction,0.009331243704638,0.026172807353646587,-180.48573354308235,0.00830671343235718,0.02285622734771254,-175.1536758049287
0.8310000000000001,post_correction,0.00696305292395764,0.023756309062542218,-241.17662643069033,0.006335861102786743,0.020763499818921456,-227.7139363075512
0.834,post_correction,0.004646896471239542,0.021340479452710927,-359.241551534253,0.0044775581475575655,0.018672351014823625,-317.02084929950234
0.837,post_correction,0.002528622441434745,0.018925406385115917,-648.4472998024017,0.0029506161891919734,0.016583018419818005,-462.0188244259334
0.84,post_correction,0.001696511817697364,0.016511228760876795,-873.24572623886,0.002470787365844234,0.01449588826841752,-486.6910471053211
0.843,post_correction,0.045324484898044644,0.014098180160713444,68.89500191248361,0.03924607122283616,0.012411619836010992,68.37487307827891
0.846,post_correction,0.04291138242273445,0.011686686433101237,72.76553265524807,0.037162462742388123,0.010331419229331392,72.1993149352096
0.849,post_correction,0.04049889513105329,0.009277615084377166,77.09168347838857,0.0350799801112742,0.008257723690718538,76.46029540346112
0.852,post_correction,0.03808706616784891,0.006873047350201384,81.95437968387482,0.03299868711770195,0.0061962448204007274,81.22275350440597
0.855,post_correction,0.03567595018975627,0.004479524174356942,87.44385461205414,0.03091866992970857,0.004163978014204387,86.53248013685291
0.858,post_correction,0.0332656175294987,0.0021330229616548747,93.58790511024367,0.028840045036881715,0.002239700015870013,92.2340620030038
0.861,post_correction,0.030856160305925036,0.0478200200593858,-54.977222004525764,0.026762970873554674,0.041407344573179614,-54.71878951262284
0.864,post_correction,0.028447701629000576,0.04540849342769386,-59.620956448034676,0.02468766527472892,0.039322328098189134,-59.27925002467009
0.867,post_correction,0.026040409895220534,0.04299737052832816,-65.11787142114039,0.022614432479492075,0.037237981446241304,-64.66467367691236
0.87,post_correction,0.023634521786216153,0.0405866587725719,-71.72616877842805,0.020543706361876954,0.03515430674825772,-71.1195931689022
0.873,post_correction,0.021230380838682523,0.03817636731620069,-79.81951245378495,0.018476122480418897,0.033071311241463064,-78.99486906147236
0.876,post_correction,0.018828505419779012,0.0357665076484004,-89.9593560454794,0.016412644032525774,0.030989008907214486,-88.81180171702978
0.879,post_correction,0.016429715984279013,0.033357094435450735,-103.02903876956184,0.014354795112930084,0.028907422816982963,-101.37816380914136
0.882,post_correction,0.014035391909585726,0.030948146757785053,-120.50076661306801,0.012305124458640345,0.026826588569883434,-118.01151755963336
0.885,post_correction,0.011648042232718306,0.028539689972469733,-145.0170543879409,0.010268213622350496,0.02474655946215273,-141.0016033196629
0.888,post_correction,0.009272747214400206,0.026131758603927822,-181.81247692535226,0.00825313758168497,0.022667414497343132,-174.6520856219063
0.891,post_correction,0.006921514742619781,0.023724400992202643,-242.76313602451415,0.006280472563252038,0.020589271238132527,-227.82996869699517
0.894,post_correction,0.004630522468007456,0.021317687085636174,-360.3732566448233,0.0044068909336339,0.018512307289609325,-320.07636604575936
0.897,post_correction,0.0025653896772511063,0.018911722173833728,-637.1871159198791,0.002835120968211366,0.01643679801572829,-479.75649716625713
0.9,post_correction,0.0018221098924665914,0.016506672609395614,-805.9098289099634,0.0023001828766738603,0.014363186826560978,-524.4367338013844
0.903,post_correction,0.04513119316450035,0.01410281779688093,68.75150686693115,0.03911644732780736,0.012292226264545842,68.57529989486683
0.906,post_correction,0.042726893712268135,0.011700666119866423,72.61521935420544,0.03704363988207735,0.010225289494722402,72.39663940349001
0.909,post_correction,0.04032316853918648,0.00930124998726054,76.93323633974477,0.034971457194278174,0.008165151049682682,76.65195646746278
0.912,post_correction,0.03792006665497151,0.0069070334264421905,81.78528142028821,0.03289995694429745,0.0061183263847806755,81.40323893086077
0.915,post_correction,0.035517650200934184,0.004525683224727318,87.25793176315396,0.030829216304045774,0.004104281234634237,86.68704000076828
0.918,post_correction,0.03311599920350434,0.0021981766555624477,93.36219136238584,0.028759338882982117,0.002213472043819743,92.30346687444359
0.921,post_correction,0.030715218551005938,0.04772201232716501,-55.36927483656825,0.026690464894346844,0.041236585070362784,-54.49931364476485
0.924,post_correction,0.02831544850799734,0.045318684437061524,-60.04932580976719,0.0246227864258069,0.039160751923678544,-59.042730771666626
0.927,post_correction,0.025916881050110474,0.042915695861694976,-65.58973967090088,0.02255657106906161,0.03708517547817313,-64.40963196325004
0.93,post_correction,0.02351978615411679,0.04051305525672579,-72.25095071553014,0.02049219976500252,0.03500986337235695,-70.84482766046591
0.933,post_correction,0.021124555906522655,0.03811077335468974,-80.4098203215824,0.018430229914388856,0.032934828727599966,-78.70004270476883
0.936,post_correction,0.018731782274995012,0.035708863663802624,-90.6324936921259,0.016371505798534875,0.030860091946692553,-88.49879984438753
0.9390000000000001,post_correction,0.0163424027703514,0.03330734346863642,-103.80934148228825,0.014317363322435456,0.02878568329054321,-101.05436065477048
0.9420000000000001,post_correction,0.013957994547536818,0.030906235296612287,-121.4231793210318,0.012270037825778759,0.026711646655264272,-117.69816062950017
0.9450000000000001,post_correction,0.011581428123985197,0.028505569124545837,-146.1317276192446,0.01023355327238727,0.024638045255598984,-140.757482760936
0.9480000000000001,post_correction,0.00921851823552309,0.026105385800879132,-183.18418572177202,0.008215903315359837,0.022564970438255373,-174.64990241632464
0.9510000000000001,post_correction,0.006883005301298181,0.023705742543781834,-244.4097673339111,0.006235321194888624,0.020492555835890186,-228.65277016826118
0.9540000000000001,post_correction,0.004616153010896506,0.021306722148790043,-361.56880195468324,0.004342735772539543,0.018421001054939677,-324.1796420454899
0.9570000000000001,post_correction,0.0026030237773093314,0.01890844919422253,-626.4032452968077,0.002727801676836713,0.016350613321815654,-499.4062347221882
0.96,post_correction,0.0019420820371869856,0.016511120344170988,-750.1762555863277,0.002150243736229327,0.014281885228755621,-564.1984342575215
0.963,post_correction,0.044962774501772385,0.01411506546755461,68.60721869599438,0.039111456423906676,0.012215651127467635,68.76707685065678
0.966,post_correction,0.042565827320105235,0.011720883535164829,72.46410025812261,0.0370413061905522,0.01015343335038984,72.5888895543873
0.969,post_correction,0.04016941251202975,0.00932978708249685,76.77390208357464,0.03497136374172639,0.008098313040815014,76.84301618711986
0.972,post_correction,0.03777358502480708,0.006944655065630542,81.61504908504243,0.032901680438249974,0.006057551722287362,81.58892907109652
0.975,post_correction,0.035378414576095064,0.004574356522497177,87.07020487687981,0.0308323247206174,0.004052973325832552,86.85479164299812
0.978,post_correction,0.03298399100571223,0.002264980613398968,93.13309110165986,0.02876338821622367,0.0021866556564561945,92.3977813739522
0.981,post_correction,0.030590432133116654,0.04765141933397855,-55.77229875870885,0.026694994681369388,0.04120803881616862,-54.36616230130955
0.984,post_correction,0.02819789560337851,0.04525484262277108,-60.49014174429706,0.024627313438509348,0.03913349475898162,-58.90281681228445
0.987,post_correction,0.02580659729822397,0.042858540249922174,-66.07590591911058,0.022560580179908533,0.03705885845205422,-64.26376518923578
0.99,post_correction,0.023416840980636587,0.040462522268282806,-72.79240313303282,0.02049513030960126,0.03498414120812354,-70.69489522462162
0.993,post_correction,0.021029068055217738,0.038066801173820886,-81.01991526141711,0.018431454594332118,0.03290936016814817,-78.54998909455671
0.996,post_correction,0.018643945349232863,0.03567139272573931,-91.32963574797795,0.01637029664867772,0.03083454023831056,-88.35663702405273
0.999,post_correction,0.016262529608424475,0.03327631712033454,-104.61956363231718,0.014312833988670065,0.028759716866305542,-100.93656426862441
1.002,post_correction,0.013886599791138194,0.03088160071037466,-122.38417737135273,0.012261039497209452,0.026684940113454094,-117.64011215792468
1.0050000000000001,post_correction,0.011519395955525999,0.028487278590538186,-147.2983713774721,0.010218472307911326,0.024610280786701105,-140.84109684035042
1.008,post_correction,0.00916748511442761,0.02609339860436219,-184.62984426663434,0.008192228587690756,0.022535839956313527,-175.08802659846165
1.0110000000000001,post_correction,0.006846384029951519,0.023700027776150684,-246.16854199922105,0.006198605148707046,0.02046176425796721,-230.10272096836636
1.014,post_correction,0.004602550432248019,0.02130726307120031,-362.94469522614713,0.004283802925902132,0.018388271535977295,-329.2511082802644
1.0170000000000001,post_correction,0.002640204661523878,0.018915250309470052,-616.4312140314347,0.002626990447890663,0.01631569599934576,-521.0793804920919
1.02,post_correction,0.0020569413918840596,0.016524219475840603,-703.3393436020659,0.002019134935241063,0.014244572684009346,-605.4789868369394
1.0230000000000001,post_correction,0.04481865342646984,0.014134555789867602,68.46278344114697,0.03921444413946256,0.01217580776773151,68.95070672319268
1.026,post_correction,0.04242758533013049,0.011746957282900787,72.3129252077456,0.037140033963965764,0.010111056768182988,72.77585481479903
1.029,post_correction,0.0400370060774541,0.009362832603965867,76.61455358112222,0.0350654656857771,0.008053679636679635,77.0324463708854
1.032,post_correction,0.037646976567494835,0.00698550924469536,81.4447005268232,0.0329907846938526,0.006011631799757305,81.7778453724458
1.035,post_correction,0.035257574116498734,0.004625137815534344,86.88186033374878,0.030916051455901265,0.004009001527516567,87.03262111840182
1.038,post_correction,0.0328688984129758,0.002333042870676137,92.9019742573572,0.028841346927435844,0.0021595840279936243,92.51219426947331
1.041,post_correction,0.030481080264260284,0.04760821305871108,-56.18938910945595,0.026766780475447647,0.041305306267848715,-54.31555657482534
1.044,post_correction,0.028094294788328766,0.045216918310337695,-60.946977494954574,0.024692501792614303,0.03922523542178176,-58.85484488863861
1.047,post_correction,0.025708781925907784,0.04282583205556274,-66.58055671009996,0.02261871935672333,0.03714475937755452,-64.22131948205715
1.05,post_correction,0.023324879484669724,0.0404349658993808,-73.3555190540499,0.02054573004291301,0.035063891926808206,-70.66267226120326
1.053,post_correction,0.02094307863654215,0.03804433429317962,-81.65588237251163,0.018473968607023276,0.03298265299401728,-78.53582895814934
1.056,post_correction,0.018564121877701532,0.03565395548838882,-92.05840019405872,0.016404094497068682,0.03090107069160214,-88.37413242848598
1.059,post_correction,0.016189186715723083,0.033263852900847615,-105.46957351811542,0.01433715340435476,0.02881918426726251,-101.01050365066878
1.062,post_correction,0.013820256968893213,0.030874057108174948,-123.39712769210162,0.012274900676030782,0.02673704843010088,-117.81885764917315
1.065,post_correction,0.011460948837528276,0.028484608851407932,-148.53621855580207,0.010220511737593604,0.024654739870753176,-141.22803734050677
1.068,post_correction,0.009118597310157519,0.026095563683663132,-186.1795821885279,0.008180345122863253,0.02257236739186391,-175.9341696816236
1.071,post_correction,0.006810537227045599,0.023706999425824923,-248.0929423846492,0.006169114431696296,0.020490088215067693,-232.1398628916925
1.074,post_correction,0.004588534972657465,0.02131902862680512,-364.6151495813517,0.0042291886874377,0.018408135347534584,-335.26398815483816
1.077,post_correction,0.002675821968138631,0.018931820438097637,-607.5142017488961,0.002531759167516839,0.016326865856052857,-544.8822646929061
1.08,post_correction,0.0021672611745228287,0.016545641387636596,-663.435509394916,0.0019070945333076845,0.014246851352247151,-647.0448424775916
1.083,post_correction,0.04469836656579302,0.014160937279088579,68.31889313394792,0.039415859935873154,0.01216906093359679,69.12648625858981
1.086,post_correction,0.04231167328271393,0.011778514280013141,72.16249472973419,0.03733097302219248,0.010095268792187308,72.95739174495698
1.089,post_correction,0.03992542304905971,0.009399994274310325,76.45611854191309,0.03524559294525004,0.008029088209143888,77.21959672627398
1.092,post_correction,0.037539682687910525,0.007029189285099468,81.27530980073205,0.03315975980315474,0.005979121045396126,81.96874440318688
1.095,post_correction,0.035154537084873226,0.004677616775712704,86.69413064828706,0.03107352714948678,0.003971642040973581,87.21856703982452
1.098,post_correction,0.03277009574839723,0.002401988424850438,92.67018185331999,0.02898696683522104,0.0021324108615969487,92.64355296737729
1.101,post_correction,0.030386502449433708,0.04759250207989483,-56.62382388066441,0.02690017610628205,0.04151923124543591,-54.34557410105521
1.104,post_correction,0.0280039497671591,0.045204989858225075,-61.42362143228112,0.024813288283943427,0.0394274266577055,-58.896419557656216
1.107,post_correction,0.025622701718192177,0.042817619100406025,-67.108135478178,0.022726489328219628,0.03733492243887941,-64.27932136672072
1.11,post_correction,0.023243130232686898,0.04043040313036227,-73.94560339168453,0.020640044438959716,0.035241734043874484,-70.74446786244765
1.113,post_correction,0.020865776455246718,0.03804335856205922,-82.32419312866348,0.01855434257036385,0.03314788332086942,-78.6529659844444
1.116,post_correction,0.018491459026734266,0.0356565063998897,-92.82689564051623,0.016469974664900494,0.031053400665926295,-88.54552783317175
1.119,post_correction,0.016121477285222303,0.03326987361228719,-106.36988176501609,0.014387879579582354,0.028958328115144066,-101.26890800669781
1.122,post_correction,0.01375802234919308,0.03088349543426383,-124.47627028368052,0.012309637128840995,0.026862723886987686,-118.22514835997384
1.125,post_correction,0.011405092423078545,0.028497418825636812,-149.8657421484059,0.010238114619837688,0.024766669234682983,-141.90654387375503
1.1280000000000001,post_correction,0.009070805764851612,0.026111707823159733,-187.86536168969425,0.008179081918753614,0.02267027910459809,-177.17388491510235
1.131,post_correction,0.006774359862576423,0.023726452117512828,-250.2390277284323,0.0061460010709510965,0.020573719315091346,-234.74968646413777
1.1340000000000001,post_correction,0.004572969746708843,0.021341781373542774,-366.6941299776236,0.00417827626322854,0.018477235430329864,-342.22148719416083
1.137,post_correction,0.0027089539132463636,0.01895789033993191,-599.8232877728475,0.002441862516026287,0.016381203786935944,-570.8487344976959
1.1400000000000001,post_correction,0.0022736965427641222,0.01657508558248897,-628.9928656151588,0.001816291459116539,0.014286227354337534,-686.5602892438026
1.143,post_correction,0.04460152346214272,0.014193879169067676,68.1762458604911,0.03971056774870067,0.012193330091105532,69.29449569125212
1.1460000000000001,post_correction,0.04221766162567936,0.0118151952642753,72.0136198706738,0.03760936037262024,0.010104391569996322,73.13330652293583
1.149,post_correction,0.039834194227520894,0.009440887623463325,76.29953911069514,0.03550734282465628,0.008023254921841357,77.40395567907714
1.1520000000000001,post_correction,0.03745119395677805,0.007075292127141136,81.1079664501307,0.03340455081688838,0.005959125110419636,82.16073868771535
1.155,post_correction,0.035068753201551194,0.004731387349209912,86.50825331024136,0.03130103225934929,0.003940400148954176,87.41127731409811
1.158,post_correction,0.03268699121419348,0.0024714663124212844,92.43899110742223,0.029196851663554655,0.002105206605772548,92.78961091410963
1.161,post_correction,0.030306064645092442,0.04760450744781368,-57.07914572643937,0.02709209660265692,0.04184528886141851,-54.455705201179384
1.164,post_correction,0.027926183446337533,0.045219240519719615,-61.924169146178244,0.024986887441928174,0.03973585691427138,-59.026837602807355
1.167,post_correction,0.025547635628744483,0.04283404659445917,-67.66344728302442,0.02288139244600866,0.037625438169127515,-64.43683774013826
1.17,post_correction,0.02317082719526598,0.040448940898876,-74.5683939464194,0.020775852074263416,0.03551404916258778,-70.93907405406328
1.173,post_correction,0.020796349304120727,0.03806394243757952,-83.03184795053079,0.018670619704018884,0.03340171304102342,-78.8998628354775
1.176,post_correction,0.018425097008720172,0.03567907525446114,-93.64389363906773,0.01656623334859705,0.03128846179778555,-88.86889457243632
1.179,post_correction,0.01605849230051907,0.0332943702359809,-107.33185664574938,0.014463549781541513,0.029174339486249264,-101.70940002212849
1.182,post_correction,0.013698935812816948,0.030909867748525742,-125.63699962449611,0.012364014814984422,0.02705940694376611,-118.85615108590603
1.185,post_correction,0.011350813676539149,0.028525621597329943,-151.30904629585442,0.01027026247256105,0.024943748925093406,-142.8735291988433
1.188,post_correction,0.00902304419945339,0.026141705149576578,-189.72156815058298,0.008187622304607844,0.0228274852106881,-178.80481489529882
1.191,post_correction,0.006736740372573531,0.023758221139392893,-252.66642063447838,0.006128640296195667,0.0207107885349146,-237.93447704494506
1.194,post_correction,0.004554751590535772,0.021375318023283445,-369.29711968702736,0.004130670951714989,0.01859391476777408,-350.1427246354295
1.197,post_correction,0.0027388601211292465,0.018993218625758725,-593.4716555706292,0.0023577298167661007,0.016477256356212864,-598.8610925238808
1.2,post_correction,0.0023770148687785875,0.016612273377007263,-598.8712437269423,0.0017506682768049049,0.014361442959700236,-720.340617921683
1.203,post_correction,0.044527758230699425,0.014233066836740221,68.03551896100777,0.0400962677770515,0.012247546100013605,69.4546480781852
1.206,post_correction,0.042145139154860664,0.01185665200118673,71.86709490359036,0.037973057957678746,0.010137538589277403,73.30333890787578
1.209,post_correction,0.039762862666281984,0.00948513504408571,76.14574402328208,0.03584873070462242,0.00803547190273024,77.58505881578081
1.212,post_correction,0.03738100724247121,0.007123419330622029,80.94374695573049,0.03372331842263684,0.005951114972336802,82.35311573506922
1.215,post_correction,0.03499967268258532,0.004786050803590627,86.32544124913485,0.03159686482708037,0.003914941018455708,87.60971685045038
1.218,post_correction,0.03261898787613683,0.0025411528919289006,92.20959000451408,0.029469429040856625,0.0020780161369735777,92.94857007886851
1.221,post_correction,0.03023912223047526,0.0476445265064427,-57.55922458101683,0.027341091610527276,0.04228202215371185,-54.64643020116942
1.224,post_correction,0.027860302934839817,0.04525992409376072,-62.45309392225725,0.025211963578045324,0.04014918922891657,-59.246577937621005
1.227,post_correction,0.02548284185447896,0.042875324643403406,-68.25173930068354,0.023082200583669332,0.038015082067524256,-64.69435801723317
1.23,post_correction,0.023107178946581028,0.040490745489845256,-75.23015502433856,0.020952025581471953,0.03587971785857119,-71.24701246212642
1.233,post_correction,0.02073395534808362,0.03810620828130785,-83.78648763141035,0.018821766986167967,0.03374312057621421,-79.27711357287485
1.236,post_correction,0.01836414272600101,0.03572174041816974,-94.51896530728244,0.016691926009781238,0.03160532328439466,-89.34497592353559
1.239,post_correction,0.015999286542040244,0.033337377108336376,-108.36789828557669,0.014563302961433313,0.02946637144933336,-102.3330251891793
1.242,post_correction,0.013641999375322638,0.030953164371966154,-126.89609873431108,0.012437252732114368,0.027326327814051195,-119.71353644275139
1.245,post_correction,0.011297062172477536,0.02856916354956255,-152.89020378381352,0.010316254119212857,0.02518527976675273,-144.13202191140283
1.248,post_correction,0.008974213702915096,0.026185458270311504,-191.7855439725675,0.008205352801166275,0.023043350828745476,-180.83315107999
1.2510000000000001,post_correction,0.0066965497741848104,0.023802165602662434,-255.4392396875739,0.006116540364998397,0.02090071922142955,-241.70818754067076
1.254,post_correction,0.0045328082662000335,0.021419454638334657,-372.54270157539935,0.004086158405854762,0.01875764917569426,-359.0534020614026
1.2570000000000001,post_correction,0.002764988093266549,0.019037579006629786,-588.5230013464125,0.0022805040225689246,0.01661454648199528,-628.5471245641328
1.26,post_correction,0.0024781308389985805,0.01665693722066437,-572.15729526999,0.0017155974083410345,0.014472063357667753,-743.558243169771
1.2630000000000001,post_correction,0.044476680795250904,0.014278193211700815,67.89734990020793,0.040572542024862976,0.012331312374595683,69.60675432404749
1.266,post_correction,0.042093666392702976,0.011902540812546915,71.72367761576064,0.038421667114551215,0.01019434869665667,73.46718801591037
1.2690000000000001,post_correction,0.039710939211224545,0.00953236148631204,75.99562821818714,0.03626937167998309,0.008065412887569448,77.76246867816374
1.272,post_correction,0.03732858343044854,0.007173175024321519,80.7836934458369,0.03411568605306343,0.005954803643782403,82.54526192285765
1.2750000000000001,post_correction,0.03494670615850122,0.004841216068272051,86.14686017527758,0.03196065137616981,0.0038950390066515034,87.81301744821234
1.278,post_correction,0.03256544580260159,0.002610753366578161,91.98305657351206,0.02980432353185578,0.002050894633119113,93.11880160297196
1.281,post_correction,0.03018498439015026,0.047712892738030976,-58.06830350258618,0.027646778919723548,0.042830081745607096,-54.918885378909714
1.284,post_correction,0.02780556619677945,0.04532732685063377,-63.01529891480419,0.02548812317848589,0.04066806227632938,-59.55691202346601
1.287,post_correction,0.02542752678993974,0.04294169226404941,-68.8787612684339,0.02332850476544018,0.03850447558210719,-65.05333697661295
1.29,post_correction,0.02305133995995856,0.04055600864861698,-75.93774903786498,0.02116813686734211,0.036339339182563095,-71.66999349209091
1.293,post_correction,0.020677696812433012,0.038170300577352385,-84.59648056354845,0.01900733427372425,0.034172677521319875,-79.78679718681123
1.296,post_correction,0.01830764592302292,0.035784599158595956,-95.46259147165809,0.016846578633784144,0.03200452432501346,-89.9764042345759
1.299,post_correction,0.015942857308257032,0.033398944368142294,-109.49158436514705,0.014686641251381428,0.029834925996647044,-103.14328842097076
1.302,post_correction,0.013586158645921916,0.031013388457218096,-128.27194400918626,0.012528832517276827,0.02766394661371149,-120.80227008832517
1.305,post_correction,0.01124273459321878,0.02862800106326064,-154.63556776060548,0.010375560860950457,0.025491675491460992,-145.68961459617728
1.308,post_correction,0.008923170891205999,0.026242877105599593,-194.0981118210185,0.008231760691454188,0.023318238989283747,-183.27158506310323
1.311,post_correction,0.0066526350625639285,0.023858149411843055,-258.6270581126407,0.006109278747030216,0.021143819620154315,-246.09354877500962
1.314,post_correction,0.004506102018286115,0.021474009745062705,-376.5540073864171,0.004044679881622907,0.018968688330614148,-368.9787297333172
1.317,post_correction,0.002786993485370665,0.019090745556932562,-584.9942655819854,0.002212120724893365,0.016793261893070555,-659.1476226452365
1.32,post_correction,0.0025781445634012246,0.01670880811666338,-548.0943060314754,0.0017171919588088792,0.014618211531946956,-751.2858132696358
1.323,post_correction,0.04444783001912238,0.014328948367991465,67.76232189101952,0.04114025185726988,0.012444685249465516,69.75058564872053
1.326,post_correction,0.042062730947913844,0.011952514362722863,71.5840743257407,0.038955968113432986,0.01027481116610458,73.62455186279514
1.329,post_correction,0.03967786010007816,0.00958218848586048,75.85003711971451,0.03676996106786517,0.008113002471948521,77.93578715796134
1.332,post_correction,0.03729330727466719,0.0072241622798502395,80.62879694030916,0.03458226036911779,0.005970059758209729,82.73664099891793
1.335,post_correction,0.0349091867916082,0.004896498665529234,85.97361005640411,0.032392906390743534,0.003880538030443143,88.02040797564237
1.338,post_correction,0.03252564646394205,0.0026800026904716385,91.76033997220411,0.030201954144601733,0.002023932249499995,93.29867120581086
1.341,post_correction,0.030142880814775765,0.04780993402259639,-58.611030964102135,0.02800947904078044,0.04349161367955554,-55.27462548030211
1.344,post_correction,0.027761151077288056,0.04542172793312849,-63.616154844130016,0.025815585596517282,0.04129451604218098,-59.959633252526025
1.347,post_correction,0.025380816408382304,0.04303337993035177,-69.55081049378501,0.02362042101781861,0.03909554878441376,-65.5158845598947
1.35,post_correction,0.02300238438362322,0.040644912274817875,-76.69869173978081,0.02142419715680426,0.03689472951871226,-72.21055822385675
1.353,post_correction,0.020626596207160182,0.038256352776870436,-85.47099285140598,0.01922722754986246,0.03469208289029501,-80.4320607343266
1.356,post_correction,0.01825457793651972,0.03586773664265802,-96.48625548828379,0.01702999315310024,0.032487642979759576,-90.76721104755894
1.359,post_correction,0.015888125809572187,0.03347910911026456,-110.71779964188262,0.014833266476083877,0.030281456762035103,-104.14557245943644
1.362,post_correction,0.013530287059708237,0.031090529300614428,-129.7846983099031,0.01263836487536677,0.028073589205966386,-122.12991540293444
1.365,post_correction,0.011186662158057288,0.028702075990183953,-156.5740842500642,0.010447721568812846,0.025864130999585736,-147.55762133623386
1.368,post_correction,0.008868719303858701,0.026313856525102503,-196.70413081687653,0.008266356623800028,0.023653210624731354,-186.13827954906233
1.371,post_correction,0.006603816620788213,0.02392602106805673,-262.3059579325658,0.006106452489794825,0.02144101392997591,-251.1206214378706
1.374,post_correction,0.00447363981610264,0.021538786307719007,-381.4600010977915,0.004006321583810786,0.019227817252629897,-379.936940916773
1.377,post_correction,0.002804775179607176,0.019152476864167572,-582.8524797074816,0.0021554114627931726,0.017014046435863468,-689.3641993448045
1.3800000000000001,post_correction,0.002678381256232565,0.016767601956090877,-526.034920050043,0.0017612818696427757,0.01480038883054764,-740.3191496855336
1.383,post_correction,0.044440628400868785,0.014385008057220424,67.63095263311082,0.04180113152857324,0.01258802331566635,69.88592687482208
1.3860000000000001,post_correction,0.04205170447268437,0.01200621241859717,71.44892800624508,0.03957754020872574,0.010379143417466489,73.77516803033105
1.389,post_correction,0.039662946192405936,0.009634227209412715,75.7097539787467,0.03735192039785866,0.00817832207003871,78.10468114376373
1.3920000000000001,post_correction,0.03727444891319516,0.007275978577869438,80.47998350072524,0.03512430261512643,0.0059968422850626675,82.92680042427348
1.395,post_correction,0.03488633409221343,0.004951518916409686,85.80670900152029,0.03289472847044903,0.0038713181073755476,88.2311899584356
1.3980000000000001,post_correction,0.03249875886706702,0.002748666551650696,91.54224146560844,0.030663254727455482,0.0019972744695818086,93.48642377551175
1.401,post_correction,0.030111930175543675,0.047935929155909524,-59.192482436221084,0.028429959291963916,0.04426984499799298,-55.71547093458698
1.4040000000000001,post_correction,0.027726126143506308,0.045543358059895366,-64.2615265622385,0.026194950280930513,0.04203160171070401,-60.45688676608146
1.407,post_correction,0.0253417295033551,0.04315057046613271,-70.27476542364569,0.0239583801917111,0.039791174086151834,-66.0845757006495
1.41,post_correction,0.022959281727786805,0.04075759150849428,-77.52119596653937,0.021720468859175786,0.03754857966592877,-72.87186528695221
1.413,post_correction,0.020579574521277975,0.03836445258174415,-86.4200474216692,0.019481542280283336,0.03530384311093261,-81.21688007557049
1.416,post_correction,0.018203812486351282,0.03597119342203691,-97.60252666306644,0.0172421017352712,0.03305699863959569,-91.72255881063991
1.419,post_correction,0.01583392069348181,0.03357786507716528,-112.06286002801528,0.015002954818412505,0.030808093541085105,-105.34683943242705
1.422,post_correction,0.01347317236903423,0.03118453424432519,-131.45650771897996,0.012765484112568358,0.028557193359918874,-123.7063092014087
1.425,post_correction,0.0111276005195473,0.028791289770478578,-158.7376291942037,0.010532256766182824,0.026304389758870145,-149.75074519004127
1.428,post_correction,0.008809603681514058,0.02639825268608717,-199.65312448142103,0.008308608684730292,0.02404981282478853,-189.45655930321647
1.431,post_correction,0.006548889589948511,0.024005592233723883,-266.5597335855012,0.006107636041036943,0.021793651047025166,-256.8262892646936
1.434,post_correction,0.004434491298386621,0.02161355252670724,-387.39643563109024,0.003971317629569668,0.0195361851878356,-391.93207419051333
1.437,post_correction,0.002818526881361489,0.01922249906991276,-582.0051707517274,0.0021142003947169966,0.017277848767955538,-717.2285281532322
1.44,post_correction,0.0027804306580602243,0.016833004814625668,-505.4099844507276,0.0018523771438049832,0.015019343174219005,-710.8145376576849
1.443,post_correction,0.04445433694751034,0.014446021281923844,67.50368518828422,0.04255748420774332,0.01276187489792442,70.01261908333763
1.446,post_correction,0.04205979987676084,0.01206325173740365,71.31880852322143,0.04028847551506989,0.010507697611513506,73.91885029855968
1.449,post_correction,0.03966536253947682,0.009688070734434269,75.57548925768106,0.038017128816793554,0.008261535697604804,78.268912054307
1.452,post_correction,0.03727112581075387,0.007328210659942129,80.33810221577016,0.035743477237368086,0.006035146236108343,83.11539138727419
1.455,post_correction,0.0348772182531409,0.005005899818861607,85.64707832336715,0.03346756585418523,0.003867264641073514,88.44473883185053
1.458,post_correction,0.03248380630442475,0.0028165429006554925,91.32939387010248,0.031189456095080094,0.001971143007273966,93.68009816758267
1.461,post_correction,0.030091109314389238,0.04809106128133077,-59.81817346406086,0.028909232229907923,0.045168773965093736,-56.24342288262009
1.464,post_correction,0.027699422348681575,0.04569235524955394,-64.95779108450895,0.02662701121873664,0.042883088676753084,-61.05107826212776
1.467,post_correction,0.02530915186778949,0.04329335706934141,-71.05811089797956,0.024342958129986436,0.04059488978753431,-66.76235308283353
1.47,post_correction,0.022920873612430975,0.04089409506260049,-78.41420773954212,0.022057311180604267,0.03830419467710848,-73.65758846794817
1.473,post_correction,0.02053543061274835,0.0384946045935915,-87.45457701624301,0.019770424203218156,0.03601102791819321,-82.14595472529857
1.476,post_correction,0.018154107813959423,0.03609493040724008,-98.82514071820835,0.01748284250989056,0.03371542374557048,-92.84863846652324
1.479,post_correction,0.015778963097262812,0.03369512996682646,-113.544640158716,0.015195447306203409,0.031417429616741835,-106.7555431811207
1.482,post_correction,0.013413504894098545,0.031295278327289525,-133.3117151286709,0.012909753367884018,0.0291171114718125,-125.54351459763758
1.485,post_correction,0.011064221762645177,0.028895475436208885,-161.1613907971843,0.010628589043117124,0.026814561719722907,-152.2871249508656
1.488,post_correction,0.008744506981111516,0.02649585739978155,-203.00001426053706,0.008357879865182936,0.024509911753837946,-193.25513346920397
1.491,post_correction,0.006486629559095306,0.02409661447292025,-271.4812793515068,0.0061123430334123745,0.022203352303041362,-263.25435568111044
1.494,post_correction,0.004387816336351649,0.021698020965674393,-394.5061347694355,0.003940068269484712,0.01989516799915666,-404.94475319734954
1.497,post_correction,0.0028288073718109436,0.019300487399087574,-582.2835514152314,0.002093342258744128,0.017585799249305468,-740.0823695144733
1.5,post_correction,0.0028861834976887106,0.016904656904438875,-485.7097068837211,0.0019931204562627326,0.015275960320007014,-666.4343754040193
1.5030000000000001,post_correction,0.04448800845340891,0.014511596700564944,67.38088036518302,0.04341192094741982,0.01296688360358438,70.13059242577685
1.506,post_correction,0.04208602712106599,0.012123214976810015,71.19420433310088,0.041091131381351016,0.010660880481424915,74.05551971181963
1.5090000000000001,post_correction,0.039684076713251006,0.009743285567191876,75.44787135254562,0.03876768871773128,0.00836282429563094,78.42836503222847
1.512,post_correction,0.03728226364583316,0.007380428891253074,80.20391422215067,0.036441630623546294,0.006084952391311527,83.30219507965757
1.5150000000000001,post_correction,0.034880723620487074,0.005059264870267169,85.49552777254992,0.03411300813107778,0.0038682379095026707,88.66051948676255
1.518,post_correction,0.03247963243750604,0.0028834643894201355,91.12223823662967,0.03178189057767508,0.0019458612756364834,93.87745272459236
1.5210000000000001,post_correction,0.03007922197420754,0.04827536629129367,-60.49406574641138,0.029448372910195655,0.0461929030632854,-56.86062929233156
1.524,post_correction,0.027679804449834693,0.045868715724273965,-65.71184889475583,0.027112586787870308,0.04385321064809797,-61.744841948157884
1.5270000000000001,post_correction,0.02528181044967182,0.04346169673123736,-71.90895730254768,0.024774718003651174,0.04151065918062077,-67.55249918284896
1.53,post_correction,0.022885850726396526,0.041054341171583346,-79.38743751496769,0.022435034851632916,0.0391652658650071,-74.5718966964586
1.5330000000000001,post_correction,0.020492821060112156,0.038646688805865616,-88.58647470986166,0.020093936385550792,0.03681705517030087,-83.22470253650943
1.536,post_correction,0.01810408955601161,0.036238789917681556,-100.16908227040987,0.017752038947488707,0.03446606132906318,-94.15269102898696
1.539,post_correction,0.015721852747430914,0.033830709055671766,-115.18271159994165,0.015410341629543408,0.032112331943925196,-108.38170052221386
1.542,post_correction,0.013349867203527809,0.03142253049632274,-135.37710163902668,0.013070569267516274,0.02975593332069878,-127.6559858387341
1.545,post_correction,0.010995108373808833,0.029014366426611787,-163.88431509894136,0.010735961681437185,0.0273969585753269,-155.18867697429567
1.548,post_correction,0.008672050312452665,0.026606369567591527,-206.80598715376462,0.00841336398677822,0.025035540356102566,-197.5687298855303
1.551,post_correction,0.006415803473756791,0.02419875332664334,-277.17416728280324,0.006119990750866176,0.022671871564298184,-270.45597758606715
1.554,post_correction,0.0043329052525044815,0.021791825285949782,-402.93796000625207,0.00391317709930432,0.020306240617573315,-418.91954036998055
1.557,post_correction,0.002836631241980737,0.01938604557717406,-583.41789691484,0.0020986324138864147,0.01793909471745852,-754.7992777943173
1.56,post_correction,0.002997861139617943,0.016982134704219987,-466.4750271383231,0.002184493866791756,0.015571160952406156,-612.8040590598979
1.563,post_correction,0.044540437320364494,0.014581287513056245,67.26281017813562,0.044367101140501984,0.01320369775846057,70.23989077707144
1.566,post_correction,0.04212914584777078,0.012185638405838283,71.07551515554148,0.041987882657604475,0.010839075222527358,74.18523027008536
1.569,post_correction,0.039717814274023294,0.009799402313418349,75.32743809664403,0.0396056897907494,0.008482320400550364,78.58307620605673
1.572,post_correction,0.037306554645918096,0.007432181196485054,80.07808207693002,0.03722056691632526,0.006146175849629569,83.48715143579986
1.575,post_correction,0.034895509929544634,0.005111236068331838,85.35273999820717,0.03483257380138853,0.0038740407918479453,88.8781092837489
1.578,post_correction,0.03248486547069245,0.0029493020467165005,90.92099658107765,0.032441791320473035,0.001921888299397021,94.0758872393579
1.581,post_correction,0.030074865953460903,0.0484886739132225,-61.22656702196408,0.03004832992477419,0.04734696931192259,-57.56938715214934
1.584,post_correction,0.027665841193895015,0.046072237833602835,-66.53112952795209,0.027652342542784113,0.04494640804979565,-62.541050474309365
1.587,post_correction,0.025258246632130624,0.04365535701843435,-72.83605491008646,0.025254044872044173,0.04254262504593835,-68.45865785655732
1.59,post_correction,0.02285272928180585,0.041238067252335725,-80.4513882950835,0.022853748514626838,0.04013563740275635,-75.61949356828168
1.593,post_correction,0.02045023990081024,0.03882041316481916,-89.82864432451521,0.0204519175363902,0.037725469569920435,-84.45932760483372
1.596,post_correction,0.01805223392681763,0.03640245116420953,-101.65067277425204,0.018049270286709312,0.035312155875548104,-95.64312193579605
1.599,post_correction,0.015661054841709227,0.03398425362473501,-116.99849702477648,0.015646975052870406,0.03289574418306462,-110.23708462441728
1.602,post_correction,0.013280725149819823,0.03156591499863392,-137.68216450938425,0.013247058111844628,0.03047630130433382,-130.06090142447522
1.605,post_correction,0.010918749355656416,0.02914756097048654,-166.94962967884925,0.010853349973855616,0.028053921238177078,-158.48167898165562
1.608,post_correction,0.008590796389932941,0.026729362578010764,-211.13951914089552,0.008474017159053675,0.02562873811727431,-202.4390632711011
1.611,post_correction,0.006335187334385331,0.024311558750547364,-283.7543780054009,0.006129867877680182,0.023200947329827692,-278.49016965448817
1.614,post_correction,0.004269236137779945,0.021894493754040057,-412.84335294288644,0.0038915131699746542,0.020770841537178474,-433.74717314174615
1.617,post_correction,0.0028435803014705426,0.01947868244086851,-585.0055344241629,0.002136529976400433,0.018338875451783358,-758.3486145455441
1.62,post_correction,0.003118033363238999,0.017064930714509208,-447.29788704961885,0.0024265670857297815,0.01590579020853637,-555.4852862744061
1.623,post_correction,0.04461010411424419,0.014654574418239598,67.14965205929583,0.04542544215928603,0.013472872621568717,70.34069019223725
1.6260000000000001,post_correction,0.04218761318140295,0.012249998156034541,70.96304523472175,0.042980843701558503,0.011042556609435367,74.30819021117783
1.629,post_correction,0.03976500985170905,0.009855905395297019,75.21462855899827,0.04053294347102996,0.008620036615150114,78.7332577479573
1.6320000000000001,post_correction,0.037342411987393874,0.007482986629026386,79.9611588251115,0.03808179498280452,0.006218609200376628,83.67038842789688
1.635,post_correction,0.034919970065337314,0.005161432339003992,85.21925325437952,0.03562746985374328,0.003884383220564824,89.09722403384
1.6380000000000001,post_correction,0.03249787931921397,0.0030139705112842592,90.72563941271612,0.033170064563011456,0.001899865241826172,94.27234988277729
1.641,post_correction,0.030076397734967522,0.0487305389885793,-62.02252483156929,0.03070971048788098,0.04863563419038064,-58.37216768804706
1.6440000000000001,post_correction,0.027655873470218185,0.04630245664916956,-67.42359158907543,0.028246589226169117,0.04616703110042993,-63.442852270667714
1.647,post_correction,0.025236787986759032,0.043873854011327894,-73.8488037160163,0.025780956761637382,0.043694825983359345,-69.48488912707144
1.6500000000000001,post_correction,0.022819826467446444,0.04144477121487155,-81.61738115754063,0.02331318304740373,0.04121903601565402,-76.80569801147068
1.653,post_correction,0.020405997920570643,0.039015258281457126,-91.1950517358775,0.020843819817933727,0.03873968582796246,-85.85694064881228
1.6560000000000001,post_correction,0.017996851044463445,0.03658537839193117,-103.28766572297826,0.01837372319834037,0.03625681007642898,-97.32968481697779
1.659,post_correction,0.015594887736824664,0.03415521256360646,-119.01544365051602,0.015904290553886754,0.03377045716100471,-112.33551441093205
1.6620000000000001,post_correction,0.013204420507420368,0.03172486647795165,-140.2594378157187,0.013437957692584025,0.03128069473541968,-132.77863683618
1.665,post_correction,0.010833539043259717,0.029294480706606077,-170.40545651452808,0.010979361408054339,0.02878761810347262,-162.1975635336527
1.668,post_correction,0.008499257596028457,0.026864246484867974,-216.07756537960597,0.008538483416074952,0.026291363432973384,-207.91608007899885
1.671,post_correction,0.006243593108261802,0.02443443088671247,-291.3520702426899,0.006141108152811967,0.023792129349967932,-287.4240407095533
1.674,post_correction,0.004196555463260134,0.022005418645961443,-424.3685884438741,0.0038763060581858207,0.021290213837823417,-449.23975347260404
1.677,post_correction,0.0028519319319779096,0.019577785019677607,-586.474484196394,0.0022136988054884277,0.018786080767022487,-748.6285812887515
1.68,post_correction,0.0032496183103557976,0.017152430271457728,-427.82907508850553,0.002719338216715849,0.016280488030482182,-498.6930176763436
1.683,post_correction,0.04469511324170463,0.014730846234587156,67.04148358473802,0.04658876995204021,0.013774755725184287,70.4333131366971
1.686,post_correction,0.04225952523723863,0.012315694766092648,70.85699686176267,0.04407153375496057,0.011271391648799674,74.42478015067721
1.689,post_correction,0.03982375253072396,0.009912221736413523,75.10977467840013,0.04155066326204715,0.008775782177727953,78.87932107754378
1.692,post_correction,0.03738791910489314,0.007532328676081248,79.85357608443243,0.039026223858092554,0.00630185669443835,83.85225094451053
1.695,post_correction,0.034952183348587226,0.0052094686935886935,85.09544127291475,0.03649830251019901,0.0038988423209493387,89.31774342146501
1.698,post_correction,0.03251675092954915,0.003077435150432132,90.53584671758962,0.03396701587629702,0.001880679130489419,94.46321944400832
1.701,post_correction,0.03008189390650384,0.049000160367546355,-62.88921342466507,0.03143252236865908,0.05006309805133306,-59.271653302791464
1.704,post_correction,0.027647979908730254,0.04655856680626075,-68.39771643337747,0.02889504061877378,0.04751897031132213,-64.45372386999847
1.707,post_correction,0.02521551814419023,0.044116379129133375,-74.95725797448264,0.026354878683392823,0.04497084319068129,-70.63574350284931
1.71,post_correction,0.022785234714560752,0.041673642307936166,-82.89757744433022,0.023812482046132902,0.04241873423750495,-78.1365510547174
1.713,post_correction,0.020358201484034492,0.0392304123354209,-92.70077647176522,0.021268516177242857,0.0398626686011162,-87.42571540448571
1.716,post_correction,0.017936068579963018,0.036786759880750905,-105.09934892781702,0.018724016513566092,0.03730268165633701,-99.22371692692184
1.719,post_correction,0.015521511833624964,0.03434277550681446,-121.25921672408306,0.016180679838692553,0.03473882280195379,-114.69322147320104
1.722,post_correction,0.013119165864908291,0.031898577286940254,-143.1448585634849,0.013641480272056318,0.03217116109565563,-135.83335865357776
1.725,post_correction,0.01073777964722727,0.029454322213673206,-174.30551921671216,0.011112122319607624,0.029599793851695217,-166.3739023054635
1.728,post_correction,0.008395910378055663,0.027010223798157172,-221.70690945860525,0.008605014838329992,0.02702486019195154,-214.05942580799032
1.731,post_correction,0.0061399083807279,0.024566580161380688,-300.1131391225786,0.006152675118501181,0.02444656323019497,-297.33226213560033
1.734,post_correction,0.00411499028799191,0.022123820702146024,-437.63968208397193,0.003869283615014194,0.021865208059800793,-465.0970627988092
1.737,post_correction,0.0028647932101759756,0.01968258740533703,-587.0508955209367,0.0023364807096027075,0.019281270423908578,-725.2270324623028
1.74,post_correction,0.003395858449284008,0.017243884900781114,-407.7916278994745,0.003063351858024712,0.016695529401862495,-445.0085453986335
1.743,post_correction,0.04479312249002487,0.014809377833205097,66.93827755253488,0.047857883824437356,0.01410934627663008,70.51824036267664
1.746,post_correction,0.042342551241088176,0.012382035840112713,70.7574638816343,0.045260460719677535,0.011525318602065125,74.53556941576966
1.749,post_correction,0.039891724604466834,0.009967708412510858,75.01309228582528,0.04265906776820522,0.008949062403751618,79.02189880853055
1.752,post_correction,0.03744077313890818,0.007579648487413246,79.75563042116636,0.040053785303579253,0.006395256258158523,84.03332866123134
1.7550000000000001,post_correction,0.03498986373982235,0.005254956504704842,84.98148908558304,0.03744471958793832,0.0039168178615885734,89.53973242504864
1.758,post_correction,0.03253921331019589,0.0031397213905130423,90.35096097566306,0.034832012616826676,0.0018655484042164679,94.6441555797001
1.7610000000000001,post_correction,0.030089109098091597,0.04929628493298237,-63.83431218343712,0.03221585674164488,0.051632603720779685,-60.27077639079241
1.764,post_correction,0.027639939817890598,0.046839331265023536,-69.4624936726732,0.02959651711293244,0.049005180962292415,-65.5775264883421
1.7670000000000001,post_correction,0.025192244848899644,0.044381712673827525,-76.1721233658383,0.026974367291383944,0.04637334610551111,-71.9163441521148
1.77,post_correction,0.022746795020111173,0.041923479491772775,-84.30499529585104,0.024349947991231646,0.0437371175143921,-79.6189360656611
1.7730000000000001,post_correction,0.020304731338520985,0.03946469432334661,-94.36206106542483,0.021724068550786953,0.0410965213587447,-89.17506756466196
1.776,post_correction,0.0178678163635455,0.037005436116871106,-107.10665122107925,0.019097992211694045,0.0384515943100031,-101.33841235131771
1.7790000000000001,post_correction,0.015438920525359513,0.034545805976973855,-123.75791053674988,0.016473798308542776,0.03580238744701194,-117.32928118007847
1.782,post_correction,0.013023042931854523,0.03208593565170806,-146.37817612675963,0.013855153777141119,0.033148972056748195,-139.2537289007858
1.7850000000000001,post_correction,0.01062968913318188,0.0296260002475161,-178.70994039736217,0.011249150326089521,0.030491448496607322,-171.05556964502662
1.788,post_correction,0.00827921848701372,0.027166237847507314,-228.12563033719454,0.008671388650406217,0.02782996018414388,-220.94006284495353
1.7910000000000001,post_correction,0.006023153712867686,0.024706980831631465,-310.20007141521575,0.006163366662877217,0.0251647165414179,-308.2949776943884
1.794,post_correction,0.004025202623227624,0.02224870791950689,-452.7351043428139,0.0038728621022395115,0.022496032370634744,-480.8632421388369
1.797,post_correction,0.002886217686469683,0.019792134860188704,-585.7464339218892,0.0025104977303247226,0.019824399224610833,-689.6601134168973
1.8,post_correction,0.003560267357925414,0.01733838182892979,-386.9966237320152,0.003460021358163796,0.017150623774726714,-395.67970828447153
1.803,post_correction,0.04490126379587949,0.014889305168122263,66.83989734496375,0.04923200935850049,0.014476119880685416,70.59612217881994
1.806,post_correction,0.04243385978680382,0.012448216775876644,70.66442497001458,0.04654659917378022,0.01180359761376113,74.64133186252172
1.809,post_correction,0.03996613338654692,0.010021639402015656,74.92467108316998,0.04385688417125215,0.009138956264207522,79.16186606298393
1.812,post_correction,0.03749822237004328,0.007624338350180138,79.66746723367054,0.0411629631147416,0.006497786811776605,84.21448234019488
1.815,post_correction,0.0350303029718301,0.005297505411400352,84.87736341972155,0.03846496601913081,0.0039374836829161935,89.76345466948324
1.818,post_correction,0.03256260444573159,0.0032009265531868975,90.16993079125007,0.03576306605168832,0.0018561336636510497,94.8099146170287
1.821,post_correction,0.03009543077296038,0.049617094658021235,-64.86587293709829,0.033057497327819534,0.05334579298055574,-61.37275139598239
1.824,post_correction,0.027629193965667657,0.04714297404956491,-70.62739545766443,0.030348582306696816,0.05062706721114048,-66.81855745192073
1.827,post_correction,0.02516446687107444,0.044668122304920795,-77.50474323088096,0.027636775409853487,0.04790350453763318,-73.3324667122847
1.83,post_correction,0.02270207017579528,0.042192595703365754,-85.85351633857198,0.024922735261158447,0.04517512476160707,-81.26070147690227
1.833,post_correction,0.020243222424743874,0.03971646417009065,-96.19635321273788,0.02220745005579675,0.04244195577191426,-91.11584475154882
1.836,post_correction,0.017789813186169196,0.037239815806381325,-109.33224771204263,0.0194924677526136,0.039704036336946386,-103.68912156657419
1.839,post_correction,0.015344934688966185,0.03476276335819658,-126.54226989439603,0.016780349085722398,0.036961420154344095,-120.26609795497528
1.842,post_correction,0.012914006064873224,0.03228545366390784,-150.00339555148554,0.01407564047187396,0.03421418187255461,-143.07371263795505
1.845,post_correction,0.010507416776731785,0.02980808181265405,-183.68610902217893,0.011387214358496692,0.031462426303145864,-176.29607481367768
1.848,post_correction,0.008147668562073654,0.027330912996712996,-235.44458501828205,0.008734826961413906,0.028706302986488245,-228.6419194484141
1.851,post_correction,0.005892564548988443,0.024854317410446535,-321.7911777430286,0.006171852907797004,0.02594603012625349,-320.39287899223007
1.854,post_correction,0.003928598223586214,0.022378828260996356,-469.63901593805343,0.0038903944763990844,0.02318193575837523,-495.8762253804203
1.857,post_correction,0.0029212659819411275,0.01990524289582698,-581.3909797628324,0.00274054396201871,0.02041453258106717,-644.9080497883944
1.86,post_correction,0.0037465444297328917,0.017434809534250806,-365.3570739982873,0.0039117177078483,0.01764466353854495,-351.0720061200599
1.863,post_correction,0.04501605563248241,0.014969597439314343,66.74609263519598,0.05070811534782272,0.01487381051160204,70.66779072821392
1.866,post_correction,0.04253003776430947,0.012513299753811276,70.57773655608592,0.04792674052285361,0.01210482697498041,74.74306234280989
1.869,post_correction,0.040043636754254854,0.010073191787217545,74.84446318141367,0.04514073206862194,0.009343968288489062,79.3003616461413
1.872,post_correction,0.03755699845753026,0.007665735928556748,79.58906131110231,0.04235021112544676,0.006607959452883318,84.3968677433279
1.875,post_correction,0.03507030956981348,0.005336727516669222,84.78277613704678,0.03955533651005867,0.003959737456295299,89.98937234350576
1.8780000000000001,post_correction,0.03258381319516683,0.003261234397163886,89.99124388041966,0.036756319174662856,0.0018546729631970511,94.95413848600072
1.881,post_correction,0.030097832115284908,0.04996007548440171,-65.99227244353571,0.03395344388905152,0.055201880049928785,-62.581092599354676
1.8840000000000001,post_correction,0.02761280459007458,0.04746705588126466,-71.90233511566835,0.031147102727896163,0.05238369203399293,-68.18158816125366
1.887,post_correction,0.02512934130849438,0.04497324548919742,-78.96706856377203,0.028337848588101785,0.049560235576556526,-74.89060760020219
1.8900000000000001,post_correction,0.022648319587961555,0.042478707184618984,-87.55787606952543,0.025526484208339587,0.046731532752586694,-83.0707761052317
1.893,post_correction,0.020171046543141596,0.039983518998053455,-98.22233275074339,0.022714217446757657,0.04389761410373272,-93.26051714803359
1.8960000000000001,post_correction,0.017699557830890292,0.037487779149310355,-111.8006534823402,0.01990294811885321,0.04105852155919742,-106.29366721960372
1.899,post_correction,0.015237202987244701,0.034991613239603266,-129.64590856271514,0.017095836610143113,0.038214312676484966,-123.52993625250296
1.9020000000000001,post_correction,0.012789893623036331,0.032495184759994356,-154.06923401978986,0.01429853593983964,0.03536506695480215,-147.33348297755003
1.905,post_correction,0.010369069632404521,0.029998710845771923,-189.30957076440632,0.011522187977648965,0.03251089550774882,-182.15904453923412
1.9080000000000001,post_correction,0.007999822808621408,0.027502486603078764,-243.78869708763224,0.008791929495197697,0.029651956382695348,-237.2633549767631
1.911,post_correction,0.005747706902118672,0.02500692397839357,-335.0765340726703,0.006176767491308177,0.026788479784063696,-333.6973962798487
1.9140000000000001,post_correction,0.0038276014129622763,0.022512616403738053,-488.16511895670396,0.003926470944797936,0.0239208115632285,-509.21911557553915
1.917,post_correction,0.002975956680874015,0.020020451554504076,-572.7400194758288,0.003030774414447591,0.02104949249922241,-594.5252143769014
1.92,post_correction,0.003958458008314783,0.017531819680971672,-342.8951789849962,0.004421705983922696,0.018175413108069947,-311.0497887954485
1.923,post_correction,0.045133309009298066,0.015049026841218269,66.65649567569272,0.05228007612677494,0.015300143450445738,70.73427472954681
1.926,post_correction,0.042627004050372994,0.012576191550067506,70.4971254015271,0.04939469874197485,0.012426720891965243,74.84199477178872
1.929,post_correction,0.04012026461214091,0.010121432082685324,74.77226987276039,0.04650437320657742,0.009561852871660866,79.43880927243963
1.932,post_correction,0.037613245763193554,0.007703120058940647,79.52019321215153,0.04360924751767993,0.006723693058929495,84.58195579686718
1.935,post_correction,0.035106146131602754,0.005372244720831888,84.69713906877473,0.04070951502193843,0.003982153784920252,90.2181252152617
1.938,post_correction,0.032599224636277346,0.003320932367896053,89.81284860315228,0.03780543196544653,0.0018641319851019358,95.06914247982745
1.941,post_correction,0.03009282556445988,0.05032186845327074,-67.22214517702749,0.03489734389260121,0.05719661101382221,-63.899611356808144
1.944,post_correction,0.027587417276895426,0.04780833321026515,-73.2976042317119,0.031985726562974826,0.05427078403389645,-69.67188138448529
1.947,post_correction,0.025083654005597422,0.04529395649824437,-80.57160447252629,0.029071251609055267,0.05133925839966571,-76.5980326202202
1.95,post_correction,0.0225824785103386,0.042778808511665184,-89.43362878472527,0.026154896267483938,0.04840205955059763,-85.05926789230519
1.953,post_correction,0.020085300804543234,0.04026297625455833,-100.45991168551963,0.02323813584960841,0.045459221893347904,-95.62335889397058
1.956,post_correction,0.017594327396080835,0.03774656913213432,-114.53828999761836,0.020323301635554514,0.04251079189126101,-109.17266620149299
1.959,post_correction,0.015113211236483981,0.03522972694112995,-133.1055021323581,0.017414295992143326,0.03955683255498011,-127.15148848294908
1.962,post_correction,0.012648450742958922,0.03271263155010234,-158.62955246366948,0.014518156890718512,0.036597430136554344,-152.08041497299948
1.965,post_correction,0.01021275423189175,0.030195524419817894,-195.66484940492546,0.01164890753303184,0.03363270440095913,-188.71981604789693
1.968,post_correction,0.00783439503564563,0.027678733672462867,-253.2976515292846,0.008838636370141302,0.030662824922840354,-246.91804978452976
1.971,post_correction,0.00558863891155229,0.02516271737090338,-350.2476858701581,0.0061768803965953425,0.02768803797557313,-348.2527780663295
1.974,post_correction,0.0037260004663432753,0.02264813554873615,-507.840384168368,0.0039872417701903844,0.02470871301067782,-519.6943760823918
1.977,post_correction,0.0030570514143676143,0.02013597594641066,-558.673120503471,0.00338504638374986,0.02172542765060386,-541.8059071479262
1.98,post_correction,0.004199701157593123,0.017627786515594508,-319.7390684268857,0.004993977987305353,0.018739134294737895,-275.2346194230853
1.983,post_correction,0.045248031476052046,0.015126136999668244,66.57061864078243,0.053937672850373056,0.01575151683167476,70.79681788391095
1.986,post_correction,0.04271992236189632,0.012635621297627152,70.42218103631811,0.05094036717991339,0.012765848378215743,74.93962237624089
1.989,post_correction,0.04019134067840313,0.01016530383375959,74.7077264351574,0.04793782447790836,0.00978941262100171,79.57893849456381
1.992,post_correction,0.037662452161410835,0.007735709252003557,79.46042063631319,0.044930224686089475,0.00684217827619688,84.77154671715844
1.995,post_correction,0.03513346926134599,0.005403700227231132,84.619508574474,0.04191780218184906,0.004002949682637106,90.45047813988103
1.998,post_correction,0.03260466923756107,0.003380431204799885,89.63206410661705,0.038900867036571814,0.0018883435229404045,95.14575466617461
2.001,post_correction,0.030076421361743624,0.050698106270954946,-68.56429048251577,0.03587983710117905,0.059320991527539016,-65.3323881049328
2.004,post_correction,0.027549229051754404,0.04816260379286673,-74.82378073951806,0.032855287929312194,0.05627952525946634,-71.29518201316984
2.007,post_correction,0.025023797417546685,0.045626221060377684,-82.3313236558756,0.02982803324359005,0.05323194291344072,-78.46279866568172
2.0100000000000002,post_correction,0.02250114600166138,0.04308903638425484,-91.49707477598407,0.026799260111134846,0.05017827468332083,-87.23753743661086
2.013,post_correction,0.019982806173698856,0.040551146701848645,-102.93019083186428,0.023770767484381346,0.04711856037669733,-98.22061028385693
2.016,post_correction,0.017471187246079663,0.03801267378201192,-117.5735011399499,0.020745412965404806,0.044052852721749025,-112.34984714554425
2.019,post_correction,0.01497030527600976,0.035473773096519536,-136.9609199176922,0.017728013254633045,0.04098122217955701,-131.16646852036266
2.0220000000000002,post_correction,0.012487368258057664,0.032934646795802845,-163.74369775273718,0.014727334907853174,0.03790376412772305,-157.37015125195066
2.025,post_correction,0.01003663905122345,0.03039556318494492,-202.8460327188886,0.011761055198180497,0.03482060990080805,-196.06705617872615
2.028,post_correction,0.00765035808608844,0.02785688683567898,-264.1252673693077,0.008870247152244952,0.03173194434015656,-257.73461320213147
2.031,post_correction,0.0054161333919895945,0.025319126768600396,-367.47605600052475,0.006171389200792725,0.028638034815338862,-364.04519118094606
2.0340000000000003,post_correction,0.0036293467829013448,0.02278301671375807,-527.7442767688636,0.004080692277827742,0.02553928152436036,-525.8565896558018
2.037,post_correction,0.0031716424538712146,0.02024965535091976,-538.459588223875,0.003807221264192711,0.022436309775419286,-489.3093208538987
2.04,post_correction,0.00447372712803716,0.017720765912766865,-296.10743806231693,0.005632992836397888,0.019330151624508757,-243.159527908609
2.043,post_correction,0.04535433692134989,0.015199212155997259,66.4878527882469,0.05566545005960182,0.016222636831755528,70.85690169685915
2.0460000000000003,post_correction,0.042803120914362454,0.012690120118610886,70.35234850281033,0.05254864406375722,0.013117339630784963,75.03772006967543
2.049,post_correction,0.04025141207996131,0.010203618263316712,74.65028495634701,0.0494263530789324,0.010022278440093816,79.72280409989274
2.052,post_correction,0.03769938865503489,0.007762664505324781,79.4090440660553,0.046298794758786344,0.0069597392957902035,84.96777436205416
2.055,post_correction,0.035147279301661956,0.005430775431073716,84.54851829507919,0.04316625187877925,0.0040199772359166865,90.68722193623456
2.058,post_correction,0.032595382819025326,0.003440285987550502,89.4454806478221,0.040029098019925526,0.001932088570259552,95.1732897671144
2.061,post_correction,0.030044097878532818,0.05108324273428811,-70.02754731001004,0.03688783647672577,0.06155979250266875,-66.8837166460268
2.064,post_correction,0.027493969256979695,0.04852454602582837,-76.49159920228614,0.03374316105062899,0.058395130733492416,-73.05767721605888
2.067,post_correction,0.0249457622866133,0.04596494565377862,-84.25953524957983,0.03059605451260355,0.05522396386699887,-80.49374256491224
2.07,post_correction,0.022400587773134598,0.04340452892699596,-93.76513405175795,0.027447954944744238,0.052046328580378054,-89.61823817167091
2.073,post_correction,0.01986012207954959,0.04084340377530984,-105.65535101804434,0.024301051228432756,0.048862271983459125,-101.07061017298382
2.076,post_correction,0.017327018406767477,0.0382817056308185,-120.93648619814863,0.021158840837903526,0.045671855201236275,-115.85235009387009
2.079,post_correction,0.014805733091762295,0.03571960727241125,-141.25524248633891,0.01802726474983443,0.042475158594086106,-135.61621346064837
2.082,post_correction,0.012304343691237918,0.033157333234628925,-169.47665041444424,0.014917245422528204,0.03927228956193159,-163.26770425471523
2.085,post_correction,0.009839044558126682,0.030595181451064768,-210.9568339722,0.011851098363786441,0.036063394559148934,-204.30423790379066
2.088,post_correction,0.007447092584285469,0.028033556745591395,-276.43625922882427,0.008881534029283917,0.03284867823208806,-269.853655053062
2.091,post_correction,0.005231978625975553,0.02547302447209407,-386.8717227862217,0.0061603718162080105,0.02962843514179728,-380.9520598065935
2.094,post_correction,0.003545343613232608,0.022914399960212453,-546.3238111726873,0.004216748592939838,0.026403104904097995,-526.148425075782
2.097,post_correction,0.0033265694672518207,0.02035890498924692,-512.0090137803743,0.004301283256500148,0.02317337370575322,-438.7548860153155
2.1,post_correction,0.004783572634888576,0.01780845782182032,-272.28362943495125,0.0063433111503144336,0.019940374995234267,-214.3527807909255
2.103,post_correction,0.045445373484395535,0.015266250480088945,66.40747053089821,0.057441481603080574,0.016706123892986282,70.91627265392412
2.106,post_correction,0.04287003081103182,0.012738005625837278,70.28692215784602,0.054198280713743906,0.013474577181383639,75.1383678523834
2.109,post_correction,0.04029419827446412,0.01023505056059596,74.59919542044275,0.05094940767931636,0.010254688489725182,79.87280135959614
2.112,post_correction,0.0377180688936114,0.0077830985573641995,79.36506617208475,0.0476951243721619,0.007071710807301934,85.17309494337022
2.115,post_correction,0.03514189052411854,0.005453213499929743,84.48229899246,0.04443577028258158,0.004030765939829418,90.92900626185512
2.118,post_correction,0.03256598751085759,0.0035012168677624185,89.24885398732312,0.04117179346121076,0.002001050556539668,95.13975372866639
2.121,post_correction,0.029990793470820218,0.0514703885074898,-71.62062936937072,0.037903797581517615,0.06388989113545913,-68.55802112718298
2.124,post_correction,0.02741690248099003,0.04888756504213686,-78.31177346176824,0.034632615812471325,0.06059527636177144,-74.96592428906531
2.1270000000000002,post_correction,0.024845151912347797,0.04630383394186069,-86.36969540463198,0.03135943109831031,0.05729381630748421,-82.7004326955768
2.13,post_correction,0.022276762217448207,0.04371929248347257,-96.25514720999071,0.028085980611751625,0.05398555622896974,-92.21531544596068
2.133,post_correction,0.01971358490348957,0.041134060754213865,-108.6584502797996,0.02481492158220058,0.05067055283345419,-104.19388659200727
2.136,post_correction,0.017158569775217496,0.03854828927946001,-124.6591049513705,0.02155052784476232,0.0473488782059186,-119.71099059379355
2.1390000000000002,post_correction,0.014616713231504841,0.03596216994281338,-146.0345863890972,0.018300121812804743,0.04402062553918582,-140.54826513987592
2.142,post_correction,0.012097171336359956,0.03337595198175832,-175.89881182753555,0.015077316991051722,0.04068591771419501,-169.84852635480047
2.145,post_correction,0.009618568753129216,0.030789966035527305,-220.10964235724137,0.01191033096296664,0.03734492053448351,-213.55065321527883
2.148,post_correction,0.007224588602035067,0.028204661393244276,-290.3981658595676,0.008867000064524693,0.03399786385227677,-283.4201376438041
2.1510000000000002,post_correction,0.0050393731737808705,0.02562066571582862,-408.40977304735503,0.006145439979883227,0.030645076677778226,-398.6636722202685
2.154,post_correction,0.0034840758206196878,0.02303888474600806,-561.2624389417076,0.00440705125877933,0.02728704839430391,-519.1679377439759
2.157,post_correction,0.003527766005851109,0.0204606769787313,-479.98962926666553,0.004871204364721066,0.023924541884270047,-391.142232864213
2.16,post_correction,0.0051316761918893975,0.017888177922746475,-248.58352814658687,0.007129094786929777,0.020558818226845427,-188.3790837588135
2.1630000000000003,post_correction,0.04551328746559909,0.015324946599066592,66.32863180746973,0.05923615626602922,0.01719212602976691,70.97697231981566
2.166,post_correction,0.0429131603001648,0.012777375634514528,70.2250415836527,0.055860760275247674,0.0138289051729757,75.24397250442831
2.169,post_correction,0.04031257566714162,0.010258145371006177,74.55348560283761,0.05247959070393141,0.010479296539489903,80.03167250558441
2.172,post_correction,0.03771174417139579,0.007796094257977908,79.32714482113184,0.04909296092179929,0.0071723582274847075,85.39025128488454
2.1750000000000003,post_correction,0.035110936544042265,0.005470850879739165,84.41838521488405,0.04570127645519381,0.004032646366940122,91.1760749814203
2.178,post_correction,0.0325105076435915,0.003564126615668093,89.03700103750715,0.04230507215651272,0.0021015719080279827,95.03234056603672
2.181,post_correction,0.02991093294075614,0.05185117472966918,-73.3519139385239,0.038905068985163736,0.06627857808842232,-70.35974955782069
2.184,post_correction,0.027312865749616756,0.04924366617368425,-80.29476154246181,0.03550226358124647,0.0628485024114021,-77.02674723140994
2.187,post_correction,0.024717230337757676,0.046635270060218705,-88.67514451641192,0.03209807495309003,0.059411315760943995,-85.0930806528775
2.19,post_correction,0.02212538004546994,0.04402609469374377,-98.98458061857289,0.02869459550059557,0.05596707443678961,-95.04395674658662
2.193,post_correction,0.01953937988170919,0.04141627359350364,-111.96309117401113,0.02529504374362388,0.052515847433293975,-107.61319081146732
2.196,post_correction,0.016962543830850774,0.03880597394558895,-128.7744947488964,0.02190463450311436,0.0490577207905402,-123.960462721098
2.199,post_correction,0.014400537481674736,0.0361954087129254,-151.34762337159646,0.01853238821901634,0.045592803953274794,-146.01688360106436
2.202,post_correction,0.01186386906465672,0.033584854389597504,-183.08517404030601,0.015195284070187783,0.042121239309637196,-177.19941999818542
2.205,post_correction,0.009374256656780594,0.030974677719020738,-230.42276153828277,0.01192907730509703,0.038643216933921566,-223.9413740525445
2.208,post_correction,0.0069837125697751554,0.028365377123755055,-306.16472743333844,0.008821345159130396,0.035158998175999205,-298.5673107871585
2.211,post_correction,0.004843419233921158,0.025757649214260277,-431.8071381032873,0.006130603814263663,0.03166895497379161,-416.57154716325965
2.214,post_correction,0.003457823782830549,0.023152499984709644,-569.5685332396314,0.004664243287258339,0.028173638625913665,-504.0345001487744
2.217,post_correction,0.00377968069988743,0.020551439910017295,-443.7348162935927,0.0055205351348992186,0.024673907402333106,-346.9477469014161
2.22,post_correction,0.005519696921533019,0.0179568467668666,-225.3230570833468,0.007993442779528391,0.021171181304500946,-164.85685690678122
2.223,post_correction,0.04554924720218893,0.015372690421777906,66.25039629405961,0.061011168565157245,0.017668000510122097,71.04136680933516
2.226,post_correction,0.04292412764554015,0.012806116934145928,70.16569086762443,0.057499385937474785,0.014169411244712587,75.35728249320698
2.229,post_correction,0.04029861941962599,0.010271336050210153,74.5119406120204,0.05398184395895107,0.010687057118010466,80.20249710970022
2.232,post_correction,0.03767295412671065,0.007800735170391236,79.29354001771684,0.05045891552981214,0.007254881943067383,85.62220002770164
2.235,post_correction,0.03504742987811764,0.005483657571290781,84.35360997836084,0.04693108254107304,0.004022995715024221,91.42786507960182
2.238,post_correction,0.03242243815781381,0.0036301107868904146,88.80370819362469,0.04339898039510282,0.0022401768908718745,94.83818082711304
2.241,post_correction,0.02979850483623834,0.05221567537723379,-75.22917899469118,0.03986346634010711,0.06868206210077964,-72.29325095514285
2.244,post_correction,0.02717635482791629,0.04958338533507672,-82.45046346003444,0.03632572785787792,0.06511281573086691,-79.24710548296963
2.247,post_correction,0.02455701789574103,0.04695025691107929,-91.18875553379777,0.0327874612814953,0.061536297935939455,-87.68241129626439
2.25,post_correction,0.021942009555952727,0.044316410584346405,-101.97061017286654,0.02925117971323399,0.05795257884760887,-98.12048408218429
2.253,post_correction,0.01933365703031083,0.041681994690261744,-115.5929145992077,0.025720773197891286,0.05436174278504355,-111.35345491674562
2.2560000000000002,post_correction,0.016735725083221957,0.039047194783938456,-133.31642094840805,0.022202596603580493,0.05076389312177439,-128.63944262081475
2.259,post_correction,0.014154715817379843,0.03641224706794503,-157.24463519950234,0.018707759823063896,0.047159159410443706,-152.08341274674402
2.262,post_correction,0.011602849096197772,0.03377745809793458,-191.11348271351198,0.015257463225537485,0.043547708090997256,-185.419059821874
2.265,post_correction,0.009105821529940175,0.031143234469788485,-242.01454934503965,0.01189713078366919,0.03992975907767004,-235.62511670864654
2.2680000000000002,post_correction,0.006726550028566394,0.028510128909576764,-323.84474639301874,0.008740206251484724,0.03630561236766729,-315.3862199933778
2.271,post_correction,0.004651685801064075,0.025878914365227643,-456.3341006245054,0.006123278338954161,0.03267569251977771,-433.63069112678346
2.274,post_correction,0.0034801505791579685,0.02325070807236648,-568.0948868020546,0.005000717114575377,0.029040626746883777,-480.72924505647995
2.277,post_correction,0.0040848940199568326,0.02062718961349439,-404.9626627452227,0.006251726586032089,0.02540139046153776,-306.310002716542
2.2800000000000002,post_correction,0.005948338246479348,0.01801100724041232,-202.7905693001322,0.008937547220345647,0.02175959944909121,-143.46276347001708
2.283,post_correction,0.04554355622998088,0.01540659133246112,66.17174281546528,0.06271898696003983,0.018118154891836272,71.1121691053781
2.286,post_correction,0.04289378014901282,0.012821936382514759,70.10770247347891,0.059068838859578573,0.014482859428625738,75.48138797335238
2.289,post_correction,0.040243728175656336,0.010272983051300755,74.47308309393924,0.05541309546210093,0.01086725288058609,80.3886558042609
2.2920000000000003,post_correction,0.03759365702224236,0.0077961516396932206,79.26205573700742,0.05175219789153453,0.007311558351182439,85.87198486428257
2.295,post_correction,0.03494389764764559,0.005491786132536623,84.28399090475632,0.0480867156607504,0.003999650137714883,91.68242188563629
2.298,post_correction,0.03229488562838364,0.0037004550101174673,88.5416686323076,0.044417399844357934,0.002422895168927044,94.5451665846784
2.301,post_correction,0.029647207745035892,0.05255242875616983,-77.25928596081422,0.040745265115668346,0.07104452190579034,-74.36264484746377
2.3040000000000003,post_correction,0.027001675821367085,0.04989581477000112,-84.78784465117289,0.03707172064089461,0.06733482644627285,-81.63393897610018
2.307,post_correction,0.024359448311107305,0.04723844594225251,-93.92247861669735,0.0333987872697856,0.06361783919009883,-90.47948860002789
2.31,post_correction,0.02172223972138939,0.04458045615253551,-105.2295560878014,0.029729474962326412,0.05989364710195917,-101.46217576279838
2.313,post_correction,0.019092701262916158,0.04192201004054745,-119.57086880091066,0.026068475949364706,0.05616235309489423,-115.44164378456085
2.316,post_correction,0.016475159455293875,0.03926331337821404,-138.3182601950342,0.02242352617987723,0.05242408151600547,-133.79053363627798
2.319,post_correction,0.01387717001278527,0.03660462795841725,-163.77588459817665,0.018808310541810973,0.048678986192420275,-158.81636781893107
2.322,post_correction,0.011313137794926972,0.03394629346823878,-200.0608149885786,0.015249340832581858,0.04492726254977,-194.61773491073183
2.325,post_correction,0.008813922793526888,0.03128876048117202,-254.992450173844,0.011804500967596757,0.041169166429277315,-248.75821131521178
2.328,post_correction,0.006456827721908493,0.02863264174693395,-343.4475098318216,0.008621222813635384,0.0374050443587999,-333.8716811684745
2.331,post_correction,0.004474737427572578,0.02597879476626145,-480.56579155202473,0.006135202094790366,0.033635384320532195,-448.2359635568205
2.334,post_correction,0.0035641116436358985,0.023328460296359498,-554.537866063061,0.005426938067727948,0.0298609052375671,-450.2348629172531
2.337,post_correction,0.0044439686815340995,0.020683506255527128,-365.4287133361837,0.0070652111351780286,0.026082724559045097,-269.1711975765019
2.34,post_correction,0.006417182362212008,0.018046883182983697,-181.22752579471532,0.009959684415524726,0.02230269670370112,-123.92975292406494
2.343,post_correction,0.045485887482996284,0.015423538236567043,66.09159655875082,0.06430315047924659,0.018524166041275287,71.19244406655653
2.346,post_correction,0.04281242873134537,0.012822422399629328,70.0497664356021,0.060515538038020567,0.014753873122728542,75.61969437756792
2.349,post_correction,0.04013885873485268,0.010261437008788744,74.4351550287634,0.056722680573100356,0.01100774316275561,80.59375358932557
2.352,post_correction,0.03746546423313828,0.007781585038481943,79.2299783340223,0.05292509658570139,0.007334076806245765,86.14253486647921
2.355,post_correction,0.03479261562103432,0.005495627765996524,84.20461449102989,0.049123455204282754,0.003961520271684969,91.93558300162161
2.358,post_correction,0.03212080163487125,0.003776613053444886,88.24246948636274,0.04531863950829133,0.0026544889599288118,94.1426111005756
2.361,post_correction,0.02945068282533725,0.05284860507081104,-79.44780901767038,0.04151184477447804,0.07329816580995885,-76.57168985904332
2.364,post_correction,0.026783176801726618,0.05016876865346355,-87.31448111946655,0.03770473624470375,0.06944985840579353,-84.1939907895494
2.367,post_correction,0.02411959954258427,0.04748830042433799,-96.8867697844452,0.033899712866047864,0.06559441557365334,-93.49549016195117
2.37,post_correction,0.021461910715358846,0.044807348953310774,-108.77614089245637,0.03010036962912476,0.0617319441260132,-105.08699689282918
2.373,post_correction,0.01881316376408689,0.04212609676489107,-123.91819522300156,0.026312355491954473,0.05786256886346673,-119.9064575619593
2.376,post_correction,0.016178389140357945,0.039444771828124246,-143.8114912796042,0.022545079354177953,0.0539864387938381,-139.45996350566656
2.379,post_correction,0.013566478068260637,0.036763664067147525,-170.98900600560222,0.018815404605369974,0.05010373627282936,-166.29103824070623
2.382,post_correction,0.010994644666965763,0.034083149645286324,-209.9977368772245,0.015156548711195282,0.04621469080338987,-204.91566176443388
2.3850000000000002,post_correction,0.008500499339136285,0.03140372764099841,-269.43391662200014,0.01164252218778883,0.04231960051970466,-263.4916888034042
2.388,post_correction,0.006180400715428731,0.02872607714680836,-364.7931172989589,0.008465425264707662,0.0384188668544711,-353.83268593297095
2.391,post_correction,0.004326386766366323,0.02605114934567415,-502.1456414437534,0.006182790025709189,0.034513052888908685,-458.2116284945309
2.394,post_correction,0.0037199109594929828,0.02338032223578094,-528.5183298841011,0.005949622347479893,0.030602986647181536,-414.36855752944007
2.3970000000000002,post_correction,0.004855487028394721,0.020715673657507736,-326.64460920939945,0.00795830798945837,0.026689955556463644,-235.37223731247073
2.4,post_correction,0.0069245461389718654,0.01806049230984325,-160.81842690306362,0.01105411008543341,0.022776101746839833,-106.04192984158098
2.403,post_correction,0.04536566661192478,0.01542030582749365,66.00886313562891,0.0656997793227776,0.01886530899082845,71.28558240942523
2.406,post_correction,0.04267022341571561,0.012805144390642889,69.9904444701672,0.06177916234732532,0.014965473664533317,75.77585532740517
2.4090000000000003,post_correction,0.03997489326560181,0.010235131072321407,74.39610156225561,0.05785387201402058,0.011095512344015668,80.82148703663823
2.412,post_correction,0.03727999876461607,0.007756471314218471,79.19401402561084,0.053924513490641084,0.007314124233788809,86.43636491025883
2.415,post_correction,0.03458595763264695,0.005495871390645004,84.10952951189286,0.049991867923226095,0.003909410995701998,92.17990613652248
2.418,post_correction,0.031893322716100396,0.003860159597417628,87.89665275148975,0.046056967625021344,0.0029377046759557508,93.62158468643996
2.4210000000000003,post_correction,0.029202843997166654,0.053090366239859126,-81.79861606975713,0.042121213439228936,0.07536481270829243,-78.92365047133848
2.424,post_correction,0.026515568054817928,0.05038913199114063,-90.0360267106736,0.03818656452079323,0.07138351998344117,-86.93360054574075
2.427,post_correction,0.023833004122020024,0.04768743292860834,-100.08989502313095,0.03425585816923211,0.06739545962043489,-96.74141365101774
2.43,post_correction,0.02115741478805129,0.044985433644893796,-112.6225443682252,0.03033337584113028,0.06340076101239296,-109.01320494115676
2.433,post_correction,0.018492354671856726,0.04228333620481988,-128.65306747101462,0.026425905323756688,0.059399573860821904,-124.77781984415928
2.436,post_correction,0.01584374015143344,0.03958139287546646,-149.82354227695026,0.022544881382211175,0.05539207525266393,-145.6969026076603
2.439,post_correction,0.013222163909387194,0.03687992443929288,-178.92502839954696,0.018711096410369644,0.05137848008565255,-174.58829220279534
2.442,post_correction,0.010648472331845049,0.034179347162829825,-220.97887938924293,0.014966259499445673,0.04735905684725417,-216.43883262219444
2.445,post_correction,0.00816914554922739,0.03148021358316255,-285.35503368696675,0.011405322256002047,0.04333415225169769,-279.94675888174146
2.448,post_correction,0.0059057527460911535,0.02878327610384611,-387.3769245232443,0.008278826971476408,0.03930423112783638,-374.7560404783656
2.451,post_correction,0.004223247788862528,0.026089589724629266,-517.7612829972293,0.00628620247368555,0.035269943819348844,-461.06916643221575
2.454,post_correction,0.003952865115127664,0.023400685001838808,-491.9930055868614,0.006570096628216398,0.031232246059637828,-375.369660858649
2.457,post_correction,0.005316193365270206,0.020718873916142373,-289.7313828254495,0.008924079258193407,0.027192625938061446,-204.7107175016992
2.46,post_correction,0.007467376273217907,0.018047823739011707,-141.6889557814445,0.012210000803781505,0.023153568586747546,-89.62790387021724
2.463,post_correction,0.0451726191178163,0.015393714577854298,65.92246613439569,0.06684062521897689,0.01911960846407559,71.3952279748465
2.466,post_correction,0.042457681719781724,0.012767794750407187,69.92818676565079,0.06279563147576174,0.015100057254330241,75.9536501195013
2.469,post_correction,0.0397431483839369,0.010192704131542852,74.35355640907788,0.058746786368355265,0.011117570265921745,81.07544096759246
2.472,post_correction,0.037029384459813845,0.007720541898768363,79.15022890227331,0.05469479070826206,0.007244238799482923,86.75515765637873
2.475,post_correction,0.0343168643864503,0.0054935582940335926,83.99166592795503,0.05064055000386239,0.0038469642831934128,92.40339158460957
2.478,post_correction,0.03160621827939403,0.003952713750787694,87.49387314911793,0.046585263456965134,0.0032726339722749438,92.97495875428898
2.481,post_correction,0.02889830454174559,0.05326345058754309,-84.3134101884779,0.042530563785502254,0.0771594368201291,-81.42114741124377
2.484,post_correction,0.026194327086920544,0.050543422964223206,-92.95560751190571,0.038478745027512154,0.0730551482443833,-89.8584483255604
2.487,post_correction,0.02349603252735939,0.04782314469827101,-103.53710628628258,0.034433149818865194,0.06894469862016067,-100.22768460870614
2.49,post_correction,0.02080605843148665,0.045102797755771085,-116.77723295977674,0.030398861833559023,0.06482824199653474,-113.25878038291279
2.493,post_correction,0.018128585411053312,0.042382605452225455,-133.7888174461977,0.026384021121463545,0.06070595532288605,-130.08606248234625
2.496,post_correction,0.0154706482778425,0.039662846560218706,-156.37481925708926,0.0224025137279928,0.05657804651633254,-152.5522233946278
2.499,post_correction,0.012845015328383296,0.036943875628241016,-187.61254606374115,0.018479993133655274,0.05244476637545145,-183.79213128570072
2.5020000000000002,post_correction,0.010277246938151555,0.03422615294199746,-233.02841848571276,0.014668945985414027,0.04830642666168694,-229.3108223980109
2.505,post_correction,0.007825498952430678,0.03151028990223657,-302.6617356130264,0.011091552260016032,0.0441634284199395,-298.1717561674786
2.508,post_correction,0.005644388718744257,0.02879711989349625,-410.19023189995545,0.008073894435376063,0.04001630799619505,-395.6258509011728
2.511,post_correction,0.004183083413828115,0.026087812967895502,-523.6503169326345,0.00646646316279442,0.035865815126201406,-454.64346155344583
2.5140000000000002,post_correction,0.004262560645490706,0.02338406932068137,-448.592061567945,0.0072831000783634475,0.03171305252755478,-335.433430631656
2.517,post_correction,0.005821178420800118,0.0206884622065193,-255.39989862869868,0.00995033963741914,0.027559741843023962,-176.97287577383884
2.52,post_correction,0.008041208600464627,0.018005082910940825,-123.91015835480847,0.013410664101640376,0.02340877237893651,-74.55341660576806
2.523,post_correction,0.04489747027851943,0.015340845158402576,65.83138189471181,0.06765778397508367,0.019265456274939564,71.5251444208778
2.5260000000000002,post_correction,0.0421663570404695,0.012708372030452377,69.86134700169755,0.06350164208499233,0.015140826627488524,76.15679511527651
2.529,post_correction,0.0394360113451389,0.010133151211735953,74.30482732380838,0.05934273766166557,0.011062194256747098,81.3588070037876
2.532,post_correction,0.03670684936459704,0.007673935289412437,79.09399629156464,0.05518187529298266,0.00711889414484824,87.0992167137286
2.535,post_correction,0.03397941338947452,0.005490121200342551,83.84280170639092,0.05102009657132332,0.0037814956119322533,92.58822333539506
2.5380000000000003,post_correction,0.03125442654597385,0.0040558337583817,87.02317013426642,0.04685878507262614,0.0036562312038474166,92.19734101475177
2.541,post_correction,0.028532878583035246,0.053353984301655236,-86.99124291433337,0.04269983244393129,0.07859585679093607,-84.06596066656581
2.544,post_correction,0.025816165308540372,0.050618569208965854,-96.07315263131073,0.03854591118718783,0.07438328372269783,-92.97321410168631
2.547,post_correction,0.023106324994808684,0.04788316607201131,-107.22969179551167,0.034400942778648955,0.07016540875728389,-103.96362160409235
2.5500000000000003,post_correction,0.020406459748855073,0.04514797557682893,-121.24354803562636,0.030270943948005016,0.06594241161284234,-117.84061879969298
2.553,post_correction,0.017721533080358797,0.04241324403732953,-139.33168673954714,0.026165655449870637,0.06171449775348779,-135.8606986617372
2.556,post_correction,0.015059994209070953,0.03967927903474318,-163.47472969706396,0.022101924959961883,0.05748190758431128,-160.07647609174768
2.559,post_correction,0.012437398767044408,0.03694647197019221,-197.05947893292546,0.018111420681759954,0.05324493006629678,-193.98538635856355
2.562,post_correction,0.009885432941618257,0.03421533136468625,-246.11869370574237,0.014260321035321422,0.04900392344091622,-243.63829060747148
2.565,post_correction,0.007477581043491901,0.03148653336893348,-321.0791322193388,0.01070613995790453,0.04475934780021711,-318.07176046835167
2.568,post_correction,0.005410889942371593,0.028761000778019158,-431.53919381722284,0.007870275612400585,0.0405118182159519,-414.74459359619584
2.571,post_correction,0.004221764110146037,0.026040031134051216,-516.8045029202367,0.006740672683722246,0.03626219531004218,-437.9610761639586
2.574,post_correction,0.004643415263626288,0.02332551328522471,-402.33528471904503,0.008076200833319863,0.03201174805079002,-296.3713720282886
2.577,post_correction,0.006364086180851702,0.020620312091335236,-224.01057285141337,0.011019090066779353,0.02776246599487794,-151.9488072665543
2.58,post_correction,0.008640219763217773,0.01792899379097589,-107.50622417384915,0.014633297973125571,0.023517709013341815,-60.71366179061407
2.583,post_correction,0.044532749486166125,0.015259296786731782,65.73466277560067,0.06808982823987876,0.01928370976910823,71.67901540128402
2.586,post_correction,0.04178959854503692,0.01262539436562843,69.78818939353543,0.06384050458594581,0.015073580104050155,76.38868896507981
2.589,post_correction,0.03904765486576124,0.010055989540852501,74.24687967709413,0.05958977181017536,0.010920403403020928,81.67403050676526
2.592,post_correction,0.03630739488075733,0.007617306495075474,79.0199585508885,0.05533854503099294,0.0069356897486902306,87.46680140432709
2.595,post_correction,0.03356944186941474,0.005487393333639654,83.65360569596112,0.051088012440234996,0.0037242863178860047,92.71005830919174
2.598,post_correction,0.03083463071667956,0.004170889817097116,86.47335894689041,0.04683975866533153,0.004082040872588886,91.2850941403116
2.601,post_correction,0.02810411006712521,0.05334947350405555,-89.8280122609579,0.04259596139615831,0.07959427797979467,-86.85874287362182
2.604,post_correction,0.025379509533655257,0.05060285255143921,-99.38467480758754,0.038359717113363355,0.07529287858217683,-96.28111010220951
2.607,post_correction,0.02266322550045311,0.04785655328067013,-111.16391080216415,0.034135605698914585,0.07098728302157148,-107.95671138136176
2.61,post_correction,0.01995893537650565,0.045110796427544744,-126.01804944288871,0.029930723283739216,0.0666776962914868,-122.77342134164697
2.613,post_correction,0.017272581786766134,0.04236585308217207,-145.2780574739084,0.02575669814279572,0.06236435220723528,-142.1286760495693
2.616,post_correction,0.014614402924059019,0.03962206203272823,-171.11652962229644,0.021633947787104823,0.05804752386635383,-168.3168344381129
2.619,post_correction,0.012003524969472934,0.03687985480707565,-207.24187187403354,0.017601574580620425,0.05372753918065658,-205.24280049247037
2.622,post_correction,0.009479579386216942,0.03413979269904736,-260.1403744630876,0.013743133408806158,0.0494048045936693,-259.48719352467526
2.625,post_correction,0.0071359952116502425,0.031402623016044205,-340.059474322183,0.010261672890450615,0.04507984248838272,-339.3030548686994
2.628,post_correction,0.0052222806834404285,0.0286693672183193,-448.9817372173871,0.007693877179207034,0.040753352462650834,-429.6855085338269
2.6310000000000002,post_correction,0.004349570689605912,0.025941464082647945,-496.41435750520805,0.007116677840337489,0.03642631630165141,-411.8443903022593
2.634,post_correction,0.005086101512907566,0.023221012223504322,-356.55817455813207,0.008929959256251322,0.032100187778327315,-259.46622887283525
2.637,post_correction,0.006937357573604535,0.020511201895563925,-195.6630342020362,0.012106664012496982,0.02777725933412237,-129.43776506434452
2.64,post_correction,0.009257395042996218,0.017817131131942405,-92.46376598589846,0.015849575493305807,0.023461432058049497,-48.025617897202466
2.6430000000000002,post_correction,0.04407360805190482,0.015147464574728911,65.63143966591079,0.06808864538539518,0.01916001737492154,71.86018716267293
2.646,post_correction,0.041323314270489166,0.012518120518686303,69.70688160018652,0.06376857833130539,0.01488861822644304,76.65210889744128
2.649,post_correction,0.03857474507559315,0.009961419737315992,74.17631738642716,0.05944869426181338,0.010687440557400524,82.02241329248915
2.652,post_correction,0.03582844815450715,0.00755191526529197,78.92201405786548,0.055130023784763525,0.006696431049224019,87.8533862503525
2.6550000000000002,post_correction,0.03308514321723149,0.005487571922641072,83.41378821723517,0.05081391052107309,0.0036897214891321514,92.73875706219859
2.658,post_correction,0.03034579913318646,0.004298929106949806,85.83352810027515,0.04650215545659914,0.0045402269387465515,90.23652367472732
2.661,post_correction,0.02761175637826565,0.05323987318431371,-92.81596018361587,0.042197248838963586,0.08008978997842656,-89.79860579079794
2.664,post_correction,0.0248849289060586,0.05048692204406425,-102.88152011466052,0.03790275784504885,0.07572336310640101,-99.78325433723704
2.6670000000000003,post_correction,0.022168152066622804,0.04773464522167151,-115.32983479278171,0.03362400574091794,0.07135406246857266,-112.21166513703044
2.67,post_correction,0.019465814649079143,0.04498328482140184,-131.08863221159785,0.02936932994759555,0.06698211635807232,-128.06824833113396
2.673,post_correction,0.016785081959121727,0.042233138527976125,-151.61115466001547,0.025152574247116106,0.0626077851711078,-148.91203801251538
2.676,post_correction,0.014138451007093211,0.03948457884680618,-179.2708962742588,0.020998444652028048,0.058231373266287516,-177.3127925961101
2.6790000000000003,post_correction,0.011549609246668095,0.03673808091910538,-218.08938410365545,0.01695520874203385,0.05385324662551079,-217.6206642151364
2.682,post_correction,0.009068430253049759,0.03399426370638497,-274.8638160937779,0.013128392006087853,0.049473859911679186,-276.84630294964785
2.685,post_correction,0.006813840548950974,0.03125395265097543,-358.6833581802429,0.009778889682733367,0.04509379930745588,-361.13414478003796
2.688,post_correction,0.005096329028438177,0.028518278030492682,-459.58471031515023,0.0075733916015790406,0.04071385299833901,-437.59075378923006
2.691,post_correction,0.004568513527083469,0.025788835011603423,-464.4907223918623,0.007589490658395766,0.03633513255317881,-378.7558768912059
2.694,post_correction,0.005579108266240997,0.023067955335973923,-313.47029373058365,0.009818949450538348,0.031959293780083387,-225.48587749712
2.697,post_correction,0.007532535588304628,0.02035919211164803,-170.28338429968625,0.013184801719479628,0.02758896672197092,-109.2482489229257
2.7,post_correction,0.009884821855386194,0.017668238188227194,-78.7410885771285,0.017027223570920333,0.023228667438891806,-36.420757865436784
2.703,post_correction,0.04351852469424854,0.015004796767671979,65.5208974268031,0.06762582635284803,0.018886958695061372,72.07138202420508
2.706,post_correction,0.04076661751284981,0.012386744930195535,69.6154704856463,0.06326119771142161,0.01458240449234126,76.94889597433523
2.709,post_correction,0.038017028703335294,0.009850453811833623,74.08936429855859,0.058898531826282734,0.010363948981118283,82.40372270791731
2.712,post_correction,0.035270389977967706,0.0074796698004285025,78.79334533839628,0.05453897778071711,0.0064078218176309406,88.25093157522195
2.715,post_correction,0.03252753555020303,0.005493123603140385,83.11238921048202,0.05018404151819172,0.0036927837950236375,92.64151773490583
2.718,post_correction,0.029789594480009986,0.004440552762953513,85.09361124088714,0.04583575396335012,0.005018010264600508,89.05219216288477
2.721,post_correction,0.02705813820000668,0.05301857896675048,-95.94318934603339,0.04149694333823095,0.08004037155691852,-92.88257186687214
2.724,post_correction,0.024335425505653898,0.05026472798897627,-106.54961622634528,0.03717169477302786,0.07563618026069746,-103.4778901595302
2.727,post_correction,0.021624828311229697,0.04751193976606733,-119.71013634080298,0.03286616456182648,0.07123059992747727,-116.72927424640984
2.73,post_correction,0.018931612486194876,0.044760479107399644,-136.4324705042396,0.028590108491483628,0.06682387867870695,-133.73076285671436
2.733,post_correction,0.016264465270396638,0.042010672184285044,-158.29728482220517,0.024359956948246015,0.062416300203071894,-156.22500210356915
2.736,post_correction,0.0136387243871858,0.03926292787930375,-187.8782997931467,0.020205544680373968,0.05800819713841299,-187.09048954645334
2.739,post_correction,0.011083869279152723,0.036517768689609396,-229.46769553024626,0.016186389402653316,0.05359997106064943,-231.14223145937157
2.742,post_correction,0.008662823373040283,0.03377587654746664,-289.89455392315983,0.012435590780153319,0.04919212321431996,-295.57528133547567
2.745,post_correction,0.006526161858951275,0.03103816264038972,-375.59596760257824,0.009285726054521545,0.04478530336095544,-382.30265568892065
2.748,post_correction,0.005048688152565368,0.028305877186210825,-460.6580626658012,0.007534168349951963,0.04038039052587631,-435.9634753334622
2.751,post_correction,0.004872111777838362,0.0255807883962864,-425.04518703049905,0.008141165603681883,0.03597863282638594,-341.9346636323726
2.754,post_correction,0.00611002003486129,0.022865486854610737,-274.2293269768276,0.01071366635434191,0.03158190359966452,-194.78147400833865
2.757,post_correction,0.0081406435929117,0.020163929764847908,-147.69454079042643,0.014222684578024655,0.027193204190330347,-91.19600129743668
2.7600000000000002,post_correction,0.010514095387794355,0.017482474061713636,-66.2765403670273,0.01813254887427801,0.022817741206222278,-25.838575505457285
2.763,post_correction,0.042869762191192144,0.0148319843426478,65.40222388801793,0.06669724856852119,0.018465514007763813,72.31442914951232
2.766,post_correction,0.04012222854765885,0.01223252749537853,69.51184433624312,0.06231681034374871,0.014158576194739305,77.27968405854132
2.769,post_correction,0.0373776802019186,0.009724978824140838,73.98185555763395,0.05794022936130192,0.009956521472393134,82.81587494190512
2.7720000000000002,post_correction,0.03463684766778157,0.00740310329091759,78.6265096583723,0.05356877433175937,0.006081501243796291,88.64730186632114
2.775,post_correction,0.031900700698918844,0.005506627910048199,82.7382227054504,0.049204118539484795,0.0037451515681899542,92.388540473122
2.778,post_correction,0.02917055923398885,0.004595826081768424,84.24498466106375,0.04484853464067202,0.005500566576747184,87.7352367901919
2.781,post_correction,0.0264482717689468,0.05268316660996507,-99.19322922195974,0.04050521290636425,0.07943272092651354,-96.10493372825336
2.7840000000000003,post_correction,0.023736513716485986,0.049934210795861474,-110.36876515349476,0.0361788037219876,0.07502019175007182,-107.35951450069214
2.787,post_correction,0.021039310166422694,0.04718673248022045,-124.27889558625958,0.0318763899563984,0.0706078462328524,-121.50515265195396
2.79,post_correction,0.018363003503420506,0.044441020583632605,-142.01389808238343,0.02760933727247056,0.06619594773441431,-139.75927810631913
2.793,post_correction,0.015718165535547914,0.04169743178292031,-165.2817956944032,0.023397077612877834,0.0617847988083728,-164.07058108131517
2.7960000000000003,post_correction,0.013123682703141733,0.03895641420266788,-196.84056742199306,0.01927554421539763,0.057374756215228404,-197.65570078896388
2.799,post_correction,0.01061631571237262,0.03621854175166785,-241.15923765772635,0.015317973771975073,0.052966253417525665,-245.7784574251578
2.802,post_correction,0.008275305546358665,0.03348456510307431,-304.63237176551536,0.011691650033058203,0.04855983528765619,-315.33774232339323
2.805,post_correction,0.006288763980588427,0.030755489491763318,-389.0545993886321,0.008814508035422986,0.04415621350838312,-400.94926830779355
2.8080000000000003,post_correction,0.005089501559188924,0.028032697228372067,-450.7945503574898,0.0075910726031865675,0.039756358598698624,-423.72517925872256
2.811,post_correction,0.005247540118485522,0.02531814777611444,-382.476497643651,0.008744038715901582,0.035361660202406636,-304.40877895587585
2.814,post_correction,0.0066664383299354195,0.022614718661669114,-239.23239880759826,0.011583163622875443,0.030974222764158527,-167.40727984700075
2.817,post_correction,0.008752622984980746,0.01992681617384717,-127.6667943774229,0.01518970150096453,0.026597451003177182,-75.10186754814288
2.82,post_correction,0.011136796727565243,0.01726153660060367,-54.99552539985555,0.01913358675210225,0.0222373181411599,-16.221377775479734
2.823,post_correction,0.04213346458401887,0.014631038338258521,65.27454249796482,0.06532469733399877,0.01790545580583273,72.59006694775194
2.826,post_correction,0.03939653059339177,0.0120578228284145,69.39369369129922,0.06095826436440421,0.013627993235790805,77.64373153027516
2.829,post_correction,0.03666331723972179,0.009587730357676353,73.84925566067216,0.056597611063715865,0.00947740428316789,83.25476269219469
2.832,post_correction,0.03393467084035283,0.00732526838325862,78.41361592183796,0.05224412553203755,0.005733259323312494,89.02602107906525
2.835,post_correction,0.03121172099469786,0.0055305692948755545,82.28047310875594,0.04789965190620818,0.0038513613447051422,91.95952122523467
2.838,post_correction,0.028496014138284842,0.004764239320571648,83.28103257721641,0.04356671481970509,0.005972317935017435,86.29155776437801
2.841,post_correction,0.0257897296119446,0.05223572932687144,-102.54469555461445,0.03924888935836752,0.07828450777420923,-99.45661916550426
2.844,post_correction,0.023096043622811764,0.04949760391777647,-114.31204723257497,0.03495143822199405,0.07389364426402259,-111.41803606102596
2.847,post_correction,0.020419771969572252,0.046761386124011636,-129.0005304353611,0.0306824675694283,0.06950453962138611,-126.5285197942806
2.85,post_correction,0.017768570024749318,0.04402739051813447,-147.78240712004407,0.02645515771617054,0.06511746733738327,-146.1428052556294
2.853,post_correction,0.015155325696706471,0.041296006492308836,-172.4851139377573,0.022292400136695444,0.06073274386481324,-172.43698970233933
2.856,post_correction,0.012603315058114862,0.03856772454468519,-206.01254008843247,0.01823732844420333,0.05635074534963836,-208.9857460320579
2.859,post_correction,0.010158316105522565,0.035843174422728594,-252.845629633857,0.014379755786710871,0.05197193278159566,-261.424307564568
2.862,post_correction,0.00791941167104818,0.033123181829874504,-318.25306229459414,0.010928559914699192,0.047596890942816016,-335.52756551937813
2.865,post_correction,0.0061163426537153755,0.030408855084329355,-397.17383093076836,0.008397303447308706,0.04322639084588203,-414.76513998950304
2.868,post_correction,0.005220865151456077,0.027701721795193052,-430.596385686521,0.007743607460812506,0.038861493977083626,-401.85258193609474
2.871,post_correction,0.005678743205785353,0.025003952425066964,-340.30785543522376,0.00936577493732739,0.034503734966454855,-268.40235001740086
2.874,post_correction,0.007236625568535155,0.02231874184402252,-208.41366093423989,0.012398043448136298,0.030155461028068858,-143.2275798533509
2.8770000000000002,post_correction,0.009359790584947273,0.019650993913129917,-109.95121348904217,0.01605847107528585,0.02582051020491733,-60.790588866553776
2.88,post_correction,0.01174498327462259,0.01700862487645237,-44.816084269808535,0.020003312373139952,0.021505697479766023,-7.51068162412663
2.883,post_correction,0.04131934701197947,0.014405227054159196,65.13684727403177,0.06355399200388515,0.01722448992218285,72.89786309390307
2.886,post_correction,0.03859924000231635,0.011865989212663774,69.25849003257137,0.05923078989436726,0.013007732375401855,78.03890105365814
2.8890000000000002,post_correction,0.03588365230156649,0.00944216437742636,73.68672425517242,0.05491522869312089,0.008943340521597917,83.71427974637892
2.892,post_correction,0.03317356543035771,0.007249549567445998,78.14660717532699,0.0506088149071821,0.005381437524232928,89.36660039540023
2.895,post_correction,0.030470296637284358,0.005567104612532007,81.72940461065308,0.046313566108344355,0.004007088330730022,91.34791667444485
2.898,post_correction,0.027775659726719647,0.004944727508384535,82.19762354149304,0.04203226806363243,0.006418415680090162,84.72978981202405
2.9010000000000002,post_correction,0.02509222682362915,0.051682735396965516,-105.97109917839694,0.03776890237762547,0.07664242869957165,-102.92469167696832
2.904,post_correction,0.022423772256129248,0.048961280083349754,-118.34542165387371,0.03352939076601594,0.0723021464660226,-115.63811573726888
2.907,post_correction,0.019776062147294913,0.046242166718507505,-133.8289917076984,0.02932296184834993,0.06796511589172963,-131.78121038122273
2.91,post_correction,0.01715834000371235,0.04352573726599413,-153.67102678101128,0.025164827013761253,0.06363161565898783,-152.85934063520963
2.9130000000000003,post_correction,0.014586311429927322,0.04081241629276729,-179.79943036887866,0.021081835447278017,0.05930197129035196,-181.29415694689308
2.916,post_correction,0.01208860903304999,0.03810274012058946,-215.1954043382279,0.017125549709370722,0.054976573661410316,-221.02078236547555
2.919,post_correction,0.0097219464265142,0.03539739917564672,-264.09786294552174,0.013405566528708583,0.050655906920187316,-277.8721832583917
2.922,post_correction,0.007608601593752151,0.03269730102683811,-329.741268798825,0.010180026189414987,0.04634059188789175,-355.21092996868595
2.9250000000000003,post_correction,0.006020181121521973,0.030003666848243404,-398.384786812828,0.008060191108446888,0.04203145594326573,-421.4697192380186
2.928,post_correction,0.005436477492032429,0.027318183769618705,-402.49787311095423,0.007976074823671927,0.037729650309658046,-373.03531052243227
2.931,post_correction,0.0061491521877866575,0.024643254434849927,-300.75857097497027,0.009974457085104305,0.033436856870620944,-235.22483063820098
2.934,post_correction,0.007809958395843857,0.02198242351972507,-181.46658926407628,0.01313326572281671,0.02915567540298726,-121.99867130027279
2.9370000000000003,post_correction,0.009954261292434347,0.01934114392520802,-94.30014299411745,0.016807518157320546,0.02489040461022961,-48.09089823525521
2.94,post_correction,0.012331624432433066,0.016728236621348175,-35.653147020531215,0.020722269717487283,0.020648773908124744,0.354670653188711
2.943,post_correction,0.04044001354544642,0.014158872808358154,64.98796225068907,0.061449937322103326,0.016446292862016175,73.23627398379706
2.946,post_correction,0.03774272985769996,0.011661181264929947,69.10350335310756,0.057197031566919236,0.012319209292610472,78.46180307766974
2.949,post_correction,0.03505082314087027,0.009292236589147952,73.48924859253039,0.05295348735733769,0.008373767248200267,84.18656132750448
2.952,post_correction,0.032365432002804326,0.00717941230464804,77.8176534024759,0.048720928561961356,0.005044716603092995,89.64568871737056
2.955,post_correction,0.029688092742371667,0.005617845685315524,81.07710813871994,0.044501548473401285,0.00420052206613537,90.56095302246386
2.958,post_correction,0.027020932778298062,0.0051357462241689664,80.99345323750721,0.04029840259374421,0.006826130275523868,83.06104005079463
2.961,post_correction,0.024366987258128556,0.03324325025986002,-36.427412661655325,0.036115900033175774,0.04684113198865514,-29.696704071135574
2.964,post_correction,0.021730739238478028,0.03056435202312084,-40.6503096268413,0.031960667845603606,0.04258474105139808,-33.241086378787564
2.967,post_correction,0.019119086801722425,0.02789367166029951,-45.89437220289512,0.027843158010061715,0.03833629248913851,-37.68658165602076
2.97,post_correction,0.01654317430485858,0.02523350997040405,-52.53124645487896,0.023780838940969534,0.03409734431758718,-43.38158717707983
2.973,post_correction,0.014022090771910313,0.022587225619158366,-61.0831507695423,0.019805050700482996,0.029870273009129096,-50.821492259045996
2.976,post_correction,0.011590889588551714,0.019959918771024276,-72.2035105117266,0.01597712336853697,0.025658940108464444,-60.59799700234798
2.979,post_correction,0.00931917932419841,0.017359707787151978,-86.27936198282326,0.012429888311439787,0.021470129029444424,-72.72986282334085
2.982,post_correction,0.007354930452899879,0.014800273855666153,-101.22928354585254,0.009477669905369133,0.017317018857016735,-82.71388463536363
2.985,post_correction,0.006006052274810691,0.01230633104083129,-104.89883333922832,0.007818106576583559,0.013228993366817621,-69.20968315321393
2.988,post_correction,0.0057236141964904005,0.009926398121654672,-73.42884724378051,0.008262604984396238,0.009286093309322535,-12.386993289151958
2.991,post_correction,0.006643446942443995,0.007764741652008461,-16.87820673934611,0.010542555163747986,0.005782340427447376,45.15238158458263
2.994,post_correction,0.008377235757355581,0.006057972650818012,27.68530304881481,0.01377025328974942,0.004061458545558699,70.50556398565269
2.997,post_correction,0.010529283144289671,0.005266500063271478,49.98234931000359,0.01742307140669532,0.005940182643428116,65.90622568908587
3.0,post_correction,0.012890925968851505,0.005777612596643911,55.18077901770266,0.021280099987069246,0.009469829447789358,55.49913086149193
