local_t_yr,phase,pos_noNN_err,pos_encounterNN_err,pos_gain_instant_pct,vel_noNN_err,vel_encounterNN_err,vel_gain_instant_pct
0.0,pre_correction_window,1.621964594718028e-15,1.621964594718028e-15,0.0,3.9519726900328197e-17,3.9519726900328197e-17,0.0
0.004,pre_correction_window,0.05287098206969862,0.05287098206969862,0.0,0.04956927860421797,0.04956927860421797,0.0
0.008,pre_correction_window,0.05009371010104385,0.05009371010104385,0.0,0.046983539532666735,0.046983539532666735,0.0
0.012,pre_correction_window,0.04731606572395676,0.04731606572395676,0.0,0.04439531029300618,0.04439531029300618,0.0
0.016,pre_correction_window,0.04453804947287765,0.04453804947287765,0.0,0.041804472751938514,0.041804472751938514,0.0
0.02,pre_correction_window,0.04175966185303243,0.04175966185303243,0.0,0.03921090694039631,0.03921090694039631,0.0
0.024,pre_correction_window,0.03898090336479622,0.03898090336479622,0.0,0.03661449179557459,0.03661449179557459,0.0
0.028,pre_correction_window,0.03620177454188896,0.03620177454188896,0.0,0.03401510622695937,0.03401510622695937,0.0
0.032,pre_correction_window,0.0334222760115043,0.0334222760115043,0.0,0.031412630680899,0.031412630680899,0.0
0.036000000000000004,pre_correction_window,0.030642408590341702,0.030642408590341702,0.0,0.028806949503631343,0.028806949503631343,0.0
0.04,pre_correction_window,0.027862173441656323,0.027862173441656323,0.0,0.02619795464119579,0.02619795464119579,0.0
0.044,pre_correction_window,0.02508157234069993,0.02508157234069993,0.0,0.023585551692544914,0.023585551692544914,0.0
0.048,pre_correction_window,0.022300608143190615,0.022300608143190615,0.0,0.020969670349945416,0.020969670349945416,0.0
0.052000000000000005,pre_correction_window,0.019519285659337617,0.019519285659337617,0.0,0.018350283593246464,0.018350283593246464,0.0
0.056,pre_correction_window,0.016737613405283056,0.016737613405283056,0.0,0.015727445854002396,0.015727445854002396,0.0
0.06,pre_correction_window,0.013955607456529497,0.013955607456529497,0.0,0.013101376804011283,0.013101376804011283,0.0
0.064,pre_correction_window,0.011173301067949505,0.011173301067949505,0.0,0.010472671080163615,0.010472671080163615,0.0
0.068,pre_correction_window,0.008390773448492686,0.008390773448492686,0.0,0.007842929959500112,0.007842929959500112,0.0
0.07200000000000001,pre_correction_window,0.005608264222988511,0.005608264222988511,0.0,0.005217302995053736,0.005217302995053736,0.0
0.076,pre_correction_window,0.002826963919918082,0.002826963919918082,0.0,0.002622273177204578,0.002622273177204578,0.0
0.08,pre_correction_window,0.00016982504104890052,0.00016982504104890052,0.0,0.0007459383356201706,0.0007459383356201706,0.0
0.084,pre_correction_window,0.05305598614798543,0.05305598614798543,0.0,0.05118219419904281,0.05118219419904281,0.0
0.088,pre_correction_window,0.05027280940673136,0.05027280940673136,0.0,0.048558505067601176,0.048558505067601176,0.0
0.092,pre_correction_window,0.04748903642000667,0.04748903642000667,0.0,0.04592655425729973,0.04592655425729973,0.0
0.096,pre_correction_window,0.04470466457848725,0.04470466457848725,0.0,0.043286143508308984,0.043286143508308984,0.0
0.1,pre_correction_window,0.04191969147526276,0.04191969147526276,0.0,0.04063709642994772,0.04063709642994772,0.0
0.10400000000000001,pre_correction_window,0.03913411505598908,0.03913411505598908,0.0,0.0379792650311598,0.0379792650311598,0.0
0.108,pre_correction_window,0.036347933837348606,0.036347933837348606,0.0,0.03531253858537865,0.03531253858537865,0.0
0.112,pre_correction_window,0.03356114723286164,0.03356114723286164,0.0,0.03263685614447015,0.03263685614447015,0.0
0.116,pre_correction_window,0.030773756053355868,0.030773756053355868,0.0,0.029952224982145104,0.029952224982145104,0.0
0.12,pre_correction_window,0.027985763303038685,0.027985763303038685,0.0,0.027258749087470748,0.027258749087470748,0.0
0.124,pre_correction_window,0.025197175499238805,0.025197175499238805,0.0,0.02455667551858012,0.02455667551858012,0.0
0.128,pre_correction_window,0.02240800497112425,0.02240800497112425,0.0,0.02184647428163245,0.02184647428163245,0.0
0.132,pre_correction_window,0.01961827411098936,0.01961827411098936,0.0,0.019128985374126082,0.019128985374126082,0.0
0.136,pre_correction_window,0.01682802384387069,0.01682802384387069,0.0,0.016405711555080058,0.016405711555080058,0.0
0.14,pre_correction_window,0.014037332186285036,0.014037332186285036,0.0,0.01367946082366683,0.01367946082366683,0.0
0.14400000000000002,pre_correction_window,0.01124636042293435,0.01124636042293435,0.0,0.010955946727002836,0.010955946727002836,0.0
0.148,pre_correction_window,0.008455490715417074,0.008455490715417074,0.0,0.008248535955279683,0.008248535955279683,0.0
0.152,pre_correction_window,0.005665870262878697,0.005665870262878697,0.0,0.005596509568321115,0.005596509568321115,0.0
0.156,pre_correction_window,0.0028831123975002365,0.0028831123975002365,0.0,0.0031712880404600433,0.0031712880404600433,0.0
0.16,pre_correction_window,0.0003709992668377903,0.0003709992668377903,0.0,0.0021029637095765314,0.0021029637095765314,0.0
0.164,pre_correction_window,0.05334004202884183,0.05334004202884183,0.0,0.054100462166412906,0.054100462166412906,0.0
0.168,pre_correction_window,0.05054567589421382,0.05054567589421382,0.0,0.05133106642431638,0.05133106642431638,0.0
0.17200000000000001,pre_correction_window,0.04775038526884702,0.04775038526884702,0.0,0.04854820701236109,0.04854820701236109,0.0
0.176,pre_correction_window,0.04495416623007965,0.04495416623007965,0.0,0.04575220815432953,0.04575220815432953,0.0
0.18,pre_correction_window,0.04215701603714932,0.04215701603714932,0.0,0.04294348633805917,0.04294348633805917,0.0
0.184,pre_correction_window,0.03935893350556581,0.03935893350556581,0.0,0.04012256753199685,0.04012256753199685,0.0
0.188,pre_correction_window,0.03655991953509388,0.03655991953509388,0.0,0.037290111950102296,0.037290111950102296,0.0
0.192,pre_correction_window,0.033759977880380695,0.033759977880380695,0.0,0.03444695099869477,0.03444695099869477,0.0
0.196,pre_correction_window,0.030959116318058862,0.030959116318058862,0.0,0.03159414443666454,0.03159414443666454,0.0
0.2,pre_correction_window,0.028157348487093975,0.028157348487093975,0.0,0.02873307223023918,0.02873307223023918,0.0
0.20400000000000001,pre_correction_window,0.025354696924572394,0.025354696924572394,0.0,0.025865588453133415,0.025865588453133415,0.0
0.20800000000000002,pre_correction_window,0.022551198339470405,0.022551198339470405,0.0,0.022994291800833372,0.022994291800833372,0.0
0.212,pre_correction_window,0.019746913352946305,0.019746913352946305,0.0,0.020123028942704964,0.020123028942704964,0.0
0.216,pre_correction_window,0.016941945887947826,0.016941945887947826,0.0,0.017257898564023634,0.017257898564023634,0.0
0.22,pre_correction_window,0.014136485623015036,0.014136485623015036,0.0,0.014409435975784039,0.014409435975784039,0.0
0.224,pre_correction_window,0.011330913498547599,0.011330913498547599,0.0,0.011597923392376934,0.011597923392376934,0.0
0.228,pre_correction_window,0.008526115458522169,0.008526115458522169,0.0,0.008868275625401146,0.008868275625401146,0.0
0.232,pre_correction_window,0.005724717548310196,0.005724717548310196,0.0,0.006339705195046863,0.006339705195046863,0.0
0.23600000000000002,pre_correction_window,0.0029393701261461024,0.0029393701261461024,0.0,0.0043919886442412796,0.0043919886442412796,0.0
0.24,pre_correction_window,0.0005605573134981665,0.0005605573134981665,0.0,0.00400804851620304,0.00400804851620304,0.0
0.244,pre_correction_window,0.053717960311968134,0.053717960311968134,0.0,0.05600363219603912,0.05600363219603912,0.0
0.248,pre_correction_window,0.05090593755718343,0.05090593755718343,0.0,0.053072914398971355,0.053072914398971355,0.0
0.252,pre_correction_window,0.04809269065547408,0.04809269065547408,0.0,0.05013461263416763,0.05013461263416763,0.0
0.256,pre_correction_window,0.04527822804492649,0.04527822804492649,0.0,0.04718973402395169,0.04718973402395169,0.0
0.26,pre_correction_window,0.04246256058620741,0.04246256058620741,0.0,0.04423937417830883,0.04423937417830883,0.0
0.264,pre_correction_window,0.03964570211621151,0.03964570211621151,0.0,0.04128474325791958,0.04128474325791958,0.0
0.268,pre_correction_window,0.03682767025762018,0.03682767025762018,0.0,0.03832720595794485,0.03832720595794485,0.0
0.272,pre_correction_window,0.03400848763580749,0.03400848763580749,0.0,0.035368343464934136,0.035368343464934136,0.0
0.276,pre_correction_window,0.03118818376416724,0.03118818376416724,0.0,0.03241005119867625,0.03241005119867625,0.0
0.28,pre_correction_window,0.028366798066857834,0.028366798066857834,0.0,0.029454696987879937,0.029454696987879937,0.0
0.28400000000000003,pre_correction_window,0.02554438492289896,0.02554438492289896,0.0,0.026505385692314046,0.026505385692314046,0.0
0.28800000000000003,pre_correction_window,0.022721022495040346,0.022721022495040346,0.0,0.02356642072040127,0.02356642072040127,0.0
0.292,pre_correction_window,0.01989682911061341,0.01989682911061341,0.0,0.02064415124024988,0.02064415124024988,0.0
0.296,pre_correction_window,0.017071995950301275,0.017071995950301275,0.0,0.017748627812860213,0.017748627812860213,0.0
0.3,pre_correction_window,0.01424685869106288,0.01424685869106288,0.0,0.014897093676732294,0.014897093676732294,0.0
0.304,pre_correction_window,0.01142207553147971,0.01142207553147971,0.0,0.012122050744917436,0.012122050744917436,0.0
0.308,pre_correction_window,0.00859915591039648,0.00859915591039648,0.0,0.00949191612899878,0.00949191612899878,0.0
0.312,pre_correction_window,0.005782534725770741,0.005782534725770741,0.0,0.007168544358965858,0.007168544358965858,0.0
0.316,pre_correction_window,0.002993314054055191,0.002993314054055191,0.0,0.0055510515003745165,0.0055510515003745165,0.0
0.32,pre_correction_window,0.0007289121959678968,0.0007289121959678968,0.0,0.005325314510309429,0.005325314510309429,0.0
0.324,pre_correction_window,0.05412585018605273,0.05412585018605273,0.0,0.056167155533468203,0.056167155533468203,0.0
0.328,pre_correction_window,0.05129240439606432,0.05129240439606432,0.0,0.05320312013647627,0.05320312013647627,0.0
0.332,pre_correction_window,0.04845768647951348,0.04845768647951348,0.0,0.050239665073446606,0.050239665073446606,0.0
0.336,pre_correction_window,0.04562172097056139,0.04562172097056139,0.0,0.047277559802298676,0.047277559802298676,0.0
0.34,pre_correction_window,0.042784535444967416,0.042784535444967416,0.0,0.044317644251799924,0.044317644251799924,0.0
0.34400000000000003,pre_correction_window,0.03994616146119283,0.03994616146119283,0.0,0.04136086215687826,0.04136086215687826,0.0
0.34800000000000003,pre_correction_window,0.03710663595330586,0.03710663595330586,0.0,0.03840830966309566,0.03840830966309566,0.0
0.352,pre_correction_window,0.034266003337719474,0.034266003337719474,0.0,0.03546130780841096,0.03546130780841096,0.0
0.356,pre_correction_window,0.03142431878558864,0.03142431878558864,0.0,0.03252151355600676,0.03252151355600676,0.0
0.36,pre_correction_window,0.028581653472629063,0.028581653472629063,0.0,0.029591095325329796,0.029591095325329796,0.0
0.364,pre_correction_window,0.0257381033362901,0.0257381033362901,0.0,0.026673020867645506,0.026673020867645506,0.0
0.368,pre_correction_window,0.022893804391833823,0.022893804391833823,0.0,0.023771550071613114,0.023771550071613114,0.0
0.372,pre_correction_window,0.02004896112371174,0.02004896112371174,0.0,0.020893122102479657,0.020893122102479657,0.0
0.376,pre_correction_window,0.017203903087477768,0.017203903087477768,0.0,0.018048049991026004,0.018048049991026004,0.0
0.38,pre_correction_window,0.014359208824040733,0.014359208824040733,0.0,0.015253991947833176,0.015253991947833176,0.0
0.384,pre_correction_window,0.011516013292805114,0.011516013292805114,0.0,0.012543660884292969,0.012543660884292969,0.0
0.388,pre_correction_window,0.008676918433981287,0.008676918433981287,0.0,0.009983481425280702,0.009983481425280702,0.0
0.392,pre_correction_window,0.005849543745557896,0.005849543745557896,0.0,0.007721427695387285,0.007721427695387285,0.0
0.396,pre_correction_window,0.003069558449331843,0.003069558449331843,0.0,0.006094976148425958,0.006094976148425958,0.0
0.4,pre_correction_window,0.0009604838283955743,0.0009604838283955743,0.0,0.005675015829701689,0.005675015829701689,0.0
0.404,pre_correction_window,0.05452092732468442,0.05452092732468442,0.0,0.05577603873032034,0.05577603873032034,0.0
0.40800000000000003,pre_correction_window,0.051666316999922274,0.051666316999922274,0.0,0.052849968706614736,0.052849968706614736,0.0
0.41200000000000003,pre_correction_window,0.048810537420418874,0.048810537420418874,0.0,0.04992689718806948,0.04992689718806948,0.0
0.41600000000000004,pre_correction_window,0.04595362183765099,0.04595362183765099,0.0,0.04700728690535749,0.04700728690535749,0.0
0.42,pre_correction_window,0.043095608150561494,0.043095608150561494,0.0,0.044091679845112655,0.044091679845112655,0.0
0.424,pre_correction_window,0.04023654059444787,0.04023654059444787,0.0,0.04118072952836546,0.04118072952836546,0.0
0.428,pre_correction_window,0.03737647221219058,0.03737647221219058,0.0,0.0382752474733127,0.0382752474733127,0.0
0.432,pre_correction_window,0.034515468561817156,0.034515468561817156,0.0,0.03537627181602269,0.03537627181602269,0.0
0.436,pre_correction_window,0.03165361344320192,0.03165361344320192,0.0,0.032485171584049746,0.032485171584049746,0.0
0.44,pre_correction_window,0.02879101804987224,0.02879101804987224,0.0,0.029603810297359933,0.029603810297359933,0.0
0.444,pre_correction_window,0.025927836194409044,0.025927836194409044,0.0,0.026734812162876424,0.026734812162876424,0.0
0.448,pre_correction_window,0.023064290886040124,0.023064290886040124,0.0,0.023882013726542545,0.023882013726542545,0.0
0.452,pre_correction_window,0.020200723520494922,0.020200723520494922,0.0,0.021051268466209725,0.021051268466209725,0.0
0.456,pre_correction_window,0.01733769179500041,0.01733769179500041,0.0,0.018251964460908116,0.018251964460908116,0.0
0.46,pre_correction_window,0.014476183655282842,0.014476183655282842,0.0,0.015500085997907477,0.015500085997907477,0.0
0.464,pre_correction_window,0.011618146564986838,0.011618146564986838,0.0,0.012824888666742782,0.012824888666742782,0.0
0.468,pre_correction_window,0.00876804701062026,0.00876804701062026,0.0,0.010284720739834644,0.010284720739834644,0.0
0.47200000000000003,pre_correction_window,0.005938882841704375,0.005938882841704375,0.0,0.008006959035891235,0.008006959035891235,0.0
0.47600000000000003,pre_correction_window,0.0031897577413129373,0.0031897577413129373,0.0,0.006280992517921715,0.006280992517921715,0.0
0.48,pre_correction_window,0.0012685470587076237,0.0012685470587076237,0.0,0.005635526356884543,0.005635526356884543,0.0
0.484,pre_correction_window,0.05490892267585485,0.011633810525352567,78.81253181011996,0.05547618165417501,0.012929991624706969,76.69271525335074
0.488,pre_correction_window,0.05203436916096194,0.008782695246645806,83.12135731005479,0.05258883724043357,0.01039864047936196,80.22652519997753
0.492,pre_correction_window,0.04915874963671973,0.005956364146352601,87.88340999238227,0.0497043196055249,0.008124124765937072,83.65509309771534
0.496,pre_correction_window,0.04628210567533933,0.0032235510048339547,93.03499493422665,0.046822974775108786,0.0063846264526847855,86.36432972627176
0.5,post_correction,0.043404486408708746,0.005901845060724098,86.4026842636711,0.04394523045229121,0.040042774754666895,8.880271322870836
0.504,post_correction,0.040525951275766504,0.05465123404177791,-34.85490734046745,0.041071625816317334,0.04773440942174882,-16.2223517404184
0.508,post_correction,0.03764657403233462,0.051792300634812556,-37.575070152009516,0.038202854443999394,0.04593258297805701,-20.233379538140092
0.512,post_correction,0.0347664487562038,0.048936247809684565,-40.757107960163104,0.035339827665438334,0.04423596261152439,-25.17311354855956
0.516,post_correction,0.03188569911012449,0.04608384451028935,-44.528254974521175,0.03248377067734381,0.042657195413431014,-31.318484658502964
0.52,post_correction,0.029004493128657625,0.04323605860031654,-49.066761513572345,0.029636372934418086,0.04120991373102825,-39.05181252179912
0.524,post_correction,0.02612306779294149,0.04039412613678617,-54.63010109287681,0.026800031948475633,0.03990850347629802,-48.912148884837386
0.528,post_correction,0.023241771880460345,0.03755965133314467,-61.6040787523672,0.02397826500706199,0.03876772971210738,-61.67862729304916
0.532,post_correction,0.02036114516129516,0.0347347540705796,-70.59332270076574,0.02117643844058101,0.03780220347827475,-78.51067630821863
0.536,post_correction,0.017482075743673036,0.03192229307362448,-82.60013022296579,0.018403133864032556,0.0370256964884904,-101.19234453243935
0.54,post_correction,0.01460614291572668,0.02912621310983963,-99.41070875377335,0.01567288263755795,0.0364503442211795,-132.5694963977537
0.544,post_correction,0.011736461469160506,0.026352102233510692,-124.53191963144258,0.013012076647647483,0.03608581731755201,-177.32558218580846
0.548,post_correction,0.008880149525515772,0.02360811768227789,-165.85270455687169,0.010472872747919807,0.035938574008911935,-243.15870032938477
0.552,post_correction,0.006057679641114424,0.02090658391554265,-245.12528152935616,0.008168313001657542,0.03601131717709676,-340.86602912730234
0.556,post_correction,0.0033582817877250595,0.01826686397063779,-443.934819210391,0.006357401813203257,0.03630275740859776,-471.0313501531872
0.56,post_correction,0.0016195022003756964,0.015720722766929988,-870.7132699963639,0.005545145643071978,0.036807729127202614,-563.7829102503312
0.5640000000000001,post_correction,0.05530845131719996,0.013322617288901746,75.9121490990679,0.05538317407928266,0.037517636528450166,32.25806004772757
0.5680000000000001,post_correction,0.05241442792613598,0.011169134960797822,78.69072428580598,0.052519383070957736,0.03842114372243424,26.843878439081596
0.5720000000000001,post_correction,0.04951941305746916,0.009430348095185089,80.95626035744647,0.049657784525168454,0.03950498920370963,20.445526151721495
0.5760000000000001,post_correction,0.046623460422041685,0.008369921337945972,82.04783329641269,0.0467986874262449,0.040754804924196315,12.91464106033698
0.58,post_correction,0.043726635188985,0.008254664849916191,81.12211283982904,0.0439424811348875,0.04215584714473569,4.065846861645093
0.584,post_correction,0.04082901809897406,0.0546591835366941,-33.87337261991995,0.0410896635268466,0.05066623097939719,-23.30651222367295
0.588,post_correction,0.037930711464721927,0.05180763771916615,-36.58493531646692,0.038240881526087685,0.04889916740933363,-27.871444009403735
0.592,post_correction,0.03503184815246904,0.04896248762390875,-39.765642425741895,0.035396990890905214,0.047233544635013704,-33.43943495250534
0.596,post_correction,0.03213260542729534,0.046125150445470636,-43.54625101856571,0.03255914678241448,0.04568055330240852,-40.30021611954846
0.6,post_correction,0.029233227037222607,0.043297408606753726,-48.11026012155013,0.029728945190564574,0.04425214554939195,-48.852054002362564
0.604,post_correction,0.026334059877684873,0.04048153386937307,-53.72310254248556,0.026908651599354582,0.0429608419813786,-59.65438410302596
0.608,post_correction,0.023435617834240963,0.03768046435993241,-60.78289305809892,0.02410158591440011,0.041819436524050485,-73.51321474270452
0.612,post_correction,0.020538699559112607,0.03489806193426869,-69.91368822465259,0.021312801688252083,0.040840590011747384,-91.62468927892898
0.616,post_correction,0.017644621851718584,0.03213949407884985,-82.1489536525231,0.018550352984950384,0.04003631770866117,-115.82509907569965
0.62,post_correction,0.014755726187193391,0.029411813040868227,-99.32474124109844,0.01582781723378022,0.03941739662187253,-149.03874008442997
0.624,post_correction,0.011876618406721622,0.02672485392776183,-125.02073412274311,0.013169719667367904,0.03899274241453459,-196.07875793401507
0.628,post_correction,0.009017752548749166,0.024092658272769265,-167.16921031627894,0.010624237869666322,0.03876882674104064,-264.90925011883473
0.632,post_correction,0.006208702803802811,0.021535773320031558,-246.86429678742175,0.008295331196277443,0.03874921576485325,-367.1207797253723
0.636,post_correction,0.003571749651569541,0.019085003541701544,-434.3320614118345,0.00642262157647417,0.038934302673961134,-506.2057714341457
0.64,post_correction,0.0019916867939863653,0.01678746446601658,-742.8767272396498,0.00549378470365963,0.03932127969038064,-615.7411841091472
0.644,post_correction,0.055733784420122244,0.014715754986865304,73.59634709902761,0.0554888032154526,0.039904354415605026,28.085754056248227
0.648,post_correction,0.052819979013057045,0.012979203201813371,75.42747376214419,0.05263447438794352,0.04067517323849633,22.72142220192208
0.652,post_correction,0.04990524134760422,0.011728448124588026,76.49856446360803,0.04978175502105666,0.041623383494509156,16.38827623312332
0.656,post_correction,0.046989641553870504,0.011129344698753348,76.31532326971617,0.04693094374311641,0.04273725371929273,8.935874050985365
0.66,post_correction,0.044073265989004996,0.011286961986687978,74.39045704145514,0.044082418290377914,0.04400427777883262,0.17726003830046835
0.664,post_correction,0.04115622302135523,0.054701654435367064,-32.9122315402542,0.041236662769914556,0.052837921041404806,-28.13335874491351
0.668,post_correction,0.03823865146433968,0.05187149311107018,-35.65199379335882,0.03839430690154109,0.05110290687283522,-33.100219790096084
0.672,post_correction,0.0353207331920454,0.049052871128438404,-38.87840567105109,0.035556183832709615,0.04946768395927164,-39.12540274854878
0.676,post_correction,0.03240271257049812,0.04624813994172956,-42.72922318188066,0.0327234175878469,0.04794257896181594,-46.50847159564794
0.68,post_correction,0.029484927418636345,0.04346024394716911,-47.398171717049834,0.02989755936676506,0.046538536182381525,-55.659984186251094
0.684,post_correction,0.026567860339350408,0.04069291350674445,-53.165941807037534,0.027080807420635178,0.04526694154201833,-67.15506609129234
0.6880000000000001,post_correction,0.023652227938080226,0.03795093488247913,-60.45395377480657,0.02427637619052968,0.04413936541733208,-81.82023985338897
0.6920000000000001,post_correction,0.02073914500815662,0.03524053293657671,-69.92278574028366,0.021489145610447596,0.043167219177558905,-100.87917854012706
0.6960000000000001,post_correction,0.017830448753925036,0.03256992093442254,-82.66461704870378,0.018726867660554557,0.042361331032145635,-126.20617499942963
0.7000000000000001,post_correction,0.014929398929793163,0.029950099714005612,-100.61155747025478,0.016002558737941402,0.041731461634252766,-160.7799309950927
0.704,post_correction,0.012042377794040077,0.027396028953722486,-127.49684009482847,0.013339618630544283,0.04128579666249138,-209.4975786485947
0.708,post_correction,0.009183737113538468,0.02492834593612823,-171.4401079641032,0.010783762560717051,0.041030468279701034,-280.48378799776515
0.712,post_correction,0.006393250686949399,0.022575855998305503,-253.12014347239355,0.008433137154312804,0.040969164772090186,-385.81167390522137
0.716,post_correction,0.0038258030551564333,0.02037899579226185,-432.6723696556976,0.006514142738194521,0.04110288337698604,-530.9791637813917
0.72,post_correction,0.00237701786368824,0.018394166995251537,-673.8337719814476,0.005499305877360019,0.04142986395307155,-653.3653314981681
0.724,post_correction,0.0561941244816983,0.016697760038903862,70.28557666319348,0.055770574533266164,0.041945713891342114,24.788808000673843
0.728,post_correction,0.05325973845024797,0.015386127307970274,71.11114745269907,0.05291466900295007,0.042643704561633564,19.410429347566897
0.732,post_correction,0.05032447839828911,0.014564284607513286,71.05924378938336,0.0500599151780332,0.04351519486934229,13.073774267126204
0.736,post_correction,0.04738843491040337,0.014317516238127157,69.78689786823075,0.047206612468050954,0.044550124179363895,5.627364790229225
0.74,post_correction,0.04445172043271192,0.01467552583704746,66.98547166636148,0.044355139256522055,0.045737516617358545,-3.116611477289461
0.744,post_correction,0.041514477032189634,0.05482677121709896,-32.06663105640761,0.041505979912156536,0.05476083313228594,-31.934803727515995
0.748,post_correction,0.038576887702369105,0.052032540191506084,-34.880088287450505,0.03865976362506664,0.05305746366609095,-37.24207985505886
0.752,post_correction,0.03563919325959461,0.04925668965216246,-38.20932840252162,0.03581732154553277,0.05145317911709326,-43.65445794622975
0.756,post_correction,0.032701718338718024,0.04650276399791285,-42.20281489873495,0.03297977306901262,0.04995767117478953,-51.47972992491308
0.76,post_correction,0.029764912755878163,0.04377516793237154,-47.06970012444112,0.030148660059022565,0.048581135740805866,-61.13862322802312
0.764,post_correction,0.02682941996335669,0.041079428508117646,-53.113367952879535,0.027326162878930225,0.04733410680259365,-73.21900265437746
0.768,post_correction,0.02389619575664635,0.03842255085031789,-60.7894044792936,0.02451546209215558,0.046227223326516485,-88.56354064526568
0.772,post_correction,0.020966726052275893,0.035813503840870585,-70.81114023990935,0.02172137262022219,0.04527092679183808,-108.4165102425051
0.776,post_correction,0.01804345510258995,0.03326388486181501,-84.35429729331786,0.018951517558173647,0.044475095615448275,-134.67828092883516
0.78,post_correction,0.015130704447245147,0.03078882655078955,-103.48574422386054,0.01621864463364458,0.04384863405417504,-170.35942302610016
0.784,post_correction,0.01223688262111862,0.028408216981317475,-132.15240237975394,0.01354555443625574,0.04339904556241653,-220.39327564367224
0.788,post_correction,0.00938068208647168,0.02614828951999692,-178.74614317978637,0.010976511417061498,0.04313203114973112,-292.94844701467014
0.792,post_correction,0.006612672035508988,0.024043555983834747,-263.59819229994633,0.008605860824596821,0.04305115849516496,-400.25394754372957
0.796,post_correction,0.004117443752312552,0.022138817233858386,-437.6835377878368,0.00665014820818002,0.04315764446344392,-548.9726711708141
0.8,post_correction,0.002774184716409537,0.02049045210729119,-638.6116716052984,0.005566523761531763,0.04345028128243383,-680.5640134459326
0.804,post_correction,0.056695880946280384,0.019165288002961033,66.19633087433596,0.056210683456022814,0.04392551697329581,21.855572157094425
0.808,post_correction,0.053739852004139055,0.018234512714048103,66.06891899768596,0.05334459171376623,0.044577678294016675,16.434493428669633
0.812,post_correction,0.0507830157089438,0.017760837387982807,65.026028604176,0.050479306930364405,0.045399305096617236,10.063533242948385
0.8160000000000001,post_correction,0.04782548702810072,0.01778142057264724,62.8201996935244,0.04761513622730898,0.046381553107764,2.5907373522066655
0.8200000000000001,post_correction,0.04486740932741341,0.018295162921270397,59.22393738456326,0.0447524669735,0.04751461953707126,-6.172067710159667
0.8240000000000001,post_correction,0.04190896441564776,0.05508117739480722,-31.430537983518587,0.041891794086556515,0.0567473138593657,-35.46164612123037
0.8280000000000001,post_correction,0.03895038716609285,0.0523382618474995,-34.37160874503728,0.03903375923246046,0.05507537668906924,-41.0967782044128
0.8320000000000001,post_correction,0.03599198734327908,0.04962224177111259,-37.87024677974259,0.03617920840693499,0.053502133879379604,-47.88088583254928
0.836,post_correction,0.03303418313738357,0.04693805102078207,-42.08933463126564,0.033329278726681726,0.052036714546108115,-56.129134905191236
0.84,post_correction,0.030077554429507474,0.044291755553360776,-47.25850021206682,0.0304855331444027,0.05068865297117933,-66.27117108655857
0.844,post_correction,0.027122930751902825,0.04169086632254657,-53.71077227567573,0.027650176711927963,0.04946773123950352,-78.90566036839728
0.848,post_correction,0.024171543387983673,0.03914474640595393,-61.94558112252709,0.024826417548488,0.048383766368604,-94.88823256157113
0.852,post_correction,0.021225303365250255,0.036665137650002594,-72.74258473040344,0.022019097345654177,0.047446341565564966,-115.47814072827678
0.856,post_correction,0.018287345249160567,0.03426683255635718,-87.38002749704803,0.01923585304294945,0.04666448822687146,-142.59120779660708
0.86,post_correction,0.015363185448066736,0.03196850835553271,-108.0851556703401,0.016489396104496044,0.046046334048378455,-179.24815291339465
0.864,post_correction,0.0124634756901101,0.02979371016833902,-139.0481668928086,0.013802326072658756,0.045598741828299635,-230.36997958356378
0.868,post_correction,0.009611577288979788,0.02777189720360243,-188.94214100993048,0.011218171698993648,0.04532697113925526,-304.0495399381471
0.872,post_correction,0.006868989731681191,0.025939318260811473,-277.6293061143185,0.0088287657690373,0.04523439857526946,-412.3524596598498
0.876,post_correction,0.004445541965355883,0.0243392327981158,-447.49753770837145,0.006842582388325468,0.04532232975876302,-562.3570924931807
0.88,post_correction,0.003185048358908888,0.02302067307666901,-622.773109936556,0.005699696353162506,0.04558992711211923,-699.8658926246734
0.884,post_correction,0.057244368502998466,0.02203475720049994,61.507554757380625,0.056798554861657,0.04603426290380334,18.951700415744753
0.888,post_correction,0.054265496671867565,0.0214279812947162,60.51269663247192,0.05391532611176633,0.04665049038369906,13.47452802753578
0.892,post_correction,0.05128589867975914,0.02123340570149628,58.59796503892324,0.051032650277802884,0.04743211081304786,7.0553644483581
0.896,post_correction,0.04830571791806827,0.02146276594755978,55.568891484103496,0.0481508482145254,0.048371304159849984,-0.45784436515508803
0.9,post_correction,0.045325133676057665,0.02210337127493486,51.23374277744129,0.045270323796443454,0.04945928778366685,-9.253222941499024
0.904,post_correction,0.042344373793182115,0.055519225888789936,-31.113583495073694,0.042391592017876845,0.0590047724213593,-39.189800648384605
0.908,post_correction,0.0393637330549307,0.0528439044475564,-34.245154985210874,0.039515319273268186,0.057363532442540395,-45.16783236861353
0.912,post_correction,0.03638360061487332,0.05020552486842611,-37.98943485517071,0.03664238241384349,0.05582050831860635,-52.338643508936705
0.916,post_correction,0.03340450205347255,0.0476105053197938,-42.527211582381526,0.03377395756623646,0.05438426698601015,-61.02426515860149
0.92,post_correction,0.030427166042383137,0.0450666267620449,-48.11312594564314,0.03091165763741371,0.05306369177605123,-71.66239481064245
0.924,post_correction,0.02745263414003599,0.04258336060467621,-55.11575460284915,0.028057752377635397,0.05186783546282983,-84.86097804531647
0.928,post_correction,0.024482450004804274,0.040172270204325705,-64.0859889285695,0.02521553433052728,0.050805727975167005,-101.48582738402993
0.932,post_correction,0.021519003671581955,0.037847491107174155,-75.87938403094209,0.022389955141058522,0.049886139756986955,-122.80589417308009
0.936,post_correction,0.01856620088867742,0.035626281924077303,-91.88784037020712,0.019588791288292665,0.04911730729458139,-150.74189913870075
0.9400000000000001,post_correction,0.01563087638283188,0.033529610298931915,-114.50883160818194,0.016824914811007244,0.048506633968133914,-188.30240457681109
0.9440000000000001,post_correction,0.012726108916452568,0.03158268767857382,-148.1723823512393,0.014121043591071135,0.04806038612893127,-240.34585205388288
0.9480000000000001,post_correction,0.009880141354698375,0.029815283864513546,-201.7698107156662,0.011520500511271566,0.047783409671787895,-314.7685217759158
0.9520000000000001,post_correction,0.007165116259633184,0.028261538912776815,-294.4323844680178,0.009113445687488847,0.047678894707620115,-423.1708877474831
0.9560000000000001,post_correction,0.00481075227931495,0.02695887847902684,-460.3879999172557,0.007101113502791551,0.047748213936164935,-572.4046012980136
0.96,post_correction,0.0036131377975387583,0.02594562213067084,-618.0911325426005,0.00590405443090861,0.047990853590662984,-712.8457173332222
0.964,post_correction,0.05784474239883455,0.025257107287519932,56.336382115120614,0.05753024635319071,0.04840444526944596,15.862614298084992
0.968,post_correction,0.05484175654455128,0.024920750323117708,54.55880355897595,0.054623998204582434,0.04898489464812618,10.323491032890354
0.972,post_correction,0.05183814479858436,0.024951278777467535,51.86695265732402,0.0517181214544952,0.04972659161483636,3.85073893569608
0.976,post_correction,0.048834083307060495,0.025347837611617408,48.09396246421895,0.048812956791997174,0.05062267813821625,-3.7074610209143817
0.98,post_correction,0.045829792654558124,0.026094197880372972,43.0628061596135,0.04590893225111566,0.051665346500660604,-12.53876744085036
0.984,post_correction,0.042825553463861604,0.05620697034772825,-31.246337295228585,0.04300659260437842,0.06168643150802656,-43.43482655202585
0.988,post_correction,0.03982172904465067,0.05361616443477452,-34.640473231728954,0.040106641414352794,0.06007399984754909,-49.78566573777145
0.992,post_correction,0.036818799097413056,0.051073575153692874,-38.716026610659824,0.03721000254721341,0.058558931883669306,-57.3741678984504
0.996,post_correction,0.03381741130055318,0.04858705900694952,-43.674684543801085,0.03431791244195985,0.05714920456783991,-66.52879065558976
1.0,post_correction,0.030818462870775522,0.046165976821946876,-49.79973860320291,0.03143206251312351,0.055853033615861705,-77.69445957465231
1.004,post_correction,0.027823234469025092,0.04382148915527712,-57.49962213797424,0.028554826207267226,0.05467873965787616,-91.48685851206608
1.008,post_correction,0.024833620035491805,0.0415668873329192,-67.38150649608268,0.025689634889231542,0.05363457821485764,-108.77905990536254
1.012,post_correction,0.021852542773135072,0.039417942843177095,-80.3814926821077,0.022841627817271164,0.052728535219225374,-130.8440345891457
1.016,post_correction,0.018884758111972252,0.03739323742667896,-98.00750004297382,0.020018834649085614,0.05196809402886875,-159.59600016598594
1.02,post_correction,0.01593853194941284,0.03551440452018829,-122.82105173115774,0.017234458263179018,0.05135998476818749,-198.0075380606351
1.024,post_correction,0.013029517497134933,0.03380616908422324,-159.45833444451722,0.014511593964477954,0.050909931641714534,-250.8224648948548
1.028,post_correction,0.0101909307212524,0.03229602361258372,-216.9094609311086,0.011893747125452553,0.050622417595944276,-325.62211103019484
1.032,post_correction,0.007504883099467216,0.031013343901697372,-313.2421983215043,0.009469914596082022,0.05050048726332226,-433.2728901717422
1.036,post_correction,0.0052152669337504586,0.0299877697100251,-474.99970933338153,0.007434297599095202,0.05054560766423148,-579.8975557607914
1.04,post_correction,0.004063028615938565,0.029246805985016562,-619.8277135013609,0.006185308380981706,0.05075760141492867,-720.615534239097
1.044,post_correction,0.058502441383509345,0.028812867632955222,50.74929019786688,0.05840721653524133,0.051134659744060715,12.451469565909806
1.048,post_correction,0.05547403506296048,0.028700332151935327,48.263485575978436,0.05547271616125096,0.05167343376520292,6.848920801000787
1.052,post_correction,0.05244512629652093,0.02891339408741414,44.869245001070425,0.05253846540156982,0.05236919391075161,0.3221858299902938
1.056,post_correction,0.04941592873629514,0.029445416865373317,40.413106424637185,0.04960483121628835,0.05321604083127872,-7.279955452816022
1.06,post_correction,0.04638671014607872,0.03028000834410315,34.722664640913635,0.04667227381803427,0.05420714746639271,-16.14421803774846
1.064,post_correction,0.04335781130735034,0.05722304416501456,-31.978627240609068,0.04374137783934683,0.06491782374205159,-48.41284602529332
1.068,post_correction,0.04032967342092024,0.054733682406612354,-35.71565986998623,0.04081289681714338,0.06333056122172463,-55.1729138597257
1.072,post_correction,0.03730287880057817,0.0523045409791213,-40.215829611280874,0.037887818088807486,0.061839238981336475,-63.21668045488353
1.076,post_correction,0.03427821300592161,0.049944701574729806,-45.70392443183017,0.03496745982771428,0.060451214136946894,-72.87848312342915
1.08,post_correction,0.03125676278181534,0.04766476510824146,-52.49424721606813,0.03205362024470333,0.05917401843499842,-84.60946995457267
1.084,post_correction,0.028240076257685133,0.04547707020750927,-61.03734916485338,0.02914881442815038,0.05801524003543866,-99.03121678736484
1.088,post_correction,0.025230436614159964,0.043395902491256584,-71.99822244416372,0.026256664315324838,0.05698237715569106,-117.02062558812165
1.092,post_correction,0.022231354350285944,0.04143766253507407,-86.39288404190764,0.023382568542831828,0.05608266550230689,-139.8481817751353
1.096,post_correction,0.019248509621355936,0.039620942049243935,-105.8390121034882,0.020534910912415622,0.055322884519326446,-169.40893367050182
1.1,post_correction,0.01629169886992682,0.0379664360973599,-133.04160235519038,0.01772736813428127,0.05470915095411398,-208.6140623904411
1.104,post_correction,0.01337925424796577,0.036496599480505446,-172.78500583135656,0.014983612260846425,0.05424671158934769,-262.0402787056857
1.108,post_correction,0.010549325898391346,0.035234948959324996,-234.0019002038598,0.012347586635262134,0.05393974955775376,-336.8444713213275
1.112,post_correction,0.007892969367721677,0.03420493729318925,-333.35955962366256,0.009907351017080516,0.05379121975094825,-442.9425045929115
1.116,post_correction,0.005662540259695387,0.03342839854847059,-490.3427969670427,0.007849846360193103,0.0538027279158989,-585.3984835771406
1.12,post_correction,0.004540061238517606,0.032923691744347505,-625.1816663842525,0.006549026859608194,0.053974464917074014,-724.1600786517942
1.124,post_correction,0.059223332023760324,0.03270382362592366,44.778818569676346,0.059434988168425004,0.05430520262943549,8.630918751851842
1.1280000000000001,post_correction,0.05616818561696462,0.03277494263262413,41.64856444512777,0.056467362056491846,0.054792351790531185,2.96633348001085
1.1320000000000001,post_correction,0.05311268762049149,0.033135583488362756,37.612677925229555,0.05349991506061491,0.055432075951201205,-3.6115214171782775
1.1360000000000001,post_correction,0.05005709445489272,0.033776871612379085,32.52330767456751,0.050533047164788854,0.05621945050911479,-11.252840791061953
1.1400000000000001,post_correction,0.04700172755528009,0.03468362831135858,26.207758490225366,0.04756725908532994,0.05714865249557715,-20.14283268468201
1.1440000000000001,post_correction,0.043946995959823015,0.05865726268953776,-33.47274690439157,0.044603185664827745,0.06881194696420327,-54.27585706835637
1.1480000000000001,post_correction,0.040893428981810157,0.05628522864167512,-37.63880907788732,0.04164164340222188,0.0672440287417911,-61.48264873283831
1.1520000000000001,post_correction,0.037841724613118743,0.053985451765355165,-42.6611823781409,0.038683699569937294,0.0657699401628224,-70.01977808227768
1.156,post_correction,0.03479282321501504,0.051767862354140846,-48.78890981114786,0.03573077517539459,0.06439640162968589,-80.22671300462414
1.16,post_correction,0.03174802326799147,0.04964378611041987,-56.36811681586175,0.03278480257842962,0.06313025923325831,-92.5595223037705
1.164,post_correction,0.028709169879878375,0.04762605843605256,-65.89145083373734,0.02984847437797091,0.061978383760940295,-107.64338899237758
1.168,post_correction,0.025678975042112067,0.045729092438039146,-78.07989751555903,0.02692565061320411,0.0609475483024577,-126.35496975723788
1.172,post_correction,0.022661589597885497,0.04396886610217237,-94.02375068285151,0.02402205272530183,0.06004428621667225,-149.9548514995519
1.176,post_correction,0.01966368772123522,0.04236278409378866,-115.43661949045406,0.021146503168961703,0.059274733402726855,-180.30513096713216
1.18,post_correction,0.016696677510926544,0.04092936302650956,-145.1347760638295,0.018313262545895825,0.05864446120771415,-220.22945698912034
1.184,post_correction,0.013781622583051841,0.03968769148657192,-187.97546332010612,0.015546711900869214,0.058158308586156456,-274.08751739269604
1.188,post_correction,0.010961427693009673,0.038656634939116086,-252.66058420262365,0.012891351396883865,0.05782022389739863,-348.51949277695667
1.192,post_correction,0.008334761099486141,0.03785379704872534,-354.1677511435705,0.010434274307616509,0.05763312755817125,-452.344378334983
1.196,post_correction,0.00615701770557574,0.03729431255385477,-505.72040454068167,0.008354649742857309,0.0575988063160165,-589.422155192799
1.2,post_correction,0.005050179605430835,0.03698961964883596,-632.4416662143711,0.007000271139998888,0.05771784802869001,-724.508749366802
1.204,post_correction,0.060013650003056536,0.03694641472372819,38.43664779288297,0.06062176256421234,0.05798962265541508,4.341905938497283
1.208,post_correction,0.056930448963159866,0.03716599715729427,34.71683811707744,0.05761630440233957,0.05841231110433528,-1.381565010551742
1.212,post_correction,0.053847079262295656,0.037644148783859153,30.09063945606049,0.054611001045723216,0.05898297926169492,-8.005673091967777
1.216,post_correction,0.05076384591319901,0.03837157528652076,24.41160712659118,0.05160629243079658,0.059697690639437286,-15.679092272499865
1.22,post_correction,0.047681131167619906,0.039334808712720264,17.50445564212537,0.04860272821215155,0.06055164820096139,-24.584875023172874
1.224,post_correction,0.044599421174849906,0.0606074382165752,-35.892880714677055,0.045601003787512945,0.07348011434644212,-61.13705454563568
1.228,post_correction,0.04151934444802094,0.05836618478064481,-40.575882294372036,0.04260201140675604,0.0719233535741044,-68.82619200157868
1.232,post_correction,0.03844172869025824,0.056208429246917394,-46.21722581680236,0.03960691421644419,0.0704575847010567,-77.89213346947334
1.236,post_correction,0.03536768701581089,0.05414445664012593,-53.090182617599545,0.036617256083040416,0.06908889347574051,-88.67851080665656
1.24,post_correction,0.032298752827038646,0.052185706828425514,-61.571894456366316,0.0336351288561251,0.06782345754019764,-101.64470851386882
1.244,post_correction,0.029237098363672342,0.05034478382638837,-72.19487105102992,0.03066343487888795,0.06666746299872499,-117.41681341977163
1.248,post_correction,0.0261859036388047,0.04863539968299293,-85.73122529527866,0.027706313317348765,0.06562700497986408,-136.8666095274778
1.252,post_correction,0.023150009958120287,0.047072226327886484,-103.33566341026581,0.024769860141092757,0.06470797359002287,-161.2367337620671
1.256,post_correction,0.020137145573397207,0.04567062751269928,-126.79792101733555,0.021863399605306987,0.0639159281301927,-192.34213015380342
1.26,post_correction,0.017160386711506385,0.04444624730272622,-159.00492832672657,0.019001846562670666,0.06325596404530796,-232.8937734376563
1.264,post_correction,0.014243518720563338,0.043414444406005726,-204.80139955394858,0.016210348671405573,0.06273257861073353,-286.99092710690036
1.268,post_correction,0.011433873728611767,0.042589584884004744,-272.4860523641249,0.013533944529579452,0.06234954259171832,-360.69010003291135
1.272,post_correction,0.008836153494698414,0.04198423833546554,-375.14156879071396,0.01105851339597166,0.062109785783383616,-461.64679247039356
1.276,post_correction,0.00670387085096151,0.04160835839033746,-520.6616940475477,0.008954801208447702,0.062015304233774646,-592.5369172379974
1.28,post_correction,0.005599800349311133,0.04146855606905206,-640.5363313381945,0.007543529308646687,0.06206709595306588,-722.7859058215914
1.284,post_correction,0.060879772081121594,0.04156758109537383,31.72185165216205,0.0619769150051749,0.06226513004835173,-0.465036123777312
1.288,post_correction,0.05776722755433315,0.04190410292600436,27.460422284259145,0.058928977583794444,0.06260835169037428,-6.243743328734873
1.292,post_correction,0.05465473458746665,0.04247283227430137,22.288832623768368,0.05588121466558283,0.06309472244941017,-12.908645288038322
1.296,post_correction,0.05154265317548137,0.04326495975433602,16.05989003508072,0.05283411305865091,0.06372129273812142,-20.606345122865413
1.3,post_correction,0.04843143417245501,0.0442688318105034,8.594836046212018,0.04978827965147533,0.06448430075951739,-29.517029330830844
1.304,post_correction,0.04532165040762861,0.06317507365398224,-39.39270323515959,0.04674448040226644,0.07904226450083296,-69.09432690367554
1.308,post_correction,0.042214041457746244,0.06107413941798332,-44.67730951350611,0.043703695448475265,0.07748622897099021,-77.29903198310328
1.312,post_correction,0.03910957957116081,0.05906631456878655,-51.027741071248236,0.040667198606325464,0.07601764368233227,-86.92618692084761
1.316,post_correction,0.036009569300815114,0.057161711739815366,-58.74033722064387,0.03763667470016152,0.07464197956487209,-98.32246116193618
1.32,post_correction,0.0329158026237092,0.05537129196153043,-68.2209988756178,0.034614397216810804,0.07336477891467637,-111.94874044793731
1.324,post_correction,0.02983080882993466,0.05370679236801934,-80.03800257043508,0.031603505193216384,0.07219158869383434,-128.42905637356355
1.328,post_correction,0.026758273297094487,0.05218058842660495,-95.00730800993395,0.02860844913901966,0.07112788198929398,-148.62543804334075
1.332,post_correction,0.023703772385841156,0.05080547592062187,-114.33498049858609,0.025635736399686047,0.07017896860901411,-173.75444775549173
1.336,post_correction,0.020676134816146514,0.04959436174826559,-139.86282827647315,0.02269523065531314,0.06934989675415033,-205.57035443882984
1.34,post_correction,0.017690129560387593,0.048559860753470976,-174.50257267876688,0.01980252702448381,0.06864534874865835,-246.64943854784474
1.344,post_correction,0.01477218224296463,0.04771380877262455,-222.99769924209156,0.016983520632851124,0.06806953482733437,-300.7975513373115
1.348,post_correction,0.011973578156248695,0.04706671898422882,-293.08816771422613,0.014283644531619427,0.0676260898442795,-373.4512238426049
1.352,post_correction,0.009403302355182587,0.046627226638586636,-395.86012315012135,0.011787155988297387,0.06731797831739879,-471.11298420275364
1.356,post_correction,0.007308731069857697,0.04640158155238995,-534.8787649850333,0.009655726835910055,0.06714741333547346,-595.4154200567211
1.36,post_correction,0.006195674101629842,0.04639325284324837,-648.8007290610088,0.008182912719122536,0.06711579443168005,-720.1944311936514
1.364,post_correction,0.06182781620450463,0.04660270215302844,24.625023146728775,0.06350929629186639,0.06722366855279885,-5.848548917724604
1.368,post_correction,0.05868469283181199,0.04702735976346018,19.864350490444355,0.06041426770746449,0.06747071679693922,-11.680103653069475
1.372,post_correction,0.05554188436044767,0.047661807095986226,14.187630389567738,0.057319478376321155,0.06785576781006004,-18.381691062442506
1.3760000000000001,post_correction,0.05239981268046051,0.048498137253586926,7.44597208899659,0.05422546872819461,0.06837683683976985,-26.097272081702112
1.3800000000000001,post_correction,0.04925900559902315,0.04952644102137322,-0.5429168110437281,0.05113291082630834,0.06903118768164593,-35.00343822814164
1.3840000000000001,post_correction,0.046120132785178715,0.06646098461660392,-44.10406172542937,0.04804265056477778,0.0856388476665761,-78.25587610139434
1.3880000000000001,post_correction,0.04298405732265732,0.0645047631629109,-50.066715849343076,0.04495576706294949,0.08407124916221026,-87.00881923444697
1.3920000000000001,post_correction,0.039851911329545846,0.06264895841976802,-57.20440081708364,0.04187365793425591,0.08258692208750093,-97.22882155928967
1.3960000000000001,post_correction,0.03672520972954052,0.060903046430997476,-65.83444146272394,0.03879816442889767,0.08119075460114074,-109.2644221608283
1.4000000000000001,post_correction,0.03360602642341942,0.05927704055102925,-76.38812695130233,0.035731759681758415,0.07988769582765752,-123.57615896661635
1.4040000000000001,post_correction,0.030497276212023475,0.057781373026420106,-89.46404467307786,0.032677839840736585,0.0786827042260281,-140.78306463801596
1.408,post_correction,0.02740318335895771,0.056426723623391524,-105.91302435286751,0.02964118856682814,0.07758068726369154,-161.7327138848715
1.412,post_correction,0.024330095231160715,0.055223790505886224,-126.97728874960785,0.02662874465410304,0.0765864329961554,-187.60812419429894
1.416,post_correction,0.021287968892773318,0.05418300350998067,-154.5240637230277,0.023650921536777513,0.07570453475658627,-220.09126848974853
1.42,post_correction,0.018293252008586783,0.05331418711819206,-191.44182288182864,0.02072397619289864,0.07493931082275641,-261.6068177516794
1.424,post_correction,0.015374851309774696,0.052626189279693494,-242.28746814764926,0.017874461796683283,0.0742947215953921,-315.6473209681645
1.428,post_correction,0.012587396717520617,0.052126501432301374,-314.11661681994644,0.01514796265542275,0.0737742874198124,-387.0244870415117
1.432,post_correction,0.01004232929113779,0.051820902607587156,-416.02472997293916,0.012626618747713165,0.0733810106289136,-481.16121263425174
1.436,post_correction,0.007977413577660429,0.051713163972686334,-548.2447408455972,0.010462493196465993,0.07311730559852744,-598.8516429642688
1.44,post_correction,0.006844722468502914,0.05180484766290539,-656.8582641778931,0.008922600434583108,0.07298494052070872,-717.9783579440181
1.444,post_correction,0.0628630459230495,0.05209522469008702,17.129016061587837,0.06522534813234135,0.07298499418280144,-11.896672494128929
1.448,post_correction,0.05968820153461961,0.052581322340327905,11.906673365203776,0.0620787252741119,0.07311783029965381,-17.782428644915235
1.452,post_correction,0.056513984994654085,0.053258094774644826,5.761211530769327,0.058932456907653516,0.07338309094016741,-24.520671274842446
1.456,post_correction,0.0533408874347509,0.05411869528317555,-1.4581831796032636,0.055787143618658115,0.07377970941701317,-32.2521725101147
1.46,post_correction,0.05016952239762384,0.05515481808692177,-9.936900833510922,0.05264353015788584,0.07430594179707194,-41.14923823348716
1.464,post_correction,0.047000666945417165,0.07056216985521648,-50.13014589167802,0.04950255099310405,0.09344554826503523,-88.76915712495838
1.468,post_correction,0.04383532039994654,0.06874927974332634,-56.83535358261049,0.04636539412666951,0.09185285720547974,-98.10649501768324
1.472,post_correction,0.040674790132049506,0.06704142492403312,-64.82303831534252,0.04323359222596994,0.09033871164873461,-108.95490519630971
1.476,post_correction,0.037520819972089704,0.06544711686871996,-74.42880224207134,0.040109155544045455,0.08890745426758073,-121.66374001553818
1.48,post_correction,0.03437578782892733,0.06397513847296063,-86.10522845712168,0.03699477042800462,0.0875634848258741,-136.69152102533266
1.484,post_correction,0.031243019571906214,0.06263441301799226,-100.47490247809867,0.03389410370581621,0.08631122150381891,-154.64966488849194
1.488,post_correction,0.028127305883203613,0.061433836708047314,-118.41351234685045,0.03081228340597087,0.08515505589126054,-176.36723565498235
1.492,post_correction,0.025035789253887292,0.060382075738451044,-141.18303252243408,0.027756683398965826,0.0840993019585446,-202.9875750994012
1.496,post_correction,0.021979560053581832,0.059487332753983824,-170.64842339412363,0.02473825172591348,0.08314813968007399,-236.11162422191606
1.5,post_correction,0.018976687133228372,0.05875709219303815,-209.6277647437939,0.02177385014385358,0.08230555439403822,-278.0018409710228
1.504,post_correction,0.016058321693182553,0.058197858781403676,-262.4155742633501,0.018890545691488545,0.08157527340644605,-331.83121725912434
1.508,post_correction,0.01328172241495928,0.05781490745485487,-335.29676083079113,0.016133769033856958,0.08096070175236028,-401.8089795537733
1.512,post_correction,0.010758986092787531,0.05761206522990673,-435.47857328794163,0.013583034548206826,0.08046485936857747,-492.39236330441423
1.516,post_correction,0.008715626592001357,0.05759154511556602,-560.78490751795,0.011380448719832004,0.08009032216361638,-603.7536404346511
1.52,post_correction,0.007553846334196508,0.057753848623285926,-664.5621325632794,0.00976763964110605,0.07983916955015079,-717.384470390946
1.524,post_correction,0.06398904524662687,0.058097747040318004,9.206729345003653,0.06712725155151333,0.07971294090049628,-18.749001423549593
1.528,post_correction,0.06078148806139622,0.058620343374895856,3.5555968690950195,0.0639248351505598,0.0797126030841481,-24.69739326883511
1.532,post_correction,0.05757492855614595,0.05931720827272593,-3.0261083431148994,0.060722950988948275,0.07983853075759206,-31.479991432107557
1.536,post_correction,0.05436993476461529,0.06018257585592445,-10.690910549137001,0.05752226631344206,0.0800905004350922,-39.233909871830434
1.54,post_correction,0.051167215008797846,0.06120958060020911,-19.626562809182694,0.05432360586193906,0.08046769863080307,-48.12657840738336
1.544,post_correction,0.04796766444838774,0.07557115737895799,-57.54604325226439,0.05112800082972194,0.10269136741709557,-100.85152118327814
1.548,post_correction,0.04477243131743354,0.07389461059663897,-65.04489129198979,0.047936757119592735,0.10105960558522765,-110.81861114030704
1.552,post_correction,0.04158301318961713,0.07232498238714831,-73.92915240978051,0.04475155223212887,0.09950121484329276,-122.34137114881345
1.556,post_correction,0.03840140023923302,0.07086965493769011,-84.54966354400199,0.04157457563496148,0.0980200289816436,-135.76916296703027
1.56,post_correction,0.0352302941978218,0.0695360867564346,-97.37583332680157,0.03840873675134169,0.09661993815323446,-151.5571880917415
1.564,post_correction,0.032073453228941264,0.06833169190991283,-113.04750511944934,0.03525798094326351,0.09530486090585785,-170.30719955070788
1.568,post_correction,0.028936253985751833,0.06726369733086297,-132.45475162052253,0.03212778307423712,0.09407871166554316,-192.82665239664087
1.572,post_correction,0.02582664375559544,0.06633898125792262,-156.86257140380474,0.029025942477576897,0.09294536378651161,-220.2148004610486
1.576,post_correction,0.02275682541108013,0.06556389829622453,-188.1065223812015,0.025963907076648262,0.09190860849394539,-253.98604771855494
1.58,post_correction,0.019746387034167444,0.06494409907262882,-228.89104705714092,0.02295905898318027,0.09097211028668722,-296.2362323008669
1.584,post_correction,0.01682841879321391,0.06448435462085526,-283.18724660488425,0.02003880219691392,0.09013935962653048,-349.8240899868377
1.588,post_correction,0.01406202573808363,0.06418839702892394,-356.4662177731978,0.017248087843244823,0.08941362400253412,-418.3973134596064
1.592,post_correction,0.011558290031859913,0.06405878810399629,-454.2237470025504,0.014663342237749679,0.08879789870176868,-505.5774820092866
1.596,post_correction,0.009528669894300932,0.06409682659394131,-572.6733878385002,0.012416566989485327,0.08829485881793811,-611.1052426383918
1.6,post_correction,0.008329714663551837,0.06430250183560533,-671.9652405018444,0.010725454733333433,0.08790681416157822,-719.6092039657241
1.604,post_correction,0.06520663637043739,0.06467449785986736,0.8160802951818671,0.06921176387632867,0.08763566877762072,-26.619614743835854
1.608,post_correction,0.061965607151198504,0.06521024752074538,-5.236195558658569,0.06595000779342824,0.08748288671160274,-32.650305342829995
1.612,post_correction,0.0587260107512102,0.06590603182559236,-12.226304805207969,0.06268904611930955,0.0874494654875252,-39.497202304038446
1.616,post_correction,0.05548849996729113,0.06675711600315723,-20.30802065744906,0.05942961981070639,0.08753591847269782,-47.29341825089046
1.62,post_correction,0.05225388704535696,0.0677579114555081,-29.670566701944043,0.056172641365253836,0.08774226692463129,-56.20107011543375
1.624,post_correction,0.04902319587383614,0.08157856755810751,-66.40809744035127,0.052919247209238,0.11367920261162362,-114.81636381210443
1.6280000000000001,post_correction,0.04579773590376284,0.08002670322407981,-74.73943120735068,0.04967087030858133,0.11199487935101342,-125.47396221415663
1.6320000000000001,post_correction,0.042579208995903325,0.0785811488717691,-84.55286212416401,0.04642934259299942,0.11037840654460657,-137.73415771182886
1.6360000000000001,post_correction,0.03936986741169793,0.07724813747133474,-96.21132238911753,0.043197042255666215,0.10883314168384946,-151.94581851162198
1.6400000000000001,post_correction,0.03617275344382883,0.07603385572584666,-110.19648350495763,0.03997711015736769,0.10736249832729082,-168.55992818056197
1.6440000000000001,post_correction,0.032992073387555575,0.07494434449723289,-127.15863782450691,0.03677377532700906,0.10596992665265781,-188.16711286868218
1.6480000000000001,post_correction,0.029833800162053087,0.07398538746903743,-147.9918316378035,0.03359285741238047,0.10465889081460829,-211.5510226767337
1.6520000000000001,post_correction,0.026706679853309906,0.07316239115738772,-173.94790950893997,0.030442564578828532,0.1034328431132962,-239.76389487641657
1.6560000000000001,post_correction,0.023623981141611298,0.07248026067866233,-206.8079856828007,0.027334799868979135,0.1022951950932791,-274.2306348815404
1.6600000000000001,post_correction,0.020606669170123746,0.07194327684884241,-249.12617975712564,0.024287369065098176,0.1012492858262623,-316.880418603105
1.6640000000000001,post_correction,0.01768941637916845,0.0715549810362757,-304.50730257297147,0.021327827322551986,0.10029834778064467,-370.26987917606345
1.668,post_correction,0.014932375922082715,0.07131807453095104,-377.6070124613086,0.01850033341513414,0.09944547083926102,-437.5333979543847
1.672,post_correction,0.01244416321601237,0.07123433888774246,-472.4317308542094,0.015877838886146658,0.09869356518509056,-521.5805935101171
1.676,post_correction,0.010421152150605496,0.07130458269122202,-584.2293602543652,0.01358224754714915,0.09804532392184157,-621.8637679919243
1.68,post_correction,0.009178569463506451,0.07152861853080694,-679.3002909135381,0.011808815461105108,0.09750318641956732,-725.6813457769341
1.684,post_correction,0.06651255239286302,0.07190527183916588,-8.107822136264183,0.07147117487834952,0.09706930346180152,-35.816017614125364
1.688,post_correction,0.06323764182889767,0.07243242089796777,-14.54004103117641,0.06814772216456988,0.09674550530811346,-41.96440062146585
1.692,post_correction,0.0599646748406361,0.07310706505966688,-21.916887324009327,0.06482544649125652,0.09653327376510776,-48.91262457888031
1.696,post_correction,0.0566943970058294,0.07392541635942912,-30.392808220233828,0.061505171249230224,0.09643371927450096,-56.78961185838157
1.7,post_correction,0.053427733671770235,0.07488300840969954,-40.157560995827325,0.05818790629776346,0.096447563879121,-65.75190622183997
1.704,post_correction,0.05016584791308246,0.08867894439145108,-76.77154494646746,0.05487490378692015,0.12680523440497293,-131.08055896983262
1.708,post_correction,0.046910222191513085,0.0872368987321983,-85.96564811833495,0.05156773505436612,0.12505639105442937,-142.50898536184812
1.712,post_correction,0.04366277568246563,0.08589848681788102,-96.73162201727976,0.04826839833813985,0.12336964223651459,-155.59091762742955
1.716,post_correction,0.04042603654201925,0.08466887239308467,-109.44143832917914,0.04497947244322359,0.12174789753062745,-170.67435636179735
1.72,post_correction,0.03720340101360209,0.08355310966194887,-124.58460083098498,0.04170434041352197,0.12019412090472409,-188.20530360373004
1.724,post_correction,0.03399953374945334,0.08255606698606241,-142.8152915108425,0.038447522340190166,0.11871131777367998,-208.7619449786704
1.728,post_correction,0.030821005034128397,0.08168234491524387,-165.02167864025273,0.03521518257957273,0.11730251988834466,-233.1021204370763
1.732,post_correction,0.027677339069552876,0.0809361909533323,-192.4276454103498,0.03201592307816632,0.11597076801209541,-262.2284065618061
1.736,post_correction,0.024582801298061993,0.08032141408783823,-226.73824725650954,0.02886205870894315,0.11471909239912079,-297.47369914251516
1.74,post_correction,0.021559561643969934,0.07984130261066773,-270.32897017643586,0.025771725291568074,0.11355049115770925,-340.60104580914657
1.744,post_correction,0.01864349239098355,0.07949854904495685,-326.4144688009436,0.02277245348037445,0.11246790666141332,-393.87698500883704
1.748,post_correction,0.01589503423295307,0.07929518599972935,-398.86766418745503,0.019907327495742297,0.11147420025898881,-459.96567235270777
1.752,post_correction,0.013419163862206072,0.07923253645564517,-490.4431697029711,0.017245505519479128,0.11057212562721486,-541.1648849743577
1.756,post_correction,0.011396814025771146,0.07931118133696131,-595.9066029999105,0.014898862133192444,0.10976430120465022,-636.7294241894602
1.76,post_correction,0.010106139001482427,0.0795309462886527,-686.9567821794915,0.013041524428673998,0.10905318223361285,-736.199654649582
1.764,post_correction,0.06789798607694686,0.0798909084393419,-17.663148872786607,0.07389888560795542,0.1084410330159315,-46.742446958168365
1.768,post_correction,0.0645893013878986,0.08038942270899282,-24.462443441220618,0.070513300762649,0.10792990004872356,-53.063179402167755
1.772,post_correction,0.06128316019720705,0.08102416604780754,-32.212773928554974,0.06712945032651964,0.10752158674323396,-60.170515653332146
1.776,post_correction,0.05798040916593793,0.08179219699362672,-41.06867849024707,0.06374825232359092,0.10721763043714867,-68.18912915902999
1.78,post_correction,0.05468209610205959,0.08269002720498381,-51.21956380503363,0.06037082754362967,0.10701928238488019,-77.26986151968504
1.784,post_correction,0.05138953372953998,0.09697921613367097,-88.7139444464835,0.056998558890097514,0.1425690474964897,-150.1274598387408
1.788,post_correction,0.04810438902888451,0.09563062013134999,-98.79811813830153,0.05363317257263581,0.14074632995671646,-162.42402454582123
1.792,post_correction,0.044828810760558314,0.0943814006670823,-110.5373733226976,0.050276850951020025,0.1389798454435789,-176.42909771531595
1.796,post_correction,0.041565615274391204,0.09323578344504206,-124.30988409423384,0.046932392088318,0.1372720824598063,-192.48899608928062
1.8,post_correction,0.03831856346554981,0.09219786250831626,-140.60886987897254,0.04360343960860536,0.13562558000267422,-211.0433058035812
1.804,post_correction,0.035092784062184544,0.09127154458877548,-160.0863597115634,0.04029482063395461,0.13404291935402718,-232.655456073864
1.808,post_correction,0.03189543861098085,0.09046049101938708,-183.6157612463234,0.03701305362774101,0.1325267144593367,-258.05398763426774
1.812,post_correction,0.028736797874891418,0.08976805882880239,-212.3801726957081,0.033767129581855224,0.1310796008427935,-288.1869808478751
1.816,post_correction,0.025632040264421344,0.08919724292215574,-247.99119384174162,0.03056974308685929,0.12970422303167436,-324.28954232012836
1.82,post_correction,0.022604353464435865,0.08875062145195207,-292.6262327811596,0.027439278898068468,0.12840322049565275,-367.95406312478366
1.824,post_correction,0.01969043128111354,0.08843030656559389,-349.10294397875145,0.0244030831570215,0.12717921214526887,-421.16042602869055
1.828,post_correction,0.016950326948357162,0.08823790265597693,-420.5675555687675,0.02150290484263875,0.1260347794779689,-486.1290853506024
1.832,post_correction,0.014484513761155915,0.08817447402583006,-508.7499758693551,0.018803808965869185,0.12497244850907291,-564.6124130271188
1.836,post_correction,0.012458659743874214,0.08824052350882082,-608.2665818223963,0.016407641767186676,0.12399467067730524,-655.7129320392634
1.84,post_correction,0.011117860850288305,0.08843598309279115,-695.4406363207707,0.014468312334278985,0.12310380296820966,-750.8511575088583
1.844,post_correction,0.06934737176871211,0.08876021700148375,-27.993627930871707,0.07650276324031341,0.12230208755143264,-59.86623537669175
1.848,post_correction,0.06600577029879073,0.08921203706178114,-35.15793643183279,0.07305739302738169,0.12159163127667182,-66.43302784031677
1.852,post_correction,0.0626674203876919,0.08978972957036646,-43.279760064930784,0.06961456254291423,0.12097438541493687,-73.77741236305496
1.856,post_correction,0.05933327880204312,0.0904910923310831,-52.513217132317095,0.06617530235986306,0.1204521260634829,-82.01975928793046
1.86,post_correction,0.05600452588237175,0.0913134801066422,-63.046608587368574,0.06274086433699304,0.12002643565135729,-91.30504005598746
1.864,post_correction,0.05268263512845203,0.10660847082652976,-102.35979192497584,0.059312784705599496,0.1615621703075246,-172.39012821509309
1.868,post_correction,0.04936947009282518,0.10533710242716689,-113.3648634046721,0.05589296969092806,0.15965973652320722,-185.65262752378223
1.872,post_correction,0.046067421709458295,0.10415973248909051,-126.10280459369628,0.052483813439636096,0.15780772152132855,-200.678840158652
1.8760000000000001,post_correction,0.04277960674482731,0.10307979298262719,-140.95544776154605,0.04908836304718991,0.15600822215048765,-217.81100950649528
1.8800000000000001,post_correction,0.03951016073414289,0.10210058670704382,-158.41602466277268,0.04571055349521006,0.15426337974880128,-237.47869573481822
1.8840000000000001,post_correction,0.0362646805352291,0.10122524806183271,-179.12902186880726,0.04235554833612954,0.1525753751813526,-260.22523890029515
1.8880000000000001,post_correction,0.03305090992963442,0.10045670291495086,-203.9453471290919,0.039030243500582935,0.1509464230038621,-286.7422015996586
1.8920000000000001,post_correction,0.02987983056801891,0.0997976285753391,-233.99663478063647,0.035744027732074524,0.149378764708419,-317.91251346410394
1.8960000000000001,post_correction,0.026767446372175412,0.09925041500141786,-270.7877607054367,0.03250995426857227,0.1478746610178807,-354.8596402082077
1.9000000000000001,post_correction,0.02373777944405517,0.09881712845494699,-316.2863198212691,0.029346581255984487,0.1464363832092618,-398.98958223421624
1.9040000000000001,post_correction,0.020827999681650812,0.09849947882781085,-372.918572754673,0.02628090548429195,0.14506620346321775,-451.9832775545864
1.9080000000000001,post_correction,0.018097216449580712,0.09829879181879767,-443.17078039410376,0.023353055728851553,0.14376638425658733,-515.6212956704036
1.9120000000000001,post_correction,0.01564083050961606,0.0982159870145024,-527.946111647452,0.020623634708676376,0.14253916683774823,-591.1447417063779
1.9160000000000001,post_correction,0.013609793660288385,0.09825156273586547,-621.91809213501,0.018184259800760157,0.14138675884994534,-677.5227608881553
1.92,post_correction,0.012219794229970864,0.09840558825929709,-705.2966065332157,0.01616902598813584,0.14031132119524356,-767.7784382200769
1.924,post_correction,0.07083817440894591,0.09867770372496058,-39.30017896183801,0.07932727796645515,0.13931495426061585,-75.62048999024961
1.928,post_correction,0.06746558266251759,0.09906712772561205,-46.840987383410805,0.07582799234573641,0.138399683656939,-82.51793219832071
1.932,post_correction,0.06409708611163899,0.09957267225103542,-55.34664411672006,0.0723323815543233,0.13756744565019696,-90.18791127025263
1.936,post_correction,0.06073376226282108,0.10019276436906303,-64.97045570054742,0.06884161383500165,0.13682007249067044,-98.74617236399826
1.94,post_correction,0.05737693585785676,0.10092547377513485,-75.89903027440054,0.0653571003795421,0.13615927786890014,-108.33127093796278
1.944,post_correction,0.05402825429310618,0.11772693822135177,-117.89883786116208,0.06188056240496157,0.18442202726891094,-198.02900959756633
1.948,post_correction,0.05068979194476821,0.11651814696683041,-129.86511188246544,0.05841412131474213,0.18243793090250215,-212.31819771713282
1.952,post_correction,0.04736419690810214,0.11539724195332915,-143.6381264464958,0.054960421529289094,0.18049864845197416,-228.4156915641271
1.956,post_correction,0.04405490117581667,0.11436699588683351,-159.6010723765139,0.05152280024866598,0.17860592064089126,-246.65414103829826
1.96,post_correction,0.04076642767094031,0.11343006713028617,-178.24382368225744,0.04810552570788228,0.17676152538654244,-267.4453667961462
1.964,post_correction,0.03750484839762377,0.1125889727324205,-200.19844778136445,0.044714137028741385,0.17496727493017933,-291.3019160309719
1.968,post_correction,0.034278483741257006,0.11184606120665577,-226.28648936428814,0.04135593725750534,0.17322501245203362,-318.86370842821725
1.972,post_correction,0.031098995281746804,0.11120348565323777,-257.579029951837,0.0380407210138169,0.1715366081408119,-350.92890873048253
1.976,post_correction,0.02798313382900963,0.11066317787151067,-295.4638481440848,0.03478186629749061,0.1699039546912999,-388.48429592048046
1.98,post_correction,0.02495559346189031,0.11022682413939913,-341.6918568084808,0.031597996173088734,0.1683289622088921,-432.72037026276337
1.984,post_correction,0.022053727992839823,0.10989584333895842,-398.3095981533747,0.028515529666344547,0.16681355250642058,-484.99194810083526
1.988,post_correction,0.019335274288605354,0.10967136807687354,-467.2087524587378,0.025572583429639917,0.16535965278662607,-546.628656981781
1.992,post_correction,0.01689023475368173,0.10955422938580002,-548.6246697188114,0.0228247615252285,0.16396918871305005,-618.3829216871021
1.996,post_correction,0.014855590222550676,0.10954494549768763,-637.3988098527328,0.020352989404306573,0.16264407688298296,-699.1164032570489
2.0,post_correction,0.013420799771153541,0.1096437150575378,-716.9685631791058,0.018271560388371598,0.1613862167283099,-783.2645559435605
2.004,post_correction,0.07234298836494113,0.10985041500170728,-51.84666473488259,0.08247632035467094,0.16019748188348173,-94.23451627641529
2.008,post_correction,0.0689428143291924,0.11016460316712746,-59.79127663850032,0.07893258185888154,0.15907971107417831,-101.53871484729419
2.012,post_correction,0.06554775393476901,0.11058552553616875,-68.70986250149754,0.07539404097972777,0.15803469859519506,-109.61165702431049
2.016,post_correction,0.06215901910598434,0.11111212786620649,-78.75463523121972,0.07186203389849304,0.15706418446127285,-118.56351113458608
2.02,post_correction,0.058778094366819814,0.1117430713125266,-90.1100614374553,0.06833816462154542,0.15616984432952444,-128.5250784746533
2.024,post_correction,0.055406818190848105,0.13053111748379345,-135.5867413901672,0.06482437597616472,0.21174330585128057,-226.64148734595838
2.028,post_correction,0.052047494727567936,0.12937291853674446,-148.56704287866455,0.06132304389775639,0.20967889404873036,-241.92512426214026
2.032,post_correction,0.04870304966127735,0.1282960615247469,-163.42510872938635,0.05783710414770376,0.20765403804590432,-259.03256414014044
2.036,post_correction,0.04537725132427149,0.12730277461285372,-180.5431596178716,0.0543702247696323,0.20567016513266112,-278.2772022813767
2.04,post_correction,0.04207503009844073,0.12639519089318452,-200.40427920660866,0.05092704390347477,0.20372873234902655,-300.04036506647907
2.044,post_correction,0.03880294873115959,0.12557533022121986,-223.62316351587017,0.047513502220592495,0.2018312248882036,-324.78709304810906
2.048,post_correction,0.035569908874766534,0.12484508104455497,-250.98510227874291,0.04413731406118717,0.19997915420832932,-353.0841045993419
2.052,post_correction,0.03238823413806436,0.12420618255927177,-283.49167796492526,0.040808644100470505,0.19817405583458167,-385.61783956036123
2.056,post_correction,0.02927536201566746,0.12366020755219509,-322.40368363682455,0.03754109081030896,0.196417486834494,-423.20665861034826
2.06,post_correction,0.026256526251595146,0.12320854629933689,-369.2492263398768,0.034353128106613194,0.19471102295108175,-466.7927018081321
2.064,post_correction,0.023369028273339046,0.1228523918899277,-425.70603472668114,0.03127022247217082,0.1930562553806777,-517.3804984997777
2.068,post_correction,0.020668908311468906,0.12259272733034382,-493.12628167361277,0.02832790615759946,0.1914547871852508,-575.8522360251807
2.072,post_correction,0.018240595742756348,0.1224303147524652,-571.1969086924388,0.025576067628660906,0.18990822933248508,-642.5231747497852
2.076,post_correction,0.016207860426143618,0.12236568700696658,-654.9774232358774,0.02308436860743075,0.18841819636103505,-716.2155074078314
2.08,post_correction,0.014736547242315564,0.12239914186510864,-730.582224265146,0.02094741088779602,0.18698630167317137,-792.6463641485628
2.084,post_correction,0.0738354425029991,0.1225307389850299,-65.95111349140065,0.08611197740269567,0.18561415246245375,-115.54975052360513
2.088,post_correction,0.0704130523926246,0.12276029972339812,-74.34310195627397,0.08253547753983609,0.18430334429010023,-123.30196635882486
2.092,post_correction,0.06699702199759823,0.12308740979419108,-83.72071791281057,0.07896606680261768,0.18305545533028394,-131.81533884402072
2.096,post_correction,0.06358871619769796,0.12351142469726976,-94.2348141032939,0.07540527632166943,0.18187204031160029,-141.1927244132851
2.1,post_correction,0.060189800310351295,0.12403147776421108,-106.06726907994154,0.07185493103083476,0.1807546241892806,-151.55493380365814
2.104,post_correction,0.0568023275894303,0.14525107849374397,-155.7132509491954,0.06831722358318534,0.24394804503133413,-257.0813218635778
2.108,post_correction,0.05342885845294578,0.14413484300814544,-169.76964730602177,0.06479481106044174,0.24180613022877093,-273.187491824322
2.112,post_correction,0.050072625304176575,0.14309320036812484,-185.771316161027,0.06129094278463204,0.23969894146664703,-291.083789180591
2.116,post_correction,0.04673776391102498,0.14212792799199642,-204.0965508374906,0.057809631003639624,0.23762764093801284,-311.0519939541771
2.12,post_correction,0.04342964354502165,0.14124072747665709,-225.21733071614753,0.05435588126918919,0.2355934140152745,-333.4276411572359
2.124,post_correction,0.04015534608285704,0.1404332126069022,-249.72482198791306,0.05093600669897544,0.23359746839452147,-358.609701728385
2.128,post_correction,0.03692437334263652,0.1397068974279761,-278.35956248079844,0.047558061050104086,0.2316410330796015,-387.0699687179415
2.132,post_correction,0.033749708835380636,0.13906318456412764,-312.0426201080121,0.044232440949883475,0.22972535719550394,-419.3594390501507
2.136,post_correction,0.030649434403262496,0.1385033539758158,-351.8953014058646,0.04097272904840154,0.2278517086209306,-456.1057657442511
2.14,post_correction,0.027649213065115228,0.13802855235313502,-399.213312248964,0.03779687742947975,0.22602137243044412,-497.9895372366351
2.144,post_correction,0.024786088118589986,0.13763978334230997,-455.31063507790003,0.03472885979666783,0.2242356491372873,-545.6752408519968
2.148,post_correction,0.022114121908110487,0.1373378987952667,-521.0416102703006,0.031800933004596736,0.22249585272890426,-599.6519652324135
2.152,post_correction,0.019712022200955494,0.1371235912191176,-595.6343180887391,0.02905658798111446,0.22080330848836452,-659.9079032675043
2.156,post_correction,0.01769095152095211,0.13699738758299695,-674.3924198805553,0.02655400077768817,0.21915935059632663,-725.3345792641308
2.16,post_correction,0.016195143318860804,0.13695964461449237,-745.6834368053394,0.02436904922003645,0.21756531950987995,-792.7936315668638
2.164,post_correction,0.07530029817231432,0.1370105456876908,-81.95219542711654,0.09039735258328255,0.21602255911658869,-138.9700062483228
2.168,post_correction,0.07186345387733918,0.13715009937065242,-90.84818773774549,0.0867990405802832,0.21453241366432602,-147.15989051272766
2.172,post_correction,0.06843450645941411,0.13737813966323853,-100.74396203136534,0.0832099600991189,0.21309622447003154,-156.09461201062157
2.176,post_correction,0.06501499872730047,0.13769432791811345,-111.78855743066279,0.07963184945287974,0.2117153264133372,-165.86764952459725
2.18,post_correction,0.061606805136565905,0.13809815639995673,-124.16055514294214,0.07606676340476216,0.2103910442240627,-176.5873488063923
2.184,post_correction,0.058212225728865585,0.16213557558325023,-178.52495511583297,0.07251714775217878,0.2811292090857585,-287.6727336912006
2.188,post_correction,0.05483411299786351,0.16105624234137197,-193.7154146136132,0.06898593520173132,0.27891160945030224,-304.3021358407307
2.192,post_correction,0.05147604547744197,0.1600447195962834,-210.9110618577311,0.06547666960823234,0.2767243726251344,-322.6304946187153
2.196,post_correction,0.04814256854431078,0.15910241038582093,-230.4817652996264,0.06199366827416441,0.27456844705407324,-342.8975646993589
2.2,post_correction,0.04483953325351295,0.1582306590339099,-252.88203857811862,0.05854223565163747,0.2724447992130377,-365.3816106959988
2.204,post_correction,0.04157458005254098,0.15743074340202529,-278.67067617536486,0.05512894682254136,0.2703544131682142,-390.403732976213
2.208,post_correction,0.038357839091094525,0.15670386721146562,-308.531530776058,0.051762025973095024,0.2682982900457787,-418.33034932835767
2.212,post_correction,0.035202956940137885,0.15605115253283358,-343.28989976096693,0.048451854073979055,0.2662774474073266,-449.5712238395646
2.216,post_correction,0.03212861561511733,0.155473632543235,-383.91015164089646,0.04521165102994982,0.26429291852519954,-484.568164409927
2.22,post_correction,0.0291607841664329,0.1549722446537103,-431.4405942213979,0.04205838917045716,0.2623457515520122,-523.7655714505829
2.224,post_correction,0.026336013871011376,0.1545478241090565,-486.83073629138175,0.03901400194331673,0.2604370085788622,-567.5475357725413
2.228,post_correction,0.02370605704613709,0.15420109815929325,-550.4713030057454,0.0361069403241812,0.25856776457697433,-616.1165201356282
2.232,post_correction,0.021343646200413048,0.15393268089649464,-621.2107971201083,0.03337406820426265,0.2567391062178854,-669.277226397871
2.236,post_correction,0.01934766895108398,0.15374306884255978,-694.6335511076962,0.030862713838128154,0.2549521305677375,-726.0846142854965
2.24,post_correction,0.017842189844939182,0.15363263736284974,-761.0637970900563,0.028632306764272634,0.25320794365180893,-784.3434995875414
2.244,post_correction,0.07674504427492643,0.15360163796771936,-100.14535064631262,0.09538738157447797,0.2515076588860921,-163.6697377941088
2.248,post_correction,0.07330410828036582,0.15365019654914608,-109.60652841104215,0.0917746020236495,0.24985239537352416,-172.24568656711736
2.2520000000000002,post_correction,0.06987296105370962,0.15377831258335045,-120.08271907232451,0.08817331997085706,0.2482432760633975,-181.54012590820736
2.2560000000000002,post_correction,0.06645335488123155,0.15398585931300596,-131.72021877332824,0.08458547486452243,0.24668142577352203,-191.63568114812023
2.2600000000000002,post_correction,0.063047408810909,0.15427258490490925,-144.69298233588256,0.08101333766928971,0.24516796907588348,-202.62667374192262
2.2640000000000002,post_correction,0.059657709175366364,0.1814218033498195,-204.10454215820192,0.07745958323446359,0.3229042632012075,-316.86806166230417
2.2680000000000002,post_correction,0.05628744393839583,0.18037757719194106,-220.45792910645667,0.07392738153541464,0.3206104843707566,-333.6829977092714
2.2720000000000002,post_correction,0.052940584324986134,0.17939448356757615,-238.86003687894342,0.07042051340140836,0.31834322793515585,-352.06036218530215
2.2760000000000002,post_correction,0.04962213330150044,0.17847361520898583,-259.6653415212789,0.0669435181442755,0.31610327943016786,-372.19400502511326
2.2800000000000002,post_correction,0.04633846958771736,0.17761602038429666,-283.3014382317369,0.06350188286600143,0.3138914386157153,-394.3025693869166
2.2840000000000003,post_correction,0.043097829468945935,0.17682269800507236,-310.2821422421787,0.060102286267219696,0.31170851924147724,-418.6300531989675
2.2880000000000003,post_correction,0.039910988690937295,0.17609459279291065,-341.2183174828164,0.05675291356340003,0.3095553487612476,-445.4439769254066
2.2920000000000003,post_correction,0.036792235276104486,0.17543259055426513,-376.81960402173127,0.05346386351563534,0.30743276799272984,-475.02909026172813
2.2960000000000003,post_correction,0.033760761839403755,0.1748375136143281,-417.8719439034315,0.050247673001161994,0.30534163071942677,-507.67317665111705
2.3000000000000003,post_correction,0.030842646638412415,0.17431011646158115,-465.15939927311484,0.04711998732467651,0.3032828032312914,-543.639399012452
2.3040000000000003,post_correction,0.028073607433923828,0.17385108165444055,-519.2687636016485,0.044100401732182826,0.30125716380084266,-583.116597509352
2.308,post_correction,0.025502611367968792,0.1734610160402261,-580.1696247392636,0.04121348321058965,0.2992656020915191,-626.1351838726019
2.312,post_correction,0.023195979811507852,0.1731404473344361,-646.4243750054425,0.03848993620052758,0.2973090184951473,-672.4331288734951
2.316,post_correction,0.0212404014405429,0.17288982110501178,-713.9668244452575,0.03596777562441101,0.2953883233955515,-721.2582464929359
2.32,post_correction,0.019740871701513646,0.17270949820195075,-774.8828360436997,0.03369318228695956,0.2935044363555099,-771.1092762202707
2.324,post_correction,0.07820691884514287,0.17259975266735514,-120.69626986471496,0.1009428828670856,0.29165828522450643,-188.93397626511353
2.328,post_correction,0.07477461837279993,0.17256077015486937,-130.77452471177065,0.09731970716502641,0.28985080516500344,-197.8336182963429
2.332,post_correction,0.0713544004271876,0.17259264688061648,-141.88087328508314,0.09371042929059842,0.28808293759529807,-207.41822417859763
2.336,post_correction,0.06794826215772753,0.17269538912033544,-154.15718318072592,0.09011717340123677,0.2863556290474167,-217.7592219547875
2.34,post_correction,0.06455860588309904,0.1728689132596428,-167.77051780310916,0.0865424013788687,0.2846698299389456,-228.93682796333198
2.344,post_correction,0.061188345763644375,0.2032909446401649,-232.2380137966601,0.08298898060936029,0.36833715970975806,-343.838636172154
2.348,post_correction,0.057841048592152895,0.20228259113263752,-249.72151448872685,0.07946026775998624,0.3659660966127948,-360.5648922782564
2.352,post_correction,0.05452112142106063,0.20132892123120863,-269.2677552913255,0.07596021275053728,0.36361834752613265,-378.6957992341335
2.356,post_correction,0.05123406402187883,0.20043077361839104,-291.20608026097585,0.07249348824132335,0.36129457927182995,-398.3821140860508
2.36,post_correction,0.04798681171805006,0.199588953914443,-315.9245983816182,0.0690656513413768,0.3589954698636815,-419.78872694509664
2.364,post_correction,0.04478820477795802,0.19880423165973857,-343.87631217935683,0.06568334586422807,0.35672170835251293,-443.093083427694
2.368,post_correction,0.041649635120050765,0.1980773373408237,-375.58000633111493,0.062354555236944,0.3544739946398026,-468.48131350279107
2.372,post_correction,0.038585939714790095,0.19740895948450493,-411.6085313553671,0.059088917837368526,0.35225303925777096,-496.1406168027704
2.376,post_correction,0.035616630324101325,0.1967997418449276,-452.55014316094827,0.05589811748679922,0.350059563114063,-526.2457106837852
2.38,post_correction,0.03276756109567651,0.196250280708861,-498.91634942203586,0.05279636080671364,0.3478942971991457,-558.9361309821702
2.384,post_correction,0.030073109916095627,0.19576112234430432,-550.9507094227382,0.049800947764006,0.3457579822545483,-594.2799239343942
2.388,post_correction,0.027578815100323457,0.19533276061702937,-608.27104031289,0.04693292772677867,0.34365136840009625,-632.218050407322
2.392,post_correction,0.02534402057286534,0.19496563479877496,-669.2766593139353,0.0442178038312491,0.3415752147183246,-672.4834458579113
2.396,post_correction,0.023443227726967466,0.19466012758950255,-730.3469550209547,0.041686193715878186,0.3395302887943085,-714.4909825743628
2.4,post_correction,0.021963483956001627,0.1944165633744121,-785.1808928122574,0.03937426468672631,0.3375173662092203,-757.202969743338
2.404,post_correction,0.07974979577493056,0.19423520673433556,-143.55574186359686,0.1067553385401765,0.3355372299860087,-214.30487184463567
2.408,post_correction,0.07634048687976679,0.19411626122567976,-154.27694944021658,0.10312678498646562,0.3335906699857098,-223.47626276673932
2.412,post_correction,0.07294596988303517,0.1940598684433433,-166.03233702219268,0.0995148041087068,0.33167848225302793,-233.29561890179968
2.416,post_correction,0.06956851957922323,0.19406610737701036,-178.95678756827903,0.0959216845102111,0.329801468309983,-243.8236828241635
2.42,post_correction,0.06621085512197945,0.1941349940680051,-193.2071994997687,0.09235005122302975,0.3279604343965993,-255.12750675639506
2.424,post_correction,0.06287625131248675,0.22781806353629042,-262.3276814071889,0.08880292756619722,0.41597767841779765,-368.42788837981874
2.428,post_correction,0.059568683277804714,0.22684807216300354,-280.8176707634683,0.08528381012579793,0.41353201518992055,-384.8892358115097
2.432,post_correction,0.056293015972361256,0.2259266677097024,-301.34049278977676,0.08179675984337788,0.41110718216904996,-402.59592550637257
2.436,post_correction,0.053055254131566816,0.22505448549401866,-324.1888747454246,0.07834651283954486,0.40870375794738384,-421.6617091617299
2.44,post_correction,0.04986287395281453,0.22423213661550095,-349.69757825770904,0.074938615311282,0.40632232953858216,-442.20688206045673
2.444,post_correction,0.046725265124089956,0.22346020613102757,-378.2427783717788,0.07157958756828131,0.4039634922445536,-464.35571364420633
2.448,post_correction,0.0436543207380459,0.22273925126029773,-410.2341474899518,0.06827712288933938,0.40162784950236513,-488.2319472560469
2.452,post_correction,0.0406652218655787,0.2220697996331549,-446.09267931014807,0.06504032713361543,0.39931601271028133,-513.9514210774917
2.456,post_correction,0.03777746900303337,0.22145234759070204,-486.20218197497655,0.06188000446887118,0.3970286010319334,-541.6104918538897
2.46,post_correction,0.035016203613011346,0.22088735855223884,-530.8146965142771,0.05880899236690892,0.3947662411776147,-571.2685004270618
2.464,post_correction,0.032413815519686556,0.22037526145998804,-579.8806555992859,0.05584254381940622,0.39252956716170334,-602.9220739498131
2.468,post_correction,0.030011698484884893,0.21991644931336324,-632.7690881078327,0.05299874446129196,0.3903192200352178,-636.468805068185
2.472,post_correction,0.027861720515285033,0.21951127780416868,-687.8597363854254,0.050298934028797704,0.3881358475925316,-671.658197309533
2.476,post_correction,0.02602644513785429,0.21916006406360303,-742.0668397192846,0.04776807188329521,0.3859801040512879,-708.0294825261045
2.48,post_correction,0.02457645880669462,0.2188630855312764,-790.5395494637256,0.04543494267037474,0.3838526497045925,-744.8401761820172
2.484,post_correction,0.08145128659860375,0.21862057895563722,-168.4065385400368,0.11247124364257759,0.3817541505445926,-239.42378352085203
2.488,post_correction,0.07807990294362487,0.2184327395342551,-179.75539325653054,0.10884777325806569,0.3796852778566049,-248.82227398112616
2.492,post_correction,0.07472640495791746,0.2182997202013337,-192.13197172307466,0.10524390494345769,0.3776467077830043,-258.8300034913139
2.496,post_correction,0.07139336594672237,0.21822163106863499,-205.6609366638966,0.10166206642293506,0.3756391208561559,-269.49782162937754
2.5,post_correction,0.06808383900880681,0.21819853902471736,-220.4850698805231,0.0981050149175941,0.3736632014997495,-280.880836533808
2.504,post_correction,0.06480146998044269,0.2549312864415578,-293.4035547627191,0.0945758925378308,0.4640157067079441,-390.62789074111635
2.508,post_correction,0.0615506416360633,0.2540031613402112,-312.67345812913106,0.09107829215420644,0.46150598604832693,-406.71348257929793
2.512,post_correction,0.05833665871496245,0.25311799405060637,-333.8918265568842,0.08761633577005086,0.4590153049099266,-423.89237791752976
2.516,post_correction,0.05516598628015114,0.2522762615129362,-357.3039993009349,0.08419476773092403,0.45654416892716726,-442.2476731407175
2.52,post_correction,0.05204655751334154,0.25147842310366797,-383.1797435194525,0.08081906539526826,0.4540930895922299,-461.86382182392305
2.524,post_correction,0.04898817111365127,0.2507249195457914,-411.8070624929356,0.077495570092216,0.451662584135516,-482.8237454064268
2.528,post_correction,0.04600300226852966,0.2500161718388202,-443.4779460249588,0.07423164119175593,0.4492531753940409,-505.2044225097025
2.532,post_correction,0.043106252803075486,0.24935258021414095,-478.4603485560927,0.07103583571564104,0.4468653916672285,-529.0703659150945
2.536,post_correction,0.04031696130136285,0.24873452312136798,-516.9475949889109,0.06791811481133943,0.44449976655957774,-554.4642291593248
2.54,post_correction,0.03765897397504274,0.24816235625136865,-558.9726964304184,0.06489007611104591,0.4421568388096676,-581.393620271007
2.544,post_correction,0.0351620256901317,0.2476364116015887,-604.2723129318696,0.06196520679171983,0.43983715210496743,-609.8130949249751
2.548,post_correction,0.032862772235830194,0.2471569965892067,-652.0880917031462,0.05915914507218689,0.4375412548819276,-639.6003683759004
2.552,post_correction,0.030805419811733816,0.24672439321750006,-700.9122898676501,0.056489926766758215,0.4352697001108268,-670.5262248046733
2.556,post_correction,0.02904131081748334,0.24633885730059465,-748.2360140310701,0.05397817728981724,0.43302304506486766,-702.2187239481976
2.56,post_correction,0.02762654221822742,0.24600061775151108,-790.4502626796522,0.051647187916710406,0.4308018510730219,-734.1245059997474
2.564,post_correction,0.0833865558655403,0.24570987593810273,-194.66365817327514,0.11781445377372916,0.42860668325614576,-263.79804814043837
2.568,post_correction,0.08006755098759955,0.2454668051111116,-206.57463864372255,0.11421290014249089,0.4264381102459065,-273.37123014465664
2.572,post_correction,0.07676982940470373,0.24527154990815184,-219.48950754490528,0.1106342298388084,0.4242967038860884,-283.5130451979277
2.576,post_correction,0.07349626258394569,0.24512422593696756,-233.51930740286625,0.10708097790006382,0.42218303891587444,-294.2652067577194
2.58,post_correction,0.0702502277990267,0.24502491944081,-248.78878989799483,0.10355599753268513,0.4200976926347348,-305.67200610678333
2.584,post_correction,0.06703571851673194,0.28439510059180895,-324.2441296736823,0.10006250887486941,0.5105036936349968,-410.1847828674714
2.588,post_correction,0.06385748238635235,0.283512830720904,-343.97746376154737,0.09660415589634377,0.5079492094217654,-425.80471793241975
2.592,post_correction,0.06072119410537505,0.28266844470107566,-365.51858682247786,0.09318507271762137,0.5054125031828299,-442.37496247320735
2.596,post_correction,0.05763367210754166,0.28186229922976946,-389.0583732090296,0.08980996073307766,0.5028940135073015,-459.9534944703321
2.6,post_correction,0.0546031497228334,0.28109473829988635,-414.7958308755602,0.08648417796016092,0.5003941827172645,-478.5962178512836
2.604,post_correction,0.05163961276295837,0.2803660925505622,-442.928340376076,0.08321384195433543,0.4979134567700018,-498.3541260397972
2.608,post_correction,0.04875521546087036,0.2796766786306146,-473.6343814439209,0.08000594733737196,0.4954522851530239,-519.2693188967352
2.612,post_correction,0.0459647834990018,0.27902679857732005,-507.04473585387296,0.07686849835176937,0.493011120771612,-541.3695224218776
2.616,post_correction,0.043286403113984406,0.2784167392131998,-543.1967527541058,0.07381065568213514,0.4905904198285735,-564.6606987767407
2.62,post_correction,0.04074207323024423,0.2778467715634854,-581.9652254643495,0.0708428948053506,0.48819064169591425,-589.1172968542251
2.624,post_correction,0.03835835462199219,0.27731715029691323,-622.9641443950715,0.06797716999341256,0.4858122487781309,-614.6697175319439
2.628,post_correction,0.03616687586994229,0.27682811319244865,-665.4189269428052,0.06522707338136231,0.48345570636682805,-641.1887139872329
2.632,post_correction,0.034204444497769396,0.27637988063447816,-708.0232984122925,0.06260797182577695,0.48112148248637376,-668.4668077496906
2.636,post_correction,0.03251237844872134,0.2759726551389196,-748.8233353157624,0.060137095407924536,0.47881004773030605,-696.1974958757504
2.64,post_correction,0.031134583980982917,0.2756066209125945,-785.210546191771,0.05783354070922279,0.4765218750882174,-723.9541782234783
2.644,post_correction,0.08561585667536424,0.27528194344807977,-221.53149444253762,0.1226334242034984,0.47425743976284623,-286.72771541946145
2.648,post_correction,0.08236236317177402,0.2749987691561085,-233.88887662508438,0.11907431165597432,0.4720172189771228,-296.4055827094426
2.652,post_correction,0.0791337290054876,0.2747572250374277,-247.20621470823704,0.11554138968457263,0.4698016917709225,-306.60900224021765
2.656,post_correction,0.0759330967593237,0.2745574183958341,-261.5780603102054,0.11203726479112372,0.46761133878730266,-317.3712555899077
2.66,post_correction,0.07276412632085821,0.27439943659391314,-277.1081307070612,0.10856484660841746,0.4654466420480071,-328.726845372726
2.664,post_correction,0.06963109799173901,0.31582518141529353,-353.56915304245643,0.10512739006112196,0.5536008105461122,-426.59997572872686
2.668,post_correction,0.06653903831862333,0.31499278007966547,-373.39545030891054,0.10172854363802851,0.5510272186073975,-441.66431455862363
2.672,post_correction,0.06349387350524736,0.31419378688699245,-394.8411075613875,0.09837240450627784,0.5484704673543325,-457.5450453885477
2.676,post_correction,0.06050261587167321,0.3134284689182217,-418.0411861579792,0.09506358117514373,0.5459309321666677,-474.27978771476387
2.68,post_correction,0.05757358908129728,0.3126970840129562,-443.1259176345765,0.09180726431921485,0.543408990618855,-491.9019531280401
2.684,post_correction,0.0547166972960445,0.31199988038012655,-470.2096358119941,0.08860930615511008,0.5409050224069021,-510.43816488084326
2.688,post_correction,0.051943741229221234,0.3113370962167665,-499.3736470441642,0.08547630837080046,0.5384194092708124,-529.9048467735906
2.692,post_correction,0.049268778883805334,0.3107089593361758,-530.6406742268703,0.08241571794781494,0.5359525349124411,-550.3037870176688
2.696,post_correction,0.04670851847692896,0.3101156868067572,-563.9381785571611,0.0794359291829112,0.5335047849085884,-571.6164717858675
2.7,post_correction,0.04428271269041969,0.30955748460280225,-599.048151740201,0.07654638866890974,0.531076546619161,-593.7969979436331
2.704,post_correction,0.04201449349492113,0.3090345472684913,-635.5427176715781,0.07375769777721923,0.5286682090902272,-616.7634362545293
2.708,post_correction,0.03993054299046041,0.3085470575963451,-672.7093960882486,0.07108170414642768,0.5262801629517978,-640.3876556865678
2.712,post_correction,0.03806094060448858,0.30809518632134,-709.4786451100105,0.06853156973235934,0.5239128003101675,-664.4838756156282
2.716,post_correction,0.03643847536647551,0.307679091831855,-744.3797078154621,0.0661217981851325,0.5215665146346526,-688.7966282682356
2.72,post_correction,0.035097199368393596,0.3072989198985796,-775.5653597116193,0.06386819907319101,0.5192417006385699,-712.9894191059541
2.724,post_correction,0.08817861654627993,0.3069548034224513,-248.10571479237058,0.12688167022356137,0.5169387541543028,-307.41799287751616
2.728,post_correction,0.08500188662450793,0.3066468622026356,-260.75300723292713,0.12338541554087562,0.5146580720023105,-317.11418626443134
2.732,post_correction,0.08185361525436836,0.3063752027254908,-274.29648253580365,0.11991845735784273,0.512400051853942,-327.2903964440723
2.736,post_correction,0.07873716321904539,0.30613991797538614,-288.8124812468927,0.11648343750555012,0.510165092087924,-337.9722156324722
2.74,post_correction,0.0756564027458357,0.30594108726816,-304.3822811612593,0.1130832827970031,0.5079535916404057,-349.1853959990162
2.744,post_correction,0.07261580915007429,0.3487315645874289,-380.2419317076109,0.10972124079004414,0.5918032475711736,-439.3698096283947
2.748,post_correction,0.06962056972889039,0.34795260434757785,-399.7841955366652,0.10640091995672199,0.589238733498084,-453.79101396656506
2.7520000000000002,post_correction,0.06667671259193397,0.3472031714083875,-420.72628945175296,0.103126334596177,0.5866902874181054,-468.90443136127385
2.7560000000000002,post_correction,0.06379125799101144,0.34648346673123187,-443.1519578749386,0.09990195473961863,0.5841582269354676,-484.7315284851028
2.7600000000000002,post_correction,0.0609723940978472,0.34579368446929193,-467.1315512301675,0.09673276113815335,0.5816428708501225,-501.2883990972019
2.7640000000000002,post_correction,0.05822967771175612,0.3451340117309569,-492.7115266538338,0.0936243051672584,0.5791445391053102,-518.5835377583601
2.7680000000000002,post_correction,0.055574257497445344,0.344504628348475,-519.8996511367,0.09058277308669455,0.5766635527322583,-536.6150351572344
2.7720000000000002,post_correction,0.05301911225678701,0.3439057066524883,-548.644784897289,0.08761505351285236,0.5742002337919103,-555.3670981981197
2.7760000000000002,post_correction,0.05057928838419952,0.34333741125308365,-578.810284251328,0.08472880613411915,0.5717549053135808,-574.805808556463
2.7800000000000002,post_correction,0.04827210789826338,0.34279989882798234,-610.1407287837017,0.08193252856611141,0.5693278912304371,-594.8740642991947
2.7840000000000003,post_correction,0.04611730048924938,0.3422933179184875,-642.2232313842418,0.07923561674476623,0.5669195163117076,-615.4857116060177
2.7880000000000003,post_correction,0.04413699044896435,0.3418178087337904,-674.4474764971452,0.07664841235779352,0.5645301060915167,-636.5189815756385
2.7920000000000003,post_correction,0.04235544589269838,0.3413735029642252,-705.973106336898,0.07418222854218649,0.5621599867942548,-657.8095156234914
2.7960000000000003,post_correction,0.04079848260227292,0.34096052360404405,-735.7186391658812,0.071849342556982,0.5598094852563885,-679.1435040792711
2.8000000000000003,post_correction,0.03949242444007627,0.34057898478426046,-762.3906726745457,0.06966294167751269,0.557478928844621,-700.251777229465
2.8040000000000003,post_correction,0.09109298733174825,0.3402289916160874,-273.49635968905017,0.13057502551817457,0.5551686453703184,-325.17215154060625
2.8080000000000003,post_correction,0.08800208674775738,0.33991064004546784,-286.2529317284968,0.1271590537378642,0.5528789630001206,-334.7932347309452
2.8120000000000003,post_correction,0.08494310535431664,0.3396240167191678,-299.82528929513495,0.12377512553565864,0.5506102101626558,-344.84722417351077
2.816,post_correction,0.08191955023232818,0.33936919886286615,-314.2713160660638,0.12042588465144556,0.5483627154512912,-355.3528645759538
2.82,post_correction,0.07893541691455025,0.33914625417164423,-329.65029821629923,0.11711423935539257,0.5461368075228485,-366.3282710359007
2.824,post_correction,0.075995266777932,0.38257779651692514,-403.423190334823,0.1138433922078686,0.6241164981572734,-448.2237361810938
2.828,post_correction,0.07310431636607558,0.3818549873327295,-422.3426007030294,0.11061687283913722,0.6215882417364346,-461.9289587406517
2.832,post_correction,0.07026853965537974,0.3811583802662676,-442.431053976068,0.10743857382112673,0.6190753557772977,-476.213303806498
2.836,post_correction,0.06749478377456643,0.3804881276188913,-463.729678562609,0.10431278958913623,0.6165781073068325,-491.0858196155907
2.84,post_correction,0.0647908977328513,0.3798443765873807,-486.2619440057334,0.10124425819986221,0.6140967639432874,-506.5497193243529
2.844,post_correction,0.06216587207375361,0.37922726911766375,-510.0248520084274,0.09823820546483929,0.6116315938585143,-522.600536079036
2.848,post_correction,0.0596299847407872,0.37863694176200857,-534.9774252130893,0.09530039065281437,0.6091828657383269,-539.2238914923448
2.852,post_correction,0.05719494444580105,0.3780735255400132,-561.0261260036408,0.09243715248534717,0.6067508487408309,-556.3928381902623
2.856,post_correction,0.054874017092621574,0.3775371458037088,-588.0071221439207,0.08965545353089577,0.6043358124526697,-574.0647541807506
2.86,post_correction,0.052682113090579186,0.3770279221070924,-615.6659062988762,0.08696292031122459,0.6019380268431233,-592.177797949857
2.864,post_correction,0.05063580388808841,0.3765459680803991,-643.6358054324836,0.08436787545877099,0.5995577622160053,-610.646983766941
2.868,post_correction,0.04875322586978607,0.3760913913094137,-671.4184745721401,0.08187935711656465,0.5971952891593012,-629.3600123278022
2.872,post_correction,0.04705382154174135,0.37566429322011896,-698.3714837845167,0.07950711950617474,0.5948508784924935,-648.1730971857128
2.876,post_correction,0.04555786642387008,0.37526476896896366,-723.7101480510586,0.0772616073201913,0.5925248012115225,-666.9071635488406
2.88,post_correction,0.04428574198206263,0.3748929073390269,-746.5318419884948,0.07515389552868425,0.590217328431331,-685.3449568772663
2.884,post_correction,0.0943584791868621,0.3745487906423401,-296.94237748428014,0.13375575715746812,0.5879287313259463,-339.5539629997301
2.888,post_correction,0.09136018723678598,0.37423249462861824,-309.62316950893285,0.13043310726187726,0.5856592810660536,-349.0112160635683
2.892,post_correction,0.08839699255451289,0.3739440884006373,-323.02806644698063,0.12714481249542686,0.5834092487540192,-358.8541500857562
2.896,post_correction,0.08547246797107874,0.37368363433647656,-337.1976651743806,0.12389348980372485,0.5811789053563218,-369.0955967719046
2.9,post_correction,0.08259063762286979,0.3734511880188349,-352.1713341457777,0.12068199891692792,0.5789685216333583,-379.74720905302064
2.904,post_correction,0.07975603907984187,0.4168395249674173,-422.6432126978237,0.11751346666935136,0.6501246651610891,-453.234181228225
2.908,post_correction,0.07697379282741544,0.41617443302214546,-440.67029535007964,0.11439131325251863,0.6476564071325219,-466.17621453721887
2.912,post_correction,0.07424967902315119,0.41553271373763967,-459.6424377916514,0.11131928030893996,0.6452028609090865,-479.59668722119
2.916,post_correction,0.07159022084209016,0.4149144834811601,-479.5686597983209,0.10830146065739836,0.6427642507423045,-493.4954587322046
2.92,post_correction,0.06900277278141789,0.4143198547152444,-500.43942875701174,0.10534232928071441,0.6403408011224435,-507.86656749925703
2.924,post_correction,0.06649561089563842,0.41374893590556466,-522.2199184769099,0.10244677499307037,0.6379327367505753,-522.6967484273916
2.928,post_correction,0.0640780199439295,0.41320183143114025,-544.8417597683359,0.0996201319244157,0.6355402825092306,-537.9637029505552
2.932,post_correction,0.06176036972882661,0.4126786414970729,-568.1932820496951,0.09686820960296406,0.6331636634316218,-553.6341138406336
2.936,post_correction,0.059554169428534275,0.4121794620499722,-592.1084888012628,0.09419731997442019,0.63080310466939,-569.6614137649439
2.94,post_correction,0.05747208456429542,0.41170438469623366,-616.3554059634812,0.09161429916510627,0.6284588314588518,-585.9833423232877
2.944,post_correction,0.055527896779352263,0.41125349662333016,-640.6250199922077,0.0891265211829804,0.6261310690857059,-602.5193632322228
2.948,post_correction,0.0537363826843267,0.410826880524272,-664.522768377742,0.08674190008048331,0.6238200428481695,-619.1680632651108
2.952,post_correction,0.05211308612701667,0.4104246145253891,-687.5653603109396,0.08446887642707218,0.6215259780185185,-635.8047180314098
2.956,post_correction,0.05067396052527866,0.4100467721175793,-709.1863510708381,0.08231638334347025,0.6192490998029947,-652.2792846949303
2.96,post_correction,0.04943486688757885,0.40969342209116677,-728.7539703967677,0.08029378696390045,0.6169896333000572,-668.4151621562595
2.964,post_correction,0.09795975622129265,0.40936462847450333,-317.89061576443913,0.13647161245318623,0.6147478034569517,-350.4583718228054
2.968,post_correction,0.09505862799034026,0.4090604504764434,-330.3243788854302,0.133250726673016,0.6125238350245698,-359.6776695467052
2.972,post_correction,0.09219538413172339,0.4087809424328122,-343.3854756207424,0.13006605849266892,0.610317952510579,-369.23690898573597
2.976,post_correction,0.08937358451785886,0.4085261537569829,-357.0994393487151,0.12692017520546728,0.6081303801308006,-379.1439809678142
2.98,post_correction,0.08659719363360896,0.40829612889466915,-371.4888690529189,0.12381586488435474,0.6059613417588173,-389.4052489354182
2.984,post_correction,0.08387062804048123,0.45104874432888625,-437.7910656769874,0.12075615593098697,0.6699437301166801,-454.79054045042454
2.988,post_correction,0.08119880766458061,0.45044170399142835,-454.73930830626426,0.11774433773853465,0.6675545319306365,-466.9525556405277
2.992,post_correction,0.07858721024991137,0.449855635069237,-472.42855884395544,0.11478398228299973,0.6651794169804861,-479.5054359940983
2.996,post_correction,0.07604192777018819,0.44929062718434315,-490.84591929622934,0.11187896635182727,0.6628185741023696,-492.44252580775117
3.0,post_correction,0.07356972282961262,0.4487467669098216,-509.9612036722207,0.1090334939816184,0.6604721921676371,-505.7516530461583
3.004,post_correction,0.0711780820582842,0.4482241377106921,-529.7221346083245,0.10625211850334115,0.6581404600611963,-519.4139649464972
3.008,post_correction,0.06887526218276076,0.4477228198864567,-550.0488066360061,0.10353976337858985,0.6558235666588358,-533.4026129274005
3.012,post_correction,0.06667032281664023,0.44724289051536364,-570.8275460813223,0.10090174075069276,0.6535217008035044,-547.6812946351646
3.016,post_correction,0.06457313811782348,0.44678442340048674,-591.9044612409278,0.09834376632938541,0.6512350512805228,-562.2026749507679
3.02,post_correction,0.06259437744686179,0.4463474890177093,-613.0792049120176,0.09587196888216505,0.6489638067917134,-576.9067271262011
3.024,post_correction,0.060745443336012686,0.4459321544656964,-634.0997611936554,0.0934928922322774,0.6467081559284225,-591.7190606551302
3.028,post_correction,0.05903835394583306,0.4455384834179396,-654.6593928189724,0.09121348728715405,0.6444682871434245,-606.549334216923
3.032,post_correction,0.05748555747331501,0.4451665360769543,-674.3971801675613,0.08904109128208142,0.6422443887216864,-621.289889279391
3.036,post_correction,0.056099668580059256,0.4448163691307074,-692.9037379176573,0.08698339118080936,0.6400366487499755,-635.8147803407129
3.04,post_correction,0.054893122713083116,0.44448803571134976,-709.7335581264198,0.08504836810694653,0.6378452550852999,-649.9794167516806
3.044,post_correction,0.10187049567386501,0.4441815853563244,-336.0257427021431,0.1387666801700614,0.6356703953221644,-358.08575555971885
3.048,post_correction,0.09906904349404617,0.44389706397191897,-348.06838576027656,0.13565186917801814,0.6335122567586279,-367.01328967849275
3.052,post_correction,0.09630780676784602,0.4436345137993255,-360.6423183000367,0.132574715720227,0.6313710263611548,-376.23788814568525
3.056,post_correction,0.09359026363765707,0.44339397338326786,-373.7607910796219,0.12953772073640754,0.6292468907282457,-385.76344183844446
3.06,post_correction,0.09092024555906017,0.44317547754325354,-387.4332166815087,0.12654358457173723,0.6271400360528396,-395.59212201493756
3.064,post_correction,0.08830197181982324,0.4848176482500031,-449.0450986069199,0.12359522246126385,0.6840900890860488,-453.4923401270227
3.068,post_correction,0.08574008542538478,0.48426784719188243,-464.8091494069201,0.12069578053120211,0.68179404653258,-464.8863974630195
3.072,post_correction,0.08323968948252913,0.48373697827155454,-481.13741326856376,0.11784865208866857,0.679511489420216,-476.59674283669864
3.076,post_correction,0.08080638278835899,0.4832251109869437,-498.0036406932911,0.11505749388099731,0.6772425775463844,-488.6123143329099
3.08,post_correction,0.0784462927879409,0.48273231240778003,-515.3666352503375,0.11232624189430299,0.6749874706250574,-500.91698897948413
3.084,post_correction,0.07616610339057342,0.48225864713708944,-533.1670200641713,0.10965912612618073,0.6727463282692333,-513.48868264291
3.088,post_correction,0.0739730743341396,0.48180417727384833,-551.3237169209946,0.10706068360804653,0.6705193099726522,-526.2983640450591
3.092,post_correction,0.07187504788577362,0.48136896237684884,-569.7302840644469,0.10453576876906813,0.668306575090735,-539.3089972553827
3.096,post_correction,0.06988043772906886,0.48095305942982997,-588.2513548276804,0.10208956002908666,0.666108282820737,-552.4744377691059
3.1,post_correction,0.06799819403126024,0.4805565228079175,-606.7195381497856,0.09972756128964716,0.6639245921810989,-565.7383210773667
3.104,post_correction,0.06623773809547923,0.48017940424542455,-624.9332752777033,0.0974555967731342,0.6617556619899901,-579.0329995418157
3.108,post_correction,0.0646088599472251,0.4798217528050533,-642.6562753111407,0.0952797974602321,0.659601650843032,-592.2786030462929
3.112,post_correction,0.06312157300957996,0.47948361484854607,-659.6192426569833,0.09320657722444259,0.657462717090194,-605.3823202916417
3.116,post_correction,0.06178592203792344,0.4791650340088246,-675.5246150000302,0.0912425966976763,0.6553390188118493,-618.2380187877084
3.12,post_correction,0.06061174399227429,0.47886605116366115,-690.054896332794,0.08939471297038588,0.6532307137939897,-630.7263394988335
3.124,post_correction,0.10605680561949707,0.47858670441091544,-351.2550624313109,0.1406788913743199,0.6511379595025845,-362.8540594409645
3.128,post_correction,0.10335575556252512,0.478327029045379,-362.7967029431804,0.1376710747432457,0.6490609130570834,-371.4577221595541
3.132,post_correction,0.10069677281642768,0.4780870575372561,-374.77892703554545,0.13470198055351892,0.6469997312030558,-380.31938991869094
3.136,post_correction,0.09808319959775338,0.47786681951231863,-387.2055779910184,0.1317740324762096,0.6449545702839597,-389.43980704271104
3.14,post_correction,0.0955186798157355,0.4776663417337597,-400.07636480657277,0.1288898334981307,0.6429255862120428,-398.81791974024634
3.144,post_correction,0.09300718291321575,0.5178438946599181,-456.77838898003614,0.12605217802392282,0.6933185968832717,-450.02508306654573
3.148,post_correction,0.09055302753517853,0.517349568185547,-471.32222109809,0.12326406407501946,0.691125176555064,-460.6866703132877
3.152,post_correction,0.08816090416796706,0.516872436382385,-486.2830483199476,0.12052870534489744,0.6889446760730499,-471.60215411059846
3.156,post_correction,0.08583589559592604,0.5164125534121413,-501.627733743424,0.11784954279597709,0.6867772314512992,-482.7576545122948
3.16,post_correction,0.08358349366878465,0.5159699714674005,-517.3108455026166,0.11523025539581441,0.6846229785495801,-494.1347402189721
3.164,post_correction,0.08140961046699745,0.5155447407462214,-533.2725802136315,0.11267476948841083,0.6824820530586648,-505.70973977351827
3.168,post_correction,0.07932058150810105,0.51513690942758,-549.436627459632,0.11018726618113672,0.680354590485053,-517.4530089226633
3.172,post_correction,0.07732315818455507,0.5147465236476881,-565.708095392444,0.10777218600105522,0.678240726135112,-529.3281701908423
3.176,post_correction,0.07542448621253958,0.5143736274772122,-581.9716690250331,0.10543422994061893,0.6761405950986245,-541.2913486250435
3.18,post_correction,0.07363206657701851,0.5140182628994203,-598.0902299703372,0.10317835587901787,0.6740543322317357,-553.2904372134989
3.184,post_correction,0.0719536953838706,0.5136804697892874,-613.904222776633,0.10100976924276903,0.6719820721393002,-565.2644364766779
3.188,post_correction,0.07039737930233994,0.5133602858935786,-629.2320978154864,0.09893390667273758,0.6699239491566178,-577.1429246927974
3.192,post_correction,0.06897122404000144,0.513057746811939,-643.8721785108228,0.09695641141470521,0.6678800973305568,-588.8457272555991
3.196,post_correction,0.0676832946646454,0.5127728859790123,-657.6062727437838,0.09508309917145875,0.6658506504000594,-600.2828643599039
3.2,post_correction,0.06654144864767686,0.512505734647609,-670.2052556162705,0.0933199132742045,0.6638357417760277,-611.3548635921474
3.204,post_correction,0.11048002087343042,0.5122563218729481,-363.6642153243309,0.14224038583117604,0.6618355045205837,-365.2936651241307
3.208,post_correction,0.10787860293010625,0.5120246744979906,-374.630427713017,0.13933786683422134,0.6598500713257051,-373.56119791238694
3.212,post_correction,0.10532063599479184,0.5118108171398821,-385.9549245080435,0.13647481522830163,0.6578795744912316,-382.05199867147576
3.216,post_correction,0.10280928811222294,0.5116147721775247,-397.63477753008493,0.13365357147425413,0.6559241459022429,-390.7643983375292
3.22,post_correction,0.10034798021450303,0.5114365597402923,-409.66303322403667,0.13087663694962942,0.653983917005808,-399.6949281769116
3.224,post_correction,0.09794040163151772,0.5499033717198462,-461.4673439759353,0.12814668328849046,0.698476841000913,-445.0604128617716
3.228,post_correction,0.09559052458188014,0.5494620377244553,-474.80805773149797,0.12546656153236427,0.6963915366230036,-455.0415410430838
3.232,post_correction,0.09330261690481874,0.5490364106248169,-488.4469576934891,0.12283931085766678,0.69431861808939,-465.2251003702659
3.236,post_correction,0.0910812521023912,0.5486265327369406,-502.3484746566602,0.12026816658583818,0.6922582018454766,-475.59553911665887
3.24,post_correction,0.08893131554852098,0.5482324447541899,-516.4672605737784,0.11775656711489138,0.6902104041387757,-486.1332586787785
3.244,post_correction,0.08685800549479063,0.5478541857304063,-530.7469099820215,0.11530815933563168,0.6881753410062508,-496.8140892815344
3.248,post_correction,0.08486682727718947,0.5474917930636607,-545.1187238041308,0.11292680201387013,0.6861531282612162,-507.60874834385197
3.2520000000000002,post_correction,0.08296357892580666,0.5471453024806466,-559.5006020291775,0.11061656653417758,0.6841438814797901,-518.4822969246725
3.2560000000000002,post_correction,0.08115432623321599,0.5468147480217328,-573.7961774832958,0.10838173431535957,0.6821477159868973,-529.3936153503913
3.2600000000000002,post_correction,0.07944536528991988,0.5465001620266897,-587.8943284260162,0.1062267901291144,0.6801647468418209,-540.2949256163233
3.2640000000000002,post_correction,0.07784317059901742,0.5462015751211063,-601.6692291924718,0.10415641048984572,0.6781950888232978,-551.1313952101061
3.2680000000000002,post_correction,0.07635432719509,0.5459190162035105,-614.9811101192128,0.10217544624644284,0.6762388564141565,-561.8408641769933
3.2720000000000002,post_correction,0.0749854457698607,0.5456525124332071,-627.6778937980577,0.10028889850961348,0.6742961637854983,-572.3537438402134
3.2760000000000002,post_correction,0.07374306069076579,0.5454020892188484,-639.5978470515862,0.09850188710662801,0.6723671247804152,-582.5931406294579
3.2800000000000002,post_correction,0.07263351199877863,0.5451677702077456,-650.5733306919166,0.09681961088561207,0.6704518528972487,-592.4752607086563
3.2840000000000003,post_correction,0.11509885754164995,0.5449495772759391,-373.4621949472803,0.14347870017257622,0.6685504612723863,-365.95798572767495
3.2880000000000003,post_correction,0.11259509611772905,0.5447475305190306,-383.81106220598133,0.14067785655039852,0.6666630626625953,-373.8933894857575
3.2920000000000003,post_correction,0.11013573652460051,0.5445616482437954,-394.4459132228704,0.137916959587898,0.6647897694268969,-382.0217697760437
3.2960000000000003,post_correction,0.10772374934103333,0.5443919469605786,-405.35926412766696,0.13519826457027367,0.6629306935079774,-390.33964719524755
3.3000000000000003,post_correction,0.10536231396334103,0.5442384413764852,-416.53994763805537,0.13252417118786544,0.6610859464131416,-398.84178900163823
3.3040000000000003,post_correction,0.10305482791557602,0.5808369466721202,-463.6193455661777,0.12989723065268644,0.7003993724187381,-439.19499969282293
3.3080000000000003,post_correction,0.10080491476273909,0.580445631290018,-475.8108447948119,0.1273201524387636,0.6984244585591732,-448.55766756569835
3.3120000000000003,post_correction,0.09861643003717784,0.5800687408834025,-488.2069962020729,0.12479581042687563,0.6964614254736353,-458.08077457995154
3.3160000000000003,post_correction,0.09649346447333748,0.5797063084980575,-500.77261362943244,0.12232724818787934,0.6945103733782391,-467.7478923678215
3.3200000000000003,post_correction,0.09444034372674412,0.5793583658240431,-513.4649059520283,0.11991768308754681,0.6925714022637632,-477.5390121222958
3.3240000000000003,post_correction,0.09246162363697157,0.5790249431844801,-526.2327227324959,0.11757050884066715,0.6906446118845645,-487.43014612663944
3.3280000000000003,post_correction,0.09056207999227663,0.5787060695248049,-539.0158768152835,0.1152892960847878,0.6887301017471497,-497.39292816970044
3.332,post_correction,0.08874669168045762,0.5784017724025072,-551.7446019115929,0.11307779048700316,0.6868279710984073,-507.3942267003788
3.336,post_correction,0.0870206160853666,0.5781120779773575,-564.3392152156608,0.11093990784439828,0.684938318913493,-517.395788604919
3.34,post_correction,0.08538915563419029,0.577837011002136,-576.7100654767066,0.10887972559521245,0.6830612438833752,-527.3539358675699
3.344,post_correction,0.08385771454227857,0.5775765948138688,-588.7578536649385,0.10690147012999496,0.6811968444020327,-537.2193418609488
3.348,post_correction,0.08243174506486527,0.5773308513255838,-600.3744138514647,0.10500949928795818,0.6793452185533074,-546.9369182405105
3.352,post_correction,0.08111668296896467,0.5770998010185889,-611.4440333308353,0.10320827945249463,0.6775064640974153,-556.4458468753588
3.356,post_correction,0.07991787249452852,0.5768834629352846,-621.8453706644658,0.10150235673127513,0.6756806784571074,-565.6797932741154
3.36,post_correction,0.07884048177551703,0.5766818546725151,-631.453996329582,0.09989632183012259,0.6738679587034919,-574.5673377738867
3.364,post_correction,0.11987098377938224,0.5764949923754663,-380.9295579291168,0.14441790132707477,0.6720684015415085,-365.36363938665846
3.368,post_correction,0.11746196582631074,0.5763228907321143,-390.6463864092947,0.14171374889897423,0.6702821032950633,-372.98311455503034
3.372,post_correction,0.11509791739415166,0.5761655629682327,-400.5873051509347,0.1390498056558458,0.6685091598918226,-380.7695751451903
3.376,post_correction,0.11278160092073107,0.5760230208429621,-410.7420147793626,0.13642824273544982,0.6667496668476676,-388.71821074509654
3.38,post_correction,0.11051594921962933,0.5758952746449456,-421.09698076289766,0.13385136110001253,0.6650037192508129,-396.82253044399613
3.384,post_correction,0.10830407036320848,0.61053593834755,-463.7239083444021,0.13132159688372683,0.699844685558821,-432.9242882863121
3.388,post_correction,0.10614925108043577,0.6101913659196219,-474.84283658039425,0.12884152624669576,0.6979799346953048,-441.73522700970415
3.392,post_correction,0.1040549582227906,0.6098601062320561,-486.09423005705634,0.12641386953506253,0.6961265845867594,-450.67263358604777
3.396,post_correction,0.10202483778688134,0.6095421849901298,-497.4448950003688,0.12404149451096175,0.6942847218622173,-459.7197329808553
3.4,post_correction,0.10006271092092714,0.6092376267531961,-508.8558076690885,0.12172741837732988,0.6924544329082396,-468.8565831255648
3.404,post_correction,0.0981725662894707,0.6089464549272945,-520.2816916609481,0.11947480828264093,0.6906358038591219,-478.05977158405517
3.408,post_correction,0.09635854813379964,0.6086686917581179,-531.6706753540379,0.11728697995096253,0.6888289205868394,-487.3021207254527
3.412,post_correction,0.09462493935352599,0.6084043583243506,-542.96406685272,0.11516739404572521,0.6870338686907271,-496.5524134530233
3.416,post_correction,0.09297613895812715,0.6081534745313754,-554.0962889470643,0.11311964984441567,0.6852507334869042,-505.7751543868775
3.42,post_correction,0.09141663330750756,0.6079160591053605,-564.9950201736816,0.11114747578006016,0.6834795999974306,-514.9303843390087
3.424,post_correction,0.0899509606893333,0.6076921295877272,-575.5815890466521,0.109254716398738,0.6817205529392074,-523.9735687484535
3.428,post_correction,0.08858366897803942,0.6074817023300066,-585.7716657464325,0.10744531529609332,0.6799736767126144,-532.8555831762151
3.432,post_correction,0.08731926639245138,0.6072847924890862,-595.4762878557407,0.10572329363604796,0.6782390553898914,-541.5228206233593
3.436,post_correction,0.08616216571629308,0.6071014140228552,-604.6032431703997,0.10409272392786217,0.6765167727032572,-549.9174458842036
3.44,post_correction,0.08511662276023182,0.6069315796862469,-613.0588127256118,0.10255769884894576,0.674806912032777,-557.9778208817656
3.444,post_correction,0.12475409808803908,0.6067753010276856,-386.37704919279184,0.14507940390387689,0.6731095563939717,-363.95941689968896
3.448,post_correction,0.12243620657990746,0.6066325883859403,-395.46829759873697,0.14246603005216457,0.6714247884251753,-371.2876383088165
3.452,post_correction,0.12016352535778003,0.6065034508873877,-404.73173875479955,0.13989295283616057,0.6697526903746432,-378.76085020454343
3.456,post_correction,0.11793860785070624,0.6063878964436863,-414.15554880153275,0.13736226241607608,0.6680933440874096,-386.3732821054787
3.46,post_correction,0.11576414519818093,0.6062859317498662,-423.7251402080868,0.13487616607132308,0.6664468309919019,-394.11756754672444
3.464,post_correction,0.11364296809309044,0.6389289421724496,-462.2247930457713,0.1324369921538027,0.6974663832318125,-426.6401568693328
3.468,post_correction,0.11157804721120486,0.6386276815431745,-472.35961509016477,0.13004719347877375,0.6957096832318416,-434.9670874253776
3.472,post_correction,0.10957249190071709,0.6383387616338342,-482.5720950220141,0.12770934997286687,0.6939639247810168,-443.3932009899481
3.476,post_correction,0.10762954677191862,0.6380622022814869,-492.8318212039171,0.1254261703708096,0.692229183026182,-451.9017131589663
3.48,post_correction,0.10575258579918782,0.6377980223453523,-503.1039501544279,0.12320049272348854,0.6905055328619175,-460.47302863608644
3.484,post_correction,0.10394510352871592,0.6375462397020458,-513.3489871660161,0.12103528345120183,0.6887930489218721,-469.08450931134877
3.488,post_correction,0.10221070298025238,0.6373068712410918,-523.5226377067602,0.11893363464889203,0.6870918055698958,-477.7102563108262
3.492,post_correction,0.10055307984471863,0.637079932860719,-533.5757530694674,0.11689875932683641,0.6854018768909752,-486.32091635349616
3.496,post_correction,0.09897600261736601,0.6368654394639445,-543.4543956336767,0.11493398425329747,0.6837233366819675,-494.8835247676985
3.5,post_correction,0.09748328837380009,0.6366634049549447,-553.100049839985,0.11304274005813571,0.6820562584421395,-503.3613994948911
3.504,post_correction,0.09607877399864423,0.6364738422357197,-562.4500040401234,0.11122854826200503,0.6804007153635097,-511.71410217526886
3.508,post_correction,0.09476628281745138,0.6362967632030523,-571.4379252679489,0.10949500491850404,0.6787567803209951,-519.8974837493148
3.512,post_correction,0.09354958676289211,0.6361321787457642,-579.9946432239034,0.10784576060069885,0.6771245258623664,-527.863832653964
3.516,post_correction,0.09243236442399912,0.6359800987422719,-588.0491510797556,0.1062844965326844,0.6755040241980087,-535.5621433369438
3.52,post_correction,0.09141815557563299,0.635840532058443,-595.5298190548081,0.10481489676452166,0.6738953471904962,-542.9385211383428
3.524,post_correction,0.12970661566405076,0.6357134865457583,-390.1164703828993,0.14548247612319196,0.6722985663439762,-362.1165271992524
3.528,post_correction,0.12747572433854432,0.6355989690397769,-398.60392818932456,0.1429533585521721,0.6707137527933709,-369.183627153879
3.532,post_correction,0.12529001407377333,0.635496985358907,-407.22077897182874,0.14046448409862705,0.6691409772933932,-376.37734306100907
3.536,post_correction,0.12315183550075696,0.6354075403034873,-415.9545838028389,0.1380178665804538,0.6675803102073842,-383.69122545321784
3.54,post_correction,0.12106364975162995,0.6353306376551737,-424.79058657044976,0.13561562599418922,0.6660318214959753,-391.1173152896946
3.544,post_correction,0.11902802829768383,0.6659710395103212,-459.50774707009106,0.13325999137931951,0.6938070647576927,-420.6416851572481
3.548,post_correction,0.11704765152122092,0.6657096094779812,-468.7509324843541,0.13095330308409972,0.6921549199394006,-428.55094422085006
3.552,post_correction,0.11512530578854445,0.6654596645544173,-478.0307465820725,0.12869801427117128,0.6905132743098955,-436.5376289761236
3.556,post_correction,0.11326387877635065,0.6652212198545852,-487.31982962381335,0.12649669147953863,0.6888821932331776,-444.5851469914588
3.56,post_correction,0.11146635279422507,0.6649942896526876,-496.5874660672849,0.12435201403777536,0.6872617418170778,-452.67439545313914
3.564,post_correction,0.10973579584418547,0.6647788873792319,-505.79948617965596,0.12226677210271535,0.6856519849056165,-460.78358258252354
3.568,post_correction,0.10807535016686179,0.6645750256183055,-514.9182256566756,0.12024386307971463,0.6840529870712064,-468.8880659279213
3.572,post_correction,0.10648821804575193,0.6643827161050737,-523.9025577643024,0.11828628616657036,0.6824648126067094,-476.9602163734051
3.576,post_correction,0.10497764467884788,0.6642019697234979,-532.7080129826242,0.11639713475546085,0.6808875255173413,-484.96931814328616
3.58,post_correction,0.10354689798333971,0.6640327965042804,-541.2870008052976,0.1145795864282735,0.6793211895124324,-492.8815164101553
3.584,post_correction,0.10219924527603291,0.6638752056230347,-549.5891469941436,0.11283689029315054,0.6777658679970384,-500.6598252009612
3.588,post_correction,0.10093792687049627,0.6637292053986813,-557.5617569897669,0.11117235143689351,0.6762216240634116,-508.2642089721973
3.592,post_correction,0.09976612675127111,0.6635948032920749,-565.1504121699504,0.10958931231185406,0.6746885204823253,-515.651751297052
3.596,post_correction,0.09868694062325489,0.6634720059048596,-572.2997001576083,0.10809113093958829,0.6731666196942605,-522.7769233633892
3.6,post_correction,0.09770334178587946,0.6633608189785545,-578.954073477174,0.10668115589863342,0.6716559838004537,-529.5919632129311
3.604,post_correction,0.13468805806975662,0.6632612473938722,-392.4425052222232,0.14564452384832005,0.6701566745538067,-360.13173502612034
3.608,post_correction,0.13253968879576092,0.6631732951702686,-400.35827094191814,0.14319275619382207,0.6686687533496661,-366.971075299768
3.612,post_correction,0.13043625538647607,0.6630969654657259,-408.3686000498887,0.14078106432391294,0.6671922812164673,-373.92189029156157
3.616,post_correction,0.12837991661419773,0.6630322605767673,-416.4610462937796,0.13841139131259936,0.6657273188062535,-380.97726097032114
3.62,post_correction,0.12637291942854847,0.6629791819387076,-424.621243963235,0.13608577710190428,0.6642739263850665,-388.128840891023
3.624,post_correction,0.12441759753340187,0.6916354967236443,-455.8984504084833,0.1338063605240633,0.6893050913730597,-415.1512145411782
3.628,post_correction,0.12251636886971283,0.691410438166106,-464.3412750025022,0.13157538071072106,0.6877530148195654,-422.7064600570263
3.632,post_correction,0.12067173184147782,0.6911961064057398,-472.7904090360944,0.12939517774417938,0.6862110086157062,-430.321933613615
3.636,post_correction,0.11888626011718856,0.6909925127467353,-481.2215070653331,0.12726819238879952,0.6846791297398143,-437.9813423044035
3.64,post_correction,0.1171625958389437,0.6907996677661619,-489.6076839367422,0.1251969647243492,0.6831574349153123,-445.66613209788693
3.644,post_correction,0.11550344107723168,0.6906175813123008,-497.9194860961048,0.12318413148836009,0.6816459806040197,-453.3553489139385
3.648,post_correction,0.11391154738277277,0.6904462625031508,-506.12490863904225,0.1212324219226155,0.6801448229993474,-461.0255179373503
3.652,post_correction,0.1123897033091787,0.6902857197251088,-514.1894670067468,0.11934465191117699,0.6786540180193789,-468.6505487690151
3.656,post_correction,0.1109407198129138,0.6901359606318229,-522.0763321128995,0.11752371619559675,0.6771736212998436,-476.2016750498358
3.66,post_correction,0.10956741348119797,0.6899969921432232,-529.7465370592402,0.11577257845907885,0.6757036881869802,-483.64743808985435
3.664,post_correction,0.10827258759470075,0.6898688204447283,-537.159262349146,0.1140942590874231,0.6742442737302928,-490.95372468623754
3.668,post_correction,0.10705901110008259,0.6897514509866287,-544.2722045525195,0.11249182044271612,0.6727954326752035,-498.08386958926417
3.672,post_correction,0.10592939564671346,0.6896448884836481,-551.0420306594517,0.11096834952787117,0.671357219455599,-504.99883283113877
3.676,post_correction,0.10488637093023806,0.6895491369146834,-557.4249168877393,0.10952693797784738,0.6699296881862785,-511.65746121906255
3.68,post_correction,0.10393245867986346,0.6894641995227219,-563.3771665562484,0.10817065938760492,0.6685128926553007,-518.016841572387
3.684,post_correction,0.13965922848566015,0.6893900788149382,-393.6230038573663,0.1455812476977969,0.6671068863162338,-358.2368243615
3.688,post_correction,0.13758867559293766,0.6893267765629704,-401.0054596370816,0.14319969352022963,0.6657117222803111,-364.8834825797074
3.692,post_correction,0.13556264652367164,0.6892742938033739,-408.4544389468041,0.14085795519951785,0.6643274533084929,-371.6293462925173
3.696,post_correction,0.13358312199148994,0.6892326308382548,-415.95786994869246,0.138557911274438,0.6629541318034404,-378.4671807662752
3.7,post_correction,0.13165215278160192,0.6892017872360826,-423.5021020730297,0.13630152933250597,0.6615918098014005,-385.38839809159816
3.704,post_correction,0.12977185758384258,0.7159076395993534,-451.6663265275541,0.13409086738941842,0.6843073409932711,-410.3310570778455
3.708,post_correction,0.12794441990078684,0.715715562717285,-459.39568390108695,0.13192807465466,0.6828501556873544,-417.59275459359907
3.712,post_correction,0.12617208391864126,0.7155335363542491,-467.1092321940581,0.12981539155279143,0.6814026229026588,-424.9012576644704
3.716,post_correction,0.12445714922906917,0.715361568743878,-474.7854367347125,0.12775514885657335,0.679964792405099,-432.2406169073262
3.72,post_correction,0.12280196429421278,0.7151996674882402,-482.4008366631192,0.12574976577571903,0.678536713711656,-439.5928251046288
3.724,post_correction,0.12120891855575164,0.7150478395570664,-489.93005471637036,0.12380174683455675,0.6771184360845734,-446.9377075829512
3.728,post_correction,0.11968043310269248,0.7149060912871155,-497.34584238485013,0.12191367736425417,0.6757100085254686,-454.25283129355495
3.732,post_correction,0.11821894983246371,0.7147744283816744,-504.6191658736868,0.12008821743174927,0.6743114797693633,-461.5134391953152
3.736,post_correction,0.1168269190664055,0.7146528559102002,-511.71933799262905,0.11832809402955358,0.672922898278634,-468.69241729742146
3.74,post_correction,0.1155067856142836,0.7145413783080978,-518.6142004628146,0.11663609135968166,0.6715443122368833,-475.76030232870124
3.744,post_correction,0.1142609733230801,0.7144399993766376,-525.2703601224484,0.1150150390627261,0.6701757695427332,-482.6853383732169
3.748,post_correction,0.11309186819266229,0.714348722283013,-531.6534811026863,0.11346779827109935,0.668817317803545,-489.43359084627207
3.7520000000000002,post_correction,0.11200180019411295,0.7142675495605348,-537.7286332207349,0.11199724540507215,0.6674690043290635,-495.96912577176215
3.7560000000000002,post_correction,0.11099302398404984,0.7141964831089683,-543.4606946213136,0.11060625368245615,0.66613087612499,-502.2542613525374
3.7600000000000002,post_correction,0.11006769876804155,0.7141355241950056,-548.8148041506586,0.10929767237800782,0.6648029798864865,-508.24989720481364
3.7640000000000002,post_correction,0.14458223861098116,0.7140846734528815,-393.89515635750166,0.14530674600062451,0.6634853619916097,-356.6101576514266
3.7680000000000002,post_correction,0.1425846656640257,0.7140439308851243,-400.7859208139789,0.14298813988298475,0.662178068494681,-363.09999489228863
3.7720000000000002,post_correction,0.14063108108459393,0.7140132958634485,-407.7208326614139,0.1407090134896758,0.6608811451195926,-369.67932524669664
3.7760000000000002,post_correction,0.13872330279303446,0.713992767129785,-414.68841409796346,0.13847118740653908,0.6595946372530509,-376.3407100110579
3.7800000000000002,post_correction,0.13686320422443574,0.7139823427974488,-421.67589297896427,0.13627656480986333,0.6583185899377619,-383.0754215563515
3.7840000000000003,post_correction,0.1350527117665787,0.738780465348358,-447.03119669692023,0.13412713236463242,0.6790837596616133,-406.298574859175
3.7880000000000003,post_correction,0.13329380142582417,0.7386180795140962,-454.1278526182068,0.1320249605163267,0.6777158276475805,-413.3240146387104
3.7920000000000003,post_correction,0.13158849464433708,0.7384651378073313,-461.1927849796336,0.1299722030578987,0.6763571396656962,-420.3859931222367
3.7960000000000003,post_correction,0.12993885319500434,0.738321646004584,-468.20698955727727,0.12797109584284003,0.675007739276021,-427.46890602936696
3.8000000000000003,post_correction,0.12834697308610873,0.7381876093321713,-475.14999503487854,0.12602395450575868,0.6736676697999712,-434.55525375470415
3.8040000000000003,post_correction,0.12681497741675446,0.7380630324660551,-481.9998926787209,0.124133171044345,0.6723369743153388,-441.6255531530368
3.8080000000000003,post_correction,0.12534500813661378,0.7379479195318026,-488.73339313801125,0.12230120911193586,0.6710156956512522,-448.65826799562285
3.8120000000000003,post_correction,0.1239392166801463,0.7378422741046552,-495.32591367656227,0.12053059786914332,0.6697038763830772,-455.62976391285787
3.8160000000000003,post_correction,0.12259975346626928,0.7377460992097071,-501.7516988014844,0.11882392424737477,0.6684015588272607,-462.5142942053844
3.8200000000000003,post_correction,0.12132875627960601,0.7376593973221943,-507.98397671054545,0.11718382348779055,0.6671087850361188,-469.2840233239405
3.8240000000000003,post_correction,0.1201283375787674,0.7375821703678929,-513.9951532120928,0.11561296783759596,0.6658255967925681,-475.9090950142096
3.8280000000000003,post_correction,0.11900057081022271,0.7375144197236274,-519.7570437706433,0.11411405331273564,0.664552035604806,-482.35775201461456
3.8320000000000003,post_correction,0.117947475842466,0.7374561462178892,-525.2411431024235,0.11268978447303682,0.6632881427009377,-488.5965136969821
3.8360000000000003,post_correction,0.11697100367333829,0.7374073501315639,-530.4189303110549,0.11134285720326789,0.6620339590235536,-494.5904170708878
3.84,post_correction,0.11607302060211361,0.7373680311987681,-535.2622059577394,0.11007593955154486,0.6607895252242594,-500.30332506481477
3.844,post_correction,0.14942043685387144,0.7373381886077963,-393.4654215533383,0.14483360963126118,0.6595548816581575,-355.3880023686145
3.848,post_correction,0.147490951340377,0.7373178210021754,-399.90715654183174,0.14257062038624524,0.6583300683782864,-361.7571745109696
3.852,post_correction,0.14560483301546986,0.7373069264818274,-406.37531132190634,0.1403467111006359,0.6571151251300151,-368.2084246768201
3.856,post_correction,0.14376375274963726,0.737305502604343,-412.8591098260708,0.1381636512112715,0.6559100913453978,-374.7341906464383
3.86,post_correction,0.1419694253020284,0.737313546386358,-419.3467148421454,0.13602328753253154,0.6547150061374887,-381.3256744591664
3.864,post_correction,0.1402236065909933,0.7602515721806484,-442.1708873871456,0.13392754480549046,0.6738414572492322,-403.13881153267255
3.868,post_correction,0.1385280903241594,0.7601157042558947,-448.7087149452533,0.13187842565251906,0.6725568537893093,-409.9824709474476
3.872,post_correction,0.13688470393632188,0.7599887343211172,-455.20354902083176,0.12987800982878514,0.6712810943056284,-416.85508208091665
3.876,post_correction,0.13529530378734186,0.7598706662133728,-461.63861194158153,0.1279284526533325,0.6700142170325499,-423.74135943642733
3.88,post_correction,0.13376176957819894,0.7597615032895071,-467.9960019109498,0.12603198249494713,0.6687562599799006,-430.624248497172
3.884,post_correction,0.13228599795158957,0.7596612484264309,-474.2567317702294,0.12419089718253506,0.6675072609287503,-437.48485281304636
3.888,post_correction,0.1308698952542153,0.7595699040214848,-480.40078854347456,0.1224075592070481,0.6662672574271465,-444.30237947983164
3.892,post_correction,0.1295153694513145,0.7594874719928926,-486.40721576939006,0.12068438958301708,0.6650362867858054,-451.05410822692716
3.896,post_correction,0.12822432120013214,0.7594139537802991,-492.2542203167588,0.11902386024349547,0.6638143860737625,-457.715389767859
3.9,post_correction,0.1269986341078266,0.7593493503453982,-497.9193049436123,0.11742848485372603,0.6626015921139833,-464.2596793608879
3.904,post_correction,0.12584016422060243,0.759293662172647,-503.3794272880774,0.11590080794716233,0.6613979414789348,-470.65861161248984
3.908,post_correction,0.12475072881425298,0.7592468892700677,-508.61118527054447,0.11444339231353683,0.6602034704861212,-476.88212236612424
3.912,post_correction,0.12373209458126125,0.7592090311701339,-513.5910280509494,0.11305880460320632,0.659018215193582,-482.89862298339955
3.916,post_correction,0.12278596533539012,0.7591800869307469,-518.2954907403667,0.1117495991554261,0.6578422113953573,-488.67523138083243
3.92,post_correction,0.12191396938037151,0.7591600551362965,-522.70145004279,0.11051830011044411,0.6566754946169192,-494.1780627829822
3.924,post_correction,0.15413827245879658,0.7591489338988066,-392.5116402233833,0.14417303201526638,0.655518100110572,-354.6745608021614
3.928,post_correction,0.1522719832305465,0.7591467208591688,-398.5465512127646,0.1419582993169892,0.6543700628508232,-360.95935637382627
3.932,post_correction,0.15044838663644494,0.7591534131884595,-404.593920985631,0.1397821927679479,0.6532314175297258,-367.3209116229517
3.936,post_correction,0.1486690220579346,0.7591690075893426,-410.64370847445485,0.13764643758767206,0.6521021985521931,-373.75159864696485
3.94,post_correction,0.14693546352664774,0.7591935002975546,-416.6850003912566,0.13555283230803494,0.6509824400312916,-380.2425954125227
3.944,post_correction,0.14524931697043642,0.7749227341333114,-433.51213643988194,0.13350324908298755,0.6639375932665929,-397.31942692561705
3.948,post_correction,0.14361221692886061,0.7748473870202051,-439.541414783696,0.1314996334176583,0.6627546239609516,-403.99731674989914
3.952,post_correction,0.1420258227035709,0.7747805725907287,-445.5209185500101,0.12954400321597515,0.6615803756975258,-410.6993448353933
3.956,post_correction,0.14049181391310683,0.7747222913579587,-451.43589493201273,0.12763844703854485,0.6604148821368747,-417.410621532742
3.96,post_correction,0.13901188542720813,0.7746725434042907,-457.2707261854516,0.12578512145643736,0.6592581767088791,-424.11459246966444
3.964,post_correction,0.1375877416629396,0.77463132838231,-463.0089708718312,0.12398624738240716,0.6581102926088771,-430.79297623960406
3.968,post_correction,0.13622109023385695,0.7745986455157351,-468.6334209966653,0.12224410525965915,0.656971262793772,-437.4257199545917
3.972,post_correction,0.13491363495414327,0.7745744936004353,-474.12617624876145,0.12056102899035627,0.6558411199781112,-443.9909774082737
3.976,post_correction,0.1336670682121107,0.7745588710055181,-479.46873629067926,0.11893939849254652,0.6547198966301416,-450.4651149477357
3.98,post_correction,0.13248306274158864,0.7745517756744927,-484.6421117130078,0.11738163078596847,0.6536076249678376,-456.82275036680477
3.984,post_correction,0.13136326283531805,0.7745532051265023,-489.62695384440275,0.11589016952515371,0.652504336954909,-463.03683015433353
3.988,post_correction,0.13030927506124967,0.7745631564576299,-494.40370310828564,0.11446747292314807,0.6514100642967837,-469.0787502001828
3.992,post_correction,0.12932265856018393,0.7745816263422745,-498.9527550439285,0.11311600004159962,0.6503248384365735,-474.9185245212079
3.996,post_correction,0.1284049150209767,0.7746086110345982,-503.2546424784871,0.11183819546317272,0.6492486905510171,-480.5250056675035
4.0,post_correction,0.1275574784469386,0.7746441063700437,-507.29023166782054,0.11063647241008931,0.6481816515464087,-485.86615916660304
